kpx_group_1,kpx_group_2,kpx_group_3
2634.97988270153,3489.6863585472242,2029.312235524089
2124.1502615496765,2773.3858079027846,781.1269058026586
1672.2600546539009,2002.8715504699476,598.6285302087726
1127.8299852400926,1501.9309996853044,377.2779340919581
1183.3847860921555,1187.635634976198,235.27012391455253
762.6800778796295,803.7064478240251,48.54556475007826
589.9464642642806,715.6009940992739,21.188889546794783
390.15242404285505,225.93266058271269,42.39415186715107
315.2140686769271,219.9557864445782,68.10436631572615
32.24778978702516,91.72059413460948,0.0
82.14895702664643,83.00824083638841,0.0
16.298753837964128,173.667842836058,0.0
249.82171583851937,284.78702481372414,0.0
170.23376947400257,506.3080164813524,331.9869630357137
1703.3034165131808,1878.5055486680367,1180.9102772970507
2985.220080091453,3048.1888560121183,1881.3795291552265
3968.8000643897967,4810.217155156488,2487.829199915128
5058.315076763758,5876.6256131778855,4084.6294741430006
9603.229139210127,11479.095370371462,6473.970859288592
13973.915492528598,14765.538168907713,9894.133577180675
16524.235331228938,17534.27858574519,11646.668967785428
16000.524833186486,17390.461726214635,12013.53325570201
15973.486087185649,17627.79663784711,12372.567312233075
17225.006072383414,19687.37436443516,15386.523813433929
15623.01648354319,17830.532120519787,14363.623070809668
19593.685923350473,19913.199291577217,15303.486552472154
17894.64432715705,18966.291092898973,14702.488800764797
17642.93818876654,18211.658524722778,15000.065388099096
19361.59175561314,19529.323022358538,15009.976201511368
19375.774409811085,19452.14154672062,13894.491335141372
18646.325121883034,19656.883453457045,14370.333927593188
18028.414786106412,18811.05407429526,14255.068144319042
16945.754032764416,17121.74863441339,14336.080875450636
15869.762208757924,16309.873266699347,14753.549076728224
15699.182932274123,16447.499927297,15217.927303024591
15735.683132238108,16893.21192944728,15163.66187425816
17273.54129624722,18102.89377824762,15028.621984160218
17692.2952446718,18245.925322586223,14417.8063181777
16626.0605986557,18414.536018328865,12757.528090843998
15234.522329163321,17762.145337323218,12632.73155599036
16015.716372699917,16528.04098344398,11974.467857087282
14437.265299693941,16895.680836723346,11100.234182658714
15061.265977004781,17626.525532816682,11377.235257661365
13327.6992811431,14773.435595121478,9313.46059107529
13147.258434696849,12016.285662549511,7116.870169249637
11381.963872636004,10693.556830875055,6024.587996640354
9628.428221508988,9520.06455302168,5287.149829630936
10099.81394265507,9064.738488328756,5079.836101927247
9490.930001729059,9054.657822302399,4549.899532566501
7471.14875641179,6608.6212871861635,4299.40852509996
8613.393996916564,8223.100941162182,4481.417232806149
8922.350975892568,8558.539254912923,4857.310049190754
10277.66084690305,8981.199567376885,5200.754610778213
9867.694949077377,8859.87246962042,5042.854737884873
6444.120640978245,6642.474228474748,3547.552064928819
5912.116662409185,6579.114682894405,3360.1968373406253
7135.296008299873,6552.033939987952,4007.1952673873448
8482.552275499893,8082.331330746269,5427.125241629552
9319.026391721589,9333.229905136744,6764.5919036742525
10542.172741451117,11475.985272560638,8353.35903594473
10372.12155451932,10930.711395796854,9232.473161802916
10199.166551281862,9944.80785219166,9152.688464083283
11199.945118120384,10032.07791591091,9002.25577819734
11751.028896036974,10428.065562632371,9637.362780543126
10396.557770330159,11148.545106642176,9363.921491273586
10759.777662359624,9656.573390427702,8634.363864074272
11396.120520696388,11700.790326567287,9206.790456186864
13272.292206221238,14301.759015914702,11795.865917912792
10888.343356077368,12555.200929008766,10284.079522737758
9618.52630283727,10677.029728853553,7211.601939063078
9072.77918708246,9895.745204364792,7435.420387482283
9054.969639015102,10351.560919381047,7238.088127700411
9596.581761740663,10928.48567425586,7302.530390845494
6310.561414943847,6659.399228091845,5364.909562806915
8366.708119787123,8439.797249583271,6146.441642311062
9197.160682378457,9752.304397405578,5890.99323538248
11804.129089770879,11201.28321346253,5959.018413443333
12371.112610795713,12356.150504787764,7068.391488205903
13537.689729141668,13458.56546716709,8128.908349966984
14664.876892619748,14003.337598349626,8392.696774312422
15029.127257407014,13891.764094085012,8986.224625578228
14372.093006059606,14199.793018250604,9339.268750545556
14640.565541460432,15208.627672671893,10761.560174584103
13061.516620902548,13741.850858205427,9502.094322755209
10932.639500326499,12246.685494525762,9000.523085052355
12234.170350399165,12782.783237464897,10381.454587950906
12492.513900849717,13836.686327564008,11426.486199439489
15560.07425790983,16070.30691349018,12420.48596528954
17066.796977334616,16689.369646334842,14525.041642866952
17929.54401843704,17541.64233005185,15664.328865875405
17571.465582744568,17518.44128311657,17094.026089625797
17260.89503058341,18728.104010639097,17607.08884206624
18421.093748522315,20076.43216566003,17889.630869036282
18829.883716584278,20348.398293872677,17595.67195895485
19921.594998738397,20306.717289760534,17291.745281680876
19743.644994293783,20324.445159573363,17194.31183645528
19408.743323174524,20389.328129703918,17011.62951914749
20857.759052405432,20605.56738943841,16166.899805664263
20694.883025062572,20173.947282999663,15919.4297057833
21287.92696074013,19653.76682426518,13585.306300065837
20942.314384931655,19708.533894449418,11111.834045840822
20343.449494701494,19528.250380866353,14343.95199485084
20136.429077793502,19994.694262200515,12483.553558848138
20159.680584565212,19716.915916226106,9835.493630935638
19947.631253071588,19440.16359668852,9526.258345885322
19644.98560927599,19223.741542284843,10469.069015909754
19592.285551288165,19463.899374888024,14649.825993200988
19597.255937454745,19132.12290566899,15373.762422072765
18821.9008731507,19327.102033954885,15331.936630681384
18603.211085600822,18490.7849155169,15021.288578445565
18121.710618749454,18818.299579173156,14877.689063821475
16391.65699205587,17456.608580583557,14795.30830313732
15880.27739815596,16218.311873774976,13026.165395060663
14743.709070599058,14538.710366788791,13173.084947661768
14033.768484843755,14556.945028751747,12693.066645216812
13195.619304576769,15061.235376140636,12649.768833829768
13450.566252801369,16668.318535187933,12596.344194910613
13708.560405521754,15855.117746409149,12338.446742010656
14114.28408664353,15704.298940232222,11977.273446320334
14355.665888708478,15759.812554873874,13221.18757789652
13373.022736987201,15256.243362438645,10966.846995397147
12740.394896292104,12494.082169242027,8080.875680048481
11145.6623683241,12081.30713276068,7745.343408398981
10952.174165920225,12415.2140237091,7811.6162278829615
11593.53433408207,13179.832642545502,8566.126310911024
10940.24637310129,12453.065691588725,8258.291918251114
10524.270721279223,12838.146995191315,8644.531103928013
11094.296644125567,12401.947193753382,8699.450204731262
10073.31004759269,11849.542066999138,7978.018721232267
8812.81090143855,9646.625439029236,6148.617768630277
7708.383518032485,6658.331566927417,4570.95191051758
8152.665826190122,7295.42256115982,5484.397037566204
9296.667643146315,7798.922154934328,7766.147966342523
9187.554823165656,9068.96285365993,8135.568643550838
9203.263238314672,9373.144080362708,8109.522439644708
9545.094609089763,8402.220421269343,7804.665000495545
9202.83107744477,6840.789197733753,6698.392883541735
9089.420715429982,7343.012288154435,6023.409818993525
9402.953139309499,8659.07129026518,7380.163094664404
9835.965199680728,9816.58972446271,8146.825047321732
10621.009552783855,10097.221979609985,8570.743933598445
10175.16899225469,9994.901107965963,8360.949040841964
8612.866736629703,9055.278411445925,7615.354659579544
9054.74914601495,9171.601193094215,7107.527884753608
11022.403199495273,11156.535896814175,9017.647544241834
8553.130825086408,9496.495847584927,7608.166273014846
9583.114040004573,9792.883299927884,7870.369284450398
9909.990949749355,10282.472336229062,8045.438008960579
10554.46955113858,10477.344476808988,8134.236212999459
10382.763378599013,10289.045270879244,8160.029485629302
10663.658080887157,10980.721610417604,8144.343059238727
11380.633199358703,11747.10187714705,9401.410783342915
13110.748192796882,14015.023559494535,11258.023406728666
13574.593002506756,16098.498145006548,13361.6121932493
14228.208331370053,17252.69284641422,14275.455997739564
14250.853057502414,15869.598213064242,13115.924759846464
14491.623670291792,15449.993673631849,12848.69990425392
14590.327971785928,15835.846641434682,13002.44504582018
14960.421678363784,16432.13646600136,13221.039880621232
15048.578054983165,17483.18017804131,12997.389148444394
15749.106923208206,17668.541885487437,12884.94498254658
15819.276584170899,17302.402166029842,13207.54060171404
15320.283356664253,16630.832902781145,13214.130549590893
14597.619339557155,15296.114311436198,12237.79807872339
13391.113771985327,14062.388804579736,10510.71944520675
11530.917585959953,10298.82608567518,7241.944049134003
9606.602489552562,9615.578845373426,4559.260413220319
8581.981059456273,9590.685984634936,4363.9222594267385
6878.362872121301,7493.5601930306875,3430.80544464497
6692.05148277827,5984.06668317596,3098.3059011362666
7113.353674721854,6477.588337644752,3713.680212297798
7758.592853519415,7120.019290633818,4016.480828693276
8018.863593070771,6229.289568076235,4182.784517066801
7998.481722705736,5868.113085866025,4793.469542949336
9701.669813263597,7751.434277939612,5898.363247584744
10639.893402537617,9025.379507711914,6164.793773001923
10455.545727773846,8393.300108986074,6105.568252958288
10252.727781111405,9549.688007163444,4415.614714139213
8861.339289070498,7664.163119861002,4688.635506634013
8461.755048401554,7080.7767734033605,5121.824013775707
7127.522241512597,6553.213856224714,5410.363404888365
6415.104437307193,6698.1287598246745,6218.359783152812
7018.997823269365,7099.99526326486,6568.157558200057
7052.051794358571,7847.084301399773,7261.4129307543135
9174.94907502333,9587.315704509023,8659.961277790928
14127.724651472821,14274.36977044785,11800.06740963513
18364.702355288606,17384.456790687458,14219.661628827547
18483.213521279064,18873.825657590292,15883.35474826839
19570.385761549944,19243.43095990873,16371.759590874788
19886.015171465016,19785.404985162084,17174.179867647345
19902.05126650395,19674.3001297132,16811.746803520226
19355.23762230217,19588.10948064784,16929.63763983857
19625.946120544606,19802.806343930006,17018.576746065817
19969.578283442515,19150.66299507283,15575.999055503751
19577.13656156287,19393.779942748293,15352.263505821296
20404.37606627666,19603.658195112417,15019.339309199093
19968.967268678927,19109.403027822875,14607.25999265826
18575.563508331925,18771.51084589648,13781.305821814438
18035.328241010662,18360.63368474944,14044.428009270388
18193.337727116585,18507.53029369107,13944.17036341909
17916.521483094348,18205.105991065426,13393.663466704422
17183.16496844507,18036.039420368328,13395.600111294028
13637.78019781305,13134.580023727865,10114.412257291477
9658.815728390144,9762.096645495449,7200.131121397701
8133.621772900954,8740.818081636782,6343.025987343137
8305.931114623538,8515.255539969898,6492.617411652143
7859.626880801395,9228.013176553171,5317.730742806024
6654.316570164898,8493.666596946914,5923.064469679243
6081.694881008204,7696.086730879723,5494.585257690173
5322.035353541279,6316.442548778747,4546.942346024855
5823.822379221836,6658.641879897941,5084.998985258726
6513.729219171273,7961.964021396302,5839.339131084043
6218.295670212901,7399.820348977696,4382.901184715106
5211.660895604437,5481.378541910639,3395.567990782848
5136.284885808159,5112.893701240908,2631.537654732744
4234.334066034249,4014.9907488444683,2657.380400602265
3391.454849782862,3593.6093539954977,1721.4073469495272
1981.7090791104988,1986.76867750405,1430.1192998370088
1111.786900411701,912.921414762569,625.0488900398416
1133.936712044273,993.7657397221446,643.1848024071709
950.4993105758632,933.4487216518744,932.7629117013936
959.0109230074725,959.4099393130055,193.272930730244
1058.2297071131352,1507.544101435323,611.0208636306438
1992.2805519563294,2345.1900700194647,1294.133155341037
1561.5818693184824,2319.7675337531105,961.4244398875308
1690.3281730572305,2124.9768511438588,973.6055326640871
778.457214435972,953.847213880544,282.9982399450638
400.474722814032,1081.4718264286184,461.9760236654121
530.5383957023357,1436.9550193001692,511.2200886189112
344.38286280477246,1301.5352364684509,601.8744798570282
0.0,1069.3456962725768,301.9308120234835
0.0,587.3716825785489,219.57396952161392
54.55736060146349,444.375350699608,192.0883784594953
376.72722924924,427.0157696050274,347.35284671152715
414.8428434648773,300.7343659632335,295.33922486682445
1137.59418283881,841.0764932573043,218.45542027649668
1009.5124345910241,2214.2889444187654,1073.0135773250372
3682.9050501716606,4834.5835214166345,1876.9296257426497
5783.259996630612,6777.494179606584,2904.045838401219
6276.522498242153,7357.596530729458,3565.324376512203
6542.21710937775,8571.81448563736,4266.468073412522
14651.06671568029,15597.57522153028,9491.208112621936
16951.853927535172,18122.263892874817,13319.361810405097
18148.294864640284,18835.716454667756,15102.759046570034
19875.149330402408,20129.36514949979,16925.757481527802
19384.63442543523,20635.140805050447,17033.89224537107
20164.761847380087,20469.246890733273,17108.785113497102
19858.079856080432,20070.124839909975,16736.3835187054
19999.69783168108,20166.473733524555,16109.451803213124
19703.266670405235,19844.352901266866,16518.657227269803
18957.416299741762,19333.779922908023,16643.868718222482
18719.15569251344,19156.952847059885,15799.894703206784
18980.747028267182,19400.699014201542,15670.043601439214
17944.344261344937,18960.554692459213,15829.40177938007
18147.611440260385,19283.246781656006,15125.987287679847
18069.52415771194,18763.483329505274,14665.270530734811
18293.4028812846,19047.0069675215,13676.395131714557
18437.01363950522,19343.8602940677,14229.69129354704
18775.344751128,19115.169077090242,14465.868072070089
18937.112387104004,19255.824193174394,14213.747944331915
19472.022698880013,19175.591015328173,13977.061261699895
19308.17830693018,18939.59580511952,14274.956509668817
19177.209019954047,18659.98493073529,13546.329114093314
19026.62786417916,18556.20610930437,13129.565979630388
18747.891710154578,18757.57715362628,13073.872390642671
18074.898163485126,18541.92754726664,12861.541141378244
18343.73380581782,18949.580565813394,12776.9344645237
17803.893483964333,19333.461717933777,13153.533033721476
18057.911990170553,19319.67548027091,11885.480828873146
17705.110581114423,19152.414713057016,11300.704902802754
16738.959661115114,19338.78858401102,12677.999561701115
16354.866485602379,18665.18009099533,12761.03557834801
15488.770145947828,18788.234478545506,12560.215157249766
15991.912851730356,17947.10215340843,14080.30688784016
12655.257508176735,14517.89623022706,11046.160045879717
10045.576026117562,10381.39162368914,7480.267519074912
8039.040766042324,8668.759488656136,6961.956288528539
8096.998404023285,8941.778749607025,8171.013255386361
8383.630904431866,6911.967808736438,7888.626187869443
9406.308232630536,9442.619592625995,9090.439080428469
11707.458743513615,11463.296877174556,11263.843538672018
12876.195885538616,13414.911519727972,12441.854314134183
13843.938185205136,15274.507333453661,12734.893705407823
16283.104693970561,16772.805519762973,14837.835057408249
17150.877193254935,17841.208456790166,14435.417616112534
17260.415331554406,18217.691114594316,15318.327207486593
16381.298896817189,17558.49412890861,15890.698141781106
15170.447712736479,16641.534426994218,13432.830639568698
14795.636510616709,16089.01932011752,11923.681359189304
15824.68111400689,17518.97307214213,14663.382694795348
15619.356168196171,17658.65293113562,13965.58675062237
15161.857905560792,17537.698564151626,14289.580962277698
16047.141728057835,17224.988005793974,13061.306602028708
16145.991254101547,17258.899633104516,13285.01860196389
15566.406168107156,17491.634104769837,13336.827851410186
15351.618204391283,15750.41406632871,13380.258011919224
10964.603768707773,11240.14695692706,7204.353950389925
6512.136982379729,6047.54446372407,4068.2625350305866
3361.859238270285,2932.939376346398,1647.670178316294
1417.8168516276758,1446.9152698476857,926.6424898932884
393.27052454018957,813.2879109780091,291.91570299186566
349.13892176538553,695.2022579895016,338.56266267172543
290.91859829385,458.48894577624355,0.0
340.0873447358341,382.86326371541065,203.45347523339572
72.6578582853088,257.9477728735533,194.9719938200468
137.46196729309318,442.2870064387486,191.94366025398745
0.0,180.9824881284773,309.149411092527
764.8232756699092,966.1578963859777,324.546689744354
3596.6297797058464,3863.095975302253,2692.228014031621
5528.001912281817,6624.866300901409,4066.730044008964
8186.0800894811455,8656.200458258241,4401.261398645215
12284.423943262342,11843.085450043573,7419.809268522168
16178.63487382273,17133.916660779396,12500.956075392209
17108.553260772664,17488.979181065435,14483.745177971983
20099.97063125061,18946.751551567773,16755.333946677452
20038.35491259961,19261.583308897865,16055.320110377186
17914.483650629172,17785.56396780561,14870.783229303514
18001.78612841858,18644.870773296676,15021.290882475652
17920.213620520884,18497.392852469726,14014.13681419206
19197.576271810784,19135.998506532742,13431.532307258536
19211.714604643792,18766.839066716562,14027.477411886408
18924.092047783306,19076.297261864038,13546.405588011132
17983.072885920246,19178.36706578953,12100.475461311224
17910.95690088132,19285.48853482245,12215.746388581276
17563.33029574256,18910.204946869322,11637.470583273102
17341.618583499243,18717.911186857644,11994.254583945429
16567.25826954544,18578.76762110313,12751.198669758882
15943.854407321578,18283.470606643165,17114.13043005192
16617.557824590625,18798.559037515355,16398.672361403682
16622.90736163476,18999.374779918784,13863.152463337994
16514.384396811507,17774.019369997735,14061.218040039228
14852.082237272934,14791.968259429816,12735.363923071762
10959.639675952818,11567.756965032728,9752.902730773169
8528.421240418387,10225.962816770536,6907.2037706236015
7676.690994769994,8346.325825849504,4867.551165669543
4713.128199954436,3959.976114344702,2911.097593396288
2766.566989337602,1995.986645063655,2224.742807576591
2282.3149971614994,1480.497854973362,1671.117217964052
2689.9981025262996,1384.0992697855384,1856.4926172001408
2312.644704089618,1557.4119099095597,1712.4846106800871
2725.7341350734446,1738.0403878011998,2298.477050144308
2529.1339674838714,2007.4489556110896,1830.303639404672
2967.2636742337195,1817.8054453769562,2347.21428380592
3004.845734960061,2748.0219127062005,3024.722043275085
3378.7249451403986,3441.1649231953625,2817.6812578392737
3374.9396131943213,2889.2801174288297,2580.668250484047
3438.4433335098433,3022.704762099291,1792.2604805581643
3335.0682090688256,4735.05893214264,2457.9514049288164
4369.358389785383,4493.977315788402,2279.450410884511
4590.703827910485,4547.314495997055,2847.827850034825
4978.188577056905,5306.216823246097,4431.016406594723
5585.701831892686,7041.684019309501,5436.210387973003
5954.276197855045,7019.487449964271,4935.942301290141
4583.746901874324,5027.366798963108,4316.44488536888
6630.197360811303,5558.574270409616,3669.2869441390417
6415.854593914623,5864.64828100286,3254.6634792690284
5364.035170172394,6357.807605671843,3474.3913280519587
5172.562622360146,5825.509317517868,3123.3601329712983
6045.549954337627,5498.398872635491,3594.881579707314
5495.6194383943175,5297.8351159395015,2850.9635137699383
4261.784635619628,2656.7019458646473,1987.238074595268
11515.278952908218,12042.76127467469,5213.61782256119
10174.969151688201,12169.912718843094,5058.1364497330105
7669.578307233925,8603.893044889901,2719.61007921343
4781.853769033826,4316.099225593453,2155.955309546709
2747.225808947404,3343.153849190765,1659.7891509420044
1607.8890033010039,1419.3521914526002,1110.0420868823958
1261.7699447079715,1293.96937706662,681.5844071438102
765.7713189796866,776.686504703249,384.2906669279205
822.1680830699689,762.2849932026891,347.5134115720915
369.35150376560296,32.05439585014442,307.3391856353589
432.7525103815117,284.61837172894764,215.31881056093616
356.71575241431196,582.0002035152667,400.0336315203836
194.96983722684206,382.6389015967368,205.69736552964585
329.1020891336426,332.5266463482603,169.03089403518968
616.4451372694132,721.3179440791575,190.61503474020765
846.6287161480752,801.2639927158976,608.2411682106286
3269.1749170161315,1946.4034015291481,1792.593215602823
8443.014318861058,6302.6010760298395,5971.856833726067
12662.767444246321,12993.722329016251,8355.35252811097
14184.97103212169,14182.323686300842,9175.09532637007
15306.653014071422,14860.714020228494,9648.088664293502
17402.577442388658,16747.515582015192,12348.28927325251
18088.994472014347,18235.707713129243,13921.18379514819
19741.194550667264,19212.821269867378,14974.40418979884
20023.221746723535,20544.360598778912,16697.910237470485
19891.566470706326,20376.691702233376,17091.871506413885
20269.083875803055,20215.50311323914,16486.574371354796
20511.408609465598,19889.59282986023,16235.787151153603
20242.995425056015,19998.56804062045,15102.579993569483
20703.722297852557,20333.17837531816,15325.13295041226
20727.605491022994,20405.553494342905,15061.545690768
18492.509685645404,19395.128770651187,14821.266854273146
17542.43661678782,18012.644397373806,14645.359617174388
17002.420227444298,17977.064720700273,14811.244734399124
17424.66777355789,18870.632323345046,14475.74792832603
18096.59921920452,18677.649234047258,13980.533356139204
17841.58219186974,18634.851078835807,13983.263456737384
16976.961887692967,18562.10947097651,14150.163598089372
15931.378441275838,17254.990516201473,13066.88722479842
15866.193386105848,17216.942220682937,13422.395098352696
15444.199216697501,16762.084308587928,13136.00975672785
15538.821064876245,16326.869148708016,12024.794230152324
15694.191304153406,15818.068126717779,10883.530778381824
15491.473737982496,15379.699991634781,10406.502163451
15793.658704650972,17003.19005739001,12806.5218150951
16769.836061822516,17243.04782687424,11838.124218203777
16477.635378988027,16866.951258294033,11528.216858813736
15962.767913705618,16605.980288059236,10953.401957870616
11790.204023017546,12571.787629451701,10129.3260586809
9791.429811532847,12201.484716036091,8510.214559219296
9797.784918698499,10893.895727266456,9165.808055075277
9483.62832997083,10023.10237111879,8042.195877048861
7390.873726658416,7360.679875461725,7468.159719436327
6341.822277454398,4194.070467396714,4674.162092537497
3781.3203305722946,3658.2763905472657,1838.068176156186
1598.5706741085164,1200.639414868963,648.9210599725409
891.0260739550513,650.259382553573,290.51477414230936
1242.860693718188,699.5560855254869,259.7082218240768
2262.938803562916,1117.9436153038755,785.270765675312
1333.9703298351476,696.3695944747956,870.2544059410685
1199.2510323777328,582.2685601950717,1164.7403534683897
1265.0371090235183,510.3449215064411,1057.1285627581346
2458.825898473984,3046.0293665325853,1712.116294850068
3451.2283223224317,3438.327391304551,1392.902856135098
3022.3179316898613,2609.6787424226463,2938.5798403765807
4230.270686463636,2696.790335270053,6601.356022258584
3815.959468706934,2794.2007622415003,6538.565825849276
3343.514793313357,2935.5205256318754,5690.162927684092
3226.125180720892,3143.6937755709137,4874.448655632587
3279.0297754736325,3073.642872073798,4465.076844547984
2835.8558729686247,2939.5546709320593,4640.754713405025
2905.029158721605,3354.805169816308,4933.744842682991
2901.2888891840184,3195.3755198444906,4764.977557811015
2454.014107050988,2753.37988544777,4344.619441905722
2291.0729004821665,2303.14771749831,4177.489194516604
2256.0015053707616,2472.9054890686803,4012.169972196369
2475.179026523062,2312.356957978988,3792.279487667376
2192.09477375453,1792.626105672725,4105.404232510244
1688.0597313654366,1181.9205577273597,2265.0476728451936
1666.402857946199,1435.3597932579075,2191.157661524806
1444.9527283514842,1608.7627125925032,1542.446473958281
1185.4373809460435,1065.4636392805076,1357.9560225731095
821.0168497067493,1188.1892381361163,1663.7594746315458
784.9991242580704,821.1916835288879,1488.233610479535
741.718844879852,927.509581339804,1539.3247754392175
794.9887641095918,969.5477312535429,1634.318333776754
955.2757912791656,1292.3961202611579,1735.1076350827818
868.9269763675245,1206.9449597291666,1707.9311886567998
1144.0667839939138,1456.6258952063183,2182.008601242726
1290.8276911284975,1419.976701050473,2206.0320317365868
1380.3226700002497,1469.416346069937,2073.846824032106
2059.336651316952,1892.7444484536259,2479.259750193328
1942.9819077153393,1824.6003859279774,2661.136635680825
1939.3795311468762,1497.9047988123734,3145.107346868158
2166.294404096757,1310.3733377839862,3283.541398108797
1978.5908896439237,1067.5823821961476,3924.1331719307
3016.617890468937,2914.2084592557026,4411.333558072286
4095.1049661021416,4827.311596963069,5374.962480524818
4005.120147378248,4782.577974909618,5540.714597796677
5267.93453396188,6384.655337899249,7909.673449258217
5551.080516157138,6430.077215737892,7808.418783527413
6371.975112217637,5225.548181920346,7211.2612189148285
4307.298587110961,4729.742413922103,6295.481087135784
4266.307669208812,4438.032736271475,6800.11266245827
3607.753506505501,4061.1671710018363,7041.213233866767
3435.1232214774677,4623.828539793168,5194.503510873395
2882.378644082415,4055.9718244863157,5669.901883827561
3488.9434751478134,4718.173619729563,6404.4166674149
5213.357428404393,5616.661598692894,7288.802751256604
5528.104604922392,5704.138316443757,7299.353729394943
3336.066677732023,3955.9899865258485,5650.967199541559
4119.657427944329,3941.82509220222,8449.454599986331
7536.5380948742695,7799.0592463434805,10786.08602342558
6973.278562416019,6767.133819206527,10134.146317028692
8119.51637231518,6541.824937937132,9577.944156877546
7283.289506950556,6969.564101690756,9743.282820358709
5389.726592187072,6336.514348114619,8722.366430564329
4387.285657119163,4884.243054154917,7045.605857723206
4805.7306558325035,4748.429539127289,9517.76427772296
6371.178781474375,5704.239128657593,9553.068410224072
9502.464428099729,8507.822940921737,9838.077805828376
7710.361722082307,6021.954529097234,10151.70610288087
6126.180901116203,5930.88083258069,11610.000247754686
5948.369210896537,5986.900127097448,9376.758570341482
5625.046911402161,5744.457336800049,9058.76532527207
3579.4271236236223,3417.946397171704,6855.189925363331
3280.352422094846,3175.6615379378645,5093.0736904667
3136.196030501001,2793.443523487598,3151.3065020145023
2624.4320133354768,2312.347023870406,2793.8258212404967
690.5838500953993,1610.87788761212,902.026686815872
866.7231026344252,1057.655424603127,417.6568637241508
640.5965240173119,741.9146781271918,0.0
0.0,373.6071642902481,0.0
0.0,99.96262477851504,0.0
48.21874313390677,0.0,0.0
0.0,0.0,0.0
142.66726885116088,0.0,0.0
0.0,0.0,27.62560112099456
367.3335046959644,5.954207205193672,367.5747894399551
205.6072394446718,344.55366349909053,320.1647159968029
0.0,0.0,417.1700240426399
994.8030513363365,1012.675322911619,644.7525258985027
1842.1580259624125,4117.679932155618,1497.6423164155667
3094.3986815752833,5608.948051974927,2213.5672278496704
7897.261852215766,9174.442403520767,6847.966654053626
10001.148607000865,11687.296048797458,10555.025225688554
14414.704438162918,14466.87657736173,14676.377436272243
14889.221213382247,16924.974638675012,15804.710655825167
17000.390495899268,19013.691234648548,16063.71285149509
17911.346876006508,19525.427462538213,15795.26680650097
18137.919320818044,18956.668951231884,14716.571571871316
17863.69043911507,18648.49847242334,14250.914996807933
17487.781200223824,18411.214675425836,14187.410192981904
16564.871474561194,18384.505314163125,14012.410160108131
16225.368101092661,18586.518752381988,11750.925768441186
16027.905152243846,17123.91228596412,10934.618832459715
15618.939973129598,17772.527741089158,13119.508366308684
14490.546098270317,16905.031917491684,13420.16059003186
14762.49227553959,17363.344420591606,14273.982415275435
16162.409162002925,18088.573021024495,14721.256276674614
16104.012130217288,17852.077494650697,14963.478431472176
15138.217287905061,17587.287534521292,15445.298227518451
14891.756268324894,17844.38238030117,15897.486416823984
14328.80669249663,17568.756476620452,15740.787154765032
14381.45572522568,17187.492136217348,14412.51061364081
15244.72512644738,17453.828206805356,13927.60736024256
15104.344763845678,17393.40207116223,14168.647470334272
15140.456034548375,16981.925233557733,12651.285899214576
14034.798757489098,16409.029309932917,11995.734395944264
14600.82310416892,16551.552551526955,10585.739002477878
15805.436800806974,17402.39636708605,10455.638601154296
16923.53203261751,17766.235912611155,12278.03699234666
17783.79086402538,18450.918649421175,12328.75861365828
17747.37138641009,18213.89751276068,11998.274274169646
17846.555893702713,18323.503848618508,12295.07947737726
17722.733875607373,18568.596686428857,12651.645952650206
16559.527897758373,18310.625777130437,12868.756225524265
16252.704386643998,16960.10305133443,13259.88960079328
16415.118702797,17493.91138285552,14445.97767910591
15014.226103714847,16881.80419541849,14645.31464966779
14954.351993146885,16351.735159463278,14609.012694426016
16313.052213560173,16723.694324813332,14135.454602583191
15823.763435286886,16773.305542027658,14294.786509959931
15844.408120943941,16751.353723892196,14603.809118975658
15821.010635470238,16681.708146584315,14647.127482251652
16172.285929704623,17372.870108796003,14095.445062888706
16081.430065313974,18140.835996824637,13200.05550506699
16638.1668117302,18834.36455008431,13390.820855737053
17063.37340997857,19675.095981791732,13516.260402911044
16546.17234599588,19456.69355593556,10940.338150014686
16885.863324445534,20039.443872224318,9867.0788371247
16410.327423411567,19863.999040807663,8646.412910311905
16309.34510666102,20323.547268805214,6671.740454571791
16572.39279360168,20162.590829237884,6285.568542844914
16597.16028398057,20007.692719935618,5641.055063673358
18146.97225406969,20868.963428482934,6297.204740786485
18924.861717847805,20270.744312004834,5728.499779937177
17735.655142262083,19071.363253618805,8111.679155232577
16862.916223746066,19059.003102045932,8056.862280998056
16668.630257317218,18651.93264482408,8333.91341352192
14406.032679115504,17034.17464855272,8294.116204393196
11522.892788373476,12670.008456202484,6473.34826333123
9291.363498340053,9274.423452823441,6620.130587080472
8402.089815076406,7065.39020014039,5279.75348487519
8551.908134190793,7692.8790633614535,3967.857178185535
7095.4178532926335,6694.326062111931,2931.436679644903
6761.814571790784,6385.811705609969,2951.8744694442503
6890.474755753192,6517.84065266511,2686.8331940338926
6975.193435792011,6503.75494905288,2758.6074002303426
6592.71004537346,5519.61263774786,3098.9702574592484
7548.61233513025,7280.5355813927,3963.058067000352
9426.08362973583,8856.60793240693,4350.047520603115
9216.307044855723,10627.708113699258,4927.697133865474
8966.60517853479,9341.951606532308,5093.723535348428
7857.170943537697,8638.380331589387,4403.27925318939
6516.654519961485,6526.610383066169,4705.677468743057
9586.809130083448,10057.24379823478,5785.378961263828
11105.315497205534,10949.267015863932,6418.568906221365
11493.31556535897,11381.24610473987,6312.527632945835
12587.757759865737,11358.093852970767,6061.553019392768
12314.966114363326,12103.51745624584,6564.294542016625
11359.094448146427,11443.21315888054,6491.008405889403
11343.364548874908,11217.335108595713,6256.842964583957
11018.874441840342,10307.670314536084,6846.388529090085
10596.686907382884,10316.580748087414,7422.445882083624
9894.89807826209,8709.979156844747,6663.232768487128
6686.052486514952,6711.77606572502,4228.702424588925
4835.482636504475,3980.3204869012834,3239.297537163761
3159.1195059518423,2637.4563319586637,2700.864950992612
3245.0910127801003,2573.223820418824,2427.5748185707566
4929.049460161092,4178.358955419496,4021.440087543158
5449.161489365629,4241.1328640616775,4292.7267982560215
5881.404656917031,5454.111371109707,4666.956220705268
9719.85057182008,12004.087339342599,7944.406382952004
14312.404468997449,14771.431250002282,11711.512246840177
15250.510856219747,16568.00232521014,13424.76745794205
16699.478191296417,16872.13466990179,11694.701971019298
16882.480052709525,15332.942722714617,11649.912067350737
15884.009979262946,15165.28222323688,11822.57349060407
15900.902154650848,15625.624924223339,12363.905014162332
12820.294636259112,11781.046077757728,10916.979938610582
14588.693277585508,14940.94766902562,11960.022502458043
16156.900833553595,16283.853701936947,14028.64212923715
18228.931305486636,18321.015939825065,15079.392991252858
18773.50665869037,19015.533934291856,15991.615362408216
18727.95390850929,18760.125236441367,13180.22597402786
18393.728584614484,18368.863649103965,13616.182101456478
16914.90234677089,16850.531788989407,10530.718237075718
14581.444687759073,15807.412657881638,10400.518885878317
11993.031516313853,13159.629978855484,8807.252197287793
8047.8967911292275,10283.956326149833,5483.612601276636
5559.790928540777,5663.465219684655,4675.75842337653
3852.5414435652365,4693.951636271222,4086.7925161043
4698.714420412006,5173.856840605243,4728.716334973733
5283.668077763706,5416.105765490232,4965.007009196983
6435.702757655477,6937.000953199423,4753.647040565242
6591.794397504683,7161.9674890662745,4385.95366113508
10955.234282261752,12417.30538875128,9804.7523798196
15277.32886918499,15016.72813939436,12372.93990653112
17228.70197120028,17085.66334104361,14067.867194197432
18703.982871386197,17590.330101921838,14719.030371578268
18505.977505728464,17473.01915117486,12879.016992585848
17836.833530279622,16940.597579393238,12401.331072604196
18776.020555105213,18204.257031119858,13275.287749316807
19953.603759533617,18490.585121719832,14001.247264172604
19249.87690800616,18929.05518886119,14790.779615871776
19177.183199018942,18146.637683306948,15133.986015104689
19389.253895782887,18124.829074908,15545.934311443474
18383.010528149072,16676.303877480677,11671.816425666684
14968.049031301001,15523.579720833985,10166.364571215803
12206.765873478073,14160.527040965222,9680.433268616522
11876.277564713013,13100.360140444494,9343.087813994338
10554.47640566756,10877.436149838491,7526.893714291387
7789.294116161814,7947.825294944542,4551.952098109017
6754.2918558623605,7954.176208341832,4046.142882791323
4438.413911058738,5264.6335757641955,3468.135382641141
3422.524881775038,4311.642724897387,3355.48307461918
4294.111821172564,4195.84076362403,2704.7468126448603
3813.1376363857557,3429.272886502062,2708.740522919222
2594.7224093417744,2554.0958899459965,1627.6132364091236
2838.729405179751,3260.087681573195,1699.0608939816236
4099.199112746531,4253.449641324942,2160.464243806256
4324.3122066855485,4653.960627012524,2147.088000133381
4795.267341878598,4795.3702601454315,3130.839275672655
5617.463480208338,4498.2277896656615,3617.028858728053
6535.311496087873,4704.959747403033,4273.58639259634
5019.227805672121,3425.803532588628,3419.687364124099
3982.479644114394,2862.4842659990572,2699.473002270586
2064.97097609539,1369.0798562696261,1648.390466624296
2842.1840530379786,1536.8713662474358,1614.212858940164
3774.016800368711,2464.2562930003332,2717.795756876841
5176.960016571677,3844.2628047499798,4064.737576392123
5874.952674585704,6021.513218180486,5224.812967301709
5459.734247451906,5637.791866866394,4959.986970785558
6274.536957758963,6756.776354578301,5671.473419813151
7731.771995793006,7213.013259623685,5459.4422374338665
7455.207755230006,7565.751623528938,4530.547032701208
5742.4371781932805,5244.626445092569,3815.622478398111
3246.2980179556826,2942.857775544384,2611.031775236852
2721.0020488527575,2519.148671950779,2931.9678287028382
2369.3649808342443,2122.587511107497,2570.5662290754544
2252.881158472468,1988.0059069738968,2132.7815077883934
2556.896694284853,1940.106079389632,1733.831138935391
2106.1959413190957,1694.6956098724386,2184.66409235586
2189.172682450014,1664.301703962439,1760.1958904520166
2696.672034147624,2803.04899542978,2158.789380398017
5620.202285143368,5159.232812809938,2831.219858144566
6290.173920580581,6338.651966692726,3436.5109539579344
6037.689746808048,5326.362423647013,4667.610672110865
5348.855714561137,4545.844413353188,4059.113146579272
4954.997523899224,4058.605189451647,3771.3833371674727
5526.556727577093,4560.436545506358,3981.6022112840687
6866.614629291051,4663.06971551861,5282.450504360371
7003.147749242323,4834.252942039144,5081.684923263066
8206.636564512544,5627.941992344879,5194.390004374725
10565.381982629768,7724.971301196394,7976.792588020611
11183.755263400428,8741.863391802504,9598.077787456614
12539.011678192444,9914.341355125529,9214.347614797984
13121.810958072962,10269.978643586806,9301.749802432312
12829.475961334248,9448.651724646636,8052.018409983212
10491.890113951224,8738.767284393789,5669.91194785959
6369.537550000853,6078.495310522926,4369.8439860347335
5240.548406660493,4240.2627670940365,3020.335577396416
4004.689016303992,2975.6302699825205,2226.7500320815275
3921.1347369626033,2629.565854448286,2488.562295559204
4053.098658520707,2790.8653252225367,2232.835056706961
4085.2537270561165,2698.68673244716,2559.209664160585
3876.7997445033,2864.5273550875945,2470.842320326391
3215.6752786204684,2420.0629016588105,1348.954348068754
4172.409891855472,3520.47843666996,2608.7755793392644
5644.497687234142,5475.646407111077,3237.7546771538105
6425.818836732854,6017.994907301759,3779.192410310838
6230.482859972098,5119.508766298526,3188.085780338625
5969.053144641894,4771.6145360094915,3621.6448410697976
5869.379592235379,4597.200746605481,2990.842738475822
5586.761961876019,4330.991895261972,2753.188750739275
2147.914134096607,1412.4429465326666,1635.5128541288082
1895.647899702091,1611.6205301707248,1317.0087225880216
2463.334346013229,1745.4287374569424,1436.7561945184166
2428.8716537952955,1418.870519577155,1331.2971314327303
1056.1815966599058,1048.232032745321,890.5013736601674
1036.3346241696108,1017.5603281096181,346.6526885474965
337.93135669543284,371.7935273836088,88.59362270720105
711.1509054495104,411.7080443445766,63.97990045690644
556.239843508632,217.95378080388917,245.54584783852
282.9040677363027,141.22153818159052,244.6164462783124
103.7896707270149,148.6728546698073,239.15845013310783
74.82641188149472,355.6719313204157,148.9377020344882
175.12609756801248,245.37975237360786,8.32628761865045
5.774249589583295,29.645888669122634,0.0
250.70350960193258,187.86712815269098,0.0
367.10080965983565,239.5706124625973,0.0
324.3574615206188,149.59722267547215,92.50453489119371
916.6288440019773,665.724765014932,350.2448770668589
1266.72733826195,1588.1774958555948,329.09747213740405
1866.7882681456833,2773.589134935514,896.2402009711793
4930.397265817218,5715.66516921264,3478.5220699433667
7406.813776031631,9058.9652938778,4704.182422700002
8618.623929250689,9045.409156905487,4993.5538831306685
8862.744617611464,9535.206148489053,5067.528488096943
12506.387838680806,13747.394668971941,8856.126957793655
12064.92501850302,14277.914058733299,8896.898317369078
11415.318217650874,13755.596091319634,9797.085986907045
12547.211100995455,14658.084170056014,9881.761917765973
13522.147423804188,15394.125100655325,9417.526412818792
12641.80261683515,14148.910513054996,7106.650764861682
11792.218004370055,11867.80885660669,5164.885064869268
10073.68828323134,10424.743682462076,5848.282197062496
6694.421488763007,8661.659278579571,4829.0166364365405
4756.147812819607,4853.848098080991,2491.066123798797
4492.831458897213,4916.009039396578,1718.5441848910318
5452.706316344732,5395.974059694225,2337.3918138163804
5290.353446289899,5697.893131872135,3438.532227497498
5983.520108293478,6295.676151185302,3845.4320789090175
6903.65700861735,6953.260955817981,4453.8808766002185
5664.896995138125,5612.118069306842,4369.972107783544
6208.708501162966,5943.453936167747,3741.4565436750713
7625.6046399646575,7021.636869185786,5100.408245186235
8811.207940304957,8643.170515148018,5751.1756504401765
9810.782173525056,10017.346220459964,7416.842144505442
11238.526536544778,11949.197267041302,6542.291259997915
14391.62270328082,14814.653597915009,9773.673479355926
15608.550730529834,15628.557166121835,9749.836022354631
15944.782098864596,16040.07641832561,9245.124687961194
17793.544053821064,17016.842973191364,12246.326128141674
16110.652296667316,14137.203439063947,8061.242260665529
13429.940149266098,11734.249794430885,6083.583986712773
8187.203375705352,6977.268613890259,3175.829635942109
4688.67432247232,3843.038661724375,2764.872588167661
1887.2982183944725,1416.5866624586256,1033.6954512505863
748.2312397200018,495.01665240281903,757.7989140959237
763.6755135758536,399.1458295180418,236.5936871591519
550.1208866742866,120.07348290925898,115.62708910214177
559.6228372659253,345.24786881781233,55.77994878228602
530.1570955552465,0.0,451.051247076916
590.0912541868964,200.33761517887396,464.8474731985916
782.8619015924362,296.747997577907,1163.6048509901764
1673.757370741809,713.623479327757,2382.197191720669
1683.1640844211288,843.3844611394622,3215.457382149604
1423.7180085854693,754.5176476854649,3584.884223789445
1204.1154621066185,903.1441137850793,3351.0152378356656
1088.9622502992052,597.87583081225,2347.1535737649897
892.4443471913535,415.3431963980148,2459.9116296405336
1302.5837695770126,469.26901325502644,1542.389036793581
1010.6486820809826,329.27476068449124,1102.8684550641146
1087.0759396330136,0.21727756282604638,768.3678729574515
892.510929304603,68.37153799511107,253.59993251692293
867.8689322835703,0.0,362.7884245315821
796.1019409459084,42.693158401642386,0.0
740.5685741656506,218.82580027001924,0.0
792.9087426621797,312.2176412335182,0.0
742.6598454743773,120.27470746895762,96.58498601456915
507.29331174795215,0.0,114.37017593958592
436.78730361787376,189.40909480523737,100.22806150035852
573.5336771421587,433.5128643520696,187.66850455545256
1197.5956080161468,736.6301314167071,252.9389944829124
1672.6151374123033,1615.1936414814036,556.1477106159881
1276.2446149028412,1548.5991284025372,497.1442248466409
1221.7968106198568,1210.8972852696095,609.6950858391212
258.1798688828773,0.0,117.32969151479855
264.08363509673256,197.0520071877962,283.27001659616747
0.0,122.058155384767,87.276431168824
299.8929092507267,0.0,302.0478567646766
369.1461658300746,0.0,321.8015264482349
439.8149200158803,26.100194213003842,221.2539457938956
520.7790275913967,208.6760262486372,214.3234160778618
190.71816134642506,120.95000726009945,44.12305117468024
378.1932491111534,135.282940394969,73.55337336840525
496.9777035170278,112.68299323518008,162.6063895594861
610.9249269571003,321.2430356934307,232.73762707801689
1049.4494106898362,397.8008227962883,177.58238983871922
1169.0731100857847,683.4485671334784,143.39254103898745
1422.153937594813,572.8398919184837,352.3028098386798
1236.5307301880216,578.222550082572,209.1845152910544
1357.1806738958576,731.7751473157118,327.5787989027317
1466.9635912728104,800.746480616104,376.7127689757427
1511.8708265271807,723.060818764471,397.17571926944703
1596.2886723554777,796.5061128301122,302.3300084308771
1435.4268880708166,630.5363219468398,288.1128547402648
1257.5442658690536,569.9646741046125,256.9759330557673
1307.1700505842896,559.2541593811312,128.76862121871503
678.0722544337177,474.2528387754991,95.0518601347068
246.4411565975017,202.02200791150864,242.01599976130944
172.7523816892453,319.34785561178734,123.47051999090596
62.8550475201269,3.2265756611733014,176.79318029798117
0.0,0.0,172.64033996636803
0.0,0.0,115.42372279367568
0.0,0.0,13.158189139513985
310.5865445797651,44.23622040444299,111.4624207012594
92.30416612959117,0.0,81.8619115534113
84.97562451577934,74.89696404969555,0.0
32.22218216488715,0.6239714690815221,0.0
506.43144205506763,129.82657740939206,37.348017570194045
589.6313920013454,454.6197628315378,73.62303390515245
737.3823942911467,519.2838891362685,387.8355957583084
651.9683499999232,608.550482711964,900.5547518330417
548.3245829079776,123.32381911319149,138.63662815756484
432.43461157546665,37.34480242391984,18.204802391936404
663.5591987910701,30.021210175969223,66.38563488129275
494.1206445404988,32.03006050594344,143.95403838313294
529.392012078656,63.30537156341992,38.21133760885554
611.3775499194467,16.24360509351412,121.10647932467434
724.3597457055996,48.36715016108235,0.0
298.70903110066394,0.0,0.0
245.8588114658624,109.6775000607673,139.0178657402798
99.21481425010597,57.05178461420276,10.2307586669984
200.0426734777262,0.0,15.374924303034566
0.0,0.0,121.70129962294504
261.8435700044892,0.0,0.0
43.0054170742156,0.0,79.17929266504336
55.39763886317748,0.0,90.18560024056492
164.65672963528806,0.0,132.61287276595164
203.23863714877797,0.0,198.8324554311357
231.39238275977144,75.45371272172436,245.65427652437572
406.65315942885536,179.2555066214549,159.1865817886487
626.7401899569555,244.09833932125792,138.5345063519785
485.37479489599406,382.1968006843428,327.4073159771183
726.1853862313352,451.3510175342182,313.167366532092
1287.9684030079436,924.5021013340819,377.88540159251903
2112.5343629369027,1360.9803415657327,983.251602042507
2382.7210428333256,1292.504149267901,1679.7945050859903
4682.765439793879,3786.8360696029304,2303.5966687668765
6999.203210757009,6393.543436521402,6665.7618477549
5705.291778506802,5822.902514691434,6743.731506252235
9374.09043474305,6537.667709042579,8598.420535310694
10277.815542762504,8317.100562802072,10531.870996505244
12439.646427021557,9515.765848199722,10805.636781796862
12427.685278759407,8596.763274410068,9815.311116054458
12366.277924662538,9823.925438138369,10682.250346581915
11734.73945964885,9630.68558594375,10766.860529578096
11596.072160970934,9655.243857622389,10084.116596033396
10641.9663264273,8822.466998075368,10542.722424489926
6888.448334916253,7765.334433193311,12257.269642667725
5329.759470161521,4857.148727904632,12089.834385436769
4753.951110695092,3798.1417351283953,9056.104683124888
3984.8919343504353,2630.254370112277,7391.3050493392575
3389.9479408303737,2232.7368979304792,5780.122303075941
1396.2780971340546,567.519569742383,2884.014914914584
1300.5193550338356,1017.1921517784081,2322.3560894690027
1185.1948370774114,834.7358423365524,2391.3754068168155
1253.6534905750025,758.0208192861318,946.8605372852832
1214.7270461031724,727.5953886845119,782.2977399598867
940.4462917714986,314.0697330391607,763.4842653227313
971.2644102921611,102.0431250295147,510.1520614063628
561.6058743700462,559.5825338755049,488.5097972273026
1235.6049295879707,488.5460870141486,397.75296063517953
1237.0302427760043,781.3257804377992,629.5139284295602
63.67910528651399,60.78948580656886,413.154082906024
0.0,0.0,193.9806339974608
0.0,0.0,228.97061422616585
0.0,0.0,54.79733410362444
0.0,0.0,36.69034320648209
0.0,0.0,0.0
0.0,357.69580778427724,0.0
53.57780399473366,743.423930493927,13.450853913804862
0.0,0.0,0.0
0.0,25.436312092471983,0.0
0.0,161.00684840504093,371.6315436254805
837.4742532682408,1624.4702581703573,1318.0574168498547
567.3966946967898,1441.5291160227716,1279.9691512728652
490.45064819219675,1370.5999683729005,1329.6486331283793
144.76952037167425,1466.055980633103,1357.04695476786
378.7535562449618,1517.6308637801174,1622.631278457034
2273.9982536852863,2078.118163434292,1619.573531768936
2033.6482150041659,2061.5874284856177,2430.001151817946
2098.187243474399,2371.515758549135,2676.108305660885
1893.3992233569718,2567.4433187431196,2896.096961249781
2370.461998203408,1736.3578875519631,2246.889371537783
3515.8760006448974,2676.4637728094967,3012.532900257464
3863.5404829382283,2809.731833847482,3311.351311041321
3491.9528380222027,2100.651228078889,2638.691749366624
3369.0629929429315,2654.1022952996927,2509.2805552612363
3219.111483332569,2232.29861787,1813.5742503218548
1613.1335046298566,1496.7617773223872,1520.0660684131146
1722.2280929996025,1353.769715735367,1607.4908287112137
1638.293397641785,1131.171166665004,1064.223521144771
1335.4986833581952,753.1474923860795,802.6960618412247
139.73499809993103,142.46461708126662,32.750931709867174
27.797781185287953,0.0,88.47238687727302
0.0,0.0,99.35232751179048
0.0,0.0,66.2940770486198
39.79309437770421,0.0,17.593343202670063
0.0,0.0,29.93392743423897
11.61468974107807,0.0,56.65843361171152
161.93935459261388,0.0,58.37331118125968
132.9636130074199,10.533733524480585,30.1424710356508
142.73509431285558,2.0086166564513626,32.05635174822326
525.7148818653889,247.3395300684212,331.89835056552494
535.5360355805524,361.3626640193535,351.8404749026828
1701.3030096326104,1303.3063903628884,2096.7575511019777
1833.5589764515437,1428.4246097499845,2047.39099871212
2012.662816091667,1587.0399922685735,2008.9892737313849
3093.158967089372,2176.4384866739706,2904.092319829725
3589.3711753777006,2490.363736804769,2855.380396247753
5937.430899701063,5443.496274849297,4401.392835166237
7514.097105769307,7331.212571632294,4991.310980244718
7325.835709976099,6737.358954873938,5350.046919337899
7065.977230513071,6489.178411078664,4749.517915195229
7108.665771562018,6081.180291208895,4639.32160965468
6330.617346342901,5784.557299429075,4195.120994113004
6138.247383661173,5233.497172019315,4872.0294272450055
4587.985865906138,3887.1372700342777,3221.979695311088
3472.7850097385726,2571.2906056017523,2707.82866907452
2756.1365400673103,2647.7961759672953,1798.076633493843
1718.2834054366615,1690.3604977291955,1359.0715992265302
1099.615109790722,929.4460444643563,544.9446640726626
447.57731374000747,422.82913435769166,639.8657201126152
216.5332193560721,301.63626129500443,627.7138682423188
310.95561134691786,327.9091913721567,766.8080087664325
947.4705357969976,706.9349658736403,979.96313552134
1173.2846942153894,1706.2749372693927,1115.643363893078
2602.546329269449,2682.7790738831163,1667.606137753252
3427.389983515045,2841.741720138745,2246.42382307683
3776.1940100660977,3122.096580018053,2864.533844079597
3162.2024965123073,2600.2337508753044,2646.633460880448
2295.3021182949346,1742.3436674042778,1577.8500854383535
673.041605723365,225.43474840533153,204.1000777269903
1212.1495435199763,690.2910113485718,793.0928347405589
973.7248980877209,855.4411828511061,1051.7907828744026
1001.7603254452789,964.4934383263244,1049.6793433394512
2043.6021436040244,1682.831765067043,1411.2646691144491
2676.5374483107507,2100.7717849832106,1767.3837178781887
3576.507610828757,3638.288032255253,2269.0127627993083
5257.074573954786,4042.738042610216,3475.0158471771388
5146.751665926371,3963.2405841299833,2295.518520425344
3952.7638891973183,3398.9729684975055,2198.7816330157475
4803.4935075334415,5694.085027532301,2477.557518021501
5284.903341598757,4755.885311494606,3695.072833462693
5273.920284913841,3603.9396885501096,2910.374603548622
6623.151328786409,5560.9624557029,3849.264797089434
7422.743323347608,5923.022478153074,4397.797281241286
7585.374442994833,6150.807624901407,4163.038977666432
8033.410895917414,7311.422132690432,4793.3009599360585
8838.990334549724,8671.78862872536,8648.838950287456
11017.995838066701,12024.99955187713,9979.905408636989
12517.537097270077,14782.669018832226,12498.396607982071
13354.223926435927,15977.946925975111,12350.38736547997
13994.714702806941,17074.116365233946,12544.556616022714
15721.040342494056,18030.118776073046,13898.835223960628
17746.610017604537,18476.599738525096,15101.661471384474
16228.147770972668,17961.206043799237,15289.142641982638
16078.973246420712,17474.181330813994,14092.754361417372
15824.018809612848,17303.221081824464,13688.44731125341
15490.965911628096,17145.195981411718,13962.397281355508
15616.934580935382,17319.42971296782,13826.259674368524
14905.62550369043,16979.057609749136,13294.10899974719
14565.470178508724,16215.622232845586,11931.964893333014
13811.966190308263,15551.15866378276,11126.565018504623
13522.176871954049,15715.629319422967,11230.323819376212
11374.039785838888,13837.613277449465,10873.344438052734
10442.561096314681,10465.291842579949,9227.056265593636
10414.475644927488,9962.823714205688,8512.448040033256
10224.166651848805,8664.16378184198,7250.807139900505
9247.92553284759,7268.321964070008,5406.178697540062
9254.535041596697,8556.426708289884,7321.018995390157
9387.589182894602,8659.134286811632,7872.747765076951
9358.634631601353,10238.830123986692,8558.582515238946
10031.24203720009,10179.02476173633,9869.735329246532
9176.439048402826,9653.407591598594,6359.025610679312
8498.095006390145,9785.358304225681,7362.445885440593
8563.73037928751,10138.991229144985,7693.53306025108
9685.698938917145,10976.750430445498,6793.628129971084
9750.087116802939,11146.505468254349,7436.457873121326
9979.375606326885,11732.142199138758,7652.634691906484
11362.611991609645,10937.691191674983,9922.841502016898
14075.348735004765,14509.540337994593,11765.006770588743
15578.509474189397,16926.17768009978,12786.41208612358
15867.674134639876,16804.470985899417,12383.406260161792
14948.908975425307,15546.339890311336,12390.541034658156
15600.133612532383,16449.464685474766,13322.914060103554
15149.969008177242,17051.93744307058,12852.86459603647
15208.336616531416,17039.073372595692,12729.711541523018
14550.79179066646,17040.597761300083,13269.347381037123
13660.319858641762,17165.785475804787,13400.204212862716
13171.281746090403,16083.799872550408,13457.23359480248
12732.646019413029,13166.03791107666,11105.900715259795
11651.605024864231,11605.200953940397,11081.738252447003
13341.129634488954,11629.849818968656,10787.952430040648
14070.555433254167,12720.40587632247,11348.030343807755
14527.3579386493,12861.537780730076,12344.698148719564
15055.192170201264,12771.185099145285,12353.690330744974
15020.710445302617,13462.079248556329,13605.769455353286
14844.397653354215,13234.351895040218,13330.888780261224
11182.931428009497,9858.433417698592,9835.662138762009
10452.974100516365,10643.52918286098,10144.394987056708
9845.991680546593,9030.296229438763,7489.341832863061
9669.633696691222,9134.291972751867,7181.448539912845
9700.01403635083,9305.63723379465,7189.445906465278
8831.284153004006,8795.810532604939,5241.539510252242
6927.000840057169,5340.1826898347545,4494.535853370842
5540.72333087768,4209.5039855338755,4092.463728474928
5723.45126390133,4068.1935045012156,4049.6654320265375
6691.62276322734,5880.970649557778,4354.086831247169
7685.160941177301,6712.054851852217,4053.029425515071
8253.593465707785,6898.579166841121,4787.510695259698
10213.077585670337,8752.510588518748,5117.063297295547
9429.176426542048,8900.721913306037,5000.572378288208
9016.607556330462,8332.121582264886,5450.468251898642
8839.302263583328,9376.96369159941,6903.723346870243
8471.108642901132,8343.924588775542,8705.516624234426
10928.114294489285,12829.483059092825,11534.79645348911
14888.79261429674,16114.2964887281,12298.949939885952
15290.647735311577,16414.050733509026,11792.94793467512
15836.928414680067,16242.864704998241,13410.91690662352
12996.22473302045,15629.936916024597,13511.253196491323
15210.489290880047,15565.715493380216,14557.326103990516
16037.003431472462,17349.056122307466,16688.762018265177
17404.846510282205,18603.62207018062,16728.58594585534
16787.159477300564,18593.935322122645,16879.50847970446
17872.316690916814,19329.98611612243,17029.493146338307
18687.694815341783,19817.65818446008,16982.217165206304
19981.344456945466,19741.96058150087,16447.247914792235
19152.874530981477,19655.64774908194,16402.533108557403
19290.679738156712,19736.36918582885,16792.089882890956
19525.519492366933,19851.538986191976,16623.547096817336
19605.201283813567,19859.732601358875,14839.786024769295
19434.773472343535,19769.430954230458,14585.891872932065
19615.947251154947,19652.308141867663,14862.9136695356
19049.36474075528,19510.48489376817,14622.60845729083
18692.48802874264,19150.6842457008,14379.39714358685
19306.834813459103,19122.870881476818,15275.385747077484
17821.958839127907,18901.12768120073,15648.175651253909
17363.231470813193,18372.250365736065,15855.670690022223
17736.376794817254,18744.09210760888,15403.858662350509
17781.807945892753,18469.855023455653,16054.432569252993
17636.493065875515,18439.060774309866,16358.50611981483
18001.750756406585,18757.76611349991,16478.90044359013
18176.303582338387,18659.88452785693,14383.78640127479
19491.809139242774,19225.83358023724,14082.844632692282
19408.788215343542,18865.725419385337,13855.237230826802
19306.13044951234,18941.800534670147,13769.44106718385
19036.999766179448,19085.164701926933,16025.049272173284
18508.300803168222,19094.191182590093,16081.787840165116
20310.71572512752,19369.602378232867,15559.02243174354
20301.753569024706,19401.522757879146,13076.88578060703
20131.297526786133,19433.139671099307,13431.906891457003
20715.709609095706,19847.983314211273,15108.133142772802
20321.59342062161,19599.822825802195,14838.13665414636
21507.525861937924,20216.16862293431,14863.554006522812
20599.630453645183,19933.370979211562,12675.097041050372
20573.181922881846,19847.735294846552,12713.194795918327
20383.622541286444,19727.057289682503,15431.092749842664
20103.393872949902,19634.08518901159,15902.668944902778
19221.28040258225,19149.740980834107,14992.073385100122
18763.05878761308,19160.808495326826,15674.01912326054
18821.04433159038,19143.60646960851,16566.32892255186
18869.15438389131,19879.22987773505,17349.711217606986
18810.126464207497,19454.736101893614,16085.647410935238
17142.374468496844,17559.098705224522,15054.541009250384
16887.579158976834,16410.419461206322,14842.906312039831
15595.216996933135,15500.45395598358,14405.311173738406
14943.96935800497,14284.558814881308,14363.617408126907
13647.171952914174,13781.147158774547,13270.473440897817
14447.427088497983,15171.53679948836,13633.040961312689
14871.718532119818,16418.800776036805,14454.317591201536
16636.186683790656,16638.98934994856,14264.515835816055
16283.875083978399,15781.75973607998,14347.88925443816
16818.294184799328,16739.24689433269,13930.055008522628
17561.67091096057,17295.001758186692,14171.22895086472
16010.170927191171,16476.07614174556,12744.255360760832
16806.967808567315,18734.44841949531,15427.165950019758
15259.716060678238,17639.313396950958,12478.449744431262
13278.819205636963,14000.708002923175,11714.39115205613
12017.12679653936,11495.612753823421,7976.99841355893
10405.693058082776,12082.378244712414,9460.543990519876
9698.630657957388,9593.708404789053,5832.452696647776
7690.54677871484,7263.699032109534,4406.479392983719
9489.16736819313,9133.029586613942,6183.092636004495
7390.124226529192,9597.483407116104,5616.736180028176
8413.755471011713,9218.78003219209,7132.347359017556
10101.987583845726,8405.15924363782,10166.313778497091
10352.251863327023,9920.001190237052,11290.82170761409
5146.3587439708,6126.80700391716,6676.413845792469
3992.355795464956,4345.194808769067,5029.099184728023
937.9815241238134,1613.7559083582119,1556.1328231543127
702.0935028158457,1011.3693374961404,343.9792319315978
952.6578242654083,908.3499590609257,646.0266363381289
787.6838603335893,464.64268279701764,0.0
1480.858514167481,1706.2534054295397,429.07530381451033
948.6569882316847,989.3969103491304,886.4157172401522
1089.867910434761,1239.7251758743073,797.047624001671
1005.1803589953655,541.0759622340438,476.09635036196426
963.1210294530014,736.2596863466562,1228.518914321796
238.4004492894328,250.3151989193835,542.3355312499093
232.9451323366046,276.2464555026385,461.3352698473147
0.0,0.0,344.6182932308426
42.33526921842975,0.0,70.20573602282045
166.0256834618077,0.0,0.0
219.53859215316132,145.20581691735833,82.77718203024509
136.7109938726768,67.53004151566321,170.17077621947124
152.33621442207516,124.9084527892727,117.13535184815852
489.9769422709588,327.57906761754816,0.0
837.4215982257203,544.2053513655455,208.7969552162093
72.04970774483465,443.65792170250717,0.0
427.38841355763566,513.5818721985529,166.2933148679427
487.6466332687026,384.9543021218019,436.4454495353618
935.2692765363859,890.7839861367881,1141.6162636167332
1349.3312131446235,1368.1517935656586,1382.9297584733283
2498.6521352491154,2530.636979116174,1950.8731548513504
3060.1304374494343,3201.398612865179,2749.819191171307
3463.0116845097878,3305.0776610804583,2253.2246192471507
4321.409972576387,3958.064305812904,3829.6032458748286
6153.4101270775645,6526.566137335667,5585.780944647109
8973.997462173324,9026.076283209846,7399.870610141293
12183.394090913145,12439.256686247141,11100.8310951258
14619.400957701617,15132.322625935252,11273.36038476008
15008.749810526675,14703.999546771594,11770.676122870862
14908.099720731918,15048.643043067246,10101.768082707944
16305.818499079434,17113.55644328203,10859.222366535125
17355.012099163883,17606.120593535412,11879.647863591135
17499.615384991408,17572.98382835524,12263.249150489812
17185.562526997546,17533.385214394195,12287.880830200324
16348.844452095072,17009.621267646133,10712.397271661375
15574.34107190691,16632.828853022354,10128.222831490915
15564.772322372946,16418.88707398608,10122.011635132594
15334.931639138902,16134.127737895818,10557.942361326865
14251.633260158113,15136.480100560488,8960.343208357159
10778.464275493021,10657.189204420667,7587.837653622271
5987.249939033814,8103.450803490067,5539.33426686609
6193.781571896258,7293.857736147337,4871.312097841722
6568.371169001222,6864.404300150964,6324.673754685279
7730.168443109252,8048.867216113146,7915.392045684584
8015.123836163147,8569.556722379197,8264.840354793894
7948.044831677446,8614.4456801239,7279.670668548091
8920.459598935648,9517.364835279626,8150.515862239104
12892.26102526068,11882.132197480445,10550.627821133716
14440.758123371032,13564.862503712398,11582.858055268573
14468.291552986871,13561.642107411582,11292.570040906288
15053.127505494014,13489.816495487194,10878.2805886343
16166.101983758053,15154.366192374193,12000.987167025143
16027.899256623079,15067.017883556648,11316.74703844969
15375.347007837428,14596.383466094203,10244.84391223006
15706.085240331675,15024.32484421232,11038.864055621796
14810.039163284124,14148.423920040948,9917.290313480404
15158.333056775455,14842.679463127215,10997.58152727159
16166.604888415977,15630.801322863479,11363.1166622108
13340.015557808934,14669.225294073054,9348.307847693846
11707.947032006288,11765.43467674874,7639.239804806812
11187.599998543727,10940.460342188413,7439.996550594965
9579.023283116547,10249.312020466534,6857.722720881692
7768.127576199576,9169.734599589876,5258.751354549129
4327.082441114532,6079.008464633767,4296.621803362936
2991.9323589824453,6367.109060519751,2742.1481859186006
2296.0527906604275,6397.687053837309,2655.273591712119
2460.4951687175358,6240.677872688254,2541.081193195397
2404.535232500695,6976.684557402892,2483.9885184995155
2439.541386390297,7131.03581796403,2637.0332484854102
2527.5081430691794,6824.5606064393605,2566.9510743225246
4213.907766327917,7459.7162185989655,3164.1367086451733
8297.901526033516,9961.084701641286,6730.453715562937
10621.99854710333,11752.460529951952,7485.172630612076
11126.722003494746,11524.618045973411,7785.804972263506
9830.243452473627,11251.785411689996,6235.558855682626
12237.29416796269,14594.833294624304,8751.541503982635
10768.44517091666,12538.415444035696,7400.390857116381
11633.524803937766,13915.440480956271,8906.15914735949
11632.929718924976,12889.364262823763,8340.458619083953
11195.871828009498,14568.518562592079,7523.371775390118
11622.722304818488,14639.321472268479,8963.043110102499
10310.486282133594,14553.68250139079,9921.555421485244
10286.79511885726,13833.28970676163,8782.465455978658
9264.523901868457,12088.577757151079,7729.827315959522
10778.845854283389,13791.955437335368,8179.230885927596
9178.951635086853,12186.236581839634,7643.14581411806
9797.910730476457,11310.77726482637,6680.949061269222
9223.381074301868,10603.814516950893,7337.174909090871
9670.331863256257,11815.040620005804,9032.536125780578
9970.990424195528,11241.970950772218,9464.767194284055
9685.601111308482,10703.195953278198,9321.326694157617
11745.472110116101,13619.04988901073,11288.28470305594
13368.846302383072,13803.795845134002,12500.15729866824
9395.813356772187,11105.02557773925,9675.181026467646
8676.899971743844,10317.69399270526,9441.427656305124
8572.428361524104,10379.757073505902,7562.075443124952
7311.607925139791,8451.168284541101,6397.585979221765
6193.1956150421165,6313.380026622173,5793.120522151656
5342.099864576211,4452.765765491243,3433.0315364660187
2880.7753236697135,2025.469663814729,2645.538614856536
1005.313537600623,1435.9666215639334,904.6474968738116
1254.2596436889592,1144.3860828274603,1180.5621765834026
1405.3495197136797,871.5993876534266,1076.9090106496874
1250.6253735053538,699.6916405916618,561.8944566295187
851.5010250918301,1079.894217334339,658.1515691465861
1222.9672088311715,1093.5475551242127,791.6964612538375
996.7907452096184,895.7983809210448,1099.6450757060602
1004.1979041091201,797.2634398438961,2121.278867717456
1442.3757675514382,1404.4279627233766,2530.316488309017
1463.0967445871552,1679.577758278757,4070.537118030355
1627.2793406457529,1547.0761168924723,3619.985907602671
1307.4525322515894,1090.6501281067654,3579.78828477375
1384.5778877124264,1235.422198591332,3573.489249356804
490.0763642850745,733.8561793140964,3215.3617522434256
704.6242941529204,1513.9212941489664,3081.2678438362973
985.6625847411442,1938.1296505894384,3455.256107889179
1211.1001726083243,2229.079282507851,3564.3496011082766
1045.3876424410646,1487.8245972746129,3586.7788537344445
1176.514220970802,1673.0913813282757,3802.362665375932
1009.4214257421747,989.472174010686,3131.247392267543
1191.645989027986,1110.7765863096447,3250.046234312769
1406.0044522507321,1833.17986062818,3642.495407010869
1648.75709066982,1728.9183024377978,3644.078982005909
1634.3729134160728,1233.6987946062034,2990.850535371458
1555.2566390881782,1281.3088775730437,3508.9100599997755
1366.816637968441,1277.9170473427916,3532.8637266120204
1752.3371497642033,1631.4602944434246,3334.186161476853
2009.5150678913976,1638.2590519414632,4097.159583650488
2519.3668507782963,1447.1096992009964,4018.427217004441
3312.4692504677996,2109.41935995407,4756.601416654978
2948.830776616972,2612.544336184023,5963.763600981051
2905.413271197856,2452.961450298907,6290.572376395785
2437.411344374705,2318.8952187914174,5651.690199517084
2884.706493574043,1979.178862626997,5921.902123961864
2460.4682574492263,1672.1133188016702,6270.751914100008
2635.901372243801,1542.1775509913668,7212.184119770018
2515.3258188648297,2959.288612588461,8575.165730588815
2671.1322319634232,3149.1836333718597,5676.65874355635
2656.509924017745,3083.2544655733777,6270.049417943787
2036.4254260420553,3212.94457566152,6271.675020744703
2533.4700078497663,3313.0380103825623,7289.829915328484
2455.0944699228935,2945.568347932082,7801.797190976261
2358.353013356166,3057.082483705634,8341.975270673487
3213.704990249336,4216.965971117814,9807.94167387927
4075.3706822574945,4575.887893954863,10595.939952860248
3926.895164064283,5111.858684458938,10763.370369553124
3669.3148233709826,4057.2416774915805,10689.980762268797
3093.1118283115607,3003.8767384258267,9842.251598475712
3065.224263860003,2430.202542481995,9780.398183508576
3043.479631553788,2376.9443824241152,8485.78657793589
3426.911856312997,3374.51978372659,8982.835225900966
3583.0829112954484,3004.8737315143894,8152.644666980969
4438.868957967053,5112.602873395731,9622.64513819049
4211.73729137939,5173.781315675077,9948.086528601203
3446.568220271214,2479.6774491097176,7911.062010555491
3932.5883210756624,4358.928450751481,8930.872920712018
4316.063410468293,5585.654186362599,9792.185257621995
3841.076676032495,4322.525535297499,9151.464451804908
3783.108089454563,4546.7690369904185,9964.141273206134
3355.8158400798325,3151.1369186114257,8066.985240521181
2161.1077007650383,1972.596914253268,6159.668109832804
2108.413067680807,1391.7273043988841,5220.557022426224
1870.359561529271,1350.4823867545297,4765.736914181058
1748.9768027151263,1224.9631552532758,4781.112055287318
1557.7463427467837,1017.4689102773142,3541.874622646502
1139.2117871384244,1105.1283891154712,3472.3483647024664
1069.2547283527808,1120.2236156322554,3402.2020060851137
1326.915230025233,972.1556533626974,3485.145415136748
1343.2132003954603,1262.8484044884574,3803.8153017299846
1251.558505552231,1366.653063337241,2916.6336700219754
1166.8688189497898,1110.538387499034,2154.2549511979546
438.87688531744834,224.27461652151143,1245.0059861387858
268.02969587758736,182.66450642317082,1725.7569010091593
532.7232487550555,293.7268116108277,1176.6457879001637
1616.2993571613752,1177.4592646327917,1381.3860723720074
1478.007977373072,1295.1764565747783,684.7383553147259
1435.9276188138497,1268.125893705411,640.6320476820136
1448.5026248027903,771.8776577133715,772.3148539482036
1226.0398109244268,669.3343875727907,693.3792674089017
1204.8405823527928,690.4854999121148,768.0003848386139
1244.085134989409,703.8312987546618,1685.8750943761409
1353.3720807302216,1106.2702064201958,2946.13338511013
1297.5322995761655,1128.167577424961,2899.068316601671
533.41028750968,439.9276032951974,1264.484977784572
409.190491324059,170.4228876547314,1134.3145443363292
317.4328540499756,0.0,1035.6661960690956
147.196185238256,0.0,444.914861405099
360.8969164711001,0.0,522.0733344011278
434.86388538029956,0.0,482.0691449075604
386.3019520698396,0.0,439.22127512602384
251.05264984673536,0.0,278.0078838432382
214.4111146905595,150.66894954467944,333.96496896584046
634.1212399354037,374.8450494630822,1385.7416704281186
847.9652922403626,1055.4108541706491,1622.583660122844
1600.6018574888897,1050.753843866155,1682.080353919839
638.0211233868608,585.340842677624,1366.1557519767248
681.4239538208707,900.1719652548659,1521.906712298254
926.0423793115225,852.7393909144671,1909.574077883669
503.95836651061694,433.18359523887483,1099.7609107491792
704.583463887877,485.71221038282215,2203.448006791679
892.5605404071786,517.5175787562267,2254.887659417219
773.6553777324233,601.4768611373152,2055.899480408458
1043.6831565698783,538.8759648654308,1753.770925345069
617.8949308145172,616.4260308076543,1265.168913183854
1245.0812504253347,1188.3543492953233,993.0868784492908
1191.9379074914343,1510.24261862178,1617.5681685493985
1189.8954033789012,1572.3652491353328,1588.0825730811991
1853.9843409574498,1224.0495471635716,1340.427756598656
1265.077796745782,993.762019446803,1834.260589014629
566.6218686032007,835.3452008628237,210.7424456086252
222.26097272762607,252.68022043545932,122.22457304209917
161.11376633025353,37.12747773442725,102.52264435087348
416.0003114878567,435.0743845927708,87.90126432191818
520.6796981456558,214.05819492760108,41.15653724286243
615.8536555908785,567.985969081032,122.60917607194814
849.7958474097263,1019.1993221099309,258.282164945434
860.4133571234089,491.2720011939617,217.45713929636983
739.4089360439991,440.32629780089206,64.73926970939719
467.8636149628342,310.71687920888553,22.02720845346926
638.7653758216156,347.89129449899264,0.0
762.0443911897107,370.9903083202685,154.4652554485372
416.71449220011397,127.5276010287983,71.51529355370803
201.00345706294127,0.0,84.5758442246887
151.70387293769792,0.0,76.36996618948116
196.0203015640204,0.0,248.3155070865677
124.46584186513203,84.54684426589415,147.7089776179098
348.7464845322955,164.7131762800026,138.61143199338477
253.2169567760751,150.35695791177696,175.67982464091304
257.7969025236016,215.371259538475,220.37370612924025
226.0374999651068,0.0,179.35057246938095
183.64269258174153,74.20396738504093,0.0
0.0,0.0,0.0
135.32645639103728,0.0,22.316426763322564
112.75039147134372,0.0,128.66807051837276
94.08421448495558,0.0,20.8537066573986
117.03430863133539,0.0,73.5383184447289
75.39975398719723,0.0,0.0
296.1623944257678,0.0,0.0
348.27123092273644,133.4151401756579,0.0
92.25784035459873,56.3399654755608,0.0
317.04647627831355,89.76913354629397,0.0
126.24130882987724,0.0,17.57672372403999
237.48707667321634,0.0,103.25909311593648
327.6620065253468,0.0,103.65034535549158
189.49025145539963,0.0,105.4195779804884
257.5294286536294,0.0,175.106067504175
141.91312776124596,0.0,255.30253215495995
73.76769939349289,0.0,362.20811838031926
323.3257892799597,0.0,266.71251851558105
387.9292548202174,0.0,343.49676113906133
384.66861004653913,0.0,63.07079640671478
124.05985323383635,0.0,229.68012569391897
156.66089802198707,0.0,277.4494519659839
124.66591899375129,0.0,314.3939976251729
1056.5593234317973,853.4862577483195,440.3271909580063
93.94900122830201,24.715041918138084,0.0
0.0,13.854378392697646,0.0
92.0385830261364,84.69794571667786,0.0
0.0,191.72087192155857,23.18689261967914
0.0,0.0,117.439831665123
0.0,0.0,94.96172375936918
0.0,0.0,140.9675858420154
0.0,0.0,52.84813900482971
69.01040301161295,0.0,337.7877909479168
669.1270799979023,956.0352346598111,803.2496160253847
1166.6141813325407,1068.365107236698,929.0219262798972
332.83670826458075,836.7244705646605,599.5685973185005
167.06785861547965,448.2415689822181,472.4938151819856
551.8214821099089,680.4572240468792,721.3688094207566
521.9667689826828,692.300867489139,659.0784105486124
75.09861210745926,198.21696329155364,388.3922928970039
1069.7191387016805,440.9031522546223,646.4269257154334
624.9000270450954,545.2829650308672,290.1742184947182
868.7644438226753,580.2205744500764,734.528448729051
394.57471103884905,357.51509527456506,499.59928029169777
242.2772630078927,138.24680018029935,613.9411295102099
450.58120297448863,104.99970777349243,1034.286836628387
487.47919362697564,185.7336681511219,852.081817932521
675.9380369233661,693.9040241912347,526.6340788696907
749.3320338602036,745.1590559452092,692.8333136330183
461.7364188898175,435.4103702950185,78.23740356917986
147.93280328040325,172.96106489584855,0.0
93.72249711039542,0.0,0.0
0.0,0.0,0.0
0.0,0.0,0.0
0.0,0.0,0.0
0.0,0.0,0.0
0.0,10.731048572224967,0.0
0.0,107.13473344115164,0.0
0.0,125.18263748116925,0.0
0.0,124.79588252622521,0.0
385.93057026158914,287.83797321157874,41.106690741605256
467.43956236998923,354.44678741859803,233.9508630078641
264.8794699558382,221.2394421290764,0.0
391.686371927805,370.290302314409,0.0
1997.7502579090344,2619.253817162723,497.447860501319
1314.240333051281,2345.686959953216,531.6969383244505
1544.7256847467281,1941.4665607509655,386.1408341310915
1439.2261993763886,1737.689147366548,370.25922197020736
1507.8655162994414,1779.367520175896,489.2073913045148
1255.6016151962183,1625.9734319257223,394.4626932418863
438.19521061100585,121.01464062834957,29.828070534771747
189.82090659674904,152.63665852539484,281.84291122201284
165.43264309108997,0.0,206.90234126605804
155.3419431518567,0.0,381.4448610086693
259.90571576190206,0.0,471.8461577620998
121.66711970182811,92.55934895912564,321.476803458036
640.3209701567114,452.71950192786034,332.7435376307275
230.96819380554248,165.57979818823466,261.44799396842984
0.0,177.5182275139035,397.5642839114277
86.20311257925056,386.07051104131665,656.6988270023654
688.3016358165398,456.93746310020856,776.5700520497751
592.7447977499487,513.641041837102,600.3451299546211
703.8121720919077,629.0979315149606,225.46505167157545
641.3751518006093,503.09141894959697,199.0887604225139
1048.2443221776289,793.3515635849672,433.8304182883798
1552.1051064216997,1993.5834353511154,1471.212484365671
1946.451144379906,2705.398668298872,2054.5835218927527
5584.760025904634,6279.689766015718,3054.624867957263
5852.30176208664,6030.289591751124,3228.0005313283527
5297.748560073306,5552.793391208161,3290.118330191917
5298.742936328658,5372.918652489624,3183.3781161116253
4156.044913082891,3816.859613885419,2104.770338068075
2042.832414258399,1650.6563878983347,601.3677918386556
937.593973827804,941.3427621850932,243.388634237114
231.03908042503724,333.2789739645273,46.7246222589232
198.12998067211353,228.52234133043973,90.49516545990171
0.0,154.37761978816548,161.61100153421486
140.4968568889006,0.0,64.29531215652675
146.44015480286677,52.7783563615781,144.95215232440793
168.5643201139027,0.0,184.09336362884423
115.1266847618486,138.73899795540433,192.29528874853648
287.50807470582293,18.875862116206743,38.764132883442
352.25408710805993,67.33326416739696,26.71456164677528
269.38651006799523,0.0,28.453458175342764
387.43494857529635,9.248487512576048,195.90728199803868
1729.444354876296,1083.02405633005,902.0542623744047
2839.4410029178443,2920.8497517804153,2128.133974317815
3105.477584229536,2562.606775918645,1947.6653325989944
4678.8953884101575,5814.597290878865,4249.3503847121
5519.319995635482,6275.243646212141,5087.101188606646
7302.673840160111,8714.416117009467,5944.94318249111
9805.757104342185,10929.4300646222,8824.120091545508
11364.21868961395,11771.75147140708,10871.61512095806
14840.018918026775,14909.454940480351,12765.939867842828
16056.454362475255,17256.907351262067,12573.470525114884
15789.523673655482,17908.60115342036,14017.406874170292
15685.716884946783,18113.70375945387,11584.288525457556
15707.143582477884,16088.463573569905,10153.242567836522
14703.102762131426,15801.12359389437,11607.259990775625
14620.11765540428,14218.020009209451,13226.009727261597
13519.445292278593,13819.74759754773,13792.953236172689
13212.854024175827,13400.88474146464,13387.247602282252
14391.700785250063,12913.044955554607,12713.402765072024
14484.346846202307,13214.086109615224,12392.043433331231
14154.219993978733,12358.771959682088,11718.248103626174
14343.96360455739,11262.755463326912,11215.918757247186
14166.545636519122,10854.845793813858,11024.950149575276
13814.715812021417,11001.378698239605,10819.651154344276
12788.812946637123,10593.521338530485,10218.667852165603
10774.82326926272,9009.29999779263,5052.321156343901
8052.9931957114995,5991.042746417445,2526.234890939807
6913.493031453898,5416.504171723539,2411.383102664383
5995.096417047868,5664.455804204594,3320.853451057601
5862.251663031262,6339.673723119872,3479.7970387384867
7116.098736629476,7082.301295838297,3954.6558057405696
8411.124824509667,7190.948876410796,4933.701167897867
10277.287291832761,10514.3128854573,8866.303571703307
13125.289816034814,13680.404079353077,12202.780741257724
14369.865925362536,13651.183174180273,12586.257214134075
15153.41158546614,15801.776855027325,12611.152620516616
14880.178900687455,15664.215508912666,13291.319708916692
14414.025605573743,14733.167001510477,13384.352022030209
16330.48944365318,17207.197997203668,14716.073820248126
15812.889137738228,17324.18059296582,14644.806717023455
12569.226208393824,11809.063351829387,11509.014190799126
10212.029906613681,9190.616290850516,8497.870133200544
12443.640822323108,11469.797657773048,10486.354638425131
14907.850726313527,14665.820602851734,11806.288642042176
17141.498298879214,16449.899957159596,13344.276044287111
16908.41781918478,16690.81859150103,14059.073269716757
17391.202952627205,16945.53007214731,12544.384855853146
17180.67920666998,16946.15245979476,12874.580021858712
17134.668037235548,17344.24618637067,12967.15894674798
17368.045170330606,17607.06301347552,13353.468256687209
18042.11394912972,17892.38251366917,14112.498839956006
18105.10712852005,17797.370710017753,13922.058621028673
18131.510186771746,17642.87155697726,13195.340806806951
18219.542524737466,17408.467884954935,14038.804590235655
18437.398681090155,16813.189398499795,14139.22589237129
18150.418209519925,17458.29919146725,14150.030168748644
17523.789962950286,17258.333874311524,13664.72578136392
18214.893126782008,16419.81657560302,13593.48051947773
17674.81230344996,16511.190680510445,13369.863597307878
17718.27748389954,16427.091055402383,10669.890213167197
16532.385781687997,14981.915755833226,10102.74755226964
16039.20499049547,14496.59271819549,11323.658886038227
14558.569868584058,13582.221456759815,10849.542740444544
11827.048363871374,10366.421148132787,8354.333581424398
9702.642598661263,7778.89650937011,7226.57445408994
11422.786984309145,9307.980375603413,7791.864062774984
10995.530563976768,8594.510160325846,7401.755109946294
10864.656237462237,8949.716067622638,8499.638956115066
10854.930523266865,9263.039574248643,8407.30328142646
11093.099105996105,9433.724876619342,8529.438443937544
12149.420127666357,10798.200267691383,9780.258375294836
12673.904045806497,11322.186503825127,10594.632604505028
13428.89492578043,12119.90840091545,11851.699114180048
14278.304744840907,13870.313976085725,12403.708847000062
15542.217352146265,15007.30314089083,13284.393239258128
15819.70929553797,15906.448697607633,13794.701446639936
16797.74076565579,16813.397814060445,13134.532324381153
16824.751652394236,17307.030977774804,13977.296347786929
17034.649099140235,17818.29319076959,14691.30852935071
15615.140617410676,14979.436066575807,12426.63250582964
15206.866779861639,15823.989368249924,13459.58586024818
15456.31495555995,15791.128946850244,12499.427696425004
14628.827481581535,15135.634176332169,12619.78197125072
12628.789349729952,13472.29516839956,11721.123273171628
12888.146395507063,15410.378936124596,12311.10377951304
11239.455948829898,11921.713203592506,7976.265607206116
9532.27448735471,11784.022419002598,4519.157167844674
4899.219108056763,4449.203746829919,2403.432855572145
2279.9283710484824,1516.8458921666352,1400.8730628247113
1107.8500098420216,1173.909585716312,1190.4217320466032
295.88886115213927,586.9107670017854,594.8761637541302
365.8622444465268,562.278578266093,784.4677444371312
291.13428375375247,670.946025273035,573.4301052688612
145.56093241961932,618.9505712813332,620.7256111541132
188.0952632750721,169.23030466653273,502.9561110577303
397.8709948768259,134.38338590543336,613.6115498605714
168.7045288184375,351.29786561327364,474.8233610067863
385.83634128453025,366.5408778477963,445.0682728693375
615.9705105702408,390.22283938163764,392.01000804274537
800.258666718122,561.4372788615334,231.57080715000163
965.8664993627659,683.9965140040933,260.861894204152
1098.8574056689586,764.0158984926928,293.04237670546684
884.1191560094738,631.528972544785,394.76699976251086
1131.9163398258138,664.9023808257273,229.65605650000933
717.4402674677104,435.0317598681908,246.9784622188068
680.0604822393739,223.3084924161671,97.03691342891987
1385.2111931251063,695.3795135541986,597.1321941907977
1839.0845295637737,816.428753958945,442.2961043320859
1562.0738012390946,829.1197129329853,84.40265239167309
1234.322039365888,946.3553489852812,137.69340998808138
1378.4353999864245,1409.502077750431,588.4953938696624
2132.6511291829374,1622.201835538102,976.764173094698
1795.3355390294053,1274.5128372818194,1119.7129867949982
1647.1439669106744,746.4847626177138,1177.290324955654
1567.043236840274,656.450736444628,1444.704663601883
1238.176017210395,249.557722919291,1311.693564045784
1341.9786883138286,228.2578200304282,1951.114445022528
1447.5340089186955,236.33593588131194,2329.3072533682894
2239.5371536656894,1209.8462395214474,2168.546444806579
1607.4052016807086,766.9574239801606,1560.2287046879926
1833.6437175527058,1664.5957253096713,1910.4980548815483
2445.401564381872,1509.6720104587957,2230.572325734296
2221.29245811227,587.17188791096,2932.695646123101
2223.655571631784,729.4412606379021,2843.8798910644496
2170.4663887433567,162.36590036726682,3543.9991287382463
1932.8500205827133,115.03314509537539,2791.002210093354
1407.9953215373928,0.0,3132.445521486571
1469.2992762362046,1261.3122731889957,3519.37827422494
2278.9107402250893,2473.8786672276347,2566.7575631591058
2993.712227763881,2899.066505914295,3349.8288910856977
1533.6988887833872,1716.7397661676298,2452.417080973942
1336.0755985210249,940.0954174999371,3977.368158087848
2643.578357852443,2409.723731887348,1864.069924685496
1716.0704500003744,2186.8153263406266,1576.732941388358
1248.7053172941587,2156.4249984934045,1173.0516405811902
350.3113850946125,74.27382869970015,200.52452960882047
566.187406914716,0.0,233.65723349501368
0.0,0.0,328.2329833297233
0.0,0.0,688.500888467939
0.0,79.97832762428989,597.9146760600271
0.0,169.2089486935967,426.9406592051725
0.0,0.0,273.50526784551096
265.79620248921935,225.15389979393154,577.1919571130367
0.0,0.0,353.32822338923256
336.9544213607767,242.8744491086604,578.3578008796422
0.0,0.0,249.7485140671276
0.0,0.0,84.46285098902545
0.0,0.0,249.8946299214745
0.0,0.0,0.0
0.0,0.0,68.13599623519416
0.0,0.0,0.0
69.27247395012859,0.0,126.67402225627112
0.0,32.30367961240129,113.57744415551498
215.78327609320138,101.33017390640107,220.40972461624372
85.13645039918677,228.8225461023181,121.0627503169303
206.85653970025083,132.2165076359186,149.33594104524843
343.1898379648691,217.9729728210267,88.22865561099921
452.368242228893,176.86329236942657,214.37704259830264
647.5392348744964,368.0683899689282,182.4239454813581
550.5680367276838,286.7620171625215,260.9135834020627
862.525093841223,1561.950292746074,305.28828574194307
522.4100468632378,1395.462401488501,381.2530301567256
707.0928737892774,1737.7966070104505,382.7058359622434
2348.432257166321,2126.8054958570974,1873.396235835069
2889.124482083243,3297.847876745296,3037.603284974532
4198.9118744456055,4140.450207477847,2923.316474687561
5014.016061409427,5477.776744768814,4055.7963382527646
7899.373876996435,7295.027438531245,4786.822519517664
8341.129807984229,8871.105681054638,7235.284643630939
7810.199458369428,8379.039934848697,6723.148713210555
9504.833677263054,9734.354128776578,9452.2395710656
12383.3189636498,12851.65319229963,10932.31281537596
14797.68350338848,14258.434605964752,13030.666628053132
14200.910168717863,14834.209646090674,13249.6605904128
14679.553248817352,14832.687692040834,12947.31673250517
14097.254199454072,12769.32944410346,11673.091380307353
13404.639535852239,11927.805446645683,11071.602934285407
13568.87159687845,13947.279638865113,12265.385170891304
14724.346065190644,14203.287339002067,13031.653443722133
14911.955259934317,15217.617024890376,12854.393247631748
15439.536631538962,15230.835238667556,12617.623800817852
14697.137142646407,13724.909655840223,13430.328455705983
13749.506919916485,13097.511953292542,12405.261607163304
13386.182318080226,12463.448149082957,11901.019068470385
12949.562495625927,11635.52008234167,10564.24512786457
11792.976569220302,10977.849580105478,10024.79624568046
11487.114653697538,10129.343219232593,8913.325716324167
10922.86929327525,9890.533328330837,7027.127645190983
10948.285859318861,9834.059447266212,6938.211661837566
11416.465580729266,10367.115283941226,7317.690571705424
11628.64736702388,10320.682354191407,7632.696426404628
9650.058925193427,8892.198693795071,7598.71361348362
7699.388649744892,7103.731134231448,4893.852096987261
4573.18987613409,5393.821965784428,2117.6476483891784
3964.1437583734137,3806.386782042415,1371.252621808451
3816.950323756075,3913.9584657150344,2157.9081435253784
3521.44000711638,3831.803512954555,2668.5830977314663
3447.5565258585157,2803.4672635769352,1485.6566519529315
2696.200563940181,2112.877660273843,1285.9338940957186
2093.5120078169143,1614.2979781842034,1591.991975355408
2173.357926666696,2086.987916190962,1669.7695845801334
2436.739879880814,2503.4903449099197,994.8832402081316
2421.31529369959,2050.32257292421,1478.136715595291
2207.6812377954866,1259.8507096744074,969.1503659197574
1313.0751826498417,790.1709998892326,1121.6827500172312
935.3773013577012,503.1912667901724,259.2927016683471
1036.0495537138147,853.5250221021843,651.1786427691966
805.6764905853794,357.0393472162523,0.0
0.0,0.0,9.256422876645123
33.68745835560358,0.0,83.5743039061273
41.11208968202925,0.10772212242004997,98.8004209423376
215.8810131270727,59.209929161103474,0.0
373.4530007658204,218.83746819983222,73.7009648914091
400.7739431006219,333.62395987931086,162.9323474301368
633.3377171700646,752.1741736223147,712.9456930761501
1384.2289519066444,1145.6115092287516,1082.6926680175834
632.4929027073238,1363.1110124626155,805.9556459038057
1938.9251330815869,3142.007489865964,1015.153306271276
1919.6808527113694,3135.6148151661178,1981.5253182093195
2817.5906489399067,3182.8748577883994,2650.5985694319347
5592.255251802805,4585.401661278338,2607.0987713937866
5832.625616245387,5333.835584253002,3444.6925334987523
7148.909857251158,7362.943486557171,3762.986599716507
7866.347747438801,9396.62520811634,5621.191403143238
8953.251317776896,10316.910384251078,6527.510915909843
8617.924656551431,9639.965472928416,6597.0020289057065
8131.05742433394,8730.963473866197,5917.601716762218
7495.444129399979,7694.518098563346,5585.537595243526
6915.082741547509,7595.55477731358,5303.659479415951
7667.050885583338,7578.236047408553,5766.785051314601
5899.436543461282,6318.737418785157,4171.978813962437
4710.3212739972605,3794.6602093436068,2985.3095554039005
3094.494668711051,2475.8864950377797,1862.6612816128595
2288.712584155371,1668.7980026864766,1590.2233508044774
2681.2596953467782,2096.7800066751133,2123.437991118139
3217.3045865416107,3468.0402784203006,2739.6196712428696
4358.764734368619,3475.4554221730205,3727.571698649173
4581.507147530689,3913.0951047173803,4739.370616307645
4165.334832331871,3443.475174167474,4060.982552350164
4064.3956247866668,3773.095140037966,3916.3843206649153
4319.525835563773,4187.8181220054,5274.101585932954
7765.820443523171,8925.942289094502,7586.922359822379
12089.515821817755,13987.725065851486,9516.816045447056
14644.895682168799,16980.72592654527,11720.578543360456
16938.552544846752,18706.5455204645,13328.343240955975
17099.48251959919,18652.956639255302,15689.25389596738
18390.969890314853,19847.464457992428,16223.159979555225
16047.961806868341,17853.414662239094,14921.283063567678
18287.349500706372,19087.381515103934,15794.246338494131
19688.40931381205,19431.232410048426,15439.160251911891
18206.90169891737,18748.231535261773,14579.754633801
18823.843799195132,19262.091882313307,13953.138527903106
18898.79745828753,19387.01921142375,14096.660033792645
18745.85417161628,18913.66055571821,13078.996961680454
15976.494987207117,17888.422483431284,12691.29777608825
15874.33842293054,17065.639827356565,12588.461932091046
11371.6112466434,12849.51403087664,10259.62733466481
10258.606418638406,12289.646783931956,10185.855483087713
9222.742574880476,11518.35401133579,7764.795251829418
7408.6920742871725,11726.367742650356,9623.865850338814
12630.435913021467,14258.63757853122,12081.133488939344
13044.912121588037,14441.692143261833,12641.210631620104
11321.993130486306,11683.186007455011,9837.180845268877
9113.33734640536,10669.16792027372,10048.407541650824
7308.107176896358,9849.038855889743,8272.113512217125
7162.721978089509,9208.397245874883,7318.89803108132
6451.235774355266,9116.776902059826,7229.188541042702
7066.269039537328,9357.342915197862,6320.334394076645
7716.8204316857455,9879.671136954988,8014.831419194548
7585.677462084357,9296.308144921764,7912.440299186206
7949.578947073925,8895.109768562781,7286.554063892542
9899.708375363789,11741.038853756252,5828.80595057259
10917.77811971659,12765.189781785864,7601.501405865333
10898.7662386826,12019.06139445447,7367.285331537906
8710.491339679613,8617.527052141751,6187.530526092566
5053.035690068707,5545.199447324836,4425.972939526979
4775.56158853787,4876.510230431783,3101.069004545486
1906.3901341746825,1358.450600633105,1218.3732511833464
1026.8167462456895,514.7756051549445,682.0965389567959
329.17075730603324,231.14235972112877,385.0326556213505
24.570403453983324,0.0,264.9606040921343
526.6630847031056,152.8589176926742,253.7727278853852
653.1506867997308,266.0280432406231,106.21437310603471
450.6139520884499,236.44954576340692,251.28016781395576
0.0,93.84348816589446,541.5373734704724
0.0,347.82583020715475,864.1519873118594
364.48751773345384,511.90608518110434,1922.2136810150064
512.8411688161715,509.59924612514817,2179.294029378835
770.62965840026,720.2755345008111,1855.427398158921
296.6362099017083,860.7997725632314,1416.6014331977892
955.6592076469709,1505.5799611992193,633.250267629713
1357.4770215439332,1403.846212272281,1428.770031140486
807.0066204401813,1019.5406508247153,857.0128414436715
1130.5304059799294,1081.5650801946313,898.7751814055524
1183.110210502506,974.2840487767493,824.3838489591647
1967.8104391309103,2109.633835241254,2435.377086145721
3993.031545098802,3692.5271673806874,3466.896969486842
6078.382379828666,6962.327952290142,4056.252530298498
8027.176927137948,9850.066348451557,6304.839364915229
9673.005249082946,13562.434414838597,8947.343222005036
11978.945125219816,13454.994679636737,11448.081426109604
12164.487641949456,14229.266213373341,12389.229989919564
13173.24717378375,15713.367098010218,12976.372969668462
11810.333297417827,14701.16152675339,9200.743848994218
8886.890553085179,10177.337549636364,6777.103412446424
8811.572407383343,8596.750561219356,5748.406644436148
9493.730474173331,8555.603401767212,5902.942291452818
10356.608881480506,8771.25576881606,7835.083141158781
11988.632743890386,11063.022586682231,9112.079446469652
12760.505685697086,12204.017903161248,11724.62330822233
15372.757547849973,14880.276447916096,12402.992153579487
16143.613641694788,16756.88083385205,12415.037439738428
17138.40415988029,17371.403221534267,13706.64809059334
17500.40005480967,18488.951202916225,15142.97394500893
17587.90115470758,19103.021666364493,16330.41659669312
18095.56883130532,19354.512122174765,16651.90814445322
19113.219233474392,19241.863329853124,16228.654578009442
19052.20731965888,19267.634909173154,16125.6451488693
18907.135450183923,19125.208867190362,16037.2112092853
17727.105893708,18303.11760552856,16490.04453793928
16886.98346289951,17914.283068092645,16271.288582606345
17915.561796659033,18587.80748954354,15638.893991247964
17291.16782076255,18650.95626612645,15206.169642771589
17981.37386476612,19236.606628868518,14121.643302262524
18495.131079858296,19523.753173387144,14536.58510874993
18216.506326508992,19380.049613738924,14958.66209557159
15439.873225985899,18647.314491289057,12207.92150966726
13761.227431415891,15996.287608066392,9324.51076212004
8845.865930687049,11665.52178151144,8068.977368885066
7491.980676822777,7275.472728933649,5588.3616930341295
6464.247374698725,5805.96274570843,4869.49862685143
5740.682606775235,4224.300446592419,4648.781358425609
7125.3520638044465,5463.632862588297,3902.841277663023
7517.921564827027,6437.099180851672,5274.403248554768
7136.008397858875,6247.852567918935,4596.686067185911
8575.802590413803,7618.83514325025,5013.289061567788
9710.405061503976,10116.801876680101,8169.715056407583
11638.497543947278,12682.151609474238,11677.17278826138
14791.316433450696,16587.235170431606,15291.44425199476
17162.76787558038,18808.568913370083,17084.710908255496
18396.94528214493,19573.03799641265,17340.89144041323
18570.659195716533,19845.971900710872,17825.54227184439
18450.683425846448,19619.349799876778,16831.5545769797
18147.604471042603,19223.603058222892,15791.665007427786
18554.31150089411,19162.796089572817,16226.92140320891
17926.925587813097,19312.74477665928,15852.200515299455
18805.30283993251,19755.721248811282,15897.234222714857
19370.51220522056,19969.293052325866,15748.08161627528
19542.785256928953,19943.113216153022,15773.056469815305
19961.6448525086,20009.974027082604,16430.535243455288
19756.408509952398,19898.448084217307,16200.667789840663
19302.34399155102,19913.6634405356,16210.703704364068
18303.058073110173,19664.223507036193,16109.86388075933
17058.332097301078,19428.159100833593,15886.83091187754
17091.785711387845,19094.97558458378,15486.705347873056
16691.207625145238,19007.333459779446,15474.805470391722
17111.339262421294,18815.99705791378,15297.72647118182
17262.325600467157,18817.257859951646,15414.640481731089
17034.104073850755,19134.227044899548,14731.14780149188
17083.087942684273,19235.998206512646,14986.268190475186
15894.689193753538,18805.694643605882,15359.63728486906
16764.94455263576,18001.23055530754,15483.544998667814
15967.040718638073,16585.408110657332,14055.037771057809
16334.480148399323,16916.07561777897,14546.66469042459
15933.13010756697,17787.27228996888,11673.197360734455
13901.570143817726,15333.967501572195,8650.925993277076
10507.291315030243,9693.675663404403,6469.972344512823
9462.313049688337,6917.913879661698,4908.04216042437
5705.248359310546,5011.44367663921,2816.3583270143727
2517.72639641483,2351.915133906667,1286.0476612633538
1516.2066317855385,768.3338260688986,628.6431558232013
519.9792660518355,512.5267397516101,0.0
548.5703744564647,402.73250051674614,143.59054559314802
639.5304315011934,446.82306720244895,128.3681318250699
764.5150394262616,488.17286477570724,14.039983475658794
425.73121190116393,470.817349556007,87.45503053782733
433.65846940974166,581.8470004460428,119.42761868439176
473.47413978346884,652.6297686174449,79.10855002629296
114.43558367539416,132.0683303983757,93.17860451467006
385.4420599664337,324.3460372010174,261.34154145034097
1122.7563933208096,1401.5228573867128,484.0740688199952
2558.4705016330263,3358.1605204547527,1696.3219007508917
2906.4337550065575,4485.631795122421,1927.507477639443
3537.925725669991,3903.900831509121,2341.324017521908
4968.716196255975,5537.675117574676,2729.8416480497026
5808.24750177114,8339.134021703336,5762.62685337582
7994.796558626592,9251.056834526586,7846.625022186766
9497.40800714336,9946.009214518357,9487.677520261484
9271.945425266995,11173.449934868273,9441.400400125856
12212.108915942394,13339.290955244971,9226.42994649424
14090.533220024572,15836.253743766227,13585.337241689003
15080.114439854027,16741.44595788332,13617.1481459878
17516.948474871977,19384.833468039727,15829.836719794965
18206.271197732163,19731.747480143786,15747.82440956412
18088.469241785675,19147.78875062584,13600.935514951923
18362.57788577159,18843.838218850797,11819.273889225258
18630.76474738151,18583.47993886548,9576.57312746977
17793.19406135468,18832.266181514908,7900.988041780742
18222.292148304157,19068.00660108829,4481.620916002771
16843.90195484297,19017.64487063261,8994.309230643505
17140.946876845617,19074.970142142185,9403.794490152142
16274.757473517468,16190.556230893588,9314.055876829145
14947.24016314304,15500.912461445367,11493.80221653394
13432.184590102292,11493.98934818309,9350.508117411317
9425.11870897905,9829.077222371016,8532.411694007871
8623.021910442812,7955.124496308368,6672.595714580471
7762.776522380299,6040.447361563266,4287.569162847864
5942.690170144937,4223.814648786946,3122.0195469641067
3639.252268588827,3360.3587876895153,2088.188367344759
3092.465332283403,2832.6208915652683,1511.3969994717777
3041.3268254357044,2405.3840263743623,2167.8345849618727
2380.907661012357,1461.2249191568114,1719.5220418098022
1404.8484805312758,1010.6498887899901,1777.7845317460851
1106.7317203011555,511.77015878918905,1487.0689192473928
554.7045581401475,260.4489208809026,1510.3880994246858
295.70210872174374,353.951415151095,782.7388821093692
385.81869692810756,38.47031913049384,416.1060506010183
236.31339143894024,0.0,179.08618317569702
144.9241378294149,0.0,349.1540216413516
452.92413485849926,0.0,304.6857843760876
255.10524190545055,56.00969244017348,354.79790283606167
519.5704592350859,99.03808852867671,227.4666029539908
724.2189455489043,201.7363863078359,296.30578587187165
1529.0593388543648,810.130045356891,985.280994916586
1948.099537875632,1339.5421289174792,1389.0534440011895
2773.281634697856,2248.2235609858226,2354.5037753886445
3526.152293724704,2927.461076185225,2379.0438553944145
5167.999720653714,4281.524457348973,2848.8580284299487
6316.348936418021,5278.030346659631,3965.0462178827656
7279.354660700888,5259.779233484647,3971.894491600509
7777.877454188865,6342.741668287679,4917.28139399145
8021.735999549556,5980.965540461583,4879.964538522983
6730.496211669494,4965.826397041989,4271.437533923378
5516.208760564818,5024.707730382241,3563.117587462506
5240.414939097752,5175.252473081907,4800.062002648825
9381.908849719415,9486.975074898863,8338.253917086771
11117.935225018258,12352.963794551042,10534.30990492507
12048.193841511422,14597.65086191056,11264.984174921345
12725.581269667242,14884.350728405874,11302.391984424745
11549.098514789746,13337.368348911248,10938.783087268244
12366.65846494825,14000.554785428489,9944.490343580628
12701.080174170213,15608.461548636851,9480.419625577508
15511.402320895515,16594.664631704843,12142.33723748734
14239.075734806209,15570.750445340533,12547.498779923824
16435.52111879433,17879.6567939404,14222.074445826967
17514.732844635855,18344.191328258927,12948.372497017011
17114.481414593374,18708.091038210227,12934.75180920624
15364.12051822866,18025.258614694616,14719.36994573334
14460.579702851812,18032.544421772836,15963.616617015674
14066.421123635342,16924.07532263965,15928.542903141875
13991.397816289102,18311.8922127554,16033.006711865077
13900.899813030142,17168.55497065293,15040.162730651871
15865.216750629914,17031.996367899625,15716.625034263549
16336.287267586438,17438.66477738503,13999.596613544249
17241.222152966588,19177.984534717976,13368.149274320072
17358.593056700487,18793.572565097384,12479.49126014332
17026.16524981595,18798.000891629054,13099.186291051685
16206.889679730173,18395.59054335887,12842.679847835623
14956.635704170818,17287.617406793324,13236.97199870827
14436.358224756239,16084.96906531524,13498.36481360548
15057.469692325192,15644.791384946167,13140.655260392909
15087.172819512198,15639.447099796465,13439.199644341865
15785.411612590875,16332.494022866482,13290.292057379858
14841.141185442113,15339.409663688839,13554.768584945556
11988.89004895697,12510.167255536528,11288.305980087474
12303.375858199088,10841.82019286783,8051.446643465016
8779.303716523293,8115.545527615714,5810.765603054549
7410.445369354717,5419.906131732397,3883.9882868055606
4895.206340099844,5424.689788151512,4168.957148316665
4016.9821953903092,4415.144049513633,3073.1258586797635
3589.834590338491,3949.1090011976526,1334.94753408859
2581.4700352277887,3739.2821329136787,1460.1085822670298
3018.292508448961,2726.4345720210185,1460.9481965469606
2633.011166116181,2132.973608234997,1797.1403206025975
2780.4360743294405,2663.317590665581,1873.733423245394
2664.7736749094734,2861.9831732655466,2407.0140876378914
2519.3510155431113,2287.958272711666,1522.0643962466304
2540.427047543208,2150.3904808486914,1024.0837531156294
2084.5915760209978,1508.0112537053092,807.5842270955053
1718.4824257799673,1423.8535332283682,671.8260183559987
1626.018797463346,1381.1847599063312,306.742066581297
1584.412058166739,2269.343808581979,726.8284435380199
2233.9798853420293,2976.7014423085116,1756.5615371630074
2617.451967585616,3490.394318198067,2225.6672715740774
3589.7478244884933,4270.987717009682,2024.1809428405084
3499.3215395261236,4180.629146605453,2888.172824774146
4172.146728801238,5136.731391848414,3271.646254243793
3590.041415297529,5366.053238001026,3920.013503111082
4175.143454063159,5766.702420618063,4357.1604130761125
4542.849025922061,5578.609816550009,4109.396164455136
4594.165048252611,6029.86769083557,4047.0254945466777
4355.349087518988,5850.193843568209,3576.6722617469013
4652.277251533465,5096.002546648241,3622.219431528317
4512.073924597687,4624.47255597018,3653.0728721720816
4270.63740419448,3582.475658888321,2460.883080026304
2278.7845051871222,1698.9155508695135,1576.4274185983384
1882.3895700439293,1298.7521337595458,1374.2898170083934
2334.033529228003,1893.2944623517835,1502.6285000148646
3130.122688348695,2044.0728458123065,1629.9189812218042
3248.002415607859,1875.6485649667181,2177.5339745038464
3613.4927339455244,2270.7733857695375,2379.854172112431
3079.55670314238,1807.66516828923,2653.585364982147
2539.8894589997476,2056.81477947455,2558.304014210304
2919.2567958328204,2542.467262381927,1001.7288999612856
1961.8564387095812,2247.761912042998,1204.6702788240448
2156.5055300390763,2558.485536318507,1072.979843320126
1449.080553346326,2454.417922907745,678.591024496495
1800.72494941872,2444.6298148868973,1224.8445793562476
2994.366386116556,3260.9133425367345,1588.8584711553444
3126.803203639796,3672.566519728912,1616.133592613346
2932.4646988497248,3774.9389769452328,1699.1407719659453
2723.5372694413527,2126.042449220803,1492.849450744685
2583.9728006494915,2578.9012339143173,2039.8484327327976
3329.3553986566744,3047.086835030365,1469.4475315563875
3402.134564654769,2865.2287251558923,1779.6269715909934
1389.25946591864,1683.7137632126864,1175.8373793155235
902.6384926818197,1260.854065495635,473.1127782384859
918.6649864432087,1335.2658521806434,499.8971645211743
1567.6822908083773,1994.4734434976542,155.39769476738186
2696.5211037028357,2696.5972266743875,607.584150553245
2650.7577532696523,3613.1769180199444,2225.9097146835643
4285.890813236727,5328.199305669066,4058.273552461088
5113.720438532439,7001.700665133822,6337.003443938388
6441.002488040119,7638.111170435546,7559.340939257321
8901.675804262017,7760.626740193695,10736.442453484826
10614.872133996387,11359.580657530225,12051.439713238458
10163.924443418962,13020.4994581081,12381.836126920569
12030.5030597693,12671.804763504999,12898.904653781156
11148.58920078517,11744.66439900238,10866.018814704808
12833.29690928037,13730.898019684028,11543.92036845853
12739.792839868347,15259.707855182574,9868.21870591424
12421.186316345029,15723.903670326945,12761.99518719402
15410.040180902193,16390.488849647263,13877.03604898704
14290.252920219327,15926.981857179864,15335.469416455946
13871.957766624326,15364.577618349256,13550.53384241983
15085.376640665683,16762.60898164878,14320.08982725739
15458.622568495743,16490.64135387336,14245.809952656016
15331.257925021117,14313.753768808236,11943.29560246089
14506.14278180394,14155.943875770548,11839.987839877744
13379.136184690104,13679.349769306662,11246.600489604692
12639.416609952797,11899.580242780563,10794.458431146288
12214.531755056152,12322.081252639226,11592.06122023468
11730.194623111842,11574.332349946866,11003.28695082634
8816.992618041604,8602.708157987028,6315.629624371322
5353.138450445058,4620.679216875927,3987.185843627903
5024.278150210579,3176.2631347509882,5115.964757288288
5545.352176773257,3909.6267348879005,5792.85456106968
5455.278612582707,3846.4985158967324,5976.688018139788
5644.370589676143,4172.211752970656,5995.352597516092
5280.778610660571,4119.975417058229,4528.972071131196
3918.1817756431296,3464.8068836727884,2516.618905612825
2050.881110076238,2041.33588647077,889.941930052683
1055.674914750187,1143.2977550928754,688.7716537211519
1084.1283504907497,1331.7800413234647,1300.8545029459642
1289.573267557175,1928.7717370101434,1308.1300078183651
3017.1511660017727,2940.5085686267366,1453.3530400620257
1650.7784186486563,1748.3970632363266,1279.271428388363
660.7962680916672,586.284588042565,430.1578564713881
445.1786387623483,293.48545533912284,259.8242747185108
652.1561501363736,716.5850814825852,143.7841282415401
733.8844012929515,750.2121735188023,162.66592586804725
860.9504992601167,900.0549530950075,181.1743602315624
1451.9871357291681,1077.4730503689063,84.25810858992759
1775.6531028233317,1490.987480237598,76.50423144858767
2695.7933956718475,2648.4802501444456,534.5086932097807
3642.420071093932,3791.4316574628247,869.3565464884675
3903.773153114277,3482.95492439863,1061.9701319171888
2975.89381500296,3555.1825666199074,1281.0466721599105
1848.4820352167778,2234.541455307508,1292.749113680052
1889.2845819318109,2358.5317624642457,1760.5480260435736
2346.3981121811926,2522.097796721926,1775.0552246886873
2641.370721200239,3217.853063393899,2900.61022540573
2286.1856866046423,4290.476636532705,3522.317584262295
2585.663102542049,4390.392766915404,4010.0202041149055
2679.886456842257,4955.814510005107,4213.44641537538
2350.435006699552,4254.240549623966,4196.429226805257
2624.1877666633536,3835.469234761567,2949.397720824149
3004.2996127996817,3538.0144142274407,3235.92089543116
3661.0686027028974,4419.134922654475,4309.841024608196
3790.607946950424,4860.354401709989,4362.324977608546
4821.890875181344,5286.423865245092,3412.2011751009486
4791.121358787354,5207.326846879274,3283.825587120448
4403.591410081665,4841.396211751937,3219.076722261193
1743.0017361005155,1780.2291366263,521.4614635421477
1450.9357523578221,2002.0743896919985,571.7543283763815
1937.6136031360634,1999.1326227574693,584.2164744365773
2170.4064181664385,1919.8953520616215,784.3899873364543
2572.115096371232,2407.7996761277604,1675.59768056152
2661.982405088869,2599.850296699877,1652.4157572195188
2683.8057420299924,2752.4909240962115,1989.1545925405424
3124.08131913946,2760.9764212145237,2159.370850774996
2307.3860957067404,2223.1690761772206,2219.287254967908
2026.594442826252,2448.9230902906756,2238.914526222139
2076.7426799689,2728.7857132494564,2304.268504947678
1962.5892311435643,2181.0818183483493,2087.629854444905
1340.896081358592,1883.5577074008506,2461.4108372384626
2648.599193337754,2949.820092900795,2877.679237485871
2161.7524812974475,2770.9903696395054,2833.817192444419
3819.4688727303055,4287.553221849775,3910.319630907672
4298.245310195601,5114.907188589439,3945.484213787885
5309.008248352913,5897.570529398271,6432.331475422287
5298.2446818830085,6057.808612179234,5925.051277913749
4874.254111604097,5172.6335928377075,5464.309050875102
4042.348881197042,5338.1609930370805,6597.765251039556
3401.9702368768967,3207.6415825503063,4800.27546613137
3286.9062010076127,3703.9168071731056,4682.356169002852
3479.127846880619,3572.3387397374036,6131.205345690547
5479.130170947057,6632.964700737557,7258.761393808288
7016.847469959695,7686.471338152732,9192.176759530808
9620.319402046463,8549.821308919949,12161.946193573667
7044.122050968604,6547.980290315514,11479.516644641992
5691.263387405317,4859.960053019553,11329.36811479416
7646.895601872311,6144.468949064623,13059.259052186537
5355.64515601322,4497.889682463363,11891.857133963762
3979.954090750704,2522.851889755577,9849.829915253034
5846.274494021676,4227.791714918532,8026.617792564057
3471.3611372255546,3907.11866157706,6968.487686332281
1390.7155828588714,1373.765533384294,4648.107522264745
922.3972450829274,351.19096315581373,2830.0242059267066
362.6253449072088,345.63565339257497,712.3371227157927
418.62510782983804,362.86619360906036,783.7055903899919
409.68123633314997,225.92303037587,824.0925077852983
351.2703351651314,85.4968754239316,848.1216333710829
338.01149976663186,183.34847584660557,779.2617043340576
228.76097633805418,0.0,228.75454040029376
159.3166186194157,266.60301818943856,287.05782873437084
0.0,135.5037846477032,379.2650932979197
14.947412864602562,391.5660544914899,234.8653367588598
81.79876317827905,584.6309632352986,607.4081379789801
780.1588890739714,770.8071186925448,820.7561350454584
2359.5060544528305,1692.8431670334767,2602.704111561912
2968.171007239601,3684.9775716701583,2310.7107891540786
2736.897836907727,2318.99193682609,2105.843335911804
3438.0895635899014,3109.5338149899285,2461.1576233487417
4484.544341362431,4239.277250722778,2316.7772378132527
4584.770487799601,4235.130965723219,2446.0502332591414
1988.5274641015467,1543.5023752291256,1502.0228843712384
1181.009052741703,747.0032001210978,482.2986165051734
1045.1012098110937,381.0352274012513,332.2957907722512
1377.8103011125395,479.8101349763238,343.45248629482546
368.90004204026474,260.3186239783796,470.9809675982851
232.337432432748,147.9137218455812,350.3057895894008
600.6698042905065,118.37174720178494,298.2733631102872
687.1204386270642,154.19217287867446,302.9024280798749
1464.6210891396831,1087.2615615271382,1251.7885875115007
1467.3190871280285,868.770027674533,679.242854614387
1341.7569821139866,951.5540814733096,1054.4160702621166
1223.985407255317,910.7825175265115,1266.9416200482603
2867.9277041245437,2537.4960003054152,2133.5220342649936
4685.236786783159,5648.642527095481,4083.053932588906
7899.24387075506,8578.820486220486,5818.214406657631
7771.16046728771,10313.339669211273,5244.594411260806
10555.842673785015,14542.084711226653,7215.526832934755
11543.696636728688,15088.676561918905,9940.685663518168
10681.224781689543,15305.321663547076,8744.613410155413
12548.003170073054,12443.136869200132,8986.22954848842
8639.100319676585,10815.300716970109,6878.552857400567
6731.17180668476,9632.18347522393,4488.421354113095
5567.141958768522,8557.485700333638,4058.004965341231
5685.972921929868,8383.743921586478,4183.77494122879
6558.815326215021,10717.129418840233,5645.169537718123
6801.236641981287,10206.946268448395,5684.147654882707
7367.607838600634,11367.736695591253,6219.26331611065
9794.946986818188,12583.100007519748,8945.865564544618
7343.1082484052195,10645.151462770238,8723.956611372678
7009.3354682405425,9014.5741974132,5431.082489643824
10391.500732682867,11382.70017788502,10711.609302081377
9276.321786922948,10836.4363787014,8996.712951029374
9717.45855416055,11834.8653254283,10328.373186629393
11911.58647861057,15178.969824727317,14041.231063469791
9681.191410343286,12830.920782442754,8992.084644567738
9168.72939786128,12175.925463935877,8144.069438926177
7599.969830430401,9992.069922354387,6836.997616346323
7609.12126918695,10214.230306773032,6395.555205601358
8518.193702940525,12142.58375609874,7784.78625865044
9502.200177982266,11216.883898917666,8474.515850280377
11263.127450263599,12338.852522910443,10265.226092090274
13249.99689992301,13635.63252796752,12130.461678449416
15961.933968120686,15465.519277799798,12785.335976905422
18131.621135649526,19790.77750312738,13974.416985260952
18439.759805035505,20486.683629710285,13323.739740335704
18783.072173117052,20405.205860377868,13648.350232072844
18504.52721492724,20032.81630298593,13531.38758609463
17965.48857622768,19296.453297966753,12856.733768957683
16373.616174836334,19155.99691638596,13145.5397217274
12530.059677755033,15290.264571440008,9293.34781356056
11234.884029894913,15594.99507752382,9212.37567211598
12633.59577749376,16787.81046561691,9166.26857915796
15309.098450331143,17639.914269289937,12649.963211384347
15001.425065171326,17531.662264691713,11048.294570184433
14600.271443673997,18030.6876382567,10067.555887797684
14364.756054990798,17792.97492682208,9881.066888808322
13719.438712546638,17780.400368603983,7641.972880262188
13335.01111308915,17978.363833954576,8911.442147335205
13930.428595427053,17709.914583335973,7998.0642963968385
13980.77321451242,17256.860277798412,7706.159550627836
13564.289979837125,17244.176985845006,8415.745042356115
13743.595533105663,17737.875402126072,8339.918941435684
14760.61272855379,18171.661502152972,8087.750682286517
15654.07463213365,18469.316069877324,10114.01639445957
16775.391434222736,19127.289975378175,9802.861799915356
16251.432681636814,18375.492964411464,10592.974948098004
15684.407216005917,16791.061775744394,11131.0636635665
14002.121045168096,13885.37749805381,12705.224585789112
12926.630747307296,14194.689518757494,13228.825445675198
9864.830313811128,12614.74897325636,9531.642926045277
9216.006127220651,11648.972149748106,9048.642338842674
8533.506301144382,10090.87546044724,7323.233850257277
8361.625869465994,10580.202393689433,6534.5137208035485
9346.02892329559,12988.815300337394,8331.628428773289
10905.47969598156,12253.928969544426,8851.059759791784
10359.80245227767,11632.185835794706,8187.442208841013
11042.588583175744,10994.222485805009,10625.543700291966
8732.727892027844,11924.043327119964,8525.245831950659
10163.456462219638,13783.640473963953,10775.090065686469
12583.087700265387,15257.197409093622,11653.943695267544
13503.592823766965,15798.981736665746,11228.8038691585
14097.469505324205,15170.436489243255,11547.881713601955
13498.874647874858,13204.387315245887,11922.61046370807
11545.811172094987,10997.294400134391,8081.533572533489
9558.636265397763,10277.851044436311,7978.718347847266
7987.316688571736,10518.881858003688,7557.019685563125
10142.921867730282,11088.225883121451,9351.624395633058
11757.849086245846,12461.215729488815,11226.61025003026
11174.135717430841,11241.407068521854,9791.619850665864
9789.86685950224,10820.301151147183,9455.366460880472
10601.341149778234,11086.908889163651,10526.695137733745
11954.931786464209,12095.022134925672,10444.306623457527
10233.385536971979,10924.14297803654,10650.338559722895
11545.217287092262,14762.703821435523,10268.837650447686
12925.185704039903,15384.081817497454,11427.299600619204
12518.936552119954,15632.99733585184,10711.203148313169
11252.114981933608,13281.050132107039,7009.5628731226525
10991.414641020221,12388.730073801866,6178.842545938076
7610.602109571297,8409.747356937996,4091.0810878051193
5934.6197409698825,7984.555935227277,3705.739532436519
3491.6999958112324,3481.641689164484,1857.704332512807
2020.2184552792808,2791.598649765058,1601.4446697716212
1924.9260214404508,1976.8002925203011,1971.7209979322329
1851.2877290383312,2591.5770864217457,1808.758453978032
1959.9553072370272,2725.979344398301,1785.5485909933827
2073.4901918537957,2668.200047501343,1900.0601636955555
1908.7423986852416,2600.4794157744223,1595.1932814229272
1932.9864385730666,2140.582942430562,1603.871992803201
1251.8036606002283,1325.3029895062516,718.4252232703527
1935.714065314048,3182.7635285766924,2093.548206450841
4190.9896703302475,4631.7892599394345,3091.3944304472293
4351.948986571837,5716.138615818473,4178.422580831024
6704.084694513807,8368.930667820861,5420.847456880414
7158.427319623817,8257.005066269936,6600.255196683587
7272.600834174321,8146.834522032994,7011.69007210332
6464.9737904532,6793.846953736475,5562.434823517349
5312.085068286677,6863.223528493023,6445.768891394258
6592.08725410235,6999.548346079725,5647.108855222752
6487.0405981667855,6368.430349548584,5710.38661992461
5258.442591160199,6037.37056620872,4911.2122397634585
5759.710713846969,6463.709885293925,4070.7110987656542
5997.485928186116,7139.855513236612,3301.7271656648327
6929.740392169936,7428.230283164186,4418.188886132677
8678.877274294844,7933.384098179909,6007.195837554453
9917.304163523911,8914.122695714419,6946.822637020132
10284.890256442093,8976.694333736334,7232.691198423906
9494.634633434927,8019.49977818765,6508.743707721672
9543.605172342057,7688.55529710724,6716.287457818782
9523.427989675542,8631.25592021473,8926.483745819472
10221.279181553502,10392.112923356395,9154.092161975668
11907.388143545242,10465.229026248657,9211.793046642695
8994.6301873367,8282.457561092915,9761.556477382444
9150.561475533472,9990.54303777891,10313.337578091505
8486.742758498274,11214.451224634091,8939.72757513726
10221.58794873823,12237.284189764347,11129.344831789547
10133.427884309478,12501.466296449658,11629.828630251925
10480.3551454012,13825.45154519644,10923.488867807024
11246.026411844943,14413.009902035088,10435.68390412634
12778.6332118043,14032.01636284041,9424.76600735947
11332.522504042066,12746.510548214572,10166.556766238107
11011.322249041856,12860.839870667822,9184.102522647509
9679.39886032025,11096.86404420513,7898.159277570038
7523.292195845316,9798.277258817265,5635.5625051634925
7148.7819064753,8854.34461470229,4877.239334281197
6936.190573142015,9138.374043666408,5077.906852501066
6570.652606088841,8191.981428281642,4051.660627798122
5305.17958368672,6888.0316561537675,3642.36091864924
3126.4393684795464,4426.893145765972,2210.039492546148
2649.463975736255,3181.2118313208484,1615.1421029969767
2573.6776772449234,3379.484159287158,1485.5906697589714
3457.822057290258,3474.847681452941,1525.431165410712
3123.098081044971,3556.300382769624,1647.423614914959
2796.5103056937314,3379.373506754504,1734.507472854641
3131.1557629816302,3742.1584278545083,2148.396221553211
3063.3280755865903,4894.599682207123,1896.0710245645428
2629.6314780336775,4389.877118394159,1821.283764999077
821.895263517689,1347.3031482013132,736.8642983620082
1666.5821947560287,2566.288519384943,1457.0400201481066
1378.6920279985652,1388.013899999737,478.3909888042529
1393.896998947384,1350.0724705245873,436.6403761097558
901.3767396491472,852.0406839611818,400.3210481977968
988.1085253375312,909.1396220165619,401.6123153722236
1349.7319104094768,1186.083013296118,531.1140725716256
1648.423213868375,1568.3973769201139,792.3092206326818
886.0226774912652,1184.3912180240839,557.9314031608137
973.9198138990745,887.82499839844,499.1648533863999
892.0822252435295,992.9018410399462,260.15945790807183
1402.751451492026,1110.750407861401,167.96416683456533
1451.151028565062,1252.0291977907953,137.20363544982274
1920.0731368271965,1747.9407548076802,364.3481273760824
2515.2836268549004,2361.5981991584194,435.8738171102252
4471.022182181399,4326.382150569269,888.3651916805289
4297.177337331399,4260.607718853811,1006.758602393186
3672.639050349369,3679.7763306806733,1130.8214674958251
2802.179576545953,2581.229035695489,1131.278474855336
3242.3977194532395,3268.0508086860896,1250.0277217227945
3389.433681037273,3447.174439844649,1756.2285589215455
3471.2108633425682,3604.109178346302,2590.2029876352017
2447.157959940917,2856.228094359036,1656.0644017466072
2463.9269307446966,2572.131339145706,2383.3425408779995
2482.3910376640083,2827.86991952797,1731.180850726549
3180.1618695535412,3456.621730558919,1740.1350956442927
2482.5760230270675,3121.5123524225787,1623.465909693809
1995.0529734271304,1905.907415256499,1001.6651653335304
1329.7665103196207,1422.5268904874736,786.7555082681349
1747.3184202009834,1311.359835460815,1507.3184288910484
1191.5197152003186,702.0516440828178,777.6190347386656
711.2149796544614,509.6411441134101,273.1306249997341
502.2066531647177,521.4221072712385,293.54596704958186
673.9558780247434,420.0802698687051,294.7959561994233
868.8349748384334,622.3936987263478,667.5351580348481
882.6238584130652,798.4563293836738,493.452370221076
938.2177258560249,989.242273002075,675.5929688884062
1241.0865873702257,1509.0285212724448,871.3494972032262
1797.058187351088,1865.1267426167515,1168.016242380878
1581.8376140743198,1649.0238803349844,1153.2651243915568
1268.3252389323552,1264.799063523962,1010.8461282589624
579.3636337088199,755.2116792668136,1156.14335616187
1071.6940000617883,1162.5912283752773,1385.463512244732
666.160302483052,966.4586862060056,1514.2862508526894
863.1453822639992,1176.8015945854436,1747.3450357855663
619.6225228196909,975.6486008271352,1441.9533162044995
538.1468218771365,1061.3579106174022,1079.228851837849
400.7872014679152,709.3442424344291,852.2301584755174
372.6454458801234,491.8022470977154,603.6063197613893
392.3193312955058,231.6458207126447,13.941854954818057
738.897555219189,263.6472540879221,31.43982442726412
669.7943879160712,535.3217694815764,107.9630988441432
801.6432976478593,606.1893413750611,192.14544441564627
968.4077415853616,776.4533053875329,242.5721325006697
1106.230790974036,753.0302690692014,230.6727733173012
1948.2113110539367,1351.5578626756335,370.74932159731975
1472.20297897178,1093.8264733211633,247.75697893078043
1203.1821745016646,1278.6206185564724,351.4635213194
1198.4904802385804,806.8677591000012,124.65993624647284
1077.0982821576179,882.0503932884421,16.83971311344073
1780.2931550510991,1030.5277415406738,53.85711312194775
1768.5549981052127,1177.9380149089427,170.38590088367002
1516.843988491967,1272.262175167556,221.56891567966687
900.1165965628797,1040.6003502555923,55.12908609304634
288.5878125155982,722.1961458959339,10.403594583654757
631.3422990142988,899.8481932061005,279.2052354416349
364.1835786930241,335.1494205514931,322.2766286549769
263.51552205562075,425.2711863997408,445.2438056640652
1698.8458097149673,1510.7857853909559,1104.2070052450124
1759.3821706131928,2414.4640481515285,1487.0158541498563
2486.6528256806623,2615.311694476106,2178.3228816250185
3849.3445415137376,2956.720094332776,2667.416722406348
2819.640783632359,2163.596596649372,2671.005394366553
2672.2154161745275,3085.3327049354857,2893.045166439701
2970.410482373015,3532.9431858034654,2714.608291135278
3889.8255030540413,4890.189545626762,2868.33486511636
5276.020796089822,6499.7530175591955,3813.0927289025967
7777.079397145787,8743.974963755049,5190.684121336712
10274.375039244098,11700.355043980519,7623.372951387648
11239.847876787082,12272.432522139175,7863.081247282986
12254.807058390736,14605.005967094983,8262.184894612958
11783.231348492718,14291.410649676744,7464.971971664995
12424.660598538787,15200.117480658326,8095.162470533192
12222.951817341012,13732.193024785209,7785.570487830919
13665.675369918852,17068.42698180645,9027.79769837742
12860.880305764733,15110.659646230522,7293.409986981201
9654.903097460476,10037.782799905162,3917.6517265648313
5448.625577140251,6618.857318146062,1797.3812276852466
2674.4723834735432,3677.1858684543827,1250.7118896351124
1716.0790322801954,1611.9078624573008,899.2456262598836
1902.6541330104747,1857.353432629728,1112.433886965695
2567.416085467645,2898.9343899092396,1771.8859491850274
4439.532468833179,3786.418688648323,2279.739350442848
4323.806800640055,4618.513255162526,2695.7652410564583
4289.211517349226,4625.959782850146,2756.2631592345306
4953.773492106125,5310.356112582264,2965.817888385655
5084.786856962126,5581.3108236468715,4124.519916846537
7677.328227564986,8920.295318183662,6246.420996694767
9812.273008209011,11778.566148534877,8251.939309430329
11836.310123842335,14871.54765133398,11144.465141842633
14523.800692230207,16698.24107790556,12577.581078646012
14280.471105944074,16304.82720786774,11782.240669418472
12492.30410316415,15455.022386419958,12484.864748929624
13677.611012986414,15946.980696067565,10082.436137059734
11342.323958924913,14955.810203814335,9542.91058808488
10787.125875209798,14730.547924414735,8375.115012422357
11782.943020402976,14283.393121399477,8294.687858605777
11404.57028054708,12350.615905123377,7634.000810905559
8259.59652407545,8566.650153010292,5570.805023313878
6522.071874521625,6696.167091914569,3196.0205127377444
3908.983365343219,4449.428005110433,1838.430494779164
3296.216323962771,2228.7649349856756,825.6356423094843
1670.5784943252297,1177.2883914606894,667.3097082163116
874.5504867693637,514.5609618790645,614.3793693673766
701.8307920719213,471.8954977259284,160.18741533810166
164.6259539921569,325.577750561394,68.58402704017652
423.840387150128,277.33326188873065,512.176643110472
490.42957682282497,705.9362012246138,927.7032925681652
1180.6156084302368,1165.5961606304834,1360.375578940156
1793.0717755657654,1846.0297444836192,2285.420464268629
3129.946829641248,2358.1418182772036,2462.055867475715
5534.559211140831,5099.169420782732,3471.3365673366648
8215.887608714684,7846.133913927048,5455.513681345316
9232.606190461847,8699.430531304026,5281.840278400026
9758.859965985952,10563.737663218688,5961.164884961253
10579.22648231754,11594.910369925803,6513.1668770706765
12521.880757434154,14352.086920182755,10106.7889811881
3839.9431461221347,3735.2183149506213,2622.381765746695
6584.047060315959,6513.629035367946,3587.355560302996
4785.859400077108,4748.676356353891,1826.0828149144031
2728.9964377169977,3356.3132972456465,1264.7496404655772
3524.14599472179,3962.997708286403,1765.2391587169654
2375.688810173932,2690.2587055623517,1400.572336255812
1323.4835675241345,1387.2745645683574,516.7418227206099
385.2237739779397,402.9856409730512,53.59009260597847
111.31545723048244,244.31426665363813,0.0
0.0,168.8435386296187,0.0
215.30924464023693,82.30517490864025,0.0
53.37635447186281,51.7899544980314,31.31963819618996
188.71575541279162,98.66881448222213,45.54498740388582
205.613254696178,302.9039270728775,192.4292555669641
166.40541974891357,338.7941998325033,156.14836788089457
181.31705814120394,147.2598770035872,180.3251631619916
54.8099245027464,251.75606995400457,821.366134481308
254.997491866812,401.58626394916155,539.6826509959914
296.21004653916566,430.2158434358614,175.6454503183797
619.6091091381546,793.689207183003,559.7943348368483
795.1535605339384,913.6433609845748,560.9372176419533
1063.6825106104338,1219.9622534671478,629.9897716518648
1129.824736854283,1296.5185292248893,847.33686220157
1184.1097147283783,1430.700366358786,961.1399794621888
3384.2024300534104,3573.410256464122,2059.6591590743847
4676.674246974244,5229.876875860474,5325.717876314319
6494.744294008782,6945.297509035067,7831.55944292473
7265.171696273166,7709.245104735438,7645.209235695467
7879.598479109709,8104.036346647267,9154.690400439362
8022.720634785953,8205.959042453616,9288.774092938967
8295.561163917118,7925.816058025955,11821.629967737335
7309.903353798188,7491.551805603883,11843.886824428508
7655.403725480891,6328.951568823659,8380.306442280584
3566.7605806670585,4633.336863199176,5564.959680882242
2312.8519229118165,2794.57289712858,3959.474195317165
1871.8861092637003,2308.811578248676,3615.760800081081
1368.0352545738556,1965.5783404974209,3191.4550917190154
984.1059493139826,1509.325252074851,3579.342905708816
756.8677255501448,1048.9502370873893,2924.198696595688
554.4553995273768,863.4836000833994,2816.7111820286
312.39573796732054,313.7340387877149,2313.0849295006988
138.72392431762637,229.42547790762842,372.4181442525551
233.59449226990222,189.81465558743992,108.2191547245751
196.6346720484895,173.61292001727494,51.64261822108113
176.03871529687675,214.92550770437336,0.0
292.14805493170996,280.7732931766009,0.0
331.2364320562627,198.93113534359065,31.14527575988692
321.5390668924851,174.28514645190484,79.91811080380184
677.5264599203465,871.9591288539199,132.35169977265392
897.1864181512314,815.5262047211337,154.4755909471794
1965.509050371521,1879.0119739585944,776.711261224354
2797.6238458961475,2692.7788767925817,2022.1604797773389
3989.9286953823002,5060.701370104608,2232.675516941588
5567.154500764,6093.1842147875595,3045.237847081826
5967.708439978788,6669.73998591824,2989.671423920909
4272.185233783997,4281.688158438464,1880.440960754228
4299.14601539871,3914.000945153346,1604.6773304700196
1816.4194477487326,1162.0255609737806,1061.7826297125032
1510.4204685449072,1014.764182705156,700.0383207488622
1001.9467159362212,668.0576772500798,743.2469278104978
682.7371552207221,772.895176722823,611.4020730906589
1348.8324579903197,1657.156113618898,1156.0824018302835
2631.000030624869,1953.0900263948702,1182.5709887831126
3386.8327965468457,2317.1910430248054,1583.4595296637408
4103.4187928831425,2784.2519781202996,2561.779889622794
4101.900104907662,3033.435307845126,3075.5810968575565
5474.1180236250175,5656.906514144936,4615.977868581399
6850.750220089192,7311.606282453022,5741.270954614766
4897.950844839088,6363.245226452394,3569.000980261956
6801.456351765739,8853.345466048493,3876.561108139682
6442.358228808094,7519.018162122158,4003.0649469944265
6604.3680517992,7887.661978459875,4282.680214017843
6717.696177541172,7859.744602122374,3785.71447086466
6392.633752372217,8378.888724839899,3770.4562040810974
4845.751214997567,5311.635374414757,2859.9090285460697
4288.489209561062,3561.1595715341196,1979.733740310015
3236.2920165746546,2851.507980555902,1624.8580744579092
1611.8371711470404,1768.1129415485711,1142.3968962172044
1006.8826708189946,1213.5711413118277,708.1664200124137
1247.954892429668,1171.1961015191798,832.1111903206133
985.7177126885442,1045.211523873276,652.9244348161593
575.6349664494458,736.7613498458712,405.8662681710856
600.183457021081,529.1455243306182,268.1951895867616
362.71511649110266,131.2269435538924,119.00154343417664
195.90012628071233,127.02151428611637,3.3176854578279684
564.2314084387046,652.7639377068233,269.98413352824286
1071.7916040568925,1166.4772846120352,956.5108407065738
380.6244668061348,702.819591473383,336.9363327400252
866.5686116229086,626.7896420349783,266.30289961069747
640.13264765096,849.6407315423666,290.9282784827627
699.8699118029778,465.57643469314604,122.38978780955392
497.8927689570311,589.381392844452,47.22198050125269
1248.757407231406,835.0164812845917,856.8029689361623
3553.4806293786246,3863.368633757418,2035.440121700362
3362.5739901243187,3635.8490029994937,2670.586671674816
5601.728552235417,6325.35603153812,4172.923962378472
9364.822059077114,11167.667738752338,7598.072210751499
11182.820372305769,12669.177377959151,8642.104153553028
11104.62214091783,11590.86890137428,7317.083030326523
9512.26324375717,10340.230045138866,7083.281760723598
8268.670075692875,8703.285556311868,6274.085613422079
7337.818493521165,6798.805475488416,5359.494529532326
4211.899511380838,4040.3280007993367,2961.081881001905
2635.5428951575113,2274.719751035976,1778.569264295786
1417.3902755973443,1421.0450016289305,685.9055073171003
589.6124452529218,336.37663704073213,126.03496060210168
742.4450376679126,589.8466666932322,178.87604087993796
400.24260299531545,243.0489847071893,148.15323586241485
441.48845963099296,225.8368111456056,128.5401270552866
378.0845850765324,99.1519053011177,284.3689210924724
317.7956709270695,297.3266581049583,386.29979640555496
1047.2330943265379,831.0989815858455,753.2869501937147
1985.6519233513059,1742.5331022146333,1618.7081034335354
2542.2315513349263,1987.9755478792201,2010.866512564285
3373.445449519828,3841.996503778998,2611.8258378783785
3880.7776490926053,4255.020526589571,3126.1414191003632
5329.276968640909,6667.521545500621,3395.888701889162
6543.288983447403,7486.247533677065,4603.213313206422
5879.8561225085905,6667.437959496085,4971.012442786627
5254.551556395515,5292.825699072475,3784.121111345548
2519.3150119841566,2507.4605083211104,2055.3326270628504
2691.793210827221,2110.8179055666205,1847.873886730362
3107.3015985265265,2904.309402900067,2782.930173603312
3366.7364751668033,2540.875750088779,2612.8605838300546
3055.042734105178,3038.9869269320575,3039.83749485609
3168.404443739317,2584.251564793041,2466.154518075162
2389.5096496693272,1675.8625840015086,2118.027739804376
1172.0772708330423,536.2524180334538,1142.7710961005014
431.447975372279,96.0519731233126,464.91106086163785
0.0,0.0,134.23172104701388
120.84961806334468,0.0,5.703251989995813
9.034031254868948,0.0,5.464606802456797
15.649194643043057,38.75004283352412,0.0
113.40351583505148,280.26312454408276,534.1485822587822
59.69553118963708,110.12756354837624,15.3192277267365
172.565377299959,233.61687166389353,592.9176415074228
340.6251236842314,167.65406526529054,179.21755420516024
480.0268834788786,392.0393181865981,225.6524454267113
1428.1152015633072,911.3563100019609,855.0427259931483
1787.7933516146745,1979.2430160198053,2317.107455479574
3130.713962395215,3767.471270401166,2986.609524608241
3346.0142647831585,4273.718334839336,2756.5826607910453
2698.197310948236,3272.3188654054866,2563.6942651835034
3226.968037250196,3557.806408914339,2652.217806995367
2095.7492272034833,2718.3168418389537,1670.0116551239869
2365.2061268396737,2768.7293534840246,2039.87355608428
1571.939815528245,1341.7032369073213,1038.3419257181072
1124.469182292639,736.3327943625609,682.2866718167811
1108.2161270914762,909.011886097795,377.607234322344
1186.2363326545787,524.267271728639,493.4040392610032
484.232348534637,183.55287524767624,7.332080611156605
511.31755492695964,724.163481980552,0.0
1048.9485125091378,1082.4410654894423,0.0
655.0629205076779,635.7264554397165,475.5314054486328
582.8762329408762,829.8224212010657,912.3227361519032
411.77302466422685,658.5347942513129,257.6073355459898
262.60278724144797,967.9770855347949,179.51137522491604
433.8076427357295,920.7495247566371,64.35677769173783
335.6687342829243,762.0283087014896,87.9378788420974
181.9266479135869,578.3115101448619,129.8034055401839
519.1646923982545,605.3503932401956,220.3099348751336
1059.1998136976129,1502.9628122640654,268.2040605510876
1567.0050279090137,2970.1892331793247,527.3879791974272
1735.7489559488838,2520.9126936900166,1039.0248159786008
2627.728142426572,3225.848272403321,872.5189193228075
3280.6671717657564,3583.5915325740043,2720.8540187025146
3343.711132232968,3775.560638049833,3375.713612476213
3412.6359884353888,6491.465733117906,3693.075829129387
3938.643496125127,6726.267112632607,4010.5909352923472
4214.932981299119,6226.427814358506,3945.2323506037487
4640.423889948316,6359.740831134482,5413.51691142175
4723.49368392816,6945.442451961247,4261.724055587756
3909.2988891974683,6264.243565726886,3869.771455148159
3848.8115529609836,6660.187774147677,3895.856150454216
3772.8517994293925,6133.164232890884,4102.774905499802
4701.79604567753,7248.203335240552,3948.4582057673065
8700.047291172285,11953.388307362673,8210.812117243915
8617.169197855806,10052.709927256286,9037.104969756574
12683.38573287737,11343.126184078495,13165.774888210988
14651.34150538059,14240.779320005187,10954.9134814934
14094.866804901436,15085.86983194592,8705.82575954527
15608.060464167398,17637.206873116054,12215.498927968982
16234.255385984412,18488.013043294337,14053.485385417904
13048.7546173167,15669.966832484059,13150.138382501227
13248.743099615112,16006.009607555894,14089.508237199305
11391.767174387494,15026.973403824013,13354.644069216123
10753.082761710233,15298.213687844327,13259.520287665537
10456.921721554269,15063.573039444856,10578.317534474152
9466.376896454312,13462.36282726717,9401.057318595662
9784.462097175921,13603.805172969065,10223.597315599754
9246.573972945802,13623.51590382026,9790.362383999947
9481.737676768882,13110.104808736583,9431.34632010222
15146.804724919517,15674.118760810314,12993.23519817278
15513.38587607775,16193.07741216858,13141.191005562314
15606.412146568047,17257.651562089286,13229.155077972371
15627.478207590073,16791.69001080117,13871.900795121228
15437.930565661303,15577.219265857819,13358.90568116074
13996.01803366333,14374.799991976757,12856.122672176907
14244.292958731783,14797.110494945668,12157.41336757159
16896.82626196529,16417.78172523727,12616.113234816916
17123.15518721598,15717.786314500541,12530.916358307988
14702.658422291248,14427.231620325174,12428.954071504775
13887.68025042561,15037.307941557494,12190.379017057528
14273.293736736805,14525.379313960768,11733.851996716565
13684.782269964917,14693.758782271674,11611.408166256924
13318.951491111564,13431.031201711674,11466.003318506737
12822.39667972743,11994.085798886217,10571.91995384874
12283.956656909657,11208.096619186072,10546.755489489267
10997.559998186192,11055.134186648034,9995.714530675485
9456.591853891985,7953.782035843836,6067.260054440811
10239.453777303248,10112.358751852256,8196.10761787869
10417.102364240269,10780.515637938453,9234.86772221209
9161.273944304712,9139.703913582529,7400.076692300498
9300.440069795877,10834.631451782665,7823.445865405705
10088.747731646574,10353.432014439915,6899.640908736351
9434.072486553086,8945.347343773057,6613.189847485884
6057.742212000563,5433.022125532801,3853.0705012502094
6290.420192450115,5579.492224124078,4254.382845348675
7546.7090771183275,7037.227358539932,4224.484926457699
6986.589244290388,6188.851938102653,4378.533060984074
7036.066464941677,5767.183638181625,3918.726488093656
3461.345608432897,3078.1868472563992,1182.9170697483482
1667.302241738844,1827.6627715043626,775.5965768318715
1226.7245850248526,1021.4278298080492,127.19158574213888
624.4239781164168,372.25073627031736,83.49307900283044
199.0791649418337,220.32436373213977,67.73241631365785
83.31049379067574,144.0587575269162,70.91774293457918
0.0,11.200298387282714,132.3845088563336
155.81463930956315,364.63888821710435,297.6591717026064
80.14730594685831,312.9452062049986,51.88167441155356
179.8986236353075,368.4976459959759,89.66166555756902
183.50394286845275,285.55904787524645,81.16129472304699
151.07714025962153,321.3240117325724,194.25913108080093
316.68094118260757,305.6735147941001,118.81512603223302
231.50428104673887,365.6914584076971,70.84669658868702
132.83598244755348,346.9613352746877,182.52511648847536
227.51995213060945,513.1671629424994,187.63893964041824
441.4048615541731,585.0696896038022,309.2433233249011
1100.4605660535017,807.6272292771383,472.115036438596
868.4016982468494,587.2482645287976,330.29398000935254
814.1836240334824,601.912947904388,472.6818300541371
797.8910097352474,615.1588487142614,395.4554028809812
781.0725289162436,659.584731128091,245.8829760287421
862.4367676021666,604.3678665608161,166.941724066608
766.7813182775429,702.7496283372194,130.48336863410873
962.0537890225079,1021.8389321814064,184.6445851148662
664.8069536030315,618.1064690533432,232.37809121130408
303.20914109046885,210.09620330567952,184.4804875139629
317.8576775420233,321.84764781493897,147.26821213183229
159.26157992577828,380.8821923015247,220.39912264326503
158.04010415918088,292.02368670951114,202.06350448518367
184.06189826499627,524.6058247271495,288.3265281769531
413.05000751336075,571.1152660631624,732.6653227660091
642.0773162935816,553.8882841801915,1015.8119882477506
1005.7809322128635,888.1523207571552,813.4164693690041
1290.963777755601,1415.6249007226006,1173.5719918727268
1336.4991227172902,1294.7261771327544,851.9603060981178
1843.6335640534692,1628.9631636375739,1336.1889377777952
3083.5778622415482,2936.4060275346487,2486.961895451446
3296.8779304618124,3618.1561096546397,2436.160110004628
4684.743430790337,5484.415558381897,2817.427157243479
6423.3243911153195,7138.2473650157335,4164.846648971799
7775.819223028276,8351.23592983555,5715.21031911222
9573.605140666949,12261.427554499158,9612.686599112869
12770.964840203727,15088.371018628359,9477.840401836367
13365.84393216477,15956.40414034182,10625.696093608272
12446.58637636056,14984.915215792913,9446.202941473064
11667.457361690791,12857.286167852102,8234.100725083801
11395.624802662362,12845.509007781833,8649.323956578557
10434.324482205158,12721.291032781279,6914.888148046579
9149.287753213008,12016.539999841505,5988.370376610479
11096.185166332805,13347.55006702173,8165.629672480965
9440.384622384632,11372.265573016371,7747.209707020025
5380.034576941724,5160.148162020216,5613.721615929769
4084.0669198865507,3139.439052143094,4212.439444401804
4481.859680319883,3372.6283295201624,4569.850110212416
3405.943365863037,2706.2411738528176,2842.1294445172102
3288.671997472624,2428.082059211272,2144.376495074035
4208.991796529978,2951.4405307233305,2063.71843446297
3120.7803253736733,2404.3375606548166,2071.586687506553
3036.7681890586136,2626.8806194671956,2071.36522415957
3301.2738081227835,2357.605323385938,1656.4410348327451
2655.848133259468,2249.912992153068,1045.9080652613818
1305.923655145935,1688.3370650112888,1341.3778733592803
1522.8456003373294,2084.9838623917167,1156.859141833178
1930.4933948107853,2288.3805921024696,1092.7740004522027
1625.7498185870413,1959.6951726929624,901.8389196180294
1442.0221062215023,1670.126820263193,427.3743835251398
734.9205220648056,690.5025345409694,201.94562191761293
874.2922596138038,803.1222196816145,286.95441404048654
864.2921798103333,680.9414354336718,357.6697650352802
791.0812753452146,663.4974084508251,191.1769505136949
848.2881699785432,613.8858713836078,414.8720638471576
925.2838371066292,331.5161181668086,545.233621050416
1169.3397722764714,750.648964801425,372.28318267040015
1500.8768883678906,1095.1585223864029,368.1124915250757
1702.2108754182138,1266.2897601407713,161.1363090814878
1178.0405339449546,1130.8177328381073,276.16146475348563
1839.4657080758554,2103.5736657625725,611.2936064451779
2357.146770541529,2642.0126142329946,1114.5299012584646
2559.8121845005203,3283.2195734138913,1707.11605168172
5152.360805704281,5531.946832933289,2596.16382739117
4249.604926374278,5113.684782942135,2147.5705880488586
4856.383744318595,5569.235019326786,2490.0830350189613
4668.6385744930085,5625.481709821828,2984.9116532746707
6123.428940654228,7866.880205706405,3990.688470167486
7027.7825623069375,8711.273478660507,4434.431866950871
7144.406238507764,9021.005152193478,4541.39168300538
7255.630389984652,8833.404963619894,5804.800717914815
7135.458676882267,8412.695673803835,5052.600587779702
7242.785080753962,8812.738472820321,4632.411578379421
7284.601780072746,8771.352155971896,4444.651998415959
5208.2907587573345,6166.404864334747,3195.763196701373
4777.803198029608,5424.61741334601,2831.5787725904647
4676.830156996249,5039.852862038021,2564.119537298644
5211.9236665883,5014.45522504666,2390.1646003697683
6086.751066369813,5163.854361536977,2630.302304639448
5865.342256750795,6096.28652036665,3592.40456124846
7093.594900084507,7883.807039394935,4721.130978143635
6718.08178028447,8119.255388929305,4748.35673428274
7311.7986205119405,8520.169059981465,5047.6893064076885
7742.509215627508,8581.058396717504,5133.309537447311
7500.444546893149,8823.155370555309,4865.332648553414
7461.69475710737,9523.693159899689,6769.663146639688
6857.135935901507,8755.928842735306,6584.059879995465
6954.107214466916,8739.10237165624,5958.569117743491
7054.8368056082345,8000.311998798758,5908.583172505255
8028.35139498878,8763.672845280089,7540.95386868127
8242.572528918188,9303.997929768422,6709.44005364228
8362.197778243877,9260.76648490435,7403.737043029076
7702.424583235681,8855.647875648647,5400.480288690619
9292.523896376943,11250.548217805119,8846.162488008591
7406.833131908319,8800.840304932746,5832.810880112558
6731.16076531202,7346.774476521897,5455.656795286874
6446.411967112097,7264.561898448672,4605.105079491422
6612.47100820157,7614.851488761802,5290.858985910792
6567.359567341844,7820.934984005165,3853.9456918668834
6357.394989651669,7368.414030602477,3822.2376773986566
6394.316739227772,7132.426799075363,3881.4619994683976
6543.265220394981,7700.532615194141,3911.100933308932
6456.884375258034,7481.0712122697805,3325.232864435928
6205.1498030342655,7415.011401621375,3787.9740968377378
6153.681249444766,7148.390064968326,3697.8034746716194
5961.034145704074,6481.747689654395,3676.0370788132336
5797.517639719037,6471.870688276044,3591.370247071111
4137.255522263159,5172.292721141384,2524.4895636774863
4329.869271949227,5105.171357419669,2812.625861104826
2636.8283359027937,3022.2978754396727,2762.9817799738785
2610.392710254939,2730.0588492707066,2521.269763146216
2542.0993484459827,2705.935246592448,2089.751079030371
2489.3816190166303,2796.8913565680687,2048.515932038644
2234.5214956388118,2676.5413467523817,1745.7146241618238
2655.6292601298037,2787.902463075674,1957.260862947224
2650.04299252626,2738.9574193431918,1648.6868918409805
2544.903783049266,2657.044262796044,758.613811638131
2864.3506318156233,2943.8104828900696,974.9766525773946
2903.976720278471,3320.652155083977,1174.2027076348295
3706.0632433375845,3899.8081588806017,1174.636661402688
4235.42775514206,4168.942196143094,1529.3635082556382
4627.4837602889165,5054.7389852336255,1853.956337939864
5326.536243519421,5787.363187947879,2727.8750154913264
5044.111295275704,5686.43305833859,2437.285224716796
4881.346423681891,5818.598216563175,2794.82743840933
5598.045470489486,6866.335901408551,2872.2184468508417
6666.786090525919,7815.395077566303,3269.1014764334745
6586.6159938751225,8122.792937706087,4244.888317825948
6456.82511910311,8491.271631653553,4127.559462510798
6597.225939636988,7927.1719721490035,3846.377728175215
5653.754814597766,7320.1533409676995,3910.1969998675727
4927.963227982439,7347.81333525211,2942.198147995146
4962.263709996657,7448.799575639096,2919.9325635139617
5098.419392296756,7132.57745342592,3741.81951703542
4864.386372221793,7265.14494784264,3536.292823126053
4568.867452689746,7247.576078357959,3491.2646495808804
3535.444876965174,4606.71443985827,4283.2645746327
3459.0826676986676,4721.368703688743,2692.612243227731
3411.937955502328,3982.937983583163,2433.1033945666222
3116.2596329321054,3927.503744892368,2771.759614402282
3633.602064623629,4868.637446067235,3402.194336072865
3482.7005224725935,4440.079575969076,2817.9759186376305
3374.775637852507,3187.6170885494353,3304.642069760219
3237.7653455211603,3621.3875321008613,3472.3710570311573
3440.4569079980743,3613.5623585809262,3284.914424166144
2654.9635766720935,1898.419396198696,1556.8816305337623
2882.7770546524935,3734.0244416914556,1914.023568194008
1952.3215790874951,2363.596922099745,1274.5508762954917
1206.3219128457267,1631.7784417064963,1024.3303093407694
1028.069259519936,1181.4341739034394,895.5726896625633
1033.0632464529772,1179.742882617259,555.3550758325829
1033.4031547549616,1326.0432972361414,554.7920787549217
1144.6579717362083,930.5251915611879,255.67974691185512
1074.859694150813,1275.7911202879204,733.7132629025795
1424.046348478242,1154.4278353823793,553.6246660920442
3309.6398105899493,2647.83102169177,1180.136700797583
3608.448901386332,3100.0761162194617,2125.5966721055684
3229.7501773786134,3585.6603318289053,1880.9396403019955
4707.772400029586,3333.8916077197623,3066.064403958337
5297.05992096974,4136.564754030425,3366.947061949641
5121.734854299144,4022.156468277066,3698.552401356898
5136.944334504421,4300.399045722971,2761.9597098356994
5086.657933318953,5237.562401472874,2862.146640750012
4906.482713358771,5310.274596851791,3512.0866583761303
5826.431790123663,5584.772280290516,4312.331103357124
6509.585480846018,6226.531021587647,7215.973564257746
6384.468385191231,7045.778931329405,7103.13836185615
8502.75135634099,10052.177114023289,7904.086207311805
10082.662807130766,11619.290940432345,8065.291943522295
10551.660504919546,12252.94970250214,8353.983786410698
12238.133522260874,13198.372104057002,11605.48270930853
13008.168598941898,13278.352561434656,11364.038815060148
13727.1518868187,15420.591805533339,11898.559985387394
13842.863635801048,15998.418355122427,12000.581205436672
13169.52687482318,15796.597391708972,12197.8072081257
13822.885894405132,14767.569501995711,11338.689361516628
12093.797802898409,12602.870141063093,10776.220029693774
11034.559812921276,11303.546742788623,9378.13167022641
8632.646063113885,9539.816774001421,8301.750604675975
7436.861833802081,8389.018782602345,7757.930520627488
5734.41870235216,6286.278942480296,4988.540020647981
4883.385697622753,5200.6756681713705,5413.470967519837
4939.840070822337,4529.066228686681,5534.728136505292
5080.510201276793,5346.974959803249,4870.610462888598
6325.776861284246,6309.745420127196,5071.878168814214
8347.219765774738,8057.744253286978,7444.4519740072865
9806.174742637551,10032.184864874398,9328.326764993535
12355.466418352784,13799.510969781632,11195.168764566766
11967.592400460815,12571.882685466768,10002.26369026898
14074.081724214475,14859.952683446982,14105.37793543556
14872.224785633254,16881.05543621018,13470.803054097856
17140.48803975139,16911.21976723433,13777.531086499746
17724.869795786562,17389.27998118669,13449.844430314895
16552.912561842928,14758.780525494383,11862.04425547888
17800.7942975069,15016.695893980743,12734.140477698202
15026.031516794328,13511.395504044252,10099.294316854608
14260.25898347221,12527.982510293365,9423.076061186288
12975.118059052546,12112.830873241914,9183.509818167444
11340.354196606468,9266.970181397106,6753.452219549824
10405.552257107656,7827.5763531801695,5478.297265863781
6113.523799011645,5304.478762780298,3099.607956136302
4698.221732711146,3073.159835376165,1289.6876310037876
2083.5093653877807,927.5970102364009,425.9256008209581
107.10261583533814,6.440724417988033,0.0
39.535959259476336,0.0,0.0
118.30675456627904,51.25707857511446,0.0
100.52733855609821,60.908206304338535,80.56872225312259
100.57477207528994,0.0,86.99044305476644
71.653919876973,47.16648236281263,30.43212695961344
279.36389597800763,0.0,0.7848584141789091
0.0,0.0,123.8012243366835
315.28818434306544,66.6495695785542,285.43077325136767
1281.6175341526598,1356.4966559229888,1553.363060763137
2702.007236493132,2836.2756510533773,2885.1722966527373
3942.436555007478,4375.6446752345,3631.300694135454
3645.2784378322744,4921.323964051699,3972.13029150798
7464.980769763931,6806.806906963764,4911.808651353908
8610.62229947089,7300.377984607496,5850.999952607126
12517.805474288423,12807.643881258511,9046.595101080227
12937.024588678489,12463.063315865214,9889.379974886037
12041.107273478689,10985.903327197553,7144.812180121278
13360.626371978684,12290.75665229075,9491.282936140571
12049.493321978069,10675.559886358838,8159.718668542168
9446.33269613625,8502.732072537612,5789.187802919233
5670.882822654118,5625.970530308462,2649.387532297073
4406.091489700962,3914.90996446096,2306.3200879430824
1887.0812038726292,1525.6137247228892,583.7323604463892
338.57052484854364,123.58587176494824,157.82317076301578
0.0,218.6122810381136,0.0
0.0,136.52207262910233,0.0
4.329790672053001,158.05442529671598,48.41490986059878
0.0,84.55781008427704,0.0
454.0364562377824,492.83543313052235,200.21039825634847
422.8895830613636,284.8081924401129,266.84854358860264
346.4963316859481,199.33929138128497,298.25009153155185
509.16776995015607,397.13490506589767,452.2957488880502
1291.9270311233229,833.459723654483,766.818685498026
3246.4220615718523,2920.645303099161,1990.0703721499635
3787.4954767002196,3062.108795350154,2055.244659143248
4272.297703139454,4081.2082654652977,2361.707874565671
4165.365592413085,3842.7957833922023,2490.733574934928
3239.634001481264,3936.376412284718,3356.868024380032
3875.0743975648984,3933.3835681702676,3252.408419799757
3642.6082762753495,3780.2651275693574,3010.019037862231
3024.466562823616,3077.6957208600966,2575.3778437331453
2146.229634776954,2022.8592395078952,1402.7710507477443
1034.1434276114232,1354.681461132307,833.9509062933032
1017.1256553758503,766.3051184581566,316.2892448447673
709.4177030084257,703.7638058781122,242.7586699124315
504.26903873111576,692.5539687393403,108.53112401399682
330.5109814788041,639.4864864138874,281.99761753137113
155.0897089829764,168.6518952087943,162.69294260293924
116.93320460888852,92.29339960852096,178.8693512859864
92.13150605709917,148.2625165628475,511.2836919068111
0.0,125.12085126169077,356.41027414422945
0.0,105.00689412027926,204.48365780460915
0.0,0.0,138.97667409143142
0.0,0.0,225.34836257630275
0.0,265.7571467307561,286.2106542470368
145.08011859463593,352.15253933427846,149.47266771910287
3.7658919693169506,66.09107543762761,106.78267196884018
0.0,0.0,288.9658139319358
153.86374902990963,338.9630227444251,299.10130523521576
595.9675192500641,452.2895801881783,421.2035098650505
587.2915260723646,425.6569707928502,368.9812777977152
906.1470012581244,592.515537003528,165.78675167749023
1339.5884400911007,1292.1917059514365,418.6009675189216
989.0127377970825,925.5693854456329,457.92857760868105
1135.3472900855538,1293.9498242591505,510.99698464066535
1570.568422423618,1599.1607558176238,743.7987729467894
1975.1368086484,2236.631659313949,1018.8936356614632
2410.7274638055515,2797.247575350795,1196.3822077970285
4413.15197825999,5165.648589664239,1991.3908712783875
4166.5761801413655,5682.133372248875,3376.7869594219524
4018.2454594065734,5447.151367545072,2990.661184450676
2852.6615266104554,4544.98075343639,2518.3969416783034
2516.4552145653656,4288.370484882731,2972.921322640748
1623.822078603136,3006.7310638585477,1695.2662955612527
1059.2815889990597,2269.8191135560633,1640.2946901771631
1349.49615721244,1891.3955995704732,1345.346413213061
2302.546360842867,2855.896553142069,1323.7459117951034
3470.0978128148795,4481.348582560354,2183.02401312501
4741.511295619029,6543.021279584806,2584.996295361957
4724.14350396381,6452.981288639273,1834.6508304935644
5030.847023146467,6932.705529474526,1895.3473564470653
4916.334972577789,7203.320521490133,1855.6446251989385
3342.2386729435575,4349.032120884111,1312.579552039413
2428.7072198592405,3992.30106140372,1208.3619785281912
1860.3990962274402,3087.9208592758396,1253.7562153381798
990.4928916819102,1684.277707740116,529.842023647159
1698.1959602969753,1228.460923242194,697.1707254326146
1789.6786119605492,1569.869313185041,740.1207605850202
2092.726092990433,1810.5164035418047,852.7215407156051
2434.3651554034204,1889.657488175528,1329.3842686579244
4381.361325904008,4313.51771852227,2769.565289917489
6021.402785125587,5886.0041227962665,3788.2486749167074
6182.508899377489,5655.692254421941,3612.992039906896
5393.0460940834955,3898.6523793426795,3018.577738043773
4114.921131299211,2676.868230319702,1641.5136961120445
3345.9040923362522,2330.3814250816727,2066.2585321530632
3419.7551412923863,2484.8283200180376,2671.3459168374866
3998.0383302381265,2982.8093409601092,3025.324711679916
3041.1365700828987,1887.1724570594538,2069.724648403213
1993.8109979765263,1352.970565057268,1135.136389742244
960.4433875342138,575.2751944063655,1434.0010234974077
1253.4629798842604,712.662188468902,565.1324073161902
594.5805692155245,446.9721011729156,778.4267328961097
209.00516506118976,280.02007302573094,509.7267670053094
897.6059267976851,679.1985487898742,791.9881473124389
1008.6369706761642,1101.3930734853836,806.3461193947632
1423.2214954129029,1852.6939854715545,982.741764039255
1773.185040730245,2594.4832600038644,912.1978443886484
2868.5529896926187,3794.0638185678195,1968.3235376339696
3793.903188742627,5745.8140366494645,1744.018481874395
4551.249167966758,7022.2045001197175,2057.0469418800367
4650.688318247218,7048.958392249659,1424.0407720546802
4655.290202678187,6927.022866302131,1571.132041789582
5442.4077390395,7705.881806887738,2153.7876765177816
6029.355833471403,7721.354575124817,2465.188367393535
6069.811600730624,7216.446439875553,2043.9925967760664
6142.7754958135165,7134.07244965877,3262.3585440952443
5143.058965089238,6340.054157643021,3460.626527313272
3903.6018503069035,4919.638109308493,2817.0074340463093
3362.7065879703905,4068.8163676099825,2680.01350485979
2729.437818243408,3865.74567652129,2860.3849350384694
2371.1268342540043,2487.471956405421,2637.870368331008
2201.611405907886,2390.486024103553,2279.451837226116
1736.854244336065,1819.3639228620684,2160.183892060519
1882.6466428517833,1776.8359612698887,2024.2979224684764
1581.77056852001,2064.308929373168,1414.9624364381204
1279.1332784797023,1732.6207103957572,1198.269768352475
1147.596271570737,1518.59296978739,375.3950273785369
743.3054999525198,1016.1966176910719,235.38433743478947
802.1135034972225,1071.7019567196025,198.5959390553452
771.4263717201094,642.7799371426884,469.9925422591151
390.45845285930807,423.8778711672747,264.5493558379921
3.598144636161834,109.54751411307124,337.50335391249774
335.49410201427634,156.0781627262986,397.23487360791233
495.7005227172345,42.8257511879805,0.0
969.4375518940033,716.6087606581733,257.5496283531847
1712.1321663118954,1065.3480195455159,393.9147140411303
1598.30237250738,1006.1323752040919,133.51869373175504
1720.5515555279744,1173.8304602144149,679.7385578382622
1812.86153394483,1093.5812350289696,226.5843841061168
1168.0705587437867,926.2121859469846,2.887804165094724
887.8340801451503,816.7371583427482,0.0
623.3579687003818,401.35101436927727,0.0
201.51494303315593,134.77217519014172,105.70146219336984
173.66691722001022,162.7848420766598,84.75668862869581
216.82060437614578,248.6444829645374,149.0521528878313
334.0476417805939,260.3536412162981,146.78091187906958
238.5877280775118,476.7748210182729,159.4130675903324
304.04496036660765,345.0799878188187,312.04546785485087
320.8661309886511,456.36391032533385,170.11287096977097
282.44997712776944,554.3901228238461,307.751252873208
402.8891877485689,702.9802781503749,441.644082914595
909.9649490683919,953.7531757374846,600.4363398206118
2425.4128830920768,1898.0424504668977,2887.474241580062
2449.442034018656,2247.20652183581,2991.5201337801864
2353.908825646868,3042.540382842542,2652.521662073203
4091.0884715294014,4425.82699347082,3217.578123193128
3968.962076389111,4254.808157354322,2621.702236109798
4445.875018041667,5103.910419251712,3187.442415223959
5725.9171571434035,5504.700055055345,4138.602886469216
6964.094193302312,5275.523407002552,4181.167896416017
6029.125621447591,5197.860369184826,4461.16620468375
6879.258027658433,4977.185234352581,3811.1743914793833
4613.974957574482,3293.1485684563017,2242.963223368756
3656.2322368380765,2425.9100623141703,1089.3175507821868
1556.105186352602,663.1049429179977,553.3718406370506
685.3433448888784,381.0565830299175,52.52268444321557
116.78846631093829,228.44048332038858,118.296679380939
314.5962862489874,482.446857718809,88.26278581374844
705.2418987442471,681.4843409299126,123.89604922371852
560.5046561628535,662.430886456167,330.4036165920629
489.55261294355796,524.7473629454486,276.8236233344903
426.6166932610042,364.25678848348235,342.4122531156071
153.07101189393904,75.0080355938204,244.91832133577788
149.89806780004474,0.0,62.8952801407511
0.0,0.0,0.0
238.80265646870558,7.082746341304585,114.08637264784684
339.9229526290138,882.3462477300327,843.8764148763083
321.98025759327464,504.2079351276308,681.5172972158302
697.1036876644943,465.7651522986727,695.67632427457
654.4300067850039,705.3472797033023,489.1952788508744
966.1553154726117,855.5944881972188,498.9642452874238
1089.1047213973907,422.1349979372965,406.02227924056433
1234.100360927755,755.7496464345653,356.88401980908145
1000.8265331373074,639.9696552326703,736.4623913125713
994.6094355989417,807.7758860620531,636.3191422494451
1328.948414856165,788.9520962078509,683.1797102448954
1345.5746111287733,893.4197770727037,709.2788811844364
1390.6348944142321,918.9843214340344,759.3608196310985
762.1189384099231,908.2980291567209,589.5511081942453
773.7866649123994,1074.076964485974,535.7464322657421
126.49566263153606,1223.9736264086048,801.2577104616395
385.9691483423655,1770.6972625329608,687.5214439171051
341.29051741496335,886.6607515825167,158.88905341421508
287.05095080072414,305.18903227386437,49.743514627253774
402.5421595770494,379.25717435828756,123.7980865170098
901.8488401579202,1092.687787959177,981.876582123992
2101.097570437798,2351.625999358826,3106.271907901338
2766.3229935927893,2760.7904792393,2562.271761733237
3829.2800041557243,3873.009801628839,2491.507321376528
5423.444194103266,6056.904160918691,5293.518053837785
6530.795289200061,6753.341861700604,5733.88358301192
8431.450330683712,8212.05605386036,7698.140014169795
10348.023776855121,11020.321919889004,9261.686831363058
10763.079555436438,12038.227512377847,9016.363303784
10365.268302061646,12120.43326937441,7850.108758642409
9367.548019567557,12195.985374395024,7455.286627896877
7118.938549129042,10058.3208595067,5736.760039621813
6177.437489038257,9719.740227056534,5128.638012958518
5754.617757294838,8509.3299633475,4019.291778202242
6674.567991868819,9329.333597416757,5539.5073460293615
7463.692572089102,9055.469358090433,5893.524085539653
8903.926183154848,11701.484802424162,7619.871961428176
10631.969900260194,12101.014208000035,9019.770966365964
13187.832116150785,13997.617553867849,9373.989582634613
13630.479424435443,12070.948027656492,11945.807219730952
11315.606273984402,11935.00973617097,10129.559767647828
12021.713223553985,14938.323339460416,11326.100537093504
13328.553050916673,15427.254415957925,13179.164309600374
14842.969630565314,16136.315635914869,13380.595252952964
15782.328475000308,15931.618047785074,11619.315982884307
15222.66206384704,17762.74928728731,11797.859653791307
15382.932430599816,17323.20419139865,11837.40375154771
18200.873226531407,17521.859943564195,14177.061058240122
18234.56950362442,17635.833162969942,16799.026096452057
17326.000192023323,17876.647352694108,16452.60557449031
14769.85389431499,16878.282602072013,14122.709890070442
14227.959164511396,17078.36727927589,14197.654645140605
14332.39545137769,16972.641960604175,13996.391704362868
13933.716382771883,17197.07488326466,13888.61843768057
15615.399644462972,17439.007715176347,13838.897814643691
15511.494521171982,17450.208592174695,12716.309628345844
13637.199261506867,15979.234525730757,11182.493517068277
10837.456908607814,14673.187348760206,9822.585687461118
11043.217708963411,13930.89800074255,9890.245215227264
10818.736253219768,14805.526282931309,9880.353070107183
12296.873197523748,15824.919333938902,10467.920336135076
12352.666504829398,15160.010104953075,12969.971267604797
15982.392198560552,16952.55658486303,14498.464736407215
15786.31920967628,16418.626520435664,14761.483521789209
15169.953414213387,15934.473613216489,15225.5288053146
13006.119938542703,14525.812887076703,14256.310355174615
13828.019155969663,15109.85794501171,14926.887376658902
15444.991323790482,16165.757219813691,14877.096284305726
15543.292750493627,15851.255017370639,14384.382191517554
12230.690342251075,13054.37190269762,11783.142509666428
12798.101496184423,13160.691395198633,11239.723814972833
10376.264136503381,12395.216528312147,10176.95379603475
10294.406741067043,12034.456555285398,9655.805705930185
11227.503673620577,11798.229777747641,11472.83343463714
9236.483664217238,8833.691156693467,5609.889740785568
9252.87661418985,8796.14630818306,6903.799802697043
8918.133510371435,7662.213464818441,7223.752039320431
9370.3687282838,7557.312715072148,7079.094181307227
7934.094366175758,8162.749493454401,7183.399085341611
9278.335840714102,9649.241990290628,7391.734559873348
8527.709985699754,9116.419958720237,6851.513178131839
6839.3688454715475,7242.841910438794,5265.142513682288
5274.8102140308965,4462.617884425073,3591.748189024274
2725.6362481342867,2308.17733280374,2169.436947738039
1911.1800518552434,1405.8457993263041,1818.654045663288
2019.502948471941,2351.2590511719677,971.0421508273052
2704.1339357186744,3195.551156675613,2205.955248138293
3607.929482673739,4341.329066151772,2800.9380200352275
5852.693962640184,7090.616185738387,5235.403123887946
6035.628869717465,7831.724937454038,5913.359453029596
6301.891673440089,7825.568803706303,5442.579884879948
6123.163179514358,8182.834166014269,8944.999538709932
7120.706278683057,8727.70604869832,8363.070831385756
7653.745709807572,8324.250732954442,10691.550349288644
9077.589555847415,9493.341009513762,11457.380645877747
10707.077769137419,11446.162644090331,11803.077283643172
11769.69395860374,12862.94891973535,10536.264162386477
11675.837946376238,13224.855211341788,10520.906158886482
15439.728216852376,15597.348374994923,10545.827673479358
15243.086775243244,15740.453959730614,9653.757795053923
14428.49138649609,15587.84328592637,9104.878078581902
11506.907550849834,13706.6333517139,8138.616490127538
10066.175886718993,12216.913029556588,8148.231333809469
9239.66119451231,11883.439527915349,8060.910476492526
7892.84941640183,9043.755158135236,7146.466009975456
6026.336821548368,8009.482019313593,4888.476522023419
5797.127943765062,8098.627608844645,4298.343068228207
6146.563443704183,7387.388416498859,4865.387404495644
6570.071798787188,7476.817365123787,5680.09743397396
5455.214724922479,6088.584603267234,5688.638713142544
4742.94835506173,4564.7571194147495,5078.454066529925
2574.5254852671756,3345.367463847753,4823.198912583064
2522.201383286675,3103.5751135780242,4749.366836938156
2287.0151091318053,2430.880904667345,4026.9072729327263
1684.3481418095835,2498.576233654746,3834.577002894247
1294.9108344714834,1115.6273492385785,2774.7906606423053
664.3788569425901,891.2283523338348,1182.838836007248
911.6885533459782,1062.8147669675525,1196.336602925846
821.1478545601485,1155.8973997801324,877.8983035053556
969.2862746318042,1696.9094513290809,1001.93699314322
500.9720366402887,1329.8046765715887,920.5990953705336
416.4580991072374,270.7845287331166,978.2646004128392
372.3786637359404,505.5692586835114,458.0741193570846
933.4001104984056,1035.4290262357158,590.9281334960476
1317.6672453023043,1429.9758257840524,1316.1331204122505
1358.27164052146,1255.5026736330828,842.2282493753157
4170.242901226943,3340.4039422110645,1790.36743946699
4399.521883509418,3739.1233498113556,2247.790345991668
7357.5770263072845,6192.810685499172,3875.820416508765
8369.900693557638,8406.291579184479,5647.509566817737
12449.952918039871,11757.463942077593,6959.494202603146
13137.102163506597,14383.227565223613,8785.793299228237
12347.031844639194,13873.223715757209,7441.577818054732
11184.48480774471,12228.948817221226,8193.793220412845
10064.479110106404,9853.027122211888,7269.96587611421
8817.295115684163,6879.468324664308,7699.268625079396
7578.126557513045,5926.855730047571,6291.693539983439
7027.728416075304,5653.490932680887,5647.941757988609
6287.017690684686,6754.053547935079,5687.820296165526
8352.026918369833,6839.843089703803,6711.150114253191
7517.445465327961,6397.67829257475,6366.62660236013
9896.73227601539,8440.309117761424,6775.733124778394
11579.196009321304,10722.77351938908,10418.671505553168
12335.873181132682,12830.340528523873,11551.2798310834
14900.673843542883,14562.547712455564,14533.898323509886
15952.458475422241,16806.03001475276,15871.603874872364
17462.79696569436,18221.329616994793,15801.571330099763
19060.641933030336,18782.1054770041,16599.167712060356
19306.284624743865,18742.54304601375,16500.15395317039
19734.763167346595,18930.10395411861,16010.673823143186
19851.206133128308,19727.058854402512,17039.317418000595
20431.10391800948,19733.236716965595,16875.328118294834
20597.929500424925,19768.60868121595,16484.47011330575
20753.783402977904,20071.26387186232,16513.875131592704
21085.849318116132,19751.459231569224,16105.290556429984
18183.115199098796,18587.309812711123,12733.600800601134
16867.560815653655,17481.940247198294,10954.38676077935
15501.672219983075,16600.144696798285,10902.200366016035
12665.521384658825,14083.130392733397,9068.08960537726
6382.718212420677,6949.002352550793,6074.330192081618
4939.244098077065,6257.7324491522095,5757.991944357073
5199.544738909913,5671.362691742899,7727.985715702076
7287.5617973994995,6728.68100334547,8297.316086467656
8358.11390195497,9500.174479052639,9501.929895057232
10047.315306490089,13034.572227538602,10171.586015322211
11350.887824985452,13130.804981212736,11333.863324228058
12409.997225302046,13977.956484334054,12824.920497201
11304.54031086443,12278.985550293388,11551.39596835192
11931.807248232288,12561.024106046387,11283.456746108604
12025.451246237286,12353.571470314904,11435.01091352626
12239.004974441814,13292.818886871422,11763.930572750933
14603.930289687596,15096.389219247505,12513.480390260567
13192.042803576582,14455.444573032975,12064.849105993966
12841.116828315911,14066.145185915486,11782.399694866885
16191.780340017987,16631.305371462975,13726.927721888133
16307.881092423222,16500.070813802566,12774.341703082637
16563.653336836927,17290.034963472903,14609.74786543824
18073.27000118774,18731.798732312214,16296.733802188262
18825.878257863045,18823.559415482105,15218.682770264057
18883.156877480153,18532.807891791792,15379.422374972197
18394.948481096137,18379.400789533047,15050.91501014716
17941.41864834431,18376.34965831884,14018.744445134676
16420.88751944367,18429.497237351978,14275.29282139205
15587.916946383992,18596.119264182857,15332.489817871028
15843.21899659107,18146.536995712413,16414.565141633528
16665.16917806355,18008.305871044035,16457.720344335143
16806.822668469576,17837.279355978506,17019.432949726764
16632.853027060817,17536.91942561634,16648.20019934347
17368.086023031585,17134.130343049248,16197.859784320672
16322.428115837578,17356.616180477846,15892.016575354215
16408.336675939696,17419.848277406873,15537.413830943407
16279.608867004406,17137.60900199801,15173.068466806197
17601.815946107537,17986.489299244316,17063.35272239725
17315.594319238135,18831.802310347986,15600.652530224615
17868.57430716131,18755.262344318773,15872.819891528658
17742.11385712875,17853.46855280443,14877.077974572036
17547.074065145265,18122.837114638736,14895.678510543654
15177.897805826215,16613.855229488032,12400.816450654347
15866.105962985697,17406.352264419264,12333.81242057076
14148.806747476385,14987.873056416289,13901.304307842716
13799.328408322704,14529.438863384781,13341.249608007576
12241.258220221549,12719.184462167701,11101.905846356924
11868.529856960082,11614.04690720513,9536.6493709135
9399.852331321024,11893.883181748739,6744.122225182496
11727.533997705583,13561.255736797182,7891.004694507344
14324.319426959446,15244.23362056883,8237.461114612284
12923.585095142114,13834.110997616363,8092.055025581005
10352.448641846546,11859.364479770875,7782.143130922065
8734.62764093671,8687.732849402593,6590.974742485809
8522.46811503044,7457.9672206748655,6375.812261328817
8216.772178055426,6974.1940804999795,6247.386000435466
8231.254816947034,6664.667202464527,6328.10447514064
8291.27637496556,6592.784778456321,5621.800723795088
9384.74212500952,6632.3783128793,6280.868265324268
9124.010896973648,7232.571650110076,7219.8653221619315
7121.521664326228,4912.617162590734,3513.3475266683595
5160.929491712344,3869.0876504337352,3033.7522553863314
4703.442610504717,5184.952038615945,3660.286446555923
5317.769716779461,5678.376715393596,4001.665281372263
6622.9967902281,7546.289821716708,4106.089931845434
5578.75997106142,5943.023646567581,3985.182820028736
4884.5494740252,5845.885690404819,3458.6401726330346
3073.598773002788,3063.9495344865113,1564.2832759979428
2982.584397535433,3223.4488446696223,1443.4737615025422
2605.643086582609,2499.1473071745586,1316.8586703794483
2249.0527326065603,2222.470839336664,1318.313677237835
2093.438453210018,1900.4844186783048,1259.268424176246
1996.0914171126399,1986.911955328985,842.4629427660376
946.0410099735751,408.5894297373194,5.396429258082889
1425.1079678196827,775.1861438416404,145.77240642696864
1261.404757342359,1161.1076602799799,459.0534285707612
504.3667158857491,351.3480585594961,344.9248122219379
505.35175871220105,440.73151003896385,330.68813331433785
568.0646192340015,416.4824482105337,264.00235788397566
590.652769551449,333.6484934182915,325.5719958459441
1170.7286311911448,716.6535732620036,362.41612241354255
2319.985798658552,2108.0678083560674,633.9218116429914
3814.9384332751524,3672.671252147496,2119.65489553204
5923.252025533453,4161.1723395490635,2595.541421244036
6816.446257457803,4967.146077648913,3274.350293200856
5560.356614918505,4732.892895416578,4036.047022822117
5966.029328830824,5244.85847497713,5596.532732256876
8337.563461104994,8346.923436046141,7249.966396922383
10944.007091985195,11477.43691957307,10068.944665344
12077.16454101824,13936.006652817508,10311.945012150063
14469.968567125528,15826.546776263465,12173.501421977868
14367.359214977092,15352.169137970272,10799.73341028652
15130.815189250607,16424.69021207346,11001.943271177242
16013.472956827414,16104.409855381768,11189.475581325589
15737.36487463499,14731.735467385566,10978.01838252086
15443.460334988282,13530.028283019245,10654.243983209188
15559.959705998814,13717.629905375506,9658.073084576505
13552.522167374496,13271.897479887592,9242.520264000204
10800.7106391505,10740.21981014902,6570.085187423751
8339.862289614019,8525.919233036859,6862.760609618621
3752.9975289824533,3631.16222761236,3193.391808962065
4202.909623359074,3566.031368765516,3669.5613445212434
4227.669603986809,3784.798267883058,4723.387327627769
5197.624137295865,4364.979839174961,4578.852636708817
5161.760990792923,4224.631708184165,3464.460878457377
4591.498804205478,3957.5807573182733,4048.641357312094
5567.029421029726,4433.6813358549225,4628.260203350083
5989.000134175412,4630.950549312718,5705.623631133007
4910.568581917674,3934.255021670688,5274.41895847036
6699.945078073512,7420.038656614183,8101.135348030725
9918.617054329085,9322.247288487084,9910.902201020232
13093.35382487522,13461.189241087859,11464.734638715949
16091.813578212592,17339.209772299924,11950.508634225484
17536.611155171613,16798.827173551133,13700.600259402225
17645.089494663,16649.54687346621,13670.195623910236
18699.311217268187,18169.92402580434,14428.181436052846
18450.06120213516,17649.26532144452,14417.546035100684
18376.464256799667,17657.71948624282,13857.085234947936
17939.35868322999,17429.855960969253,12971.71386189513
16867.917280192185,16490.055536961976,11874.19508944885
16453.02006372525,15122.269003499237,11899.217468541305
14365.38924955107,15911.483315067326,10261.034856764973
12311.926159902254,13923.102253370329,8311.702644866073
9795.568103022053,10919.143255964875,7177.009402231585
5109.224076033319,4391.8978764068615,4360.861938019621
2574.3878735112794,2506.8105715113993,1220.731080042338
1898.7684350757313,2277.0238896404067,1365.350423598962
2095.3710996399423,1914.8096975733063,1709.9057872928563
1772.361326765997,1700.8072265006942,1144.7586505633722
1771.3215983772375,1568.4274468181386,1951.9955580486849
2302.060529838184,2511.113292959878,1932.9760076405853
2466.6437198836493,2810.8195384423243,1874.3899063393208
5510.974364490671,6089.879614212309,5691.452214467737
8568.595743189537,6546.659727391051,5304.247504066426
9233.558468303938,9117.524827030855,6771.765264449241
10696.026333510743,9032.80202664383,7077.772228186386
12293.141007527069,11835.522597083793,6208.157264560381
11911.645010876437,10710.721348879531,6297.297517365748
10707.631003798915,9026.766488560279,7611.745199065125
8245.097056091248,7950.153310116454,7469.805165006174
6914.766482259923,6949.052396909473,4737.026446918146
7322.829910146072,6346.479626399578,5657.6372747222695
10550.60510243076,9345.58170696692,6164.980330846499
12935.086350010453,12661.368021338907,9838.786378870856
14717.86155653308,15654.137945224695,11354.65038216125
14972.602299397655,15933.89681704196,11016.683603272591
15352.125588869538,15181.680653205294,11202.638629879291
15743.908428518933,15676.444753436335,11457.502566425515
15255.765507960836,15734.905503093687,10935.042570914797
15410.464897200276,15499.932402348864,10975.88112869451
12732.236832233499,13248.659623304264,8751.60769829428
9830.085945811177,9118.830662057242,5373.758158520271
8837.177823672891,8025.8245011454155,5281.4288519576685
7371.561035657973,5829.436875460752,4043.142011199334
6231.523222273917,5688.681869064803,3688.823114012942
7140.197377690721,7322.756890558852,4199.278016178334
7227.02615404904,7147.516580140699,5202.098637249939
6462.96769357719,6165.706637535204,5208.865388345533
5900.977401270622,6039.59099241963,5392.630520775124
6077.662963874633,7259.062975737571,6101.414951822687
9609.255284517516,9941.977992062077,8666.31262759516
11135.762558205866,13105.758887196012,10592.287207314292
12660.799317687906,13567.242122560943,12607.461327567937
11261.33909182183,11620.740494185431,10361.93669274364
14598.635991684645,14501.490203394473,12594.063642907062
16409.65046517744,15173.662307498536,13758.904459037542
14058.70899473145,13686.83593625671,11518.780633123946
13747.28487911823,13659.554913998425,10959.428068199666
15664.409175301706,14816.28882007452,11584.344543635156
16447.983491426778,15024.392869558134,13064.188314655154
15786.677209135447,15550.516061378661,11844.442314530035
17018.449557082415,16092.880249545255,13593.852555135049
15584.325961002245,15778.843631824808,13694.755389660597
14976.064444268934,15899.592949392445,13660.007326628684
15224.225040352623,16082.357081671753,13486.028305760972
15259.486661528194,16606.239728874734,14248.271933678252
15000.350191667161,16626.1369338017,14089.122087963036
14969.891140707206,16591.858450486496,13976.006501064616
14903.403348741758,16141.181003813119,14131.322193597582
14396.045993499727,15056.999482083696,13324.648456983025
13469.043038947526,14752.946062542833,13436.61442493105
14661.434416917458,14702.575154256801,14650.664088375364
15246.349926675333,14674.26410130971,15343.29912851716
17452.706619635283,16745.882062441753,16017.65561372655
19684.861121616752,19000.580524115685,16591.606276875747
20028.162984181414,18917.354316129524,13421.50203006248
20595.489444891467,18885.891043141735,13504.242378507635
19575.296649283267,18511.073659181377,14251.00676207783
20061.9626204658,18579.20222427737,15162.189191436746
20300.199300181062,18713.160376909178,16198.488337743387
20583.58831901105,18687.066273043936,16343.83273996831
20451.650609159173,18852.872545364058,16041.077735928233
20444.13764175487,19106.984858727323,15123.12854929314
19778.3725869698,19116.237628424642,14616.113465568786
16486.810740629753,18523.611484130335,13509.116104779629
14098.709377002537,16284.21745323792,13302.097027306669
12124.966008705524,13299.567361640047,13452.59510955401
9349.071709253716,10710.064858594817,11443.264439199222
8427.19418705463,9383.505890673281,10451.26357363049
8795.826070805811,8487.14661068086,9966.534002578604
8055.2874830530745,8314.428826192194,9711.389982280463
7867.078963175969,8592.407811487546,9475.099972874865
9028.031049810395,9499.538240691305,10114.447297844685
9507.154036569284,8388.272088325877,10748.1811405948
9544.101075386616,9057.473103454493,10008.87047063785
12596.968111748494,12680.03071140192,11894.48382374516
13695.692749517044,13628.679957917771,12348.138794172231
15054.613460825427,15596.973045381468,11990.787636956282
16837.771327010552,17456.99712042084,13796.361266106784
18738.47724563684,17708.688831173164,13099.035689428689
18651.6948069351,17749.450716565734,13522.774618986296
16322.89447397711,16270.321940015252,11843.511045641142
16099.70659699537,17093.841331297994,11317.298750103218
15186.49324912428,14274.43048316167,10240.67865355622
13880.084286324576,12874.71403961045,8825.604043143105
11834.693073375938,11350.42324513921,7550.191258887184
8015.720618998946,7317.089973740074,4933.15736055995
4315.61193950057,3838.269994143917,2179.2739560521127
1350.6191181987194,836.958002706317,427.0161329560249
552.9293684465398,472.38635178273915,209.2712674610901
7.187852951691567,36.06768813486627,113.92359208107324
99.70892803486353,44.548956724765354,221.6329829855731
0.0,167.26692730136938,57.09558926784951
5.303208062176736,206.50556044554045,337.6276949259351
0.0,219.5201942880759,187.0216527710093
0.0,81.93363161066654,34.12175230620908
206.4079059350081,0.0,167.67466624384068
1573.213072766528,753.7807762613992,510.9318691666616
1305.3025234377503,1461.602682609965,1004.3335220735872
1286.9463375579148,1812.8116082139734,1018.1116024009856
2490.0047616427237,2622.916153639237,1660.3001321348772
4868.780903326134,5585.540353605719,3888.0186815056745
4215.85802726242,4178.686589312904,3792.24101855085
5789.214853060896,6686.320913854207,3938.898072806815
6417.969976911672,7908.116821895457,4482.925323391458
11287.837961114137,13058.12896447634,8069.404927932296
12369.949412002756,13369.529005016471,10541.180089672009
12222.634406286212,13100.0018568816,10117.769575737191
13132.10484648606,14958.305691652895,11159.515287930515
12208.243481759075,15302.078494885154,8122.947363526263
10563.688726654706,11486.859324777299,5696.410053693562
7750.045146366296,8277.244222008565,3473.8931061350986
4974.877759212669,5515.075260382577,2165.4548259295934
3035.6114699078444,3231.199269658893,1764.2264179154456
2170.399748747756,2290.686492174662,1574.184341716951
2803.9537720974745,2423.2374392063884,1518.0688673937254
2453.107411173502,1595.0667219743393,1546.0119833453305
3452.5646631033733,2381.733411144198,1334.1704678568824
3611.69784783781,3361.7198737281146,1517.6429813464665
3228.522872484548,2623.893936962631,1731.1473456316571
3139.9647402977416,2598.2507268940967,1803.641511351224
3087.333086455862,2640.8708745635226,2167.8379359259725
2394.168808725801,2267.6149621764357,2251.858300365913
2499.216600612423,2330.22662791547,2407.550047649859
2099.679543510258,2052.920175788289,1275.958058544688
1847.0895607050932,2588.2367095977174,1174.5874764398447
1403.5171609129752,2458.1496163253487,1527.996817168314
1541.5965571533397,2311.281520741997,1588.6991625422531
1022.5583028718398,2140.72117480542,1480.7218686085453
469.8855084509726,558.808686273458,409.236435835129
416.5119798368739,564.7777038686197,195.69436093139555
594.6167405662171,682.2734039934006,74.85882752741783
445.89546388377744,402.84232818536714,46.84436408989631
376.9661447046051,265.49547459927777,70.70871733454348
211.23593854893528,129.3074488507113,7.261186216409343
166.53514610172368,114.35932874237147,0.0
54.420024944260724,159.5006102363959,7.731699082711237
3.2232345970331764,97.96741986371381,0.0
0.0,55.3389196953865,0.0
40.728744712581495,16.86158437670374,0.0
0.0,129.88882994667824,0.0
75.5685729584693,78.75453311068394,98.67245191773904
91.1630552847961,240.10030950153975,55.639241649149625
40.11817940321627,240.01345235488634,53.80244650023249
0.0,230.3998287982829,28.366853752029687
7.43604135373678,171.33471295818427,79.59276939484859
6.971560911740319,155.5470971949522,185.06431904155804
228.64677783047034,237.1466747177155,161.73474061515412
239.75553288347288,190.13035422805265,57.59638206491192
1374.5650594033543,905.098700444095,924.4104118515424
2474.750191520899,3119.1728827120596,1349.0688562574926
2319.2819456683183,2618.077348547668,1301.584824774488
2034.8455905464489,2192.270416571241,808.2246188474076
2016.9822430038662,1747.256119342579,600.730653049554
2347.968033676808,2418.334514355385,1235.8595069167768
2276.517526069212,1920.3583163569228,749.0127794207077
1659.3537620216584,1821.214225639769,435.2185383360938
1425.9377248032795,1209.6571232437032,295.13595419416055
960.7676322375197,717.6875957509496,0.0
714.0971463157194,523.5434448616004,0.0
320.2601386500228,397.8847012160114,130.05471717513416
278.70525371673153,217.57627406951337,219.67446208534875
30.92328019556473,13.737895410056892,174.75821776173956
0.0,320.65613607223423,112.63048448817273
129.84622731909704,442.204477695084,189.61933252909247
1024.988773166622,719.373703900401,887.3927445893459
2607.684563234262,1771.5915408775822,2426.5667556205817
3988.7396836876396,2718.0441145818036,3482.1047280436774
5155.880128139975,4310.62641651298,5433.309159168993
5391.82099303165,4521.8432169359585,5851.977910431636
6194.557801084434,5299.262161718255,6282.691690557652
8183.371690289164,8150.584996101969,9071.178510095682
12234.52595948229,12090.422450452374,10835.09491619762
13925.805494506994,13386.694439577557,11958.02907463913
16460.070065583954,16769.342440088807,12895.2563335516
18492.72107712207,18473.557299779575,14948.071213347885
18753.963061246475,18150.213313758657,15448.110962460169
18171.306046704674,17798.015354571282,15573.737806063324
18537.161538000386,18283.128630300896,15330.917679646009
18598.68674776431,18418.539581372457,14900.670546965555
18571.453311476085,17767.58331412556,13755.089507768454
18414.119505451552,17530.41431656059,12523.921181180753
18670.101324546733,18534.755616993643,12679.548516173469
17348.60747195616,16432.115773749047,10670.234733265415
13361.999039801593,14229.369789018154,9914.805332472097
12304.989580356894,13140.554643703632,9456.995232200765
8193.751103064204,8649.722728287064,7521.743290262498
6806.958096260358,6330.597560684134,6393.927010755934
5918.987891878541,4500.685532644627,5509.697484166276
6466.30119795268,4951.130346032415,5797.51703320814
6344.338363117486,6062.679067833808,6630.508756604538
5488.793168221341,4775.934415498469,5270.229499623409
5053.536984399381,4448.190617767972,4345.191555452685
6899.141579740586,6939.31162318633,6091.274248376122
7980.95956128561,8041.407936258801,7177.008975463782
8856.022507381233,8351.461703713303,8173.6304751786065
8070.17012247728,9112.530712613296,8104.705326561889
10308.559504831308,9024.285095057689,7833.1256053986945
10790.861024647073,8865.117807280141,5465.694612248894
6877.5971123530135,6892.317323969588,3338.6627186292094
9564.881553363215,7802.920632268879,4197.514557408344
7403.6626687336075,6551.417105002849,2978.168763633312
6300.420268464174,6334.254879691087,2998.997839234052
4803.123444093301,3502.8631267564515,2148.1995764940743
2656.4061603971586,3133.7808474415833,1673.2444632697216
1404.5116669866445,1820.9054760793479,944.9015785069072
762.7226825643065,781.2377982572383,538.479860596246
760.8853752459995,755.4346249277883,273.890833128886
958.8702032378776,811.921378341814,349.1655481710956
896.3664772746055,344.5228362557365,106.99669597424293
428.44904691714294,293.54631096406945,605.0071958947834
0.0,0.0,215.788463343036
0.0,0.0,199.8578925860038
17.236542501176388,45.72786058651211,20.057656928553765
1186.796053985526,1209.1884679596992,901.335881209946
1604.4074051585599,1271.4566944516844,1081.1869269298
195.45511236894538,63.685342783298815,90.80396026009971
0.0,11.108973064447653,34.25744588086913
0.0,0.0,8.962272982866693
0.0,76.9846943073673,0.0
260.3021016095238,164.67355411996127,0.0
402.6060412760472,176.70233867919873,80.21561152609452
1042.3763029563954,577.6513904836174,195.19679974700844
1180.7543498712546,646.9014621433304,152.3364901997514
1566.4934331223951,865.8403382515984,262.67122883435377
1301.4382793593147,683.8842373804405,177.3735654187422
1100.9544477041895,726.2309803237171,261.87808877177275
969.9668994949437,882.1677971253711,203.39340401895527
1272.5855767102446,939.6591576220017,263.6939931259594
1345.6288673943436,843.7859844293982,347.4395396353128
1515.5793266109713,774.0135360949706,237.8096177807548
1308.918924282057,1028.7347148460062,206.63144319804616
457.1578609854945,413.56081489750323,51.697668336997474
336.8981288963513,385.7328657879527,226.6402337417103
211.19735879775038,282.7720678124072,310.80773991119804
367.1728275552299,241.72960714852096,357.173299971483
353.36297602703286,236.80824448355483,288.49463870679347
133.378074476218,87.45462991706977,56.55637737961855
297.5076548018939,277.34001266161584,408.4294959697029
248.37746602887643,272.68467353861683,427.2129906731199
305.91267932227777,206.3553117721098,324.05948762575326
307.97460171608793,576.919974907369,377.161135545768
457.5937327758951,311.08340421097074,567.0484300220245
490.8632334314083,334.1635849319176,334.78202582716904
612.74715444302,285.1968205829383,563.9109332626518
541.770666205518,268.31047681456226,156.38178988922417
1951.9589226639796,1192.8783137046976,230.6117783326052
1759.9559178290367,1880.6761672362074,533.8839503400976
2349.743211941044,2264.6880954324665,1022.0568812201732
6175.746268482829,7356.004665563145,3468.2010412267364
5622.47324192268,6974.829776378495,3355.8898709673645
4631.935979325812,6079.78874495102,3104.3117499424816
4988.3124902269365,8048.254442772802,2551.795248559959
4190.129204783329,7506.646964391668,2365.0518983168768
4000.6208780750435,7432.199499702549,2185.856723998192
4171.12003152456,6689.782225389863,2372.066017513482
5186.714114564316,7215.686322439436,3247.2943237217582
5281.270385308602,8371.469643782015,3292.2876506108505
6336.4309741266115,9721.47260831992,6218.266177675725
7034.530648598567,13154.519088029983,8237.852382875248
6596.368687443505,11546.748183301608,7918.699631706615
7641.431780454914,10193.61607709182,8582.97159187664
8469.8794969755,11387.861618056068,9655.809183048152
9004.279012014342,15254.381314502665,11548.097981133042
9132.518249191933,13874.210809510067,10431.512718613989
8504.70777920156,13858.477226302617,9532.31721400124
9684.068585899453,15234.113098891863,11883.611969599731
9843.723577120994,13614.769540114665,10764.725960638729
10513.132126958559,12603.415540704342,9316.595041267856
11006.844628290879,13606.88554407052,8579.022595030043
12180.577527780075,14630.484741334509,10257.816549536252
13727.820847298939,16104.081907409822,11343.735658718488
14338.545040527526,16637.88020343478,14031.147275295956
16655.798451591836,17748.086146263522,15333.367169711972
16999.881694446234,18276.869273311193,15283.975200004315
18578.338810989502,18429.656610980088,9656.352237454175
18736.431801084276,18654.404629142682,9033.014644027931
19096.777838850176,18542.97483373052,9050.367549906732
18775.818902565585,18344.897579165543,10669.734239673531
18992.983504785283,17816.749468510683,10196.326944742748
16875.920601937432,16076.832662595647,9727.243337378546
15863.484814022771,15178.769360661543,9727.472605724988
15733.466154621714,14684.68253365065,9416.790559501302
15268.01199621321,14194.119627055034,8926.852232341154
15581.343358449501,14870.1454901802,9348.789354641927
14711.571566622812,14157.161755016521,9062.700665960829
14409.191976206177,14176.679944768912,9137.21324454596
14498.164690424062,13639.938389386762,8664.141922925894
14004.30594766408,12050.948516004864,8462.161095562018
12952.164826648936,11775.313041714362,8534.403753917219
13093.110506179677,11023.622084362067,8593.3169558293
12946.119068453187,10892.57001905973,8952.432739297388
13841.702979246656,11728.616352147474,9471.613070499983
13586.949691730197,11233.61979716964,9399.046617087217
12817.959352900116,10998.713486513261,8353.482326633763
11933.736756146669,10760.026087937751,9879.974673831735
10642.705159198178,10286.251225953107,6944.121562294192
5800.255471330813,4962.265178701427,2687.4075635742915
3376.3245234698775,2520.6779641951202,1504.9426696398789
887.5197609986976,822.1095538855809,140.1163564938943
788.5946165891314,595.6451180681017,393.4065851027068
1496.1829373432347,1083.4654726459912,814.0815651077794
2586.9632841531975,2390.140573095256,1183.5654273866403
5399.206005070626,4713.692285699407,2747.262944806724
6641.013043512092,7833.12783728355,5670.705116311855
7096.387610554125,7163.071445866326,5856.867269838825
6274.052270576701,7612.621244019114,6186.392070637484
4811.515828248917,7065.064369948786,5615.594687256458
5040.744822637057,7549.4944643702365,6326.065277465335
5282.699486657544,7499.671581169113,5889.305466499952
4754.394902858603,6465.231317659229,5890.144823515361
4149.90118723832,5265.672162372036,4712.363959515849
1765.7155286081802,2619.5253908485984,2471.07562260242
779.5158352565894,1242.804481887244,1920.726334252824
276.4604556118383,482.32963320611333,905.9676987512466
363.5557891974704,1243.640290964104,2309.01808406803
810.8975194014674,731.5932011228427,2708.224114879833
1294.392954842691,953.3755860317077,1911.632912211256
3185.006277457515,2964.2348256379964,2370.387078161115
3127.8085341854503,3199.913136731218,2299.355082023168
2794.6168629858134,2885.355527655006,2085.92262556048
4968.970110624596,5340.335946041711,2864.0936357957166
7472.446095737852,8010.461674446406,4330.424802977621
8118.6610331122865,7661.011860976655,4602.277495911365
8137.3588765778895,7595.405343794636,5217.155888609728
7603.6941779578365,7158.382033410881,3771.232445436019
5530.933582246466,5161.063010379271,2895.9406590608583
4445.885246473739,3356.3976132425896,1797.1405815970656
3039.7851118003136,1926.9282327935107,725.4559029872036
1108.2862005618822,791.9760416201253,579.7415337285988
617.7740714611404,227.17432556382377,249.97604036523168
926.2598047631834,764.3878545441246,891.3160702642907
845.4532144996963,764.3873677951116,1027.1978344562522
1174.6554365766663,960.6948852636442,1537.8878798644434
1901.086008370571,1586.7936400075268,1529.9348647885988
3017.094388148363,2386.35413790203,2827.4910213408284
3541.521193161864,2397.4657033793324,3009.2332830310256
3724.224874489647,2460.196549670318,3959.207052971553
4509.218882963324,3211.2100911681896,4176.113593244511
5898.533525563664,5534.9919725760465,5887.033132624278
7272.165682284464,7630.1912687187,7827.095951676487
6867.869533975918,7470.64328586249,7684.0801375351075
10641.559088344533,11562.57817478096,7653.8294325622655
9467.489803918179,10772.622095886023,6722.435307162708
11781.52448823253,12917.485633535971,8863.492088480121
13104.387400148942,12793.604965172055,9196.222918651596
11928.87039825835,11710.58225478298,7716.934993059795
11994.6797342751,12046.851099055466,8528.000150671493
12912.800857031578,11941.752643228458,8501.872439784645
12501.334059510344,11394.899473118825,7621.791965875033
8899.11488218757,8763.597433397146,5340.079823054671
7438.378853765477,6874.498134571769,3039.79349533225
3766.282308973412,3353.1943360397167,1114.4167561300003
3783.1007868784327,3177.2430275612114,762.3583336672875
1535.092573751692,631.1331237755975,220.77890132011296
52.00408297139464,44.76185168848668,167.57157520321235
137.0119259723335,0.0,112.70067231038452
236.0863138442431,112.51211503311202,205.48477227407
366.961982718222,441.8625978277819,348.78435072701507
253.49609392836288,206.83192661263882,177.89776958825544
241.10304388009706,0.0,49.562000205247145
0.0,0.0,0.0
42.05253129766124,160.86663432440525,189.3603307058274
205.56772338878156,330.51810225051594,273.6140868206168
403.37998210131235,515.8061553402173,406.2859805211446
537.3434096096165,702.3936557472452,531.9980550423134
866.5072232958225,765.3793205739556,632.1574020591603
771.0062815187454,543.5837644453397,521.7983052492197
838.511578278191,698.3324518958331,604.068077699646
1519.9486220148192,1941.432258808551,1165.0985286038117
2880.9886184727166,3064.4352168442724,2629.8359274962345
4620.014354914044,6049.506924804046,3821.679103566452
4328.406805323468,4978.545989085295,2979.1984635031704
4554.163228992615,4968.457839816613,2443.170660050835
4985.4127980738085,5033.733514306212,3245.5106689565523
5738.569483960906,4929.856031398939,2476.172484614417
4777.383760773778,4352.670156259538,1515.9488188722846
3357.241698297739,2861.6103818207503,963.2044349103178
2520.8913443007864,1734.6626165129526,514.4505807292782
1479.1459511213234,817.5589279650451,955.6460231333344
1577.5885195485328,767.3947929800651,1051.7778212024746
2611.0527683256,2072.6129742280787,1688.768456868568
2954.699965243692,2331.306159261273,2238.2924925081097
2942.264057220483,2039.9779609714142,1933.0950078866656
2191.02998557847,1720.1865474546664,1377.5725524461632
2724.4552776618625,2236.441761241123,1991.604448397732
3744.0724503443575,3018.049907466657,3908.9728634613
5933.798988094939,5258.906627600166,5083.225069496772
7814.355473187422,8057.168431377915,7907.949775861667
8156.079460592907,8507.600353596601,7328.643592627061
9661.613102192483,11975.40430901676,7788.810516424105
10661.752739932574,13432.213677600004,8744.271116234087
9338.345822037969,11879.233540160427,8777.895452498678
13853.235149010196,14857.8127550715,10057.112002259286
10453.880687301218,11922.539160446098,8910.300019061451
10417.052789489133,11830.385450385324,7745.577907785189
10316.954937498931,10927.166085837362,6856.553613251643
9856.396424619008,8734.775003018298,5476.341941495165
6549.597600962223,5833.712461642476,4925.831436143906
5067.594080393504,4843.529948042724,3241.1730283725465
3608.0424552135905,3222.4257376570285,1478.7711810309058
1926.5812678868194,1171.192769904173,457.8796266643019
580.460825004749,493.45977385678583,487.758727856918
162.30830682707835,200.24730602874416,417.0666319208472
146.96275066220142,184.0562194566561,156.65566503338098
100.06114402089565,118.20286770990549,66.82013491132919
526.7353247740175,206.45895084713223,305.6579839008983
770.9083418273624,263.9611033872811,350.01595235309003
597.4043419445089,185.68941207269833,425.8616669957922
360.2199013166933,169.9519136201763,553.719061528448
579.1046654512938,404.76926262110265,548.0852951603258
236.32003763850474,102.61490509490795,328.1931536360697
253.83564726909287,210.32801989418462,291.5400751403636
946.8256562591158,791.3829718842375,760.4199632016833
1679.6158266707962,1716.7201980135933,1094.0636357774702
2282.8526950055707,1884.1968142171063,1761.143289827931
2303.73262322712,1922.6875753381119,935.0497524332476
1066.0880032447776,1739.5334836640636,803.4584739202026
835.6112714812416,906.6613042407893,664.4836410016853
2461.4291236341605,2162.11445357539,1267.8109578610165
2509.7399868954785,2205.606352998214,1046.817575714917
2455.2594731611634,1954.515905757313,1133.7289643450465
2246.322834175848,2915.658503655118,2005.6469855098544
1759.2532430845533,2131.7016613987203,1860.5141379625345
1106.8921259845424,1442.903165917246,422.17496095960223
544.3804692512044,277.6818395361641,292.9413950794529
199.04726578265777,207.68332150972353,453.192032488208
147.03033015225083,325.4043909318652,428.4894799771526
256.87431132872325,314.74613200045656,736.9147790982416
311.30611276064417,246.23479985136555,602.7170361831064
176.76423851210035,337.36895764147187,485.5482199190797
194.4798102578182,137.8949908850561,517.3208182101478
175.85940075562237,95.94905527007977,398.54511831851175
366.1724768890816,200.14003650840766,355.3456767904162
241.41928626490352,194.37048714170416,161.1633575342845
319.0856387690791,246.87290136745165,96.1723953935833
272.89492428121565,344.3871272793021,23.68643373248872
222.82974225755987,311.4486520879898,77.00703723600104
545.2215490814567,232.50363446129685,124.56946897711586
473.5988871284753,341.57429973076887,125.13911386310556
499.1554049295019,566.7411557735182,158.8928255368991
764.6497897700776,453.14492317234976,194.6364105757448
657.2718770808162,488.8605693715401,216.1823393502222
648.4394524226481,696.193328047808,629.802011223365
596.2724797471594,729.879658604536,424.74273063163946
809.2568259450875,643.7448444999029,113.45125234120344
598.4130933136696,717.1592904616053,171.77969088540462
424.8635603011245,261.9550392637325,33.406422296745475
391.13321714929884,354.21110310869994,138.4015691521983
573.2277455046591,236.97527786810775,163.9323192859094
304.4833768176894,449.9561865795972,535.7826456623039
360.0408807935343,481.6142930123342,513.1565327520303
417.9160001364232,815.2259607533111,781.7171330083457
429.7604602128883,767.3200348841655,733.1287349158287
327.87974921646054,744.6217643472696,827.5671359967428
297.4167342819267,405.25361423185956,796.0584182374164
382.01843981818485,609.6814814189918,725.3071963094708
706.7500681982847,744.3795854308354,704.6728687699417
574.2008895503172,621.6275342058597,638.3801020147226
808.3232219124997,682.3339168451224,678.5057733666391
1155.6929483616727,1416.9135360920775,736.6411528415153
1750.97417056089,1864.646117213392,1010.4814988197892
2327.0839935121394,3003.37305300636,1436.501334831522
2030.8332833144268,2519.7265338141037,1042.0699320466042
1877.8871843901943,2488.1364988872724,1214.5821028224043
1606.6821028309712,1362.8803762572697,1214.7278331914997
943.9636450904648,1141.702918943851,1379.1069875411602
957.5083994385234,1132.095097029967,1674.1509641601997
1076.6931378233542,1137.7495523252549,1921.7187001145005
1972.9235104128052,1717.1443623238615,1861.7437630214088
3165.4170062371045,3549.99674574909,2146.313455313444
2398.248295176535,2693.7988295065657,2020.238072017744
1198.4735306966754,2086.488019783231,1704.6096590473685
437.9694677351275,753.0884601311908,667.3659868653083
157.5731374513478,634.706381274318,540.315263617714
309.1522448865454,793.6711282561479,270.04796600100843
222.54654451849558,650.9264887590548,263.1864244094198
238.23996199693275,631.4361553367438,452.2764271475185
204.97261785928214,454.8732424426009,332.78421592185623
101.7731148769973,247.25398085323314,290.4635510098155
74.06419205095632,75.66034411682598,225.0501290611548
0.0,0.0,336.4125483415972
0.0,19.523862364908187,176.0474718892152
0.0,49.85836530997097,40.475636308234144
34.46649819608031,0.0,130.11382122372885
213.82883025000314,20.15020660841143,266.7841654229224
1163.0781269537072,813.8036986807342,575.750219925019
1111.8402588004558,578.7914637832134,702.2459644438463
1643.2056809446954,1539.0308374881376,938.4882264084888
403.45533981730057,286.24519733692114,230.3736369068596
1181.9712888726012,994.1376416469276,559.3415596400883
2364.629929106593,1435.5067665672343,1749.2175727126405
2845.0182068389186,2226.5708358144498,1947.8641171876088
1368.122123843096,1161.3724772751991,492.52304629605567
1199.8959995439257,712.6752220848023,204.5395272190012
400.07817547595073,307.053520174077,0.0
356.57418833083204,296.13350565638547,93.82697462027797
138.8650316636386,246.68984910784224,0.0
214.04452902369036,218.3464727968725,14.77780845796573
198.37496148960838,70.2810450921523,43.10856294073348
97.29130334512372,31.944105518758423,208.9452418431188
75.6102396169638,16.542964382813917,196.52017622824755
60.17476823333243,152.0751835192372,291.1135623616909
0.0,88.8293230805685,357.5430526382779
0.0,63.771163060930085,282.2656409523256
47.24872128626176,45.5772872283803,305.5721987364052
343.6808162294844,270.48232495901414,595.3452149252987
279.72637650249635,116.61735831754245,468.275364384035
138.6327666378465,61.9634980241823,440.9442822065423
237.86565223439055,146.43762775922679,282.39524666347285
673.932020836665,987.0513700307963,511.0606977710635
1376.752403128057,1686.7871250588823,1425.8743118709458
1755.2107444359997,1770.2679242488305,754.649649086244
3006.8060592182874,2400.89913866805,2366.561954137765
3147.1531791701436,3191.1325399433094,2380.914342582665
3297.7044418463,2805.224036956775,1733.9215444133663
2092.8796198534405,1520.2611108051276,570.0337612325164
1056.5465055002858,751.3671011774113,585.0190296473428
896.0331520668029,548.1599269661745,327.2837881269624
301.6503149895896,61.59621573105932,186.58152185949783
212.4760685518021,266.018607354812,42.90455104353585
64.44634157077489,206.4085775077174,37.27331800660084
199.21032850053516,218.59199814682415,156.19341722178606
107.30793370101958,220.7034730045468,158.33118535354208
21.04897481733201,164.07371428634778,191.5530250715288
57.10596419554287,126.86750628241396,126.7700575507453
90.969021307566,174.03578918917475,162.26757820993606
729.0282083473203,546.9868052002722,959.8872707216244
822.4353617927374,1147.2607830630732,903.519237748816
281.7726636306181,184.26788084389412,372.7281300360816
314.14310524814937,330.3425721588503,267.9660715801702
152.33662035110115,30.175008040704704,296.04479148581896
194.71993455163988,286.0156692314762,335.3829332571756
139.79885855015453,130.02620966797292,233.5045374697676
445.51398733964163,551.1311401566581,222.64784841713984
570.7779335197658,444.4698147622059,268.80004214767865
1313.2866476462923,1368.612430281587,773.8582480424727
846.5321271362905,720.4331300602729,517.7176179660848
1508.181120694253,1768.9906381160265,1273.2207538456144
1651.8606996967326,1651.9859271151474,1512.4555010406502
1457.708675586045,1335.9990843548303,1597.3310419089128
1533.248445098868,1742.9447145696595,1605.5859917050925
1224.0399306999334,976.1826452980913,1134.8362910342494
797.8637277831449,666.6133848025228,530.9627541588048
291.4030092080389,300.6673295690911,203.9807207878568
243.55170243610345,568.2168078504433,118.05020120329137
398.83228156096663,502.0321734491428,104.11651544503486
359.9173032178666,336.75659204339945,66.97792410011881
123.79467031774706,76.34092377737761,97.91808854876945
62.6945809604493,16.54474433295694,0.0
42.00450750869469,110.81827563877985,178.207130860216
148.02519820855093,113.9579658297342,155.07601486902493
90.8966194948029,101.90449943114531,184.38267416413893
0.0,0.0,133.93644482954434
167.00256890060902,381.8811029181444,136.18245986382587
616.1861009904939,620.6679353363404,328.5698789556762
704.3814943253157,982.6503595943944,302.0396703576436
1322.1126547806018,1086.1378584869726,370.78090446227617
2863.23564292026,3513.528177741071,2424.8778778631063
5536.185300246383,5662.821458461032,4131.174150001601
5502.086980582206,5630.996932789714,4001.6352917410895
7304.195905929731,8463.17977284902,7025.092580927788
7049.576375035416,8557.95636723074,6154.652284270396
6956.604958761347,9398.130734343044,5729.503340853682
6727.123590545312,9539.384136834304,4832.392582409483
6060.558318230527,8602.334351947204,4781.301298392861
5844.444313763808,8377.218139878649,4853.033072449838
5846.38071018985,9044.565067067026,4456.91369866156
6449.7222575311025,8802.192622586093,5015.606955013204
6427.756153127653,8529.038685470598,4277.993221184386
4153.54557968398,5967.477416349761,3219.167371755728
4468.242743852249,6447.398818088941,3055.628143047497
3280.5473683989803,6218.359464077997,2454.4324318796967
3657.0229525916807,6595.255121600537,2929.047853241894
4394.832146307952,6644.825452588126,3722.657140295625
4337.110586908238,7093.541251868271,4274.524339411403
4473.767814248997,7131.132059375891,5323.675776351607
5000.915380600051,7569.426120270973,5316.938181374092
5955.54392759059,5418.097359394816,4759.143387291711
5210.857696802319,6677.831873627193,4058.378828530362
5133.380089548422,8114.500942210504,6062.155066593188
5853.466629632182,8224.393742971104,6215.971290434462
8364.83207383296,9867.235466313381,6667.9433468153775
9763.09808464077,10837.625886827498,9658.039664462149
10532.517779209613,11352.875443337218,9882.359254093612
7966.836062798163,8459.4201670828,4554.369630623033
8465.323483422377,8551.617649851753,6108.1137647724845
8768.583868691523,9119.809739924647,7150.228479883403
8889.27590384152,9029.706671163907,6801.2710535932765
8442.704226513306,9124.533324600121,6524.808083774944
9604.614684399547,9403.214800112808,6560.116348572603
7612.90350751461,8320.718947957008,4921.091979271313
6349.029980894573,5342.307625104855,2801.736217971151
4283.769289156544,2965.9932910770185,2035.1746558290315
1312.241687465449,1298.7368201212096,965.335513176712
281.2350013892531,296.83049864192554,223.40832528895533
7.554422680711584,17.338461533408204,0.0
7.3658107538077715,69.50967688963388,0.0
123.69663542862264,0.0,35.49429601408633
63.30622778426438,0.0,206.92731841059444
1018.7771466992052,507.6841369174241,390.0832019715333
1806.0731495669847,1528.803050779164,792.4036720044464
2160.5261805294404,1408.667430147564,1120.3487116656258
3004.514876481469,2738.967278858666,2858.637258367149
3904.8286416923443,3792.316989723407,3466.701168786239
5028.806754305933,5002.227586589018,3975.3060992815945
7084.588789346977,8052.42197283494,4552.268484960326
8929.104700707609,10211.389748309932,6673.305161664223
9636.322950031754,12692.147635686755,8550.083704127659
12296.771338805216,15116.236420709947,10049.134481583684
13217.587228934859,15315.978148426026,10333.306247356448
14764.436292127528,16138.298557549952,10792.309077578551
13707.740780920578,15127.810132997365,10920.347920352651
12255.454012810356,14249.792508787825,8567.487772573933
10806.654199577917,13192.610222281533,8406.56049115994
7974.634860122903,10018.115475248913,5487.3319785248295
7600.023056262962,7617.698826381287,4956.416323325341
6399.853149985634,7071.3775005189345,5110.226999323324
4167.224968468644,5057.964610733421,3860.707708165386
4111.750787629773,3834.7677126600283,3286.271789223053
4588.96397281273,4417.319374353927,3226.0084036208923
4199.813348761751,4084.4071798565915,3385.346975152092
3866.435320309367,3516.725909548676,3002.531844589176
3995.739227581991,3227.3945212906365,2177.35401069028
3605.0719044251787,2752.9875121815107,2189.8841500957847
3814.168976702155,3350.407965971134,2223.8036030502185
3427.630417152832,3730.3681917885433,2317.2377565042348
4002.506179841628,3841.100635678479,3412.46882051209
5731.869012069208,6196.7558888887315,3972.429972590701
6750.221106927639,7141.008378659826,4489.408658814154
8001.492877908753,9027.687018045306,5508.698460545797
9628.858067254838,10267.413727357114,7586.699648207633
12906.760944949323,13254.804693169175,9846.296677431532
14684.008769433585,15702.09122925639,12043.464064579428
14880.256591417448,15429.612087826372,12425.513264633824
15452.952811616135,16518.282355004467,12327.145583466816
15801.989923637171,16443.165561842427,12987.176776559229
16051.47535334014,15478.81150903944,12984.607403256694
15174.631345533713,14485.893676053345,12479.991989878028
11872.61937115851,11974.585850651276,9470.89155254118
7535.955931765137,7940.3493576694655,7263.891095011544
3901.9444290459646,3734.751301104002,2536.9832151861506
1119.5894755139673,771.8821929715984,605.3983576990678
660.3518824320306,475.9302106309557,236.9487009210044
208.44908244643293,164.35665813845517,79.31804724853319
199.24256190496382,159.18517206104937,28.298431655001377
157.31890471366725,161.36097153382855,0.0
915.661802606925,757.8144595561156,853.6444458251319
2065.9699537923384,1479.7406958142467,1825.8672545412687
2675.0151219349755,1960.917936533018,2546.3277976641
3294.75159306394,3102.426571980454,3565.692270354995
4790.207676474396,4754.72676687271,5424.574915049154
5854.272012391004,5370.698071515914,5921.165818440594
5332.132455043046,5480.87372224006,4094.7174969325656
7862.971233014683,7620.14960869202,5955.956759863937
11649.230437338887,10698.67545391131,9436.557420248177
12100.090234529587,10653.350806659564,9497.768955539626
11864.039723195141,10781.048676758492,8951.897510671695
11595.082222398096,10440.853891436249,8667.933805610879
12352.58804083697,11863.112250751954,9380.034302263912
11316.884911429539,11224.038840724908,8009.916204084564
11572.142398844355,10595.982128969916,8037.88622673589
9685.763464184307,9069.504444138262,7047.911226901206
8486.487830968917,7588.920883287627,5984.686486601734
5878.839761671592,5513.449200857499,3508.5995672618824
3336.172382155265,2516.618972519668,1852.970391754052
838.1350957928164,752.5536397805549,656.9533013226386
117.63108629196084,71.83350378090594,0.0
0.0,0.0,0.0
64.32914659758148,54.060378343088544,0.0
87.39247302901661,0.0,0.0
749.822675404115,505.26384455109155,818.0964994186737
1508.5232995375325,1739.5077818757225,1557.418776692636
3243.1273017144626,2389.6314672562307,1985.245695557316
2986.8660208302954,2508.470636882833,1738.3702324744925
3837.906887867236,4491.516491484341,3715.863501803336
4445.682453995612,4303.6266844892325,3363.3509604027954
3410.13792968559,4158.404785846631,3040.9435348719926
3707.9957335779013,3533.3957176139193,2842.50211362498
3692.1572123471597,3624.1343929795644,2988.399518230346
2784.342266611598,2793.725061232555,2475.320895638852
3682.963998671581,3477.231459826649,3217.7933128598365
3626.0153228315485,3786.4376322357875,3057.9929141490707
3332.7083106673513,3219.780034052119,2514.0184813484057
3529.1241843293346,3151.9337097434145,2433.2131297269902
2521.6672372871326,1863.976308439718,1587.9655678235483
2691.248721946726,2874.3998537501006,1819.055907844728
3247.7426884113606,2954.4071321397205,1724.559710374826
1671.1743003846805,1128.5693891367273,427.0015159912949
1003.9146363820691,678.2189625689889,254.1692353526804
66.49351782535571,45.781693871068306,75.07230309255245
0.0,16.60984760807183,36.423970135042254
56.28406589657823,42.41235193882481,133.5144212843583
0.0,32.74051417233214,0.0
0.0,0.0,205.57094485310816
29.550516584766207,262.01995652818687,0.0
111.86025781597297,0.0,0.0
160.42544259662105,0.0,0.0
170.69241582225683,0.0,0.0
34.233385741606995,0.0,28.63764417396093
261.2946920149407,356.6376264283264,1038.6651357084988
201.2498926926122,123.62174093903384,280.11219978593414
651.0847451649886,554.4778308213439,461.1479672098227
1433.5562237795555,1720.2298681896723,1023.6837483525896
3619.889923920268,2796.1327060961753,2056.761408903645
3068.6003022573477,2807.376532599934,2661.100537194924
4760.167898382854,3880.6829346118934,3130.2076650945896
5229.801443102264,5074.419320184134,3661.268230728008
5989.515754751007,5838.021660296357,3658.9756025243983
6299.8801434509305,6258.562986549599,3752.019092189749
6661.656082898057,6619.475532743739,4714.781084436588
5554.276283113,4394.9438713604295,3493.5825979445563
2151.1741495764677,1596.3644532150354,1124.0860136340268
366.14989512875337,312.20029132973747,78.50327872517323
40.54262133939074,0.0,0.0
0.0,28.774680466804845,0.0
0.0,50.50694045383668,19.221067549091742
141.99070850226275,45.416477742908995,247.29555063095168
0.0,643.4658251280963,491.2122531043611
103.7445943317847,296.27334531492374,0.0
54.36306747467934,313.86657150849135,0.0
0.0,224.20604380749694,69.42240957145846
397.1503239768161,547.2821296283846,199.9412688971872
614.0969770414916,1364.937728922386,204.6497388407217
1665.8519445417749,1923.3404943664557,471.4980674002719
1512.427969887609,1657.1243759139322,481.1685472244936
5662.689898181916,7744.245241977838,3765.838743660954
6795.941831414747,8647.733062506313,5240.152975195537
8218.065940418175,8628.322332295424,7626.150921648381
5269.70687182878,4340.286834599476,2932.7537643300534
5314.403282187635,4630.680351232755,2946.3464593682606
5165.2558594792345,4918.259220529898,3099.007462935624
5383.183626644127,4478.067541978717,3128.9098009923523
4699.219202789961,4453.862534148745,2822.4415965827407
4462.6371544294225,4252.973845971676,2620.0223020337226
3214.7121471446767,2378.5969091528964,1568.8967370804974
1405.5253307268695,934.6613902436175,422.2251756217139
1248.3260103615978,607.433571359606,661.9327347358458
658.8288656648899,431.9027798531838,449.1724563252799
393.9459214723463,289.2146605982486,322.98469209877646
657.3850828742334,652.4934768223085,574.681799222517
434.6478175711471,405.05843649107703,379.42324899569593
198.23233269091486,448.08509862222877,476.3546516344264
126.43549043765654,234.08442269330524,392.2921585604464
112.43175597637267,54.590393331434036,154.67227433053023
178.96015871510036,82.61111914380749,90.84151794404411
162.59969494801328,204.05713262481473,125.30679330838652
222.07309837919354,110.25610546893,420.3364933321364
860.1739308090323,322.5496814384772,404.5908889391578
3715.6484590720706,3801.5697395345906,2284.1992098026944
6773.7405208833925,7621.126169914288,4822.373454609397
8513.385347523232,10276.66161281806,6283.7842143708585
8294.809160434204,9920.461819331382,4922.458222670873
5649.158589512861,4999.712287785461,4077.142094860457
7358.402717337756,7483.214669966113,6678.547713050216
8096.900399945283,8595.471944077799,6054.873130445642
8107.040259750398,10285.044904128004,8066.0361416373
7994.822997477821,8950.675593240445,7991.408887807547
7273.901522919964,8375.439860940049,7046.840482514011
7960.195774193554,8891.666331047334,6696.755865602494
7563.285243482485,7918.254316525643,4922.3948754331095
6981.88623094078,6059.984801826656,3356.1706216923008
5763.668827820497,4277.292801454371,2591.0639041709424
4624.404876574866,3268.598452701714,1894.9281417099444
3804.520899334158,2823.1959981486925,1649.7109833014451
3851.423657243119,2659.7193076946937,1977.9561491969096
2787.3755103438407,2141.9202238185594,1884.4398680641625
4536.8444329297245,4501.27517707394,2066.551869816201
5005.8123252579635,4292.355065676942,3096.619923488413
5841.421869334057,4521.30960462161,2207.361004040069
5068.877291415319,3771.4544025595806,2672.7096857038136
5225.983447646267,4208.884723321557,3136.2954440840936
6555.0558241047165,5133.257373645212,5314.265200003931
7329.511313279334,5574.214061963855,6499.268501261619
8398.074504227496,8223.422174459072,8168.392004529314
10624.643396599362,11370.239292821203,10463.07170338324
12202.705770067329,13118.450218382759,12047.31767191708
12839.474030553944,13474.180776382686,11064.046726394872
13375.247030025323,15012.927549134953,11523.402180773684
13102.530093833753,14793.323268875718,11003.24979858259
14218.18489169169,15294.631126051103,11184.68143411958
14723.944216381722,16074.243287121564,10234.13996706533
13186.469750290975,15561.890620968737,9177.794598109942
11380.704261437528,13215.347716649194,7337.162497193438
7368.29718757561,8334.416395615597,6326.759507953486
7486.794507935508,8410.351417997485,7279.744249379742
6253.558852803855,7688.201078238355,5212.066296070434
3876.2678246549835,4153.724702927354,3444.16365108845
2813.080844168573,2406.5390724494123,2216.010335077318
2480.555014663539,1952.5884273518043,2547.582037832411
2800.498873704298,2114.485802909725,2963.9512924814967
4261.126633655811,3118.5154148615757,3544.245464710569
4844.585260371198,4021.110777343356,5030.917325416207
5005.574709819512,4866.50604522923,6117.713212484068
6014.253451305873,4930.111706270363,5545.654116470998
6769.875562244735,5944.02907932997,7490.377292947127
9255.147194336125,8168.972381355628,9308.012755927191
9959.75312888434,9493.617495812223,9476.645112824475
10807.658054730644,11466.193142505283,9899.219830653145
9818.828644893667,10624.796654712547,9015.175847910708
9547.679186834908,11535.31664363307,9181.131071814229
13309.392215820357,13898.280141694908,10325.872827440582
13181.964570904735,12375.136807920704,9039.150502290868
12303.865878269025,11677.317741005445,7072.159766430584
10036.583480096875,8244.355325214712,7157.447547677395
9459.365092453154,7835.433224048857,6258.78465445395
8162.374547906033,7541.545197114581,5852.7043114304415
6044.573709941558,5513.713129516035,3278.31127037977
4867.645015167776,4372.607095136582,2861.42277026514
2438.791462128726,1514.6620180071832,1085.8694452195143
800.0129977848773,534.7239577656686,776.9175848382406
776.1256188019468,444.20074423636134,605.4404236955908
797.6823861762065,595.2501159204224,665.0835623360836
756.2719241968798,818.3651034142958,893.715285579123
714.1942374779437,547.3412372655783,605.5213652632511
1414.2615980425483,668.3904376401043,757.6181258103073
2063.0516661007864,1731.4545667582258,1796.1021115547558
2995.3421183077717,2058.9679372245214,2094.172440784535
4874.143420249743,3615.443466468508,3834.840955856503
8054.718146449269,6874.873924936135,6894.775738088356
10029.171907205135,9444.024322011766,9301.559141856753
10177.460444069571,10741.061233860044,8819.437722210425
13514.329056280072,14230.0878317123,11028.4307235206
15587.465510899734,15115.95647895302,10572.302973053049
13405.95341618217,13063.829681548035,9932.215413884383
12611.28645120093,12562.193541506307,8629.854365129611
11810.835670647579,11871.263018563825,7117.879129832717
10146.920569971617,9193.253100169008,7352.483085093388
8356.853929709812,8649.406121419272,6713.100291785765
8359.138813192341,8436.842598580528,6417.728644699996
6542.372786479264,5365.173055694847,4284.07238166167
3287.7853930500896,2870.959840451284,1550.5528861888645
1311.1905437216694,1144.3542539847992,553.2565392771254
297.7721204110247,373.8078104015756,70.3841657617781
0.0,64.5593737280223,13.244443284721944
0.0,3.3699754504116477,0.0
0.0,0.0,0.0
0.0,0.0,0.0
68.9640279429727,152.9328955830927,851.1696635929469
1276.3985404135353,900.1942235585371,1329.324264757624
58.14379985865196,0.0,13.532428948992855
20.037425894425382,0.0,129.20360531940457
160.7843381622438,174.12374013566773,84.31347043685689
325.4351447827826,45.055570574305555,226.14196500428983
996.1216755124619,1118.117767480976,366.8288024521992
1048.7344591776848,1089.645705010539,1408.7595102833548
3344.644602438424,3615.0885965772677,3249.7615260087687
3976.5257332317397,3595.4099096125674,2572.227822360971
2245.6280135121665,3016.7845496935915,2163.5057667800334
3838.0870522614323,4005.8196450850114,2963.975807085239
4063.4375058217106,4000.6093336750796,3466.492904915912
3461.0291723831883,4032.591057476645,3504.213198010652
1547.723982475551,1601.9408500208829,1035.369001710758
1814.2590990007616,1775.0186282395318,1374.4427061494405
1961.5231059657458,1299.0380908764218,900.6196415964228
648.2239975935622,341.1079032712731,64.67077359692586
379.76714650211164,472.6187678728611,139.75639880394465
485.2559829778227,495.694723305405,105.73960402154408
141.86764372610216,439.54686619716716,108.64157209899054
12.068240619876548,324.46085077390586,199.0018033913645
244.69682005953288,478.1904202715336,291.4311356167018
581.3267734968078,691.9539702290853,355.5564223107763
423.5142015861556,780.2708150123917,245.7158958780443
260.02821840197987,286.74666026313747,140.11072768416457
51.00411999963953,175.89370584540546,82.5621605471571
89.47170991784336,147.25972087243719,32.335136231175724
469.5824826678744,383.22568272807877,200.7705144708432
850.0635370066975,769.5362109490213,407.9429682344624
1346.8523999442828,1642.9257695685412,858.4654021288811
781.9027251216114,781.9728586076491,479.0596154988687
1514.1592276830227,1605.9359759269862,976.51416773961
1353.4452160372198,1398.4609899244906,903.8882388306176
1179.1548275184616,915.6187743984963,280.7732705395852
1141.519576610759,1807.5517231769923,536.3713424107746
1270.2445652048839,1767.53154648284,471.48990154601296
1379.7557556873194,2007.6968248117648,463.21181214175095
1392.513251945024,1916.9756860173136,464.47064406212303
1397.185556359796,2141.7634156599884,506.495023826018
1514.1025608803777,1365.0169306566827,323.64735505871334
1333.5071870230495,1540.1412662530997,346.74755707168566
1174.6615104625553,1195.207686576864,362.237744092292
1086.7499497756048,1194.2888489866903,359.6310257406966
953.4798013662385,1181.8012570074065,693.8458701689212
798.9470491000177,764.9304461087901,481.9789908929885
651.9900671849568,709.5620922493902,455.5535009798557
532.1428104365318,499.9302970417904,249.52898010923963
252.70033897021352,249.27976343645034,17.362768877977903
293.116663416139,159.92455490191617,40.586456651976704
274.9054186467605,52.153599477365425,0.0
236.83325118886776,44.86070500647293,2.520852589397715
177.45983747981558,78.69279926266658,52.558455842047046
573.9147953025055,286.93046625194074,42.814600328292336
182.95287903049592,68.6853901439593,356.50920081189173
488.87785194734386,209.74978298179883,296.28999028882174
590.5188522451652,517.0040411751359,109.8771958063098
617.1491882135026,526.1155040521448,233.05038501310923
930.5370969259977,1074.3069928158775,171.0983357477795
2638.7850286924686,3250.7066879597824,2087.0899566497114
3882.6893926621615,4744.2571307478665,3682.260034274719
3317.9037311567713,2624.8402503677894,2409.169598705678
2238.5249454820823,1919.9156916746056,977.9745663265112
1907.6535931283693,1830.7990056414749,1054.3990691861552
642.0117659538146,549.3186297505364,109.45726690311754
587.9123230087055,381.3958718384106,52.75931921274491
569.7660708895395,393.2866818717829,194.45820693838075
633.1210761151381,295.59489932562235,171.35458538126812
137.6573606270666,40.12386004676491,371.758747743034
196.8103458717275,95.53722982576436,686.8403544349738
662.1798370762749,427.110089855194,601.8080274987763
408.291447433235,16.69943236464069,388.4425625097061
494.40748383712247,189.3116791737712,344.7057258875203
649.9180585756706,363.6418098998797,40.49210240300024
891.8516396882013,1096.1375001846902,32.39020894609738
816.943271906593,1012.4670153324621,199.543976782642
789.9328210992046,829.3631168596062,74.89512183087649
651.2031463353652,997.6385650059239,117.4295910530088
603.368061261176,562.4489010427347,185.48655196430832
301.934186899878,381.09374630030356,245.3727679661081
796.0419465887414,442.0853706539537,306.7441753037145
751.3116172176836,537.8184410055363,625.5809081972976
1760.4258350639143,1641.9078331910587,1056.8556407954914
799.317757079918,817.342994179272,441.04338782392455
944.8632746477781,644.5438961993473,212.15187434414648
1226.3336883551403,581.3081783353286,453.75801600719296
1112.414332233725,806.0272200156116,307.3299269609155
1109.3544033877668,896.2868934905885,322.77471459812244
734.911146793593,694.7955880942849,179.47264303657948
723.8872107520566,635.4523988102917,139.34180236608813
889.1992631198559,767.9667770575644,95.02369081990427
599.9679477947361,477.4554049005698,9.966646825463004
610.0233034970544,536.2292062692137,0.0
276.05728723837376,459.3429521966752,101.22554603203834
904.0911897381811,1434.3478537604724,282.72288381252685
538.7208625817293,1562.914086068017,182.88784679636632
764.3198914700354,1432.349487095718,310.0207213037672
1931.9413651761831,2016.5663060862792,438.8064207879516
2376.6132573680397,2462.0989484724637,1913.348073612
4953.9670060247945,4039.92242233005,4041.539272940485
5382.855624972693,4510.620516502783,3652.508557710623
6979.485606465891,5928.958899941978,3563.317144747205
7434.894018253484,8457.810661592035,3719.28467650034
7590.581610023439,7858.6280894802885,3660.057345896087
7283.420020291384,7566.415718370302,3749.2761211983952
8664.270801714332,9694.581830147372,6506.872193088882
8283.000434180645,9936.16603828639,6401.719916491843
8390.826686873426,8144.828132204294,7190.912240897716
9861.149687641957,9239.327400286278,8000.816383046581
8811.976744350915,10740.50066484797,8292.997400625749
9569.115649414765,10571.405026635417,7188.647932631789
9174.336753420654,9978.739689305608,7229.493844757022
7061.747631972597,8624.40700212815,7349.80243631094
7272.4024161395555,6985.996668075034,6529.848389408294
8166.548254715321,9187.279685288027,7844.680440840324
7641.577220890226,7829.302673056637,6505.689660642538
6847.673243537987,7234.205203196635,5081.885778071631
6073.830803642528,6977.136691274868,7536.931135989681
6993.130147163107,8699.103627558083,6803.604855549444
8334.776860097063,9605.865722267516,7423.11080881823
8956.786665394684,10523.1662988641,9277.835020579494
8842.704251192872,10095.125400443298,8510.916976515497
9408.110649195844,10464.451391897861,9014.075931918707
9829.27411304622,9979.275968594478,9836.338211053917
11015.4201358077,11067.497215088972,10292.14983319583
12272.51649260206,11625.193096664843,11228.430800580238
11668.741543789063,11908.761415425632,9609.087736619858
12283.448427788511,12239.553875904301,10061.463857146802
13269.068627304072,13686.372706292583,9225.324447827225
14282.990749498942,16053.71568974688,12722.35239866696
17973.49441815217,18738.486620255895,12814.9780634999
16037.13583703644,17378.053514700878,14867.29308512336
16352.369310010296,17748.84918255867,14762.277068365149
16788.838856924165,17610.995133297387,14315.655712755202
17817.477798391286,17281.42747276888,13234.639235343047
17690.869282726842,16880.71144292458,11751.802868774994
18146.14806481559,17195.43593294072,11527.300024428812
15670.666188349503,16852.066762091672,10853.003031367354
15059.948145771625,15508.735088332194,11799.94194046655
14755.672458094705,14429.078016364341,11774.146737449537
13300.021287700843,12997.227487256761,10870.558700243038
12548.57526788655,12288.297497734084,8866.858919737984
12922.782975976721,12054.637134097933,8938.581906770894
13173.202820224198,12736.969194115214,9514.415759814125
10414.860510496022,10118.073049138737,6920.390371860952
9726.220745792216,7785.892572258443,6351.57642869919
8749.522924927021,6738.385149701086,5584.8643170539135
5999.97812494943,4628.618193337235,3235.350944119206
4936.602091964543,4075.692155286296,1998.3190431497248
4951.1230198804315,4533.285348709353,2990.5672339209286
3916.6572373962795,4311.851381533233,2591.492591171009
5329.68848199797,5557.760107498192,2853.115745638417
6445.220514942757,6872.102443712434,3047.3682078861066
6071.925047320973,5574.483138695544,3552.1653276280745
5094.45752951642,4921.621296835405,3783.821966851287
9402.2994359174,11367.548141303112,7916.780056923702
9000.817189940708,10307.802843796457,7325.386442984994
7532.712723415314,8646.41535902344,5757.761510656314
5874.192832680304,6093.766659807835,5091.348689289091
7142.058015713385,6898.102511866007,5263.426249237353
4922.753335487075,5121.868557834844,3291.10745489776
2590.7181484450234,2234.6268920834177,1427.1251269805512
931.7530087769888,510.9390218129559,80.69250260671613
399.69478434316386,193.68724083555358,87.37451763443988
8.348794556130116,7.541400736468171,0.0
0.0,0.0,0.0
0.0,0.0,17.047107521789783
64.23563817136143,6.549876952789937,22.62996810748381
41.94511031931809,0.0,0.0
0.0,0.0,94.94149362847809
0.0,0.0,172.5225588200707
42.76881007263731,22.138332750707658,49.51350641205482
58.781093602903766,10.380847152637546,134.02051968563134
140.5971008021606,0.0,0.0
552.951761229714,154.46506860774127,215.1766364074616
2941.5411492563726,1999.732964939101,2422.141646383485
5714.480893773985,4833.009756020205,3888.259029856998
6105.566558009289,4987.961745682078,4297.073016293091
6914.87948966561,7488.760155929409,5457.340196272105
5717.699586551992,6182.792471563766,4961.830360363135
4559.584108627956,4553.519269476653,3443.554827920276
3906.6102163700957,4309.992249252462,3855.603035972217
3070.2622301370116,2541.247842693942,2618.261940886064
2249.868971958376,2009.2997369499656,1784.0496195921748
1840.7950359859924,1723.312918436432,1290.585828771954
1202.7238044620888,1098.8080946387558,458.3684716215478
313.98889332552704,367.3568274315169,52.45540518921996
356.22856553156083,573.3204697004875,49.49792001022237
451.4094709265477,443.1798652623148,21.673870477791965
229.9020055965199,374.91433699491785,20.70528583641243
146.53974884610122,226.1130830347546,113.9372199886316
237.88057731923277,280.61543170311046,172.7868050203991
200.6116340801332,102.7027748264853,138.26207352332085
191.44212009637374,46.676991846217504,66.96974119452648
191.00509822281526,38.32208807184437,0.0
104.01042310451314,3.5315185083021525,0.0
166.5205690305696,18.335627284947524,191.84675340862407
216.71090027726555,182.8429243748424,150.16213109527544
113.85650345522424,151.16591049588476,193.1572576582477
260.43377582632513,154.4637423456669,218.51365112072136
602.1949936268825,282.7418953405956,722.2079866554127
864.1791450213735,906.194133554344,996.9602220171917
1165.5297370345525,1047.3159899366376,818.941685239922
229.24065072505766,76.5745344028487,129.98404017930108
180.40042451563434,200.5596553025556,33.86870501922101
588.2659892481931,439.13658562604144,164.11237143193418
401.70588468550045,220.409400927724,126.13478565318611
694.017875399677,469.3836912527521,0.0
441.9201884364179,228.0570636397032,29.018905396566005
222.77167608567885,190.79286989590128,61.05124363607405
99.37560627592866,0.0,0.0
45.93739465002697,17.61019114300386,0.0
0.0,46.33014008177553,0.0
0.0,22.133491040783447,0.0
13.116911098240955,21.452749954858934,0.0
0.0,0.0,0.0
0.0,0.0,0.0
0.0,0.0,0.0
0.0,0.0,0.0
0.0,0.0,0.0
0.0,0.0,76.78716492551119
0.0,0.0,2.679672322060676
35.057804108077306,77.36424283220565,0.0
1200.9893627911326,1231.7533507502849,624.9040564289834
4329.35152182931,5309.446724658489,3742.883789695055
6572.838414225173,7117.037139610742,5780.610568085966
10111.023873426662,10750.761417358799,6593.405543658899
7559.192887677684,7112.99803220452,5667.268206448245
6848.885161954428,7601.949491351644,5147.286366296671
6578.239941138008,7340.964861123268,4916.309867051291
5548.876217117956,5742.351488931789,4234.1639576408825
3637.187968881785,4002.177181056964,3094.307832049039
3520.892725465278,3331.724517846648,2004.3477458491045
2404.051076723924,1464.7329173719402,945.3247582833902
764.4266384549144,488.7467377008768,250.9941128436365
358.6151935855792,71.90539286756139,75.20205136797374
147.27482875659018,149.1225267925774,256.83353243703345
204.8616392729187,355.6624538451561,473.3664971953372
296.0593161192692,639.4682985808989,521.7786542666795
484.6301519203404,1277.8521510384112,407.6044524385327
1072.8760610779445,2141.702884872711,1207.807469753274
1706.6665467651248,2894.271576113353,3946.296027308083
2398.8457694703698,3086.4854977507057,3566.159019695152
2094.397400527559,3173.7274930214517,2625.9293811869884
1852.187925013011,3986.014486961857,2955.7012992924515
2080.3345095857762,3522.029941296588,2447.8370523766444
3134.594999476482,5282.048290896436,2624.940762051361
4377.896679675099,5605.702910716064,2892.261465392137
6076.083960418827,9974.052011330754,4357.146209431106
4373.778410014228,7630.307575898867,3684.390309173864
3229.262725897357,5509.88233926656,2577.6927907167938
4566.255668662999,6632.137213987886,4056.954444438296
8557.84953445209,10879.096700406466,8017.233113767025
10380.67799436429,11063.651245363259,10376.474322561986
11480.064481418289,13247.17501672044,10051.97822229398
10159.81049852338,13238.875482339196,11295.993313783976
9782.60310022981,12825.88056487848,10458.510855826842
12694.669447170474,15557.006637311652,12537.832755251213
15404.877733441665,16976.530119105424,15102.895783777993
15698.965445130716,17530.649247218556,13747.283253571415
17092.684768583076,17815.364664336765,15919.328693124282
17052.98994956671,18222.273097567562,16832.78469458012
18070.55574985967,18542.88700675841,16148.22723644262
17768.599718887355,18920.382718642664,15716.385860605404
17777.1667910454,18337.918555167034,14917.410458672544
18071.85939028948,18762.174291397274,14105.117406563742
18097.32335995124,18863.698089678768,12206.447870130023
18401.23836671092,18915.18264768395,13674.691834698271
18735.535157573715,18711.575523691547,12919.717062457332
17496.23611596151,18119.629136923988,13804.876969464944
17395.061661428947,18254.317842719604,14185.172915723371
17164.87707477726,18010.296552052147,14657.696863177416
17350.929033152413,17481.421178046705,14786.421453984589
17141.59500243934,17679.68405168296,13930.587428386125
15832.79774427689,16774.138752539613,13603.821832893624
10712.047679156814,12003.124231504973,8200.917749712551
11475.974943083524,13132.274850627213,9822.0944296461
12619.85177299045,13984.86862199845,10194.841361512948
13127.622755375,14601.647930736644,10167.583479304883
12706.847924922433,15340.131181852728,10596.096907974148
11917.295630632501,13609.755465427157,9871.664072727495
8106.152525545805,9569.941352645406,7266.4335285348625
6562.204792432568,7435.3921719475975,6531.380852449025
3330.0099262236986,2897.0159872264057,1556.7253688946469
852.4821486572292,629.3299821175963,855.2554007571101
0.0,19.647200159744912,21.015323000910588
0.0,60.15153782298419,0.0
0.0,0.3143991962755557,15.936447784099029
209.74364826559113,201.45777067681593,301.41146132623305
0.0,80.1507921012913,0.0
92.35529687944761,0.0,0.0
0.0,0.0,0.0
15.009963568872802,0.0,10.3827142662375
3.421794824033383,0.0,0.0
28.047007839274112,27.850355726818652,1.985633480338297
183.90838046027434,0.0,0.0
555.5048547604487,480.945506574702,1.532564635621263
560.3199816552899,451.9287262718151,26.019509925871272
424.1068919413246,303.67713456415487,155.5975075849495
615.4319187571463,211.73036504272218,71.8831882783864
560.5516675072096,360.87714281037074,36.25712916927469
664.5633593074407,352.92820874961535,0.0
542.5948365426208,344.3479816245607,42.59549662474886
740.0801690966259,436.69274652220906,69.51778538088504
1090.533073919285,737.4007101981397,0.0
1677.7972849946557,1217.8446495887124,174.4865901556361
2494.239273578288,1861.589476495797,215.9290584811125
1822.0107144702536,1875.6640011663912,477.0165038246652
4132.115139421945,5396.103187882687,1567.7474737046862
4698.965454672932,6712.879023503737,3522.9049627227414
5107.849172583884,6397.829715806914,4028.340541273406
4725.506018746918,5331.111683013915,5469.241743086851
3759.156588570274,5007.558727690132,3585.0026145232464
3397.8152798610413,2363.9019906494664,1983.320471024712
2438.320369255446,2005.6828381347862,168.99517759042635
3107.6336498067903,2500.088205362158,1714.6602711604903
5066.462574113858,8115.461514051198,3012.1787134020137
6605.823434621093,8006.288339931037,3551.130920989271
8681.466721341063,10927.00952710621,4365.829006276373
10117.428377560831,12424.91951496113,7893.974166879543
12214.293556575365,15016.731671913616,12200.031043155615
13430.525917874322,15333.801499901952,13318.538916808257
15181.343277850034,15650.250640111131,13467.745257930455
14789.844232006843,15666.983470282632,12551.012301083689
15156.519426642439,16912.293758208518,13161.366951661032
16765.893234767726,18069.665307912077,15165.105738653883
17074.861950132577,18385.148592417932,16287.491311595642
17002.09395741588,18883.491066161263,16980.67034459196
16218.979002704904,18446.945458005528,14064.120157893612
15218.732918955973,17652.690338609562,14130.058912907074
16296.971157308337,17529.06665731103,13884.09576666446
17768.71365327698,17964.25640388188,15293.451851588596
16996.23544402298,17546.914647438687,15632.470342492075
14176.549952504945,15454.327546307371,14419.766861562124
14304.78349936382,14685.29778831735,14181.662860683802
13006.437998298221,14898.206676510754,13285.798684589774
12805.334362929767,15485.166550667747,13310.587235141214
13997.044780352579,15652.098676471594,13039.867937813924
14461.679147307395,15686.203935792188,13859.38476642101
14752.253154190457,15993.289227138766,13098.35471256586
14399.941101708942,16470.58949836035,13215.841120119992
16009.095755767441,17563.894050766274,14469.288539713025
16987.128144066057,17277.98147757212,13242.76956859726
16797.3467784052,17558.2083490869,13969.311086220105
16694.740375741192,18250.83899269319,14379.177316575591
16253.596394833645,17910.0587534706,14367.983128873331
16183.673319089225,18041.943320278562,14294.466870631031
16389.891753363965,17217.271619188767,16033.38974103414
16078.970736832804,16871.994494107403,16025.347686439502
16075.157917049939,17352.42006864835,15018.925978681658
15608.985052956337,17402.142591522,15282.4998198789
15776.820470891167,18155.173427366848,15161.835781258096
16832.797319963433,18382.08448205372,15107.08441375902
15796.229797692096,18613.71234539723,13440.07000123097
15385.016206595334,17874.626556936837,15241.042231474392
14304.849709726928,15926.158874623932,13814.172729337071
14180.300527849322,15264.282871215615,13745.992484858789
13126.26023282275,14140.80460995378,13673.287304833517
9991.376101735063,9976.544612606009,10600.895756858195
9605.196153938521,8659.56446348815,9875.49247498828
9675.093351343565,9439.916410365113,9937.474817874894
10520.755159569293,10586.102722779962,11632.861121518528
10908.317908971709,11332.993742026158,10606.226711270878
10706.477170963874,12155.09509776885,11743.273459194292
8453.594709837322,8289.075290279752,8690.34444256854
5928.597332517011,7554.818044029925,6378.102736458111
7252.7545205349525,8889.271007271629,6848.871020144406
11480.316576171026,16820.97694631304,13937.390625553937
14983.584506171313,18765.5698237564,15951.178100494062
15225.605543137048,18971.248453095515,15100.1489318098
15786.433196221087,18810.963107237967,16097.57847146416
13714.109007053781,15914.354566713935,12100.661381115306
14583.15530588105,16691.50706585878,12030.941940077182
15848.454152274619,17606.978426968075,13437.59683483849
17034.377937486675,17691.55147326898,15776.587752523084
17938.69024660868,18513.436595493476,13628.620917475228
16575.8229332529,18074.810245287186,16043.838348807656
16764.657843187935,18107.770164289494,14262.657374318307
16811.26587735882,18137.360640157865,14267.844342531827
16895.555736384056,18592.135046688938,14278.948660140702
17092.039065134366,17956.373862675697,14635.256371703385
16854.443052164763,16840.780382974084,14735.64632290784
14808.328902967452,16381.244617300827,14111.357501297922
14483.828943809558,15630.176815046365,14804.273921138883
14831.289040364683,15769.294473534559,14725.662072903076
14355.859794900258,14968.587705950757,14735.36538400592
13914.988745683202,14628.844344994955,14322.102985766409
13647.658420771751,14706.78763022206,14721.876625321926
13797.68761514997,15294.14948167384,14850.615403719945
14089.655491262462,15434.238923514484,14614.448036659333
13578.255410630822,13903.116812463944,13003.71143792632
12257.585017165646,11809.66001447421,11038.946989465603
13830.222609813776,14271.6439070054,13183.793449721128
15352.449670881204,16553.758438941764,14366.25375579793
15481.118141306175,16780.122745994595,14940.056728105064
15614.423195797068,16672.664694260227,15002.74874849394
16005.840094683672,16128.705718607043,13934.614250339422
15767.36470848261,15187.11895977618,13862.044018485749
15514.365583744433,16283.107134261223,15174.44039266488
13118.525142783852,14383.119800660372,12458.292269016438
11445.990630248218,12131.489268237847,9223.005489567677
10098.486430893063,12518.310879186942,9886.99122617217
9098.487158307009,11040.105589420544,7219.970748832886
6586.445468711865,10553.482312708365,7438.045435501879
7051.218460701555,10607.89453611943,9971.185686520772
6301.075541224393,9263.330787032237,8122.542514301645
6233.506813364659,8523.277285362046,7143.082334737698
7968.898066075976,9790.460746532282,9666.810277737208
8787.893028030088,12595.430427473742,11925.729787306542
9075.855044632446,13965.14302741111,11355.804487745903
10013.088335708882,14220.836233050402,11701.330649124347
12521.72113439603,16963.773485131296,12977.1217429413
14720.002765454134,16123.455670133828,14253.217746906404
15695.903484107863,18350.697046339326,16329.544906579284
16076.238421533366,18215.782689491432,15465.84887962589
16487.112103542597,18386.10142485162,15231.21251221767
16860.525021216054,18517.2233413731,15042.388993018372
16492.41456719006,17805.180252117883,15430.469560152713
16877.003236745084,18584.899492547826,14968.665674022915
16787.67014238097,18675.818654376224,14062.007429255158
16553.31645088415,18012.36878105449,14843.034387105889
16585.5163014256,17524.390496644457,15465.958181627024
13707.095197836243,16979.154074372444,13928.22944647763
14241.90650512698,16062.475540843556,14371.228493322707
13398.684785543614,13145.838204808888,12526.57810273301
12234.952772524193,13232.489644093906,11352.459084415204
12341.180124448592,14082.342248372659,11492.488227389504
14052.815565098852,16548.052075456966,13687.3993972791
14452.00487637955,17579.12176915825,14374.72894782626
15750.64625737208,18151.754537178724,15234.724472000811
16183.829340105709,18257.40071465557,16809.670675041896
16960.628104863918,18276.760893788432,15340.717597839954
16375.08523624008,17816.74287826858,15520.925370044137
15786.3233540398,18090.84985758279,15306.5109539146
16496.666987306096,18357.428245306764,15084.073227590046
15703.966481899739,18386.7762222532,16610.76772620034
15808.057137334366,17779.055742957138,15184.632210844156
13689.184000112908,15498.381006361658,11874.985628980856
13861.637976839382,15333.123300944948,12322.344275218386
13843.970742045354,15334.263259144145,12568.682652783393
14241.450406360049,17048.125103374856,13345.809259366104
12452.371238629039,15153.384451175303,11532.841905053428
12376.522528081898,14426.844463914986,12048.977658960372
12460.83137263195,14250.213344313279,11020.761386905604
11082.044168871904,12937.026015082702,8116.2263851179505
8539.234808904554,10862.593468346819,7178.083296957513
5524.865719887219,7663.355453819891,6440.551489181592
8621.03279068671,10631.357404349561,8725.374048427906
8128.7049477596665,9811.596697474017,8650.576324899917
8169.8476263407665,11435.675635736421,9692.627152180205
7076.206612545902,10802.46038092652,8407.511439143294
8337.24399219726,10818.162305315236,9279.31076419916
6769.546801746755,10495.189607619885,7659.582489674737
11191.914869733342,14595.12677919112,12147.530758415323
12761.03430015063,15181.979391579855,13949.648932196127
14554.712566937626,15948.10744128824,11709.101163062982
16210.125240241508,17442.56171264584,13892.985968032675
11752.92746515311,15355.187464759525,13416.658619622376
11531.245408115843,14258.436167335392,11766.710778283485
12463.910126508608,16345.811744722472,12970.185119012394
13986.852716735533,15765.246709551464,14044.9737170879
15159.76338695221,16816.553390546796,14442.31757705457
15188.907795452202,16457.496501087247,14186.322047500733
14457.988300259902,16766.15849480826,14343.001609300323
13618.950968655052,14443.136024933712,14547.085678495409
13451.59193818867,13710.6130694618,13857.5058446167
12999.604594894166,12086.473195999515,13115.731335855826
6191.291031757917,8505.190174810929,4289.968465205187
6237.758571633436,8598.141757657613,4126.822305272075
6482.888217420568,8246.231269287095,4330.009201144506
7238.60895803389,8811.149993715639,5276.124210791939
6958.928248817904,8012.482447550266,6929.167198330974
8287.61632266173,8856.95187503728,8146.338678708912
7130.097627496974,8703.147144343537,7582.554807026773
6375.997103991797,8507.867878611685,6612.499619848697
6883.518354388605,7978.858707114465,7075.927228729237
7015.374586946137,8276.649542098283,7075.582306974628
6289.241346889296,9075.016929059184,6372.039829829794
7553.483637522867,9070.342408158893,6602.8133883863065
7855.881246053741,10498.142114328668,8394.43282906227
8202.729761316115,9429.935030376451,7951.5395954585265
5635.373624466983,6832.936677792516,5384.833590192777
7941.4316934089275,11074.766015947962,7524.950404721036
7339.905438114398,10139.131150314572,7811.512862422073
6575.672848044027,7280.180743431516,5538.400694727815
7459.568171205717,7286.654530152838,7141.833169236212
7188.088761342653,9279.225643703694,5504.851162446038
8245.768814786028,11485.09165633094,8073.622914965159
9849.691708738652,11779.280369628235,7361.583148385014
8364.258898136117,10832.648776972794,7140.971774949186
6226.779789082879,8450.563729714611,6287.293666348926
2937.4478087392026,3732.6692329486614,2051.519986653507
3595.652172077547,6212.202593468045,3676.721725455502
2804.7255755277415,5579.288223498726,2734.3391735962614
3021.199119624904,2742.873341224538,2371.564150372733
3198.0712168186583,3085.879476705977,4070.6319754581614
2984.2500990790695,2930.387125274157,3266.8384267527344
1304.9743280853495,1063.6448152864539,2417.383165110716
1177.3564020066146,653.0572637605158,1538.355382007558
925.8911306659974,786.5557172836168,1244.267407400869
472.128881813796,228.11398084519197,418.0627712040886
0.0,485.6597634208494,250.4025797583724
224.53732831794295,93.98988547300165,275.2777066139485
688.1179726526168,709.6019122380637,517.0903129824806
760.3899323121918,585.4751579283219,272.50384531182493
417.1211450515126,797.9232322532057,571.1867557875037
100.90770561357161,147.16807682305338,415.0322092373179
642.3450630375008,405.11292378006647,563.2898941364281
713.5105100482801,596.8067608118573,461.9590209635968
436.7047657252548,522.3665843210002,342.19854979596136
374.13453762151624,496.14448843145084,410.5025547013991
288.40001094173965,270.9946989258634,96.99934350841669
301.63969735239,227.66863307578663,114.44788001482227
229.87152131025238,149.64990800097158,94.00934344654851
194.45857664780084,251.90128532995152,284.44517657355726
1442.464215963487,1009.4712916243903,1125.2510682819443
1104.899326133149,1092.0111109901331,936.2359769631976
1436.2680643099723,834.6006246880747,1133.4828308114145
1736.6841964702821,1145.3621787085078,1265.615768716879
860.0532253840951,319.6014195010593,378.59213126804
470.24100341704246,234.5893273643788,159.63084809164644
201.12698188254137,162.91280762687109,26.62582547353388
349.82576640413765,167.6189113982863,0.0
259.38839871333914,102.16125744220473,0.0
0.0,98.88076089320606,14.96880711581178
52.14801193588997,121.67925023429179,86.10000704273418
17.343581323015652,85.75602341910135,45.2451218574515
30.01770263135002,29.380294966707208,10.1340798418106
0.0,119.48086205317183,15.67265440064727
0.0,10.26885695815437,43.59820757987851
169.7098809706925,77.53790401497056,304.943643612935
59.53861738429355,0.0,209.01605579104336
968.2574709516186,655.3156250310984,389.763843450761
533.0182375294937,580.4138130388823,245.21972011075107
636.8297492708934,797.9736462914801,220.46230355641
901.0154595924892,826.3481670865565,745.8823084750846
2284.638165041913,2121.9729484259087,1066.4783728454297
2596.883873429911,2143.2527033593797,1381.4206629133648
2256.235302469838,1992.4642953052578,1118.9119847909133
2510.4260919249764,2424.0267105632724,1697.2231946951526
3027.106992621019,2286.9736472340824,1935.8625502323987
2762.5396794186086,2262.2352405313713,1552.6984652493163
1801.162419370122,1090.0831727786674,751.2024886809011
925.6351129557593,275.08785328970936,189.01861444332377
619.308616488251,336.4979204661312,160.4747129863679
306.72529154513296,202.16398934895028,25.39513895662788
126.82099568290518,106.79755741769924,95.08031901286576
0.0,108.01182130611767,24.760947389098508
46.463858200582,87.23317498123014,25.44318387178142
4.752955017578133,66.20522371787281,63.83008931787887
25.341009615031233,85.30890369728918,40.82124446521858
12.034726410616997,181.91392149986623,76.02173538175299
0.0,89.80797283917406,98.85477751806448
23.616919684926593,119.70630679673869,135.2899149723501
57.21605126240729,12.42848518416976,185.4709785518677
62.657781821053796,48.268093659287615,110.98545831200904
17.530392807878528,28.42727072407499,133.70467346966015
153.19672188943318,42.83715624353732,36.224112189388805
130.66142512798498,190.7613283306141,79.37649138608413
135.95167102604938,243.71960865501495,16.252852509094797
327.38768969267227,474.9913753165862,97.82251793695757
311.3303518136084,421.53474032843405,57.6262005469176
285.1269277615132,483.48360542655325,137.9509903076738
295.29776335283793,193.71979822318335,92.68408509776536
23.295773891608583,0.0,47.07915772355797
160.38634338627253,60.86036843043836,0.0
104.20250125240882,182.44851237609328,84.11109218623875
90.00418778599938,180.32479208305827,12.720253960182312
233.1878260593116,363.029151986729,0.0
351.30871335846246,312.23089625074726,23.56490774543516
264.10305825629143,457.74365248600793,11.690911357673269
660.7045790353217,674.1693124886328,0.0
382.09051800916734,467.9929046663186,12.19036906520205
290.96211470428455,470.98304084350315,65.35393170430865
305.6992901454584,550.2001091966284,156.9539420163166
231.9000932755685,461.8001151004834,0.0
17.558829199320808,143.04246402941587,7.050913313006268
25.674774751639127,169.26568819093418,38.49141249657092
11.710106322855118,173.74730234959594,0.0
24.687166941531764,192.64669831911755,62.33992048641931
258.96947367545175,251.55969473152416,126.99088399695444
490.2765437407445,394.40432545482895,0.0
775.9432240271143,598.2028139146641,27.95382573168
590.6030727886778,426.4864396704449,0.0
577.2360875686995,406.9778845596932,0.0
543.2670622959165,330.0080184049043,4.522296157819643
629.5059201494878,277.32637103873486,0.0
746.3637162392238,584.8823420711916,217.21521894606485
715.2790249382281,601.164602642341,94.64277243543202
621.0210267182008,632.0110862357311,165.00495297873184
591.7274516704238,426.46006946138147,246.28122252100383
832.2441284161767,860.9927558566799,256.8145630551428
1535.3984824335512,1117.3620940406183,318.34195854772287
2371.613172770986,2225.5264971761,814.0060979437415
2301.6615203905576,2047.4285559861205,760.8893457816231
2101.543050419107,2337.3733356608627,615.6864168332846
1685.8045480735564,1387.7393899328652,627.9721085650048
1575.6650518192107,1568.535912863415,1058.05564088525
1536.5840084244783,1573.832770743008,1259.6767319950577
1507.3824560417818,1479.5868783411145,899.3676991822102
1017.7871657156581,1375.0176420740588,807.9594032329555
1142.3258504672913,1511.5839252623864,605.7006711274722
1158.2316020843787,1593.6954911018431,421.373096801555
1170.2296076301507,1225.1920696529346,302.73389033113654
895.7347997202937,862.3111350393581,139.9309147725903
1195.7489289291477,1455.5819198602185,103.82385663277886
1084.4931952502996,1084.7108539199014,249.60754636723144
1239.725221558137,1270.0582723521502,56.3164652114759
1434.2503532864423,1432.8514606486867,544.5818257279687
1349.8724637386106,1466.7934788699736,403.81924321177576
972.7189093592938,1011.1310549051178,262.7656941680702
1128.5109628504872,818.8110576717504,50.9731590894391
942.0209650363879,738.4472812305448,5.4110389674910016
901.7010255052846,702.3905608519119,116.34780292602343
777.9150411959032,806.4341059362466,105.7251374075821
826.8283471393452,984.7364012816395,0.0
1187.9141855090186,1368.4980385333486,58.23687158929378
1223.9566430025136,1392.5003084092343,216.84864679074903
1309.3830223553673,1450.4594959623942,376.6006555400824
1290.8952479814618,1224.1383871461433,396.93697673788336
704.815768740396,744.4027357569659,126.03181980900156
663.5761906977011,714.8085516511079,272.9142881628346
417.2305501150098,570.0210378937543,169.05905604305696
290.19828184275184,414.67439998942734,120.990376196245
294.3296808541033,529.874244808635,0.0
138.9734452030992,190.72686374407976,97.74093821635368
286.35427569772173,322.97204568667524,95.96623078460992
118.5159635664248,139.48376198020537,106.55114936105436
84.88520241166643,159.0990774544515,0.0
264.91211129161456,266.1875984164466,0.0
422.62078436078093,311.117482858834,0.0
978.3617778598064,283.1964591884707,36.506397860906524
769.0990857688721,477.5870924792505,41.20437976606559
217.6078262729115,69.22756886674453,126.57386782410072
395.3255116229108,268.73109467960506,119.96555306795416
242.26798198571433,0.0,7.276118012440007
68.46553840976546,63.825699239779034,0.0
122.053131331417,55.796747004033016,38.663726498863866
126.91745776082914,147.0271459199418,42.85050250533634
414.80870523159825,164.87993536855925,43.90561642535841
401.9430252746628,242.48639668692215,45.84334861411095
386.6255273794379,231.29019940362167,70.91834953912608
411.2772036898068,146.59770248668565,55.32057794025727
427.4353591612597,236.5967258605162,68.74254098547738
51.71994186343583,0.0,123.09918069340708
0.0,113.50703898526967,180.1632501134896
27.579721932020963,245.79261484533131,166.56114826854693
95.23298377974349,335.20016217774554,104.00746558590944
22.32682169518925,292.63724585659037,65.57697048986527
430.5475251027518,767.3247585908481,392.5133403907702
2323.506358215374,4405.688073855513,1658.111226686687
3163.5560103907364,5582.892458014923,3536.4814940190727
4509.748535504826,7818.2653206224095,4194.715469264186
5669.198217675195,9613.413032403823,5548.023729445194
7678.078738257519,11045.070088833347,8528.90000978656
10159.554059106435,13615.257970803084,9597.911335392024
9994.744486240843,13533.319067576724,9989.30064090741
8351.374334322643,11455.35292150913,8509.871320491098
7879.051493638018,11093.141757420435,6906.647991213
8334.851303611353,11083.4821010426,9468.841079856682
11612.862189717163,14231.80339013917,9611.130455414375
12732.93351537034,15032.760696408968,11570.060440994092
13192.166219416615,14591.025777198518,10822.831646915238
14270.064781559153,15188.644898982233,12991.637259798656
12110.963642602654,13751.606879302482,11785.752554154227
11325.902026619777,14163.262863802312,10230.873312505002
10902.609575648434,13475.585101255125,9986.641692529272
13552.748695312464,14365.788572431697,12176.266550449694
15466.865214204323,16646.878172725043,15102.755211080905
13945.02842555489,14608.435221216425,13000.496585960684
12812.529013978918,14364.617803763324,12545.64892189517
15789.072971525144,16585.137720870338,14208.09460961866
13114.006426036018,15461.043250314526,13620.762308147623
13674.163325133331,16058.744674194306,13861.195126321782
15500.561330359911,18288.62145476325,15264.81754487059
14558.16521247886,17096.698256578577,14580.395489833883
12630.809048421052,15547.4289233744,13809.15712844289
12026.297988827871,15047.966898839135,13719.801723010549
10945.550241530671,14346.63704863327,13774.385460078804
10972.43255521628,13424.069038282953,12556.76814449722
11589.74058925752,13640.72415649307,13666.913568891236
9382.83416997356,10905.650693557718,8261.463625477876
8533.765758825291,11731.015685527598,7005.979262654313
8979.962823354666,12113.99587899179,8767.22298069927
9244.014127369506,12694.830476588568,9872.016570048889
11334.77046230146,16082.325461520157,10881.46623741489
12904.186075837515,16094.970840658898,12718.763984117344
12827.381018735347,16532.242045356194,12868.953842245908
13635.611564151364,17203.95826459312,12771.143875629832
14225.509728651512,15720.930428366957,12218.125706293233
16564.816421812793,18325.471412695002,15803.910603085018
16126.8818605932,17307.307917501465,14866.958345510442
16172.836167816673,17454.534977377738,16049.227526855995
15229.369960116594,17156.20211405898,15528.88417982309
13987.894389687848,16829.393354843804,15173.820593336368
13503.938721473725,16162.725465878211,15244.851995090425
14144.208441920118,16472.737118863417,12973.49752943959
13084.536060469703,14933.560131535865,11846.02807927984
13719.834759990954,15722.890090820045,13223.680995444493
14403.712758217764,15052.68020177768,14871.153081331491
15318.451668647287,16918.40289748718,15037.084390545082
14921.39312991227,16194.478992223501,16197.51508885521
16120.543931873102,18019.096367250033,15686.173684134312
15944.900297435674,17764.847606869214,15285.353698071607
15740.572425826018,17519.472683764277,15535.347651945123
16384.819953321065,17631.063531313852,15437.944521957525
16736.08775768791,17621.26898425754,15651.840232796389
14653.717297620413,16871.918495515903,14755.762204103992
14752.217316284426,17163.30313715475,14966.097404727732
14200.583307152141,16467.711024246848,15009.02455218668
14054.975122586671,15613.583044839419,15805.610623807535
14201.728602234089,16877.366564538424,16213.886144192778
14398.327788580627,17669.584998002512,15062.711510837433
12777.642005032874,15708.26009488944,13238.4866109644
9676.248732877913,11853.606436368158,12832.157356917482
10516.65326603602,11406.500283295478,11283.380783401177
7694.316131584681,8720.968556093725,8050.921813789637
6522.9577820081595,7878.338604845791,7709.997699552273
4758.9910719395375,4768.38003732489,5809.77790098108
4794.001197907422,4426.454735017229,5100.977518386499
4425.905352937381,4900.502213245637,5692.852765787435
4901.710674992971,5788.316988675339,6016.757043527847
6762.797537420235,6792.489133538228,6247.943711304572
7587.238752465807,7216.0787282221545,8428.33909312931
7060.326209744297,8784.21938141102,7233.836629260749
7043.875966596924,8174.6171876651415,9253.69159382578
8395.73159573191,9342.499778695703,10195.92908635602
9706.572385946203,10131.17185743782,9689.384861162938
12412.355473300438,12730.837262114735,11800.47407720653
12452.982664186435,12877.467723854106,11671.661478551465
12148.43588909902,12973.377360991404,12067.279021610364
15371.621490102221,16740.819856289007,14441.298575651534
15387.327326200862,17185.630242242583,14014.59181896829
14774.816296057656,16318.929406441328,13834.153773203232
15399.74996669309,16563.574218034744,14356.978204718836
14989.720916888024,16849.50467426978,13127.564631003424
12022.59075307294,13474.00192953245,9487.35887713045
8176.065133362153,10038.244041883027,6881.977662677979
6345.825222680795,7417.859327218903,6054.958338246021
7323.378653411139,10435.680785262313,9042.832277522848
8007.169739155733,10014.486634482166,9885.872816865023
9006.244913605442,10360.85597344488,11417.426130639746
7874.226077785891,9296.950987143564,8895.228462219526
6243.1824896510725,10146.756260539581,7278.62331099546
9349.711258841058,13817.775031839888,12409.052139215451
8122.6534258703,11819.589013354114,11336.606340424152
8603.841690618106,11658.333922304631,10914.212532976424
9795.731723266052,12534.01895406569,11855.026456979587
6090.940252254102,9522.43486771605,8014.378836691891
5545.305927925323,8815.297691483938,5483.289760598716
6102.350214316273,9038.952482850042,6624.01794288627
7754.484750435113,11598.53878577675,8546.350083815396
12612.281350525736,16298.871707223272,11799.93402713967
14034.402363845928,17623.481450443498,12690.006103921412
14671.160839164082,18174.947076092696,15342.063238110162
16746.158653328777,19290.812871123002,16826.77123066837
16444.95982643651,19356.333351736557,16873.757457360276
16118.702470986284,19435.713241872625,18102.78808437532
17498.049341414444,19603.151941225133,17950.64871693549
17943.236659919763,19311.923766317977,18220.179340082297
17570.842332139433,18983.516853181132,18119.711178204667
18245.885002230098,18795.102751722985,18077.685813647306
18014.34645134849,18538.204377041104,16397.19316036346
17781.9581078345,18202.112909556447,15615.316329943094
17847.41299588093,18712.02398818764,15685.01010680587
16771.37280033137,18271.47406276253,15777.030388282095
17029.656788754823,18356.15605984692,15089.524333430536
16136.360072135618,18262.92484397741,14673.400375180749
15863.069493947118,17905.88660560046,14331.427659299256
16420.853320894246,17460.719097556856,14254.426981846282
16068.056632566118,17325.8246868803,13323.40160012815
14840.386986469684,16261.015319639193,14071.260721360675
15054.333097012328,16350.10378782201,14909.387425642954
14721.073697832877,16435.51784105516,15108.80450213098
15072.264033528962,16712.577244464894,16020.11123936299
14711.321940075855,16454.66541589776,16924.90741778136
14748.169559743545,16513.14995812588,16854.519395923387
14706.020257099028,16336.745556310249,17032.793978249138
14262.990740630523,15896.600367036539,16773.263039345697
14617.810778508874,17993.30885450937,17101.017889505376
14644.98490645981,18110.415444443726,17631.89941317069
14404.886743451614,16959.03340845877,16394.643378987483
14228.041848889221,17326.459299642203,16242.69959395252
14021.509009394424,17439.723195626782,16150.706097290038
14131.648670608483,17608.39403266926,15508.947861305089
14265.899150350057,17696.753102200393,15085.034553936532
13785.94833381125,16952.02606654208,13907.085375247732
12564.372683713129,15645.364773221392,13475.713781665752
12107.359144219537,14760.973714569947,13874.682228299976
12238.039549903498,14354.276326544175,14470.14254782232
13763.400229658508,14617.820280772181,14738.712140035132
12408.274460684654,13505.847681054685,14306.730797145025
10290.995243607938,13634.600409007877,12787.887677476228
9627.933224049882,12080.273339822097,10228.02899937097
8798.761556840329,11685.438841865916,10098.471804913312
8998.876244123398,11517.721052440624,9808.171126207631
8239.1268436466,10497.951678939353,9724.394758268489
8055.750257934738,10771.101226842418,9402.169297037197
8619.422316526625,11486.245767155779,8367.586539944728
9455.09431339785,11642.507395154513,8461.90558673962
11449.153625500945,15026.569637373574,11788.56168720279
10682.548067309139,14776.27792068132,13474.668444969988
12756.683626052178,15885.60140070754,13852.13156146839
14672.484960490865,19011.191374221173,16439.80755704735
15000.01539254917,19198.336766233897,17258.985162655088
15542.77039289915,18777.82948308927,16766.2598540178
15725.079815084739,18275.065288448666,16022.893359606294
16203.042108403426,18566.322806612585,15968.598160394396
16139.147596631932,17958.36780854731,16293.03846221201
14588.517702463476,17634.458590649432,15528.585790397015
14188.953857834102,17653.895511618986,15070.054277280018
14619.456113588652,18064.83323735892,16002.9284168372
14313.260499692722,17618.922021882416,15805.914482497226
16212.665707632033,18499.48201064465,12042.620707785463
15996.989430064223,18510.023308404372,11180.810964731776
14615.174105060061,18340.850290608225,14713.889144381126
15558.923762799748,18656.213417099567,14974.154702896116
15503.216005004006,18273.746219604076,16245.844624804922
13741.762845864474,17622.971622193338,15763.19575020429
15185.699888986695,18074.7397780512,15247.03330209194
15224.028321972519,18020.168614761635,16032.838348932935
15122.782908524012,17823.75721481305,15621.516081309812
15271.069009176997,17827.023590268185,15956.714293539517
15747.091540699203,17801.601768513065,16192.2652169657
14276.69184773761,17318.944455848872,17449.966458020175
13892.56123739939,17347.93165299719,17171.418816689995
14697.226295301478,16915.891144902733,15694.304429637465
12798.141543484495,14012.690636167257,14046.115994283387
10217.986315630254,11687.506879214505,10283.272158887205
13236.233113094699,15183.73899752894,12907.76284331772
13540.390984396543,16122.652986518766,13190.75297199793
10788.815273989516,13394.472620524519,8285.316317164858
10926.317149964383,13832.264242451996,10084.291535094791
11528.736023030024,13708.591019061334,10074.32481703005
9619.095619118918,13775.48163124855,10908.766415722892
9792.16566376453,14189.029776542015,7925.918668316309
7124.884247293553,9432.772525796772,6730.431716591807
5965.235516319307,7887.182749177739,7653.699425738291
7792.502141119193,9152.52643704986,9876.31379466382
8929.093687453735,8982.759195916822,8856.222187507678
9359.419066663067,9463.120873797192,9130.737949859693
9078.546670661313,9775.488067595157,10323.571504607164
7641.256378422173,8360.555735906071,8855.717995206933
7427.487360183073,7165.01069697006,7790.795711844098
6355.972730960973,8112.114712648273,7250.770447679385
8123.6051430645275,10818.14975259833,9095.981879952138
10298.59747332749,12407.826979978234,10033.768760374316
11806.845673649654,14489.026521905222,11744.520567462903
13058.738314990696,14777.996094951388,10321.249315747007
12848.584416923459,13976.952340912654,11351.405854824694
13273.224102300355,13972.651188401616,12846.73372182906
14430.991702653178,15109.76093933952,13533.505747034182
14081.703602116315,15693.922802868508,14154.94286017232
14153.01539716401,15916.124896214455,14511.07130927148
13158.195617537871,15369.397636883896,13079.806233187106
13307.9318443861,15661.034706439468,12417.63917366579
12411.148183912264,14594.877679702098,9519.70634556754
9854.21787717534,12214.766048628806,7913.694457462673
9421.395835694146,10965.122149133227,7050.449981205712
6204.222721111016,6588.914725775187,4944.087838042288
3306.2130217492913,3384.4190175934336,2494.4717185247623
2086.372583365984,1881.993924450476,2141.31755308353
2187.9237820742746,2229.130767955783,1826.3505314203403
1419.9106853364153,1557.4112301197379,1608.00183391119
1919.7072117767189,2417.5308941028043,2123.0397047367
2072.368001198387,2846.7568533390627,2213.437931036169
1996.6627394539864,2943.7765470440067,2324.1561943714505
1945.6201674453594,2072.234277578101,1840.756664588556
2067.264681531195,1778.0314735329937,2238.3786073420583
2788.9878180134156,2228.4609531950164,1970.230035536906
2273.3129657370323,1887.2403087192877,1633.9119863824371
2222.52943172527,2615.2458932838454,1933.43973301664
5537.99661830518,6106.156736939019,4004.366110351252
5659.610819776142,5609.995221968355,4244.466875195294
6343.496766863474,7770.12232010253,4260.701165379363
8445.366795724463,9893.058911396885,6979.746062733066
8730.082870424196,9562.394328112588,6534.135651914351
6705.76612580424,8664.076625645543,5752.233249465644
6120.962043413556,8080.062960535652,5567.705405495383
4510.699680774387,4374.335235043715,4078.9286060269656
3395.943931622982,3575.345190613255,2617.214323096696
3478.2933481478444,3445.9778022784467,2278.081226215928
3447.979928556412,3725.0587008292646,1483.7548274763449
3210.871658068079,3706.330703649631,2993.6014885353343
1924.2870158827664,2700.00835486558,1501.5243988535933
1681.6907169428177,3071.517387545084,1191.1661853105034
3656.299304178493,5019.907813174495,4119.151948284012
3634.105936109019,3671.3435625246534,4102.928643332784
3921.944693987362,3912.044333035811,4189.299747574893
3681.975064907042,3730.4067732995245,4180.364262783237
5209.623947370401,4386.320975792852,4593.467767034178
5490.056246251368,7366.078520437918,6588.76734886149
4018.878091179167,7930.8804088986435,5446.3713590779535
6062.937855711919,7651.976530607053,5368.239497041379
7180.7262366131245,10606.560978413074,8155.836587438786
7999.630560517243,9656.645541056458,8593.729364508425
9045.827768982754,14686.122580112293,9339.11874867646
8680.293278643454,13029.408133298375,6548.602688361108
9048.797940195827,13955.717579955442,7583.7446554934095
7103.2449121275995,10166.192453622158,4815.088053843851
8092.835324682791,9930.431970429749,5248.271658362631
7402.302806597566,9515.203661249347,6070.823391571637
7852.200118046182,9582.37636035996,6059.407510533498
8252.1567313425,10007.513312355568,5851.385680042159
8926.52403174192,9961.088633398589,6646.793546356762
7812.840295233113,9916.686506385398,6087.665200045281
6753.665816684235,10347.641832905625,5592.6750017010845
5600.83330890831,9679.425985556221,7296.368400507955
6263.687134211249,10730.508046198804,8271.526316611722
6075.417120334118,11547.651189916172,9430.683797286423
5916.737268171669,10972.917071289208,9385.074611898695
6790.694384541489,11876.4727645502,10269.833563665865
6812.280031798996,11378.89374484429,9695.161456595051
6817.428370932062,11047.364639594804,10030.925115416978
6801.551365318912,11938.842741832277,10096.10696391764
6353.913204778918,9199.008623466434,8295.580947223245
5200.040217137254,6946.284018578638,7225.744397939947
6278.4975913698245,8328.427132529518,7132.284256665156
7124.636003117852,7301.945327408351,5998.361932955084
7098.0925549523745,8159.671668515961,6266.737786711339
10326.475890747706,10651.20736281596,7026.519275771067
11152.018116200768,12530.878487085993,9552.835491948
11303.582496258585,13565.959040660175,11528.17590497449
10312.68509119178,12276.687099959392,8980.333050600642
10027.27399633484,11796.570194689692,10654.50754262527
10592.27416440708,12091.463367319975,9356.45864900367
10623.60641525519,12945.27794145376,10258.97515201664
11296.84901979348,13287.567708864772,10363.729796844304
10646.572598926936,13563.746655448193,10933.733744666615
10469.732114738046,12808.513305903589,11257.26958084065
9937.726173240237,13327.079831428726,11497.187313750048
9254.70680170569,12728.92840823412,11405.163032733435
7862.165050706189,9276.167835665143,10156.17323076654
8995.21514691597,8859.532441158377,10338.628573855143
8949.057263427061,10494.30780237285,9400.531686590724
8506.388011418943,8893.587928367777,10000.5649058703
9434.459865334184,11478.099569511513,10485.926533485446
11652.341051020449,12785.275421902292,12885.525985446971
12349.798494016835,13076.461134335155,12979.053107491382
12226.377221703371,13750.195120983482,13354.783659229048
11787.165946841718,13296.250518829627,13320.506394664186
11165.971281944072,14163.46748456757,12444.30645612562
12344.319601048788,15001.070925624857,13323.285867698773
13668.923392477787,17477.85899890608,14905.515728505898
15820.484440733138,18034.92777176235,15171.141431990043
15779.204793567258,18714.151610969835,17004.667881694495
15911.513777098917,18816.633596158506,17032.13030710987
16068.384513132754,18897.4662190962,16831.618960182153
15988.871531214225,18816.922966587197,16396.74563726854
17225.721813128577,18507.538964914835,15999.680609878664
17011.421839329967,18783.0966634326,12280.507676740466
17426.665554941163,18785.652708893762,11289.904795175642
17028.401607089796,18782.690224683633,14367.76958901349
16425.56660107671,18708.336198400364,13885.72470606432
17157.007248075384,18545.794699398808,14001.887090077833
17378.78757372376,18230.149057071452,14502.088051921071
16546.85770978507,17980.741108494996,15081.23493519797
15397.19022430578,17683.33758528703,14309.233181823813
15493.168070183503,17914.863680095812,14870.236767638366
16203.138625690252,18250.10935773528,14782.07538567354
16384.396458034593,18181.907982538134,14305.073545392395
16017.232420075825,18091.901664322908,14235.366720647684
14965.020739074771,17735.400775785536,13920.159863724532
14983.126653122643,16790.420573388583,13981.601301348694
15196.163133721971,16693.39833956656,13445.827064517036
14933.94952297561,16547.203071178417,14765.73557808926
14479.16649818065,15984.930728001931,15237.958570938066
14492.154458113364,15944.099143383944,15498.96437839688
15002.729691344983,16720.29855785882,15064.713488591962
14932.942067628903,16625.4122797337,15618.079663933257
14829.431888659918,17267.08474933891,14315.331129632
15032.484580013062,16684.449990488545,15320.107609101064
15071.987919842966,16661.16515835275,14794.200442424892
15240.088902099,16726.921279481434,14273.891056867978
15063.474432640945,16280.679541510115,13041.523836095032
14965.195871794209,16416.55175047976,12883.343807795703
14522.996497765851,16318.620605316348,13048.767942592458
14646.353192010309,16611.00642679077,12874.661899231092
13783.783342066,15807.478896180066,13134.911190697982
13844.069373518998,15789.530364459551,14412.714174402776
13858.56461251316,16493.52293271545,14952.154507701143
13360.554714397509,16408.72676360937,14899.450607447903
13268.526534617065,15256.841990010736,14924.682296943516
12335.467292610192,14718.11584265236,13258.114263271123
11740.300701229682,14285.586954141398,12267.038441545626
12326.484456308403,13400.336459699276,11156.862847211914
11775.256336474069,12271.36764805375,10190.991778148356
11708.597762230625,12276.014190095379,10659.357057748266
12071.362814456319,11743.449602437338,11427.246623645737
7868.285363927833,7963.4815587190005,8748.511118446762
8237.930944345035,9329.312289596439,8689.66435131836
11031.69779793726,11768.431519049196,10411.01562496787
13682.023157694497,16161.72493177671,12067.132933253775
14934.169003879095,17240.3674114331,12954.483925406812
14424.847841241735,16298.172717776939,12877.437179699262
15301.08083943861,17698.35093397421,13278.745489857938
14768.50250610321,16935.378188944433,12826.610037668584
14051.584156740108,15986.557924245208,12464.503711220506
14227.312341724266,16470.902785842438,12390.684519162163
14354.627441477693,16434.96333699419,12569.29165595362
13148.632233959792,15029.107302548759,11120.083800302828
10001.951974726477,12782.337515290606,10368.632707938226
8735.11438724458,11332.149735998011,8578.126928644564
6613.283567650869,7536.291205325261,5089.989857711875
3238.584932323621,3140.0113634669865,2508.5518013473634
1776.2806502424894,1514.8850026414232,1347.0076330897073
1923.0203776332366,1118.0519997788892,1511.8315081066232
2146.491588370223,1192.1269668365053,1361.094348888016
1996.2497216793508,1355.748131910326,1616.1004556876956
2781.1749851390964,2287.079293531703,2473.535442688396
3809.620945738865,2814.692007954064,3887.127861223008
4592.532370796874,3377.0753825107117,5155.194086995251
4954.961059231913,3488.105263875904,5521.206490151797
6240.561366904999,5482.344078992023,6704.401427769067
8522.278576475128,9444.945358457871,8933.963997814863
11854.791036131508,13107.321878423561,12180.615695525285
13714.011304695749,15872.30310960068,15177.225233533843
15072.13728343478,16661.876766766974,15875.6293231841
15286.674518525544,17537.537768570604,16448.171988253165
15580.092963758896,18164.296310257872,15118.449701854406
14735.4066366919,17072.36641157235,14966.5438815066
14204.373118794943,16922.025079917057,14705.459556774656
14129.130662361895,17386.538028489824,15597.787177085018
14452.936777508305,17018.075834364103,16029.876230483273
14003.856576157814,16920.363156788353,15134.178519286612
13917.253163398336,15156.221396180632,11054.33985610612
10355.76114313046,12024.851456176986,10530.636627780725
11232.773298432036,11193.035655730619,9378.370530723356
9143.437521039496,8551.521855284482,8129.795699081703
6022.603846307383,7234.666687995533,6793.914665904585
5724.157128347095,5942.619165622243,7527.184316948033
6721.017153608641,7152.00594975761,7784.548420724337
5392.84416943546,5393.441722542968,5639.129953107466
5940.113969458893,5466.089160623096,5794.175386724687
5971.881787978051,5803.810073820243,5269.360409032836
6599.320274397717,7002.645213578795,5868.290381164622
6142.126719684574,6373.5275079629355,5748.701836761317
7532.268004978915,7949.717051806024,7135.702477041067
10543.150875938112,10366.256282149992,8389.1966115017
11865.50594836247,11455.762946112069,8193.94991070354
13507.193739133747,13459.858266760379,9118.997995328074
14453.990824066035,14606.493304487562,9928.21516488997
13728.68876157029,15222.890363138556,10561.113281857854
14099.978951341165,15660.992330813275,11803.279111957474
14272.748056829203,16610.594418350385,12513.970577570182
14879.293968969041,16152.768134148073,11847.070592241053
13905.67087168133,14899.752153925798,12365.195188342846
13954.779139022265,14600.034674503078,12893.208364188573
11265.087538614276,12886.695716055956,10527.619825581003
11370.053863969626,11756.2055290986,9411.998592842565
8411.969400050531,11000.355984939864,7819.2997241387875
6815.881523987689,7662.508072518874,6426.707792913587
5222.849733709104,5653.184617384464,4141.151421127327
3911.738388764064,3249.43568268702,3732.459309230956
2800.7222767045064,2880.743451097494,2199.8481019297533
2345.7555917358945,2238.456724732334,1491.4541621851647
2813.2679385462043,3208.776051258733,1865.2340004847256
2889.0227704178897,2883.7128797225423,1955.028765466334
3111.5565229625126,2240.0811829272784,1874.7887467970188
3047.4802939925407,2454.3314942491475,2152.461816103385
2085.370208663393,1708.305287965753,1509.2554393931412
2191.360919465273,1795.9471424034678,1048.0798176032488
2326.7279263843043,1795.6742986672762,1812.6810585995768
4556.229573459735,4328.744653745884,2797.415754043934
5795.214198767374,6177.671081590444,3947.653900663406
6343.653884688874,8845.394701413337,4778.631820925689
8190.0374085181975,10033.339845252978,6431.753060807269
11561.521861067438,12219.52115808665,9661.317679369276
11974.627897844282,15046.61145056316,10978.947127188512
12896.478178958276,15944.190567236605,11798.585427860568
12040.700250813523,16014.951513593871,11805.341736270875
12785.263201489504,16762.402381603275,12423.029479549225
11929.754108035699,15641.449273094338,11032.09603537446
9586.400941124228,12327.512742567154,7922.758871048192
6658.116194680018,10785.232501928975,6391.361267605644
5971.84454038197,7673.0781938157415,5254.178898447248
4083.14475618225,5258.224371170177,2837.197381677898
2861.6214912017103,2707.9682625303776,1838.05816958653
3380.783472065324,3064.91241316406,2263.379099598257
3552.9223229337445,3222.9379313449417,2380.3302864028165
1782.1113727395143,1711.6050826005976,1530.131183810638
1370.7259712659768,1316.6468414521316,620.5608494736393
1016.4794878432718,993.1142774576485,1169.3796082530946
694.4959740776902,621.8805302370797,326.2278216486735
184.32371284650247,0.0,26.03977844429357
185.73350485378367,185.0927229109195,47.698322662086944
164.0155025147534,259.4048586941634,116.52570604589351
194.20315375630543,249.23336300947955,0.0
142.24815496572262,224.05076243688788,71.91773346131062
464.7200760428962,319.3395050178536,33.44496418237988
1028.5980048313836,928.4789714932679,254.79158232067732
2135.867477471845,1937.2379746128515,510.9637512219441
1779.1713980089482,1935.9745388998842,474.1116043293703
1290.389454176167,1202.1005537985543,237.13093379698776
393.4082795240493,212.63594686223004,134.79941532129513
671.6868756518562,393.3688118980468,131.10882440953876
472.2006059699708,394.84201748199496,0.584658668905861
457.5073771413398,474.8718945538322,90.34600199830145
352.70442814535363,146.66015595602838,42.19046990296332
262.7361888469271,54.905260825303884,4.73868068756765
4.942373143188589,0.0,0.0
0.0,0.0,0.0
0.0,40.31032866130122,0.0
0.0,0.0,0.0
0.0,0.0,0.2513404994585002
0.0,0.0,0.0
0.0,0.0,0.0
20.022637805418608,88.24700119848579,76.93919021838555
0.0,0.0,65.59213679190802
106.17069332023179,0.0,20.035515445449416
165.72696477468884,147.79822886875104,0.0
253.8095636617416,272.76902502934104,0.0
564.9666463119283,293.07750554684264,0.0
324.23683192923306,293.8914920800822,0.0
104.35937683328764,271.4522800031392,0.0
262.23333910300215,118.73288323772246,63.65311301278405
201.23824783709006,139.79914900774926,42.299116872657855
261.66699324250646,139.62052599980257,65.38368675690515
198.49686487545128,14.28847649551496,37.17169930266424
130.96471108521652,58.213185467431046,17.0460654097464
183.4791531506903,150.8690582555275,19.280294219965764
252.85419906743277,159.6293139052551,28.64856115288169
204.80333156750075,168.536952238528,7.341422260951369
32.90999555400018,3.8483047083732025,29.99166791787228
110.81843447884404,12.567749358677416,25.326846583290763
103.4005929555005,53.606696244933644,0.0
107.69352018791966,74.59070725140394,0.0
70.68699123916808,149.0014659168594,40.94791390960047
184.4137519045083,122.96240130263563,50.169142643780496
95.08819983833386,133.301670888059,9.47691892054914
121.59686202806371,41.792769616360445,52.68831867050666
107.8541755006375,6.368849169564321,0.0
32.64949352848933,82.89579654233792,0.0
47.32998567114009,119.4908189206802,3.753287462774872
170.71541551687284,33.34590964774373,10.28709536813004
266.23695879435724,73.97652512217134,0.0
384.5408668700505,141.89329040166206,15.020451411154491
409.58536629543585,330.6629954331574,0.0
512.3535027115175,407.9699371493513,28.97467661970149
1838.1835315603782,1978.8939871058515,406.8871285120202
1691.4358266536365,1374.717522647368,190.6428074175988
1155.195845227295,895.8863540922474,141.66735455577083
1279.0433412990392,732.6075135052045,322.9217586621692
701.5878863868096,319.2401907958589,76.19993292795493
616.9281997455762,493.71327590740526,43.16892507431106
238.77656658999263,268.9930140343988,65.9250888186931
70.92919282048159,190.9252147079146,10.850937748913545
21.870170777698625,150.04150331490237,7.52766289860731
24.196401844933277,58.107602955282516,11.79969594677296
65.98179584027089,0.0,15.76163037900488
32.869648682339516,86.26793869876123,24.114887155575936
26.939487708053754,31.93887754780297,50.327577894103335
116.07848357856109,81.13208885867748,28.524786671103225
92.17817022606891,78.78668047863054,0.0
112.86216170190173,20.10957159197561,0.0
47.94327847540232,141.07103887939292,0.0
73.08138547144344,54.942468613290075,0.0
147.42499809659446,34.808187760987096,42.85428609586055
282.70338706205746,97.31409558164441,11.672818970250647
296.8680149646171,116.6440932652844,39.20925828135353
295.2619899728134,31.47943124098083,0.0
578.6783608803515,262.3629821249844,0.0
918.4522826902255,508.0674540409713,0.0
2478.9385266736626,3219.316804960204,1829.5351718434097
4523.881244357645,4617.2003589784235,2496.229636581812
3241.209336342462,3247.690781531211,2510.1914568299367
4102.4099457286575,3931.9696535794055,3261.840321684212
4103.000474428533,3476.6257384458354,2507.194667263592
2911.76018791894,2773.7108356362287,2248.2816939448785
1750.3940833576548,2006.8372719665902,1271.3858124966143
1468.4528778120543,1117.4710158495666,629.29304849076
889.7529624193087,460.31507743174797,52.67621900434045
52.40719107472271,119.8565766222254,51.41137434871453
123.96821699323638,128.3910535040831,191.9909632641851
519.0067122025715,368.4092785443315,567.7241831595721
421.8860517054358,356.30858872492576,465.9757147159275
116.30572235182922,148.59161783929548,458.9070671263476
175.66353051577474,135.13628074284284,389.87183033514265
385.06799132306105,168.1034088951366,154.9182746467027
1168.432353681421,821.9928277029338,1030.941081477635
2542.882780392345,1630.9881878491328,862.9270416603663
1813.735468323004,1537.1299531400218,836.4689056908666
3382.52800938241,3352.378076622925,1972.3235012039268
5206.805940931919,4744.548922239828,2565.588088203232
5939.912175134042,5290.364552126106,2906.04161556652
6338.750456691826,5276.070724097375,3210.111252854701
6489.8120362121845,5832.980890676074,4804.3936535345565
7067.875797173726,8615.512718912709,5736.210114138619
7867.079244991369,9815.170255673856,6509.090415310946
9122.40248351313,9647.42735907353,6978.817826068909
9112.602853967244,10263.247631982696,7405.022993802583
8525.350369628222,9755.37407275503,7285.612958851567
8391.234772334112,8782.543433791483,7728.377969456093
7152.003470021009,8670.177148881203,6127.043809370504
5761.527590196637,7274.667876834576,3927.587160254885
4294.87085849809,5041.082338563734,2404.195340300309
2920.668613282015,2876.056199943919,2415.765648644429
2329.7405878993554,2346.281269312689,1976.2683063158568
2431.808080474264,2847.023659440036,1569.412579253794
1726.8004300475989,2603.5293174899793,1271.2974956739906
1266.6549457893543,1070.412424365703,959.8435076201106
918.2926314384672,716.3925748403071,350.3791818231844
1719.7888458299453,1946.7933477447057,1311.5122981314223
2255.6993361459517,2331.9906835655247,1295.2024485683949
1938.6434531740294,1860.2327852943217,799.4840912375367
2307.618731474585,4236.723100593581,1341.397627805488
1308.9324168155313,1993.4394990967232,665.395879164773
1113.916886194507,1484.373807706714,763.6366575374954
831.0266444352079,914.9946611825205,576.51947175586
772.2073063738924,830.9551898777233,174.84537182525506
251.534196758272,501.8474609090136,92.89733127977246
954.7222988695775,907.2320442793215,720.0827990579139
1015.5249283486041,1116.0425333944966,1028.3029798474686
596.0778129513163,929.6437630223382,615.6245470321053
599.5773259630906,732.211274043618,173.79501694437465
221.05767961244112,493.268690985441,50.17937872392587
760.2366482285745,637.4515408527365,440.1555108359444
1039.3179180912434,534.2312356158812,436.0996074410374
202.5543980197178,138.01226541748395,24.002629009927883
0.0,9.043801637901126,7.90883296193149
0.0,0.0,0.0
0.0,0.0,26.00623230962904
0.0,20.749737205222267,79.93696940879337
29.51655885385958,74.56681671397784,120.47611268170768
0.0,196.20003329076735,154.08075433115897
0.0,164.78313740438753,130.02372516526418
0.0,130.59857322376521,32.49756525517238
40.60551337694488,95.86512533603874,0.0
51.395800842111825,95.15599047107504,7.997191472697056
132.01633580253932,128.73878538254252,0.0
252.83755370205876,233.36533226358824,0.0
364.24603302907923,223.22112035832222,0.0
290.8383421069114,209.2454600939392,48.699761825062055
191.09666417933852,177.62135546287865,0.0
195.7440012074136,127.16161092627773,0.0
111.34144228379336,137.58224879078227,57.370739138092375
38.88810462427479,0.0,67.64178803271601
103.406896624948,0.0,23.94164088341754
171.9351924855433,70.60142450661027,4.5788731464387045
118.63009125413548,13.997925944618997,52.26182857477298
84.04243104763238,142.6628658818596,70.79666728894513
114.40461746246046,109.70063731669495,62.662102823819694
152.4866474385219,163.4268337824562,36.51170748191296
121.98787720612268,144.05169964983548,50.589416594702655
0.0,47.17028622615139,57.00931489600422
57.196494548666635,0.0,26.215147249648872
9.529607285714384,42.471956091616846,105.7493847065845
81.12542492103807,19.048122815901117,123.0818410557738
43.58589323419267,111.33810629504751,192.116834307786
69.91197549820878,171.88889257705682,182.7947829153244
301.42834265060344,271.28156808597276,255.7184213385337
0.0,184.80844798014846,151.19614001848566
6.596902858101695,96.12448707288895,0.0
108.93013784911106,298.9320181335919,0.0
179.46256825807427,238.4401909987729,0.0
561.043016098326,464.7171621865691,0.0
1363.6901123550647,739.0854233949625,3.125659004083236
1491.1491603668744,987.422044524499,314.0456220403139
1238.1075272156163,693.7900164990791,121.18036751141145
526.7941272521632,493.5838559819742,0.0
253.64084773490367,285.47080499889574,128.85143086278376
256.8879891834405,349.7683331211678,66.19664139862803
330.66889548127597,140.35016357431485,121.98256449450784
485.3217130030452,88.13383217780478,86.15417491668025
367.05777199240737,34.524652569506166,0.0
297.1389640655418,73.93741747530473,42.985091852291085
198.24878685613672,136.7570729790972,29.19148399925375
104.22635814653378,75.13991431219509,13.49400955913256
0.0,0.0,23.93391737695548
77.87063605020086,5.892056363048242,29.541448793988256
84.56909139779845,89.40192701773569,26.5958450043446
24.483443020795058,57.64619576586344,63.265372320167934
0.0,127.44223662664744,54.85807443446388
0.03072787926113918,50.62275207797967,11.812594890638174
197.74203245085195,246.53108278857175,254.47277758534813
0.0,101.43148203446697,26.9972474149595
0.0,160.27310992383312,12.334163662667368
0.0,160.30327078840168,38.217667957486064
77.10960642031195,78.58265769527135,5.361163957240361
133.70768085017136,125.54390798179898,0.0
408.80681781414086,252.7378927835247,0.0
609.7189485019836,528.2278100784032,0.0
583.0189409289652,254.65021894530793,0.0
283.802360870685,100.87808497594742,12.224071454703823
198.89055541220617,76.09628069299703,28.806493957427094
206.87387086855148,123.80244943347043,32.42799174790656
197.6538112505939,45.01833240301772,243.5771372000019
189.88088740004963,66.76486576383694,201.5442054084741
232.6063577718752,168.63763364026173,72.61337238119789
272.91798757162985,282.122383567885,54.00471939989789
99.11574902546774,257.6671348353476,31.98527737154227
1.677148353455399,338.55690568478025,31.242595343231766
75.80199039116752,311.65654895365986,0.0
9.660134317181289,301.7985476679154,84.58931331275244
19.353905711770103,279.6790674595867,90.14634227557524
82.60460518411938,115.36560903922093,22.658166849160587
48.8991585484686,123.79372530526702,9.77969231198221
68.37045628690493,92.39900541782117,25.589250244296142
0.0,179.19437661949954,68.2327921888376
60.483326885681144,450.1243272143699,0.0
58.02568965995957,329.013451645428,6.538274010276024
232.83903898151536,297.25908399251676,18.114939963072523
393.0339689992681,385.0661290285616,8.20338042719041
694.5521384196015,517.9083391343601,95.32952864553572
846.2388086978915,696.9662985986243,182.85308998029456
597.565636602086,437.31732584595295,123.4400216206804
711.5206203768856,487.00345760003944,114.53368672291352
634.8705461328649,221.57000752141232,66.30752286648368
668.6468960953271,162.61889568821775,44.03209436806446
465.87086549983417,141.29008210706823,19.813295953361187
439.9976717943226,278.075688257272,0.0
606.9715794207748,287.240663585352,0.0
593.7504377336573,290.262970417021,13.750669388982976
703.6288057765472,381.8630157739295,46.79765629269867
494.37168612463284,160.56887946211086,100.8505294094206
170.44312495978176,10.619015445156421,45.35284365081255
112.56621852455254,0.0,67.9166164766607
45.14221827656048,0.0,37.85019804486674
56.78587052208168,116.13619447870141,15.263886603015033
0.0,92.33522219612459,66.19069718156484
50.98096491532191,55.55291033739496,122.4445800632717
146.33138686560895,104.07525334518964,114.01771545899784
197.3752067214339,46.870406488305754,2.4292189670496143
270.6009307400225,0.0,0.0
159.6579390125371,69.28934050996934,0.0
441.998040751575,259.7717328073549,0.3125486807819007
784.8816760655586,494.4222330166505,51.660789930567525
1231.4762183853793,812.9479434255517,101.557975207383
1330.3356905250835,784.4035720353546,180.42165323930865
1090.5887769562794,720.5198383497562,170.64443410702594
1021.2855370669415,644.7667979445531,160.38664059216498
643.1800205666373,487.9140967607421,151.610987598722
538.5270539827229,232.9860402824828,133.17910714281422
580.4814078846977,401.3971699684417,55.63832328430036
608.4652444335444,522.9467702523398,0.0
977.0292092555222,695.1350348033874,69.20750417745371
1168.7053598353423,665.119892877816,165.18805114373424
1346.5017697210817,789.2246029037939,66.97430265565129
1192.6702304350026,583.1783065688218,125.79171290808068
1141.6475069657604,979.4504982496234,188.64981247336283
448.44454330326704,413.3481286382962,291.2338667739431
113.32945001666701,157.9007149815669,259.561578293941
97.57502251602573,109.461284306419,165.167147250503
77.11540424171963,93.95469831617429,343.2531265674173
163.02898240729013,158.63473296947046,332.4723564804005
209.2750531673035,147.49475971331972,288.6966293344298
148.85076840735803,119.84206646973021,237.61353009671552
98.50538906270233,12.86883988022301,8.028389717762012
33.09163450824698,0.0,0.0
131.6281788046633,70.99594914367611,0.0
463.8541907912163,275.2543496555169,0.0
385.92549606052194,384.21617670349593,116.92015074156244
742.9212412021324,594.2599640747967,131.69147779275232
366.0414125867774,317.30716423280796,2.3368766043429
382.51705560898483,286.56453551967115,0.0
305.4394245632943,229.76105192387936,0.0
267.6862524538466,140.3116267074121,0.0
412.30357841335194,149.78034152024796,22.369109139899088
376.18125131869556,87.35952880033196,0.0
387.38433072669847,78.15068361807157,0.0
307.59197939946904,321.0151817005649,0.0
319.75692897095223,203.60087719154163,1.7826681692304214
188.7315872928695,134.25462359007648,10.081884411249511
183.9340152404359,0.0,0.0
55.73270415026781,35.477609235740175,0.0
22.69582197713389,3.8480533616700843,0.0
133.30265260101405,249.71067742286564,87.9900507132308
59.11575362242242,198.83645465005176,86.83229297291284
134.79798403328468,299.19601520246874,68.8844624972126
189.62537079465937,238.58643002809953,160.06984248173325
120.11065866594208,132.1059011835743,7.500492897278882
0.0,75.67535690375543,0.0
30.88187562805487,29.122533175593485,105.07318218624488
0.0,0.0,90.82397729458974
141.77797542751784,0.0,15.11947093973828
167.80629153099807,0.0,0.0
441.6056865180207,113.82220959350839,63.78838398157579
538.3900607602911,135.53266645389002,119.05697962556782
730.6693932455081,315.08266826769346,76.45209575290151
983.4259753454513,715.3935918620439,113.51287006605476
819.5727366941876,421.56081409755114,24.049832967119485
773.9840319687852,460.63589750326275,127.1474292866057
776.0577876598677,560.4067614110393,197.87905046037343
775.9873110860469,676.8788678946468,174.41634455908434
864.6348294198605,609.4401390019676,249.15637792836068
936.939958890167,702.9246822167003,189.80765001115108
690.9444632846872,672.1438497231866,140.70847688504904
461.9150146286543,452.77725442857155,125.87193906530732
346.6809754774636,385.06941608963785,50.93782017708366
252.78019455851137,267.3795288173821,96.68626252245237
180.44428437692437,305.1681792559897,148.8275541499252
135.48604179928998,249.28968623406115,211.82082556293457
172.65042822459418,241.0724933334464,0.0
103.70245808551674,100.87960358390642,19.26101797949793
59.20584267302232,58.931981857878306,0.0
104.09386004572252,85.57471251280579,0.0
35.479011551484234,108.44240569409348,0.0
47.319265704067966,58.85707547971388,0.0
172.425018249912,94.30234330517474,4.536298985881585
474.2153766183064,252.55073396494137,110.1631857991795
893.7044816223677,457.86758341948007,78.55972719375788
905.7997897323818,672.1543042181366,88.97019149768137
543.9727942851227,327.64695610578985,33.913492831845986
394.8674774284071,92.64581452729674,56.81569265716677
351.8607693158174,172.45160559647002,54.739482692607375
304.1446203998894,49.24520066552278,5.896875993299073
392.08892056351146,207.58932104261254,30.33924793613014
397.176844361927,223.64484774730127,46.78609486166727
324.4012680045261,160.3441059488349,15.305377723127505
154.62744418144715,53.913121444023005,4.463157722438993
172.2683194538359,10.890784175537974,0.0
184.08720394186955,106.81793688930513,1.8919503056552192
215.68030919640998,60.55223220341388,0.0
144.02181794116095,103.67524472098887,0.0
23.69373741756033,196.5172983407566,40.61401772531454
127.14183294819742,219.78710193673868,91.39805432996928
132.356987270607,208.46308610021723,109.02050122073472
64.01026142016494,114.4925132445976,130.86508220810282
69.6834443462415,83.23111752531891,202.5908920294577
88.3438858204355,101.03320506974411,20.47291396118924
85.61438584975913,107.49070149675156,14.156085505619204
137.6825221860992,58.36739196683896,27.95058353970236
344.13152884043143,211.47425474880006,10.259374855431291
646.4254325975971,264.94453513775755,0.0
656.5001827341481,363.0335323124604,0.0
515.982532685112,209.97905273972424,0.0
338.3446729459244,211.92535408835087,50.60754086425234
264.86430140314656,48.88801911021965,44.374389872459325
126.55681633031332,59.72512552351525,146.95757027677408
107.85661176275944,2.07860451904663,140.97662146712585
149.89135565373434,33.301359053574004,64.38203387953702
120.09448800061249,58.54172213447672,73.08663174174657
260.54245093979335,83.47935858621055,155.34163317183558
275.83098789393944,25.113623063637935,114.00043675013532
154.53348222837351,35.478242650183475,0.0
129.62262638876004,36.129988102475174,0.0
56.76259016369373,0.0,0.0
122.82830828134934,0.0,4.529565791520555
163.32159367243915,0.0,46.80169621467883
268.06012325980856,163.8037158020334,117.9789630089744
205.66260927248393,169.40872177361103,153.86027653226913
238.67829615009074,222.833769373394,317.33022081922405
513.3173821750926,226.60751548474897,351.4354122501976
172.87852016283347,77.40319853606131,111.3116186948296
118.10981447073976,122.98505497056696,82.54563854071266
89.04770714779006,215.9173217658362,122.61505938762784
182.9075171818563,172.71572336826802,0.0
141.99922115431718,162.35572363272692,0.0
282.3604495453109,222.5212652509423,143.70254124945438
782.5102037959916,483.6159575785484,180.50227340096336
1474.1637668334256,1045.4704760427487,332.3684829955025
424.8940169477706,128.06508150182583,169.5865277000809
419.446331075925,30.81551877266633,179.75078765707266
477.76687114375886,69.42514405999925,76.5655233966372
490.46560125958325,146.01039745424956,137.01165206122988
342.2056896342614,193.7056445708932,121.95696281747252
350.6269378164329,129.4180608169998,162.15589375727347
300.2010863107288,106.64380054898474,166.28472757663224
171.86857592839317,0.0,0.0
430.9254300192137,177.75051595070684,0.0
60.34186417771824,0.0,0.0
13.776160406290302,12.532088457634513,16.159926556662253
9.72680209145646,23.203838583888643,6.706479874865275
49.591326981124624,75.13809325527309,0.0
60.268076449612536,11.213939019241879,192.47905459942865
108.28546363026585,0.0,151.93840411869627
126.43546998948328,0.0,204.06136042640225
35.849399243815526,0.0,122.36394514425584
450.75565360306194,190.89335071178047,211.59811296648527
310.818669344902,217.28729333651407,105.65364099870692
351.58634091367543,204.6397286896307,0.0
417.11546912394357,345.11322083616614,2.663186548569473
735.7935801744285,380.78640669689065,75.10653283516666
389.9274798592689,365.5064125727779,32.85683516012221
185.76185583555804,25.17464589375127,8.002038392799097
1187.6718859278549,545.8511475259756,35.9724101837471
1684.065856746317,730.9183943634677,22.326242798439367
1229.9395993576327,925.4672202987553,32.139836514571456
1385.7153698134232,576.1941865104363,162.222537152512
381.4616557389952,345.73529292674766,230.89293693522808
622.712701837665,466.915352047322,134.0340212777465
583.5231186828715,504.20174613603956,96.3964904048962
427.342946220178,358.9059529938114,47.56758804612174
507.08310135783745,386.98493660827626,190.7075762555372
252.14654021138833,218.4507645451639,384.05153665314987
366.97129809014643,319.57567698810965,417.314014419042
56.94440701961514,354.13374127389005,423.30305635649376
397.8211592480445,179.2376198123602,457.57706734818754
640.5718387068878,299.48504230931695,427.59108470112153
72.08791546606614,98.43605645529614,73.84495832974369
222.85200692859075,445.0577262259038,202.0912789720389
206.34257962252693,511.80396392513,78.94569665676043
173.10485989326241,597.8734023239875,125.97295700064664
680.0154927843683,620.2210162363498,365.4426655081221
1088.1561686803173,1246.8441578945096,239.215462632351
1224.455349178612,1409.4357023366465,332.13142014706153
1711.6717610865267,1215.9653233873103,250.9591671418239
1737.079240159394,1214.8313497784955,581.8075849785403
1749.747793920259,1673.5318001646986,810.2411488046321
3076.041827361956,3579.8592497656296,2441.952394505301
1912.108465483136,2824.184934229931,1154.2769972598344
1659.2589862673874,2571.2085356338916,1422.1834040047463
2557.2940982875934,4601.513295121291,1219.6907012329527
2060.910951464813,4133.935100810226,977.6540814276578
2288.5768362845306,4191.021235227165,1271.4228241813803
2413.9379262696393,4296.415669620359,1323.914542232879
1969.7921145808955,3245.8637744823172,966.2098344154372
3346.063833199714,5631.6227179026855,1945.830810605168
3976.0019200469665,7846.911861060739,3227.794398858457
4458.282289288301,7599.498703082379,4443.475358048299
5330.314046050892,7201.513555130595,3691.280140978542
3701.2789907628876,6802.141637980383,4260.598123622457
3077.834292720663,7227.089488162923,3383.7593377230573
4318.40449233736,8398.79031241755,4113.381614833651
6442.595309114347,10323.123805622166,6008.391190324369
7589.8389834905365,10568.303298763498,7061.733625947456
6998.305898976507,9676.351508899266,5359.322792203796
5905.522013404916,10078.412951272481,4181.315203677624
6678.164731073143,10833.742315257217,4121.685643026019
7891.6516481126055,11074.036851773848,4558.003604106333
8347.255734366343,11198.998947075124,6798.917708147804
9663.400399671391,12496.178605856065,7186.002104470108
8813.90686817236,10920.024701338245,7172.861502421438
8231.17721317246,12149.46653477386,7605.514873509595
8995.191532243858,12854.453273731417,8003.518518511617
10094.515761856515,13174.906137527103,9312.523329604017
8936.337939630195,11894.845798987984,8688.950832623055
8472.692032651765,11527.293105394012,7979.259887651094
7880.637477536315,11178.419914318936,6943.0978091537
7481.574244785729,10065.079437373526,5203.115697942053
6690.903647372523,9536.569381987812,3615.8733633444126
5631.233976023854,8755.549334212566,4809.330606111705
3913.7997858596045,7704.146800602769,4996.438174327163
5073.602287818192,8926.906055257588,6444.071194870702
7030.873779662296,11498.5510557754,8903.822595968284
7568.557108804593,8994.180971540105,8441.621957240559
8515.884369929297,11583.693939624012,10539.71383087108
8841.240954246918,13428.838036569427,12149.30245896521
9000.276392316715,13789.892388916423,11358.745212946696
8989.023491387868,12811.16372525878,10601.41213316424
10534.400416687624,15019.165459430855,13027.33667183261
11345.72399282791,15661.734667326435,12735.167350559752
11815.889382928759,16560.185860870384,12906.359239605925
12715.987475182703,17312.770617351947,14033.607542524103
14167.3665992154,17388.634034114744,15190.552868781171
15923.199620061827,18644.665873846552,15533.220514733364
15011.273699792075,18676.517946775417,16622.269381016362
14372.661117313306,17995.469664497636,17028.19840474691
14650.871547320954,18001.81135723995,16813.78798326568
14957.952098079237,18024.834451696068,16584.568840234984
15408.488867475959,18271.59507074192,16641.72343503205
15786.879755150823,18987.268498476937,16362.66538407383
15704.0767555878,18860.71685327438,16144.287125379838
15665.008049948092,17949.746229872293,15566.59789256374
14444.264565326965,16809.49533527548,15967.54390009132
14258.846481957662,17039.227210785713,15490.828175630724
12305.7428666389,16442.982376272972,14074.820733064493
14075.259461434614,16103.12113569916,12236.802274599562
13036.470753903135,14755.429470080533,12692.054852569949
12582.049809364009,14640.051304459566,12995.488077996995
11544.964454064442,12198.757975123412,11777.737696109236
9191.218828267489,8892.842269559187,7943.626487656628
7789.342316459377,7889.374243217812,6409.963668929339
6790.2945532351305,6481.278298362608,5108.398893445963
5543.617565119174,5943.201314055637,5257.695907913228
6744.807418087763,8007.540279778694,5197.270008931149
7381.698418197226,8473.234419359313,6869.669572703084
10181.087974830967,12028.983607298165,8246.80814675528
11878.592393281444,13126.292392796055,10784.587989037407
13647.07545618865,15670.744956195113,11930.684006440186
14171.584932040627,16315.527884008747,12910.149328185837
13807.106157082846,14622.01248297607,12268.55902059325
14198.44748280097,15851.34193653313,12601.506669731458
15899.889855976602,16591.365137724486,13673.437666158994
15001.420004233805,15828.04903767188,11836.539748560908
12942.728065540528,12888.666493970739,9104.612515928611
11971.058999954068,12324.354742062395,8229.307017168096
10422.084119312723,11225.885454167106,6834.988970285762
7153.107271538483,9018.469596935998,6956.907400290559
6057.788112249142,5300.728912904491,2777.0711128605544
3745.280685484524,2768.1626097927747,1697.4056390021594
1993.7344177756363,1632.8638467334351,1094.936592359261
1751.2126235764808,1703.2127993655038,818.3161488313789
1595.5969574195462,1775.4827365395406,1026.5295965068292
1812.90701917242,1589.0972583415335,801.2416418759453
1914.88391724136,1818.514098877458,1070.8510375211338
1595.3006078020067,1488.1447236090894,1416.474512687348
1019.3315176211272,777.7952536084501,745.5885962111497
390.6682701340598,504.358561249139,489.5361084818221
654.501664512128,826.2222500085586,659.5211603867381
657.0181674519175,731.1917004533389,87.7267024483466
623.4626189682572,552.862921833655,0.0
654.2675777646319,502.4339084393299,163.96430664873932
1257.6565278357807,930.2897285333332,541.299076570449
1802.284587612187,1661.206057345504,873.8159719805473
1093.333518852606,1209.0916111337383,944.7244432155424
2320.2972435812044,2063.8746064769484,1057.3155857096535
3068.9827483262497,2241.5745402588163,1966.0574143228
2547.67396708447,1897.5283047144576,1297.6082068985993
1928.1827950257866,1860.4583201061087,1042.1356917794874
1417.110432366449,1521.4197911311137,986.8015548959308
1389.0032999243615,966.2395912523154,403.0947635612195
727.4413613503259,191.5048014827284,34.276743626075394
267.91463110922,311.5356196266487,0.0
35.56947691281209,209.8062801114337,28.99412833571397
344.0577048238243,309.32460138963495,115.08379226177397
175.15925927976227,90.73782899646997,149.07824223596091
201.9773359952032,180.5972066918123,249.84719397185947
185.18620468229753,310.08284029366604,431.5524734956013
525.6102764371287,592.5710065429776,715.9304656121553
413.989435960889,436.1299983337854,418.39056057940655
220.90990035352235,195.60831183503458,452.0051059304856
149.862009725191,306.3410292134375,332.22974937094114
0.0,0.0,57.65963508188543
122.08566724532382,10.221514449033123,36.60495999995001
221.84529955032173,170.15657017099764,146.6017690893205
775.4458047683407,851.7343173289645,456.63247302851846
1666.3164249839365,1629.8253914600355,825.8621304762788
1441.919349047179,1519.5242980798378,861.1066668709359
1062.9969210965342,900.9175473232515,456.4768717614764
1179.2583868296813,1050.4795467848674,441.6582141005538
649.554276738772,365.36456644929353,289.3883790338432
407.41771661320837,109.81246358839311,197.12588177762947
35.40257963470454,61.823167610309504,0.0
18.044068107433844,136.49256090496087,0.0
257.50124747120105,68.45618348898586,34.00391941451826
33.13016671582655,0.0,0.0
39.76741067990236,0.1743039543307887,0.0
18.30359645245761,0.0,0.0
48.167859909423036,93.89534906530673,23.03934871719064
15.969030913864614,55.93960977459699,0.0
0.0,71.59537127205363,0.0
55.05761405802561,50.492475566778815,0.0
76.38400002473702,32.93750642061528,1.550340252780309
78.75294552653733,0.0,0.0
1.7409235348813183,0.0,0.0
141.73538042592455,121.90852008849895,0.0
197.3067121717599,31.14138567615818,36.36657995454208
763.1112903228689,353.8906567727891,161.18689083446236
1088.9340925989964,779.6444950046437,367.2549330788143
604.0504226379255,370.22661121789463,160.30588749655132
1059.4410929570302,1194.9649001959838,114.90452867000008
876.9132662561794,1156.4677140071947,62.169243192630304
713.5709240010655,748.9755733199831,181.5527604958889
611.3336563045168,821.4344025595638,0.0
1174.8156241667948,1017.4595541327243,282.0362249360219
970.3522117287586,886.5121956827638,208.1199758791122
747.1261269767119,737.3800461393314,313.460012624506
666.0396098171108,766.4308606337878,441.2259424621246
440.85200047875503,644.866369361007,622.4436263044923
379.10467505057295,396.9699026384745,341.951645304984
857.2299597100603,695.2000559587118,716.1244048496122
508.59236864860213,458.60890097697813,378.2279997326417
541.7945506634167,573.5310496330563,374.0512699439754
598.7427243240077,363.51647154526574,425.65634172573607
972.057746227212,1034.5146639380994,564.6294338298989
1208.3275996974958,802.2302360881291,375.60852248479097
1343.2589041711515,1046.3782095017893,495.2228208329128
876.649835558859,758.778636054467,520.9688792105088
432.86615162614544,342.6032556698407,377.90055677748114
284.03335255774397,398.73181755289175,369.6561887903599
73.30499333648245,99.27263813245426,0.0
172.56636348619588,114.54726772319694,0.0
368.08401469012614,511.9707575706514,14.583814362504748
507.56183195822604,737.2974159940633,183.53406360276145
1775.3956379097312,1241.9272022732728,387.7320158880222
2541.6111913009513,2351.792161571643,1309.7897979653949
2278.691742537403,2833.3742826386188,545.3483263937085
2776.5612303035095,2945.595406650718,679.150265777175
2385.330657569912,2175.294776633811,550.9291007103604
2465.0901982415257,2554.405083759504,690.3716899063699
1753.3175526344635,1864.4712721363928,764.7378457289752
2165.6499103399783,2426.6768546317285,906.801998679008
3003.814066441163,2971.8647108065884,1778.5107386525683
3903.9446177865293,3337.0984633897324,1721.8431787055542
3230.4922738377327,3138.769639891416,1929.722273696104
2688.278130756785,2835.585191915186,1484.408280233143
1965.3520413880883,1927.3201674181885,1278.4752934206049
2057.9910562210143,2522.159292532295,1629.7995768883395
2036.5074252952484,1871.7771061026222,1280.0770732102517
1830.0790451296107,1916.544906150657,1025.8126386988222
1713.456659021311,1507.108216182386,926.4539327542658
1599.8008474185135,1211.8693185544273,861.2876854879464
1557.563723054832,1565.509111177719,988.7940038147292
1431.5811453495392,1809.1041438061898,981.0962288380276
1798.2827004479116,1995.3446667244907,990.8825902748696
1747.4755128452202,2083.0332441995247,989.464237789253
2757.442981793942,2409.9622642058234,910.6227852055772
3304.6351635168585,3016.5943245694975,1535.557871897977
3319.6293664691416,4528.322295151733,1363.3511097733813
3664.0810334354005,5073.861979675983,1459.9897736771834
3891.327261209498,5125.763819681365,2298.8880655603884
4713.74030243416,6128.797479933775,2531.43986690112
5128.620745177842,5675.83922053492,2654.0906649783046
4874.896245018782,5676.860191641261,3016.200236160314
5011.783216201947,6135.08520236088,3002.864828453254
4978.434255128879,6173.706928805481,2830.2358907864354
4967.108335112292,6619.460386765057,2791.690029335172
6219.409360419963,7970.179564533237,2845.275438307357
6123.81592614303,7531.138886652754,2966.8270805786965
6175.49450872368,7709.213411428806,3615.775981145118
5065.119760649626,6407.891514877625,4279.104327456747
5177.4514275870415,5956.544856663549,2922.36872084272
3666.801621039513,4772.3843992972925,3216.910818314993
4007.4887010705343,4774.295619832404,3179.0240041109955
4478.285253137656,6842.089797914857,4908.541602357894
4735.79724209251,6872.869341576914,5091.353781802061
3854.554681078695,5194.507060686487,3199.990591355139
5401.148394407583,7296.216832312407,5033.52815836809
5850.036396583816,7627.15745075663,2571.395291394713
6332.539434614104,7180.489195564268,2159.824236698335
5796.87034556344,7102.38653512588,2617.466652041558
6287.75350555171,7832.674983027051,2325.504711244869
6727.529089674072,8158.669281941961,2312.245485177384
6230.022644199966,7619.618718898262,2419.106452804244
6436.864172627566,8037.368606854256,2691.677136581362
6971.805364489767,8705.296974457107,3154.8027848463294
5800.680364218856,7561.0484910989535,3356.0073629403005
6093.061719711118,8280.185660438736,4278.290429634245
5636.142633888336,7053.8121245538405,3924.3100625305615
5160.926431489033,7193.03868903223,3752.553938128354
5027.414603808773,6482.819574469674,3677.4834786102974
5709.220823487159,6278.330107651969,4381.329306826402
3364.7179256667528,5083.441531473742,4139.686949701321
1991.8838988685807,2881.656546007999,3051.1519880814903
1889.6805503215191,2703.459750466519,2775.343796982723
1313.7183968514316,2048.213025590382,1369.478250275249
556.1078643650462,890.477009162429,222.172230079034
109.02079921232556,219.77521179991996,262.63930034241514
163.28092188628364,105.78703032325306,0.0
319.38506158672436,232.23398140180723,0.0
427.77870778849075,399.9337352856157,0.0
257.8897777368944,385.5841163783238,146.93801702321073
313.33583188576097,490.2753810231452,181.23264564392275
738.9238018140211,915.100829977274,354.5505901768587
919.5947271373853,589.1079670092813,126.31055296867926
703.659093821581,890.2681421928731,108.95441266469857
202.3847294585513,721.1822289730186,128.73220878126824
464.58574586502056,694.7694964868887,0.0
2742.0617561079953,2172.9467777877135,2228.017640303565
3549.5982696931596,2723.294340825342,2743.757630372318
2275.6450002908487,1946.1894648891944,1745.350358950759
2249.8725163395393,1516.9861474780892,801.8699917270416
1738.1613468137853,1262.176184454535,973.2648149254125
1984.7728332927459,1376.8721479529001,630.1068081820214
1105.0408158571813,810.6332181162006,71.50920962319336
675.7724142399436,734.8202752385482,86.02290207947706
443.4326474006082,575.7475489124572,203.6466187986236
137.63111272756223,128.5019161290707,286.65134053012235
258.3587167718674,147.6719013340477,266.767962945089
278.7853315633895,255.41204262440172,386.14713432637336
337.7791259768518,381.82501599070935,459.6281790410618
210.557740800145,458.33117023377434,484.899015494932
229.47508191966892,351.71777924233146,407.8423017461466
174.52206177208578,166.20240161765906,263.79565952151665
232.85463075503426,98.86176585197023,146.77991176323982
115.14353713093952,264.34919830342614,64.86775902714514
0.0,198.71369388357607,0.0
208.25043100912217,224.32800214245185,97.3735983949622
229.64637981712548,246.7278232797498,123.319200790097
432.2069133772791,244.7328819538616,65.29456918549164
594.4089779497991,360.06961005194955,23.355096718349685
406.87925616856444,490.932660574302,186.8718854794736
427.21288830096114,473.1635197574462,31.03477697947377
488.9477725353379,508.68014011058915,208.20971131956685
1033.8926694398717,773.4677252898367,128.49256109816912
2832.0939630494677,2612.3547566830825,1162.0634794425853
4441.264071542527,4365.272966718643,2627.8863100759845
5905.625515479569,5359.056463459565,2685.378232387692
4696.515963968623,4173.297207944141,2697.9220749364254
5436.464012254189,4544.524861724169,2749.708156510159
4728.393728897033,4615.96047173022,2864.759032024984
3638.5596740792953,3736.9362004599125,3036.868645252792
3565.087596207143,3844.6750018169437,3178.351390002143
2789.2231332032247,2985.329110402058,2433.735154012536
1992.0906582241064,2298.7142291049026,2117.7918990750004
1898.2986333268036,1880.0551369469824,1999.616070647077
2654.3426231376106,2288.607924564599,2702.462443911988
2988.193051749017,2403.1872685638355,2874.8514007957565
3561.4184716803816,3222.80080618668,3418.5395609159336
3090.0357950836083,2473.1413299800706,2348.560079600092
4186.758872698865,3117.6300036837056,3379.35574584112
5779.077820951655,5054.4034308753235,3784.857934401961
5703.9609370372855,4986.193240219171,3326.285667610642
6941.071952650606,7914.738029822999,4705.575838155713
7210.01503724441,7385.285823403042,5314.003684660594
6949.970917584003,6265.56708983058,4588.343229131517
9075.542150355632,8129.950384982031,4432.6838778064775
8497.698539863604,7544.885158081171,3952.7157438147474
5943.699518303962,5141.549719238488,3650.2545634955127
5697.972123990085,4416.629330052627,2031.595456517051
5728.584614490745,5148.143468312635,2352.329252027548
4409.421308583257,2425.305018908071,1217.434354594669
2493.1724011794413,1967.3169775203328,839.6956737904916
900.2247729523787,632.4128955727107,45.53259974701638
227.2887555107955,259.27228250257025,0.0
46.34253737766976,110.16994352192984,0.0
22.407638206243256,207.5865768369343,44.76944551446681
16.491846105152252,167.25516293362344,31.529480090413056
22.485591086200515,162.50880571721544,159.20650732229578
121.16094031539117,100.82836977088718,167.45868138391157
84.18732685348597,157.25764566027811,202.14749302392863
349.60117278729933,422.8102486291375,504.67783632459737
391.1099682313273,647.4517889936681,579.4299565916256
1258.1331646724755,1458.3620090613144,744.4616847868094
1613.516866839753,1700.0170880288,741.5199831300766
2656.004205829711,2743.2916206846953,2242.0447096568782
3145.756091342312,3370.6009065013036,3255.6229355218115
3297.0204659523856,3662.188854040439,3295.7424576232984
4811.567478958903,6282.442280377842,3723.24437883404
5235.15950056832,6769.6962208882505,4376.4470316668
4941.650053346738,6940.4470966549015,3655.7341290876375
4361.424098821552,5952.6035029080695,3102.434472667873
3641.308482813418,5466.375960141356,2705.607482904247
2697.9730174708857,5192.013640386637,2578.794998308795
2325.3046874887573,3413.8209248225544,2634.732499408045
2445.7431702136996,3413.0517455534427,2365.270899372438
3962.1680272681356,3798.1242370741775,2286.5001774986804
3708.155120473228,3405.3441532675065,1879.857663260933
2921.2489161588246,2894.0735518563733,1772.5375062849105
1108.3211119477435,1243.545527586356,1393.4789318144972
671.2554097049749,891.4697132107947,572.4182981533452
352.64042509558755,722.1227311158926,309.907021386976
344.97272206449145,538.0441183370926,147.8358994269917
259.3176976634636,361.72289900685905,99.91466962915564
274.5158816331916,198.01136270045419,134.7380238506759
197.79931834121473,5.024151094773279,211.7467830499158
106.5627026425195,15.034086894838584,137.54334883024694
160.11658250491192,73.84816660300156,227.93065776639887
277.4479507020908,232.4139164711555,0.2142946797015784
878.176641656953,468.29231995395804,0.0
1264.696346836198,1018.2592497214541,146.28860124845036
1463.094727711701,947.8454356755993,240.23032090105377
1413.1680796396286,1056.1476899297375,242.56045882018807
1184.146707575816,806.100484541362,203.11594665445668
955.1792615779453,868.8987285029273,75.05361506673255
587.2013340871557,629.3794332987613,46.010762423952045
671.5668595402616,552.2916874375316,0.0
506.24934742437927,437.64405443720557,22.23594315957915
514.9104138815026,465.42735774111566,20.8639271316724
524.2490998650675,624.9801453888813,18.66185554947492
362.74121454941894,456.2078718010485,0.0
232.43585108543857,201.65165184208234,0.0
352.3728046450897,200.15170973575937,0.0
149.4673139935421,355.3599553589718,47.67894065454109
60.424954338868545,278.06762152280857,49.26774420033875
51.05235325249521,195.70879575045544,87.59870627320429
168.509606292842,170.21292011657707,90.0468712557824
132.93256961957815,101.29297015068933,124.4848867228107
162.31403344780688,136.07651479005494,87.22553997532246
36.114820460503026,61.866061912053944,17.353003637762317
87.70446687103745,0.0,98.00720594831854
236.14716555901921,176.0585897440181,148.404205766191
203.38601696058618,89.78096809019334,44.8390927624149
274.5365434176798,383.3632022958194,48.27447224594365
889.0068466770151,771.6102660776525,23.661527279303588
920.0693418609837,1085.5179952421888,305.89607131461185
1423.0461628888668,999.8267721263143,459.2504758209955
2779.590768815051,3084.5244801204535,1185.0319870840935
5425.502601760158,6270.779336958854,3447.60312091175
7286.633018318844,7923.328169489907,4199.891677497732
8515.600167439597,8090.730556639823,5575.760206416937
10618.976842003232,10199.50135954618,6534.808805004741
12334.821451779497,12742.258521680536,8248.66749433947
12337.108830574502,13416.386135843728,7866.084190393164
13174.95743440878,13555.582473393977,7879.0064121780515
10746.13235894152,12492.857533470582,7153.451380031735
10553.625437219265,11040.872770852586,6858.823334670286
7568.162601989419,9559.709495154504,5886.573413877832
5955.433474027036,6873.295627880734,5009.505843663237
5614.238258505392,4896.222843033839,4920.842571734652
5871.644651390619,5562.889733656355,5839.043221565547
7947.894014216884,8219.150103983993,5991.725331818004
7263.409332822114,7168.063442554146,5542.316939532659
7141.88700990082,7312.8120686822485,6741.07673003305
7813.8166665003355,7997.304523074579,6747.567352860559
6851.129619129341,7860.54990896519,6531.9451296664565
8885.810819818673,10042.512911977887,7118.88894268818
9507.019819875284,10616.691486715717,8278.925383917629
9616.365453594266,10756.417409619577,7604.331988524542
11172.034324085751,12604.861167265617,9012.32064395926
9846.632444973282,11692.659736514026,7879.452746607652
9015.935187256813,9656.829188489986,7411.552733262934
6798.040493996006,8235.660913784803,5368.516294010088
6323.282512286799,6009.008640051637,2332.9380738699806
2883.8424281151983,2968.1563175758024,1159.380906626609
1406.3021806820466,1718.8222209518085,527.0406435849105
776.8291585954603,1116.739415249425,440.73291092320426
587.9111066638069,802.1772592840332,772.1277690731494
1001.0591657114694,790.0876673195223,1032.8346385857826
1797.9323494083394,1970.2854433653147,1326.0344071271284
2745.639021510986,3422.7222309306508,2697.7838732493
2419.77031066517,2757.0010224847524,2454.1788634799223
2647.954121309751,3200.8181366058866,2546.827477945544
2519.2036270542953,2967.289038975823,3257.215695705292
2372.754396516295,3255.5310272593,2111.3147838663954
1902.1809415407324,2203.254474756032,1034.5647991938993
1460.2693379636896,1590.5695219876663,847.2993332927498
1116.4945029164155,1241.821996677958,1009.2046305591784
1222.9374213545564,1020.7687552988355,481.1106964698353
806.8139525237982,606.7403767191715,139.65995959087883
550.0060512644598,144.69048291166206,35.76195933688586
730.1097613219133,185.79165727937632,51.70271970711808
653.0067884357215,293.3349506438164,188.88229644314367
549.964965415143,210.10698430625578,155.25941757900426
612.6383603851708,222.7769290086373,141.7883794997123
630.0829849979435,485.81866781807094,204.3285782012608
728.302632352622,583.753946141533,176.54525979758108
836.6009269857267,661.8781214098526,192.42940110698945
1936.938629599234,3858.7082862628563,1382.3552684511774
2646.3309457078244,3026.5609027347027,1567.4044227592442
2923.752150102788,3529.8498624452905,1937.2363987082824
2716.1627633995877,3332.562987400995,1488.1738569690597
2297.3858197219765,2369.8551879948445,1313.6467846693213
1691.0690816120002,2329.0320167188615,1365.4120844454058
1500.1269217268373,1623.8525504050963,1220.0214268244852
850.6647121479879,809.9607744201596,273.2506025101933
296.7633904879719,199.02954449940185,43.50947571025267
355.3014584289342,211.8122636109522,733.0504863872857
725.06275472941,409.9950902291694,857.1812520215078
1569.833125528695,1478.548046603475,2225.9012372668763
1382.3046060976744,1732.5927715889713,1150.903112175952
1015.419931946621,1340.1316887028456,394.4949498993173
248.7890838984475,146.1077925957608,10.242780619529494
156.47823033023354,0.0,10.917439276279978
230.50634969006055,124.5323514974921,62.14546933982396
256.51701961308186,133.2633654362509,37.65757013446422
307.48001723775894,210.9232807308267,89.71067706428379
466.30129106985476,258.7184379409377,64.84061550637365
584.9725792793088,312.25586463719856,118.76497166999629
554.6039896874435,411.1402974052296,103.81996541418448
620.0457209525765,375.81193622922234,263.02282962786126
561.2240412882571,441.60987655042095,204.3966240047401
404.091221156277,292.506968547675,47.83331078759434
478.2568083131266,313.9156816037037,61.82082416252094
530.7196511266216,386.77386346852467,30.66339444361624
378.23454580300523,354.05176750799563,33.15405833889292
279.7150846028532,309.32917957241267,10.051722524175933
291.000124029931,204.20244144847985,16.490163804122194
234.33258304244464,189.5475450893332,52.63981889378259
169.7665870534908,133.1866833293104,84.38090565649124
181.86419312178478,39.99428249302209,150.54751798014118
111.03966705834864,91.47820847913691,143.25323045910926
133.58015018667294,96.75293064224789,207.60494647378707
2.7371970103717693,123.03330599006513,116.85588772819284
75.13113860788107,0.0,66.17824599007633
67.84201377542684,0.0,68.44568535299682
109.82280498023812,0.0,48.995422681657885
122.30200107658479,30.697723033271647,34.22646142606187
445.6928473371405,153.8686961290517,119.047791309223
197.62254379891476,0.9441118747042934,85.1982178772251
271.53873313754843,107.7302661678493,0.0
600.4195860683301,343.25175469654886,0.0
559.0760896334725,113.29216180259561,0.0
503.8174141980081,184.4952820112379,28.98666731096956
558.2453823668285,149.90328012379385,101.52727726330352
290.582044437711,117.4480974253564,5.80293785044416
400.3019749944327,109.213439205684,1.170356358192506
189.49419834563588,152.32635054805147,40.83073525758255
189.05264766098227,165.2819865495357,50.56899179686708
233.81572040353012,203.68872116044585,40.63965060716284
137.39866837133673,136.30522706346622,35.656667285799244
198.1261421744463,109.9996358472229,38.19171754260603
128.82457572222964,85.39359637941249,47.11187387659383
152.64355756497946,11.113053099190944,20.618446918076305
0.0,23.003025381200402,42.2079666602658
33.11253902066818,16.375460623934437,13.639307376334674
18.421224640137147,0.0,11.177628050372231
82.76192687141801,46.043393152215764,128.68443464749475
63.714856409959694,29.79942444112199,11.992147948804073
129.25467813499037,14.875923075765696,21.00115212664485
32.6927306655843,65.19932391510106,0.0
77.50354623674147,57.74090704425602,0.0
182.24021549818082,51.2966233080304,0.0
257.63555653803576,7.989652542193048,0.0
561.7533181099059,148.87137389919667,0.0
528.4799353109131,321.51189887494826,23.102960696128445
408.2215257555174,327.0463443512518,78.43876186172488
690.3603140998617,579.4571968412089,46.51000839881552
434.20970593567483,185.47999025145143,0.0
480.8071366261457,321.75724653253695,48.68881840760984
542.3037865674798,160.9166798621952,0.0
711.5718449082548,164.37986654949225,224.1887662871753
729.3889037020972,288.94536816983253,283.5190712822092
1182.373952707556,462.4406195956455,71.610234417764
1105.4374587481286,187.9135150307075,66.32081510437958
879.5814346040943,166.40711101484658,95.962605381488
308.0224735094661,69.88246336739176,0.0
119.38146202370926,0.0,0.0
36.82726810578258,0.0,0.0
17.348892538683348,0.0,0.0
62.30672405043704,0.0,10.503925849545702
292.3786691928384,282.24910325960917,97.84539325709962
319.3590552949692,330.2247234279278,139.07698379744022
308.1086175254666,207.00386628626018,3.721202480915649
160.3587097180941,69.98936958852953,87.21550565072567
168.15544641337343,0.0,70.96867133345073
480.5666465598804,384.90897013096003,0.0
1320.405179930304,719.724155233075,257.5675837878226
1404.482419263234,1229.8379618970393,1046.7297070486914
1954.9048104466412,2475.8400515744397,1476.002798578548
2795.8704743297867,2767.8386623786673,1786.508883204899
3004.2941057704143,3181.8602621155155,1840.0833809907947
3519.4918255868033,3216.9837759942793,2217.8547975148545
3386.636573129562,2897.285947049293,2129.7702632542014
3428.1088850524247,2882.114920075999,1967.247711975684
3375.6163345084415,2720.831253608458,1867.8937392458488
1901.373122373824,1409.308499668783,1049.8330486848229
1319.902238588802,1022.5648997510574,470.114736977937
590.7841269201625,257.074285898781,99.41445057269026
362.5916645993006,350.8374438141843,37.42469670621175
227.75027519033412,140.69224583606814,50.4916033157708
56.9342176874848,33.451777975537496,9.335131408246792
30.204763303113246,210.03505616635002,6.418128877150093
0.0,130.45433816224565,75.06960950359091
0.0,221.6255684883826,67.1696036270402
0.0,172.01237269899048,207.81327188024025
0.0,111.1011106691639,180.48018669044305
2.9149303042020156,166.3463587878038,221.05011001966983
0.0,234.64880533328176,547.3263920501474
260.4910850836205,311.20692469185815,433.48481129294646
431.0087406825131,311.7312058062643,461.8925066576584
610.8372719997006,405.24613047719606,509.3955492908536
684.4271809262513,458.05806046157795,454.65129967465145
666.2029652667129,365.176110462538,505.419591464542
422.0624870177747,324.38955824607416,521.3506647166363
529.4987122329685,471.69103405540625,429.3791996891168
575.0277754380872,393.11145718158974,502.49179010471227
432.29813863160723,394.6776691810685,493.2473014299382
658.9428841459287,280.81818831643335,383.4128120580113
748.2398839334033,559.3434912488624,440.8008601998626
1047.8577512617233,843.3443411660348,432.8735848063982
1358.235366412053,926.2342228091669,252.43148598519784
1444.9921805455847,930.4614211297264,219.37091163240828
1632.4328525820017,1018.2380993576107,275.7318511604685
1595.239047819735,1656.6086059675247,948.1187739577632
1402.1991315524876,1275.149979536475,545.0924838638075
1374.847843546918,1486.4742099597872,371.97784536745166
1320.1567687178492,1244.2625925661064,75.06722395537072
854.7999726631324,612.7418448613812,127.15131313926264
663.3941622308143,151.18253982161468,85.62533071109225
272.6829003095644,6.851465658625521,72.66726585371077
170.8670499900824,6.940209218522751,0.0
157.44890975594598,46.39161104216171,15.831136135496513
306.9527673579284,149.24817868233148,61.64532726515065
146.33386819774466,141.0685497125909,123.67127394283996
378.56734106566086,132.51995581381755,42.2755305142181
325.9276637479523,184.12338394274713,0.0
375.8541797150306,160.36201789280724,0.0
324.09232210656745,117.45483453983725,0.0
382.52190965444913,282.93729024105005,17.020779832668687
2577.518561211097,3310.0974815912064,1981.98942812472
2883.3466341030353,3712.5993531260565,1851.1873223934588
3498.4013221260816,4493.735566235476,2099.652810838781
3962.3451386337924,5703.506575171182,2309.967133535116
3794.8884734260455,5350.000793281817,2361.9472714095914
5085.00974722534,6453.2819891917,2760.742111432869
5205.958209101092,4481.943493192133,2022.7743936890167
4161.329741324782,3181.7790205810315,1015.349986356186
3213.749437357754,2312.4344243296828,803.8923765941296
1028.2666716896395,836.5593835351185,581.5805550599215
1115.9403688995983,865.4830948805829,735.695352915714
804.0792594795819,683.1496618204054,737.1015814370311
973.7105988075828,585.0896683779025,933.6764889129828
661.757897245579,199.87882237774312,823.4089359718172
293.9349047424668,0.0,59.53476900766515
0.0,0.0,78.15816883058204
0.0,0.0,0.0
0.0,0.0,34.825926640273565
129.92919113479104,0.0,0.0
196.51320218787072,0.0,136.2284059187777
597.3966879436106,150.11576754618972,281.1385556416207
1134.773425630273,634.3340000783485,100.88121615919094
2401.9648428233886,2774.397642685017,492.847077499731
3103.3142877043247,4231.242866340881,2791.09426961277
5807.587713648594,8248.697907041316,3644.766116557282
5550.892445097403,7583.041272612825,3962.3860032129305
5121.440164130927,7742.751518398047,3568.8797397659587
4531.799512755518,6508.335791448191,3179.4238034786704
3718.4207797086715,5562.082343751538,2450.700403951394
1536.7892800513164,2120.25243527488,652.1092438109013
880.0681919651112,906.1746229837503,434.9131684898579
777.3331828979047,915.6693330811835,410.9908690633976
1271.6670154544126,1629.1017529338992,692.9738435438011
1650.8895051269083,1778.9352382150835,979.2530316590158
1033.9537119244078,750.6076827630665,905.6454028484236
1624.0342335707674,2060.406413860674,1341.8218052895131
2922.064345060335,3231.7597615327477,1855.8078954448804
2816.8783068948105,3196.205063708669,2243.329830329701
2700.597849793967,3199.735787194515,2381.0678253801625
2568.6991103187765,2272.286374791026,2085.290813348171
1453.4836704375834,2290.3401638716387,1435.9898234372652
1227.1956286504892,2336.6681380005407,1348.0290693316672
1405.0252668277785,2597.395475261366,1331.1569785046304
1503.2416656565417,2526.232993688766,1709.488334201325
1932.8237968622948,3721.956192010631,2000.2876251931727
2842.787443408818,4904.536443178103,2286.9136189605065
3222.9464805048888,5372.460511942153,1987.3310203290828
2478.822152255282,3303.321067626379,1777.1710164006672
1095.5879397779215,1182.2704346155515,444.2774257449007
1257.7860808581,1299.9105638594094,516.5196885965574
1106.2979667777497,1073.9453006170343,358.2062759603852
414.4568195071457,536.2052778895743,355.9321151191478
283.5518266997597,540.2179565273384,194.0351691367612
323.5804791025832,708.0315324610492,220.4716752999692
297.0935288343459,344.1607820687881,144.9007106377883
357.46752323587907,200.6309059333524,84.13968072156048
392.5142386757627,385.2343021736319,97.03674296770602
457.267830073853,467.3870427003589,101.64723228226283
463.3888052470236,342.1039482448728,129.27400753796567
493.88370831612485,458.47313420471926,163.2795201716225
746.0472654917185,810.851931699111,420.529475687164
1086.6182869975678,1049.5052620350784,1069.8611163157589
2177.3276076021525,2268.722091493959,2097.648149043121
3063.0947316966976,2868.2100051190646,2916.7827293786268
3870.046472232844,3760.711733857128,3206.8642584220074
3909.429276398211,4610.935491877825,3032.5053575002976
4541.096448212471,6094.604051317284,3395.5780670156773
4571.759881844715,5876.671052897423,4938.7738958942255
4611.49775148706,5846.2067130955265,3822.7303998284447
4343.540828311276,5093.032068463823,4365.743800539844
3711.132515313387,5054.349048220962,3480.961087161046
3597.050938096041,4523.893956188416,3790.95011861562
4753.813103469659,5679.703228699062,3095.3743839775275
3489.53231475908,3853.5069041739284,3193.315260645488
3477.9810878505787,3734.2502253990015,3170.3051549931088
3509.954446955345,3675.316143163424,2926.345909955074
3381.869716925296,3130.3960136736914,2347.3497040940665
3069.2911062659623,2550.1942578676476,1507.0057663390642
2827.6151441669263,2576.1690862461064,1323.649426875468
2812.9655252031894,2656.772963419918,849.093943602274
2200.692490934168,2123.9230486146635,382.4161116505179
1039.6342146092675,1203.7827813577717,162.31093232413477
836.142737763719,1158.9584656004513,41.610354317409104
490.46684158826866,625.12964442627,120.26576464685876
263.30934318747273,419.9614878738179,190.92868136459984
276.9333563347677,305.4229315331354,197.14412811280505
187.1145668143199,132.1238130328814,63.67604149203768
217.0617026078261,0.0,193.47234620011932
183.11320158551456,0.0,154.03963942150423
278.50702193030435,22.424279559860256,41.36113131259325
711.2466522265653,169.57338329025262,0.0
916.4052986047647,438.68332989515227,0.0
963.4812489580648,550.7483356876733,0.0
1291.727652200856,921.2529056815637,108.63191281806962
989.1016212515214,669.0058859789716,13.60734162633327
1076.949516996874,573.651499539197,60.51854493918352
3187.817768635463,3215.0424527514874,1384.552875403848
3321.2123409815326,2898.941206420398,1007.2815479901112
4375.694079915624,3898.8437848242675,1648.2989246926293
4146.65862688085,3751.0423186457188,1656.3272258992506
2874.931089797057,1787.3409631968607,1610.818328241227
2676.007967684309,2207.3671178862437,1460.6096601363904
2356.2878384072055,1577.1473585474125,1691.3205925713414
2403.3828810580508,1433.7928052377015,1016.8742596843036
820.4108755717342,394.66430168060117,61.740564951098754
892.950963831037,479.41056344652077,0.0
774.0027773774391,579.0304974334784,84.37188835813035
177.48041131278995,192.59877755627892,82.88785015835994
197.43076867679937,7.492308717510664,17.88814214359752
440.029050852725,218.27792379272137,67.18223727105976
498.0199207051671,524.4111936350199,350.447339937842
0.0,0.0,106.03622654042616
93.94292855446875,72.97743844198268,34.844714353806324
228.77406233585268,448.3484634822233,158.74231960898976
0.0,84.79992732301773,38.67395146080728
215.98519673234352,61.44331482540578,60.93522161257373
226.93402926148724,165.14207503864205,64.53397074043266
285.44479063060476,214.0014630769947,47.903426353266354
262.2679492496347,226.9183417216469,97.27966703344674
291.08544936363774,202.58922709896353,17.070085794564957
1116.0631295107742,1273.298944680044,478.9483621207551
1468.2239654667208,1790.5763957833528,724.3763752707537
819.8614709450952,810.1777472495965,9.080354061481096
1240.8625000496338,935.2280138976319,507.7909130735174
1476.5111368721664,1587.2334259320512,631.2933390292449
1666.4469574355471,1387.4881739751502,695.2908551231927
1497.346146761391,1349.2830208353394,589.9176277623737
1182.677694008969,1060.8451029002235,220.22823902940743
853.639479221773,896.534649556585,149.64511736083787
196.73029058355561,383.19468106658803,453.6892734721621
303.152235644019,377.95827239688634,280.36881060594675
115.21571585984854,33.06787732988286,5.468600475058666
247.43903925559053,268.18959578324785,169.37314905125902
194.276497731977,149.54897046461733,116.0825364431971
308.7777089154596,0.0,54.33545408851897
60.83112905332891,13.653404633651883,0.0
207.8666030451464,46.358723922182506,0.0
204.8802505310427,14.35970650962344,5.40873304883574
213.15164852198134,347.3839651726033,50.68751705927613
244.7854525249242,159.8670580461781,0.0
257.85399214902685,292.0132953749625,0.0
294.88720204465506,378.21877774403123,0.0
923.2248866602552,1215.2319274621082,270.55823551006466
1058.835808857842,1370.301779358497,489.685270278258
5896.087915726613,6895.516277114973,3034.122961507021
5781.146774548489,6840.787893977939,3103.9129960520777
5022.163001998018,6821.856782630952,3187.892337685192
4291.664091749072,4860.188335751238,2924.308161233567
2789.2126713578523,3763.880660561693,2047.6027923631025
2027.1468811558643,2580.017236047566,972.87506187448
1640.480965234848,1806.5390275069103,730.7972379048682
820.8704057944177,800.5122029832111,152.49096537671136
186.92324642516172,350.7986186527852,45.80445419823997
1146.9598388762226,1064.3615519814848,1241.1887540542791
1280.5012406198166,1360.9625705803235,1242.8940450138848
2325.0014404524163,2216.6954589457964,1466.4278968675433
2621.0402750128583,2289.8650408242415,1920.9866811406853
2399.471765290507,2380.102086871316,1537.4699550946166
2789.29337667589,2889.1672429620503,1793.9641723374657
2696.158842055733,2581.115086399954,1697.091962035143
2895.244976615173,2880.224942148132,1980.656386336092
3849.5357523720663,5172.483086935513,2266.569754884515
5804.566565677491,7837.003749311438,4382.329056668994
6504.947456631955,8661.704652297487,4155.321722106419
7639.340430248033,9708.831402912387,4693.826275624143
9867.059944376762,12088.621590143277,7167.744137048935
10291.027747079768,12692.173409992069,8615.563672658494
11260.447356784043,13607.846982914518,9062.56817638468
9733.430610402447,11699.56739928707,6151.858304639872
8958.587267087123,10398.603533113508,6130.503225087356
8676.456695986617,11337.766345113569,7003.288362392089
8746.710652699148,11315.843535873812,6724.516950985983
6824.551004673255,8117.27462437223,5323.693410383205
6540.129225138562,7783.857036585271,4260.43052591248
4802.845208038372,7336.672102369463,3349.3157484057574
5405.196552976171,8434.246888483282,3064.14563879774
4451.24576895563,7410.11907913996,2569.63633904268
2187.7126465650945,6255.890918507207,2445.877453477329
2582.6760174437045,6224.712725643588,2915.4474586325287
3915.5699186042266,7300.434450598437,3014.751303337101
4640.294915962431,6925.243179018979,4395.485812128873
4853.341249237602,7629.714221086037,5237.121447306494
6510.957396628869,9617.559482729857,7313.510368620579
7466.745697427949,10789.266917026884,8306.312300539104
7751.954228621979,11762.48683381219,8743.256023332115
7286.24738417848,9243.599899257099,7025.085783079209
6740.970293492622,6620.514538359431,6494.585859000791
7718.76973046369,8774.259950253494,8518.878444263233
9031.095021033749,10817.63640633805,11060.00491440704
9068.038026604367,10042.855764569844,10835.872888768505
7153.635109448603,8901.18657025271,8749.096028329426
6480.058641347061,8132.351535795935,8571.35159433694
4795.917332355155,5739.569272002235,5008.988937817288
5037.546818891659,6234.499313292719,5452.148570197644
4830.677654074739,6175.916598658576,5799.440647991394
6051.074363073213,8900.837937695158,5439.608647391485
7104.469585023585,8993.006045991298,7062.660011178345
8961.540024526306,10260.861219374761,10368.29996830168
7745.5987539513035,9972.952684849257,8951.273416572412
8216.974473479626,10393.821589063691,9418.480390325863
7581.399035737756,10009.52975731934,9043.302422203384
8099.729070735403,10487.238497459872,8264.065258464425
7856.453674316206,10223.247101469415,7891.321800369178
7635.151073392393,10348.818116813578,8422.641822664626
7909.592155511173,10839.31208009117,9854.54564822166
7621.127288704525,10169.536743725928,9371.013586826955
9012.12271870924,11138.287856520301,12444.330737231743
10068.580829424418,12937.046959181811,12798.14228594575
10762.483710045532,12785.599105735979,12981.635197401529
13220.419846540955,14754.130280168256,14669.094972030509
12864.88026669897,14057.572373008727,11854.426149591496
11932.197112775735,12376.63701736266,12409.051811793845
11531.772346939902,12599.27121398394,11645.771549843916
7703.644903497767,9723.371198385057,8601.46803803991
5733.401504104993,6965.921471343709,6294.084435024789
5935.847857156854,6492.220692650742,5330.138238941935
10082.935873709072,12804.53703803247,9991.221659881112
9436.994894472671,12088.83132631034,9328.970678560294
9583.858019223919,12380.137352765654,9307.6399673426
8735.180465935755,10862.608702223773,7811.391983574354
8541.9999684959,11574.007690548073,7412.682745218017
8089.109698853643,11944.955477181913,8363.179050391243
4822.621723535623,8301.063097614073,6050.665042945304
7139.437750924653,9578.761250156118,5472.912928159949
5076.836324613406,7965.946778371167,5151.962914570755
5912.976145998825,7632.244577354593,3992.327217694056
5792.140778614678,6788.908051947334,6210.952544929461
5868.666802712987,6990.149703143705,5107.791719991903
5938.922217442715,6489.113636313937,5649.119206161514
5612.41869168936,6811.685080960151,6083.59683147309
5987.165098782465,6888.247950233156,5315.603581672388
6368.708954257985,7773.0050091682215,5117.936237529268
6775.114422188255,8064.177991138085,5432.140938620143
7276.231418999438,8355.657641757894,6693.421769354543
5717.2474623727585,7620.615322415873,5150.426897028937
4907.347628982508,7238.1040358194505,5128.801520856656
6225.789976425532,7491.662228442396,5749.183362005181
6751.656356029943,8306.07910046597,5970.79826618034
6825.969155626335,7871.125045955471,7073.2400716415095
5845.191413939841,7490.7160734154695,5322.047050340951
3693.2095983312574,4513.95877549068,3145.2736116905107
3116.778310972798,4155.944999638376,2449.7472108505326
2957.0901049035215,4095.3623370408955,2178.2365799456447
2735.315045347705,3438.6063984906864,1919.4273022316825
3957.931434799717,4165.227101991149,2200.5761351293195
3239.8926872006364,4388.99116914131,2329.069168725728
2756.0353041671333,4048.1897568904515,2339.9105056170283
2343.913025085826,3530.482702900061,2026.383829613476
2747.754749319212,3928.0225628444196,2335.3347716560347
1525.9844057327662,2399.17130297243,2548.1751759401777
1410.2446155586927,1982.3178318299613,2670.451714836809
1503.0537264911115,2244.3985717240503,2500.5981090682667
1210.0988809471871,1711.1749104553917,2117.608782191249
1013.3513401549271,1671.4138967697506,1685.8379731915124
693.4879404365458,1439.0435181758162,1185.5333364522464
597.949300196431,1339.718556940374,1178.8253857371749
691.5175721203783,993.4648948471249,760.9641844024652
677.0482687937092,1005.442205269464,147.21548757966318
901.9766527225487,991.594936743807,162.83413099972418
967.1253741558421,861.7571983873174,178.7467366149958
738.1881794283942,857.5243436134145,195.51298764897024
794.329182389258,965.7794103758383,136.76427493840907
914.4901595259789,753.1681901982472,27.48579934046376
924.2130131256524,977.2832602415239,83.95438668599316
696.1131757393008,747.8771858267229,87.18872504789051
608.8579864762461,624.1827831746455,87.01887842494959
696.25713215095,349.96771179971415,14.05278243605177
444.54513391782564,394.22758665828474,98.8784775325241
731.0379110601466,607.1066832424824,57.17829300840611
928.7443048636222,863.2292621745152,103.77245738096204
1123.5667959518325,767.2594987197418,53.46071743462637
875.1673629813657,609.6566362129854,6.789737124318421
533.3083893648787,557.9411110423559,0.0
195.7758174587852,157.01545912673646,0.0
315.1123974687401,300.5928428938328,0.0
195.73732586168967,99.13285832810422,0.0
188.52778443576113,60.164204481812504,77.287011469
52.33181439194202,57.12819787514407,80.85982443322644
27.659606328181837,3.4861959623668035,72.69183670143565
31.277871373787693,74.0812200173895,18.96466328329577
82.21769440635839,120.29600024468832,0.0
65.91314154193456,110.8098524992821,18.160593960855262
256.9895717535534,212.29559774675621,0.0
326.1138399657575,338.7695066079149,34.79698083926433
303.13261694834387,358.97783796904633,32.15880009147845
815.2197673552279,682.3197413955851,78.41766994897334
757.1090773147296,545.7847981979547,126.88602144144711
768.6593679572246,760.276520123353,85.06050524930069
1491.5150306631915,1134.4643873064776,246.71642867674365
1364.5813804167326,1185.9338815003948,538.8517872336733
1118.6588294738906,584.4638653619078,194.48524706094145
485.06307615097023,508.05407578823866,110.09447994146916
427.8867776215363,322.0137142792847,175.76666960383238
316.8486895739394,339.60416057153765,106.9728091915772
551.515298314676,585.4335350147799,137.91643467360151
298.2933244799436,129.97603961671823,98.42412078689432
79.03416426467427,91.95498400134726,9.468016936866508
11.299443583947028,15.94310766162546,30.2435233463112
15.217496919885257,0.0,0.0
37.17843315638305,57.935714862286524,0.0
45.86985121075134,35.47029180789883,43.22388945502925
8.037853742990182,0.0,0.1094666962296078
0.0,25.346398136138756,0.0
34.82472009411834,69.56385356598403,0.0
171.2999860491975,54.969413547076215,0.0
217.42790984759958,173.18579716584134,0.0
166.26713560555416,192.7561791167285,59.541278406782
308.5632594589566,138.93275820649416,87.64798142808446
612.3694037756527,383.6320752013477,69.4113871385708
1133.6200244756628,606.2212169223305,236.05681334862737
1034.0687341400176,850.0623807816087,477.0422960973331
1657.8172053416731,1135.9807857797898,514.7685468232415
5567.754248290138,4712.137115547179,2593.307545719925
2818.54284055493,2799.291792570525,1696.9870398149276
2522.20201272359,3039.2986077324317,1786.9839784652388
1886.3011887076698,2136.5016367815124,1589.0502757446966
1756.664759227125,1455.9574484376412,951.953230682715
1030.4680561947525,936.5018798266501,507.31071188469616
854.1293352087944,486.63792263171246,461.0990071963448
1083.5757748051235,604.9166806796887,499.0575180863335
656.5145209477246,240.31443535262832,185.72822870593427
348.16253603167814,465.641061366364,205.1181559161264
365.45657952643387,403.3529217801724,175.59263610499525
432.38365285421895,419.70760317258146,214.3294780629811
90.32471876420594,0.0,114.37506508875126
852.8830865580337,311.6613416336131,407.16002385975855
733.8443878188184,395.4224661742046,172.01929109111444
784.6112876716916,500.1538591768573,440.4273227568377
340.1520047278079,444.4240848869626,406.2384438434314
989.1838015603414,845.4278040652985,295.7292612272106
556.2277341970439,442.8750517202312,128.08844726339632
939.9119712155743,707.1822676660429,298.1722528380634
639.2881050985023,347.80175965851925,146.82958386130232
669.8753960830902,259.0294603754146,325.9460804619956
661.4548183072635,219.33044859680584,249.52899830731027
762.0249382352862,346.2537379402904,215.59519398675727
1458.5543623818749,1475.3863061851782,455.0966146453495
1387.9116294378628,1034.0469904251556,455.9374924662362
1274.4643240550643,1023.5269637004832,220.6172805718126
657.9325885479085,587.9224841749235,219.40524528287287
625.9452733207547,596.6188665368162,290.1115266070562
482.6678518961106,664.4383838065852,514.6098798453683
631.1727499044933,578.2572231814637,166.3538895038768
596.7387401100846,684.2587944028896,381.9892306233916
508.5346209625323,618.0481818920358,270.1432920688574
199.02221704085665,158.65209641355034,295.7488183333784
166.6943900915772,273.37227683819305,165.00425635813104
199.2353782548114,98.82557372406875,0.0
143.98187941390108,60.179516886722524,0.0
195.74369304990398,139.41166443551955,372.3647152569289
581.6827162044162,231.63941909786217,388.4342388042732
743.13959915551,461.0181513091267,580.4013145235662
547.7033802408516,523.1059840357349,582.5343598117116
1013.884364573689,951.9184663333476,941.8993793505716
844.0293074131438,1163.4085760402234,1176.4473029395838
1109.2443413910978,1458.0915833836584,1266.943044411308
1335.076837629648,1616.476940956425,1192.125124372609
1356.7202123958257,1830.082999770355,973.2589315091192
1371.436722234708,1611.421239189633,934.2180317883876
2769.176290717752,3097.4620258198483,1626.141681084234
2561.8016814667017,2917.143101753795,2102.231452087931
2628.60359048314,3080.872120329846,2059.4207903807155
2219.427682354707,2792.111769055832,2039.9661478130065
2668.5993386657083,3520.064139916382,2256.833866551813
2972.1372340456387,4403.074047554744,2236.244371665808
2867.1575863739445,3985.8161084801027,2474.8243160106263
5651.962353236181,6701.266314846238,2547.1317259779653
5239.717732358855,6748.473325880003,3194.640149921692
5445.8804460939045,6583.1751786524555,4217.677537579589
4604.939257879083,6303.303178815708,3754.459311082232
3955.1113272365733,4885.621811314093,3032.191854599647
3304.6230412889113,4265.3403428952115,2297.580612474418
2759.605697954067,4128.505713180187,2067.592608299504
2051.2172824996233,3895.5461987117415,2384.710360185578
2111.8348318526837,3766.8770770760366,2874.148380116918
2121.5219619222726,4027.6406521597196,2890.699834461029
2007.944224025827,3870.2568670159226,2516.1996546570267
1748.838300455911,3427.0816649547637,2648.658646007188
1898.0896453064977,3504.971795777682,2293.9062698717416
2434.412102429419,3554.300463348304,1698.9563525336723
2518.6335462306356,3531.3677236032695,1696.1825256260008
2217.1360329610034,3559.0346560557605,2066.712284991995
2396.134380741051,2923.4460563910216,2041.6783391157871
1928.420800313828,2219.2737540539056,1364.158713527055
2592.2048936513074,3544.8552877016823,2091.6073490440167
2254.8302766799275,3257.5131941966656,2009.306225367443
2309.460182265181,3310.508226605952,2212.796132298617
2575.065810083185,3631.9197540559226,2202.5028703076628
2341.6631631498826,3667.405789514057,2128.1851440093924
3384.2282998284336,4016.193972701356,2149.609097396998
3283.1577095541525,3985.4824023971805,2279.516378065978
2627.68534298316,3562.4386442506293,2171.988705643184
2376.915930646462,3467.7236685733787,2373.0112208057035
1298.7039627444756,1944.4962951221723,1164.2370322854786
970.8415346669583,1454.643701108391,1231.916912204459
812.9128679693886,1268.4452147138834,1185.2033677834906
827.9001598437103,1381.6658145571955,978.136070922142
782.1246255019776,1307.6133692770366,1977.198297588884
1000.8508464644071,1715.071689833572,2065.494544948621
909.4892407649994,1567.630929661812,1369.1883468672822
1327.992613472723,1841.9512403458425,2634.1636994786218
1412.194204035729,2037.773258279288,1329.1551570580746
1633.935082999495,2071.9074376465082,1197.7421291361209
1642.8130462485278,1855.753877716812,988.8561817561368
1216.5705235330186,1193.4610981247602,87.15696034977933
1605.8167396302526,1186.6086505399853,206.9687340945443
1202.8576470843168,731.0259281034632,182.95701498313736
1070.1092660246438,683.0496248200099,136.88501452945866
1481.3722696351351,2021.7976641408836,295.74070622773075
1169.0216188549352,1251.0381784925482,39.67141969284699
1338.01049550976,1533.859674255502,464.47981773665686
1190.6739740715998,917.3210084309078,0.0
1221.1979930996447,1394.6308524853903,519.3155643356414
1467.747169067729,1166.949952854601,439.9642980348587
1265.910834012182,730.4679824067924,474.20604008564334
688.5940374594909,164.0917320677567,0.0
190.57040833276304,153.06428741632197,0.0
29.2656346419734,102.32830523687318,0.0
101.36608364325056,40.470163881265485,0.0
41.66676785645214,43.48234560916342,31.04266434656148
41.63030037892788,0.0,85.3701762913606
231.69696295035257,126.71451855905856,90.1831995276537
0.0,84.89381455866912,0.0
0.0,59.66445150510483,37.238445262173926
350.3445476708404,273.8274054587661,240.4400844131817
1059.944595056405,730.9146818096154,264.13682561932814
1970.8682729535929,2140.484087681542,1050.6521630589034
4181.681763611699,4892.450132734067,2847.0747284397235
6288.3010000354025,5858.118539911579,4531.7993176105165
9386.880653259328,10385.366148285771,5910.495101801644
10421.431441533947,12130.815818959813,6650.861799468442
11875.965205660808,12409.63945860734,8096.910799690127
12118.210905321266,14358.764838173385,8111.685152408641
13197.260597282282,15249.67957905288,9903.040531953748
14508.452862532175,17775.448183526452,12138.19796166232
15169.77675944771,18536.61879491301,13579.21143738032
15971.348320165092,18788.650315428993,12452.360605417762
15032.247811914167,17584.113505814363,11970.37382304629
16067.96565381571,17956.856406552575,13312.428333749314
15404.20862477022,17361.50041655819,12719.73103565046
12914.468071164138,14885.562782064693,12546.2384735747
12231.21599415329,14717.934157086358,12598.487354048426
12799.332292552688,14507.257799740597,12678.044691001904
12014.987415471827,13319.484801164106,12580.768224444371
13112.694157114405,14465.585271691365,13443.530523150474
11321.580835021467,12853.656628002293,10900.515421424298
12511.990365170417,14314.871583567534,11764.889215594085
13971.87809040487,16603.963798788584,13340.48415828648
16082.01057139156,17268.401360463584,11476.592774528282
15150.613413418027,17321.994150821105,11595.860305242437
14994.7380197425,18361.625669647212,12069.45599098728
16246.009673106391,18792.29160361553,12105.69619354349
15581.970084683153,18601.645067753536,13597.283568370922
14352.494416448333,16749.28876673924,13218.63524849504
13433.887558828583,15087.7952510286,10662.039358602442
11666.648904845051,14339.466569604474,9614.857062572824
17770.97451501757,18371.464292173616,13774.758615393372
16225.539961163104,18035.232838637134,12187.857722136603
16657.280343624538,17355.180187969283,11142.52197653271
16929.342090632104,16703.390204483872,9926.602403505352
17216.859689498455,16465.83258667994,9283.607271263176
17121.190059346176,17866.959371389552,10685.009156631728
14535.260712207464,15769.229403683357,8230.178144832913
9860.290860064446,7261.164829906153,1977.185338488208
3590.0692870735847,4142.770913257746,513.9935023542783
264.86500068456456,410.8893038574332,127.83768185888464
205.2114228704653,491.68193119797655,272.1709215258435
313.8417989702985,206.175184941273,716.7520473111238
269.0380167803239,347.7725649804935,968.2855810153864
392.2056778031218,603.9286322076788,1026.2203182304436
299.91877706158635,521.8879546618174,649.918083939194
201.79644638211465,418.1424286945103,295.7298643419727
398.52986570870394,624.0313450308876,237.00101635693164
955.1610349072237,659.5908393985353,0.0
1364.143841975393,954.8530918866533,73.48600050039855
1436.680697280734,1209.202826250589,195.992797601075
1328.7321745128695,1196.8054498615347,171.86435801241285
1581.044033713203,1176.2296829796878,206.6377202195856
1561.7020414456485,1013.3414061076115,500.2031180916697
1778.8542536475657,1311.5776610438131,487.8851630631374
2798.4552220974747,3550.975974360163,1460.267242927868
2203.0362991499705,2799.882739043093,1916.743161462556
3063.1443867397197,3584.8526845152833,2038.2962071130155
4212.5628376181185,4266.744007049327,1895.2009810180764
4449.487213732414,4689.747698771535,1875.510015030466
4690.717857254286,5302.164853322269,2852.106033881307
4655.403934900367,6466.850129334306,2950.960796188594
4791.223570129507,6636.685740841807,3637.4676914263378
5072.14912507595,7136.802783824258,3569.7365989471687
4178.04331344707,5679.293442060968,3772.8825100024974
3459.943434761862,4626.092908445691,2917.4931091335134
3442.361558360208,4297.454657346989,2222.410908267281
3439.518983541406,3781.5501663622817,2289.4043655540004
2909.07544237376,3461.0814534176857,2311.780384119369
2722.765673029687,3628.349842056917,2324.472134551598
2794.3686860082303,3235.771864662903,2383.4817239537697
2378.0787338569803,2848.4951143872236,2165.1687997771355
2373.6691045457624,2710.887098353416,1488.563058891264
2066.687129296936,2203.925003339307,1299.01467368444
1841.88061899696,1823.9149836923282,900.0616683222045
3349.0594883977037,2896.8512727935235,646.0138022891157
3388.8450444201817,3564.2845469334966,791.4501425714129
3198.6800064463814,4128.262723576064,1469.121695581042
2149.30013393777,2504.843718569509,933.7767443958244
2007.1437382119832,2015.2777049758456,1075.7268989659349
2218.6616040479857,2299.4107477038924,1118.9166019635352
1821.2966868876072,1925.165493002107,924.1348290366598
3219.845585300218,2837.130908239271,1207.3656329643527
2587.8843843984114,2695.386713648233,1096.180537153139
2368.4181025027174,2590.365781446913,875.2910714798578
2975.8282476062595,2464.3591525411325,940.6593035920218
2460.478523845354,2465.9878272583373,773.6505523016674
1349.9600554357203,1386.5537984623443,836.9605199986527
209.61962589230785,158.15479258756022,294.12904567678305
287.05802217824623,162.60753663760187,267.6763154873232
246.28596626084592,183.2734221748114,87.94763164149971
201.86943970242316,84.6065592838443,156.03762925967385
171.504799544582,148.3398310688445,30.63143684144623
107.4971758568025,16.527214456048338,0.0
110.04291450238568,5.803496356083366,0.0
88.79928418331224,0.0,0.0
73.57018814164472,84.63676569472008,0.0
234.155648396556,187.57848270248022,0.0
177.26280275478035,385.51870607358836,0.0
542.8444256228244,611.3666802916255,0.0
945.9331022967228,1015.3638784088529,0.0
953.2880805392298,830.6262822395048,25.993237288307487
899.2048462966403,760.9809449773959,31.91194915397279
654.7371449892812,418.8837672117993,25.000544235127546
768.0017025513107,297.37369632041515,83.4756063453212
669.0148133176876,351.7877406444632,48.93686954443303
481.9816886359455,343.10210825779427,12.291922682147918
441.66076340886997,311.16312567776845,0.0
564.8513608626961,504.4223668727461,0.0
620.2260936001171,279.38865924961794,0.0
253.8967447785393,89.63871494766288,0.0
267.84418579776667,372.1662226114678,0.0
200.7955619185746,111.45541199331608,0.0
255.440639121713,104.11501697292535,0.0
177.54609798685303,204.3497273537285,6.135333964302054
89.46060230273146,90.15376654677087,0.0
153.77457652527124,46.21467492122186,0.0
67.41116289436562,16.382769818043503,0.0
55.370968711697465,39.64366987544929,106.5480352743464
433.70032748374007,123.45339431345775,25.21004119163188
486.52222016983893,241.73657277011105,3.930292725370985
344.0938537674773,71.43252576671995,0.0
559.615067545049,357.9093675529471,0.0
621.4481311816751,236.57603402413764,8.875212638087712
715.2392565431912,440.30465552884084,69.40373362281666
544.725494971982,334.03417812213127,22.008391720794908
710.2749570085251,357.77228633120296,69.50769748148902
758.2176244791251,403.74542553071115,80.68280068032975
525.943179102005,307.2113114752669,0.0
494.4257886680482,270.51805157733423,0.0
788.1054632110607,257.9923803724909,96.55801806308156
687.960836854495,288.8477674521932,96.0708915229955
687.5643007712074,288.64587834807196,104.37248017342814
732.5419474167853,595.7577109747921,0.0
801.9825205940139,500.2443366880828,13.446116400362705
349.31550098188717,395.61846346018046,0.0
245.50386887824754,0.0,45.83490009682519
333.0441088488041,126.7316249977627,0.0
234.6443254798132,72.26423523194025,10.684748771409668
152.8937074658906,0.0,0.0
0.0,4.913065567151078,64.54638918998008
75.15159879634346,0.0,135.6124456324689
107.4612967944155,256.6888799559082,16.71437126661818
478.05861842093583,324.5129383519615,118.57191049041975
484.33514232519246,379.7403893522538,141.87672747412222
179.41296474222295,54.28102967959499,129.433514349701
120.94788973548046,64.5409716831757,69.35008794728793
161.58358435292274,182.78670674309842,23.00937890328462
136.42047355869383,116.13097352250608,23.65568210044625
663.8484229184114,368.0197656323784,134.5152051329922
911.8534245423189,418.71483065389697,228.6959404654647
2781.0371320339545,2138.7224198308522,1113.9971234264094
4864.106608933359,3824.8701999426576,2085.8445650923345
5396.270249136476,4299.0843499222765,2243.35198468222
5111.760191661642,4455.362564918187,1826.5971406106005
5273.032877826432,5278.910896104774,1565.8294727976895
4443.646096194739,2646.4524845109854,1361.3281450819322
2939.9346689745685,2496.2079875815625,1993.723401319288
2772.0289171826344,1895.2964851085192,1297.965651291873
1676.8733727517065,863.0497886388692,602.7387738068805
1394.6570283527572,886.1879379257092,621.2856248799412
967.5420373088232,505.22920989621247,438.3574941622398
102.29634316944582,174.5530029846019,67.63629084516323
55.46868410373794,56.936210798034736,0.0
4.0085369706230285,0.0,13.671136115162229
112.79673960249778,0.0,0.0
124.46352134910218,161.80892238324824,123.5926764364944
422.72068092315845,383.06693440174723,145.81128603446015
966.9075898203275,598.8355718593772,111.9660784029939
1066.956528828019,749.0443728880505,116.91739384499968
569.4248421010914,423.66947473683405,183.2815258280237
653.2821511096988,490.2233270307588,305.64733359256616
1465.8443188061137,1130.515038320704,571.5964637290253
1324.219922285287,963.0541268178985,660.4803597131862
1226.195955190782,772.4698613884946,381.16345289984366
1048.7316924141428,612.0392443431243,287.121433298971
1057.9733299545685,831.9889629662952,113.48179650984014
1083.4717364063479,933.3684287859614,330.7833491476918
747.3464942654111,646.3326534368448,67.71413120261062
1110.1556838272318,769.9336889655426,380.6334579943948
1032.53350166353,1058.3549220159134,312.30639063335707
884.188943198585,930.6910002928195,398.8095057877399
1172.4159782875988,1105.298060841828,107.030785350656
1309.4562119271336,1287.28889822204,130.46585290060284
1061.890331820871,1352.8204870644813,120.80905230586944
1007.8083712053178,1405.01949518478,147.64583682327594
1617.3982097880526,1855.2184063643654,633.6625812109947
1001.8833044793244,1649.7602359442599,952.8550725072384
1041.4163279934705,1619.854391815995,936.1966754326378
1161.5022657663264,1915.2365159665887,1221.7299469787224
1752.0829825574222,2327.404516424067,1008.0042541919836
2085.956571762875,2771.077762406084,1511.3440969162552
1803.3977744152842,2175.4343324737843,1204.1006746925823
1857.0519430512893,2105.3393314482537,1417.7398591166873
1968.0033511532026,2141.881506213651,1382.9438946886917
1691.975388598344,1879.2983772046257,1201.6112674781025
1390.150750624029,1407.4974086268064,454.9941106793142
1294.8646045628952,1160.7392031720751,611.8828042589417
1114.3214548066392,1007.3503365544523,555.8581093964546
1680.1812360039303,1504.5449654499291,706.026126275974
1675.3584716500063,1633.661640891518,566.8851831701966
1503.2570954241155,1334.1145227300553,719.5083690675694
1167.5018704347947,1268.2786272042658,720.8135935850554
1165.6172589202451,1351.5207527700552,786.5845058929984
1281.8347039196346,1425.0752009422818,745.9585494088855
1302.4858872973755,1244.436145355868,634.2446117036922
1228.6985854034501,1312.1427722978876,700.94421559314
968.1344788313836,1349.3166582933247,904.532055151872
919.3482749720704,1255.720302100245,1139.6919347879038
822.0662296626172,1124.5899576333863,1088.7306876505745
544.1826615791921,1022.5510676829263,775.7209997838436
149.20520462242467,529.4465513388332,257.9148516906986
130.08443753825614,278.7191967322501,216.27947294522568
147.65577043790324,304.9584161410393,248.72913462277785
206.06846872041197,280.352334084113,235.9877754428377
260.24178483445655,323.50014438333733,135.10331973052484
510.19322628968325,457.0656128418656,39.22706233498363
745.9567000195473,614.1956188692361,7.235693979170689
974.5554234096041,939.6788144240172,0.0
927.0517381076787,859.5647992071672,91.23692836657872
1162.4363167430329,1079.2901213678342,66.08177069859236
702.5415386232885,903.9449573178375,82.30117757826463
376.17163224315203,359.74641550610113,0.0
790.503088950667,771.1934629112917,96.64798548336756
634.0612227049444,631.7700758309377,29.448220033225446
284.9102912002876,343.2999532293114,30.379426150157936
349.297093626533,316.41617558754405,13.3280179367367
327.59430108780555,216.52085033172412,20.710261106122235
290.29038466889676,340.0302199670758,63.527895281598646
713.3528140984525,460.6209868002584,49.43006161743082
526.0233728754984,446.5692917160307,33.61417340588223
36.14077756081759,0.0,80.30343483550506
0.0,0.0,78.85337152222414
0.0,0.0,0.0
0.0,0.0,19.19712022319069
0.0,0.0,59.65518020065964
253.32564912790622,207.96412501168692,257.0700133985054
199.4420026201231,234.45832174479094,219.0928178737426
0.0,45.17387390417963,48.28141291688601
80.33935061875638,97.06148485483169,40.12492686052551
93.54546340940563,49.389804606933424,26.97287128346604
427.9147157778772,413.8510597460112,107.0835354203502
662.9334003635691,560.9955958249412,335.5902321222775
1605.029942456166,1435.350743105361,914.9306398883036
2515.8794063450537,2009.5088224533279,1225.2327478767172
3497.3748433147716,3075.950851759295,2545.223057761638
5179.95424352719,4495.920038647711,3004.311934372161
1426.6558114146167,593.4775181791588,1200.517737391003
1789.0038452403746,1108.8397931354139,1277.75525689749
1934.7157284656678,1180.2261649917298,1463.6921027435246
2816.6265850945965,1899.0455233816324,1292.5639078002196
2510.1878846882187,1702.9013608825703,1225.9756522977025
2176.9126934658625,1093.385103272834,1051.8821812207534
1894.2238895523446,811.294003405267,687.3957645746971
1241.2847647446881,374.69227729314014,247.570428580832
618.3517880161098,235.0326449723819,0.0
42.43171585582145,0.0,0.0
51.68499638353341,0.0,15.396621221126605
30.35336706399782,39.45144671960473,0.0
0.0,3.52329569546602,2.042670173254852
18.046430883789416,0.0,0.0
102.94830798242553,31.44415375854,76.3840593984127
442.947143963894,429.234231932302,494.6352556194152
706.7971756867953,458.68285646155215,543.842814195122
220.10166540825028,83.58930078561335,109.45700294420438
701.670574086254,640.0852470560278,286.0637037013282
1598.250027256043,771.8403281639746,840.3365576505254
1962.202845954853,872.0507740071204,992.3247099891798
3172.0116078661076,2867.441738173508,1794.7243615908153
3503.4427592937514,3328.9920977375036,2358.4589867166337
5510.910332376278,4241.813496746461,2636.340691971629
5831.2664271261565,4988.98933536552,3220.8516213016665
6353.18338884202,6372.018772534972,4070.9977841913897
6372.037906768218,5775.616209311428,3847.11256170816
7693.825439454478,6768.573733152458,3755.789195855461
6964.957475107767,6803.725144004213,4077.82708442546
4655.205700773798,3930.5875949038727,1745.449717401386
3705.5536446841506,3071.906935795614,1544.2066528834127
4062.725771818568,2619.145733787787,1812.582934307404
2795.2735713863435,1617.6280794406787,1125.8976459508488
631.8216045079596,295.1446731468702,138.3792669606386
180.3541077373069,134.93541105230761,15.10442076729793
105.67122063230885,0.0,0.0
189.3873673756715,0.0,21.067485820347084
103.14352785648549,99.27571375136596,248.60989526516207
303.4654827646299,311.0143938445016,394.618657787498
142.96297651912604,323.83616254551833,0.0
93.61596464336378,0.0,0.0
82.17148298661746,0.0,0.0
184.56870537781003,0.0,0.0
294.7276850089927,176.77033521809818,0.0
199.90671449018998,0.23815150120321515,22.810058120691625
309.93058100040054,132.315788125382,71.66766337767307
207.74116692691382,97.98129056217921,31.89367693074099
285.0847907148937,186.62253529548997,0.0
635.9191975977274,495.21974146433166,13.086485994004288
697.8659796554773,519.4743589966312,110.31046135038748
331.17796006135325,379.25514193659814,0.0
755.9730243748478,647.165067636379,97.88376025697114
1056.43972939626,1061.1876464980237,110.90090736260171
1300.8624192731445,1324.093977768888,125.6246555199426
1287.8004949945398,1370.293180957339,47.54301651089819
1086.4107301291924,1236.0176523558512,107.22462808621256
1204.2710070432058,1518.6534546182427,193.83317959241435
1038.6029598379057,1187.9075073878046,412.9410388489351
950.7197069268516,1263.1407131237331,769.6684776722767
1090.2864679450947,1293.9772984241774,992.6718541685362
1442.5705216834845,1124.2823223648115,1256.2621759235644
1175.1588751005534,1212.4189763736354,1244.708873269278
948.6410884063816,939.6517338141491,1328.5217975426535
996.2712713372376,1163.836051499462,1055.8809710045673
1090.2646909935931,963.7745291602723,656.1657446463415
1306.6361649972387,1268.2167771038448,428.2559533507489
1312.2362334345469,1063.0990176135401,394.9563136107214
1420.814565864541,1518.2222688838674,593.8495253569959
1716.4388251665039,1487.6473001228273,879.6788972965069
2117.504557230534,1658.4659719658302,431.58322810989256
2905.7612936982205,2205.5736411698203,482.642813462762
1681.2302582083523,1448.9087898131231,337.74235708234454
2869.761506763213,2799.0768867475776,603.7716976064144
2464.3059030993954,2229.103593877226,566.4271169715
2201.5422281600936,1830.4121168176996,389.9203920135175
2049.441667092614,1502.3817952897703,196.6868574067732
1948.5755554760165,1118.782234888139,179.2331460574221
1591.9269339405353,1025.3931667524946,312.6748131876181
1084.2890714190019,990.7817962268961,95.35020666326552
1203.789231457744,963.7618598401291,48.657013651852985
1595.386149097646,1070.2081354772129,155.19984983161763
938.7934847179911,1349.332516339581,269.1680364012381
1261.508519051544,789.7597374554763,0.0
474.6508276085638,381.88095349319553,0.0
499.5827501583797,818.3877548094302,146.10451565746075
484.5134670659727,965.5021486172895,318.11429453604615
896.0672041840314,1156.5121088735877,578.7794277699156
2074.5579026036817,1531.4662071018486,1045.0208091816678
2199.5678457321555,2318.9187532597493,1751.789516634834
3445.9428062421025,3384.781387181373,2715.759386242993
6113.626534802989,9084.605169505097,4567.718793355711
7050.758803585741,8927.0212071871,4787.77293393977
6351.069526553115,8988.28187956402,4249.428898220197
5961.24975618142,8338.972905228311,3615.880501707348
7532.382898714892,9434.56685282986,4293.951382590003
5493.637750946438,7969.5547671002205,2755.061826563301
2385.634009503773,2431.0745230573084,585.9004791782609
2911.6716701275072,5878.952287850228,2107.01228087287
2400.9914268787606,2777.8198235087048,1561.2225742649096
3059.3950470314476,3822.9358522240896,2071.751965544788
3956.493750303909,4377.188699945815,2569.973484274113
4492.001506088049,5379.9283130420035,3008.7073549116867
4410.806129981321,4404.494553944408,2484.855497737067
4667.980688442949,5080.590848961692,3209.036297312481
5114.493231931895,4854.74423720876,2319.691784634489
5021.088281093241,5423.560245120435,2562.1517717799784
4135.560264352441,5200.972043861804,2252.385148107825
3846.222043974405,3961.152674612649,2350.515967220334
4381.986087265899,3905.8234361594937,2900.211070711547
6475.059708914878,5765.652741752581,3340.4202884766178
7060.546113615707,7193.086192145177,3755.0290668763137
7358.495289302597,8725.015798183998,3880.729475762792
7569.947690450511,9676.015804488203,4743.366132094759
9337.458999505327,12009.233573257126,6632.664224844205
9939.49875029779,13324.231511753798,7970.218397828772
11053.478692374385,14427.05809166381,6378.663317638515
9994.629207462971,10760.070992140207,5118.615168630287
7937.539808517173,7304.539347112978,3686.130293417029
6121.792050541139,5248.712778641386,2940.580549657714
5829.719457751721,5184.031353304619,2750.33537626811
5630.4886218568245,4060.615816839749,2478.6489916523906
4776.439082566811,3103.2504572071407,1268.399543477974
2447.1809366882935,1790.0008844137126,950.4918565160048
838.3394798216397,707.7776516946697,27.819120497768488
609.4999251703092,724.0276603040752,442.51468789908057
520.574625228953,663.9479840897128,764.7204616074982
557.5222951960291,606.0895383813232,773.982953773491
871.6993264052616,976.2528209697807,623.5458469729491
605.6821393018572,668.3502050957156,381.7165606354725
207.88413549854928,190.19684897129738,148.89366090935152
113.74315919582345,45.01961614400739,115.97637061093224
122.34825222262683,3.134173781926143,104.19125122432236
126.47651749298555,52.537914487096984,28.24278746457612
91.90873526743331,57.52837830805939,14.42325367847065
131.93774113475098,36.82560530682895,0.0
159.94088454538607,0.0,0.0
119.88155515980199,116.27776728581915,100.23731518796026
150.09377333733093,125.84574448792814,229.16446303004832
497.5404700662675,626.0454199207581,157.3042465308168
712.1622209682014,819.6340106289717,40.41273754566191
365.6788753889605,531.150680428215,190.7170756753113
899.738285863467,1018.9659900527444,17.52074126495281
1573.0448356833538,1243.2538456314135,162.0006491977255
1765.8058601507655,1873.7490457694591,282.71663494589615
2087.8319916145488,1842.6922009199932,350.3026106558334
3944.2938014868796,3151.718063793938,932.1294632130124
3680.691751998179,2914.7143992421743,955.868157266866
2170.02387271743,2032.8242827336262,861.5831084337327
1903.3437026818276,1181.9488671668487,554.1554312580804
1579.5703384833703,1331.7471836325474,543.732171635063
754.47116332287,512.5448702459236,446.64990720076
217.91386589758685,267.5968027416621,95.64361848538935
178.40328932913852,375.2497369354282,132.71044765036794
38.25488176415593,226.69946495921633,63.91354648533863
52.51769384595658,249.67431554637886,162.50041599585165
0.0,114.1579851569497,52.446888117824905
0.0,260.95131359364177,0.0
61.05764109656147,266.5417064399005,36.9742745193171
181.84795850901136,140.5154468783741,0.0
383.27907888106733,355.9078872365219,0.0
481.5610176176007,393.9773853710812,59.48145778440677
732.0550730100294,739.201911851843,132.1008240248546
1528.5975828591297,1209.0076947316059,269.248002258824
1035.1538765044197,1023.3418028099453,252.8888436050506
1595.0469720594876,1508.1380992743643,272.1441264687421
1966.2552858359072,1541.7181037527073,315.1843961557891
1930.0099929518728,1508.2374325410262,323.13625804258743
1979.1649714084867,1263.1868849310297,345.7118595139528
1552.9799935016024,1359.3662179130442,263.2156244825534
1269.644332251926,1150.9012977350296,304.95235681674507
1691.980052081361,1066.3215856334402,331.2563820053343
2186.747391398753,1137.4987496106808,754.2622212634817
2415.9542825789354,1780.7005334785576,1614.1294918606584
1506.8779048564295,1119.6673882514099,691.5836433963406
1665.9377659295667,894.1919971304761,832.3041573829256
1693.3391331699781,1519.5106640752304,853.3722032050194
2298.8566498505184,1916.26024249879,675.1467781928741
1691.4390659550736,1408.462026942352,763.9315557692114
1490.8351681402894,1484.9128443879667,870.5076948226781
1762.027464711946,1638.0558880740605,1468.4426518334246
2644.5335021637284,3992.4869586366945,1299.0366724582202
3373.2609487528416,6177.183248915364,2454.3839695387296
5038.467828552474,6964.407417060205,4469.244598757884
5562.538730851,8369.517775155102,4462.6302053447625
7569.413173430671,9947.18704582089,7032.495174402381
12133.121666122062,14698.40490026621,9153.17066568244
10691.2818598127,14519.263064007535,10397.072750140733
9433.724028291053,12998.960644808194,9015.84122312651
8876.657444474095,12264.753036576263,8443.24613372937
11387.953694835895,13990.172479720812,10221.348791364368
10054.523888713758,11599.297858688324,6848.690181395106
10583.459560328087,12114.532738936381,10155.403673524892
6896.92107695464,8848.065308942927,6386.596541775658
5205.310549202452,7261.686467358703,5376.558592385662
5625.644952498286,7388.904955443212,7107.744435496503
4209.339762508725,3823.366965879238,4189.159538020479
3969.5081052389037,4073.262319413257,1099.3713481703674
2464.4418726567073,2598.0097497918487,898.2185022884141
3730.4826839705693,3930.650093648527,1653.882010551188
5940.57908980424,9246.584965955042,6375.748231990244
9538.810955439576,11649.343714647559,11495.125514271613
9376.887617741504,13159.621369670807,10104.689554022136
10890.273180341826,11775.6966203232,10593.500411718836
11755.235281254038,13159.19183939119,11765.610491824613
12116.077165920879,13538.236848265988,10586.068089258257
13367.780710347062,14390.712216524467,11169.529499433287
13334.940606016922,14261.094949156315,10415.408748704156
11174.540801377287,12093.86344811279,8093.672747369499
11666.82846633211,11797.00459195038,9958.21367167423
12825.308916470889,12601.789478389486,12297.445742598826
13031.23403559073,13344.14299718107,12468.396308091496
13099.750057626268,13273.695498906181,12436.835907819734
11329.066182745646,12228.94379626379,11167.102119883206
11594.595845702004,13534.058210170951,10754.235610677722
12613.73016958025,14210.930412503874,11251.49306964082
13224.472945549103,15037.581484077158,10787.796718569269
12440.872380954617,13829.231183044463,9699.56761023427
13599.731354493302,13396.957749166528,10611.32728073999
13609.992633068143,14189.79751663193,10668.304480484465
13552.298615429849,14213.20873936136,10648.989901119809
13051.752712423502,13818.328468222002,10981.383856740344
13095.201100541164,14128.706248786053,8775.450718073494
13012.978098446762,13937.854740725226,8685.434676868923
12830.441957897508,13989.546493538955,8861.155050039979
11384.236342882261,13048.985885362898,8405.457184424646
6387.164026175581,8483.72139812686,7457.481736765844
4887.988778332339,7083.392483380577,4069.2654798323633
3878.422544108034,5832.35506339769,3285.1456870820475
3499.5216318712983,5871.639249480057,3232.7758281949327
3236.5779357272622,6500.238657729548,2819.531071373965
3046.894881748333,6466.947657889578,2412.225800829566
3133.432394964606,5869.544007330294,2836.957826759036
3447.7489340681104,5440.974506963378,2687.77083843366
3825.732358608458,5029.9438974130735,2733.828642541383
3970.3855090992543,5928.560641764826,2967.472621792053
4941.558964495443,6229.731879191466,3081.622827230343
4908.284069468941,6080.142651964395,3007.195246846912
5667.444637576776,6552.845473518737,3273.215065237551
4939.059188728432,6475.536094112232,2105.4044288328128
4704.331031947861,6515.855071805541,1480.5179156047714
5245.921216668008,6323.554546287069,1560.5453043681116
5241.04881887288,5498.584798776339,1296.448651598564
4526.404099988864,5358.083923301926,1149.0181132354433
3350.4379347917215,4399.469288897018,1659.2616650055677
2596.1922373759166,3077.739824523881,1026.2179277694406
2229.821495528563,2740.9959798679356,573.0345783998584
2732.891578138287,1887.0119122260419,707.7541775704445
2440.8156503357163,1759.5864567924664,971.606882214565
2282.784572508128,1627.5240214345604,818.4052768699389
2026.7458265261102,2064.003735774376,1069.7860061248066
1624.0576460994143,1651.5862499949567,1385.3198742617465
1809.1585749780008,1957.4952527501364,1202.9048233287383
1578.9799062711495,1386.1140457813633,591.4809253163216
846.2408686363399,1381.879452747327,281.1448051044448
502.87596911752104,986.8482730247752,290.37119705086457
583.6783504175602,817.3773274967355,233.22219764807485
789.3025580811535,1076.215280357635,305.0206098205787
712.7287979300022,968.668375809007,288.26693463421793
1538.834516155692,961.5938970841746,397.4380548576218
1567.452690480946,1203.221271558203,780.2487298310454
2360.229005817334,2292.5209149363254,1301.620268545782
862.4058637589421,595.4149126688271,725.0076439859912
1223.4164604624305,952.562937347619,602.4584042206401
1155.7069981527031,694.5186120885359,605.4432363099656
1477.8862193480911,1605.4034640597968,1275.8453672474693
1445.5437721692297,1392.8612998128888,1162.2210763895007
1440.2505808011545,1413.0598448787623,1126.8950442755215
1393.8985196488877,1482.7777509207679,727.1254596370098
3403.8672610498206,2601.2495926752213,702.6178189899559
3132.247433230242,3012.4246508298324,1192.6745046712333
3519.1310078085444,3556.659806842888,1162.471500771469
4246.8710922533855,4463.355254926143,2393.1847593685834
3669.2576135645095,4671.179098535062,2203.3913489968045
3956.0449096439643,5098.690483244631,1430.442169074316
4584.291747842829,5372.0305240783,1984.8204468455287
4952.999471322181,3950.4496194945923,2075.0134383564805
4212.237990034087,4906.7087123344545,3279.338745595984
2660.330165800174,2921.4844227672847,1037.8957988926752
6094.899940262575,6652.5903574945,3498.0980125541914
7141.818151036401,8881.9595115942,4134.061926435203
8809.34147020102,10460.38110371048,3455.2354173970134
8216.153232248715,9067.423111881031,4487.415285393394
6010.062214052432,9613.90721909167,5616.507409900207
7872.397191087709,11298.15830060359,8078.9531444469585
10476.212251497129,12495.428401544194,9210.542935874362
11871.238742624315,14379.392091494281,9975.334773435954
13352.852983935418,15544.310699137874,11293.17497768618
13187.655401080145,16575.44292979033,11007.638682776816
15534.38022445934,17920.013651375208,15233.502376340197
16003.220162914948,18797.766549591473,13107.37331081851
16608.265460270704,18805.390346717082,15125.29782075255
18366.682396504733,19688.59813459082,13585.2168265879
18805.201691083228,19865.816365336224,13825.50955661536
18516.832116740286,19481.85421463885,12811.131569304447
17930.835238875858,19028.761346066334,12878.678353359976
16722.44968560064,18222.64083949244,12946.683116211798
17402.08093369138,18276.17109151154,12148.47196478344
17116.013172675157,18743.515909156347,11381.450517413925
17736.70837616119,18441.089131875848,8115.146949782581
18444.750699534496,18793.43434993832,8526.690241533266
18124.598797292107,19247.640749458234,8809.887956953587
17073.241186439074,19357.105205366635,9486.325148151534
17431.649234126246,18127.840660347327,14365.849965073756
17877.749282173092,19141.056303389247,15001.947546302938
17612.438596663593,19453.845268172445,13735.550227364756
18001.841043825872,19495.567888443635,15015.30738666911
17870.383879388668,19063.764583008026,13795.226186146312
14714.098868955423,16709.4576192947,10468.514431037249
13611.977011176034,15572.94038794714,9429.60589106004
11901.616045148945,11913.471533505252,7033.645560790241
10954.670822840386,10871.09654373492,5866.767621881442
10290.206393015114,9969.538905860214,5364.213465547029
9387.404236364122,8672.503673488669,4099.011911440392
8626.64893636487,6490.559303378973,4088.8641724402783
10153.394543529821,9176.639025316565,4379.670196465021
10552.878938465008,7905.628123018685,3726.2705617709007
9907.859874227752,7477.782604102958,3185.8380558966483
7504.214194193328,5686.706225806491,2653.899205359932
6878.460019511564,5147.535086052104,2438.84769046092
6292.662031543458,3443.0433862968657,1320.7372451701829
3468.5598974240716,1818.516020199738,509.8721689193556
163.4129048629137,133.92957680929234,334.39299875371603
30.764698139803258,315.0647213718917,355.3531250488185
72.04309325150894,0.0,0.0
0.0,0.0,95.87746868273916
65.62902190122436,20.704420967289643,161.30071524503796
65.22314791594235,111.53939643631625,26.20708797767664
27.49129603592286,97.82612077152102,0.0
4.8760596919840715,12.81974238037822,0.0
204.42262148114597,72.66902817318268,0.0
187.61430022451967,375.81710827472455,0.0
122.53211331923727,336.36157988308037,0.0
274.2532796896695,452.4250175607286,0.0
526.3584388898687,547.0001139533692,0.0
765.588354981371,729.1295121633608,0.0
793.3175905897102,795.1968014126493,95.27981108458371
1199.418068360904,853.1758359595542,73.09583375249072
1138.9935404130995,1078.2551276514275,60.38629168809531
1844.053907882564,1224.2974989871093,222.66784248476569
1778.6411449161178,1288.2370149654541,94.48636492013172
1905.776888983812,1238.9168927855198,0.0
1579.9299659890023,989.624444433067,191.51786754052733
1533.095965289634,949.0013611135716,42.31239602196644
1138.4297574300847,872.5679612597878,8.176097758125247
935.7857952519478,822.86532898089,136.55464488930713
522.6422087128744,461.7689034126423,112.71821482472104
288.9601374751855,322.8062015182301,36.77805747515252
185.17138684399063,154.54043378757254,64.83474655971607
322.0429309521902,266.1388158427577,267.48799270167086
241.8283863484864,341.3482452281525,102.72966992905914
140.26595418534728,182.08726613007934,0.0
400.34609889305176,91.05062109844059,0.0
1127.7569966377046,901.0780573524501,377.96621601617954
1250.1212952779351,585.5621869165528,617.0983141218848
812.5554290320265,696.952058393742,1.093081189320095
1030.2611360071583,1088.5248601288781,115.15845389944668
1200.872123952677,1075.422845032426,61.071490466044864
1772.6028914803435,1317.962723420195,468.91490615587486
1681.6127720887628,1526.967125344436,500.19013801345295
1593.587894081457,1270.3316003287791,146.52341254595365
1109.7773432812114,551.4585373726787,195.38577946881404
282.5143511129279,304.9140141888819,179.3171062183631
455.54208207495674,397.61622433934104,136.07794269578702
498.51702146092424,536.2581829566016,0.0
593.7912667260331,513.2884886905777,0.0
632.0337260830737,726.3856007240944,0.0
748.3573378537329,760.8659349775794,0.0
1008.0323841516531,1221.3018497265307,222.6844283252977
1676.6838220746024,1126.8533412625784,468.54981755354
1516.6912527192376,1418.9950470839624,485.2999742473274
1552.7904814059054,1386.0444675731906,345.400225888772
1381.6450017944148,1096.9819607038842,353.5321942000247
904.4483155001087,973.0597411117266,362.0277958288336
702.0544889034597,611.4687833542127,235.0475704579784
741.8247192648487,767.8404185229653,372.30547139439176
823.9506861824332,1041.5682135902632,457.7087091904419
1066.0770101333746,788.6970292362382,122.26973573499544
617.0197805748321,524.443756184182,108.82005397294716
414.9159539940364,458.7714523515209,0.0
334.0523551096224,342.3104360323484,0.0
266.66530691463413,269.8454107852068,0.0
241.64436615595224,319.46540811292994,0.0
500.2868940946593,388.14662185033484,0.0
896.2834200624743,783.1692360620928,0.0
1189.6788657986685,837.650168243213,185.9775844317512
1368.6940295116333,732.135138260226,219.69120110633068
5045.268871086783,5086.066001677159,2582.1745386671173
6232.42650760232,5518.401195274484,2289.735160130548
6777.624471759576,6870.93608322197,3183.61259487839
6394.375086801019,6924.189623164531,3377.91787126419
4494.214289302727,5221.917411667746,2512.8930832216474
6465.121645442012,6779.354039464275,3195.020874218297
5781.766017258322,5743.488188951743,3029.834425628151
4301.372503340816,4270.76212730453,2221.561768489823
3343.2734172211735,3929.303373674994,2088.8222281174
3049.254630276885,3312.0600566730363,1890.1126276534376
3421.957610390908,3284.496919347838,2676.4829974508043
4616.593973889002,4505.866689560917,3338.8177368996494
3886.050050830107,3587.7373231036013,2590.0717844486444
5586.357896951988,5625.392700908337,3825.135792946643
5905.609364912845,6092.707316950206,3277.8676617587366
5708.893193984104,6479.787396934296,3103.254817409805
5166.367891374226,6149.022160804165,3008.140663627288
5976.4082177912005,5871.5511379779455,3485.9484135613434
5704.597626424284,6775.529076098932,3599.67962236985
5486.625598414647,5380.9486483946,2941.169008858601
4923.304398538896,4694.363864592623,3839.204505302918
3427.7551764273876,2753.6241638736,2565.352053855844
2564.263061301932,2128.8695792118965,1731.0441604521584
2535.9326667233877,2284.3264528405944,1705.080508007317
1603.3146826153927,1550.9974218202492,567.5636123725056
1497.0995769807355,1448.4780117953035,625.2483189636446
1641.526193382136,1319.3797465289608,718.6169689932176
1639.154208358681,1669.2162569540526,1560.1370662844224
1836.365381432656,2349.0064504145266,1691.2703109549198
2397.454778281758,2868.496137737433,1860.8762274791
2730.664522283997,3409.389208800776,1527.9827088533636
2431.1789660723302,3243.4390429628056,1667.5081619976322
3243.384389740827,3975.6185996946106,2507.616810921879
3793.063006318365,3841.8467193010424,2802.576053439952
3276.362854608394,3958.2941904652175,2335.746933448951
3159.8496765503764,3553.542586262164,2305.741183354235
3372.693435284215,3763.2925471029184,2377.7583826333776
3178.6056920900073,3751.3599166687986,2437.3124880613223
3216.746479874594,3749.4107986616777,2663.1277014433795
3703.169058905259,3929.495523853849,2664.9308428197824
3805.474426398575,3926.1273236705647,2586.552579988472
3227.011706566451,2894.0441462938843,1885.7787433998888
2260.6638433781786,2219.755948715657,1420.8235752083242
2285.4651718689993,2168.567634758963,1292.3422821170957
2440.9114025052336,2243.4857862690965,668.12894639188
2575.567340467203,2601.352693119795,730.9219371013404
1937.9255978942356,1654.8282634608418,420.2389633869851
1734.9386785535312,1771.06154355041,318.73464505695244
1715.4419017302246,1580.4948762915153,344.66384098694465
1392.2627866453658,1499.5269742405617,297.7557675820164
1296.355299449976,1371.1547062295053,184.302363306828
1614.0307251998938,1619.4364245724948,94.01093843383158
2029.4265401620721,1514.1423819268177,65.38838080486406
1866.7012878877595,1575.77165827459,373.2842728743098
1733.3425796984197,1717.2106192656772,512.2838412739113
1128.470255139006,925.5594230864552,94.31519562561904
857.3812649857653,559.7109199778376,157.86060081702735
367.30826768821754,255.73148329661538,137.227984472283
429.0431301127659,332.47292530020303,107.0983825317628
63.85176659177996,114.56290585187766,0.0
0.0,0.0,0.0
79.83507957703895,0.0,33.74178519509477
238.5318952695639,97.58558807644755,41.91187167985588
314.08392765765063,486.4550415859513,0.0
240.05928344627864,254.11261867765566,11.734232329475734
314.3710896005531,729.7200299296751,144.07597517429204
413.5797317394221,753.8849970754525,134.07950703714127
2282.5296726579263,1627.0591869451066,153.63948009538925
3490.9886763428417,2831.440296581354,1195.824494595138
3433.098126026949,3415.828114940504,1053.373019661577
7307.7268548986185,7058.941243641159,3894.678739948804
9779.886996283554,8419.067640563995,4956.201080780077
9769.88670197125,8501.53877870949,4472.151089033682
9867.800899462844,8653.229477602834,4398.803269381158
8602.671463062146,8533.275098308794,4466.003157182592
6360.618442884843,6362.545831863713,3832.860988827917
5954.182834649176,5520.962899174262,3276.3377576670964
5396.878777314206,4366.913684788135,2870.3757157899163
6104.40516475166,4877.4290962953355,2251.115756287814
3796.781479263724,1966.19316930899,1361.4998932651197
96.34081795067262,255.19858083124774,470.2126981563139
166.81766920170418,39.37060996488437,80.96582285250108
148.42137497190635,390.039188767647,0.0
102.15642877717421,82.31141147517052,0.0717450634133998
119.53678468827651,67.48737744105227,103.73811516705076
354.33560522648776,166.53564972925423,150.28802706357646
93.52010014211098,61.40329684408489,38.48484992006602
0.0,68.03707291887034,1.2433887846711833
153.88493540884102,5.938700957233101,8.464621690199293
284.24772089806726,107.99376056882664,0.0
350.8946506079259,125.69584063074772,3.7048987083529727
608.3892130076065,360.45209265046105,0.0
643.6255890684401,518.1824712744464,26.554237382274827
808.8650219446781,532.1737738639524,22.38085138646625
1287.8231034428234,877.5462726802895,116.24630706615496
1415.2396689156988,1012.8669132792419,131.544812338813
1913.8414171896488,1164.499048020533,56.24120657392639
2015.4332265620144,1290.3632924190606,244.1417649545021
2194.3509698762477,1253.9485101369899,361.1223817338513
2065.6342241415246,1275.771483032617,306.3351943121437
2008.8227341083214,1271.223932896311,0.0
2029.0215089031426,1226.7466890349456,198.4591912627704
1791.355397269626,1097.905558861612,132.7539440832437
295.0450024999236,188.79812530005083,0.0
146.03650084801558,128.46845202377284,35.360882438059164
326.090906674442,453.4731872896785,182.47037043619176
206.76086201470477,156.5714817758308,160.11741140350105
187.63760563474594,242.16785416715885,76.93030233199444
43.80456773052989,91.09744654596825,153.6195777476399
98.82873102200493,31.256774972807342,192.0500266480081
1244.1369043189686,1118.463308010818,516.2231706110088
1557.3563905290268,1501.0105416426002,478.5711260500906
1521.2910541506863,916.6600933313313,373.7272494817772
1552.0961051609154,1308.4173825759651,525.3601149486428
1801.4648410979394,1412.361884341632,574.8647457737014
2680.860107461098,2457.0507700492644,1047.0115495647935
3185.868664969321,2810.058745091329,1320.3385141660258
3114.4928942759184,3076.662769158877,1473.596561610664
2305.630638794719,1655.7057211094827,1423.522795114893
2144.3469517330686,1929.1994771160707,1599.342904308355
879.1609793100315,670.7401656192077,512.4638237675921
651.8271163867728,263.5100978511261,604.2195138441583
1834.5536471685382,1053.405671826637,1012.2199004420894
1247.8887212055056,1261.5050716230078,611.0159212101634
736.6729915889332,326.3085833268107,686.3027661041903
900.0749319459087,885.862787032751,630.5546656272393
979.6417203214094,1031.8600222504158,902.3641550929208
817.5844608359872,530.7002934353943,166.79716473756082
183.29839823139554,16.68113254255782,449.35535413462776
118.74883607103612,13.338006590498406,348.41402441515515
178.5948624697411,137.3786302669065,11.697273691226425
0.0,5.195552866292177,1.370749908398637
396.0007626632528,125.98233650632744,135.29366277264683
548.6873389900034,399.3222945412604,138.2582920322647
609.5045891529365,329.6094502806816,124.2433840867915
1100.6701185196366,613.0908522719715,148.42769831909382
1272.988082021447,837.6405714761366,264.1721656461648
1602.3132172122446,1213.7484290854327,257.29838428821887
1054.3681150788816,1574.2615720857302,642.1420278622531
925.4354883303879,1006.8947150801243,233.85258050681784
1024.4971421871346,1104.2006050176126,288.4825560876069
1171.6842196585949,1526.2819310591694,342.2054149959675
4801.817300028927,5231.630417573641,2059.004669937589
4680.034373986527,5672.658599851922,2256.684445345104
6103.834136648911,6582.673060849666,3380.050163844887
6883.20570116041,7759.40248134435,4373.441035725565
8865.2640037749,11249.189427681522,8849.959603706862
10891.216850245919,13164.219921484615,8613.55022889109
12246.47825921413,14798.354414990297,9008.916088954911
12800.188993942917,15028.309153490804,9526.848054546112
12107.571701885021,14003.46343684,8204.345117886589
11840.273031812036,12440.80155101913,10511.600371774874
8788.028125620931,9268.848048785187,9300.69223596876
7320.772062843648,8261.460040598331,8744.619980257205
5826.134622681797,7953.4726646937315,6645.190147368136
5748.768927518001,6093.552657604623,6332.378069717877
4056.377308171282,4057.6145389423073,4628.528287953935
4330.017111670848,4556.517863236922,5060.29951182307
3395.0646347571815,3818.676528016204,3613.719528912434
3370.1919031408115,3299.7165356900655,3181.633976187883
3266.1553714232205,2907.504105164323,2733.285723733126
2059.1269541234205,1726.6400897665644,1405.9339148002853
1282.3910877562291,1306.7963189316586,868.3616234312657
1312.797012973762,863.7767977081559,565.8535951306588
1093.4668932463048,897.5196074711815,247.14778662635177
1121.8332626895317,813.0551430303559,19.50172794793235
483.23134606812175,349.56211387488025,198.16528733224368
388.0999708204777,225.37708922857652,104.35006745442688
485.05895576131104,252.87609844437034,21.63072039723801
433.3085227726763,215.13174354425135,48.556058704518215
483.93744497690983,198.09792065851485,66.72691899284861
417.109419570117,376.37289655865624,79.50134488592275
361.80912807125765,261.0531858653893,34.68576471623827
514.0747132441247,265.41044977807235,28.256770117608305
418.4814688362519,393.85106061736803,0.0
609.2550386872516,867.7947924147506,0.0
381.3289417968367,115.79554305168553,0.0
385.4673420838961,176.6025972638427,51.08878237615768
275.5637871366839,329.56730960433794,201.4546061207712
546.7546048355089,361.3238915446067,242.3059073797998
881.1011099560251,761.8895420124755,605.0595191778632
2487.0726163114678,2183.4896333622955,2335.822762065096
4472.699969490971,4547.730698727245,3853.397784840132
10076.193718457587,11527.687013210469,7010.388964887785
11914.359028227242,14532.59046471411,8041.604055298247
12532.817829226009,15578.270484569039,8802.461724911507
13744.63583908305,14778.869086436316,10840.522548553334
13711.288447579136,14010.318342640161,11214.008580464044
15280.115041990739,17052.299710076702,14904.652288752744
18272.668963050124,18938.688344976297,16025.97539351942
19260.638717769078,19802.735178180774,16848.156471112103
19054.77299495305,19622.71336512419,16701.69926361654
19048.63560572845,19668.375123465652,17197.38436899146
18597.63645139246,19615.73613376015,17221.560363853547
18178.004984334802,19107.242387055,16792.36432350483
18191.662883791967,18806.49897246555,16339.267394839317
18324.57192687406,18890.876479796894,16586.549483308845
18395.268352708914,18772.363253086627,15950.681109447516
18229.807601077573,18748.56220747837,15313.54382959771
17775.09762566263,18187.382564180734,14971.385053996431
16750.53754020244,16651.660746864723,15488.46549469794
16443.075547774504,16360.621520685643,13970.382265152575
15936.013636609287,15716.53398970754,12693.690062028129
15230.633903573906,15125.894455698766,11587.905863511083
14991.158652904394,14964.86174675301,12993.217697718354
14929.50490588756,14912.881586650215,13357.798855114605
13133.848906975622,13473.594341892345,10549.664961359384
11617.822462145201,11418.57427633208,6965.648511083944
9073.714171149017,8580.58815694715,7221.606539988469
7019.358240905234,6655.152209572622,3947.785398707004
7880.894738282733,6293.296799371136,2228.2253299521462
6860.5624323078455,3770.858893322044,1976.9899500603328
4443.473306126517,3518.130522529302,1199.1002349406765
2427.068755728514,1580.9143765988758,709.4731026234871
665.5322091765742,645.4957024004048,472.838257315728
1162.7518239714943,939.9302572738472,449.3585956949952
1042.63370944392,591.196045264618,357.0404775867989
960.3393772164969,725.9945849766907,267.2542686170461
1154.4932387014248,818.9936297481305,199.3876430660888
988.2508089895585,811.745367872557,245.0198673109608
893.8911613247577,620.627076571277,124.0601872235153
622.3226875285137,235.24713949285794,0.0
363.708813989178,241.35727605380436,69.52801835815826
64.94120248833164,48.75684516705312,65.31147536289556
182.26814910636142,138.1844753215262,128.48849626638895
189.16215415280436,121.11271293620663,196.8130368158533
329.2031277347424,225.05946508796816,297.5035212175911
790.3862509842809,1098.8488892372409,936.6967834266686
2067.0322586455445,1743.2345311738045,1103.3778139334463
1845.7341303692235,1817.6566131126228,1585.4604556464362
3504.9271173067555,2692.9979274225907,1443.4313922296717
5046.739910738325,4270.098862946327,2765.07894032217
4941.684619608891,4436.371523806423,2788.9865435165243
4326.884798684331,4163.038594546033,3140.3910665731223
4553.36008926098,4808.302834686516,2908.231312619648
4580.322104384723,5011.842077662228,2412.815878898356
4643.749857811092,4004.401788554131,2700.0285170224
4071.331933119562,3524.505337410621,2070.860939969473
4497.268088244429,4728.432651641119,2826.914783740631
4613.800895326842,5252.582646583242,2426.5280211871964
5261.496424410521,5770.844250937648,2535.2953139065
7153.71526910777,6990.418676650047,2342.171054459125
11918.040542865883,10340.726640467006,4815.683860889946
10832.197718462756,9372.50740006103,3918.928845130435
8539.499266280025,7287.22915260018,4208.3664820818485
6835.125910102548,6510.763873922729,2972.419914997042
6053.356016281329,5233.859563540425,3044.1459944912795
4226.341878361186,3831.697708251867,2256.8604073222623
3199.763093800772,2772.2307912328984,1615.9079340616368
2724.8305600268395,2308.124996559731,1558.1977136524504
2733.190545692947,1878.6367541095747,1698.5352335555872
2598.4043376346594,1636.466074367256,1655.9875058769153
2453.847242978002,1733.460664683504,1811.0527214947488
1855.500486670868,1006.3699795903572,1152.785078702071
2443.348618060072,1075.7184016408694,1259.4490364975911
1479.2471584035457,928.1093719795266,285.93599725536563
499.7478049400369,460.4294852195066,103.9095169876818
376.8711753932077,481.69029535127254,153.7372252382363
542.1877214667024,601.935068937609,200.2150044753048
1231.4535371475872,960.9923533347953,189.59846678833537
1538.038443226957,1044.5238886387574,290.05658463104623
1401.7125058930433,1199.6354627625851,332.6997171413507
1068.043028282634,757.2983749185962,0.0
476.1230606903244,726.9175661670213,21.107359696072383
670.3492768839125,695.8171613443897,80.49496207971237
1040.673875603676,914.1354229957803,530.1835223958446
980.6270586440932,967.9367192822821,740.3601113693684
1020.6956356617851,1129.6546783096546,809.393292662791
1095.8589963862414,921.1399560444474,689.7756346464089
1139.2392982752885,631.23108523626,376.9891514519993
775.9964250613649,606.7673699266513,166.1613546499682
266.0333675043467,355.6009923622962,283.99466779391
51.07085314010142,213.96948316225922,262.8118194383409
76.40068506667254,126.76212641136121,92.66066452680374
22.424509452895876,0.0,78.09039263695823
168.98094509812984,0.0,118.95062004704748
181.238994049438,78.30857478153182,155.7485511491939
392.45635997510993,69.83450214459859,158.55904449853276
864.2380134357504,413.8556374301272,254.47277751350708
763.7844460111132,482.07599810937484,83.69500766245024
471.1969212978173,152.13175198562544,116.57387662798638
896.8244415488124,572.121509259521,0.0
1280.2757453583126,803.9764199921523,50.27979323757136
2071.7717362491344,1299.4112417305694,455.10044542353467
2595.8892060519984,2010.7883416323762,909.7105474307052
1999.142243580135,1810.2015618452547,578.8229647121664
4511.480506793952,2960.9778511045643,2165.978273530607
4464.559930039518,3036.419679433388,1668.4195798558303
3176.9688883031627,2400.899029928256,1368.2007226110643
2776.87880493322,1912.8395390203934,1511.6002007602606
3014.4381155055903,2074.3251626249144,978.0112451009863
2137.5214920554436,1549.0730468969334,259.0739288069374
2274.1495107683695,1282.1886949064767,297.8978285987426
1502.4013462051264,842.2781314454143,123.83442387583922
1135.3554445350417,428.96227223829464,0.0
568.4509649067951,273.20438879694797,174.27754151065935
1303.1859021260686,666.7121705405368,708.6550838643009
616.865262044397,364.4588953620347,466.8205702970195
422.28508506873,499.97913492669517,235.569737978987
717.6135911705978,310.6565941452369,375.7539580731666
404.49513853174614,83.3828273595517,218.988075123137
281.81331566625545,219.5624727354569,0.0
430.35447552739987,166.1528491826613,0.0
284.2122465110761,0.2901563928518307,0.0
185.37749035187164,277.5767032983101,0.0
424.1855529894827,411.81547372257506,0.0
729.6176444407711,457.8145313378953,0.0
1076.4663128751718,632.6025339295446,0.0
963.5795219104708,911.8659077979595,67.40648095729289
941.5616395461992,936.4920162324453,65.32217429962385
3323.689698395099,4113.887204782924,1767.399603368604
2700.7959852575495,2871.765024761312,1588.0815715988897
1250.8688708796626,1450.4911423459803,837.9970983030639
786.784062923882,432.1056192153487,93.24174374905644
488.8909782692921,293.69594733790245,28.25408192215002
507.09534267063833,318.2230718411356,62.86561654519752
498.86087313841006,347.45293511533583,79.14206630396994
511.793404664848,264.41482692229556,24.91352026112645
365.47226450334523,281.58560483316677,24.154631795458045
89.19883762874029,1.086560317449642,0.0
100.20803130933865,42.92937543254924,0.0
7.357102726834354,9.649633286913563,44.31843318667689
85.1566259255843,30.051416207093578,0.0
46.204086892004646,0.0,4.262769778488484
133.1376458444473,89.11972008274326,0.0
293.77694369162145,115.4603978263981,15.719760776050853
529.5583623985644,140.97502043305178,38.41097305912067
496.8409384457911,236.57890769993435,3.870952176770925
297.94303113782007,170.76140506590804,0.0
665.0565558786926,455.88609733578824,14.804758291405058
1834.5633606456693,1163.6070833859458,395.3817521388827
3303.2208805114797,1818.9155386940686,952.3195913798876
3067.195916125047,1474.8535904744772,880.8243731621063
2705.8002843447316,1662.0021623601335,716.2847032278797
3382.756221091593,2310.6505517338837,945.6851200005078
2647.9527148081615,1711.9540135536147,843.9796074049742
2999.271223593554,2215.559756847261,984.4106167119018
3597.0746756657513,3014.287580436907,1414.0786386824882
3037.708363811851,2777.6584340835702,1335.3900567910148
3364.397405721838,3089.170114249073,1610.114868785622
2984.6377870747706,2275.940363931592,1244.3414893323677
2288.1309216080103,1902.269118739795,844.6780975370114
1466.6088268335884,1855.2592718502224,580.5620363236366
2269.6902751926427,2166.1764975070764,1281.5160114454009
1714.1328359698864,1555.3000548016685,1185.8814967960698
4470.154552931372,3763.331762064888,2458.072249943425
2790.7184260058575,1955.0267632839393,1741.3925019402957
2032.109534093251,1524.0003017175472,1399.6657965957577
2375.8044115183666,1667.6534801084401,1061.744625417714
2163.8354967753576,1599.4197173712146,1087.9008317608532
2207.5051521360692,1586.5340054834617,789.3829123637606
3102.546225539714,2160.9040050311337,1194.7426056231843
1951.8160994208265,1782.4259969578034,1194.4384915635426
1600.911916126295,1267.2048198893303,1123.3221297526163
1615.0551990201848,1387.4389645749618,706.5266632276478
1459.2075674031828,1174.3835042713401,732.4170451436248
1538.530005445349,1457.131067486361,684.960005886015
1256.9859784777923,898.3658742323712,324.906125180788
2345.5801756109768,1419.4958127653076,1483.5139253044242
1571.3178522655662,1051.3960376206146,973.6797175541408
1471.383600364901,1090.3546178973556,744.7743946158079
1340.6992376553185,875.4127806209517,115.7931954735403
580.3315295451123,779.9134046312242,442.0781278864484
647.3177829259693,748.7277451265855,681.668199382454
782.6511369586516,880.2673474741491,609.6236515988641
901.7668855419755,805.2381611365797,363.5338959604972
900.0751710461564,644.7175363584073,180.67888823100785
245.07466177489593,223.32535838812797,14.995764120846191
168.73159974058015,125.68677940793843,0.0
153.37151966206898,95.3944738627583,2.961771602811785
231.7030131832938,57.83391509394396,15.874544277732412
198.26079160164278,208.2458540711895,207.20948179157784
157.26664847647737,200.45656450999726,84.00010480784047
398.9072643571916,267.11062747933966,191.8411241071493
157.67988417984338,70.81138720541347,126.23891921087768
124.3068396917798,70.1604578621377,214.12405949330883
121.09503245620105,159.62225651126158,154.1076472420485
237.20509544172324,222.76934606748588,91.43236641011488
1485.8875425273056,1299.9353900000644,156.63321187986418
4716.922580587416,4636.5341548611505,1632.014846202869
5572.134089472699,7586.747136604209,3052.613760718661
6959.87599232651,8162.981642204793,3341.35837077887
7885.703149576654,9868.685538540103,5112.225768646035
10401.683983696206,13101.41648144428,7162.163713621209
13475.159835828066,15673.182292546395,12164.490013709144
12813.113756564051,15113.958782842868,11588.823411997948
14034.850558564673,15798.601543729648,12617.402056739522
15212.521907467299,16802.425544301048,13996.947463312432
17095.705886674976,18130.587442622444,13634.1568222804
14331.555512882624,16026.475372297986,9094.193785399377
12023.29565039503,13749.087974936767,7162.417760268826
9794.913844590377,10254.369070661542,5492.363817649279
5520.154731808705,5682.372893495833,3449.9747395428126
4204.816000040043,4426.654658225984,3008.083910303946
1721.4970239751501,1772.2826163864663,1346.9184296128024
1068.6465533665303,1517.5651132012833,913.2018322662552
545.5621643423835,1038.952706013232,694.2376637516379
688.2589720394622,1051.6945788228663,433.4781575351605
925.7087300296629,1028.0630585076938,112.74336209704668
452.2775026203583,855.6634011492592,82.07833102556184
441.30440044679983,878.0713334650725,36.50892446469464
760.5599395951336,1160.691569408363,78.85728556218625
1181.1693741269696,1419.5281439548771,224.148475978754
727.4679504641178,1180.969409307634,272.93530259574896
852.465848249306,1232.2985875065483,295.9780432133446
1388.128071913164,1338.951520593276,191.28247049313632
915.5865965914418,795.4769795489682,408.5088747848427
1009.6102468890417,1065.5817970899438,309.5365797337536
1601.6273033680677,1182.179348276337,267.0328415029892
1489.1846841843576,1217.3839442331184,275.0945774308126
1171.2235306362459,1294.0409636789598,163.21781308322198
890.5589332844557,869.483772729217,95.42571747412222
946.9368625148171,943.1182627243054,33.399704723243595
1208.8633659368684,977.3444935850715,79.23389699619706
961.8578555255012,717.6697482125692,124.5820078646926
734.4933266305484,474.641164924059,46.41894524491138
562.709577896449,501.3507358433277,112.8209906237679
474.94698287614517,399.18126359689336,494.1373705243568
179.20672565015025,296.6335715189515,386.0641161802375
306.24807987766144,121.73435577903045,301.4300540406367
782.8243467726284,374.3365164866361,259.8307541590866
1142.4620343727247,1061.737470763784,416.4109126094695
669.0806365037085,582.3691228492261,166.09057290475457
1012.5790329161043,635.9818980100022,0.0
766.6580986622282,465.7122111680401,0.0
1067.064368763959,871.1908012584191,67.42913741331066
1311.1020363284345,969.4023089558615,249.80803187132145
1633.6994688585369,1074.3473913883167,396.4470443034383
2291.7889566968993,1139.2884823975692,628.880841310529
2200.815859659085,1307.4373234628974,581.7985119669881
1884.7632026076176,1011.0835513091304,380.5384312265064
2319.6411496305095,1597.6654040605847,641.4240438442267
1646.4105730778558,598.8803332877493,229.9845983230982
1079.951527683212,129.50333768331654,311.398124632806
932.3121229056353,234.8656608804645,178.02265303764838
660.3905992762984,174.55005972222364,137.09832424604932
752.9091985553284,203.08490571911898,12.869249113842391
758.6144199720902,346.5445166931829,0.0
1453.6730540407216,1260.6787053934538,0.0
491.5557711983417,528.0669816170328,788.4815287340946
426.7896202115737,419.4682695042267,546.4132518199054
332.0984951893074,170.1640960451077,598.8820080960089
98.93084065323598,84.15510176814553,0.0
1009.4861388788647,882.3409061090096,765.4482753932737
2627.414905674508,2303.588977748086,2449.132435331689
3376.0457892637924,3369.2173096997044,2418.370541679198
3999.1522420210827,4399.52439325817,2414.536163211841
4138.6851082387275,3284.607832745678,1941.3308297771807
1988.0955342384505,1824.1870501005878,1209.458658390913
2951.6520361177695,2066.241744468996,1928.2594644315325
1850.1281657560855,1591.954338936972,706.8887076546164
1304.5226671062376,629.7420349589876,9.941003592117749
2732.5253461096772,1919.0887299877443,1223.3038667294006
5262.737737250991,4347.855958970917,2450.308838591753
3722.745471032881,4433.925376248023,1401.6692888622945
4559.485477238821,5331.613875586465,1808.433576442765
4299.485547301385,4632.572263967074,2086.571708598155
6296.300912664899,6097.772400617238,3281.985366141364
6296.236864591958,4724.282594651704,2373.005725755811
4169.667317644518,2727.5333987389026,2128.03787340318
2395.423489508738,1665.435326913948,1173.6165579900828
1555.7085719412444,1187.5353802985053,316.0246403721998
1170.1243936273615,1268.5100238674145,276.6460862659593
155.85401685343143,304.3060260260492,116.66764463563804
277.8255230202858,545.5472274863482,485.6114204735861
215.280137160075,436.12123340557986,31.90713433680417
160.7997391050558,207.65800364846547,0.0
81.536872160906,402.16836363048,0.0
117.55944776372793,217.53139176973053,0.0
785.8268619361355,778.7661528058903,352.0929745546268
766.8688780312627,694.3831365257851,90.19990512061484
816.3933131721037,727.6543641606613,259.52636174019455
1246.413858236129,834.0821853327897,307.73239687195974
1335.5323674924095,1340.1528423248235,244.9786665405623
2009.0194361796628,1406.4061578150972,44.30591133212066
1393.1412306574232,1180.96449796871,154.76473512654738
1370.219438147713,1252.9628298186194,224.9334219958423
1696.008983812408,1040.911858787013,52.81329816976948
2323.434890465578,2531.2014553059585,1096.7230898839605
2202.3902295583584,1409.4981575076401,111.99465782796544
2800.876264292156,1567.8242472401303,620.7616104352664
3011.6811068634684,2200.200463352574,996.9600954964974
2880.1857531316036,1859.8238156803968,1191.2738164442228
2874.0888811338027,2239.399391732207,872.6446083538563
3105.9759189008446,3034.0447269154884,1185.848137439602
2820.940964115441,2292.165495513793,1291.3855692096822
3172.9548436690798,3023.0408512153144,1330.001471947225
1802.3258785790824,2075.2850904680527,1422.0992067300642
2324.8598072340696,2713.0192972346085,1531.3953434251514
3403.129387653882,4729.549667337729,2077.5737382649804
2860.5983863158795,5071.893354392026,1884.465465598463
3196.7075549023766,3304.1908766878723,3224.800319018918
3690.0411287970187,4216.051219567432,3117.270079723605
5736.435945847277,8049.377994070098,5540.883848302653
8069.75085804054,10349.536679930065,7226.681059593844
9701.83768298403,11348.792800769583,9003.665923427641
11489.164952127298,13260.963816199559,11914.024493157727
13972.192753107593,15198.744784325925,12849.017586454023
14578.761233908186,15730.068987157378,13605.078230090105
14097.417035168748,14756.86604155765,13542.069513867156
15179.245981679082,14737.043098144572,13731.8133369837
13932.073623594824,14891.731995667045,13698.51188838526
13325.979473102185,14762.41579671179,12709.065242591374
14016.364906577606,14713.103507534648,13703.363723742576
13342.39620558184,14147.300627183595,12286.509704020493
12265.874354512043,12059.897168213145,10401.836464711649
9881.089477090578,9924.734849757317,7650.072875639419
9854.480603594557,10637.326026284714,7788.87532227829
10139.330944445732,10424.597621262066,6107.906188142544
8098.256274679409,8020.526106834615,3294.222462312131
3189.684383142048,3090.4894194268927,1673.2938936521198
2265.105828768139,1649.7078036040807,929.5144170584168
698.0629444766585,690.2379228126429,563.4193821296717
1455.2504434160955,1426.6690708303263,810.7753156585575
537.194740108944,575.4518946259475,526.9786770565673
195.27422740237088,119.81407360901925,297.2844288523687
8.389040742183482,0.0,101.12264694748082
697.9389676344202,455.72608219523886,79.27702750101409
723.5723983818685,634.732455365231,162.72143503384424
613.367171359572,833.9157737916461,410.6647625501064
1068.286103595521,928.4028739710691,305.6655757482933
2459.471762134113,1635.0582870914734,681.9738730676156
2813.9593435019633,1937.7440058897012,1681.1566026304404
2599.971985842556,2519.2708952462267,383.35261851513945
3180.2597171512166,2492.9432519789466,674.7404679158717
2604.0568228844545,2566.286666734166,949.5444805676772
3709.6714141611483,2115.4783994011077,1224.2745976070178
3373.886428040721,2197.086779425415,928.7164139106378
5587.863412754116,4530.345405506366,2923.0425053396807
5655.936373878989,5301.515975193918,2516.441035321709
2976.9308262143877,2502.191465740288,1248.5123009163058
2289.5995473393355,2339.67737777613,753.800986746924
1017.6021816165834,1056.4311943041907,358.6185056864416
1062.7351877015099,702.7324017035301,249.0243267065413
1495.6653294589944,1285.2519334611943,690.928117585983
777.8421891004058,1009.8384532174242,660.4902125505654
480.40220376207174,718.1545902481861,1190.604437107862
62.828531699746435,0.0,645.8467474925237
248.2276999937011,69.62136199751994,642.4690666908724
707.4749116173007,578.7497212050446,819.1156654503667
599.9084056558272,544.4904699782235,618.6265689035546
1094.576380583444,875.2824531601608,442.9064610026045
1425.0326045168308,1468.930245793849,430.826582450859
1493.0952964678797,1584.1510420020302,759.9867697987406
1228.3650918587928,851.3534281698986,859.5473499066603
1541.936016172782,1200.4032030447681,909.1410981234068
1553.9817650249172,1335.9801075160926,848.8855089503961
1472.74128517209,1268.5401509324565,947.4501631407873
1499.0051164269312,1116.1836980518208,781.1841166212832
1596.7615393344845,1179.4675110350215,934.6546176091376
1786.0930678422733,1503.9756017043612,379.5074326493856
1327.5168880859446,1211.3804138881203,480.46639805701454
1539.4858055029692,1079.407414008997,345.0102461431426
1018.1231699033291,658.723314473217,217.41333400097403
934.1366811649845,695.3051958757079,259.53422181855706
963.9485933696603,565.375545653434,310.1817566747448
762.7940463646572,220.11784346104608,254.2519707247235
821.9500779994688,302.90989759065366,206.0856236438592
986.0470983359074,757.0909795478165,377.14403804306176
291.6101546882816,322.58039145909504,303.97466599426275
469.7004638235124,459.024124511176,498.0366942639105
576.0465572748775,717.9493777590487,490.5917668776564
499.0376594892345,614.976029353834,385.418379786965
992.8646319727391,896.8518012298543,1199.707410636525
2309.662657355815,2198.171880903676,1889.8972539941883
3849.9987121033105,2957.7146959917063,2280.8121105888818
5566.000577193244,5486.542685620645,2851.897459929716
6269.052855869986,6682.491011710912,4079.9449380812152
6203.356863146401,6783.269840117972,3512.2904572914736
8045.294475106238,8398.854941222859,5038.09394304912
8133.721299550643,9618.286867161021,5462.7510365185935
8751.056446435889,10190.00152892357,6063.56843759025
9710.015302819646,11952.900580872249,7814.131074839591
12132.486762182718,12643.531670541941,9836.016629503774
15715.572731827646,19506.357590769934,14249.228359448263
15638.041992017037,17952.343729904558,12859.666195003869
15857.346249861543,17583.44479703849,13378.426725133708
14908.617521139935,15761.88197754858,10602.940624161643
14484.696560357614,14285.431050928737,10251.681554998277
11375.320166012332,12160.981958610693,7603.600003461601
9512.926346411326,10723.776179590932,8120.549070943294
8376.19962260526,9258.922164267467,5792.544057786281
7618.989456084923,8208.32833500363,4019.31113621489
5116.951202552893,5649.558153080514,3185.736564558886
3992.2258848920387,4959.870214323806,2458.147785466228
5439.12839394873,5236.287959108842,2734.67833593824
6791.3604953959675,5770.587951830902,3622.244903241201
6430.953412221745,5076.294499944123,2981.442575017448
5761.428370278044,4717.701350973688,3779.001689607385
6213.481260633655,5033.124325599957,4387.317792777244
8291.694665042973,6830.126174360169,5643.324527014272
9702.010652785912,9915.041619504807,7176.225010290572
12382.720312460282,13215.116663135466,7271.187106088183
13481.171958963798,14574.18275155149,8426.773641240585
13718.56993647337,15523.465746072647,10064.437987144574
14014.771181996724,16924.428419586176,10654.452341081842
13887.463256200688,17498.936680851853,11770.198572577883
14093.772980734642,16846.796633873404,11817.186314069862
13842.649541196706,15556.962633656467,11359.57268700451
13433.893579417807,15561.104783224804,10619.09548988245
12990.576236603216,14687.746530158503,11183.84145722276
12601.257737144055,14607.918082909076,10846.433875664172
12337.82362998128,14694.444593293105,10330.470114259617
12469.378461057027,14663.387377682158,10364.081167072356
13044.836580555992,14828.504682157483,10149.63792887726
12696.048993807604,14871.806048722168,11201.36534823246
11603.300735141933,12620.057430288321,9601.964358247023
8910.453507449602,10141.06068590002,7908.423660193053
8759.811409932547,8812.79933144305,7724.023291448514
10339.276640549984,9602.679120624689,9645.80095653516
11620.565860140998,10851.043330653929,11624.74805409843
12116.233945042137,11289.80594418802,13723.334210773646
14073.220549004263,13171.171395228002,12962.43698762847
14487.438252523949,13708.37403675618,14411.906713355933
14581.950267586195,14118.537113648652,14513.641282217555
15151.815979004079,14472.043979068236,15897.350232899458
14419.507427734856,14778.221478984118,15242.672837840304
14011.068786439526,14663.551680293336,14215.244167248413
14195.390075881975,15195.741239661535,14664.797485292676
14236.902496694975,14942.886664597376,14511.055745915615
14412.630440634499,15469.765486182208,14112.229572667857
14247.467049484048,14719.531799255385,13541.762453017009
12551.8586325234,11526.473306998283,9725.537301078351
14014.540317061372,13727.221414170372,13318.048147300182
14914.796902991144,14403.959570884968,13823.221097011055
12073.426335144684,10777.240047815198,9547.155858255552
9937.16565371355,9279.73158632796,7969.255827511191
9568.197575754974,10792.55117854896,6010.8601048597175
11246.149603799073,11095.283380425246,4536.654181214366
9703.544205345012,7925.78841579478,4338.588167219298
4547.514744537337,3977.162716802103,2861.602549272827
1626.229937703619,2042.2629164910559,1347.4220649356043
779.589188771431,151.89978086924498,343.4242568480332
691.5664306915327,374.7764415162282,670.3405202212404
364.8904481675296,78.66471647476324,595.8545504621571
0.0,0.0,237.1823149931875
437.1797649091893,46.122345198458774,573.2860122593277
582.2994176105155,957.3575129849726,864.3332471390831
514.3939272098283,974.6355613089821,631.8710934515343
510.92021425929346,1267.0266864848322,770.6834554779252
914.2253747017819,1185.037784250511,831.9770053051849
1323.6958024517394,1165.3736552922721,866.1079063288241
1004.9624692320928,883.2964337511147,452.41408397531023
665.1292735062715,548.858876326632,387.861332604208
958.3894987237499,884.588752880262,442.249635557585
801.3814763620042,677.7097054240422,174.18988954839483
1440.2335124123297,1086.4667235951144,860.9493251530234
1150.1406951357103,768.5223155046842,779.0840780796823
1162.8717501806302,824.5876037873817,852.9509437795667
1168.925120434872,633.8877984504138,867.5354567685943
1459.6456765454109,984.9917527116711,769.4744271551091
1133.1054354163016,870.575893589788,814.2256533036833
1181.097514562852,973.6344693610087,891.1638387134726
1412.7158937971599,1105.1692840135297,1029.379351327031
1388.0855129721433,1296.7106956069886,645.0659307614774
764.8305380617284,557.8539308686992,475.0322578366439
419.6663289951147,379.19360005625435,185.34390789890165
132.01932905293182,230.8277540665209,234.5649839682162
27.658173052469195,154.5785839212814,284.3323137426094
228.2818441299895,214.10015022918031,182.955301618767
96.87480946694917,194.42803440086914,162.65142058086107
171.71644624489346,232.58236125677257,70.83212503750165
501.18138467562335,370.8548918737188,68.73325348720523
256.7094165617434,300.4886055483592,0.0
331.85970024978485,369.09028708416133,28.57268324285521
215.7634461680363,93.03914750323257,77.73300193809382
227.9134746959079,172.34758253454862,131.80148651995063
39.11907670242541,250.87084087656567,8.467050682166692
124.21683718854803,285.9540865878681,0.0
34.636485435208215,83.40815449990201,0.0
203.9517620278447,187.57878106668082,66.93535567879867
195.60259901406408,23.873598324958024,170.06827622471775
299.7179974448404,134.24282485220954,0.0
608.521043773774,196.4842067851916,377.4576932131088
1129.6008420740516,579.9714175821762,658.7243905944435
1234.5431374070788,1058.0743596058687,793.7002034347656
1199.5235739669872,930.0878713493667,774.8020599562782
548.2124595425652,263.41461586556534,228.7048510264353
434.34468992916493,108.39642654958155,196.30345531447009
79.57687388132514,0.0,74.95273551658661
49.12499312276116,0.0,108.23842842169356
410.1430722384455,0.0,65.17434316453783
145.46677675222153,0.0,144.8733264611739
299.9241076638134,19.05866044424637,117.95336344042477
209.87011944135162,0.0,252.11124321755463
664.6839860218205,290.50081735873937,228.73347779591148
529.8695104413034,361.9744382999409,410.06245714417634
945.7275339650982,664.8605519244288,216.5417477229492
1246.175955771208,1389.011846085898,1024.0683098749714
927.680113838627,418.7293431470164,344.367335096354
940.7124277550619,1354.801095470602,1001.1270397009048
1059.8968650282138,1027.4050679029897,872.8981708181547
968.1199418129814,850.6095943737984,831.9308577424547
996.9521734916847,1119.7063278524645,529.464952557612
2309.6801688773576,2788.6495162710103,2243.535654589931
2306.9543695305897,2384.227156143742,1313.3341199431527
1400.042191654382,1528.9929209105221,1086.7467375222095
1361.7004272742852,1365.8209514180103,1005.682979817654
1265.7385725913682,1518.8128461041483,512.3970912518471
745.1639944325442,846.1952427910161,0.0
810.7083639634703,909.8383923376063,23.25771199716681
702.789250020004,743.0671849310296,0.0
626.880233557208,727.5841840499576,0.0
362.7394361855079,241.71833414088115,46.20769448130645
404.1730241317686,180.21636310075368,30.53850842302648
864.3902337473502,812.5470215128522,767.8356267243711
993.5445834686511,773.6538034224227,500.0605279310015
829.259393939682,368.70080824132714,251.5769982490934
435.65524846338894,220.1450691574186,34.59656228728637
1333.1550971328545,1116.1321341699147,149.54881897196455
1596.9518176032889,1804.0162631347398,524.1942907550481
3323.7112321110744,3103.05578019291,1270.195689105894
6199.379951843573,6061.46653666756,3143.969037232758
6970.615250986386,8777.544718143423,5708.50927518701
8844.067801656704,9778.511134619834,6691.739832605087
9046.837644040384,10161.926669070726,7299.289289300874
9145.945354824895,11043.064497799873,7845.505562735634
9854.354917524754,11121.73396856371,7272.932200884872
11394.85466660375,12280.017536043533,9155.980726341377
13531.926301913003,13432.205646941007,11695.09917422304
15608.803802657387,15481.474249655776,12481.853894830492
15321.710423235585,15354.43757749951,14918.623592205706
16673.89814057988,15584.94483599761,13861.138690298354
17572.684490618725,17667.96708643249,17155.92983481733
14278.981839555543,17358.7844454341,14937.859278150254
12657.878279609024,15593.40877363782,12647.90173267735
15873.791538121412,18365.90513387363,11639.172071629651
17801.188790584343,19676.245794342496,13408.381550568154
18374.726837156926,19840.350693850625,12563.076711269476
18605.877556198495,18980.630894116053,13103.175360911544
18716.903113895783,19613.026429274265,12987.968727045803
17895.665909948522,18788.764329374375,12767.17923821619
18407.817850895117,19277.966565234703,11081.10189884914
17224.488167775144,19852.17412549751,11382.281425594663
16917.59565541263,19046.801426765083,11782.618275153403
17155.32293101133,18859.976987289032,11566.542718411223
17213.394136147454,19416.885240148327,14828.03293106302
16606.907988946714,18536.959035367177,13596.549575090989
16663.55476778617,18656.729697764917,14692.783032008016
16751.27981905484,19003.397208107763,15008.721342281937
15936.073675584938,18498.047886833116,13920.601430786555
15495.34213271433,18773.933692611223,13462.37667154602
16719.559249083104,18811.86631962904,15298.10126388476
16546.196474669086,18876.389692436533,14367.372823605276
16308.337194681022,18727.303779082635,12264.142853890256
15334.523287003516,17562.839990379347,11220.16345639636
15393.92179830168,16836.009074469403,13567.902797498671
15876.690556974472,16842.53042992023,12683.761159309475
13530.127182601373,13043.865977780348,10501.877524332343
14603.106079356336,15949.26795909047,11111.804764341492
15285.659192251473,16793.898884271777,12425.429465542447
14975.81602119906,14235.21096770448,12774.80516953298
14437.11692445117,15060.623856242219,12954.453667237012
13345.035720102862,14206.727191310112,11363.036135767894
13483.553545803217,14513.700731163382,12422.728892767682
13959.638584478234,14214.047767544263,12312.869519161492
14341.315094329637,14635.986441449806,12205.958996877793
13472.73225124044,13095.176544211901,11373.162768076574
13154.05976680793,12104.661364487454,10486.179860617656
13369.685730551053,13067.786210255967,10733.127063086376
11962.423962886991,11733.79538144889,9674.991500336037
13983.780450698028,13073.031258951334,10667.428347302515
13756.810105395418,13437.335353624661,11020.531433389631
15201.37461453649,15892.796207640353,11925.06338432449
15846.528541945387,15784.710630798008,12023.409875975954
15723.872920637787,16214.032778148083,12476.417901778605
17682.753643052696,17804.14854593831,13187.461077184558
17482.493084828697,17128.191879395144,12407.503032299392
17649.54975796975,17943.520109963265,14142.845975862989
18416.679196928126,19049.01847186374,11920.237711193393
17927.035339919392,18976.591761618176,11137.336818662809
18089.702625005837,18796.46228507496,10916.6237395501
17216.60440580661,18945.578422628943,11688.42962623106
17363.495331863556,19135.477005874596,11028.669559559612
17270.242434939075,17707.813431401475,12644.034487443214
16578.31891781633,16671.30377760626,12000.615618442613
16626.231726359427,16968.84548770701,12878.272482552364
16950.35573302909,17778.584797979118,13068.963972909329
16871.494199975634,17632.668797094124,12888.46059871556
16125.753398061217,16677.155539060153,12529.563021567888
16758.643418082895,17267.994774794555,10203.463404146529
16771.02484982027,16522.91248004257,11252.007368228404
17113.692009263465,16113.269406107669,10818.488306244322
17528.922364687787,16143.799348477143,10401.20980984978
17683.678448786115,16056.379977194856,10619.74125020376
17521.715540476256,16630.23479407862,10381.547323470126
17951.217030232994,18303.24767473975,11520.681626357173
17910.477388160278,17500.324428393957,11474.32477284395
17998.26565186506,17112.28536731472,11977.602487880762
17969.96684206669,17470.60801470895,12802.342589006255
17094.70438028529,15758.424426260843,13767.750624090291
17375.651345354254,17257.16105892004,14574.137365400613
16887.481632134448,17277.54341091247,14183.113366528863
16910.10981106993,16532.330735324802,14466.98164659484
16797.949717624106,17389.354893150292,14719.517188193702
17384.807949005364,18203.855593910986,15275.45992030098
18325.738493114593,18487.282550695825,15205.293609749217
18466.508315031835,18439.516533650298,14505.048213250766
18214.539061535095,18402.92180292597,14394.679168525152
17870.69814458481,18469.9486588911,14062.10274464862
17470.728871004038,18483.207957957475,14296.97147913354
16080.273469957972,17389.606493820025,13675.253998724293
16946.23454358692,17292.465441954104,12380.749419415688
16376.935877173732,16725.030093045374,12336.316450684562
15303.390916057742,15020.053164485633,11685.536186458809
15255.683003643158,14808.362054431604,12169.769654593105
15501.46945451074,14158.94773134036,11589.127722010518
16014.467429010982,14866.179612632895,10829.602581112766
15972.024982671855,16330.44583694758,11406.0880953856
16100.921730770673,16617.666938448445,11980.09111628249
16770.600892560004,17091.161824707237,12746.10524874875
17492.52231944061,16714.0693015785,14828.891208706542
16877.2786066689,16201.999065541788,15011.06270143488
17019.17840002252,16816.11140179636,14243.688610367775
17048.335632641774,16563.11506777671,15127.670982883616
17633.87401742741,18615.43776675811,15946.019269768783
17792.68678396763,19157.025088750008,15496.42934314656
18382.15388915482,19113.82431678897,15471.561213713856
19142.251843788614,19658.887769553887,16600.117633369435
19944.51495877053,20097.027062352754,16605.194482841664
20074.30611550345,19958.00543965177,17340.124978668682
19980.513241038516,19863.269625999448,16279.244894219211
19308.307008395765,19999.205481347075,16555.65469736559
18589.672497325875,19048.96941660742,16202.788607182889
18258.78663574073,18363.961544211917,14524.513568437756
16942.316582286876,18289.5272225571,14398.58873405848
17223.912159906344,17923.96781119859,14920.864435815252
16930.996281778465,17829.36481891126,14619.676977384042
16875.710998048293,18208.998300628158,14820.752252347647
16330.37136810221,18507.594537592595,15064.343868087795
17523.305049593528,18621.35882287554,15620.354229078745
17491.89107263394,18982.865149271023,16013.29216382364
19058.38258258886,18586.713370742178,15390.084026653976
19330.701675913253,18915.508820094426,16153.353279773788
19336.684726547355,19184.718262122733,17383.266395423052
18463.90103009953,19048.429278614505,16301.324908712431
18156.07948252438,18798.893142868517,16415.480770831993
19083.692410818203,18667.931295548686,16645.971236749792
18737.266127418,18611.458147760648,16250.336920851089
19420.78065428426,18798.375886768838,16346.2003532648
20316.20351272867,19827.98327223835,16993.609326023176
20123.212899569957,19338.31051964664,15876.125178877955
18592.08995644731,19067.89440768103,15449.897351267417
17402.860033689714,18422.439548812177,13386.061961689533
14867.690009508298,15962.322340514971,10733.372796442954
12508.012612962486,15664.659480099135,8195.14050404423
11456.062886436925,14706.696556553627,6749.526974705195
8523.518460119858,8904.625610881028,4666.619040067079
6128.353646499443,7218.742197543075,2862.219682385182
5405.8213440226855,6415.366328803877,2762.84233573184
4767.49196302033,6258.736237530557,2873.5062939954287
5557.039750326852,6309.110632864601,3476.435361009498
5168.804781519764,5479.521870581431,4059.616997919296
5731.484398988537,7072.579681314603,4766.9566597128105
5889.98913321512,7492.833045977186,5085.111306247337
7795.998087518139,8821.360206162777,5529.656075069361
8610.01561182295,9854.072998492105,5653.142420452556
6482.720067692214,7566.501800639522,3410.8107352231973
6975.7263599658045,7952.37752859085,3856.0299944933818
7673.063535052957,9460.835812377,5572.282661421374
8237.060487629018,10195.72816346564,5632.76119225394
10428.66723031125,12547.41642971679,8114.753533257501
10537.32477450456,12987.801253908752,7047.508731507681
13361.196725293157,15595.368398250737,11007.813007390205
13081.186143395575,14345.346053509338,10627.447207144947
14357.549704763636,16357.129076013942,12321.719848162697
13107.476082285511,13888.364486704693,11317.516062378849
15261.53291208533,15748.479548362504,14403.02167118316
16241.814184878089,18117.641208859925,16237.549860225705
16235.285749639863,18441.315940540586,16423.36869297967
16017.7386595253,18667.16545066573,16265.777065089082
13020.401034374294,15100.93307504314,13152.090558832588
13467.145120075802,14946.14756028236,15151.912087913828
15230.001356013188,17279.370548287967,17450.282777900495
16578.471760854776,17872.142717664497,17654.70250869042
17118.64189563714,17741.292661380885,16245.175483991554
17831.07398519419,18133.81500160791,16614.796355853316
17314.591907336016,17701.887693243585,16214.249534679306
19368.40738605127,18037.380694908345,15964.635686621004
18148.46066125522,18469.47922827034,16171.070840201946
17416.232446053786,18426.85669476403,15942.362397290248
18692.921917356638,18338.756221225383,16612.73511329105
17241.468727207335,18791.529675453396,15974.009837042497
16541.868963972083,17631.136252038425,15941.766595799165
14465.976813291467,14242.807251862454,14478.5110492424
12932.375349286654,13158.542214312318,13625.954588843728
10921.929374999301,12333.3790835373,10023.323994530385
10625.258215542646,10947.874902973157,10419.8104261427
11129.567741036595,12243.669786628136,9837.612176502334
12611.592110074325,14456.771206239308,10540.507829925911
11726.231648719007,12316.369084402337,8711.588634700698
11238.512107177743,12176.788519305455,7956.375260695502
10148.23995590723,10803.225772325637,8085.590352022828
10316.378757798737,11540.350636914098,9229.868833725965
9442.15617642325,10633.780312964336,7719.281485575208
6439.187368177671,10640.985989675648,4914.600531167495
7482.068624262853,8927.69096990254,5806.312989991104
8523.570895330291,8778.257711553842,6362.101896634094
7782.5617258215425,7659.035504246269,4496.827016483719
8665.652951442182,7768.838660616764,5926.166411702157
8003.739167449894,7003.374749767444,4786.687301935406
7610.5936254444505,6706.738074593317,3466.304138761801
7414.328698652363,6134.417463879436,3988.760827904867
7038.187648679575,7463.311659196061,6692.160206308787
7981.953169939942,8055.735953818189,6697.439124381106
9532.525342029683,7920.702552978272,6959.172126327322
11790.07225951642,10457.602148487516,10554.308570459025
13655.866977153239,12146.781293898348,12075.001391291768
14160.299950845112,12658.402165213103,13032.866167131047
14161.60969968245,14498.076543672938,14600.071251533458
14233.215936821265,14128.989417389903,12650.184306441994
14262.016729364172,14878.43042223594,14168.132675881112
15411.090642797168,15152.789783812885,14280.406360108149
14583.91127625197,14366.759749061965,12900.513496229682
14523.735160693615,14482.668698295225,11934.147258474386
15658.318365457804,15167.607869041485,12224.857319023173
14455.012517074709,15032.445607269534,11593.616013200535
13696.686470401612,13250.261025144515,11098.733069566626
12840.245691520937,13133.149222869659,11507.375137427627
11565.47466910029,12294.769993296075,11117.231652884924
11457.528290168242,12069.686358958761,10980.306841074776
11642.443729588815,10879.730159913872,10633.2948299012
11923.781736538063,11425.447526143753,10939.1553851199
12470.010812238752,12406.083118794297,12322.533892744204
12607.389993395334,12544.436641914306,12566.674319056869
13670.554953874775,14621.333354893075,13915.181513019426
13960.633942109836,14836.546888141955,14967.449806699606
15024.738773311936,16033.396025338212,15840.147543465184
14885.316235634675,16155.187466383337,15041.437783335074
15170.435282000824,15172.824436308338,13989.861880143388
15224.90600569327,15629.963200312577,13803.776785132724
14946.673427911592,15002.975755264026,13918.105292206144
14961.907310923125,15412.06210397114,14719.025113477712
14753.057985487449,15798.131567729437,14664.553723440304
15755.84343084758,16760.66481098745,14435.554842136427
15623.628389670796,16414.846502979046,12720.86616530719
15286.058222180101,16163.780352414167,12427.717916704123
15543.56524584492,15641.857312442393,11537.30559675136
15873.59277863626,16228.490057444604,12602.573140312234
16293.34850984673,16910.09657189498,13620.371136593763
16426.84706862827,16942.98879459224,13788.701436220934
16479.24052615714,17720.524064240897,14228.086241702023
16431.15206130559,17102.58711030373,14302.94893455695
16247.941122471964,16848.436836548022,14052.106246701098
16585.024824094526,17576.84003911668,13992.189886515476
16821.38639970476,17606.562061365214,13713.840777970574
16571.461724965426,16500.068586897196,13394.718004330856
17002.224394708777,16789.599370600023,14544.730642890392
17024.256782180102,16916.92845619093,13958.076046908538
16821.07636102393,16353.907699742254,12879.51301958287
16817.139082044338,16812.686852753417,13592.590313803668
17130.16435838713,16925.72032413923,14033.464225649454
17065.8540750922,16826.73674599865,14196.94353276034
17112.819432105996,17689.699531375485,15495.566081214502
17049.556894324814,17548.848513934256,15672.255050068983
17465.807575897208,18782.276822481723,15257.70851063347
18320.58658583302,18835.375679408193,15149.081163584398
17861.14737753703,18449.005213893026,14441.018646221402
18225.901219619107,18722.669650577165,14416.045588178273
17660.965496725286,17635.768771752028,13384.425844712969
17490.06221474543,17491.002864831138,11934.810495132697
17513.339976616397,17740.975853062657,12249.679505010834
17502.90113753065,17916.43868523082,13032.54742804481
16851.707367739975,16794.041797476315,12721.10986665922
17120.957207351614,18480.72524278167,13435.553394614948
16462.552731921365,17958.079663722958,13106.394081977864
16109.940358415746,16949.64595862407,13337.94369343516
15565.309713370809,17051.579292711525,13235.201916693366
15397.382540160252,16957.248253609854,13278.933024838238
14963.277144940485,16550.890116506085,12794.453280582818
15544.71674992894,17160.967358329755,13879.155055511355
15801.769186841044,17179.155217301784,13887.178822796668
16160.603370571873,16803.356311554882,13001.692040395084
16275.200217026682,16710.696053469437,13909.848448804389
16260.103846296048,15905.370475093272,13421.28872699814
15682.03640100512,15221.717061606596,13325.150719083873
15497.18511398063,15397.628178079984,13638.325261596538
15268.01515731511,15278.31020648236,14128.670145174445
15621.037950364574,14984.746523960115,14019.100992711448
15314.546626298164,16008.353125720838,14626.627338071949
15114.27042339148,15439.810755535967,14581.494742089952
15348.625346719822,15822.958346458923,14559.02826856064
14714.809084548067,15693.193908083327,14219.68660330772
14586.676012679995,15557.229527209593,14696.899619117155
14911.382283343906,16839.315461672744,14588.223826468738
15371.921654799042,16823.93819037853,13869.504782782651
15402.215320230409,17166.471064581678,13659.781915377283
15715.123921681681,17701.52104700218,13888.208661672432
15912.300111241102,17801.29153062418,14177.378249388148
15836.493428765782,17779.795625219616,14331.526459548144
16135.846563453364,17539.078704692216,14064.171603215796
15835.978670776605,17051.88048009144,13932.628479651376
15408.500881029613,15554.885737622462,12721.822007099348
15178.710878414673,16250.446325717336,12618.420117957636
14908.784383324597,17360.626928083613,13431.153166171953
15697.911507001474,16976.09062709814,12517.078577726226
15240.779514542586,16796.36685368759,14183.446387243925
14457.815913284201,16251.679873423684,14828.639734120808
14464.948770279982,16488.78711836462,16587.294468542514
15021.487545380221,16431.0609875482,17404.626648147703
15160.439794337448,16829.13520862497,17196.58071667983
15646.5234101079,17660.149777988743,16729.661128006195
16628.35941949757,18119.401054671165,17339.613826109042
16653.618120346793,18087.862051158256,17864.86154204416
16567.538409527784,18617.222138994035,16945.939938768723
16777.054161220174,18022.60115802766,17158.04431324509
16281.643603509718,17148.24545181063,15690.864397975176
16719.103192493712,18014.041189167376,16865.928930239366
16029.478754215688,18848.80466665366,17181.21699485917
16359.636805603035,18605.37301209225,14689.216325305557
15849.2088016916,18412.805351276307,12603.08671376622
17372.054933597843,19216.414710102235,12495.047073650445
18375.662771248833,20613.947902647247,15008.809594694843
18021.987203565946,20191.691670232296,14780.193081568028
17073.446428528074,19234.72388903949,13899.277940835622
13055.948241978203,15307.85749981523,12149.96772789433
10723.47674177015,12091.541190217155,9942.30313172241
7463.35676893056,9426.692048209832,8214.270238489213
7516.866776154771,7652.523483182726,7206.208859561696
8764.825211867948,6531.721656002916,7249.565085906102
6413.0006373069855,5494.000081858695,5807.625142738482
5786.396619462599,5152.2435519024,4335.079983453828
7224.545136549243,6385.147553997356,4388.837404388223
8499.707963515135,8843.647514343253,5510.576791174546
7104.718144084701,7359.338359956302,5467.308792630339
7278.24423066335,7717.3217224097225,5940.284880929486
8145.9698681149675,8686.667906411782,6724.841782169036
7770.71807937279,7885.83507182449,6115.793624420403
6037.925091346704,6457.7422301797915,4611.521442936132
6670.69912877455,6381.540463053967,4712.163195870962
5497.73123899755,4670.608736437757,4115.823837670697
5519.801316488172,3448.8881308104355,3441.010002749241
6617.9914074736635,6486.4789640373565,5660.055005965235
8586.328930070602,7670.542258519307,7743.396312598529
8342.918090446443,7567.585016081954,4777.851034471217
9217.687484909748,7472.129482615478,5996.772504753479
7260.2436165757235,6089.45392567115,4211.94322741366
6725.945054984958,4717.0775346614655,3576.934325606078
5929.17678716857,4214.9615395452465,3528.2328071085035
6957.676962375325,5933.167840933564,3543.234339289158
6695.579621958464,5533.964910212732,4096.142414067706
7374.0266608628535,6647.898149325301,6244.489799035599
5457.529718431513,5340.920663826505,4442.156570436061
5154.3588347314035,4255.579407821184,5053.804637014698
6685.364379888683,4934.669745642751,5429.560312467457
7005.67717691648,7740.128433698454,6274.024981528944
8607.541035977878,8729.900084773803,6881.504425087209
11923.38629544565,11711.823542960727,10144.054765025145
14800.284829552453,13865.987565314756,12509.717070242172
15439.144778848906,15829.312762781896,12901.37742706577
16027.228483171599,15885.666559461144,11640.220109489068
14923.864465864404,14714.19675462694,11858.555316365277
13662.55500318453,15261.910837231631,11859.939253173548
13832.128179663272,14977.881899181126,12271.367318202623
17042.98089864683,17510.661127946954,12531.499857969247
16969.667168405857,17296.81180296686,12937.716759323945
18116.531269858773,18310.90574004428,15436.943125195872
18808.35611683997,18814.029355276984,15936.258516281683
18073.65548060505,17796.82631143285,13805.920419567765
17304.75424215793,16260.228052196615,10386.594350722917
15244.04072071382,14092.244103132545,11068.307675578755
14082.879968054622,13002.146641362844,9139.422779007156
12404.16027380616,11459.508201581539,6290.062464636726
6616.8828012352305,6110.704299649801,4685.776325086911
5530.702142517493,5748.545737135241,5318.316165244435
3354.07382117267,3718.1940200165022,3854.72679324642
4087.9268364745653,3782.3020697009574,4733.857183203534
3385.75892603348,3039.512506699889,3646.91390382553
2921.677870664104,3012.0663965571694,2633.855048226692
3137.668629897018,2807.431781595677,1753.0661714284893
4335.091909833274,3432.106124501816,2719.5036478073694
5371.640420521086,4323.768936830468,2975.3352992066143
5569.979545950341,3840.7677250360666,2350.96760342675
5729.678322609154,4058.7323344392007,3224.9627367556336
6751.1527130006425,5384.126252487494,3716.981645078733
7493.766442439829,7273.10607877187,4111.874230670192
10841.297395567783,9514.093194565994,5450.647768943737
11424.321967115935,10407.443507982776,7628.686101793782
15949.38640442205,16476.699136437353,10829.361846517242
13850.282695104795,14614.595563283505,8913.568274126175
10859.806451032822,10068.941883902517,5827.595451735562
8080.758447067892,7096.0546561961655,3428.26996829045
3960.802320404379,2897.71626802432,1842.6033320919887
1210.2458995368163,662.6074543337261,533.2578410439345
1496.3091185527092,760.59077458935,1185.4280952011643
1656.3882621229302,1593.5409531411208,1327.6554589942384
1993.0942897692591,2128.176728184104,1305.0417160690563
929.9086635768434,1008.8321840135749,287.0888617221854
949.7137859991876,972.3519113375071,273.0305049059392
0.0,701.3332195332391,140.9986718936069
0.0,253.3084113656608,254.9624256532944
30.227595904510075,245.4554701871003,96.96033612600408
229.14438623193567,241.9233630674065,183.9892846414126
546.8886435560047,788.7523431189823,204.18642327684915
576.7820760036391,470.2858606393422,194.3645487231265
716.093043159954,690.608882250987,0.0
424.9709339362744,321.9928957277672,0.0
240.1258734686058,0.0,0.0
345.41266157204996,0.0,122.25832898073982
220.6696033496063,0.0,122.65328825875564
288.65351013730833,0.0,132.24935313125908
377.25567997308264,61.8092730258817,81.7427803888776
266.03173586705367,0.0,199.7427549295776
1186.3112767921484,970.5430665232808,1283.2161392475523
2157.899152989552,1467.7734369470763,1683.093525315019
2098.8598561276485,1809.4595956180683,2561.572987309518
2902.6610463264274,2046.0488972434987,3417.680933756209
4240.123364251208,2973.79552253542,3990.024476963881
5290.665987106309,4034.448048034282,4231.482955878987
5796.02131017974,4885.153025266312,4536.66352474392
7310.209180965804,7399.131736469369,4991.548413836807
6387.065598307911,5946.599402507234,4905.314164063856
5732.660201379863,5706.902945134458,4216.070074630306
4999.240299449668,4568.867911210427,3636.988637418218
3428.422354179111,2714.050175025064,2906.142794421954
2024.8442327515495,1480.4687883336148,1840.220973068928
2693.4734376569177,1696.87714301269,2122.913104013101
2674.5837359786437,2296.350104286538,2239.287201531928
3052.387557829886,1876.0046899038712,1182.4835054035102
3402.120574930092,3325.146003936913,2788.511385487647
4622.789471637607,3889.90250780209,2571.746132312825
8004.222592607007,7685.362818587987,4235.825620296605
8180.417777110538,7348.191851131191,4127.467902868014
6463.053546326288,5258.272959669246,4020.161466726821
9023.935258951831,8458.041103205302,4252.350829659413
9401.41138543206,9448.816438949285,6125.046437760432
13850.032333861374,14792.258904340815,10234.890709170704
17517.555732051933,16585.080980269086,13077.14719231674
17420.476517726165,17189.812560704795,10928.67976010198
15777.70172188072,17420.590514987114,11434.08988769462
14373.397669619506,16366.947326315818,10653.028873660576
12023.85193657135,12548.129359353821,9069.89927641179
6177.2319889197715,8047.863926254316,4833.048016561954
5065.746826280742,7716.948800937547,3747.567615382054
4452.644411581037,6359.245829874543,3230.6957232287737
3961.9399932509077,4817.340353408028,2710.194621426152
5926.411466773847,6887.487118246425,3000.7341826011525
5041.578319391543,5492.64723180348,3116.233500420404
4945.881544185476,4274.2154415049945,2631.733642861443
5223.575780742652,4110.553105695543,2160.253719397789
6576.821282574234,5380.422293101862,2924.698864573886
7139.7864867800145,6559.457283094787,4157.369578413706
7553.21162472011,7100.438603867585,4582.6883962862685
7574.128993881078,7873.104370701148,6142.159548093078
9589.433640752623,10133.320417618601,8167.824679234848
10518.591095801557,10945.001046958392,9535.531239736509
10401.203749233397,11548.620178662515,9683.425744464856
12018.5009759854,13732.313183937364,10581.501377548182
11892.005145071062,12440.820977315143,8609.54021655345
10924.799741908537,11040.046773043612,8028.198298289997
11822.310622321822,13611.096395136536,10374.61357176418
11473.682651534564,11470.598415696202,9421.067471262266
9743.832794501355,9637.639775493286,9417.056800029944
8764.606319912431,9807.423055075807,8979.506921715738
10467.020110966872,11805.050513917433,8255.670142816201
10508.074584686508,12986.555095227748,9984.87136160492
14563.431234125288,16440.11428939739,13021.727897089457
17074.62035215736,18379.02595564698,15111.852753030314
15149.597033237193,18372.009988750287,14260.71320247557
13928.945690552568,17582.26350730639,15105.094789484829
15077.894035356172,17753.54194668373,15454.387806252656
14026.512868879778,16645.184819346447,14827.308178033229
12469.435293399365,16766.544915075126,14143.429759519806
12686.908149321129,15302.986786365893,13777.610202716229
13999.588971414683,16204.92523320775,15169.61295314968
13877.371458081803,17666.695871717642,16343.949898479344
12797.389179939031,18643.480179570524,16861.251452628556
13383.917385662455,18724.960118239174,16927.296237467366
13836.642684040648,18810.66060265976,17322.06691194513
13743.675618986685,18189.084467361765,17187.515689932534
13142.110184128402,17467.71778611456,15281.667399244025
13601.384052273717,18244.308907282157,16153.744666588827
15464.80928784131,20010.194339128913,18361.119499109383
15679.22087858263,19029.855456142057,18266.22401141496
15675.447876038208,19245.651910459328,17825.070129212363
16164.701772272903,19012.864081991826,16735.155049794295
16852.430147699462,18738.61802241118,16568.933452239402
16739.033267457373,18733.73176068457,15413.542495465355
16872.276173475213,18538.168521699667,15622.554650142134
14606.476469503723,18314.093534119333,14287.243071158637
14529.948927228477,16121.412453942537,12204.086638040391
14743.52647361073,16264.938600460042,12057.079284335596
13558.45365209644,16178.326473772597,13453.975118046195
13972.88385797538,15913.362660085879,12737.305815514026
13437.441552527274,15849.237148159256,12631.39891056735
14170.56756522771,16085.894951885477,12211.804235382797
13942.519115705001,16154.840302768309,12300.07091433504
14477.316488703987,15711.490122544046,12692.790154408902
14390.826010456994,16458.20782822846,13080.27058196832
14109.937827704856,15917.372545161898,13420.59857257872
14138.438041329968,15964.189332140373,13559.10933218903
13664.62922903991,16639.609227623067,13269.033108304817
12827.256658695687,16351.791677334313,13349.774453230855
12822.576268478317,13905.063184285604,12724.79623777545
13190.951058680994,13402.981903249865,12980.42151529879
13108.524341511118,14055.618297485496,14240.270767255675
14302.213466018555,14708.336802266942,15016.096001670732
14263.744502658785,15759.473467397103,15126.27203171484
14985.457183710354,15865.14050275823,16352.90812243796
15085.927765960943,16528.222623335627,16963.215644031498
15760.859355840606,17963.71820097881,16566.029292044313
15228.086766450619,17875.913240191137,15931.937120620538
14901.810898638085,18269.470032819274,16190.291995295382
15289.959074672819,18613.524994913194,16244.147258301708
15504.139265977541,18507.573452206143,15975.121670620423
15421.038771363623,17814.432306007573,15976.070245795006
15612.202592737207,17478.073552733218,15356.135132284677
13701.442238207435,15771.709306988705,14142.107273690995
12944.536925370012,14546.795008669904,12898.273332307366
12022.630205119352,11989.244728133646,12177.033028236265
12433.661483515045,11993.369389339536,10855.046085189231
13064.422752431146,12093.834588086314,10504.666820436889
12271.832904735149,11880.209176513381,10576.448896033027
10689.179102213318,9375.851213588245,9524.601393068771
9446.913426294372,9017.787262395346,7613.528395318753
9162.23837615621,10048.726715712422,8596.139501217403
10040.55116198786,10236.444186576595,9385.446144911848
9404.833679401478,10008.986058323813,8740.100372580366
10542.575173830655,11191.791320903467,9500.597325928791
10766.327629884747,11991.427270998463,9731.305218865136
10888.522048782985,12597.429391132542,9573.046389216594
10143.443373203943,10526.960793639471,8513.175054178251
10412.021147752732,11106.08510564314,9505.192931296497
11354.834493715978,12210.113547976707,10295.893254643848
11964.161901640004,12777.071883543807,11481.6320309258
13116.502284225593,15783.28257707193,12876.084699162442
13638.777756988036,16119.021909173236,12963.397015653669
13195.307223149124,15640.015828906135,12680.185772169178
12695.582924089329,14932.95152976483,12521.6383073523
12274.091692547525,15040.975613745626,12159.813216343233
12749.652346817267,14058.849901984764,13049.828968301052
12845.680746170277,12670.023073592098,12219.411299236965
12860.177917645653,12571.587925591342,12144.253601037464
11265.006832604016,11264.148283037692,9677.909690098824
11279.719083068556,10663.176842370654,10122.535718169636
10940.751817645085,10472.4783776378,10171.795255598076
12261.56306327363,11099.780251718867,10377.5265226525
12209.316896586202,11156.951486832902,11940.708400604315
11582.567322880568,10652.069401421151,9703.624058520732
12366.136068545484,12223.6650575736,11392.03730876622
12778.312584555428,12838.825720982142,12675.25805548078
12066.949375470442,10831.45517684042,11809.462578840608
10792.104914299278,11246.624571234464,11157.198348532978
9792.57991975077,10145.157828704869,10096.603884133194
10374.464198269363,11327.163173898813,10338.26747651124
12565.950653759402,13497.139443292786,10717.662844965114
12141.495603410225,13087.769828691755,7566.373162608835
12739.735998967079,14874.226842876393,7779.385818765399
12554.74799963891,11472.73498635931,7475.050766970557
12247.040130685147,11098.436208530129,8342.298452392391
11513.122392039963,10669.89944075021,7962.065545544976
11191.22926973413,10474.95470657971,7992.459282898157
9166.177154567724,7914.697571310963,6585.2430068483
8201.726625506455,7162.952447853836,6598.5897945620845
6897.592185011269,5619.452648577933,5484.024003838849
6138.715511463325,5023.7721258660495,3841.868104046247
5077.143105831718,5191.980013242706,2926.779342531245
4052.2319109705873,4151.652438648366,2277.488519481301
2998.3985271793176,2865.996216032063,1695.2686917926053
1821.4020777584374,1859.9471168498183,1229.2333676670942
890.4548778161966,646.4285671124879,812.9041774218474
2615.896825231821,2659.166816541437,1519.5963964606035
3525.0528690304886,3212.7906650229065,2616.353015804487
3919.2375986088086,4636.939608235144,2553.105975485392
3676.03038546858,3389.989936458843,1571.1992923949094
2967.4149857723974,3679.367061514186,1428.2841231761174
2671.508590674044,3551.4172669805944,1331.4483824987688
3108.563230832067,2941.712316199016,1771.4723431757145
2436.6323991710497,2549.9186186341003,1448.1260289589477
2586.8487442840633,2295.616076913951,1366.8295589443446
3340.0377978448687,4044.986256692476,1028.9263369643766
2482.2085722630013,2652.2737082304056,1078.3406703864118
2395.783028648502,2475.3694082396078,1082.2388605617973
2549.5391155951697,2199.103872474876,1298.6818475149514
2800.3484778724915,2933.629201016654,1574.2935771343648
3248.9548760577172,3620.7981814468167,1800.3419507603862
3240.029987302568,2836.8454283603323,1883.685638575869
2856.9117685968668,1873.7405455534347,1217.8574766911472
1795.872123870347,1477.8007483547958,960.4803634554122
873.2015679641784,182.5694159656873,848.7636884375248
214.34165235433335,0.0,198.2724284683762
137.5088572100366,0.0,150.66551298072582
889.464002971223,304.02731784116463,886.8528999053889
813.4839760854957,10.408664013389975,649.3920139180638
594.2411850579849,272.53498987186504,813.7025960177149
1668.7453174554828,1501.8547832042607,1204.8097422878454
3252.7493179509447,3043.030662025724,2439.165478636602
4881.228840348613,3914.724510697411,2944.769074986484
6571.166694921923,4661.866035781108,3940.7228132051614
8706.34989775215,7466.874650708643,4589.836618147871
9346.415336062364,7830.045924123937,5746.306291996163
10719.225048555845,9041.165596761337,7485.393516915686
11536.037871456689,10145.15907152095,9082.13970008964
11980.278158857427,12418.328240410014,11201.609488403275
18594.776203037716,17670.368156343036,16663.431296918217
18589.76662685945,18279.463536579868,16588.963479839294
18577.81495414326,18537.459657463987,16427.978162230727
17263.5150704065,18117.500265659648,17422.6757632921
17769.111866412237,18938.28127712103,17713.833390679218
18090.735008305557,17920.005106881188,17613.536370479313
14812.04125573652,15271.753062175701,12175.392051695811
13457.89874642636,14663.835112957875,11422.172299730915
13286.971266937127,14581.441442730806,13232.608419325084
14120.315642424017,15336.897042361452,14598.871338720552
17048.285124548263,17392.74714441908,16520.058623501074
16064.43470984523,16722.59656116702,16405.070233128492
15583.69248630583,15970.707949006515,15280.667712450717
13683.720588016831,13746.048626483724,13204.819021027704
12693.235198390546,12517.632357469705,12678.343976869302
12435.553374114781,11793.757734424464,12449.645460601496
8978.19756399408,7435.726268329661,8063.531057573797
9601.339590603973,10218.114060809416,10384.955576439708
10331.68067309064,9965.414637148242,8626.243188039067
10245.070808157563,10081.629929999292,9261.447816814614
9383.796465335074,9593.539208237225,8324.896767686756
9568.788973476256,11226.52985910087,9877.79967712321
10462.577815285922,11443.801796856671,10191.189993286722
7883.194431378549,8892.04577481679,7488.162501627303
5338.388377811126,5440.692902571812,3619.140649713251
8446.493677736189,9245.251318967554,5376.519579495655
7281.244535496184,10424.90360163907,5507.4044078482
9690.305684295348,10378.278169140769,8934.824344453298
8366.449655355565,9692.47647773701,7628.536116659807
9319.485493382419,11149.573797061841,7803.249777722839
8508.684329741414,11297.556709900977,8192.67193712451
10235.123590905328,11032.961626154969,10414.865971242036
13624.423289915214,14162.183303504366,12813.766952133048
10528.253211841533,11494.411678380575,9204.571763347729
11146.035565350341,10931.856489109014,9545.03120323568
12950.166641744601,12622.843094193693,9801.09911272828
14547.346086234898,14461.44421882743,11606.951342537455
14261.520850102328,14218.099758625072,11403.33594609189
14672.738706428097,12924.500378637034,11514.287312155511
14297.584153533995,13302.311488519905,11878.134046208885
12583.812070952257,11107.234892933107,10346.71574012642
11183.900746024023,13232.587249880338,11682.966795745318
12968.250995940196,14857.958766641417,11137.143291189755
13422.759940133605,14072.777810809654,12492.695477011104
11336.595426993003,9951.495030453361,10004.987501950282
9731.036734155183,8693.108194170884,8099.725962819065
7990.961193455938,7166.849243641619,7666.72723083194
9219.650932690718,7691.9888531519755,7177.629229493507
8354.880085602439,7295.083776585814,8016.234993171144
9801.461904772581,9999.091919001072,8365.981235470861
10176.597935185779,11636.459498692839,8126.80338407866
10920.805621741925,12310.008657984888,9746.527202277312
11826.396309475736,12782.294335253233,9855.337725944408
14073.271509444408,14602.805126822273,11168.73663852159
16728.107924705335,17227.853830430333,13896.778983948818
17972.592992546855,18501.66666074176,15786.007257978928
16058.244959984831,17582.480636280845,15925.006625304826
13572.362235251165,15412.039313903655,14201.018217974715
13725.522675552114,13764.45788250734,13560.976226864248
13388.17403462868,13757.44448739466,14657.8770991346
13281.688645906486,13610.032631303553,13398.804615350093
13089.253367239618,13543.842117999,13222.648308130272
12465.973625114138,12505.699510631606,12279.267015461764
12559.601113142058,12937.429589441816,12139.231998543592
12608.076131887898,12777.621249781274,11743.792587027116
13200.42758701669,15631.9943318363,11741.078063481978
15526.44645420886,17083.000868849875,11422.080294448164
15586.810260385455,15847.481697608531,11462.265090556362
15932.102969384208,15800.368964693072,11443.917668788634
15767.344531662493,15888.325228119644,13090.969260825088
16071.348349558679,16254.468526962062,14512.595243824657
16875.19078882478,17461.660079498295,15991.674586203397
19132.781029070098,18318.855752850992,17501.797653732643
19901.61108655008,18938.7528058793,18086.64183050607
20267.96028286203,18597.233727226685,18481.70218570813
20631.380663408956,18344.776185699175,18602.444481514176
20701.72443476563,18544.690293167816,18914.11883490542
20400.496100179767,18343.387763712584,18688.434289406192
19884.497844164547,18293.924930181856,18483.0739454588
20299.11725124913,18276.069543133086,18160.655179593818
19640.456374048816,19513.416170821496,17360.52720826929
19256.212765599084,19217.486791764153,15846.417365801735
16117.385766277706,18092.018732348773,15533.511297360032
15488.4644470043,15979.656307491816,14755.087027315203
16129.554517734896,16047.599479220942,14501.279715535977
15810.271396776385,16507.307630111678,14146.75573492656
15371.022768107106,15318.627011896562,13895.64779127016
14052.695793206769,13504.06009985715,12569.434350486032
13520.356298549295,13179.9498121285,11786.283157079444
13041.865304919838,13247.373422416329,10935.94993654537
12671.340608483728,12876.887220824225,11618.115110705608
12298.611189332227,12964.694948262699,10718.43295976267
13220.49932881731,14437.475619015404,10083.893987365102
14746.453258615878,15540.283345712443,10369.363051707222
14732.885908074635,15431.856685321896,11938.411140750222
15233.174975895288,16084.933290891411,12261.672637032005
18843.050117348845,19123.324708975528,16880.103895438875
18481.133350794702,18530.179277259012,16051.108771780397
17799.26204537746,18440.42517527987,14829.824126887055
17908.898072134212,18435.383668001872,13755.436436981394
17585.088279896216,17344.991738822533,13191.485625335508
17569.77529297665,16564.85260719179,12879.334145580546
13809.042804308665,12315.291415510546,10198.089226204003
12568.379734380866,10679.133523399263,7633.230001222259
7785.930024118687,6921.714256657795,4310.02468842308
3239.7097211101245,2360.4647582279167,2441.599488024588
1363.5177685640367,431.86206375551404,1324.8355436338866
738.3949277884699,99.94172793585514,494.6004543819002
241.08611604925025,0.0,683.3186102356077
332.01000680784296,0.0,718.9761818997301
508.18666857943543,262.524310731512,586.5491367876741
1014.3159278128715,565.4733895129091,704.9333187360712
1839.7021694081081,1336.2321275797142,1031.11739767477
2706.0327502091636,1964.291029414857,1973.8304982721136
3081.34046750732,2520.7183751728317,1801.0267223120989
5460.560754572239,6132.104248855438,5546.881433954401
6890.868769361963,5657.996783855211,3702.451064654962
7154.338106905553,5862.553325077,4537.78667720186
8524.026779746717,6445.898694168533,4372.2571348819365
9894.15245017874,8145.034410665712,6707.359639885001
12460.728888434054,10995.653504498561,7967.155261343613
14923.378941085837,13389.52636617072,10022.83471163516
15860.097514745736,13414.319963909928,10616.076968100171
16431.89165855218,15189.590247091086,13819.894701651438
17640.16332611453,17463.171343322112,15480.733445014775
17410.870810216496,17131.30694830987,15858.322323372093
18028.064792998797,17400.52274052942,16920.687409173126
18197.187907069798,17478.124537427564,16567.55438517747
19267.600105798305,18073.28240543692,16807.910750217732
18266.648771378244,17890.02017977889,16910.293143690826
17009.48114904498,17364.127741478358,15593.540917217268
16575.318205151238,17171.883135048196,15746.259838639931
16614.687903569178,17512.087313426207,14571.952399807664
16675.51170578268,17447.010714663094,15068.719107965611
17334.959323945157,17327.889616596283,15464.638014244349
17603.595514342946,18121.892898501534,15134.591348523849
18671.759800776766,18336.253076773173,16227.410604925744
19969.711397779876,18923.85520364671,16049.244460332866
20198.175703766305,19914.54755981401,16818.61763508543
20128.663821720853,20656.03369492243,17863.75725968615
19489.571173777993,19811.114022308164,16826.71183555982
19189.18363571449,19202.41843793205,17890.355803075807
19670.89149348919,19286.62443628564,18257.53201013468
19460.345115190055,18808.447479600178,16889.00235720818
17256.242942573524,16262.975534765481,16351.159535617551
16536.41922885132,16744.71489315912,15148.695160815309
16836.65812866101,13869.436526052836,13124.365519203884
17175.006866351854,13434.093130611573,11768.066219556538
17557.33535776567,13980.738126725288,13149.412806422575
17462.81774297297,13619.676287796028,13951.749712166678
17348.173700315874,14643.218754973666,12832.835454936769
17498.09941056059,15187.713737169177,13088.495251307717
16900.48588701561,14660.651488562471,15210.780658975498
16128.969463131454,14321.484392044757,16006.94147662303
15704.925899585229,14211.111550303498,16199.230787667568
14360.202499789495,12108.777040989215,15556.286846612193
14437.703226639354,14219.94522730297,14610.611208881974
13688.16459287013,13918.275892986943,14217.699716508298
13197.543231091267,12736.605034244,13540.698435867724
13370.732972751683,12832.037213899082,14998.437142971405
14037.28742646697,14599.934332866862,15322.481161888449
14704.637660773826,15609.550256235625,15467.943711262256
13743.38891635621,15207.844855045634,16289.902153249315
14006.219159895352,16050.985929367895,16321.82950838566
14342.219567413313,16485.37936812626,16558.85609586657
14225.300709053177,15413.53397075165,16173.352932043665
14833.763966331195,14797.251779887583,16481.07814571859
14911.35061549894,14343.0123961116,15653.594927317552
15022.756814388134,14693.296625910236,16263.85867152594
15161.502849527527,17504.342537530712,16240.60182149722
15088.244016910385,16292.489446439993,16086.39839191404
16630.744345092746,17411.74509144898,15063.829003775156
16069.986447695384,16744.647111338705,14628.139436106558
15310.258016213735,16905.05226720922,14096.878229094413
15824.277175521704,16951.636586957386,14565.611329258629
16807.669587829256,17193.642871601343,15456.607409524277
15797.725083088299,16589.17990326972,14146.91912375822
12109.925942872862,13209.626543104892,11316.249678955068
11851.590858780322,11472.638552677468,12522.629034261785
12446.312863339914,11658.711578470182,12297.632881283966
13618.290073525186,13155.131947244885,13251.601122943612
15337.548771239033,13702.813711760373,14011.994192572036
15063.034549863842,13966.857984597584,15477.384947568886
14982.599234546387,13363.190878048561,15926.19601342686
14550.434153288723,14226.622819480923,15456.729192051856
15304.82509568677,15182.507209668049,14566.739305151676
14967.418602106629,16379.59558798938,15666.7925964282
16076.500738823977,17413.131668588812,15896.991559104208
16535.624404214115,17588.941783728616,17260.37962250765
17038.529841996988,17630.581072400062,16936.367545349225
17144.841372689756,17750.467590237073,16803.707671793174
17301.113912067492,17904.52796111569,15347.374332559031
17036.8711307619,17867.478156865498,15236.674054612831
17046.118311792052,16870.826333876812,15108.19785614826
17816.081438143938,17084.862050843763,14975.709277212383
17559.340270247198,17434.309567592525,15109.081504122943
16915.81871029201,16945.909366770407,14862.604476835078
16286.391198662084,17657.420251570562,15559.720674368513
17232.406212160728,18523.953938934894,15750.411247311697
17067.20748349448,18846.83912751312,16266.952175670744
16865.48685625589,18497.601901999686,16544.80330635225
16398.247898564936,18045.400446428415,16213.360776941949
15555.504863935037,17199.537478643495,15774.6798757814
15616.13447459633,16475.166065639045,14843.730188177144
14938.218655084802,16451.821454355697,14936.12461018467
13358.335935106636,14638.937632942529,13892.911514633688
13100.169155294534,13100.108802080074,12942.088264724644
14885.386147952682,14785.288646988958,15006.368271980582
16207.612356805437,16114.045347417641,16028.58205557596
16454.231676699612,17242.88686987823,16483.992919131186
16884.31524262216,17550.12411440511,16663.642964800445
16719.0817937717,18177.547301052404,17037.904581731946
16767.76953342629,18344.226261549094,17045.222940731885
16970.93540300703,18324.089457408652,16972.76268006177
17733.83603046425,19466.53908405951,17387.37746217559
17894.435627641076,19697.842398967365,17709.926820465007
18330.994934068174,19920.446035995457,17803.014646335578
17771.8711201699,19670.057907552615,17437.091493502467
18014.001712118337,19834.328879079727,16646.761177743876
17791.41525325358,19293.161191342562,16184.768778301252
17139.080766691783,19280.85190232264,16343.092199797598
16486.497137336988,18191.423483122482,15706.015974438224
16500.382801398664,18102.579455047042,15841.953611185832
16766.541473509857,16816.719222011685,13649.376532315537
16232.5178410043,15924.575594932892,12525.170212642926
12896.229925015301,14129.671482071828,11443.644437992089
11208.705877630602,12548.376371236314,10782.638687472458
10155.057848976188,9973.350514091102,9338.389417105973
10055.8380926661,10003.52993121496,10260.18144048124
11315.450606664028,9949.594939495535,11943.46697709776
12400.30479728738,10956.898807647876,12001.846720168034
12902.011746863918,10763.593137663363,13706.544106624213
15171.853282654123,12914.782940792787,14351.66022833315
13860.623522111444,15603.206339993165,13729.322198403735
17118.135318696746,18159.910275351052,15174.795203731952
16950.958538957522,17746.240653583543,15388.90955866168
16571.32280658766,17634.871195408985,14742.88699557034
14890.554244651008,16504.451555283285,14452.826153384683
14222.242575181444,14302.111672912082,14765.065977326109
12963.118248640238,11802.49755314643,12467.863579627616
12670.793029768125,12016.13900989117,9384.607650848087
13260.219279045292,13266.725950913498,12078.13840556028
15248.833436781259,14949.163702881962,14401.852450980468
16082.211487639775,16217.644899271358,14614.207756687549
16525.844584785442,17669.641992533296,14918.39149309426
17166.628653756907,17800.07469875957,15465.556733069663
17988.17944969632,18224.874524072555,17312.844814062224
18143.566170462258,18551.13065777318,16833.213340625953
18807.49299273076,19143.088946803837,17880.811089453236
18718.808757407838,18746.193664786926,17536.29167687396
18400.145457257117,18831.319579817682,18197.19061182415
18152.054610493695,18762.355307855716,17846.25253635204
18393.56315963205,17696.686239573573,16985.152710467966
17881.07249690855,17364.662428907155,16635.372668650536
18279.15535814468,16842.56397106495,16710.709680224827
18521.662317181654,16777.765055729895,16424.676658227294
18367.71833398536,17322.300218053322,16487.622624777887
18529.969664754874,17554.84984321763,16882.466404851064
18509.955505111953,17647.55467734269,16792.60443197753
18597.194057971534,18057.702235598827,16236.380148994916
18703.52434503252,18012.615142323495,16446.494913003153
18667.974151318667,17394.818095501952,16399.8782645421
18331.4608786607,17500.36419614141,15418.912814371384
18910.246604651475,17663.212794031835,15169.37231809694
17351.611201435044,16803.515622227063,13738.753697161766
16208.810309003344,15542.875377871102,13573.412350434244
16171.50333116389,15018.856039811752,12676.96709143254
15071.225459583731,15071.724871774133,10914.67164552506
14561.63377057537,14195.020466969401,10800.0185031919
13671.83465844952,13542.373249425495,10343.586427499691
11828.597260123452,13436.54661428016,5873.732415682966
13578.215092549426,15756.646930998366,9784.872810666817
15705.331683479364,16610.58873284662,12322.173401651686
15181.473623361273,16447.52373238164,13714.124828389977
13751.74653483554,14192.366225950314,11374.709074477014
12397.53841147864,11573.912349685861,10933.831990859257
10055.61867617221,9339.129365311694,8989.091927619342
9613.369742477778,7983.573165239309,6346.312891007445
9291.849395970128,8355.581230837925,6685.759875888905
9279.612606167335,8719.956709286867,7268.339327034426
10210.568947997652,9269.045932930227,10912.601041370466
12270.047675382626,10976.699989823283,10617.775276153989
14532.371195973212,14761.395142365385,13039.920546472003
15903.633591946142,15878.098019592726,13507.565816617082
17320.682950601098,17560.342487057387,15506.173071597854
17995.927977456915,17326.96588295003,13889.317974770867
17731.380500747306,17984.215544526705,15837.840133511889
