kpx_group_1,kpx_group_2,kpx_group_3
17735.306780261646,18872.679325786215,
17071.030562935386,18434.775426594777,
16457.574886240152,18359.228655914987,
16338.556635417419,18414.076194994766,
16766.133973371463,19007.409354108473,
16529.541098825826,18975.068499998608,
16360.218427984486,18380.247814053164,
16859.004532974897,18727.24082249984,
16871.74956680472,19027.52442547121,
16823.85570710841,18415.283587617352,
16340.404610760626,17956.12335036271,
14988.56115028746,16850.677665829917,
14344.627459776302,15013.03066689468,
12872.257527934935,14196.605280279924,
11247.725267081525,10926.450511294204,
9115.320223541934,9423.288174319903,
8947.210131474536,8871.955254207118,
9620.778802051875,11493.997701744518,
11120.294198276679,14740.145772897356,
11632.375831482288,14313.4624101975,
12588.417303661385,15239.545287577954,
13728.919754790879,15314.800166800225,
13692.005628449804,14888.858489528293,
14735.627357882446,15724.527783418282,
14545.601138796745,15840.522884483347,
14590.116991428946,16040.136657782357,
15351.64140254744,17778.174238896274,
14798.009988731095,17130.110813514,
15309.982199356778,18048.27333451086,
14016.964828346632,15541.753136872214,
12981.04462182132,14652.786551626272,
14889.478288926053,14991.330083846602,
14455.995232558536,13693.788531608245,
13513.06993680223,12417.04717785629,
9922.684410301012,8241.631370746067,
8520.649442574273,8525.850124353858,
7941.490686464565,8183.830441126825,
8178.219437782218,8476.163570071078,
7397.90737136824,8503.353424832614,
6543.003439388771,7797.526776000252,
6412.300841501256,7131.413513133439,
8205.820413535905,7287.719015560939,
10537.495492598684,9328.674077065572,
12413.297849910387,10714.34668349296,
13537.346933078703,12136.884278907684,
14755.77188975641,14461.353957262705,
15167.349812913273,16317.550408229525,
15271.216332908878,16372.376901942005,
15689.346100299043,16640.51565291817,
16013.169647952383,17768.948799495865,
16503.79972874754,18426.381773672798,
15550.561778808624,17515.735414998402,
14651.47060723084,16548.816080536053,
14890.805402895736,16711.182955073265,
14890.805402895736,16881.910670909096,
15039.226997693806,16840.293836399516,
14855.174391069044,16586.67299741802,
13883.867960574946,15195.826182031287,
12421.292677538282,11819.8683361402,
11439.135442072706,12307.175552572346,
11467.832301407192,12099.426393488544,
10736.665189303612,10910.776907940386,
10864.978598604977,10747.772966354289,
11800.108673195558,13070.828734870945,
14728.930126144056,15246.60518435881,
15340.796112669288,15933.654708131313,
15817.14777312053,17816.21681798227,
16225.46155670665,18263.398383872893,
15995.849213819523,17964.139443907126,
16073.319610428793,18246.575712935548,
16408.299836040664,18580.123429380896,
15770.11695126017,18669.910984818034,
15670.560359856721,18724.737478530515,
15863.732796123702,18842.274137273645,
15917.20683836221,18882.763815089398,
16094.237027637882,19225.975756385575,
16094.237027637882,19178.164435930834,
16020.401680069912,19182.065326339165,
16873.793283730654,19048.385407449034,
16600.58506210943,19072.94342054021,
16141.302555909651,18439.01998169738,
15154.268227196575,17802.12983655058,
12751.077994947549,13275.743665575998,
10670.776574482967,11961.674590969038,
10033.274817215415,11037.124292840239,
10128.828120117474,11947.71645374909,
10506.748473127247,12076.384847271047,
9745.711647028756,11368.724512149358,
8698.921954836684,9941.261020730975,
9707.23695208904,9885.807833815277,
10185.99927380333,8216.83445112357,
10760.426894744844,10734.98238480292,
10869.385440479653,11827.377990157045,
10607.717976648191,11788.984430939807,
10988.75953165688,11920.445387503658,
13241.488017150188,14472.431913709917,
14009.563355126551,16751.798728228376,
13959.51627052211,16483.47661650666,
15511.280287210271,18743.55893606264,
16581.65321933299,18635.512412514592,
16611.244819566546,18513.39851208182,
16603.938296615554,18347.107073181065,
16119.517169508776,18435.609858593038,
15735.913854671364,18046.271504030115,
14878.471417721767,17514.357977733856,
15227.18981467953,18002.538498904923,
13022.326589018528,16491.954758460943,
12631.331277563679,15178.126734966181,
10747.140618824471,13313.804485241199,
9666.491892357506,10960.326231684026,
8814.068961069643,8795.718188134324,
8913.326458067486,10386.497645565225,
10953.812607059386,11202.20937480566,
10334.705439546537,10743.960917913137,
9865.352783201826,9301.62448590281,
8364.528026316833,7866.336255463554,
9154.278302634732,8672.220496613689,
10071.499063254867,11455.94521132681,
8544.21523819012,9916.290411245325,
10259.59136561618,11029.463397768252,
10465.370821748415,11829.833225879012,
11304.576693527608,12658.62003386941,
11813.043090662091,13792.949813772464,
12226.776190092703,14972.516290574064,
11574.501855714763,12701.31420948264,
12280.101976786487,14391.007948447597,
14018.281986363652,17083.74853047975,
13290.119090681817,16770.13484128387,
12860.826111861164,16135.97878332609,
12630.662692777647,16418.165635575602,
9758.852922778333,12150.224408892484,
9201.913255196281,11509.235189962395,
8845.799317157407,11880.388707279992,
8316.277374278518,11365.586311773563,
7696.260312961457,9374.577646011676,
10275.16336433909,11537.937620321884,
8994.309411960297,10955.36025870944,
9158.22964302204,11184.69999794175,
9612.732092359782,12929.45214798723,
10209.788244836102,13040.354079272869,
9477.421942770894,12518.404079081498,
7093.664115870749,11865.859775182733,
6741.982680031969,11166.621311908002,
6389.585868966203,10712.63922314356,
7134.28582506538,10887.050031532366,
8030.888373555013,12379.404192628559,
5690.940892622788,8845.594514736025,
6746.761018995444,7333.953571070525,
6079.321587510115,6626.384294540379,
5810.634360623085,6973.024483647517,
5128.422719261616,6754.030698037339,
8136.6091358470085,8427.16425836858,
8013.660779414822,9604.633749635012,
7296.408114608768,9119.735995967594,
7116.815364213336,8672.707062270943,
7071.490640680506,8524.791690051845,
7695.20130626983,8602.220320771175,
8920.960333202522,9110.71890269355,
8616.276474688928,6994.676439699065,
8587.39376814569,8445.67988188339,
9281.34726833286,9072.471950133751,
9462.065951972663,11071.748827546435,
10981.19275078536,13762.399734283043,
11306.517329833678,13837.48396162495,
10033.338410941218,13343.389223183622,
9729.266306996467,12115.569745764857,
9742.272613522131,12753.194050285618,
9901.278782936062,12078.88813066842,
10613.436811023346,10825.115063556124,
11392.19816594024,11787.318309758444,
11783.418226460224,12556.713959884048,
12799.236375237411,14804.851747400891,
13271.649811026053,15870.019290759452,
13519.002756460992,15999.911491731718,
12525.706743857842,14858.590478310252,
12312.882109234073,15055.98395855054,
12605.494992377826,15764.900795647447,
12561.170256756506,15276.43559584297,
12284.901684135195,14421.441858695389,
12024.80161059453,16873.005426651554,
10508.105107748135,13710.720197052842,
9227.309870513216,11980.134973639006,
8492.054206685278,11301.850851888543,
8650.580181226856,10533.708725939432,
8953.625474567782,10373.054067105548,
11877.3839051337,12047.31067625214,
12125.389165804187,14336.630540935166,
12840.120853221775,13673.91091591241,
13097.723796882132,14374.649554814709,
14639.557127061506,17895.63245652004,
16096.950253110932,18886.00252995654,
16091.684769502464,18618.08522075398,
15547.036208986818,17956.59902561838,
15410.664042930342,18026.518265321007,
15600.260729903994,18640.851471391918,
15970.21882020648,18668.110933887845,
15722.357514758189,18668.110933887845,
15852.82473326707,18541.491610943103,
15631.055454922018,18056.457516354803,
15495.428694721579,17139.038113676477,
15734.524501506045,16874.630365712714,
15122.570325110466,16838.22629511834,
14239.285877849396,17030.02975221888,
11873.889256057055,14465.350922207519,
9756.292808953105,12877.061344746799,
6991.917241226429,8119.554052564797,
4537.793080743857,5960.183640438515,
3765.207758543561,4920.476703288318,
3404.231217664507,3097.562664246474,
2512.9338511312544,2559.814285365436,
2075.392345771625,1800.8907310263075,
1034.5385111966168,1414.316587771852,
727.2697534046147,788.7593339597404,
761.8666199330488,605.9303523554668,
641.6015936148102,603.7632170203434,
618.5792371323455,504.9680637869427,
595.4389987255639,473.4997679183707,
699.5400374788774,738.3091884028169,
643.3045699500452,503.7536783297249,
847.8194106065289,686.7285248108263,
504.31988509013047,518.6462366658736,
407.4699086313591,258.2915908767117,
458.8383131001673,287.4451073391344,
453.9353075202027,375.9971635762353,
425.8930892426773,300.5679533355323,
876.4252044774273,1030.2841319219153,
780.3068065641238,636.7734643030406,
2200.8951708722543,2014.0958202333384,
4032.959247666652,3260.863144060337,
6044.586975717537,5640.157376695869,
6456.647373762698,6021.632654237592,
7558.975660326133,6787.898014114385,
7772.781953900702,8812.802206543742,
11315.75253277183,12874.104586045733,
14468.72611660372,17063.55644011137,
15765.434567362432,17935.75542060985,
14956.295231239616,16586.915156184914,
14819.42255396385,17893.89920255784,
16817.682865859206,19414.20556856925,
17522.25919819945,19057.886280544055,
17496.11338926054,19490.93999910646,
17337.91971875961,19329.874120993965,
16755.037490677612,19139.468331136133,
16941.20624227393,19032.821184240252,
17609.66650269341,19095.474505048645,
17448.900135452448,19235.25251186151,
17260.96386979203,19537.51704278499,
17385.313981974046,19652.68950336769,
18120.55036870146,19760.9885762138,
17773.979599135073,19608.88211798724,
15035.749073726642,17220.47244150687,
13089.852631671994,15724.786521876804,
10777.946736334996,14018.192728026728,
9784.357657473514,12280.38047054107,
9056.880857390563,12001.559892112682,
9773.201456889248,14821.57439186445,
11121.052043852647,15221.11380422948,
14856.09546748377,18848.498478267877,
15726.910246199586,19254.038269807526,
15682.718433182643,18358.96562823993,
14161.995167050325,15950.511928973854,
14768.175137441169,15830.021586686753,
15164.704255771989,19038.233483076707,
15825.456931055145,19619.113302363403,
15095.785759439554,18545.78949203047,
15696.412863068866,19106.87035011793,
16102.736782247968,19241.945776781056,
16411.066726812496,19293.758270379894,
16189.46530902697,19093.185870970392,
16653.48271345226,19349.802972216115,
15852.865261507675,18843.427552782257,
15927.155861480618,18383.51364632278,
14184.167699738136,17856.51911014297,
11791.295755228883,15284.366126186454,
9799.11673530537,13313.311621389557,
7575.331334323254,11919.757164093504,
6667.741687260467,9922.226260411662,
7112.151157977085,9518.05571842798,
6640.415612502355,9554.559139395878,
5723.343631254751,6634.3155045155545,
5400.466929269801,5918.961132482733,
4911.557964008078,7068.664120791634,
7031.572578660727,8935.89832411912,
7553.460513049747,9190.59015899337,
8473.725435087295,10259.857261083624,
8621.469407981944,11111.184715735646,
9090.944746746234,13276.131399503438,
8490.968748424015,12006.748260746841,
7933.229911275348,12331.790236795032,
6419.183882677013,8111.075903964101,
6321.587179413085,6961.87292153095,
7995.47088721916,10653.108153690127,
7441.386479918663,10113.461467225914,
6593.916675724401,8549.922304196469,
7382.826947874385,9027.47125059057,
7672.664971642053,9914.481062578763,
6217.259137883489,9194.451827470957,
6163.305311663961,8371.244463579855,
5968.429226474336,9388.191275327086,
5652.105689787781,9208.32166228184,
6155.575730032128,8938.998754602102,
6398.417024658825,9501.425078483982,
6992.961535022581,9850.434717914757,
6952.091055894557,8664.961058966475,
6868.586911735475,7247.142524850169,
6184.715988151169,6981.431878978093,
5797.743774113846,6451.781244644418,
5792.095688376232,6103.814826611179,
6586.926863653578,7626.851252633604,
6607.143486950894,7885.47089920017,
6399.917739335286,7116.43079286503,
6146.84196950036,6668.729578505956,
3181.120053913567,3375.7272476065614,
692.6253267895737,913.4616151792776,
1134.475231818443,901.0032769509328,
1681.3560910331878,1591.7775576649974,
2124.8799611754625,1724.9237874587882,
2167.759279834333,2469.8266560867464,
2379.9172764191585,2952.8068440570282,
2506.8308012700436,4029.714556192828,
2826.9793767262654,4230.119227020281,
2517.0103023179936,3870.828040055706,
2031.6058564709315,2119.7186445527436,
1143.8049698056311,2086.570402381019,
1179.2426121020762,2035.479567123938,
1225.954721238485,2210.9743910063617,
1549.7567084012999,1923.1098783573157,
1214.7983591591862,1719.2022533218433,
1090.1566648166963,1706.9170610878157,
1149.0131084620043,1608.367834490326,
1382.9429538816873,1491.2529779178062,
1089.3554940783495,2075.6454759805,
871.8933238221916,1781.2037383687584,
321.48201818244894,1641.407028151237,
932.6186937079874,2056.63024124653,
287.99005320539277,1244.9134861359576,
524.9360297488289,1451.4093375877599,
464.9874205585686,1783.1129110056434,
553.8192421850716,832.8449962907049,
649.0228001944962,965.7233182105205,
692.6794885070904,750.6376778932207,
683.7217058172628,795.7598271213608,
564.5660543870968,1451.0826886373404,
816.6013180953419,1081.6782893829804,
704.8876408753894,962.2473828160646,
703.7919284412739,946.3311852993631,
432.2417178408306,730.0387875566263,
557.5572677578111,604.3276337053792,
437.69579175243837,655.0231499403809,
490.0540881333809,691.2320341790347,
490.0540881333809,711.8395346012221,
501.96671813048374,822.1784095928363,
609.2304781980343,735.5026655703472,
643.4981368370206,1145.9639530131178,
753.9404868425319,1361.062063641921,
1006.4489796913864,2861.366554025518,
2724.2318401141074,2889.5239187898146,
2925.657362654887,3071.64992518849,
2689.2139004067503,2502.950363829737,
1735.2784221231184,2312.85264883822,
2982.2864729996395,3001.136287386787,
2694.463823933371,2362.615819965386,
3551.514421546895,2858.9617573181454,
3535.365839851678,3289.8108293253717,
3907.687455305755,4021.064537067758,
3820.2927273705855,4333.435713637849,
4339.237798378152,4695.453521284875,
4543.161149165677,5107.38910429078,
5094.98777788501,5371.00264944433,
4303.796445963704,4927.489963968924,
5134.565359733871,4485.2634929222995,
5773.167752787722,5961.378651097478,
4992.233380312227,6151.818319327934,
5481.763113822879,5588.516846568812,
6797.3163087245775,5842.83518879396,
5449.466315529537,5696.901822090153,
4045.8569981734527,5038.123225081589,
4339.230109880439,5244.160709371703,
6027.762812697393,6403.095838653942,
7251.586109010394,6951.809218121544,
6452.301127412086,5320.160079445896,
6628.424440509797,5489.157631627003,
6539.411977089034,4978.013357125086,
8837.837803043272,7987.882954572202,
10307.471407543087,8363.71786612159,
11746.413071804303,10498.500864577836,
11198.651233955361,9672.49032403749,
11155.466021094726,9435.145291299354,
11934.274717265836,11593.6491465444,
12778.818427686332,13551.534170888379,
13172.382082775812,13999.631239770806,
13637.315338498307,13715.80417566511,
13682.588055157392,13822.986982085158,
13246.568167656893,12022.592134390863,
13284.185072321197,11323.701727988795,
12530.481798110899,11737.40937959959,
12167.391565731048,11417.091938763124,
12805.430662987184,13962.97299766224,
12425.362605021695,14138.70661923286,
12158.587027589092,14144.563008332278,
11683.201396225108,14685.56778231902,
9847.375595956266,13759.97820125974,
10035.644689883482,13519.901098440689,
10158.359224590853,13442.955503510648,
9122.948256762824,12734.721524189386,
9120.749371269367,10543.926197954477,
11613.368745111447,14098.084838827372,
12931.763294062172,15500.87545622836,
12548.289634997453,15051.613418706269,
13652.504068415843,16947.69348478323,
14304.593161465196,17059.696720978103,
13958.394627552505,16774.336851579505,
13765.56564137766,16244.887671815844,
11415.926208003397,14303.891675277146,
10729.50919727302,14877.406603350906,
10803.228827555395,13739.469721888718,
6778.174714356396,9582.920316762724,
5854.546178075919,6438.1840488112175,
3124.2342680892884,2989.642115634778,
1911.1065349434284,2331.1775619256678,
2249.6415561575996,2012.4962651356159,
2622.353195407991,2709.5982458915605,
2623.178905364619,2592.656512286483,
2926.274805005349,2991.405007526336,
2787.162375810378,2032.2592852991072,
2716.824562434634,3766.415189441381,
4797.346333660341,5786.639785704454,
8091.6076680231445,9396.687790414899,
10199.050236711631,12060.641075754898,
11659.745183072595,13001.043265612869,
13023.668153728238,15388.217799327018,
13147.424951376304,15068.042241677542,
12854.312511114991,14459.328646430762,
13668.31505808686,15683.66980581558,
14267.030891496286,16929.011365417784,
15134.300765522039,17212.3133773364,
16097.463446655505,18662.424205852596,
16002.623609679526,17957.931331896947,
15216.129394942469,17803.233232367613,
14757.35209332978,17704.002802747822,
14087.604344638909,16381.319815154931,
12404.566030161339,15228.86224309924,
9254.744155359,12185.857730546913,
5837.291538803102,6500.242868018664,
5967.602828733045,7436.200677458118,
6634.382634573011,8171.135535903299,
8250.529728767317,9357.735774735122,
9347.275458392547,10034.156560832389,
10317.115855959613,10382.618101121054,
13947.126744958605,14627.122237543606,
14771.528968592895,15946.376942203904,
15353.943224007064,17290.624417273568,
16400.438518036244,18376.126487384317,
16700.734198755927,18629.51616490235,
16411.496963202506,18835.789739103428,
15865.235557522494,18883.89003467764,
15531.469731913221,18976.426448895465,
15509.298484695872,18853.317251956112,
15533.310434089302,18839.304298557647,
15568.783161713314,18747.916224804583,
14769.943984625244,18284.26681329301,
14920.809850595513,18317.993246633912,
14787.50609364321,17580.72291388762,
14554.483649546473,17375.314719646904,
14747.191412321738,17481.785240095116,
14187.016684495566,17035.561505088055,
14130.800486269909,16778.498473466672,
14239.412135749106,17319.44163583064,
14345.671652551093,16913.23717464308,
14522.064236439726,17156.88267493718,
13892.914101910115,17070.733623975164,
14382.066217201504,14702.97137572617,
14352.004003123733,15388.04789633948,
14100.68349426326,15490.536281183597,
11404.62147267799,13406.816871727862,
11645.606809467037,12631.33914059209,
13322.255823419697,14452.658457228461,
13126.485912335285,13015.633989502814,
12544.67786925568,12653.728446230269,
11134.354467808605,10801.772500575013,
11019.27537338416,10731.444703828822,
13275.789101635404,11362.25982887435,
14488.64172689629,14087.343306673627,
14689.120477455694,16664.31775123335,
14458.407480875154,16994.947320901912,
13850.354466784207,16679.773646335063,
13847.278703010834,16596.311389686853,
13000.50007886061,14571.80033520794,
12669.8325275351,12092.623852991017,
12484.27702837501,11135.404582460116,
9856.91734577372,8165.927441336516,
5704.050022268773,5677.532240500314,
5521.865609588225,5048.013673964565,
5560.724263514669,4118.825103849803,
5356.073896375087,3780.991666707101,
4305.4059624580295,2927.265335290476,
3110.552180967511,2209.6917285474965,
4234.004502917788,3333.755892582834,
3785.6684314674512,2792.8984422697526,
2839.205957169304,2580.302811850285,
5018.0192371024505,3681.4738198754208,
4534.699123311653,3404.8942105174942,
7988.215173360949,7947.859834341327,
5228.404633942931,4801.929099079154,
6179.373806658942,5537.244531359803,
2037.6748195673779,2165.2609131127256,
1694.349649205871,1311.502219484287,
2217.60953603939,1441.383778481887,
3293.0759692939178,2916.4472725066485,
3372.856171599751,2830.2531691655445,
3441.385721292107,1748.4317310710671,
1595.1703780996484,993.3951169932253,
547.6697252130086,631.6231993030854,
424.5553429279615,603.0248361888666,
346.76080381943257,281.1688552785865,
836.4482606287387,491.97584280313805,
1733.1439454267309,1609.3310771840481,
1800.1451920070458,3592.172698804173,
2322.3630295975186,4140.952285770441,
3924.7861384692255,5307.962933344511,
2726.7119795416356,3502.865209127863,
2865.2725473412443,3524.6240196025797,
1395.4602030827084,2456.5988731102416,
1823.1991502623862,2334.779412950175,
2840.500470482878,2832.013308845432,
3864.061829917664,4042.2104331269256,
4821.02840733168,4089.5433661722477,
3651.216416783664,3539.929444311541,
3453.356129075568,2810.8508190888692,
8162.5103906656095,9764.196282327062,
8786.218103668962,10128.410005190151,
9188.696255721603,10718.447224953794,
8556.126529058198,11324.373196690298,
8453.514417482495,11882.543794926967,
8677.531661019375,11583.245224563783,
6597.549352663687,9402.929018153049,
5076.933374097269,6310.801169513067,
4117.610993540453,5548.206032355255,
4160.511156139107,5098.6050038746325,
2573.0249643893544,3921.7586088656217,
3170.220362626802,4592.996039879938,
3190.1699433018007,3115.47026036501,
3171.5323831225264,3207.5163484738255,
4529.1892779884065,4063.1055652485943,
6852.469184542825,6188.672906180662,
6129.3940141338435,7370.898500696496,
6934.052838624747,8041.8039748369,
8413.124783316889,9385.81417840745,
9508.500968664279,10423.491175267545,
11167.655265093419,11837.687421999111,
12659.993178317507,15758.840941198923,
14451.326951138079,17629.943885871002,
13715.526498799765,17277.47173968122,
13527.757908190659,16235.864743318692,
13786.663707216041,15840.32606866073,
13836.59399189583,16204.410484261716,
14115.064571521036,16448.357445993308,
14594.100155447994,16976.55499118338,
14177.521160991893,16758.464201736093,
13459.103703695588,15978.873436172677,
13168.186233915812,16433.485783953864,
13529.52515868602,16414.120345673295,
13846.87158065751,16466.033206407803,
13900.55243376284,16149.591240314052,
13691.950314991296,16312.249930857342,
13197.382254022257,15721.818130685051,
13127.57261966229,16141.494241661732,
13159.908505177476,15992.381822432406,
11939.884435544272,15402.230329125907,
12138.608318494209,15483.18792136251,
12124.639589008983,15709.729250907467,
12849.179260622448,16960.219166482748,
13764.524330706961,18235.536168577957,
13973.90071248322,18254.716116737192,
14360.164190462283,18353.112420826845,
14344.50006292473,18418.217423557286,
14401.965788475083,18208.284097158383,
14594.646878412823,18447.11758228549,
14509.41094075223,18472.98175591187,
13819.547151013778,18715.22171925741,
13395.072530968406,16545.70028572942,
13589.04471755267,16625.767983977526,
14305.581297502009,16758.943491550344,
14012.462344632399,15453.879087952317,
13797.167015798872,14934.95029616735,
13366.28663318248,14276.96535970689,
10542.960116429345,10383.42358193185,
9924.660902115367,12424.78008918836,
10033.679022011242,11194.492097238586,
9379.791913235558,11765.503809737376,
10311.612579547127,11658.340635837338,
11369.631220979902,11859.712711818036,
12152.934546312299,13252.154755323581,
13370.417100102219,13980.025621485673,
13892.728736642384,16261.670615080271,
13339.163788157468,15524.872795443714,
13376.874672248068,18131.8993515228,
13707.446992750447,18235.193190684677,
13371.304256559613,18139.80048121725,
13177.417582658012,17789.43579805871,
12267.07148861972,17471.673141687672,
12544.615259894812,17176.807086538614,
11516.30950632927,17062.89546269452,
10571.863890004011,15758.154660981414,
9868.129825973849,14351.679780584429,
9298.489171773892,12995.337120532628,
8549.48865776015,12193.804334423021,
8317.11854964647,12674.256499102254,
8554.163114859626,12104.58912213339,
6154.678643502967,10424.312473722905,
7880.185571175603,10394.287586035214,
7247.110494693964,10292.107191900064,
8056.803474858907,9337.526712411016,
7971.045889092485,9282.78615245648,
7516.51668378912,8164.115287473089,
7384.229287479411,8512.474407938755,
6989.943277114542,7082.299819807247,
6890.372020667298,6993.488233568322,
7813.102570227425,8947.327368640295,
7889.4051954973975,8845.853569940178,
7319.533560099547,7995.393478138213,
6617.289653919979,8105.181080599877,
8421.6923328285,10061.295591461387,
8800.127279640294,11577.817201372813,
9593.081735309408,13672.4870949567,
9001.394723742333,9587.658877805581,
10715.779011878969,12960.80664155393,
12013.847390250934,13146.039686613194,
12064.946159523193,13320.597308767827,
11639.313661974833,13673.742809611158,
10919.588073384162,13900.611768644028,
11031.327697346993,14791.885978962753,
11862.321572431645,14508.28438264651,
11211.017436696231,12465.270626937034,
10784.380870772677,12661.393328972152,
11129.484736966922,12066.322911606505,
13001.691882167257,13458.68111099979,
12704.171378611674,13000.401251541873,
12310.803870065265,12441.882275349373,
9400.144750150363,10109.022297186604,
10074.07870207044,10424.317916361659,
9948.816937036743,11700.866386984077,
10911.455987376998,12569.866891746848,
10386.095013095717,12347.655991727059,
9717.379071861336,11913.030778135926,
9890.90074961143,11319.612230922177,
11166.460222174876,12382.975175348038,
11843.720759578731,13963.972740132222,
13098.870139623456,16252.851680861722,
13555.026132923726,16199.416263916044,
14229.218942544925,17454.576307151987,
14354.340221780714,17708.56165247188,
13406.823527141032,17441.90953313248,
13002.020164934504,17261.053430818134,
13693.32830929952,17581.132910734614,
12838.88850088404,16831.983024471952,
12881.91011878909,16945.059005440176,
12942.46883209191,15155.879253824532,
11918.94429471757,13843.304842792631,
12008.057179355015,13074.565598683634,
13181.592544051393,13131.623631385095,
13547.105822067177,13603.598789181066,
13222.096806519676,14171.268457760052,
13590.129217652091,13812.154586783872,
13729.170815023695,14125.201015427603,
14295.329490769022,14145.351034627609,
14843.836991758522,15010.856562966055,
14430.394257926755,14876.689513061378,
13137.196484277078,14324.246218465682,
13224.15343529963,13873.828345016178,
12566.104430784282,13468.143858115825,
11072.188317591077,12851.450344800605,
11203.394714968766,13663.761364077698,
12222.119155560558,14448.841479137554,
12284.810551225311,15747.241923126125,
12561.188664465006,17844.461740124403,
14252.159784175416,18483.781533025478,
13692.93105129253,18372.601712161522,
13582.444828857264,18347.457731114104,
13428.79321078011,17738.78558854315,
14301.781630389522,18177.170574687007,
14258.522631816193,17742.67304335833,
12841.72799323674,14357.511863376869,
12893.920076276101,13082.280523456755,
10308.55227841403,11517.21166913617,
10760.803005385056,10726.755172340128,
12887.233331190753,14003.504251168264,
13498.33097174486,14386.532444054836,
14448.389704272164,15778.632884552102,
14798.824853627382,16052.118713305488,
14739.189734696929,16180.719406046663,
14684.100095437308,16529.182573926482,
14817.08696420633,16389.15921871147,
14695.262513672576,16271.267599199055,
15242.159842395717,17453.315219108816,
14669.183802894593,17403.8122806338,
14102.039260716456,16511.580471302368,
13966.453024205668,15379.290917108237,
13588.701052769096,15499.675238378066,
13406.135482675161,15811.210566969743,
13077.31866017335,14275.317875258643,
13096.131032780258,14723.442772039203,
13223.881577624674,14402.80935587192,
10686.999557699459,12472.243755703166,
10201.780442557496,9773.130915525115,
6003.975515949384,6617.220073298755,
4822.210003449279,4372.7677503401055,
4556.7898761250035,4472.157827079304,
5189.105801190327,5412.904923757202,
6621.927738258725,5985.790517078399,
6415.555266196383,6103.740283899103,
6462.935066905818,5482.584782223626,
6455.569864791349,5834.172922247075,
6834.703127733494,6589.301940872266,
6727.842860647565,6922.967563788479,
6401.653097296297,7236.803226159849,
7442.858161948906,7547.862274567646,
8390.908730629411,8857.09967223433,
8656.959325661774,9786.762073595859,
8858.15171052956,10635.409394993432,
10140.630895789478,11343.04956448059,
9828.086699398085,12036.819370391528,
10534.794117434372,13031.177787997283,
11363.682997398557,14693.114251986148,
11370.389353796882,15994.058098409507,
11465.288933780905,15893.853887834677,
11373.20301993547,16087.805115124103,
11155.196512225555,15205.096064064419,
9564.0580672382,12777.423857520012,
9681.14606584188,13114.47710721747,
6900.299844688506,9617.220866708853,
7862.602418421532,10632.35603054047,
8427.470187918407,9795.859255266469,
9299.176405753604,11173.489668452943,
10605.650266941999,12792.773965270906,
13588.382855535576,16102.163131286874,
14645.599535632588,17261.56072663366,
15047.956071629073,17425.44297308948,
14879.483390881162,17810.277744772095,
14583.295286184539,17357.70934417218,
14665.218854203704,17069.724604260897,
14726.957051480185,17177.8842139083,
14948.45705378896,18010.017054170457,
15511.001527968572,17602.564162150495,
16063.294801768845,18150.872537500967,
15581.407517340904,17956.471450372246,
15396.803687789787,18092.225114490248,
15038.16188922866,17712.39679232669,
14577.533011460004,17587.435844568514,
14498.491070999562,17095.032744561628,
14859.827940858817,17294.440390424177,
14888.86946902445,16664.87208313094,
14935.003807021376,16325.183442165118,
14175.46837651557,15450.302520397714,
14319.238209751918,14527.739677805437,
14419.367059797907,15065.992992733953,
14151.32707163891,14808.269345513792,
14441.757045338076,15377.285968582766,
13442.495307717236,14717.6293538176,
14349.284248201931,14921.414484890129,
12618.90579181839,12908.730306972733,
13113.188669381563,11351.642903789832,
8600.70378544454,7593.997337024257,
8254.144255673378,7786.216243509367,
5345.315940170503,4771.844357403257,
4427.563609624791,4535.256099249909,
4818.616977626006,4245.7033501697115,
4270.1991927489735,4643.21155286383,
5083.4947932840205,4694.403382843305,
3086.6324203785916,2729.2508167841142,
3445.9835489419324,4113.415077348382,
3539.4257562595944,3874.5799701354726,
1892.1064399757124,1975.7378277952614,
3197.6929520434755,2100.512319170535,
1943.1616706187774,1518.3699143744097,
2147.888919888656,1661.9861538092098,
2482.5618906344894,2368.7200199851354,
2361.7237717041216,2387.672363660903,
1585.2504440176756,1459.0195704571731,
876.8463922347914,1135.3768823376934,
547.33255699975,662.8354631598646,
731.7016482127839,973.3577820847399,
540.7608376101035,559.8244055742784,
524.438936597791,453.28889796806465,
199.32222600635407,165.32224238070984,
158.4336630106832,136.82103775806243,
179.64499381465325,294.94834003636583,
304.0728928115411,209.55761347354988,
170.98753664745556,161.22841528353402,
627.6896275796835,707.5325641465074,
1106.8832728919422,785.4235435837488,
997.7932205277203,1113.796704678892,
485.02199769064316,365.8570331474715,
628.3801500832601,341.4004280766745,
522.2457483242098,388.6391797205133,
508.3463955797914,143.46320105393306,
609.8982945998023,336.8156065136373,
395.7393090000481,157.09586725008668,
753.0965871981181,737.7717039309238,
1392.9564285338708,811.3721250325395,
1108.7082611073242,734.640893900694,
1310.7817113029503,858.4302579121893,
711.6291026840016,671.5687560584705,
735.6503551968028,755.3021355635638,
986.983036887311,701.3026214517599,
1136.1343527866284,997.5342275072043,
2155.2610629133983,1628.27806527882,
1861.7772990284482,1676.597086776144,
2727.190277467099,2766.254888945329,
2509.5035107323206,2490.960209777891,
3524.4296792690407,3915.554865958018,
4938.854570902548,5364.611054004103,
7812.2362733588625,7166.430128263286,
9047.359935434835,8581.105229490617,
12574.499471744879,13706.043915441282,
14596.761590303728,17234.909054704054,
14760.892813416485,16779.646451027606,
14414.050786133494,15669.562081318352,
14312.946715712878,16252.011646597206,
14677.505869883382,16726.958989274342,
14523.075054439583,16964.787988286094,
14434.653913101018,17188.048969992728,
13715.93405526202,17206.44459724489,
12436.109903201535,16213.389381498646,
12664.695363878718,16343.614527410435,
11907.159652992868,15144.842672434455,
9324.57281354683,11773.239855539847,
8715.704277673241,10346.94909971508,
9785.454460114233,10037.64805912428,
10500.3571733296,10336.819712254377,
10277.78298113831,10427.69554889098,
11079.684353585977,12499.283311165302,
11863.685610076875,12882.536491582972,
10174.910927052393,10429.868727551728,
9979.474818521203,10337.490811315685,
9685.148350585123,11452.737899167336,
11354.15376622027,10822.967203509412,
11399.385267784286,11615.45059016381,
12063.994182615026,13452.510882671231,
11213.307818719992,13018.517559958995,
12135.468311600556,12473.21169657656,
12928.903342038424,14372.0671598958,
13283.41281118463,14995.320819965596,
14510.918773830967,16537.244853490545,
14669.440017009041,16838.672211427114,
14809.225617807353,17608.98363605102,
13850.208288821146,15374.657632158582,
13476.167278700656,15547.979959614146,
12928.153155676007,14996.633085291449,
12733.2160117188,14950.199000166489,
10351.344781979353,11475.74818651276,
8577.207784048383,10874.467241416156,
7166.94368085231,8384.348529257226,
7384.65350174489,7309.108885253697,
7709.685830918649,9037.809000091136,
8546.517048998156,9075.040451691606,
8313.747498691362,8347.515922505649,
8911.177629959106,8084.574721773283,
9473.783632214363,11430.60594247913,
12489.829173850088,13831.42607966556,
12047.67698717097,13281.239667023228,
11762.750605676409,12247.121290278523,
12364.361727021522,12685.558378848455,
15294.676203483146,16120.126696106028,
15315.196370630065,16534.78970911787,
11003.594271958036,12227.459882737388,
12578.669169573028,14409.054260049903,
11701.953464969487,14344.193221460977,
11717.192906214643,13370.643974183691,
8836.844756432423,10556.89943841231,
8221.003073693342,9281.772112051729,
7549.190855919887,7790.091971752508,
4995.969846102881,3419.5456108140907,
3520.1072811888107,3184.4142593012775,
2123.7887328309766,1821.2187322980178,
2311.3546247859526,2336.441142732898,
1685.532509759908,1401.8553243788017,
1766.7541504612293,1044.1881896004722,
919.561008457746,564.345079303977,
576.8904235940656,307.5255673860917,
278.1213765195416,134.7589123187058,
326.9505888315066,164.80030776307902,
372.97220873251365,266.30371564307956,
556.4633844138939,335.30376915042837,
426.47533839829134,307.6285830075598,
388.6129450249108,190.53832736986678,
343.36552278153346,312.845148538096,
343.7296694990503,356.000912210029,
403.7037486545383,354.3028628275305,
1799.530292808733,2264.3113154583507,
1419.6828596219261,1533.239209488568,
796.7667727066266,997.4457796006376,
595.1141865655447,628.5885027979668,
610.097235495509,586.9346450346327,
474.1446554506265,433.1142983147032,
419.8488997282929,434.65245508669335,
462.29310482683985,453.18462002604684,
562.2133853779646,647.9873109814977,
126.30925206299625,106.21860936719017,
91.44158056081926,97.65100981934826,
91.44158056081926,97.65100981934826,
89.3750770683153,90.63423631870509,
136.50015657254093,110.37954548492067,
126.21413766339842,93.26141108903548,
191.76046876017236,129.29608181284334,
224.61623103975302,163.37717792545038,
401.837650157,403.7265681444445,
286.61704262969135,367.13788667126937,
1055.4727498463126,909.2248338048926,
1454.0708306712238,2070.6997106139984,
2151.4320216029632,2038.7819919695203,
3420.1092152819956,2375.5090607224934,
4409.281581611015,5041.938864057946,
3057.500523864966,2766.2260899321464,
6422.327040009122,5705.44975053176,
6589.771057644275,7007.890025910892,
7007.743646480277,7804.354699519415,
5351.196265834131,7239.696194887928,
4760.3489077816375,6463.691888915189,
3794.739469502859,6901.170663643773,
4683.036973900404,4443.850293456068,
4126.132409263897,2956.4666009442653,
2012.0168633446276,2256.8750882351633,
1413.5285974406618,1270.189230403969,
1060.3787745263878,751.2061689068918,
767.0323235070792,804.1383321667291,
437.2566077209117,662.3267839867885,
153.90559662401571,352.0638865132709,
544.8862009232868,634.6968320553923,
1052.6957957981867,1131.7097710194473,
624.4112173019065,985.3709503993267,
381.80276509910243,1075.4885302145865,
530.9742803471407,437.71533730332106,
747.4327516408537,1276.8043467578625,
1576.0150296250574,1742.7503592603953,
1317.2247695118158,1048.1585912168214,
1073.4517370354142,1119.4869654110512,
397.6697228823945,419.2912589936308,
392.59134584639713,317.71070154247093,
368.6188840524265,328.73872827328194,
422.78229048126286,332.575064953827,
349.62044674267395,339.6266499204623,
458.5273772344058,348.729417317607,
444.4083037535264,403.85147679343345,
355.40931767827516,340.18772932497444,
489.8822562802203,459.0386425601658,
222.32356187537954,131.4878164431542,
162.5021913071955,179.91391489567073,
98.88622500437161,183.07038617150664,
108.96987871455494,134.86553475362217,
118.01063795686386,125.70232752068826,
110.25149097580478,145.55645383425608,
172.21734154696406,165.66865366185402,
102.0753409246779,220.57841055882542,
415.65153160176766,251.06417528840885,
354.2271713117323,325.0518196275996,
366.07022612876165,761.250781081103,
532.852631273148,851.5941618101955,
769.3452280344366,1063.356428952515,
703.9719078691145,1088.7362123749865,
1143.3834399906489,1902.0565156733574,
1083.8638011663015,304.66708137130854,
538.841082557585,107.8637903981106,
708.4363734685702,148.97350526520304,
917.8962275221244,745.6283537081232,
389.1247723687326,534.607185277931,
214.76849189333436,355.7470640557632,
575.4584999526488,361.9495962196787,
533.7424039764841,223.38969053686654,
179.39469259387454,140.45375930154123,
699.0141082701359,151.84251840833397,
492.72402870866404,425.80554397941495,
981.3917215765138,1067.8148140906412,
1057.9986104263587,561.2649135852575,
910.2459412504327,415.6044516929829,
1924.0280742403372,1284.692807260079,
2318.369585400153,2318.380546647126,
982.0009896335516,1247.8257667994667,
230.20010571970914,192.95271977308238,
634.3517508453313,569.0679811462368,
835.4482399360343,735.4506303313865,
1395.1949685436148,1072.8793595980117,
1414.0306758082281,1082.5220257562048,
1059.0288821935853,1187.8497694004282,
1042.4586157097162,926.4117046826032,
1034.0528921035761,1077.778351618869,
825.2962976722409,608.6213275058024,
633.986475149477,597.5569723585924,
596.7824917540795,525.5337451906241,
350.35290643536086,354.15980300209753,
335.7971009965448,479.8123493488459,
316.95122116223706,332.1299918980127,
622.508885813897,899.8691034634712,
1743.4679283217458,1672.1082724145028,
1528.4631386748774,1035.5360333429137,
1111.1389174960425,564.8428412333234,
1728.6567419067885,1374.6588325844475,
2942.883568230588,4779.2814688653725,
3606.0919653904825,4249.214266141163,
3968.272422378181,4136.179637587448,
4004.6711543973424,4968.887595054604,
5897.474686430125,6527.832072749896,
10388.84764876066,13099.670879238869,
12221.72561210876,14711.74238205293,
10247.123274030882,12110.701186867123,
9515.296682952325,10769.514630965099,
11470.397266259777,13314.68935252264,
13231.597834005852,16147.44089421094,
14516.474965374073,17418.40671232896,
14225.964032850457,14902.047411930705,
13954.57900766057,13833.839733134408,
13577.233075233047,15824.627204294997,
13147.904842060132,15715.164788511504,
11969.631206376094,13115.223706908397,
11957.466421072853,11983.717761437918,
10504.88743642251,10757.732375558451,
5171.550556847114,4692.331763573706,
1284.58173326215,1671.2654473753294,
190.61642918566466,143.51305472293882,
128.98045332013618,128.02585247411992,
82.40082131851034,85.31882110369284,
81.59725298926185,100.108195928347,
101.7270404692423,160.29254620803113,
154.46050638282364,195.5111457776942,
260.4272991479013,206.96678935964746,
312.57758419386835,170.18618282138698,
388.4920494749117,198.14253531271567,
349.29733068756025,182.18904294078615,
472.8932208050828,755.88600155951,
1044.4702283906208,853.3418461714832,
774.9945059192419,1025.6316372351396,
203.00072969218922,474.2869888358264,
134.91737040654124,911.7520099089345,
813.8497318121373,1236.72910470525,
674.1396102271923,390.2811150370254,
846.8048737724114,380.9087784464691,
311.6979809663606,293.158584802463,
408.10604180842,339.2276675902973,
706.8986015353238,1430.4802547047686,
1436.720415758698,1944.2270325127913,
868.8358245708166,1308.1307991489973,
876.3313973699887,1302.254612344817,
1008.4517509085025,1333.9212354327835,
168.24203234233056,244.7113503669165,
116.82209363156238,171.7530470910809,
180.40201804915085,214.52524499436046,
199.97462564149984,239.888168977831,
254.82747884218836,464.62354498347224,
256.35249941454595,398.60029837508296,
332.764964899755,758.3541704132606,
288.1466864470724,1014.8428955211346,
292.4188024683415,332.8705601239154,
328.00662222295455,517.4700373568046,
0.0,290.6190439434396,
0.0,80.10872609207156,
0.0,326.61865366745474,
293.5956514978822,428.65123157311166,
309.0618332239737,384.1661717786023,
444.65103300584957,477.3895986094279,
407.3281608189776,595.866353204368,
331.77189990281903,595.866353204368,
433.19476641734434,629.0666908340739,
721.6806139377205,813.1805668459392,
1010.0663070952567,1041.914922967831,
869.3129865896135,958.3655678363192,
956.7679878311361,1084.3068764545742,
466.9545342633707,183.05063697200498,
406.0534299046254,262.50738056470004,
301.1536272698646,320.39514343492135,
352.10701544254584,654.5971817248958,
590.181687250959,877.5891589826145,
1351.836590326658,1773.7823509490197,
1437.4015632475678,1152.839869064345,
1385.5276096388304,1595.1339206127477,
1490.8009593487698,1987.6842594124482,
1553.7212220892245,2167.0272245317524,
1154.560525477743,1364.8406215759626,
558.0670526088865,723.3324573606076,
524.4992751733156,1026.8223227454969,
673.1726234581375,1091.483433078898,
894.6623549969481,1265.7609188241665,
457.7628316171989,317.92488230783977,
386.6470627583529,222.4324083479414,
408.7821931856488,188.84656118744275,
444.2447028422345,191.71664713425255,
497.7197674641809,320.0924481513863,
492.69643467688775,320.0924481513863,
383.02378290844064,300.9177089460844,
375.3356273534852,509.4428563485341,
420.8387161846519,885.4148041337858,
153.8935965638066,373.2746465338427,
224.53750327969834,242.1990109101719,
256.33811724092277,308.6301244745559,
248.1836596587211,419.78518686756235,
320.6248537582604,356.0566450659847,
248.1836596587211,320.42007066028094,
296.2145928960606,158.3379328581526,
222.9366522162808,186.27357407006934,
313.52796062458015,175.70501436635658,
503.7867628318232,220.23938348280487,
510.3091868173185,405.15703959150886,
522.0018272449396,329.8627556221122,
565.659625683424,510.64729454257304,
1256.822235004708,1085.5970016223525,
2042.7260105800544,1278.8453805493332,
2131.442051699933,2137.1103359829067,
2720.5535223754596,4208.244492545687,
4397.071668722209,7051.233574628639,
4875.457075485947,5895.886040954151,
5443.4850884177295,8544.07417344522,
5581.486135107904,9111.14675904672,
5548.561571415451,9176.363672930338,
5688.368854605594,9580.969683298477,
5783.182415194882,8154.66253379724,
5642.866426474829,7023.60334007625,
6464.454956812482,7395.47333776749,
6382.14731532005,7201.739375305317,
7241.86766590009,7221.397624283813,
8799.722463336382,9200.741038289427,
8549.648708879857,8440.949681477401,
9831.88914426308,10269.289216573887,
10587.618962144736,10535.074931425277,
13302.910143445817,13607.865945702388,
13241.39837293929,13790.681587576255,
14155.713801589369,13937.795251773681,
14246.568774570893,14359.980496129725,
13746.437752028532,15068.388724065278,
13955.591148716296,16149.929448313796,
16253.886795630833,17083.499126065195,
13745.463936779879,17222.996715135196,
14495.158939083594,17070.160321643627,
14953.592455116439,16507.005168406595,
14336.018202567931,16486.29979040551,
13060.594653508613,16418.09821535279,
12970.893042636262,15441.460694798263,
12393.598931810704,14238.794375191566,
10051.477030819868,11339.686505186135,
7621.994833849343,7975.0064316527305,
6625.314351509354,6560.55249302184,
5861.158492860787,5980.316377430916,
4586.828087645536,4510.519664865582,
5213.820590632513,6137.405225076257,
5068.457012922909,4631.400678919769,
4362.647807709012,5490.871325704628,
5182.178398048671,5867.945883380401,
4478.418968446914,4287.366324409258,
4973.966758311155,4642.301215873101,
5368.41032271126,6795.8179561757615,
6032.664831113552,7405.227508370713,
5674.323586138048,8519.264550533835,
7057.064636067024,10648.13703835345,
7772.224712323883,10334.910561950177,
7486.006785180977,9989.200481517591,
11398.321843008885,15597.132254110431,
10271.925615780407,14845.974253106286,
9590.895946690578,14546.506774760952,
9821.348935663078,14893.166040575588,
8499.833376822,13696.669876413682,
7802.3920522094795,13297.14993883295,
7080.705210502682,9398.122803965023,
7690.410465352384,9822.743809572776,
5781.33247914531,7742.005731007152,
4338.250550795024,6230.6770103529325,
3708.6226942986636,5154.846347418454,
4128.06474687861,4465.099994440094,
5078.352563282362,4737.827628239513,
4868.639252588987,5119.74185476596,
4387.94586836133,6003.6281351974385,
4715.748392212322,6781.2659774792355,
5085.964774410055,7137.9413366578,
4932.8561381891905,7197.163572396491,
4125.734537184286,4815.50296692539,
3076.4571629242114,5318.631570011384,
4275.260870679524,5634.18636843574,
5566.846960662784,6577.155432252553,
5978.564100786821,8426.830868423443,
6453.974935021074,9430.098406306948,
14905.990297677627,16540.847000084046,
14834.498652365804,16655.43437920324,
14506.726517845336,16271.3265022717,
14610.314414571003,15951.196961909674,
14424.458681251583,14963.828351227232,
14617.810996503997,16121.4274554099,
15278.495459223228,15837.38312634029,
14351.76783722233,16391.011602909297,
15356.433354846879,17029.541134741296,
15668.209733385436,16792.72393831216,
15582.224164283209,17223.70288556986,
16150.31457246339,17229.19513909887,
16307.383215398195,16854.752767024176,
14646.624371966182,14905.992618944027,
14640.627096694732,13755.035885930261,
14293.539413732613,13779.994626106225,
14611.603029348618,14029.728067302505,
13597.39138882987,13871.486459443198,
13729.712361541746,15339.413061027604,
14187.810041663053,14785.444565180713,
13647.476054473378,14718.153715513356,
13335.147853291563,14558.328626963417,
13821.36923941884,14276.574547948769,
14307.726504346596,16136.53154408244,
12466.978760898353,11643.907190922699,
11652.468926970625,11778.416180759572,
9780.854280202077,9915.885593461668,
9613.315142917341,9689.391425326667,
9995.714551130306,10471.991420126424,
10076.320419846434,10376.016198158342,
11321.460866184414,11735.458605577714,
12611.236315502432,13176.83902900733,
13440.230746334137,13421.512698905844,
13077.440852519518,14142.965057495447,
12859.113947149903,14106.638642992388,
12923.062897459544,13947.292485272897,
12648.914437547424,12502.154291658175,
11505.376753457414,10901.8473866623,
8170.4962129406,7756.100905806749,
7863.9776070190655,6739.131705604546,
6458.048835046595,5780.1708080278095,
4638.388696752077,3690.0161479258527,
4245.482668007135,3600.9350615793146,
3884.337319711968,3411.7290597669908,
4689.217710514662,3628.1497853086225,
3554.2175235760315,4208.646587668754,
4562.047764015905,4425.422159667104,
4731.4038846887415,4477.663020512379,
4830.765619756623,3952.1040867031516,
3906.7032298230033,3734.0895357964,
3821.9355584083346,4188.9577052757595,
3853.4690156081197,3422.5682820180764,
3692.0858856242676,3350.865906979611,
2815.6657973898555,2258.3680761423925,
1900.4116483975588,1690.8020279590405,
1655.5848815242093,1450.6765864612103,
1405.449736157109,1149.7180444522094,
274.1357260398582,123.06760828381101,
160.47752383779317,134.57931224843688,
121.16440497130233,104.61757441514261,
116.68180962992068,129.67577746276163,
112.33259995261497,109.26346695419412,
103.09018981583847,138.43388321976474,
130.02426089421385,169.51249050324404,
130.02426089421385,155.4159205364386,
276.0152581143905,152.74274669283247,
432.066061078853,138.39892303140235,
338.5288670736942,123.93795759824437,
455.2713898704622,555.8094767347974,
1481.53156318386,1594.1482207267072,
2438.3739930067695,1972.9421984129865,
2407.098999867133,1975.0942467494178,
6845.6423054146435,8001.442464174158,
5995.518423165082,6627.832578694222,
8163.474686623271,9279.14290932459,
10314.30155733977,11120.376662809476,
11317.560857202134,12392.92759944075,
12062.09969295942,11805.909866411035,
13096.730272070337,11951.584870496743,
12021.321456924532,12040.223224652653,
13337.390673528565,12535.236043717974,
11973.935261019262,9545.848144890657,
10702.675127827226,9862.246662027008,
6615.894707382715,5693.251264055855,
9026.608649120535,7125.116754551823,
8931.958947240906,8282.13092521398,
10024.295736911192,9634.36367860672,
10084.25337063883,10269.112123481465,
11200.111785595263,12515.07127258059,
15309.441006071727,16972.227238344665,
15980.327632714776,17388.651080002408,
16681.861952745527,17987.463734850342,
16574.02434063281,17719.839971480254,
16619.68868396503,17912.534518629844,
16522.966535378313,18238.085413878056,
16695.88059804067,18158.9583124298,
16752.733580084012,17820.54211888638,
16693.467410855406,17699.54272602908,
16283.926069696017,17487.71591709605,
16140.868575779774,17207.896229768623,
15986.315419375622,17666.04146830788,
14032.25304949547,16019.125612476011,
12171.066248085572,15339.782364303945,
11414.705093224822,11792.36145450116,
9844.243340711431,9132.671664348425,
5532.981130648557,5656.235880115098,
3705.988092139084,3418.8875771308176,
3086.020817240712,2243.1259269703464,
2788.9425565257557,2351.8165127178495,
2642.3117065507554,1881.9520398992909,
2215.57759165899,1826.0721021228665,
1797.26262361936,1539.5516270949513,
1689.6982384049404,1578.2005303404364,
3035.565764169337,2727.6981963550065,
4248.2339352895115,3228.0878326250363,
5033.0580203796335,3812.4865716061922,
5623.405367917063,5092.805632117645,
6909.441425860314,7595.4787357955765,
9962.992680802952,10605.617786682233,
9779.954140558595,10461.814729179716,
9170.002975083476,10709.47141424426,
9333.636275496327,11689.856284080717,
9705.022123760049,12795.26498201446,
9820.211359542798,14173.293407131428,
9626.943269726573,12422.359296463374,
9626.943269726573,12299.5113113699,
7407.770295943135,7873.95175856096,
5796.3114502703975,6433.507542815949,
5467.562595397759,5139.662090860739,
2420.9777842112544,2341.66764744808,
2045.843971075249,2055.9732189027864,
2015.5487456536198,2137.1943596398787,
3025.868290831193,3444.234961870342,
3527.8659116546396,2846.6814517875887,
3646.175704601539,2621.9526832326524,
2794.7148181238044,2309.6262453987833,
1569.7191926608461,1822.2589256448282,
968.0446281344505,734.061146450509,
602.3958246644294,559.5110355158298,
528.0518314076498,476.52893026071644,
462.9421414761115,455.03766877630665,
727.0709494422088,789.152658605818,
915.8760920466401,1880.963407122506,
927.348168246621,1429.2936355361064,
644.5080872430184,727.375170861061,
770.41906783312,618.8230375711958,
890.8282027066901,767.005361810455,
1023.3451509499948,675.6634072492762,
950.8503908941799,732.6632699013543,
1077.226881750631,764.155388925292,
1260.9022651522123,1074.278990689153,
1275.8563019041685,1566.888903201494,
1289.963406682041,1160.3683364859473,
317.9110262172894,335.5511460510767,
139.0766427006521,158.4638060000854,
119.21019715435887,166.48461548380965,
249.85910185862647,371.7678435464035,
312.0349119620164,403.9123767604805,
688.396607081281,995.4977164053241,
773.1930208972294,866.3802368164132,
306.51536553183934,364.23964387555696,
358.7150757586689,340.1330275756811,
277.0313782370162,626.0397077821048,
301.1341199923489,391.0946843786855,
191.3647398721149,141.5305407352298,
538.0453410506691,303.22250372332917,
1207.2685900849249,1025.0293509575858,
3063.204686345454,2819.271245850576,
1684.9616246609273,1298.997366712062,
1971.0048949928075,1754.622638425321,
3266.2663655280107,2458.1531185991794,
4502.109853459829,3131.6807282308105,
4888.178636462878,4543.726955213138,
5896.201920448806,4568.402393274247,
5995.5993664971265,4614.403067513065,
5510.359941167152,4489.945235325067,
5042.437603561681,3555.1636948732266,
2340.583947595851,1650.3313434680988,
1647.035838695812,896.1818224729177,
1488.1209104148634,797.0686499449735,
1108.638774172022,835.7958875382966,
1017.3284484230929,704.6298856800533,
1227.728525391649,793.634970328233,
1361.4479445544912,959.9841583221095,
904.6652850692329,986.4273800922066,
2085.149731787209,1699.603714632553,
5497.750583597344,3360.028188499479,
6207.501822140638,4508.106464923939,
7814.327757011511,7005.105288791731,
7428.423834836126,5950.7398777238595,
7315.525638802438,5777.033377145659,
7564.076089622836,6567.69927619053,
7546.5187982206835,6077.102427840384,
8304.8703086,7062.129755636331,
9700.365207782146,7685.854727048506,
10796.534043482876,9342.172974006333,
11389.99695097376,9912.7081629728,
12204.74086380942,10913.357874064344,
12204.74086380942,10954.804493010999,
12522.951692731589,11296.600982257147,
12444.837594347844,10937.72758126246,
8446.722801137888,7991.171431287119,
5566.247684747346,4261.684565103965,
5696.95919802727,4961.969817538159,
5218.030041111872,4995.576508061519,
5003.695504969702,5404.509188177133,
4945.516224865366,5084.875162795549,
7650.253151988767,7600.645783235803,
9272.12477665488,11298.229606623914,
13093.454244510973,16311.856586859627,
15860.448220685994,17441.16458805149,
16368.759536710664,17579.40814346747,
16563.194170682713,17614.088476390196,
17036.376305982532,18366.63093762967,
16997.533729238254,19247.75474349093,
17706.071179410967,19748.202436969736,
17485.51719137108,19284.02110614759,
17968.820345793654,19363.865303142025,
18008.636829161205,19363.865303142025,
18008.636829161205,19400.434103045827,
17861.453833020085,19400.434103045827,
17195.32305776669,19411.473475705305,
16877.661018346622,19411.473475705305,
16818.591391766757,19411.473475705305,
16818.591391766757,19377.642123048274,
16699.91150916899,19059.92357280354,
16906.890138160717,18938.29248689108,
17269.480449349485,18938.29248689108,
16077.906796073736,18859.047410103256,
15975.514284239298,19091.183906711707,
15362.060641585802,18614.943342924358,
16495.35296123302,17988.270992249803,
15664.40791799918,17504.437179436638,
15364.444399413222,17278.387107325492,
15685.012711643803,16255.742608142446,
15567.528510194226,17441.330033071536,
17097.82997761727,18558.03344054584,
17197.813329474866,18327.45031711186,
16871.4560609075,18366.6286198435,
16093.31259575564,18316.19105010617,
15102.930779273194,17471.170301976777,
17090.956422056446,19197.349904542323,
16755.846293347524,19128.054114636867,
16577.912968583827,18699.712737658858,
16080.683192375325,18559.15899644179,
15507.034719758678,18665.479718994193,
15219.59646770375,18140.366057214633,
15309.388876850448,17352.61423254233,
13234.331397213069,15350.032258489538,
10760.702073316608,12223.443952944757,
10657.584453198668,13277.308976457829,
8885.285617486155,10330.612018366743,
9369.052348861707,10571.689268475622,
10260.2592665895,10943.340317291986,
12290.533669015775,12511.007605630493,
13317.362517119534,13871.16680740362,
13396.911875054488,15230.55081059093,
14558.039539558173,15294.150497172155,
13893.630756091154,14829.139576457708,
13290.716567304982,14589.910959963006,
11514.271445023833,13991.987827098856,
10783.110250828287,12979.396081199211,
10483.935707894638,11750.76649454673,
9830.76962985313,10874.21576664106,
8269.817615172946,9417.941713026674,
8882.417540900256,8518.154064285942,
8791.947684466239,8810.099804948031,
8750.47026886932,8641.018822499098,
8748.795435608687,8565.535898098371,
8818.697459317516,8462.736006179412,
8852.364100607087,8012.762647493357,
5667.8380026775,5030.087409060951,
4521.44070929021,6290.761130097772,
3628.561106682116,3002.5201925114056,
2852.9214074227402,2195.398060789127,
2307.6089375884662,2460.3156043327017,
3133.914415720747,3724.544158074672,
3137.403460853062,4226.465857696725,
3649.8504264833728,4084.166222696495,
4382.930769920167,4035.2112251161598,
4860.467909018816,4666.039946548685,
4963.154272791319,5076.807731477211,
7390.5836674554,6468.091384748801,
9595.726873303565,12426.694375096706,
12994.784239576122,16230.651302352964,
15453.618038257144,19407.377939274505,
16075.008187588915,19141.504057110098,
16125.707200159426,18966.241390120023,
15472.712962860787,19179.42753198407,
14930.941588227492,19060.32925554214,
15001.610292259511,19137.617157839344,
15392.62980975559,19487.589601652086,
15134.528527531564,19387.51452051077,
15734.601925405284,19625.28773211917,
15925.49539757478,19638.794226691745,
16561.581664404348,19699.53577535084,
16171.230752222515,19527.183666119836,
16005.186291476697,19040.166820518647,
15487.312404022781,18739.933955848534,
15229.85273319173,17879.54540053451,
14635.988022377123,17508.047692648695,
14093.997143733719,16821.08139295921,
13325.269542436909,16887.978595017754,
13775.4051713861,16842.16923486124,
13436.077843749674,16363.922857976097,
14575.926566917233,16563.856971383535,
15773.674008002641,17967.482329685474,
15786.87001375884,18849.888835990245,
16196.564643015516,19188.50235623001,
16545.16683019916,19234.308959959966,
15107.237459670798,18337.921405024626,
14475.833065442923,16711.602841069147,
5495.1905351137875,5704.2838205496355,
5061.8356677004,3906.355066177202,
3644.4789265992504,2667.1329705216,
1775.4746766147834,855.4491833914512,
1149.5121629258645,805.2180814278784,
668.5123080232376,539.0690670871688,
488.40325120051773,328.19184901618314,
262.9351113421247,240.89189898284147,
211.96847451825255,190.7322677350504,
101.82725465258298,110.84240683218158,
102.28662148658998,97.13439190490992,
102.28662148658998,98.76410074430025,
112.61167931278965,167.5019901472573,
118.61535248376299,167.5019901472573,
180.114595792272,342.77839134702,
129.29567677821004,214.1527915279824,
165.6830342183726,156.1447053960411,
253.37534399531094,182.800505821467,
358.62656695643824,623.0447638390406,
349.0029024805629,320.7171160567789,
512.3385493698958,388.5134825792515,
515.3567108097927,451.4633653094932,
535.4718830339754,344.42294829772055,
453.27673659461124,373.1286427123743,
211.05289293892224,207.12103771227453,
206.75604571636467,161.5968383750681,
206.75604571636467,242.39901411517147,
206.75604571636467,232.34877736310764,
146.7819665608768,325.26679809475877,
184.08739532518365,249.55839727767125,
210.5073869915309,332.9543951594414,
281.59909214385607,382.63931707353646,
462.28003113482225,665.1954830648624,
418.5552235997001,264.6997645129768,
322.6407827828936,240.63348697523466,
668.0501155630907,744.608504382933,
1507.1630360590143,1304.9734534816262,
2330.145496030792,1341.6995918495286,
2744.685731033609,2288.676513431817,
2865.336797401467,2543.92008516354,
3402.3476622329767,3491.473410674834,
3315.168773321894,3269.2633879136456,
3648.576282578405,3619.197716733983,
4349.437316728821,4043.9031257341335,
5461.0491769505215,4550.190372577951,
6059.126476014687,6336.192976352891,
8488.812247050142,9530.3254950706,
10003.154688809573,12800.272632226344,
12883.566837600545,16097.573983680928,
13895.641807818862,16530.43298440494,
15275.190752895965,17402.016218137294,
14724.876738507839,17997.22641611236,
15023.679017579247,18351.28124746024,
14802.820836421894,17958.357482974396,
16310.927690253844,18908.110740064956,
16229.000567387578,18325.274327228723,
14723.62631246906,16628.899051296186,
12103.313765639057,14293.630737711002,
10161.86315538808,10192.070047791223,
9918.039050541554,9569.871756817363,
8906.216601621163,8330.156529440925,
8677.537998912932,8787.502094712992,
8991.131494147632,9971.098033839915,
8145.209644847109,8594.548207521651,
8584.597074088371,10527.262857555608,
9704.560751104633,11247.208495758572,
13052.84766267722,16366.095621903372,
14726.40948574456,16523.491248178078,
14063.189642986634,15950.477005740711,
14548.301135460231,16238.876045000077,
15631.305190386256,18406.566192715392,
16085.490531225383,19308.25809401281,
16276.006740284656,19501.65572248118,
16032.130059653391,18824.846104491116,
16187.543870221205,18852.66140120606,
15538.068369955841,18545.107011397624,
15477.67818061566,17841.67555414956,
15588.436673614164,18118.928710372827,
15668.281211867192,18502.321801083686,
15557.298910388077,17368.38086370358,
14055.572659257028,15343.766500073896,
12812.76676077547,15268.336669016406,
14187.37324679774,15523.170096007214,
14332.569678902099,16025.494214755578,
13644.641363906256,15753.246083202494,
12808.219259858652,14880.264499286259,
13588.690154414671,14743.363305779912,
13915.626256699472,15940.646335361016,
14687.197493398628,16151.060415533908,
14955.285225828908,17569.00769200291,
16162.943555618966,18468.424152069976,
16404.595435080566,18838.797827035556,
16467.267583778266,18635.336796330274,
16189.917810645915,18989.406257730912,
16338.376705097024,18955.78020723986,
16367.11595026634,18966.570599158636,
16368.04242824245,18789.85769731921,
16462.632870044275,19024.529477305332,
16164.47609805366,18906.743910782672,
16017.111713466304,18206.17583045843,
16883.610773628825,18962.02921981001,
16945.690432684285,18736.866836695808,
16641.220141869966,18894.851751778042,
16506.528549915063,19053.79923591133,
16444.122633316798,18888.565257447586,
15148.204048720996,18617.10411087757,
14277.621046779885,17009.159529066503,
14180.581580489474,16774.653624852923,
13880.471948145154,16902.42207541254,
13868.971873631444,15043.94377858643,
13634.671189171655,14991.95098082129,
14166.1006512673,15696.626662998084,
11304.97602695417,14004.834232231298,
10630.674138203714,13979.990290905349,
9561.255013699838,12616.463577204027,
8943.074094159063,12301.624088045046,
8260.665229564125,12495.159924697133,
8450.833061078729,12495.407072517164,
5647.993067909876,8683.616285836873,
4891.884607041008,9589.614677287884,
8733.64664858784,12764.738975528819,
6484.803681288652,10574.014055156093,
5196.598856648164,7685.896859121743,
6691.910594573964,9633.087880853427,
5256.708205454846,8801.552032686397,
4523.760008374367,7495.086210618179,
4093.9412945241875,8251.276476116887,
6605.778354735902,10447.412561738643,
8088.625997047242,12739.448357728654,
7703.350589129311,13951.832938785365,
6825.265731314852,11826.826867885176,
8153.8533503542,10388.25767624495,
7459.210840882832,8919.994008598898,
8884.322315897629,8434.572465966188,
9505.736554853345,9088.061174392175,
8493.723076156532,8638.83768921705,
8087.946449078294,9152.388347287311,
7401.099624613286,7927.675957869548,
7437.206273999103,8884.676456264686,
7426.874190264199,9013.41923901128,
7400.515377001373,10299.156476813685,
7581.892691278256,12070.500178477589,
6432.826199944663,11583.032855085261,
5901.907609384877,8040.83001108732,
5381.826601723195,6148.452163238223,
4978.433533983069,5202.454141683698,
4917.069553424891,5214.445830085028,
4992.817911189537,5382.263755843047,
4637.760660932479,5197.007471461268,
4921.049612094544,4853.1132494275225,
5379.506503515663,6112.385291204497,
6039.896064920812,7413.140639099733,
6138.405394500205,7578.383358826837,
4634.517580516611,6021.812169153608,
2432.6167552412485,4181.813772823186,
3025.1108310465793,4818.32936607375,
3338.5862918055764,5070.49101030472,
3776.1499515909704,6877.57233011411,
4662.523584777589,7102.71737992246,
5810.874240769307,7212.567240987995,
6243.479286033049,7270.62288888841,
6687.824767453002,9110.819670355802,
8850.54781337908,12585.358933239871,
11016.970553229718,13979.742667178863,
11775.262762838283,15484.441408408575,
12989.827011812255,16088.440629313172,
13916.398166261646,16511.22717713559,
15029.633568367619,17658.356162836833,
13702.48317681168,17761.332175761905,
14495.25513676752,18045.751827785614,
14929.880157836937,18350.86069661544,
15692.552270188951,18580.700023257403,
15723.144521858592,18758.439543035,
15144.657375699815,18086.868489132743,
15360.030690621252,17777.836629511814,
13837.836316177896,16915.979217753906,
11536.530994793495,14130.537711743864,
7415.934709720997,11527.993338460688,
6445.496044541201,9394.449683479856,
3821.012434897343,4956.449779017416,
3529.2250264120457,4458.14145774402,
3856.8757600962867,3801.766443715634,
4300.65948747681,4323.446463071166,
3525.168682597034,3962.2489872973583,
3689.440906363556,5026.271508162701,
3572.545917708301,6023.877665903095,
2798.963008286857,5395.369959157759,
2292.818672326179,4656.290504764014,
2393.9013808320174,4899.218109386029,
4147.564305807194,6224.122977716337,
4206.101659402755,7891.729372495133,
4772.878536901111,8630.91708598707,
4614.423058545138,8172.4168996355575,
5526.182549217258,8626.785103051567,
5650.969873308884,7091.532860493737,
4960.060598384063,7793.1274939683235,
3683.515392634307,7474.506316731246,
5249.887063906111,7634.5687568497215,
5808.584748954896,9221.240660214558,
8351.048371016772,11801.355436954298,
10108.296167174509,12790.702823905223,
9618.310274396203,12975.662682525,
11060.531639304121,13184.991754909122,
9482.083071186034,10139.069092039543,
11022.160471983714,12152.389270174697,
14356.182661228191,16630.223496450995,
15036.983886518121,18315.4735104854,
15735.650846798899,18589.18309966406,
15812.699342508182,18460.23126414433,
15736.40384469162,18998.204174135346,
15514.915560264793,19040.665709874276,
14204.066849400444,17846.50013384531,
13856.335755707325,16207.813459480858,
13641.61732831496,15873.62888323993,
13728.51225159195,15658.040953267693,
13332.98552926895,14976.599617940505,
13167.076605417687,15263.54892928366,
13047.937077561362,15570.642544273787,
13164.134991293724,15770.971292841525,
13201.727290043089,15479.92881991482,
13108.249125044435,15720.88843227275,
13381.164140848447,16690.382441272075,
13540.12724624951,17240.32446402585,
13557.41368024388,17152.50685820731,
12898.481829238717,14998.257384332363,
12343.071788182287,13868.647798952425,
12349.801501052225,13192.888103889,
12072.244561070223,12042.050944877948,
12045.295608513994,13179.423952478372,
12068.557761448415,13292.148910180369,
11980.12590358001,12989.49705147192,
10492.52437878313,10987.748482948251,
10000.606490144824,9474.159117115796,
8821.021812976942,10304.94559972014,
9968.014088992006,10491.212671785053,
8706.881584610146,9495.951645302552,
10436.09985907407,10872.994146719386,
12526.610172798419,14786.378019362319,
14161.012374602591,16497.047441766557,
15264.692679302414,17443.975087630904,
13865.840591576007,16623.6761002795,
13605.758865981295,17409.640433447046,
13700.121812266641,17709.343206492747,
13618.623672617648,17073.73685927689,
13943.946655565358,17098.090070261132,
14080.844236542262,17320.405166237484,
12730.730797865279,16377.927931663817,
11506.03371573421,14169.893553569673,
10015.110351412366,12153.640163079355,
9036.655753738542,11880.640220247064,
8491.921514027716,10229.488876754034,
7809.323762482351,8999.527326459032,
7750.132540013088,9831.057883440732,
7847.009485483526,10501.001527169816,
8158.710254347183,10362.481777212035,
8315.30192527724,11221.212550292466,
8441.726887353081,12117.632021702471,
7013.120523653388,9825.385735985832,
7890.261168233177,9864.36431371096,
9776.625713825217,12158.203642163107,
10351.357610747715,13684.648094211268,
12959.613133889963,16425.241843193413,
14257.372202185525,17580.788530188915,
14012.927880107403,17925.007207825627,
14198.062701984414,17833.740905152565,
14196.028572244946,17796.83616411462,
13844.688895834328,18144.442831775956,
13783.346102265241,17535.824109220885,
13276.108852521746,17610.98759112416,
13338.826275128617,17134.093765765898,
13975.022762213413,17101.39021167972,
14621.888134284112,16945.302115344068,
13804.681541730373,15587.44894422949,
13217.976444277412,15050.824099650388,
11898.883316670792,14313.292326002334,
13164.317175722323,15994.76730690826,
14558.380418992503,16717.99397971776,
15460.067181758208,17220.99462457803,
15624.722469367109,17618.72835195175,
15510.635106558164,17489.798401917888,
15626.576473211273,17282.79301522762,
15797.724184664308,17681.07383103132,
16244.39615467295,18512.5454570235,
16187.723787114126,18954.008612484013,
16215.003449236574,19415.591020025062,
16419.558340643947,19217.730176219648,
16580.00560329366,19217.730176219648,
16420.828076645954,19146.252242844002,
16928.636980896346,19126.837567206287,
16392.908890676452,18773.84321420875,
14445.405060355371,17153.515194450552,
10638.6864392407,13224.61185882758,
9262.410614534449,10084.76945013416,
6205.006028035243,8082.434238728549,
6200.534376873331,6793.43204107728,
7292.024176142806,8243.628431678522,
8596.12851587369,8435.80236000772,
6348.153392827484,6555.813261469759,
5848.943882800648,6393.606666944832,
4908.988884484261,5947.557127447117,
4978.49402146331,5012.755139585138,
5494.332945013202,6161.807188585067,
5010.714706925919,4370.759546537131,
4272.22088259695,3130.758106724527,
4208.0028302936025,2597.7112055145067,
4709.875973975817,2790.8279034356774,
5629.316061305122,3461.327091247115,
4826.289306249246,3531.894599642854,
4555.421391860677,3163.224903189347,
4766.377611967544,4134.830635232158,
3622.705558465442,3080.936882952731,
3917.1807296692805,3147.164687306595,
3412.369473224187,2116.6096753735596,
1678.7129501497934,1344.9114319805337,
1603.7117782859918,1151.8387919955107,
714.698379779752,669.5954043772825,
384.2384087254717,307.9523427749806,
374.65454039232475,421.1806024317033,
419.95571708486574,417.35093952062266,
373.53863980104364,205.8416710312055,
277.77416582718746,462.64996171280546,
112.4919346840598,112.76807162611644,
115.8648356253571,86.72994709810854,
111.68836635481131,86.22701721919685,
102.28662148658998,141.88595294849569,
283.75019274903093,211.9987969463365,
130.69912697022056,164.25477967083035,
130.69912697022056,159.9229190624053,
173.13320732796313,186.19626632021715,
250.8770292442377,176.97972685421567,
381.574503406467,246.2993609200447,
585.2852367266225,354.8719075738052,
610.4636580435758,275.07819564959823,
355.6942020519124,356.1956190685634,
1162.1340361592584,545.8096368317072,
1482.7977365943316,1265.2633447807748,
1656.8590479383315,1713.5158645810902,
1700.6763145413734,1573.5006460041452,
1854.898063107557,1610.964088597983,
1909.526257241744,1594.9537308657925,
1316.9608053558975,633.9443912581969,
450.09138010777406,483.57299734830895,
180.3275139014749,115.64615442113872,
232.82928272031864,104.49600993813864,
267.4792110896961,239.8539368580365,
103.09018981583847,97.59024365883703,
117.14303782497831,122.65489897866347,
154.6171005992298,283.8517217388397,
445.65091907483077,443.80926446883456,
2103.0644761505273,2172.8012879762064,
3129.674549531678,3557.230714631211,
3283.6477283351865,4733.321299777611,
3592.601177703157,4544.910836000863,
3761.900749426463,5230.777406058855,
3876.732172295996,5688.670298175863,
3632.8875458639664,4569.441468597289,
3256.2998838825797,5063.8557362301535,
3602.8088910434853,4565.121712262934,
4197.29913598037,5797.2195347202205,
5234.13656579614,6192.021586578477,
4455.875588372522,6515.480131150919,
7240.9114592455835,8517.339506490258,
6207.242987743759,6952.70491383681,
6975.318496970292,7288.7729128958745,
8667.189348817346,7764.1134805629135,
6536.436002609551,5643.52643593545,
4232.043876839005,4048.883569391118,
3858.875878202933,3387.3106139356732,
3246.337118570937,2540.1807629772948,
635.6711087944103,376.8576718174634,
436.0066862897064,227.2779731421948,
274.05786701132837,209.8380817284904,
599.8188485118086,430.3219212351101,
1434.139522841185,1600.1095581124946,
2398.022978048314,2702.7529315072497,
2582.5311187647167,2912.9391836807777,
3013.8737604693742,3411.7677645368153,
3205.7927225566254,2942.182386358618,
3136.845989667111,2120.489607597434,
3283.4707500496093,2815.6310082497744,
3726.5245556746327,3549.4451844051873,
3911.103320782913,4823.037125324336,
4019.5837934104197,4228.591030249323,
5137.905570259284,5386.095659490416,
7623.494828763543,8582.894244800307,
9094.859120489826,9978.204921266533,
11573.833246206597,12842.445679394532,
10972.230300625995,11538.043652228698,
11055.10964202077,12514.687090024952,
11038.795915497973,11157.942788651797,
10769.112476719009,10189.051703641797,
7188.644899035992,8064.910831888263,
6034.625715856458,6480.518509562417,
3440.6578849600232,2808.941026281891,
2467.1192509201683,2484.902019494237,
2433.5292048137785,2243.020172446183,
2397.224164716082,2038.1952032900026,
3064.2035234559025,2565.9955374311185,
3104.784519574173,2989.767782618831,
3279.874937670253,3887.6215015430134,
3961.642421345132,3199.407998266697,
4297.491750854213,3784.3548722783253,
4911.756115549946,4490.89018347857,
4509.847754255609,3701.7494528333827,
3911.1258637235014,4958.531063687919,
5621.483127525506,10500.968190273765,
5818.14458382775,11034.622540479404,
6044.679211655086,10594.877025088144,
8857.344666732326,13037.123582684088,
10592.93926291865,14203.87111175505,
12596.20789733327,14132.442003338443,
12430.775346642155,14620.37608528981,
11732.304526015783,11408.255864625902,
10300.93440003445,9909.873862841747,
4289.701946561007,4836.981629168683,
3146.372052705307,2357.065483976222,
418.601725028748,691.9257986290648,
106.98486883534423,112.37596871397318,
107.64105038761173,113.62994114823317,
115.98654094245266,113.62994114823317,
118.14825704869435,477.60742140019295,
131.55466032012322,524.8329783770877,
117.50181231098344,173.79936457154372,
103.09018981583847,121.87313403458725,
121.7341515921809,132.59948632486476,
160.84936241496308,106.10049532268494,
268.637953978174,219.22130378927073,
468.185786197825,384.1240355150391,
1167.6932554067978,555.6289958771773,
1721.514845007895,1332.8842065216688,
1818.1944309452028,1549.5566391631287,
1939.5236259508315,1875.3972476972565,
480.09130096366965,1233.196921959747,
547.1455135086308,1010.8715520675009,
590.66340268263,868.9445631152224,
530.4625738195563,842.312238544853,
615.8942508515561,865.3398119355018,
615.8942508515561,931.1412480782969,
401.0872254250512,727.452079305313,
732.9226912569263,979.2729344756858,
1143.005437392209,1364.2484373341579,
667.0277244512575,582.1313561472791,
215.79103213480374,359.3208256302126,
355.0295366560054,493.12410261323896,
968.1385337015502,750.4270332517053,
1013.5153988817024,1645.70049217085,
2903.908588813242,2490.1192035386416,
3125.478645989676,3228.333703388263,
3037.729526964067,3886.89527929666,
1544.9792129413463,1057.363865826131,
1663.6747519755097,1317.568502179209,
2343.436716537918,3298.0696865752616,
1922.3418621971732,2104.548598849542,
812.7417466250535,1077.6194449695206,
1578.5084898300154,1126.897597865939,
317.77635915814415,481.016204501586,
449.88145671968863,705.4120806230263,
463.2937978601708,587.2307469440635,
407.9635068809088,449.9009722180789,
333.7411885354666,416.75070333832855,
596.4789525915868,654.9519985416567,
1475.191643757268,1201.1094311860284,
1170.3570353436546,1398.3424200082027,
1426.0059149049112,1667.3097910115657,
1876.4664352737734,1691.0084717437894,
1295.0478038190768,1445.7740191697621,
1775.4317990024313,1579.5741145098345,
1696.0823353204044,2742.316429643914,
2014.3513576740868,3707.283025325369,
2706.482563949632,3693.9438295749806,
4138.208824426699,5372.077312905468,
4065.089710007607,5426.973512601958,
2403.4206940977992,4557.368214293441,
2504.357300509045,4280.238166409406,
2140.6119713663243,3978.7613257125467,
1828.8358323754342,1507.4588629191906,
1175.1666226893044,1266.7081228960094,
1432.9016343148257,1813.0124066076385,
1992.1176704991753,1930.142891202701,
1374.2675031168098,1604.370305689505,
745.2449674133436,971.9500935229142,
332.0845836923317,579.671094534336,
461.70567987627476,848.510541791448,
343.936525367353,630.0072662571316,
262.8076683973756,397.9815713241241,
810.7416681682282,891.210590711252,
1098.6582642389292,1268.2437414682706,
1174.8636483484122,1217.8207076349775,
951.5520522122623,743.8749805894859,
224.86099488013744,251.06660672715262,
238.18354085989594,234.1006402923219,
228.97572509136953,266.7557259992936,
241.46744073004803,231.13386196313343,
241.46744073004803,267.504472724211,
391.13770808084485,231.69433083873741,
712.2206545132815,439.1246044107903,
597.7660875375054,596.214267730255,
619.0148290159021,754.3126894172423,
586.1263983331726,1357.308866475831,
542.8636441949501,729.2229628010507,
375.13173573301935,647.7088416817032,
687.4840881928445,697.7269754854382,
687.4840881928445,659.7892437253753,
714.2875811066976,639.3862000754867,
291.07193284640573,392.2012528675982,
152.431538434103,316.3890902681195,
93.84795462807278,274.2231520135418,
163.79941329150734,302.15703104918543,
200.56291575126914,376.07948369996245,
179.11863072549056,373.60046398254235,
378.2928105518823,425.91760468024466,
381.17716531257486,391.252732957758,
264.5538543663496,330.4443350173463,
122.56750434545239,160.30970641193468,
107.04518998632841,156.07195368748984,
106.36697040540514,127.3712212017906,
102.28662148658998,122.49929451422213,
177.72322534086317,155.92789717347367,
147.2672073679786,262.75832224752736,
113.41524764203814,235.83634370956096,
131.9162160076849,171.8167659012438,
263.73919819914664,315.58856299836424,
235.00781139917288,228.00913866265427,
755.543935655536,314.67621585848974,
896.6302974885807,528.0967079844858,
576.7540237104439,592.7897761539689,
827.8182278701552,938.5247923817141,
1384.858548279974,2101.0365442230573,
2385.8365526037423,3540.6704708372868,
3215.844914394801,5688.467696672503,
4279.002993687869,5488.219072033672,
5162.7518983962145,8833.769572159057,
3662.3729002237233,6074.086093102086,
3725.83016997305,5964.14821629109,
3154.3142503441936,4308.600061741258,
3364.1134677108435,3586.8320652751077,
2737.6352569637156,2469.4446067420427,
1758.9625699225833,1969.2433272692722,
2259.2068627429658,2298.1140499273365,
3286.831879325003,3221.527131772038,
3645.502978727255,3485.391922828463,
3716.133225296786,3014.6302610231564,
3531.617999011125,3291.999054674737,
3227.877342211723,3687.3560290216037,
2808.2942955908775,2995.900386548782,
1910.2722626317488,2124.1623116349347,
2055.0067409949315,3828.5731755199554,
2114.6515352765655,4317.155328170276,
3305.94902121245,3682.443698974386,
2609.6399387793117,2590.909283450789,
2780.5430165791417,2953.9485841380674,
2181.9559835121036,2432.572339247161,
2483.5686602530686,2799.176512721705,
2424.5069591957176,2067.765667916188,
2207.448552032776,2229.273818192881,
1875.3155268100713,2183.4902763630776,
1810.4786301727688,1494.7339661577982,
1745.1086662666746,1677.9606829111224,
1476.8633599750767,1515.2341571186673,
1223.038766875685,1044.4539838695293,
837.0955667586431,752.5304415214515,
549.674781289118,244.76646181118414,
294.63567253336487,221.60276375465392,
458.05487566399677,318.9135228682637,
634.8947115236709,489.8454979641166,
805.4014271209479,989.3532449709953,
633.2761665568916,994.2905425867864,
927.5199516767981,1084.8129456220101,
2755.9897872476886,2875.815982040228,
3510.089771313981,5905.857627878297,
2510.2953549672434,5214.3672724961425,
2401.100057026258,3746.115600092607,
3252.872176374886,4856.355848724779,
4443.929210523299,4884.753059962629,
4659.782104729516,4941.45788198969,
4914.41939912716,5259.134706897409,
6760.991930461496,6643.489869703192,
6844.011122414959,7366.016957502704,
4746.62371480156,6336.445431171367,
3614.1159264188523,3655.071679213395,
1613.8153452369572,1861.6299893748303,
1082.3473662836534,1406.059632984184,
1552.5274837936909,1415.500631843757,
931.8990748228863,1042.3123674992382,
781.2971581048686,1028.9539535119795,
741.7046403477187,439.66735527096824,
689.1705341332436,637.4255129054791,
2301.6829529182005,2241.786012133536,
2782.5744865873835,3442.6426609424443,
4204.5643615415975,4768.340330189466,
4348.0825759275795,5259.264597395212,
3808.61583161318,4944.346227974149,
3985.915760843093,4840.007588768706,
3530.4421349846893,5354.666154216108,
4108.016142485949,4715.582244713932,
3550.8916031171243,4484.172269905773,
4617.165920894951,5313.883202459138,
5058.103215251424,4723.1859082489345,
4871.427075673067,4799.694945111377,
3433.0066102010337,3410.6347160761707,
2771.082108580486,2178.1935623132927,
1852.2331520371451,2362.9194795517237,
4767.90705194986,5724.97959318323,
6183.858113586665,6343.665952815351,
5784.386708756456,5997.967702351842,
5599.979449551414,5198.508814709029,
3390.2917347117937,2905.736001816704,
1221.7201616780767,825.560626729731,
656.7321259875947,413.4130465092262,
180.52959415357938,210.14404365995344,
172.06809557213884,124.86802996259857,
495.0906947747409,246.26622362141333,
622.9660124449547,555.8205172091593,
642.8040260087485,693.2775885585214,
2193.3496094621564,1845.4613205383384,
2255.8241149248006,2407.2745758949204,
2526.9680570515816,2518.0032896212892,
2892.5036836524555,3345.3816247013146,
5268.667457397654,5310.565517441654,
6768.372852385908,6633.263248676387,
8736.172833285862,10622.982960738731,
11952.229340907432,15759.854251423378,
13048.558093341864,16449.38470250539,
13877.728779839561,17122.22808200677,
13534.379912756605,17480.89020159095,
13808.458176765927,17629.82737386099,
14173.21402602049,17730.627244464395,
13910.445636075994,17839.264663450183,
14089.818818260395,17894.97274803901,
14266.839694716098,18117.203545326924,
14045.171194226274,17775.412822090268,
13667.390341504164,16400.748325912704,
12735.18072213968,15580.19079885993,
8516.192768183688,10653.629013963322,
7751.309188643597,8084.204337030083,
6323.690975885978,7133.456947808002,
5426.916904451588,5551.884137372522,
4517.266455685523,4675.863341833884,
4223.340562848084,4623.263612541671,
4474.961670367864,4629.766058158018,
6199.265840627586,5786.141567491074,
6734.762795477892,7224.488395914431,
7343.60774177678,7900.768249595082,
9125.699907695289,9905.722955308509,
12915.960503733997,15539.196281799164,
14733.770783109607,17922.453490217395,
15186.979114306114,16973.476141768413,
15268.70286002672,17401.08408353906,
12576.562845877463,14399.973841661715,
12886.29596687681,15345.230744505685,
11759.91554806542,14736.11385767554,
11303.58013104369,14235.441048089855,
10440.882251599527,12275.361547051707,
8442.963188902551,9094.394347350726,
6192.823068920033,5805.709874778172,
3683.920572768755,3729.729222367982,
1475.6850469235717,980.5312278925194,
437.5619620230455,426.82877320619053,
151.36206295364138,317.14146704748254,
99.60890538277528,129.65394484101535,
300.10743154140306,501.38877944692155,
719.7601877980263,690.71740345758,
568.5013284476482,616.8376318267968,
154.59630255091776,533.8588641900197,
154.21656603166957,176.3049547908174,
121.12131887832476,123.89281700728137,
134.14721866965942,145.05836638578404,
108.91736091453096,130.69265299682033,
138.34394312168212,215.69521556895663,
212.69509737809665,445.07865151772154,
345.25379536457376,576.9568155051938,
384.7798924864691,874.0153699829672,
2266.3481175001375,2049.731796798812,
2057.0127799220004,1764.4444821272862,
1198.1085952317974,1441.9829850193516,
1334.1845101822535,1247.3563604847466,
445.1870642679342,1054.3806861100036,
439.47892737589376,573.0443385991152,
233.31226146936712,296.4803252559184,
230.98250878826593,201.35531471382558,
166.05557961376076,201.7252672204471,
113.79524193749312,224.3715813782981,
136.85180955875802,254.3406936280168,
202.0895379630241,254.3406936280168,
218.1034001515015,289.64088061018737,
646.3395488183985,531.044859045167,
643.9618665957937,562.1096594870033,
791.232256459769,574.524377793731,
1365.2185274364028,1296.0944713682743,
624.9735091614277,678.1633676157257,
769.6311670699014,659.5108161807381,
893.6790556020792,652.2351212465243,
967.2556651352822,862.2252096399178,
1268.8830417782794,1074.9709451281674,
1232.4993059533442,1031.4093189480323,
1224.9330008961342,1015.3670248950144,
1721.285950936292,977.005164925524,
903.8446316542573,962.6327653759772,
903.8446316542573,975.3335426152951,
1008.7748852441715,1002.1769224772946,
1797.204170598344,1055.6993307069833,
1966.0650443883985,1044.3445484875647,
2129.3912826491924,1017.8422301515176,
2113.8909343938676,1163.1931539598272,
2023.6028854532115,1020.4893963097572,
2229.1516729213427,1057.3378989882535,
2229.1516729213427,1370.186943691198,
2079.4343654593126,1700.8370688451369,
2246.3279358209284,1724.8955491553288,
2419.885813170781,1555.2381752807914,
2246.3279358209284,1062.392802653575,
2246.3279358209284,1370.186943691198,
3069.131732536448,2757.9147022529287,
3204.597288804336,2499.8631279572787,
3064.7971217694753,2632.3073565480004,
3421.466931852285,3818.3109696912675,
3260.030295547623,3286.3303595681473,
2625.9817570887067,1384.1967989278605,
3527.8882421807807,3198.2432486304333,
4202.306251319623,4250.863317186121,
3894.0581868156314,3836.4920741808596,
3646.9561121968854,3913.8049702887124,
3539.4860914668247,3934.845660879309,
3393.8107164884364,3505.582113493643,
3353.8253598076017,3494.113850669541,
3274.8665724189505,3554.8660754592247,
3234.538451377378,3709.256577424418,
3419.709086980353,3846.496296376521,
3341.647182051188,3738.251827143421,
3113.0657782101994,3921.975737986627,
3294.7000638230393,3844.4381189052037,
3582.504319716687,4013.1761465879763,
3393.2455323951617,2659.505841045291,
3411.938409469384,3758.8601221824547,
3411.938409469384,3520.4856440338826,
3419.3732978578537,2548.94471404268,
3204.597288804336,2803.2634507711036,
3017.2175687641848,2160.2668084921847,
2973.798987054765,2135.5438032917477,
3106.4494861249527,2742.3344993240407,
3243.698039848965,2855.1810872046062,
3302.897033890649,2650.789912557759,
3191.355895961853,3175.063496689516,
1700.925749053988,2193.7610684767255,
2830.2926885592296,2639.383130510289,
2408.0916518307727,2255.1442574419516,
1790.8457219337436,1584.649009693635,
2087.808179721008,1767.3554418609378,
2175.5308567694274,1845.7237045807383,
2528.1124474010976,1776.600529069411,
2705.693497045676,2047.0328106286092,
3914.948171822641,2735.9285632614487,
3849.6433275357263,2780.6806594225354,
2808.3374430432686,2095.9020377069055,
1360.3098020577856,1623.511764382623,
1065.4895272798344,1461.7776750649164,
1251.4954687367917,1771.5677102450877,
850.0372488126606,1587.2301860669643,
459.6006799922232,1039.0406686725214,
718.1648972801365,1291.2478635326509,
1142.509497267315,1050.4491709151364,
446.4282791030021,697.0139771131918,
540.0488193974937,568.5205978191055,
661.2766429808265,890.8935167131627,
665.7773590251564,1073.780648833842,
2080.501484790517,1884.5135900320054,
2387.5962742226593,2674.3471200637705,
3088.5073333137025,4677.025253175356,
3696.088868593547,5055.451112032802,
4433.371880224434,7269.5032266483,
5217.235351403491,7522.100596618982,
6493.539176465865,9843.435055965087,
6749.997903586927,9071.041226121848,
7855.195142573909,10011.898035636486,
7895.224720247264,10240.17364657954,
8375.068004495188,10143.131546582006,
10564.731833836013,12759.955403787279,
11342.999363847035,12656.492979485656,
10283.07786708399,12896.979930473697,
10079.771358764257,12984.133077055472,
10556.868182202657,12677.66977707335,
11805.510123504704,13156.601886288687,
11752.628515342425,12285.6091751099,
10237.12735155847,11706.239265158245,
11951.650953622713,13140.221763830006,
11535.194034183614,11315.281833448538,
9200.880746976694,11239.396367863104,
9102.18208726176,10378.831030518337,
7608.971702719817,12554.89982325349,
9319.657420440017,13500.759691072297,
8938.970642471311,12956.079538773278,
10934.242399309978,12436.111799891183,
12952.93547753954,14675.595158558148,
14307.354950666237,15426.299130824667,
15951.423689592197,17355.756301410616,
16262.042757995803,17220.79000351606,
15790.534396370562,18033.66576816187,
15375.265921825348,16788.8632685916,
13434.26325177113,15609.10248104927,
14574.345186589555,16556.42151628296,
13924.659206727372,16324.110896903014,
11012.904436939121,13491.790837662586,
10288.258106508783,11900.5632334003,
10035.143378204122,12609.41725201165,
12335.596542608982,14064.384830345738,
15063.740266459949,16117.68065885751,
14238.86583360925,13729.757416103083,
13190.417770886168,13499.2430867098,
13733.146698669523,13939.300870367142,
13630.380098673608,14325.952014791432,
13589.796005535263,13842.024738612037,
12749.765180674387,13456.96272001681,
13932.188509038053,15395.440658296382,
12916.517543604341,13927.483727322002,
13286.915573773174,14072.335119565629,
13530.678839668482,15713.004038114064,
9312.826541193775,10260.104279266325,
11463.108233093464,13764.117029224113,
12945.343660116074,14992.641271665605,
14536.24137878854,15746.79295696987,
14769.477962957044,16645.193912422284,
15199.798278797989,16953.29146171721,
14605.4223406217,16569.68852838996,
10509.916671056606,12824.585067947406,
8347.486457438716,9386.095557243385,
9352.197527548404,9171.091152264911,
9611.468893237037,9721.71074235975,
7642.674844754827,8490.294480156015,
8668.659244194712,8117.097650889489,
10679.036054308102,12568.141869614228,
12556.235312806542,13312.35594418179,
12650.650335570092,13251.636351029034,
14279.30241623291,14995.776561857312,
15239.465919919787,16800.869582360003,
14298.875557608591,16739.704202673496,
13369.468726891775,14833.7641504168,
15335.202106970175,16962.601443019634,
14933.508621066012,17149.88465663476,
14077.34061051863,16559.294856408993,
13053.112742809428,14455.566242128034,
11123.70764452775,11644.10417751854,
9988.831395268227,10747.35023030793,
9642.322435467728,10701.0479895465,
9995.824082462574,11138.070521667101,
9205.308634605031,11805.38816996621,
11958.53253587799,14560.114818532033,
13797.859833348351,17926.85080745418,
14066.481982032545,17879.380189541615,
14149.718001328129,17769.02192484431,
13522.84528155848,16814.9825830272,
13227.396531019967,16605.965786227633,
13000.26503681494,15133.347274729023,
13064.347499071639,14171.431959487794,
12268.950341527627,13306.388401382515,
12621.048112744891,13493.357665386453,
12412.533367365497,11375.51742096607,
12326.09028506029,10073.360801760376,
9586.61597555477,8782.07093138145,
9431.32638714267,8130.662168402095,
8700.944575879368,8705.241390641748,
8933.557032702047,9244.006308806796,
10063.630979427247,12683.727148392563,
10915.217561451384,12673.258991118197,
11269.700476163303,13863.246788979834,
12720.70856309366,15860.164885146636,
11586.82279932062,13898.510685373241,
11961.389496604777,13605.246736643972,
12371.464163081904,14225.477508588141,
13477.663219619835,14291.377476840338,
12817.080394277293,14688.387818777224,
13731.950245385437,15252.111797608339,
11558.073468879078,13566.01634936394,
9953.787712918956,10946.20523495029,
7047.599986920352,9270.031649937475,
6875.459143153843,6476.827630627907,
6890.068240702621,9307.409294468682,
10167.619918145625,12411.957735203518,
10381.009405111987,11507.675654886183,
10116.261396925345,11122.260364563543,
11746.808469188072,12608.415233281323,
13165.247188474574,14123.27447800379,
13254.344972396637,14692.768694064822,
13609.295671016154,14836.297771173671,
14364.35289082063,15313.557548156907,
14957.857874035291,16735.191595281347,
15148.08313224399,18284.804882214325,
15657.618702606193,18614.78678037079,
15738.334863899317,19352.557310850614,
15546.168945404283,18473.57559295738,
16405.995151986095,19330.987002821927,
16377.692319074682,18949.82625639718,
16546.51466075183,18992.034050856542,
16312.677911798328,19027.91932040987,
16734.77378119681,19271.325639824685,
15676.957666229366,19028.172158538007,
15451.260211850795,18903.47568346611,
15335.889741257624,18514.61615019259,
14583.477699755644,17164.319490277343,
13911.835456851497,15907.98879125804,
12067.238593444294,13339.290451946803,
10696.321819765893,13103.825477586917,
11465.962119097498,13655.681188114384,
12889.636280301325,15370.172897298808,
14239.449836698563,14756.392051505536,
15351.153389481453,16968.419671882173,
16212.076742122468,17895.539313955764,
16588.63530928162,18030.26525549489,
17016.54564737909,18469.28255536489,
16778.35197828027,18595.733584736096,
16151.769058118993,18912.652377410326,
16258.180514566127,19269.977397626102,
16921.246094810085,19268.12211191556,
17181.674529710872,19309.798873975225,
16421.696863147255,19352.674361766225,
17359.044662595916,19512.593282043366,
17146.207838252947,19307.602470806767,
16935.953406730216,19318.256285960593,
16851.11095503961,19122.232577000825,
16650.74976063359,19244.899732395792,
17081.44528343515,19187.25463762513,
17097.168534338434,19001.884743819188,
16931.335671276076,18835.9647460771,
16715.65605434883,18923.360156471208,
16715.65605434883,18923.360156471208,
17007.57757802729,18737.990262665266,
15391.784903778704,17949.876018359955,
16177.938300949674,18889.921623511684,
16282.101494475308,18964.50720884214,
16096.179009260004,18782.400727737997,
16389.998710870295,19218.806240978498,
16066.961469547727,19061.63785376577,
16188.057856265297,18989.281452392763,
15578.735539517891,19008.342714467613,
16431.910915576904,18781.917659807845,
15843.872535565242,18729.069459692302,
15588.18299660362,18667.83201815276,
15587.693205784464,17701.089567336978,
15490.47516047223,17681.257137617256,
14487.821618485461,17076.215308477364,
14605.283697045741,16640.472950990446,
13796.638615832304,15544.325548876495,
15488.547155038217,18606.068590175244,
15284.706310679278,18550.783615287186,
14834.903559174947,18039.091020234027,
13664.621482028733,16509.113481363816,
13951.280241371242,15819.591984408686,
14364.13711973064,15839.147394688438,
13887.50185371068,15476.099319022353,
13110.523531086039,13534.304729825291,
13289.064846300294,14321.372749904325,
12836.089416721754,14091.594192401471,
12502.983040439536,12374.543847086892,
13099.52113889908,13523.113052479259,
13043.883727190698,14459.813026043536,
14136.062057990428,15859.450061328618,
15725.45534861257,17516.943256528713,
15822.873142144277,18006.891692788515,
15983.022771583584,18511.518631157316,
15774.769374652922,18861.543040655593,
16382.572187300228,18994.25153351254,
16060.597597503627,18699.546046541524,
15561.688800279939,18690.58769627129,
14922.0358762807,18924.877125379848,
15364.571002483035,18931.399474958384,
15332.765932329745,18775.776510803174,
15792.354756647412,18763.576666229255,
15621.233257282067,18581.96205820985,
15437.977337228798,18990.740985759938,
13858.162803902862,17427.219235582845,
11764.005175404815,15713.384420037948,
9875.460941207226,12365.51589349043,
7620.54607894529,8861.729748227566,
7856.250715725917,7938.030332563818,
8521.606326463794,8205.909784436271,
8550.86702120159,9481.722357576265,
9189.097742653033,9878.27712906489,
8932.973174675706,10985.89270989053,
8610.001265314737,10592.57653012603,
9539.23641472662,10619.166758344236,
9500.12140831766,13116.294382726264,
9974.591253967765,13577.21621757808,
10438.94184663261,14017.682458394169,
9566.159637975457,13017.087259813272,
10875.81395891797,16357.947110500289,
8886.825077002959,14159.31810837108,
10879.031578003052,16407.945550078166,
13387.77790735027,17177.73456740476,
14534.815678331115,17795.54642171992,
14554.30258767321,17969.74867337583,
13874.85137703572,17979.469163948655,
11669.629451263723,14845.081992376434,
11635.485021514753,13593.090543036875,
10661.195052802042,13146.128702809778,
9369.052496922895,13084.415162075225,
7287.037141857317,8909.277184007973,
6355.2278729090895,5949.477209595085,
4592.732622484712,3614.1017935421323,
3227.512059048112,3021.209930050884,
1700.9029075197056,1478.454517732402,
729.1488933258604,648.4183487445451,
1040.9300292443006,715.0129945759337,
635.4250104314291,539.5698379371067,
736.399701425981,864.7524926780951,
1106.5391595526278,1032.8530722418275,
809.0904740195588,521.9001633564433,
835.7562301688994,1063.3928321370202,
494.9661689100729,429.0080510018338,
392.1879749547849,405.4577921620943,
906.9796078960369,763.3340387630203,
1350.6180034411339,1523.2532918187255,
940.530571095179,777.2113248867197,
700.7525171739093,493.64908546163514,
176.49151904728427,295.1960685055098,
186.99133423748185,290.86349785793107,
828.6418794412584,543.9173625953955,
579.1889057190675,499.93358926535814,
549.8962047170195,373.56568185826035,
338.9610026669232,295.8828394081529,
597.593606060926,424.8734776631733,
1381.5397927520858,887.4220390624607,
3817.670433365516,4183.5808566393935,
4452.040235242245,4118.126172203279,
2970.6813447269515,2652.965509170378,
4138.618564724558,3804.1256831313485,
3779.577181166076,3171.944370155067,
4308.936666152424,3211.6928981981096,
3985.448146600611,4354.77295723061,
4751.99861436412,5201.591636646377,
6625.473175197565,8189.435523506801,
10422.300986683244,11241.228803888302,
8291.26165172508,7838.619418438041,
5448.0999542941,4668.34764937693,
6191.1248547457235,7973.926988801181,
6142.517170435618,8327.591551685406,
6276.1034729822895,7883.615571534532,
6615.67001523186,8405.81134396497,
6584.247307540589,7693.394469619465,
7623.908110956836,7538.94057277649,
6037.9098404737615,8006.588364818382,
2132.5098191737643,4397.219391317575,
797.6394214489209,1611.8089562001903,
124.95766027622886,148.2715957556902,
103.09018981583847,148.3186738806748,
178.52679367011166,177.8197426350635,
1179.4741894007825,1070.292982673296,
1036.662564406266,750.781617284566,
280.14751513662327,212.65526362118536,
543.9125202856451,672.1377065503601,
818.58000640707,677.2033544924732,
645.4987212426781,625.9495130835793,
954.0303841098761,1748.5055608146806,
1434.325829279298,2844.4897130324866,
4627.637978361373,6467.60950554061,
9654.317362146765,10860.431862473743,
8575.28981111616,10387.55185661225,
6951.17918656072,7815.450355619547,
8147.837946070959,8352.450746055552,
8108.037942340183,9633.57867086159,
8683.90634672441,10379.660040320392,
9152.349327399726,12544.30928443705,
9109.464847087538,13339.41121180659,
6897.324707010477,10444.372603462236,
6216.316556382382,9311.21173441682,
5040.216452364469,6565.720953087227,
4388.431747440914,5650.481345203579,
1800.4383115640005,1719.954815961985,
1753.1054227784264,1608.9183909590108,
2697.26952954786,2748.307385937699,
2577.2636405815847,2158.800122954801,
2202.7423586018604,2018.3945928643066,
1811.08565716602,1900.340199285871,
932.6288389557692,951.462619277637,
415.57596870115214,433.58145405744204,
1052.6775615668414,1383.503090601152,
445.43096166503614,329.66848227519637,
111.42769147402144,136.16277261047964,
906.7704038016699,817.138194688053,
2443.4057472639797,2776.9510378126597,
1968.4208313502115,1584.8897835484802,
1481.7644005304044,2502.5316017173004,
1193.9226598760883,1617.4336147425713,
2120.7447187496387,1765.6469191428837,
3225.9910811096156,2917.2044999744885,
2288.3301524511116,2237.3183155836323,
4318.074434063029,4300.943845637973,
4694.376979600007,9066.343697632561,
6141.372846320147,7769.82503813412,
7999.53638448108,10562.668288433564,
9337.311814444198,12094.563828959848,
4676.5793841439545,8351.302977924926,
6338.122042791177,7695.118611241173,
8175.2975681195085,10738.264108354195,
9958.229209042387,13708.195847884132,
10785.028329889145,13060.962216282338,
10527.313923260559,13494.71725721784,
8460.543283256186,11055.13570063637,
5778.4896409275125,7134.37860577888,
4836.135764005299,5536.031467298054,
5899.772805182023,5479.014034987847,
5749.637275542179,6073.077139709662,
5347.27424526318,5462.271435556955,
5413.310346460058,4872.141241785445,
3320.0763540017238,3016.3792137247756,
3287.947468279838,2881.2050218421473,
2275.7774764528667,2612.3985693189434,
941.5088179325791,1080.6593706538104,
725.9653956593677,754.7570418095169,
359.1795125820851,519.5963481466288,
413.0341974429028,518.2109555548709,
260.9636519098995,407.67031648006423,
232.52302637799232,333.71912404034356,
264.8951654087756,350.8679280365664,
314.62952444484887,448.13119426067493,
114.41234370261388,216.36944433555198,
190.30256429337948,306.3565811866243,
111.45609040788564,150.12424551706383,
102.28662148658998,134.68367994000423,
184.71403423741123,219.90677514500715,
578.9096799618261,523.626646662793,
189.53386389553904,199.6817901760405,
258.7286721735216,972.7667528109341,
1021.280282329667,975.9280322425324,
2543.5905998076937,2989.93099495522,
4400.201773915416,6736.694821893212,
6349.072643831314,9476.746407190662,
10397.966085088294,15133.257371160544,
13360.737416565344,16947.565333972343,
14722.113013194941,18903.253205985005,
11919.106513019753,16773.521494913668,
13831.343811058367,18212.511015435022,
14622.020228649613,19056.956129459,
15778.681114312141,19217.941789108463,
15033.216962596101,18118.306463278954,
16080.658587394186,18963.51101877235,
16329.370091292665,19057.719419507644,
15955.886032454648,18780.67082187002,
15846.29126085542,18538.702191872802,
16027.968581462312,18363.007074105863,
15788.822281351442,18531.17174504301,
14858.248385329027,17885.192306888235,
14400.940204243792,17367.19808388467,
14794.302631378225,18090.178993549856,
14169.0172455111,16819.049579292834,
15658.639902165538,17897.843828117126,
15289.230119150798,17837.17174007154,
12585.912002069475,14227.6451198268,
8876.581241318576,11181.460109192392,
8920.422165936994,9946.644892819504,
7426.217771796155,10678.538075666986,
9572.463143096089,12264.23242873485,
8478.764334925345,10551.159646025526,
5155.589081286526,4460.778978021195,
688.6423956847281,497.98891940502364,
613.2588938079396,646.5211065476201,
1014.1554982553029,1151.3317219791961,
1893.6455268916163,1336.9815982216433,
2807.1907325023744,2435.993783750281,
2384.644909132672,2649.893184382762,
3976.5834604451634,4497.454464035339,
3421.834669491096,4261.462174618976,
3087.080784351335,2670.0363281346463,
2122.358004014204,2845.118243259488,
1784.1004049303751,1675.4792181514072,
1269.2685947311682,1100.0161261273056,
478.34528644366924,480.1491069577985,
367.43427074251343,521.2103542524321,
337.38918023413447,298.6718383941847,
352.20131669112754,263.1543238904328,
201.23389276840356,332.8829657835699,
297.8127199412931,321.9346475387268,
288.1292650672083,335.0653478712882,
230.83737054359975,431.78706171409834,
523.1842334816804,464.9066616658562,
1147.4549299434407,1955.4114689458784,
1092.4988475658652,1832.5813239962522,
1458.7079516233202,2421.868605762584,
1458.7079516233202,2620.0734096042065,
1792.1032174314487,3037.5241125444554,
1766.3419520219763,2998.835397164275,
1760.9071819477592,3035.1179357995584,
2234.6453176511754,3792.076593200475,
2894.4170899284777,4571.321251557109,
2858.5877609406384,4813.895262033427,
2583.9111877985088,4167.092984348279,
1316.2141234552812,2251.197620435968,
840.2747245582335,2071.615544962341,
779.6036659973628,1511.5291336950363,
829.6777338479536,1490.4165453879318,
608.8082121911217,972.1943100006962,
651.6505147710724,637.2005463023958,
472.3897338658064,345.7287729297765,
389.94048386546666,245.0249174366985,
152.36720644394708,315.94924473559007,
66.04185702184728,232.0042503336131,
97.33425404889303,199.29808217803904,
83.69683841297174,177.28082958226926,
106.96378681423354,180.17323416968622,
836.8563086002684,1026.6133658487443,
772.1736906317429,934.3020026725294,
832.1477697872309,962.0162839539491,
939.1919122421391,1238.1428771998292,
1013.5775457070539,1066.821205459644,
1103.5713959742814,1282.0840188724349,
1154.4816696239438,1207.2060224567738,
911.7408294446095,803.9499128767808,
827.0948067883521,675.764712262432,
782.355449603187,921.379774972998,
558.0371410486956,481.1422934987373,
418.92300106355873,346.7743447876165,
173.56846936871204,446.6058287619923,
182.04476537244162,684.0982541910922,
136.79039965505152,621.6161457478674,
120.90997051887962,306.8497523065443,
127.00686745612032,259.3464227844573,
117.28856324090866,157.1956357687255,
127.00686745612032,229.08260689811019,
169.09248442964247,228.00582825885618,
149.54473964103053,162.99028417258828,
254.69190284910982,216.02418675934976,
188.1615173000951,220.77885419064324,
527.7246684953317,665.1951867913647,
782.7250177494025,1000.5219991458241,
635.6185271852285,923.3381175061749,
618.8831023069249,864.4477894093473,
464.9332924666708,389.89497635507024,
378.65559711982814,363.87755814812226,
338.46357813144874,350.1194567223399,
360.18271404272974,327.4249376550428,
420.85215796737134,331.52127803281843,
639.9939187623061,733.5262944769685,
602.3818267657575,747.6497605918581,
560.8525496071554,1368.31779142211,
1159.2605716590417,1256.2900949694686,
1008.2634710727765,975.876515545374,
1178.5331356399827,763.304576185908,
1100.2925369520485,315.18783924774635,
798.9774356758597,664.18084078809,
1093.0944868348165,965.3949223230369,
1087.2030957630573,1075.1332219228825,
1094.455963794368,1086.9075819136865,
1057.357818296251,1086.5129198566146,
1050.65023104085,1048.4803183319657,
1161.7869851366286,965.617927115162,
1580.6436051468752,1245.0274771732666,
1809.3045484068402,979.5777487504077,
2107.747030092667,1668.0256046903767,
2222.1011952412555,1834.5112419623495,
2105.245657586159,2160.9868403396645,
869.5966603257026,985.9296787133135,
971.0952462289359,1264.2776671458237,
610.1808938207342,1027.7666540261782,
429.67468000993154,977.7885589904075,
286.8096442913337,539.8675236542233,
284.96672518361277,626.1226942723998,
277.67767763531424,240.3786624666551,
1065.4309859257091,1947.9317106262656,
1795.9417906923832,1928.7254608707276,
714.4666928044435,1074.2898905142001,
549.6211624506817,575.4637831724992,
540.9075889471552,646.4261592783556,
849.0168164322716,437.87154693298663,
871.2483217101369,690.2639294838431,
477.26242289101356,383.86446976263784,
557.1758280568835,693.0279677103887,
439.391946193372,716.5982785034131,
2006.2885964068303,2478.0720587151186,
1928.355663143049,2156.942303722733,
3529.3822473641035,3381.138651945771,
4145.725990840361,5612.546865041477,
3876.837572723492,6077.702309481582,
5317.24023766623,8336.046863579038,
4687.852272697958,6666.293732416156,
7761.830206288202,8905.863763329387,
7909.231448028152,9229.806029997444,
8899.296142796211,9612.420178575365,
10763.463881965494,11726.29882965927,
10943.180478613278,12092.766326608496,
11741.365165875051,12941.206463064362,
12073.043162569504,14162.868911003734,
10068.419626286357,11307.138160932558,
9375.199163335672,9860.386381274786,
12160.61912825403,14141.93920849201,
13774.186583913488,15042.25230126506,
15028.284356181579,15584.525147080081,
13704.313060636081,14098.96552735636,
13160.241245613925,13937.789417483393,
13482.506219383677,12500.38726640273,
13030.474568306143,13277.011722309337,
9641.239198229712,9525.204620185454,
6685.399822729763,6431.638825748687,
5796.5526426069155,5760.721567071858,
4718.298465991925,5046.185055562697,
4401.526711285941,4006.661310281458,
4148.207213167884,3207.684573945095,
3014.762135252471,2430.017281188246,
1606.240849653595,1331.8753028576443,
1553.2637503224653,1163.6629118639098,
1967.8245359793088,1799.0219876558992,
2236.3661739119557,2555.1228788214353,
1744.7310195698208,2168.102675917707,
1294.606444920503,1368.7532709795435,
1397.121163398806,1362.6602428758006,
2061.8228165585306,2107.441878783439,
1711.6542430546333,2299.370058617995,
1444.2219614049604,1594.113222108758,
1997.991295090852,2155.1067501109032,
2235.7067250148325,2533.121759519112,
3550.426769589325,6097.867505635753,
4547.645167926628,6888.931674309273,
5896.416773540793,7663.3831313116225,
5972.034986718064,6721.566749640083,
5747.635055938289,5956.615559296263,
6547.1409393819295,7377.240889856256,
6691.420302138854,7296.352092503131,
8171.8975224849355,11374.711619056838,
10197.002426447738,12706.40253937689,
9684.402160867603,12078.318776240141,
12044.922212809795,14223.780251472175,
11974.201848687973,14292.8191879485,
11920.665482994818,15063.759736695325,
12913.57298469908,18279.741124294185,
12546.91860794865,15901.798279728557,
11973.88421709548,16266.305458174169,
13987.174348300568,17633.034367624416,
14667.582198269756,17426.073186743182,
15044.763050188443,17694.96373615109,
14885.271558210132,17035.176012993397,
13812.386905595728,15568.4515594965,
12926.235307550798,14874.357216888435,
9539.518663748737,9164.866880274798,
8537.991812139893,9062.399326146187,
8946.642032926986,10038.796986993082,
9598.467867200794,10070.306570773786,
10334.575875534134,12067.013487836755,
9781.38615185277,10724.929984197737,
11121.884129453896,12261.676903742802,
11789.575486570468,13285.424884022254,
12278.436948195476,13671.180012861272,
14089.896374739152,14676.70532788221,
13682.079717583207,14457.52766758343,
14197.88088663571,15362.938976562395,
15013.207265812052,16433.504470151132,
14688.343555150854,17240.15673406379,
13672.015789031711,16208.289856191965,
11301.164507789807,14587.397985677437,
11708.976500215014,15314.65893870038,
7690.220606139203,11665.85834645088,
8346.825869915961,10522.928422146342,
6970.02510025642,10776.259841479823,
8473.669640205808,11716.391131020895,
8666.164484968034,13024.056115677486,
10166.31666628625,13521.330396788342,
11941.609970355286,14403.566781343548,
12107.050598189773,14955.070942105987,
12734.035624481472,15865.611735575198,
15194.15129567113,16154.4481654023,
16139.48049347497,16241.111335609676,
15368.936732508992,17856.83995878456,
15750.277269781698,18585.448378060835,
16173.108700212704,18700.867933687132,
16080.74043356797,19190.36406844832,
16438.828756823506,18921.08386228456,
16333.69402702626,18384.98395386605,
15924.522053446479,18170.811566698107,
16698.952502550634,18619.571950244666,
16868.493474543437,18725.590118368764,
16500.382210042182,19198.602590167724,
16917.37959903371,19154.20920078851,
16317.170753370105,19129.740290862737,
16638.738900654134,19014.692067369895,
16715.53239692438,18942.242498761214,
16333.447630646406,18800.878137225296,
15978.639575432859,18477.034064968815,
16333.447630646406,18823.470666603836,
16274.968207531265,18753.020386449836,
16309.164966479979,18915.524119452708,
16295.83823113068,18747.596687390447,
15748.009723345083,18378.268351527568,
15593.01241904632,17989.27849998238,
16044.099774487886,18498.011001434756,
16044.099774487886,18468.278359910968,
15772.203080214174,18335.519977709202,
16099.353256027776,18648.246041264523,
16172.172060033032,18782.75556280035,
16375.454929168693,18884.413902304597,
16215.434806520274,18933.859518157366,
16523.312403171876,18983.983876919192,
16510.16926586233,19212.29585987248,
16371.759318181445,19239.268281159275,
16513.65090624183,19223.093694279807,
16573.99512066735,19058.141202184008,
15090.41522169516,16322.43454537151,
10249.338527694694,10596.90728410616,
10116.379408200231,9272.348363087876,
9695.882180734074,9266.782719576055,
9970.46981259028,8699.655119861141,
9665.373844735055,10364.76271358415,
9992.881799554603,8650.703994793754,
9168.595048122846,8755.452591337606,
9081.287574452654,9192.393825395151,
8706.717383906385,9310.080980036932,
7928.737034276244,7079.47304317255,
8331.514531658719,7057.226689630801,
8382.927631047405,7933.444974625562,
7984.391771258267,7503.10998999518,
8235.8472895343,7165.64748404302,
8059.443494594119,7332.706077540235,
6721.474341425718,5637.768363612913,
4019.7517956860643,4180.788142313273,
4525.800713006224,4279.291895621844,
4876.711517614713,4576.580100911902,
5260.923639218775,5483.565261064091,
5652.610487806082,5575.753903343625,
6262.561416481705,6200.742319077455,
6625.034190596896,7809.388540534646,
7067.072453197281,8779.974630200153,
7747.08364473211,9588.298130736135,
8096.010866429683,8854.625803036373,
8221.937632561743,10162.933796145373,
7551.101804366697,10962.614535575682,
7887.411672719326,10379.12752096469,
7682.972530943406,10775.390375077686,
5957.492892829349,7159.636250187498,
3925.2915600775846,5382.529187510492,
3488.537945489656,5217.202037160668,
2531.202554208121,3212.1160442879577,
1648.2259296773218,1403.8909983698966,
2131.572170788674,2024.1166604916557,
3394.717622889447,3248.2268953547,
3491.8154526758126,3456.848223846415,
3917.8881502718887,3182.9710934767227,
4080.843086461301,3855.8348212634273,
4185.017577714479,3641.414005176719,
4311.757694671727,3967.252537820661,
5878.7281399313015,6615.93063450484,
7501.655606217406,8442.582548410262,
6847.964988385738,6983.451505724077,
7087.883204370007,7785.242433524677,
6236.507802632628,6858.612073565414,
10068.262376127974,11834.53855426015,
8198.695580632339,9051.15990523963,
7992.986495505888,8476.56690750423,
7628.102739904188,7519.057855018811,
6326.377669039072,5366.952545157983,
5729.567818724736,4894.250671221671,
5471.321481058256,4181.924546183637,
5451.286257938202,5741.560766676304,
6682.87309265919,5899.062142268082,
4191.166767105393,2377.6933395224146,
1799.177478001974,1774.8972278826202,
938.5707778471873,928.7729864470003,
1333.142204530866,1381.5992691011243,
1957.1922994167228,2053.212921717853,
2435.0092407736565,2470.6899688713524,
3819.5568984841043,3138.400911077924,
5073.908513714562,4151.257934566022,
4971.333373853915,4431.529151114519,
5132.706463943509,4926.5575125531805,
5700.5026850107515,7181.399044750689,
7466.213979822161,7709.161071997208,
8318.235284210667,8755.892710308644,
9448.166932875392,9082.5966831658,
8812.677375633553,9455.933630864958,
9583.520108610528,10118.449268528013,
9233.516192564468,8819.45036642452,
8079.700116729363,8018.749074357101,
7931.780205549666,8455.025911978388,
7634.605887610451,7074.169803253214,
5483.127182386098,4265.903119758236,
3476.446635469541,2686.5174649897294,
1326.0186252222359,1780.4739816623226,
1748.7338782649908,2260.873286757839,
712.8106715853739,664.9685158414222,
413.22982221136914,380.50689923528813,
404.56224803704583,415.69469804286956,
833.6551252402465,738.816638839482,
1321.6880696241737,1361.582003992334,
2066.257967364121,1390.819327079081,
2471.4309595754953,2085.1683048907958,
1816.0768905443686,2081.078532306942,
2796.087028670604,2799.7046415027926,
3618.9035597081597,3586.260129201358,
3394.817474351758,3665.5655604045296,
4343.695789773833,5063.444582087154,
5596.910484488789,7851.908865360261,
7906.312631398926,12601.712859509511,
8485.113901063582,12159.509846797742,
8358.083629067118,13603.83556604296,
8950.844249843843,12424.960581192661,
8497.316950254566,11616.972578350878,
9189.234457146955,12729.043023048906,
8847.076002258993,12136.518037749875,
8593.45619629104,12816.656740042154,
10823.938094629,13883.520314999725,
10073.649734103163,14292.17951090391,
11202.539330772714,13370.270489327877,
11257.951928665854,12932.525071445025,
11456.068444107135,14030.4890100814,
11329.122605773879,12848.238422195533,
12404.416818821554,15160.860128343922,
12304.181458843668,14271.753530513555,
13056.882013769373,14266.278590156542,
12063.788498200662,13411.645987868966,
10354.649866923357,12789.612428257482,
10242.075195555,11861.862832206678,
10525.182180661823,11751.105700009863,
8113.343815442448,9423.452945532923,
8050.126519428452,10211.12179473088,
7793.40334424935,10121.587713741053,
6885.797554632507,8880.030182069753,
4908.017446768397,6269.119282492668,
2587.300458265969,3631.415467582359,
2184.606186641337,3971.478165376212,
3209.4449833929248,5117.592980274818,
5785.289184122304,7402.547907205311,
7049.432133955407,8383.974661455692,
9589.772774613839,10767.814150749176,
9776.28877136453,11205.643828501554,
10923.595563998135,13140.701313964,
11087.898460302351,13206.184188639621,
10988.051491101212,13381.713109615946,
12215.560011488802,13737.532007192262,
13530.005178623795,14553.145805576183,
13530.005178623795,14605.319638151834,
13530.005178623795,14882.128042491939,
12712.225346497033,14440.814097828852,
12407.757456406573,13610.26264553655,
11821.253392078203,13385.814177827757,
9683.744678692508,12962.31036628546,
10279.566232147445,11240.381838451947,
9458.308672758654,9783.774585471298,
8824.975774348308,9513.801411661332,
7539.0535203044965,9702.862949769364,
7389.517623581362,9469.084124757816,
6283.750967593472,8433.496755909471,
6458.792735377224,7967.481886929684,
6811.4385552516715,9136.828312947095,
7043.588741478849,9052.840964685696,
8139.556094397334,9398.918610400564,
9311.057124623241,10464.7493898066,
9228.729088331063,9905.998320285316,
9870.0490448815,11218.49401154028,
10122.472087958413,12065.180820164618,
9956.908338212135,10775.76405463113,
8401.187039611861,8982.409986916678,
7355.394301298166,7951.706080021567,
6822.973101896715,8115.529660389141,
6267.937335112035,8052.66978646312,
5242.430044892538,7996.615563106841,
5146.1141449920515,7593.962474551232,
5428.22695191485,7381.159766084893,
6003.994316595803,6940.875991612786,
4779.689765868795,5518.312915169065,
4287.849337532697,4734.985074668226,
3590.7363497364513,4495.129392789338,
2751.312980645312,3841.7817534969604,
2550.377708943399,3224.432427637855,
2979.6536910883706,3956.600953846083,
2598.9051977425884,3207.442610740582,
2251.9417396779204,3174.941374205318,
2197.751757759968,2542.800265706525,
1878.3191383448175,2339.8543740148607,
1769.620976206553,2177.1750152255645,
1766.2876428280122,2174.5349556475244,
1387.1629760172675,1307.5085993698071,
1632.0809901578648,1302.1091430616966,
1343.8520413218728,1231.9325520278326,
1009.5994207157859,848.6655292918562,
737.260012087788,532.388570949177,
302.8513998350414,242.49571231306373,
305.3952990091487,639.5141708547208,
326.0575450587468,709.1182116866527,
160.9475109983089,452.72598920230115,
155.27144051031635,346.68962516875155,
122.45600688434706,270.75708223976,
112.13094905814742,156.38084437159335,
130.69912697022056,137.4112991949617,
133.1095784459844,161.25911262618928,
2177.7155467572366,2994.9596322224575,
3443.0616103565335,4717.1616194912995,
4961.365345525878,5593.7938899076635,
8365.517518508977,8443.882364875495,
9669.61211793034,8999.92289911549,
9869.681748926947,8879.866829635946,
9812.037199499198,9516.348729800911,
10304.36330365188,9587.197200734661,
10252.16701158289,9712.703113869991,
9675.072611148073,8431.851664777392,
9044.426404103502,8395.007682927771,
7990.361452561447,6796.81351768959,
6778.023847713451,6237.350155771143,
6139.216911169334,5678.782877217922,
4896.950738844471,4582.501373037374,
3454.7762976475665,2773.5162518174966,
2306.616114963238,1534.413793030409,
2715.4826723596884,1749.1162598728881,
3295.4418749685587,2624.3956330283145,
3666.6138200160385,4398.383721442293,
5295.320270765892,4313.811121780637,
5508.302992157063,4325.581188085494,
5574.288187251012,5286.90306235396,
5443.338983536858,5243.670681486648,
6025.270177325836,6821.687504716978,
9016.486781983276,10688.544669406381,
10623.534944047855,12994.919609490003,
11263.023641789354,12877.611215944604,
9604.338210538126,10417.314214331465,
7461.987982045898,6919.81448144607,
5822.149533353171,6325.182371827298,
4554.2928995246575,4723.156323093089,
3866.076956552701,3924.980409618336,
2242.2338756245013,2505.233383923694,
1173.39059937192,1124.978516045447,
640.4539795013177,913.838030214693,
497.8307547394273,703.0402330606054,
356.5810537104345,443.1399171102158,
307.8970239112808,408.51695279704137,
103.09018981583847,155.54229997012587,
243.9891609519146,156.23203472967984,
126.18379706728723,253.85870693022835,
164.9213603771174,332.1105177987197,
168.61265444336215,288.11852512849543,
410.7437911344248,378.5225331107335,
622.2535689968821,622.8445097087791,
891.3158191629738,893.4735387968926,
1438.6292717246995,1280.973900838199,
786.6373155549903,986.3945040136032,
95.94992814592081,139.46392547167892,
148.9417670853807,297.986490450773,
330.3193930191815,358.1325006558821,
345.22466434758957,406.8793377789424,
677.3625106058571,528.5514766028313,
498.74185509129717,581.5774906166299,
459.78903998300603,713.1084870300025,
467.99122412090986,718.2960462689537,
311.1753085932921,471.964991045942,
328.747112449236,455.2763359553241,
363.969913512641,387.9217227136092,
321.85801774397964,329.4441605497197,
162.5276820122354,225.5821758648636,
563.3218072111323,313.6957015173755,
110.13850669342995,203.06055809053,
103.09018981583847,138.22609059209387,
117.50181231098344,208.84507308459536,
218.36624248054326,244.56768312976266,
372.1880904050638,677.2026441607774,
216.11131177879292,465.43639341311075,
162.52113809792192,894.0279432384009,
340.3786183166757,1307.2472719857576,
347.49801636882756,1095.4123854426991,
1001.0274557619591,1171.806349306138,
1600.7346334458107,3723.58708502229,
1729.5746719359531,5150.479386066009,
3196.0042281517926,5058.321654582003,
3894.4602900827663,5399.184902831894,
5329.595578395802,7414.733930856871,
7036.101668310315,7888.137143506728,
6804.315275790106,7602.499039048354,
7716.115962670936,7401.453831705085,
9457.688102651618,13214.942916099086,
6860.873357390665,8118.474433522854,
5399.252695206528,6724.013947287024,
5203.828562970741,5430.010581507885,
3499.6964799465445,1747.5673627096946,
2489.024102910278,2792.707046942631,
1156.8450660151839,1204.0982876143664,
2140.992282460281,1651.728742454554,
2644.8400959929486,1904.664018100196,
2974.493986469683,3178.583021406297,
3223.5838874407923,3015.6855073141705,
3043.637726289078,2626.7819666427094,
2368.3957112341272,1852.9587321961856,
1396.002134402209,1045.2471296301253,
840.5453088654674,1288.6514013289018,
674.3442252600245,448.1208772976492,
190.57055891225446,203.90783891527497,
1311.8480554726123,1144.5350249544692,
2686.1006859768204,3156.674562682059,
3017.631300074665,3149.632504861794,
3565.6968651131847,3090.4986879630637,
5326.123597988917,6308.263882022503,
3722.545429577835,4248.837104708824,
3834.4313838778885,4070.722173923938,
3401.3614907404785,3582.255484926781,
2450.3833396198543,3167.8591564556605,
2016.9735983655503,2908.6900101264237,
823.9771858798374,1884.1911089619045,
862.9638692967891,555.2020550743449,
486.9980237672344,395.92479659445473,
122.04152460668331,169.05432575977576,
77.04639241748862,170.61705327808875,
77.04639241748862,182.61593541447147,
77.84996074673708,104.60802123509747,
196.2564195114761,158.63823797990557,
105.45889790111917,103.3849201169845,
105.45889790111917,119.875825513049,
136.28943616670597,239.68710281056465,
314.2567482266078,601.1078663595172,
88.07426978653234,178.85877226260274,
545.1680353569453,248.47854669965454,
397.5147029370544,511.332269213433,
2195.2797157985387,2457.920827626653,
1560.2401977528036,1922.9608213748022,
2283.10081017194,2690.0954242962443,
4244.259812348068,4524.092895129242,
5766.990688316008,5220.943799374754,
3826.133253900923,4674.1277535916615,
2924.9771644502907,3308.706934713179,
2260.7338636187606,1723.4766821962712,
1482.621358225675,1566.7353594877693,
1579.3441515917918,1351.5705375046168,
1331.7383960876177,1406.4389930749473,
1469.8984212923929,899.8092717480714,
2099.105539814481,1583.1444245087798,
3742.1910882595516,3024.3895891196526,
3944.3215858921913,3486.0702169627775,
4344.702834111518,4067.979180145813,
4408.089459178478,4409.341530850993,
4881.146314182493,4567.7086466485325,
5169.4462918221325,6841.498337436627,
4972.544598293428,4471.244211845732,
4845.813160985311,5783.642096083746,
4974.5303785779515,7284.358691240049,
6153.763901216163,7726.60325032389,
6474.883243440049,7571.349757920812,
5363.616813497525,5350.183825485024,
4672.715294192892,4654.931669614119,
7115.476317689273,9387.107628129814,
6080.605573932575,8592.675471418648,
8743.026948259387,11022.791751000952,
7579.112350572521,11419.936500305694,
7837.3420954968515,11091.840176573729,
7348.2885820321735,9857.637019108628,
5741.664701917313,8156.124666452126,
3857.153229188029,3502.1498062919695,
3726.7105810570215,3853.7593914390122,
3019.0286944425693,2713.7511886660927,
1116.8996430268307,829.0456380083186,
812.9569207666108,668.3868140626049,
541.2990158736769,480.04164619617615,
1444.6165050997345,1182.613049362598,
2834.298551203633,2325.8159267826504,
3140.442055894287,3319.0323908023315,
4190.103895803796,3264.661473428821,
4652.6983779446,5119.0109639709835,
4448.411985296067,4961.412345258898,
6536.565080525246,7692.0988606520805,
8667.568298975037,10562.826219409248,
9517.774232484198,11404.829535621937,
12952.593827815412,16218.390309830313,
13347.479495319703,16564.09622496426,
13813.68626915463,17237.28407458496,
15542.555962095053,17559.23326284018,
16071.121067162683,18143.534147146707,
16038.952339957925,18560.525495394737,
15909.818779789535,18683.501726005103,
15649.05583622322,18433.06950910356,
15909.009243020468,18237.018166806716,
15051.125633722611,17178.567080454835,
15091.468490317793,16922.98175437544,
13876.161689263628,16519.133640932505,
13654.17248261062,15746.347059508984,
13390.638588578115,15096.884726958557,
11669.821296891241,13233.019354176688,
12168.604087046708,12762.185948190516,
11087.558479536849,12462.542637415372,
12068.895311167225,14120.218529080932,
12266.624965326646,14120.218529080932,
12311.373481458631,14018.560296292546,
11966.422618170076,14449.124957839744,
11583.393708868578,13100.249200742457,
12415.42708873584,14343.30227847922,
12429.220403350648,14733.253333750354,
15426.766675983716,17178.899261653,
16407.344486246384,18273.3695021421,
16694.412734715457,18319.753654844688,
16829.208288181417,18306.925863408618,
16686.68666868355,18195.241026440366,
15039.661420503347,17385.646634686058,
15267.594552659795,17309.754483702756,
14157.075979134992,17172.010363028043,
13401.540747656643,17004.510520588454,
11970.810357548411,15153.40093188358,
11810.184121948789,12293.425934651332,
10449.632058173795,12332.59468216264,
8626.877813985691,9293.590051339,
8228.320242212973,9441.207715130218,
8764.87271517345,9268.830735233194,
7990.341205217478,9158.091806081002,
8505.921846663128,10030.246231903358,
8424.310504741012,10035.35012746193,
8271.129173477288,9111.034613614436,
7216.898381371702,7120.213213873539,
5238.681168203702,6070.910953088719,
6034.395419619313,7556.0919660472855,
7195.951819068182,8619.319041805755,
8297.735679510368,9588.759326011661,
9643.890197907069,11759.485014172793,
10120.385193987391,11342.858189044282,
9135.025857876972,10535.808118926147,
8518.036718350953,12060.036041087867,
8813.02999287661,13233.760511013135,
7184.144830115228,12776.997314967322,
7193.698594747451,11129.299932286905,
4248.438778597117,5990.539874616707,
3716.606587533286,4688.0210903651005,
3296.1045341639806,4678.668689151622,
2374.571767401639,4132.415548481617,
1375.6859650193308,931.3812686586342,
657.8767104595441,337.08994325874966,
112.43315365092408,138.4825014484981,
122.3997129235427,154.85951423039057,
987.9873304332721,472.88907386390736,
884.8736177674004,1024.4800309186699,
1427.8510200648586,1647.4413671106472,
1835.4677292974313,2506.9227344414235,
3865.717660754479,5098.970781213288,
3635.0910994452834,5384.7041848107,
3477.1511075729472,4103.836294295418,
3462.694831509639,4097.238787317482,
2250.8650342806154,2512.990039880164,
2187.722268819234,2069.003369523575,
1590.6227242654595,1346.9324069109134,
1865.192801064477,2441.6908964919558,
1918.019108399431,1720.3961854246618,
1990.829677932479,2186.34659850375,
2024.1095058753476,3214.730902674656,
2678.1922705427974,2846.6493732678296,
2513.3741150493993,3011.5311653980298,
2917.559422964281,3859.7049834776403,
2578.2775521563285,3682.4260961028813,
3087.4659476959155,4278.5678240338175,
2380.1782726242413,4012.50777115613,
2675.505672455405,3660.7765900355726,
2152.8519945571297,3364.323909423356,
2283.2242686739537,3337.5867542886617,
2058.027046096857,2639.0819112458557,
1408.3905053469323,1605.5320575601254,
728.1375105637889,1196.045493369982,
290.73179223591836,424.0578305906795,
254.79029612509163,383.88199366251075,
275.6873598226361,359.9909557949738,
256.66283791802033,250.8749304709011,
348.65494011929,332.28260944809256,
416.2572333643036,376.5332125947812,
581.634361361358,515.3487641207711,
412.1365126668714,337.49261213535954,
319.5239991970421,278.1154012030824,
813.3517708236849,594.1237465424673,
617.2012974888709,599.500254501121,
261.8634134135112,323.7314036454563,
301.6234733619602,448.94065509580565,
464.88222905279844,335.9908801606147,
287.1496304905267,353.8202280051865,
237.05796878924434,395.1985493601069,
123.40151664820938,286.53828300500413,
260.99935047386856,358.09964973336474,
170.8497876277774,175.52699072780686,
824.937026237588,526.6374298490555,
2945.0729960359954,2449.9658122989545,
2942.4225526116393,3396.865792132129,
2823.1221456174617,3837.4481715850748,
3272.0832813150164,4349.88849955136,
4951.007627585244,4621.757353982475,
7701.728150413555,7696.969126575255,
8090.431965954558,8099.929197353912,
7975.778474488628,8363.657679854821,
8332.094076188629,9341.758342298792,
12380.669513717954,14751.018510751454,
15378.63557869782,16910.139913001774,
16400.75867010732,18302.658571383956,
16977.813757506985,18333.77894503428,
17006.592859762033,18263.305787857003,
16947.767108174314,18554.832940704917,
17001.00159133122,18472.86107646289,
16481.73801599114,18475.21231698043,
16236.747830516066,18251.100622937018,
16157.130800568008,18274.01382896294,
16265.103697822498,18277.573883373676,
16222.565459139349,18225.00010543036,
15748.378067087033,16656.596600352048,
13097.702719253533,13900.574720131615,
11476.260332282707,12565.3944782967,
12685.925628254576,13697.972707361401,
12235.063682587002,13310.417224355855,
12273.943787235612,13126.102631403353,
12344.911564666978,13130.712654739593,
13241.294274167067,13557.402687989348,
13056.513574020624,12379.737002175063,
13456.17983182758,12825.616620956058,
13797.740167618,12537.24459455712,
13586.397899347117,13361.753508650076,
12688.891842580668,12489.362509857214,
9794.164409022625,10990.525087375827,
9050.24398661755,9686.423853273272,
7531.2428354420035,8026.157946111405,
4703.705931258513,4856.560381461535,
5526.78976194049,4466.845354008856,
4170.831889694859,3137.045831631127,
2235.325332132293,1988.9514068385076,
1912.181824677652,1515.2606764378595,
1089.48947160327,1504.9237401720518,
1229.8504115053693,2196.907236370339,
2714.3656110394336,3098.9300770895243,
2207.7873008466877,2516.1663028808716,
189.88542413716098,728.3451345703781,
237.7194118822592,799.356931443949,
994.860787469457,1794.5473254477906,
1346.241236509681,1718.4122395343938,
1222.791574535354,1634.8717722524657,
1083.5726276718149,1623.5834072166595,
1080.5751395182556,1304.306233899234,
921.7732107143652,1249.8599483182356,
541.7718189717691,949.5480006939097,
532.3977507228672,437.09939300758055,
543.2428663511467,683.4610059982643,
636.4251548974208,691.4629419398797,
709.4117299860426,513.9525010898656,
718.6308020037008,550.8092641231447,
582.5585403164808,534.5344647923765,
1069.0379567311013,904.5112944161809,
824.3259274369148,886.8281133976656,
695.37093872167,645.3836093985088,
475.4962813135317,665.4505265609889,
532.156401359937,412.161519287573,
445.61100572003363,385.3539769869446,
604.7558957473426,336.98739575715825,
349.9517205929593,310.01443990960826,
100.05857985442178,209.4029689150099,
78.2701149838959,205.87141070600893,
82.43143768211445,146.2007606502192,
244.00128074778888,457.34855796234814,
114.37430839510287,150.51803087698443,
670.1079877204264,1057.152156520526,
369.6305872545255,475.86176405987703,
152.96089989189196,124.62441990049234,
213.42219678632517,166.31141403973376,
231.80562569143345,163.7908193298635,
138.74383666839034,98.41625048070603,
256.92358697786926,123.7008650617631,
518.2801790437721,222.09636410534557,
939.9439672897983,832.110493548716,
1414.0671979795095,1090.922595656384,
2120.896969484906,1875.062181630458,
460.28713378202485,827.0985052667879,
791.9859217507249,1046.0804954514783,
816.0929372515689,919.7891290685278,
643.8982778328289,594.1059205187383,
880.3140178162857,803.0359524893713,
640.6076754233118,792.2169339267264,
953.7057466142942,1149.7866756675687,
535.935438827023,444.6849501622659,
280.2178789143832,417.38427891304275,
77.04639241748862,102.89891217761983,
77.04639241748862,102.94599030260441,
77.04639241748862,102.94599030260441,
330.7271539057288,342.5804773085312,
463.9691054624608,1111.5948913939985,
657.5555698825492,1321.8560760909343,
937.9362838245795,1510.6141427948112,
976.4705952719594,1812.4018247531237,
1832.8265131548042,2449.7144856115333,
1903.8612547617754,3724.339277577776,
1901.7977596278763,1370.6563359299578,
3562.6794710098156,4544.70809155199,
1379.0001023765676,2387.5427643800117,
4212.644629019076,4993.900956388954,
4541.409915963615,4673.371756110926,
5961.324102261843,7734.458473315237,
5690.300412419929,7724.93169056087,
6000.636066080643,8076.668209436934,
5775.176987047236,6951.431949162299,
4616.590952143525,6207.451999249698,
2935.2238007779256,3033.699821839105,
1056.5078057014405,1149.3180335358475,
875.6116033547828,460.135653062303,
389.1283939574589,461.7332742889005,
121.71874688304325,263.80420410557616,
144.02721647522878,375.07598653481267,
535.7007466464557,1024.5882974885528,
707.3338207007166,684.4729159715521,
235.95006088709783,1063.4110347862782,
236.13666026092702,1031.6122562635976,
1320.4492035456453,1081.8352083035913,
571.7436243969875,1155.6483871117287,
1015.9201390716698,1619.2596691927813,
0.0,1155.7001720602536,
1239.441985473072,2796.794193130528,
3869.248200615502,5834.057772206259,
5815.75578095948,8369.40801121414,
6234.83385433927,10827.358715881612,
6945.372478175683,11514.53610440568,
6495.44852816282,10241.474837701644,
6330.4586177761375,9837.786642936655,
4288.424816662443,6392.215035440609,
3397.792261334115,4197.133401899656,
2452.1615562544666,3017.3078227944147,
2609.038090283664,3840.5272029530993,
4721.315751643376,5617.146624079138,
6145.0737389044625,9061.7280049247,
5771.343499514069,6543.144951164474,
4819.973643380469,7948.337912398136,
4895.780866448768,7406.421793043063,
3803.8493769946926,5012.207504316128,
3593.801980924861,3470.034095339354,
2829.113713285847,2519.8065441554263,
3091.639346701804,3188.0105945729238,
2770.96687491768,2378.2512891463657,
3826.167355227286,4032.1518102562964,
3892.847618413856,4769.733101177277,
3807.61535301731,3395.157080936134,
3028.074755012698,2968.450967793427,
4879.819774033497,4630.012746519468,
6453.65770736856,6244.2761453773965,
5513.561964973028,4891.190201797652,
4693.224810914377,5098.84295150627,
5681.095785460243,9903.698105450565,
5700.810013334988,10554.461878311819,
5555.244136380381,8436.570754233979,
5364.68116158217,6382.673142861926,
3783.542092131723,3569.2705754845088,
2977.558507313025,2778.096999524584,
2423.186613838365,2727.5406936084164,
1190.6780006193628,1284.5410057224306,
502.1268361077811,331.84372825274335,
180.44766496773101,178.3240564893138,
288.69955278320225,436.91944672936285,
936.7072066252445,1207.1078667866318,
1354.304724848376,1920.0213191858866,
2885.542983815748,2762.3317750263386,
3443.1645528697154,3535.528562090052,
3604.3666534939784,4337.820780234302,
2837.6080100272075,4786.630194175508,
2409.5158529639184,3738.9798410032986,
2561.105588846819,3053.5341170711367,
2013.9261897962776,1981.0572740556593,
2170.982131723738,1747.0213258227811,
3227.1149642220716,3940.659032026875,
2973.394650539414,5475.559665553429,
3558.912690939582,9095.823160632593,
7560.81169847448,10013.639730939565,
7269.796055781932,11760.197241013624,
7659.65011751845,11808.886618602208,
7778.123114201314,11654.446139126243,
8170.213737713677,11817.097519275343,
8666.736255700702,11161.234853053325,
9540.31040455555,11726.997276666269,
7812.217249192689,11319.541695666174,
11486.998533733884,13104.664848697093,
12438.418784059975,16678.53137575449,
10793.918121176295,13915.338889284634,
10330.592757790708,12918.395564545268,
10690.739560254671,12835.198063639993,
11237.96755591788,13202.540041398337,
10962.204469976548,14638.50843386455,
10658.916718878216,13648.780907771976,
10961.500296898123,12739.592989521509,
8983.354928023371,11462.24130194986,
11758.490303918634,14541.921577355544,
9659.04739322996,12239.103812712847,
6319.6715022754115,8368.951893569085,
7177.0067993433895,8592.834793322661,
7937.781432393723,9516.681292330015,
6809.81726753291,8417.311111507997,
4335.5143247197375,6437.80609895804,
4052.4776929381947,5428.241766134896,
3609.2540418521967,3315.2652138396406,
2681.1753395587048,3123.227325127491,
1675.4450618136166,2034.8165565382876,
593.0160732343762,541.655218823048,
698.4711253265041,673.6013650482068,
1206.1575404546127,870.5744148378011,
1231.2390714176831,956.0731005391538,
778.2852896886641,680.8331029953831,
1167.0369267503554,952.4556918810133,
870.4505110304483,1288.691836890553,
705.8097342419488,1082.629531243485,
798.6162592237748,1217.3172473478453,
1396.5932283672666,1686.2002931864522,
1636.8071272481775,2048.574648555436,
1341.2602336631758,1754.8840107700235,
1372.4852636361616,1653.4747042702065,
1413.8617476489817,1426.5421538369246,
1347.3866215734001,1366.2578016915727,
1066.35280041125,1059.8350461449259,
737.1618802875239,570.4667574494337,
575.7018811915243,289.97915753203625,
314.11508469478605,266.78484650881734,
457.6147577086037,493.1302443573337,
459.09640465423735,520.5188676527911,
632.035819601629,540.6380616362793,
469.5574571555225,324.3900024191451,
413.92478517229847,371.1592421519588,
862.4819968901351,764.7500610681365,
1031.4270863647619,1540.2286440165358,
1071.9690471127606,1631.1731536541092,
759.9406295857985,716.6709967458587,
342.0049632789657,592.1618809850333,
283.0883884163458,326.0115765244714,
196.0064837255935,287.1814839461493,
241.89935520462413,241.33716443328674,
285.2040165872273,213.56415875283838,
159.10311220105345,288.86582260787213,
186.0835164018592,314.6664249386987,
302.8897773794901,350.2119994956101,
776.9020719355949,753.2094024084689,
1624.838487704245,1254.9951962501164,
1674.3131253119354,1487.8415634028515,
2105.2058044485566,2280.883087191101,
2553.1615796074084,3435.6111753812656,
2596.8376367366745,3495.326493877163,
3184.6051741552455,3050.7060417565717,
2156.4025509734524,2053.4083711004455,
1302.3661909818106,1117.2100156420152,
2371.7385161760135,1818.3772546264804,
2285.094553545769,1701.0651776120576,
1908.11492808524,2229.8470706449816,
1279.3245853536532,1580.1733326406365,
1375.4947094015856,1451.5429230606633,
1318.8191829440505,871.8248490889664,
1326.0014732214834,912.4555664766787,
724.4493995586076,714.0258581881592,
734.0357993466203,670.3980238423645,
702.5116361814249,386.7804375273896,
949.4996161689119,437.35080058847444,
743.0600664595045,344.6854877557768,
949.7570630521151,858.8011050236373,
1361.968573036223,1522.213579560148,
1299.314501659253,1219.2568715031548,
1491.4531513177208,1251.927879579618,
1103.1122039271172,2228.0848047019463,
1239.6428436317253,2099.6222763116266,
704.9157686632509,759.3493445787923,
1654.8678678373722,1975.8130787321309,
1638.9237273308079,2243.018555396454,
1832.7744497773422,2992.3344775232185,
6012.425700658615,7216.214837968374,
6613.095373557719,7034.830284852051,
9996.56071758887,14158.857445346714,
11319.432921640204,14965.715484306402,
6808.871553160876,11314.549674876695,
8152.916085716285,10533.235062206873,
5034.55919132966,7695.581243223539,
5057.499427745785,7863.613373998452,
4046.2725132813794,6263.90321119434,
1125.246860575709,1252.1093801108361,
760.7398086351426,883.1553668115679,
1179.6204205645397,1028.1208018426598,
1125.1856178338467,853.6585044336398,
1935.9738340899676,1378.0222708579595,
2755.266131658109,2072.4457302839164,
2899.7809128841377,2357.2846819236906,
1813.270762380516,1741.6261413047393,
2476.2944954098166,1989.0178869394279,
2994.724785618953,5515.279522582326,
4233.658574067717,5717.565154614592,
6067.010082146475,7028.683370522721,
7285.068690661299,8747.050385542787,
8394.691580438028,11500.044567308942,
9875.483443973113,12057.214919318425,
5790.789888928206,6883.788308343397,
5559.224194118626,8705.73976168878,
6462.8438984796385,8778.101097881634,
8108.349684404415,9191.707210529656,
10861.774933088052,12575.726611207907,
11401.46371732434,12737.644382322047,
9901.966792857138,11026.025630495473,
4840.766629677373,5436.775241686219,
4085.551557391636,3573.2566400087803,
4030.296188212198,3410.6341180722775,
4149.505965162043,3300.079785076472,
3978.1780678637306,3015.330186631917,
4185.688404115184,3224.481797476417,
4668.125433209109,3513.2206207937493,
4271.082184561715,3241.028563270275,
4356.157152726103,4848.423419065835,
5146.4270450768645,5864.365991334897,
4239.893213423614,5657.185172752735,
4023.8617098143404,6146.209664490166,
3402.7149302941457,4504.3949450249875,
2722.524216776299,4783.016155346504,
2665.1194304226265,4392.89290340571,
1719.693755194697,2426.0877090965378,
530.4536332565534,634.1172568437546,
307.45364465704296,390.1702440467808,
412.005661802868,513.9142747144584,
416.3920034079184,384.65876232868777,
640.6312976124267,545.3464608589836,
470.08176271243775,451.47068057202927,
476.7087440517485,450.0446367465487,
593.957775511743,497.6432875098218,
450.8673853105454,347.5601108176176,
634.5139379804805,803.6970465220086,
1278.8096083735081,805.311664430343,
1667.926465593858,897.8744674999455,
1508.0165601645497,954.1604026463798,
2182.7437199622163,2154.0328989373147,
3595.113644885026,4299.095218294293,
6866.913108193443,6132.457902309968,
8625.886119579765,8348.095385567416,
8987.186589371753,8650.432558193143,
8292.477006979616,8573.030395169986,
9418.61920052085,8524.895842921313,
9169.3936001679,8716.526878585079,
9524.090041781743,9507.674967522764,
9601.125439407708,8071.210173943848,
9965.890159993904,8370.166132901999,
7756.154445089922,7198.562368261801,
7782.576908113265,9661.84950538783,
9363.58844676065,9946.180205232185,
11836.01373662521,12973.503475572414,
11892.756263873496,13907.267979948097,
11674.738216824246,13799.657982218969,
11726.440730000086,13646.567015107468,
10414.14057928502,10144.163638595615,
8035.473681107914,7337.866633081913,
5700.550391374194,6168.086021418082,
5248.347822156143,5947.007448543934,
6017.338842497876,6491.785324458367,
6906.758240539713,6687.186660438352,
6940.152844775069,6970.452876144325,
7156.062801818768,6511.742526585926,
7804.516503899051,7372.116014849016,
8662.217046581556,8585.32401556792,
9327.096558052866,8593.198103800552,
9416.18589199741,9871.524833857711,
9985.351926161185,9964.44958195036,
10662.96217931736,11732.351831369871,
11022.403062319276,12819.283070168867,
12131.33170910603,12872.517595003263,
10730.348474012888,10650.581162160262,
9316.473237570957,10449.357189651708,
7292.189097811131,10798.294356694756,
9523.455033331458,11864.749171891372,
9992.059264049602,11473.933919329194,
8567.577222800353,8882.218713312137,
10120.060889210743,10375.290614479789,
10223.827293721524,10908.323321831924,
9465.197848581976,10447.946477318164,
6198.120446555546,7057.87774227832,
6201.083722389773,6709.467352789057,
6296.125634942356,6939.272840279716,
6349.514398941151,6546.595810334448,
6626.602938452746,7246.302641422345,
7505.720809446159,8673.332606173099,
7318.382053487763,7744.386784555032,
8914.236003101874,10962.552717561004,
10894.726670619671,12044.508937448914,
12254.729021834111,13887.784622906882,
13791.415654721888,14967.71681790277,
14303.318487126737,16052.159636881403,
14597.532532713534,16564.461753641357,
13964.218850708643,15805.044581824317,
14748.639645569241,16916.61998114181,
15459.756738635375,17448.232487515514,
14882.03359812239,17670.378151345743,
13709.825643734945,16547.678627559577,
13623.959375807988,16943.24593506828,
13490.604437192967,16716.392134168018,
12521.801304050266,15752.055146310064,
11373.204395676576,13597.54351125236,
9859.224568789225,11121.882064204927,
6368.726885710831,7203.126489385416,
5360.381584424687,4844.097771143504,
3303.383106813499,3004.9917492474615,
2060.0956854420847,1371.99004626108,
1806.8242629695644,1207.8953823459722,
1809.6581216784875,1304.7273183096916,
3069.9031367256634,2394.786458353424,
4959.452784887502,4701.988809196506,
6337.536734987881,6290.619685124571,
6261.621043399146,5985.31123025165,
7241.191088502126,6297.052260934288,
5530.746343070329,5402.216841087234,
6067.609585649241,6264.173645812352,
7682.347297477953,8028.603104942619,
10543.279302502715,12542.597615700231,
14760.945536580099,16317.082056031804,
13684.853126935952,15473.109551675509,
12383.453149690795,13318.400103401844,
13767.389714665587,15683.439262181095,
14234.2507018767,16502.40844569955,
15299.366119201242,17414.440865195702,
16059.29538780952,17686.841712814123,
15497.995280414367,17394.940293686217,
14744.76254098852,16079.205407322514,
12668.030816357865,13778.120901803459,
10415.944958885904,11024.681633972148,
9374.179448156372,11814.158554771815,
8426.970869831233,11425.027548542523,
6511.09068613932,6749.816748664207,
4887.621847153068,4760.154810015083,
4366.252585736024,4120.820137242811,
3952.65816684513,4135.13361142843,
4183.281041135401,4684.064347874911,
5789.09190730761,5470.537584127535,
6821.640605405839,6644.073122787835,
7339.004564092125,6344.447112541396,
9954.324747565686,12074.03836954036,
10938.49931369084,11850.23103232675,
12103.322560535793,10415.938435887501,
12316.359766852967,11456.960158491693,
12843.26321862701,14571.896751562503,
12950.916777318529,12988.40650943589,
11343.58315389417,13199.42456804668,
11038.766525743265,12836.247547572926,
11726.372064732775,13621.004287321854,
11722.325670719662,13846.829119158409,
11974.595078460685,13972.675147000145,
9975.810321649804,12165.190689389174,
6414.360061591764,9992.66825061025,
5473.245511873878,8888.00534923495,
5050.485453391415,8420.792983295696,
2478.0114829002814,4024.2918300139213,
3672.7726001142687,5067.026662995376,
3828.7964610677886,7319.86171743929,
3892.5864918635566,5249.879437216399,
3690.3245391352425,7964.764681875703,
4128.412526228118,7901.698869566091,
5559.796198788795,9798.976614888883,
6580.475437949927,8882.505111834647,
6521.7197081564245,9528.089892660702,
4810.659546228979,6937.856336757476,
4364.512340739525,6002.328285752466,
2780.9520707725273,3929.1444203986885,
4273.841473948672,5842.176893725446,
6306.230771440123,6928.6864986038045,
9052.753326872164,10720.593538831292,
7214.9528125178085,9298.083735274906,
10890.095308667034,13082.290805668821,
12424.318806420091,13888.858897990098,
11756.673908676446,13795.802145532934,
11203.795190497503,12109.089842637708,
11877.905018238514,13736.941569488517,
9575.584223260696,10838.328159957784,
9387.876865603937,10251.920128942214,
8627.53610638216,7744.335523359384,
5466.1723857562065,6288.505513191084,
4834.662051436156,4294.529914527076,
3666.4394339274813,3528.8443454237567,
2784.0235468044066,2165.600785375221,
1531.422760102303,1392.055703574438,
1186.3892782505316,1307.404749704285,
755.0000435587896,628.9562026415881,
683.319348787559,1093.532227235083,
580.5596946504063,819.7212971153409,
100.79797181856799,113.28381480899984,
145.86719344109173,123.89492977519572,
378.09544906532204,596.3161862335488,
3205.8105896822262,1729.3056692815835,
3000.2035812228805,4159.588232884006,
4337.296660246699,4315.915008988873,
3606.7125336043337,3454.396574034318,
4188.515556236402,6011.248479381153,
3351.382746611666,3077.2941500317843,
2647.5768924473177,2935.390602422645,
3072.1266560394697,5069.871650462602,
2787.3810910668767,5647.204951241567,
2442.891733277874,3199.507257299444,
1897.6047845559488,2314.375834584012,
2359.8289265831813,2412.5147731763263,
847.070755505335,929.7270641258797,
457.81461101476424,586.7253110285208,
1703.476020126949,1503.8651159983044,
821.1496697011014,713.7957293633584,
928.9304376261528,766.1780669225019,
2062.8741014793486,1746.695980220671,
2188.332541171572,2174.9503377322876,
1371.873639587268,1701.4861499763383,
1221.3903096410522,739.5686822869297,
981.8411508126784,975.9054400332636,
354.7276032642859,740.8405750269901,
1431.148281650995,1419.4489400835414,
3185.29892536648,3880.437837876388,
2878.5123409766234,1662.9533414362395,
2375.9734852844413,2156.651814740297,
1438.4232733695208,1938.752185350005,
2593.344545329607,2846.2642109074773,
1201.4920887348885,2365.031842738537,
417.2603207078615,404.88679619946186,
760.3759789851542,451.69332881071415,
576.0371892291341,517.4769549298483,
516.1378692744297,392.55423684922226,
383.804298327825,420.66724472220403,
298.5686825798927,300.13506210916165,
129.0745977137667,211.89801254457848,
143.48622020891162,255.3501700850169,
129.1282995260401,117.03217760933929,
215.20824882304038,222.93862132755962,
26.05736635238104,125.49582502116992,
393.1994301887836,567.4922791578625,
476.26002903599897,669.496588555233,
274.20359905461913,312.2952826198279,
303.72313614660635,347.55361361924156,
203.89282077780874,514.4999279823649,
359.04571981037725,703.5639278061561,
716.6895833719744,767.9863097520054,
600.8939633062485,891.112169265969,
3019.000047011403,6432.285344756848,
3866.1509142302457,6618.820883345102,
749.8302808499969,970.6722028798065,
818.1326672846227,979.9583284187589,
1797.6999179392292,952.2692236925361,
880.4070387488157,757.8328864879975,
368.9526519839168,560.0209193386107,
673.2551954030886,671.9255075769908,
742.1642162413237,702.7527141323089,
303.5941400287971,291.76101583600456,
351.5454421054058,281.42337497886143,
172.03065296087985,169.58289426853347,
206.68400508608005,204.40458862099536,
150.2857168284185,89.1438629054018,
187.8109397084126,122.35251829382283,
189.13548170308263,253.381181610323,
242.3286241767504,265.9622505020458,
240.17052443903557,102.46497115702805,
260.7364426220704,241.5934199472976,
613.8328873413791,554.0363080978909,
1216.6013873346865,1042.2495161568843,
622.5566775961731,317.3500037740592,
601.4983640430877,862.3607759456903,
446.55446226838313,559.7214212400693,
769.7196758773391,689.6452178999239,
2012.3841781669826,1984.0910193535863,
3077.59850763107,3631.5693609501895,
3041.9666073154053,3035.379250467664,
3778.6726623076875,3714.207501913886,
5893.912541047987,6038.844697855098,
5382.540014741055,6402.095374096582,
4873.213571504873,6412.5055325081175,
2505.531456525906,3813.8019545829106,
1740.9867002502658,3132.5540872424403,
959.2514417436286,1023.486502486959,
1136.1775326105835,700.484884929973,
2255.1380360817457,1548.3089616305522,
1519.8107224428618,1265.4283911357636,
1915.0864056457704,1660.9286536283944,
2099.688729672274,2251.2039244029856,
2713.750178848131,2929.923283394565,
2407.356990529263,2739.610442767211,
3191.0269906373164,3492.381168903287,
1799.9516266329827,3149.5092094166403,
1843.3860888403663,3532.1521031012066,
1900.4892401599736,1873.6751569929145,
1379.9845153161905,2355.0119122904953,
1553.0343251001154,2428.1404666209355,
1744.2682742760128,2378.8361651984305,
2386.3989645400043,2755.029258589067,
892.320805148434,881.3003073937026,
794.8696732806833,825.5141778372637,
1229.8137432480187,1125.036790925158,
1341.886848600414,1276.784891045848,
868.9277252612997,1055.1795367925633,
769.3847125827663,1023.7246446756432,
395.11659656938673,322.1578359028891,
200.86211789572337,311.2887132988516,
276.8862462911468,518.6049326268243,
83.7665620692085,162.78502729218914,
103.6129089258732,228.32424774562148,
187.2482535259105,279.6243572759563,
72.16171564625091,153.75908835390283,
217.1954987923615,441.1302312748614,
138.27533397191416,147.5592830263286,
154.540919160604,158.85379624088014,
106.98584591977882,240.7031338961293,
220.20675233394076,264.1695745418169,
487.3802041017574,460.0861180396007,
408.62844328584424,315.4574405076672,
263.95008970508866,1407.9791445761236,
1989.9943737348542,1926.8253562238149,
947.2020827686327,1269.4973836812421,
482.96917699077187,734.5803868124085,
441.7270095343546,489.8253693544063,
441.7270095343546,474.7497743570904,
399.8278716983223,376.9042304191499,
334.81377878825316,320.98050899067977,
234.60727205420596,267.2002242510973,
251.69891972783273,267.6093544176798,
276.774903605164,276.6582628003293,
302.005665669301,272.36166277818927,
236.8787032345271,310.0291869033549,
163.34929813776563,193.68064249719131,
353.289399034481,386.8190290765969,
131.10221080653557,334.32997121859313,
114.89640095630162,120.24862428485758,
130.0986105115503,162.49855559813008,
584.6415579232881,685.1501411261522,
366.83927087293137,366.1302876887101,
398.29298988346096,504.76734777051735,
261.53828898466514,214.78021130079497,
241.96401136708116,134.93195448292417,
245.8374205206559,98.52197408089677,
249.98540702628875,183.65499425000735,
882.0509223079513,1520.5096373194565,
4173.4027403403015,4914.901454001999,
5503.666375297696,6266.360588005425,
6257.319183458636,7504.795459799231,
7742.829712470919,8800.974229023212,
9547.65237039301,9992.44756953507,
9215.636235237704,8791.29835190445,
7606.421487415417,8045.155380245414,
6512.8807872801235,7226.178094463151,
5122.764907907177,5481.697390039442,
3899.2934607925413,3666.048621378902,
2251.6904984997864,2109.8984732666813,
971.2342094677417,852.3129144336419,
128.36360774865443,314.43822592495735,
221.54251110592594,430.67775993230276,
458.4849638900183,815.6129555855473,
331.1660978664201,988.2608895526298,
906.4087029976873,1620.565121594155,
2153.8801129596986,2404.630259935914,
2054.2548878266434,2360.4495755784974,
2526.408509811443,3604.059367517577,
4266.865977236951,5091.4764930487745,
4429.87287314517,5943.719802786541,
6286.876154866621,7844.557845818451,
9748.62618020272,10491.17746765919,
10513.973064215248,12028.68974982806,
10755.878173430065,12556.031054663546,
10663.409994140482,13427.573811583441,
11545.18668898781,13417.248004166362,
11404.459806716672,12960.560839597216,
10657.942197943721,12590.62949048359,
10367.111315506641,12354.389240882192,
9877.344496858434,11902.657497504826,
9581.071264728133,10899.132824065251,
6070.847363568457,5218.776944244373,
3671.6892447767045,2481.5585943855176,
515.1926574846889,777.6631722332849,
287.58780077452053,502.00171522275656,
101.32331132325054,269.7512939132669,
0.0,351.02785006924415,
38.389421766322485,400.1008683664855,
791.7450401502906,1160.077368692439,
1070.5757655335076,1182.90843421605,
815.3187332244078,1196.2166948898948,
1486.5114142364357,2434.4455162601403,
1721.2579739032115,2917.3991361393896,
1760.160691744901,2451.156864316354,
3169.0099356103533,3300.677395276186,
3471.9002802560867,4323.427928320186,
5370.307623839844,5951.249796459097,
5824.773098813957,7418.476069262724,
4217.983561433111,4257.340030996967,
4089.9726490094667,4335.940708748446,
5083.8656016440145,5910.918106983315,
3864.938032915359,4015.3374421246176,
2980.4026297830324,2629.8284815666457,
1197.8368036946752,1025.541956495603,
1442.7519663622622,922.7784994752874,
294.57580689233197,395.71542445482737,
484.1368707843289,581.7431342216776,
507.56214456848073,685.1992053948023,
495.8397024797622,582.9393990809734,
195.41916645118567,342.8362135414659,
402.22356027441583,405.60649491756,
444.03955533102703,605.942928454879,
434.99879608871817,738.5837875724944,
519.1597895283033,783.2964936559737,
527.9122244952201,929.3843367786582,
1006.2933563398358,1116.4453750902098,
1067.8853047013702,1541.2586650131507,
1072.0699762156812,1437.0298906915864,
1605.7253311741754,2022.7617032386552,
2082.6111984058225,3433.557112684555,
2359.3893942305313,3674.2375643409505,
2189.1482540310094,2177.9857954810686,
2793.081701335854,3464.1599180075777,
2926.1623186267343,4564.6351053281605,
3025.8518024788955,2864.20664391104,
3368.230958119971,3637.825254501254,
3368.230958119971,4050.748392928985,
2852.768547643152,3352.2623855214624,
1986.0753023072136,2200.4756261558646,
1543.361736690727,1793.5647098166246,
1007.9534708088571,1337.6491448562438,
768.9806018260076,946.057915248015,
200.8866173863143,279.7594515382008,
63.34940995617111,246.98299174050092,
80.1786137939032,222.71561856571427,
270.6983654533139,334.86424195075654,
571.9576099235026,459.4736140630634,
252.10954350362934,305.8786773065949,
199.7410515265426,312.30238898760865,
199.7410515265426,219.84900769431832,
211.1256493550777,297.7861763294738,
145.04315620696693,300.24735522897873,
342.79674492829776,291.2658046153946,
911.5531345354153,791.8178744985312,
981.1376395453074,1015.968328374983,
957.265688314418,878.1518809819837,
1324.8060609608108,1137.5411128347812,
1521.680273278251,1147.2273184620153,
1469.1713984982887,933.4971300642942,
1658.6021440458321,1307.5014923739554,
2046.695455538795,1366.8209206358233,
1895.5124387596147,1618.783437348458,
1673.9997391053578,1518.2113479724126,
1230.077468163513,1817.2697051433947,
1434.092697207019,1086.5484876129226,
1125.762419485441,1641.9259137869458,
1771.6837129222815,1730.1990922530372,
1965.712973978463,1867.809069458568,
1518.5482468043745,1919.3053053604567,
1054.742437395161,1251.4279671829163,
958.7464818381162,975.1761270974453,
389.99831186555593,452.2550246517523,
219.78464335419375,355.64958979062465,
1269.3539539315582,798.6955221291176,
1158.4845588787996,884.3300517979197,
948.823397646929,794.9765759160282,
1914.8849191184852,1649.7351036988812,
1838.0241452449568,2047.1831173090895,
2093.3679562692682,1705.8383421797992,
1861.945201458051,1715.9614156990622,
1208.4319602590501,1531.3231896180507,
973.6401098401071,1078.9660452306334,
1069.9163008703765,1066.906426907712,
2067.05827281617,1692.984876744907,
3095.886858064932,1805.361865402249,
2439.1900268481713,2290.5677438039907,
2781.467233808742,3179.337485342233,
2700.2329879407384,3639.7546360685014,
1992.864798677127,2631.0631434678694,
2124.327857870071,2259.08987835532,
1960.4149925294491,3106.7426229096677,
1969.724660656979,2682.778508349815,
1894.03247143559,2383.9427739693706,
900.6881992156883,1209.7574722126908,
797.417400867566,1024.3282708215431,
809.8508682868348,884.9592986429896,
993.996658233993,1022.683389490696,
524.901309437616,814.6819691085866,
692.9975921137886,1475.6915947991245,
520.1503657479549,918.7159511054004,
577.1088694577883,840.7857879516864,
554.2233133081526,890.4990339888363,
547.541349837398,887.4506179660524,
1123.063169289413,1188.6994073830313,
3356.1757097248715,5166.516412176039,
4283.907182567185,5118.118885165503,
4353.849148410756,4869.600403919703,
4662.101540289294,5986.503463410274,
3484.162486710152,6219.222457535222,
4342.0361374469485,6304.32910509386,
4142.703918347709,6249.587282035267,
3821.0156478470853,3444.9358875235343,
3402.0109505627574,2124.0381520634555,
2333.416258910678,1675.0095736738306,
2104.743595211348,1473.2129513912453,
2038.2482770373153,1331.2980290837568,
2008.8928898444535,1569.1252278038583,
996.4925951218648,981.3485383645054,
1956.499585304267,1478.273731955371,
1940.1232481171394,1722.5592220253077,
1986.3366950987286,1580.564142200496,
1493.086108363046,1604.1297270224045,
1086.3028637282039,1323.8344690868798,
1081.160106295975,1179.5287573322303,
1036.9161772221028,1126.3245929442464,
1291.6168499108228,1257.2389308111306,
1048.2081105925886,1333.468973083463,
954.6882630582933,1052.9259674791633,
756.4548689895513,607.2443477149994,
434.64938770972515,639.3694364160993,
341.26947048574357,496.7538221155734,
341.26947048574357,538.7926264479217,
364.50538345687835,482.4866034064205,
226.84008176336232,312.40693465890183,
338.2985352985588,379.50607774857207,
272.4209194670093,225.33624955832875,
239.29449928210363,215.36054135867064,
77.52181352086549,113.58507800281721,
77.39646477254027,114.85525724591476,
85.75900443392592,83.27008375440901,
87.84687134706516,201.4320434361615,
87.84687134706516,243.34841896970195,
77.52181352086549,131.94425989044936,
77.52181352086549,82.54991251520772,
77.52181352086549,82.54991251520772,
77.52181352086549,82.54991251520772,
66.15610075976824,65.99901372616128,
68.35118419534129,73.21954963153802,
145.84049757937882,167.41042714761053,
453.47801250750365,381.0255793411879,
416.33401696956855,311.5635770953785,
411.1193366798885,391.43674692313465,
389.4659786513951,415.39120274379343,
429.8799768604575,439.316771256074,
404.0460961266703,379.88108539452173,
420.95679427682666,428.91996228234046,
348.17116718649027,256.13635640680434,
391.92045096371123,327.6711571881916,
187.31715482580745,168.46043975928143,
121.68680325333526,144.32836533250423,
123.53422374866844,100.91666106624483,
84.45698213546993,82.06390457584307,
76.71824519161703,82.11098270082765,
76.71824519161703,82.11098270082765,
76.71824519161703,82.11098270082765,
76.71824519161703,115.74016849750666,
76.71824519161703,101.12749592195824,
73.8465688724055,83.27008375440901,
68.21612797331173,78.22287640815483,
72.24887826530761,80.91000063364986,
64.97828325404399,65.26217965529642,
68.87525960625479,64.9458287844412,
105.71461923679436,91.34277962394927,
279.03286184743035,355.67365064317045,
535.4382553544657,871.1735644223352,
535.4382553544657,838.8186781582328,
778.8875114599027,1306.706576141004,
621.3746420606259,1296.518284759394,
904.2472792519267,1064.468597182844,
559.7815688912082,503.184247995515,
417.1613087706639,453.75901180225696,
259.58272863873935,244.0332040171568,
206.8607396929471,174.92151798744186,
464.1728027858892,412.59249229084605,
383.480420161084,464.1701871915129,
220.56955398487506,248.75105886837915,
246.27846893837184,181.51983566566165,
189.1976331795155,138.91037125139388,
126.30762035464753,153.40743230309988,
196.67460317712488,508.2813320537697,
190.16449854645796,511.692633553512,
122.1400114269262,378.245959766583,
77.52181352086549,104.56918899121393,
90.90321294137212,781.4191954434282,
282.2915410999069,2041.2262109720666,
559.1897877888653,402.7471688280631,
723.192715687389,567.0141123976276,
1241.5919351000293,1173.0993527179648,
1498.7044968989337,1949.5753422577059,
1756.755682445747,2346.7732123361425,
1175.2707735775687,2075.558074386771,
1183.7849076627808,1689.4649448213877,
1102.2863038319292,1683.886662389668,
722.0985846185,1311.6314605286184,
608.7152319974099,1064.2702541180627,
717.6684277517571,986.818119832562,
1681.4285908664745,1824.656810955402,
2719.186295459796,1710.9860670954656,
4776.8622604004495,6629.498728232504,
6890.02446963883,10846.862817504625,
6711.985999793306,9697.837993476673,
6973.228862566289,9878.028045124724,
8054.424598142361,10837.110737052382,
7986.128439313666,11611.136157021247,
7824.188608569357,10765.94857190248,
6474.871696106632,10063.119751801905,
6836.236657564998,10338.384997531077,
5627.787186725127,9774.172983144483,
7778.388517172679,9911.943496117054,
7811.825712921351,11554.68722087221,
7792.770108390485,12030.573812078967,
9145.288307945068,14737.692545332591,
12926.471671099602,15528.435245821625,
13389.582813619603,16717.79193261809,
9921.589630999808,11690.324469272884,
12901.944020164183,15460.319881212292,
14138.411602109303,16786.435144345975,
15124.50109548674,17013.49482222142,
16010.27959255441,17399.149395354678,
15523.552569872818,16173.85903889156,
13843.983875985801,16488.05003534671,
14329.857073190635,17452.938668168143,
13281.726750065087,14172.611790308467,
12339.761891061793,15160.338405583887,
13112.285092574164,14608.908234326755,
13663.661902941756,16091.68891891363,
12411.445276106835,15041.826562592021,
10653.044370624568,12792.581825424397,
10828.894588546695,13399.82317941797,
14617.248690947848,16190.656495151286,
14970.707378056244,16900.08245839317,
14530.73235109286,17143.635318505665,
13893.838422112975,16462.79817719491,
14048.414180230788,15957.21537543874,
13497.068791341682,15925.628521999919,
14044.696280140419,16149.279970841575,
13953.69337443952,16778.19621845384,
14795.732252098505,17228.00972511278,
13254.095215891557,14883.884574750127,
13395.355963643193,15277.624879608049,
14238.694456761197,16428.556492004787,
13462.842054874067,14819.223456648702,
13082.808514349492,14729.72209089333,
12419.420155694363,15894.327086672363,
12874.262454169528,16498.558433601353,
13731.189348524813,16025.795151513423,
12690.788650249571,15329.071869709476,
10429.996644795385,11803.897932434997,
10268.173663764072,11463.050980404392,
9974.13562817443,11300.654484106231,
9200.77549606714,8999.481091363767,
7841.794943813505,8367.96123736133,
7527.586198616745,7298.673665898598,
8118.750233431838,7644.090168097803,
8467.076648191087,10313.357120197981,
7829.055241442955,8713.770962384273,
7598.368909568314,9365.184241914158,
7265.361092356105,8496.807802450649,
9164.080315600786,9223.098122681306,
9654.001024699022,11755.481182935018,
10068.667029963846,11957.161929139356,
10655.263211681891,13365.805917267593,
14162.609655663116,15598.150407531002,
14664.526591078851,16952.31777489493,
13959.566043861043,17184.68308915419,
13747.604008187993,15982.850244752735,
13079.355318348616,15988.986506211175,
10327.07811262041,12681.042001044878,
8811.700817351873,11813.387586865732,
6652.242142670288,9628.702832796009,
4538.768426663888,6227.664167330963,
3099.141370266747,6167.1544359591,
4089.9301232175935,8964.091962661283,
5292.225081751908,8948.103059306562,
5823.617864911395,9553.120889097096,
6503.01491952536,9912.27245922529,
8045.055621475868,9742.775910236993,
11556.978257723978,14498.195375983272,
12077.87846642005,15192.961728252194,
15613.802831626967,17614.252527858738,
12692.399172946416,16114.91776943511,
15085.214565985596,17293.572181772477,
13400.210877788175,15829.018478694215,
12517.33458181282,16148.941000365361,
12117.056000046046,14706.17967833927,
13509.10896497992,14772.649018396985,
10339.078667402484,12889.96398332168,
6403.642186998964,8725.631296845337,
5055.508334577782,8300.262700554544,
6331.838381183867,8391.372057966397,
5310.700267738448,9188.015273819363,
3192.582944556373,6368.6829638964155,
2505.2040882052074,6434.454731602301,
1812.90009637643,5035.174319502883,
1926.341350599276,4223.834894714141,
1124.326852061292,1571.5090574276933,
588.3545469466288,656.3798592743943,
465.2433408970574,433.37623658725516,
465.26136941159035,519.7826441807404,
507.51434298414637,448.98844885544185,
653.6441979671348,356.63293660119996,
238.00270174010655,252.40415941105843,
118.4311191085466,199.38790692060718,
302.7886751281534,222.12377697292368,
363.08678261409386,265.7438640933025,
708.195307845534,377.59068535474637,
572.9658289810461,372.0775470326724,
661.6492513051201,403.0343313089431,
424.9326264834207,362.51037283523806,
277.28013809247557,134.1762071198825,
211.2539044520978,151.9283213827465,
255.4170300723746,195.90528821147126,
622.3506491219774,354.3803204461296,
595.6851257525308,362.72760411745634,
270.37123691249116,218.5057625994967,
357.02737278872814,310.87628353271504,
328.47699662983524,382.8924413242587,
310.13051911924055,293.89956123423076,
239.86149328357791,245.94579618378145,
62.5577216172398,99.88297338671322,
77.18112564034425,87.76263976488733,
77.52181352086549,92.1880314883275,
76.71824519161703,82.11098270082765,
91.57466153000533,217.3046174693517,
101.41898910156274,225.985902024477,
287.25961192663294,263.3507795905906,
492.6860843815488,323.5224611883486,
701.7278247696571,1105.4762925861617,
3321.0126591731755,5554.433167342563,
4986.377824831327,6119.595445093417,
5455.690978282011,7770.093185216596,
9001.923566952046,10545.726627890328,
11129.190996218795,14188.683875175284,
11439.393541085097,15157.712519726849,
14507.687742245691,16318.430844508935,
14039.974894176512,15720.24593093561,
13334.256711245447,14709.383851490928,
12941.601785590165,13900.73622919927,
12787.723566144536,13181.75789108123,
12383.790298121288,12472.568347579621,
10429.787803824373,11409.04666086061,
8265.280792721685,9853.30222387906,
4194.477493250387,3634.906698270131,
1444.6266386222658,1274.31338965471,
400.20489815119424,164.2255197967804,
76.71824519161703,90.26322119892201,
76.71824519161703,81.84820334391523,
76.71824519161703,84.08487515154118,
115.02704326745916,240.41577483042013,
102.02574271255072,199.71882646265263,
92.37822985925382,198.49572534453966,
76.71824519161703,82.11098270082765,
0.0,66.8765349485106,
72.58259339867865,117.39925557872638,
186.79058435753208,86.22912863355839,
666.267345816212,367.2733018552308,
393.2343144338692,1029.516436212908,
1054.806621196499,2426.8305308245713,
2048.1115383480187,2346.8779932026637,
2551.493492923452,2454.89959347891,
2599.643531936476,3374.703419923255,
1640.1631786132536,3036.038657553673,
256.185663589318,664.0407442304473,
744.1523026533254,771.8712202918716,
1223.003451369028,1204.402419541595,
1079.363653363392,1048.562913281597,
612.3196880535189,926.7162828350565,
878.218130404904,758.4349072951611,
545.4885180482131,553.2734049909725,
588.4179880430597,611.0844194592172,
499.39366094328204,545.6307260482739,
407.2137818754686,379.87460219300874,
81.51969531753426,100.94542919840896,
81.51969531753426,111.65650662402547,
173.04247179905516,195.82779458653363,
208.3859586095163,250.3852321963952,
184.8363333050362,205.06680960570225,
282.185297102161,285.90817845376887,
325.8102715330263,155.19467123230854,
843.908547559087,796.460667622237,
683.5392813711679,995.9572513604531,
444.31642192470645,829.1206827405222,
673.9866276360426,752.2592006062296,
577.0670728472589,717.2931326094406,
440.86906204263,551.8287241044816,
374.4820340991802,341.8549532615622,
395.3327249223668,369.53341107669826,
470.9966403384955,455.9748460792998,
722.5587491312722,638.6131331137105,
318.477316657759,318.25019140482067,
186.88817525992116,232.48250581053668,
225.25391332248222,319.67901778750144,
234.6353604453124,547.71119324971,
321.3789580024901,691.792749413448,
313.2065245173455,735.9537009917219,
2890.528219928316,2184.834397972502,
1769.3507248423873,1712.2156359946173,
1823.318153563706,1967.378689593595,
1403.4187928442343,2329.637038794033,
1631.1973634939889,2567.1056634236293,
2356.71603610604,3387.438654026281,
2756.967737675123,3570.244123750768,
2395.652563463466,3955.2969078817855,
2705.559327859283,6272.862708471035,
4198.743189536905,4564.267784336711,
3833.0894043310436,4208.396049707243,
6697.803763140687,10295.790496381635,
7550.313904924611,11644.819078152052,
8658.331704009586,12044.767946535847,
8774.149845789969,13262.89637300858,
8515.708713628965,11313.696849279178,
8152.84926076191,12055.454106657498,
10065.32774652914,16275.079065285177,
11095.641936869584,16060.289730252376,
15069.990174647493,17425.066809499553,
16488.787774115597,18699.308589871678,
16246.823244679135,18486.55353059459,
15968.198400825497,17770.086054802192,
14971.366893187032,18050.309826714136,
14567.067353241247,17931.630329166295,
14283.237629426168,17146.563019168236,
13760.898876758429,16378.652559171216,
13780.632516483134,16970.20321003287,
13818.226586789,17347.18951216164,
11231.010828495124,13575.11140491808,
11660.369200098472,13075.491946411506,
11224.138622702443,13019.138996566902,
12983.80547046683,14729.929936482073,
10956.532723280247,13169.93375346367,
10554.509423727273,12022.207111942056,
9929.730165671283,12789.182290343497,
10020.374116408233,12533.764792512164,
11004.252283149739,12746.39330603203,
11337.212987125049,13993.434728745435,
14230.174140651661,16864.668059424028,
15572.758461899684,17811.783264198333,
15857.965350160377,18046.04878840008,
14046.977145076617,17386.244153417054,
14008.29174623211,16518.484685972726,
13181.48565606315,16048.655620294008,
13596.543304703746,15549.069643993022,
13383.223467137885,15579.694861690936,
12586.17171349582,15335.033434160976,
12881.653464483448,16092.001266752352,
12696.504050469737,15439.648489210438,
12740.08846568905,15474.569773824052,
12287.044819739725,14892.872302390817,
12835.651842790208,16069.941925884968,
12516.789128426704,17045.950964321382,
12832.533592647907,15565.227753015803,
13760.027901296968,16597.44242461887,
13749.48525098748,17415.15222187942,
13187.427047350846,17175.67537873533,
13255.253052064636,16868.992258882423,
12953.609261048454,15472.919344328518,
10990.348997508629,12537.02539068651,
6799.4522947107225,6053.8121436254505,
4722.527605736514,3935.1739519663724,
4162.838627434402,4147.869683144575,
2137.881039220429,2245.533696262516,
1619.5429862396365,1914.5422607792868,
1490.9683625340988,1901.47544401781,
356.0905847604417,503.0886836508818,
292.5089232105753,486.67544139484016,
300.2778808978635,609.5417801297199,
338.8095531952214,839.4013414333182,
1377.9065177175287,1334.9796223068004,
525.1290109824447,3086.1280573563167,
1195.4736139405684,2337.287008976399,
1036.941834848255,1065.7819221527363,
1401.9560483267805,1151.3482720178995,
1921.7928089618142,3066.643244509612,
1301.5777705308774,2516.2713726830248,
925.2902219491381,2615.782262542115,
495.9403824266839,2528.486827200368,
986.5085078488156,1413.3014608521842,
1081.0942222683068,1508.2789067041917,
1245.0608747793583,1288.463511028743,
1780.7293507563597,2151.2723015394886,
1150.784507529145,1238.7501664107867,
1772.5446395899269,1755.5069372245111,
1733.8730724573666,1804.934684514868,
1802.9916210177346,1983.8775601611128,
1334.4004928274142,1424.4546463766983,
637.7752001550763,664.6755071033454,
195.69612256781528,182.1234451664755,
505.06030816319804,314.04539954106315,
206.81021261210356,223.99356179636078,
172.19069357678117,197.39149556054497,
208.3658189907855,226.5755370265082,
192.7504715495922,216.68640439247594,
185.27180652914444,217.5011957896081,
177.4077208369663,164.87714426615636,
167.68874201373404,163.21511333366325,
167.31449283725829,166.5917285433835,
162.3707512080729,205.30122764688477,
345.16141651683427,557.7784559657185,
890.7844660294979,1063.587010398316,
906.5106391438778,1182.497318122131,
681.8831204747985,810.0959269786065,
584.1538977881381,891.1127128954652,
1418.7707077706466,822.1191973441221,
1694.1924332584867,2133.7411294208773,
2622.532680056064,2552.549328664688,
2572.40359029132,2089.6999980385904,
2401.317679083884,2262.704964437657,
2196.410659006349,2663.5098201768483,
2347.5054223687084,2303.6254867172447,
1032.6610295619269,1422.3368572047325,
482.3438380059913,856.1944455237546,
828.0880543351869,959.9125233882232,
165.70211062534105,166.82029036093388,
673.2804396740912,668.2859390970377,
1352.7345142436438,1212.4475908105385,
1453.4088910152755,1343.6884963586183,
2133.1442020992517,3675.253241118603,
3790.141079828735,6013.750139243494,
4147.756039688649,5773.125693021924,
5060.143805879524,8337.847493280646,
6029.2785483095695,8663.074943490901,
5311.369419279241,8337.417759421829,
5044.466158535422,6502.483235999732,
6051.960223515734,7813.596249012429,
8305.306110612559,13443.298734736201,
9868.347121153602,13168.69009101652,
9588.391022388942,12058.618297930045,
11706.713930528102,14857.664992926955,
9603.406963929609,12923.931418120139,
9012.10022237677,12084.278955193735,
7094.0746986865815,11648.70128913074,
6397.6119249241065,11371.168496952268,
7030.484835590387,10696.336636630474,
4670.5012479197485,7633.163699858912,
5699.194663785262,8140.924307441792,
5649.053473487238,7389.303880821337,
5282.958640553113,7478.886325701068,
7109.358478536163,6809.641775046675,
5466.7318078210965,7922.498212814658,
11068.786643356621,13957.032257240646,
10613.619686963482,14345.422592339282,
9525.55218370206,10258.100087398421,
12668.79983516417,15588.657091793066,
12090.935599529785,15523.52700136593,
12142.247521815712,13101.46183523049,
12776.964781273304,14600.182628399354,
13005.826446948395,15136.370514920522,
14679.31748774857,16608.043926535287,
15626.969145595436,17221.26397386329,
14763.235624147272,16290.757073621886,
14392.514033749883,16439.154348850134,
13700.836431173091,18200.894732431996,
14960.224045285915,16960.891281831333,
14437.301076993472,15908.552775734204,
13782.532450646295,15033.706559416889,
12960.726136491068,13653.714084648365,
12774.303654802705,15374.647812663941,
11268.142076259157,13115.480656438736,
9008.054180309959,10698.865009945108,
6488.071312411691,7983.357932547525,
6764.16182896899,10440.982191336834,
8454.380647396829,12922.267810408843,
7179.871090377436,9834.199870105975,
6485.073915678031,10163.756527451029,
6694.637065290658,8882.243414245551,
5612.396793025544,10293.660735207806,
5106.896503689529,8297.312887786798,
3689.686506748633,8489.211197391633,
3154.831645823731,4952.312388233108,
4436.684190066506,5344.017487162969,
8109.985503922632,9872.634378019353,
9810.908909156375,11348.95967237992,
12331.284911044731,13291.973218875813,
12109.874183779591,13589.512176267279,
10887.911219564192,12903.213456604499,
13707.846208378902,16394.68355049863,
11304.348749526953,14378.979135631527,
8362.093282665639,10695.375814791145,
8254.717769210265,9184.132247534757,
10522.757544173342,11276.146207145532,
9902.991985811292,10655.130934609222,
8879.956358489426,10918.949868143038,
8088.132603952843,10867.474679278885,
8191.957779601253,8673.379363229129,
5882.483662981914,7231.50924528637,
4944.925796710763,5362.2420858724045,
3893.7789657563094,4683.90795822652,
3372.2084004546064,3915.663261849775,
2700.952987201061,2495.3089369059794,
2030.6775239590547,1503.1054918031643,
1025.8893197298044,1149.1765690450547,
941.4598719522605,1179.5371890914453,
557.7268148386744,621.106699056634,
891.1090216495331,965.5064516540656,
1078.6657368000267,1042.5572092595696,
505.56047571949614,703.6492366435748,
1653.4091680604336,2579.394405753704,
3369.657387045675,4963.012319799684,
3448.468383486875,3731.8972731833783,
2183.8065627810643,2070.2596176008924,
2751.604175627215,2752.4917381634195,
3846.048739038541,5331.562264823588,
4442.419516529945,7281.867731935069,
4073.858060841038,6063.576340086778,
3475.0839860399306,4826.177126622535,
729.4290049557931,1077.9744582002506,
373.0209874848382,400.8717771066458,
414.5250412127549,415.47472725189454,
631.3042359135665,672.4911217778413,
523.3402972591556,710.9981646767415,
750.9353543300954,2548.1778848015697,
1369.1448499250646,4267.199843880983,
3079.4376614897496,6961.337879112474,
4887.826725380486,8176.497649717317,
4604.718082004646,8183.006195920684,
6232.313213923056,9733.68715241192,
6425.207516551499,10189.096271218817,
6278.187899807829,10682.687248746159,
6279.605535691612,9404.028382967437,
5989.769979031195,10050.506540906978,
5333.268282723318,9996.51255153535,
5972.6255978606305,9145.00669793513,
6646.121264376817,12495.161549500626,
11465.175349226265,14603.999091830408,
11053.537881569255,14258.786710687187,
11929.358168218847,15601.595608035173,
13567.805965662232,15942.312486743336,
13450.070566406936,15906.479289925688,
14630.386931974246,16899.796419572198,
15242.359683314851,16893.07184764623,
15083.681537848071,18380.078177683987,
15252.03586968348,17965.188588945333,
15245.691664745164,18183.318870863415,
14831.693774540556,18028.402868263103,
15049.938766819563,17958.50900089061,
14750.354537040617,17387.1929945692,
13595.987981468432,16156.561181572297,
11842.173453105122,14761.420718538704,
11071.908480480006,15408.059060072317,
13920.441505099077,17994.733438346662,
13954.48827814726,17474.773405194555,
13747.846190300328,17611.783394839462,
12916.778999929102,16968.423485068455,
13478.148577419031,18083.04038512357,
13737.003308337717,18470.56705892782,
13196.973968584112,17969.22049580915,
12021.524475753504,17144.93738797202,
14772.42055950727,18585.874280598175,
14898.039749851012,18702.287277496413,
14975.522114417403,18423.686218369658,
15030.034965083702,17919.83296319775,
15621.518632866828,18527.97584443082,
14898.901384489138,18398.49870396753,
15536.516788389126,18119.169146410157,
15352.063393826249,18715.93799440191,
15327.87741778259,18637.972169401102,
14702.175838161747,18318.176198598503,
10850.57115603697,15035.020001882875,
7664.313224066546,11736.38093629583,
9724.689442192817,13997.315689975629,
9178.583351483287,14584.877749048905,
9351.323249901694,12388.890370045754,
8335.616435843878,11378.521553068978,
6684.76582467597,10981.97283018283,
9163.583822340759,11439.90995501228,
6796.9956909269795,10112.896322697547,
9122.747728865601,11161.449413898046,
9157.949605253649,11433.06852289169,
11379.366714203108,15167.882477352621,
12277.752063904923,16419.95899703549,
11729.321429928312,15646.80011536481,
11837.296522553932,14432.031218827526,
13693.07634573092,17009.410637394685,
11231.929516676468,14438.494510441638,
11506.83143723982,15230.94144090601,
11931.6259088674,14307.716485800966,
10846.179066251483,13053.728105297258,
8359.08024639129,11142.332085103028,
8181.3177154457835,10632.659551363911,
7061.86112117009,9080.517430830076,
6079.0350570098535,8364.362636124646,
6170.545978273384,8334.871790192257,
8118.562584832779,9543.66475792108,
7012.602401123756,8862.392041263978,
5617.80389398157,9597.944378815184,
5394.653554107575,8399.6256615781,
4989.825021517533,7651.320210301102,
5539.454902043374,9032.511271827696,
5593.204419894473,8579.978412975914,
5933.391068669589,10252.046574091071,
6816.448279567195,9582.538467015602,
7474.482789331755,10710.606955983912,
10173.783402354107,13212.973448319806,
8673.274661463787,11965.333347125837,
9815.927621407049,13960.266051084855,
6829.57871635264,9689.945105709214,
6889.91580188523,10681.136865761977,
6401.002124998924,8604.122551634275,
5981.404059725559,8443.423359722687,
6053.309110403862,9404.300421852831,
7998.890525613955,9891.570236878275,
5886.487846951587,7605.366499628238,
5587.673884874407,8715.158123185258,
5442.243214898533,9367.831869193878,
7556.412484563361,8171.80445141501,
7029.117593849984,10164.724622566235,
8192.30876795832,10011.544760460718,
8955.341279620008,13372.719252270712,
8840.671301120332,13744.208368853733,
7534.204787725908,9899.741542943344,
6738.7824747908235,8798.985883468025,
7202.286415058899,9469.05041038521,
6299.812971581099,8696.091937947447,
4472.3166686847935,5495.296889629041,
5164.738028384689,6610.281787482979,
6048.287178668764,10575.949903834999,
8455.57805827478,12087.773455538076,
9255.675851104197,13373.247396175038,
8890.970426652282,11805.75037688195,
5510.461559916243,8510.736339809759,
3907.877625289335,8164.728605438355,
4554.479477872444,7680.044045514873,
4619.202272500976,8030.317089206688,
3257.391230584246,6205.644378360907,
3408.464145471132,6843.908532280381,
4978.870051226709,6189.810470025589,
5421.498131239263,7749.156715884904,
4826.678429317974,8398.9897673168,
5445.982845331858,9732.978091574785,
5450.820893396289,9694.791504529312,
5156.760530387412,9316.23007793726,
4593.745151920042,8550.815504161465,
4598.10106025209,8718.781356751095,
5259.057212652976,10391.724591813474,
4438.8238942768885,6968.124653967942,
4381.924637076989,7057.589025862689,
2629.1900261377305,4968.136545668924,
3363.8181747199815,6074.341598488502,
2319.2505967643997,3586.530351907865,
2165.3128911163876,2406.1707656925505,
2116.152570341321,2495.4461025483356,
1151.3036656961824,1026.3449590378655,
816.0699223645228,735.2393667758216,
1228.9170067897674,1235.103478497414,
1293.00849881727,1065.1176224920155,
1197.1316782625681,836.7241629266506,
1027.6892639280486,1586.8508059659669,
1534.2698888094726,1566.9544288071043,
1456.8648248708662,1205.8688475249055,
1760.2367280640321,1614.8080994101424,
1639.762458454444,1742.6963400905279,
1554.4186018010791,1599.383487226943,
508.4550997641471,639.4183018467313,
409.1713204063086,498.7837947950267,
249.1506848769079,450.2125817594929,
243.14701170593452,467.9486824867282,
225.73604156986943,365.7422100138103,
104.01134050950103,140.34352493461043,
77.52181352086549,82.28792527308582,
104.01134050950103,109.26491765113117,
101.1396641902895,99.75248503063943,
189.38828327702274,71.88075867581836,
260.6516598708377,117.15088824615037,
239.9255637445666,110.02849982951318,
314.98116456418194,532.7563226804622,
391.5398635223163,560.3907431856442,
380.01454061544376,494.86857852303444,
1786.923437675285,2780.7852899632876,
2024.8873433693623,2891.3407542505684,
2086.381605042512,3092.0883932700685,
1909.0638415709202,1846.5979865377456,
1830.072755079749,986.3317377598946,
1130.8093206177746,915.7852451083866,
579.8394950018187,629.1670832502105,
513.6130319933573,411.7806040339839,
515.5400801360571,271.0683605753237,
77.9419677580243,83.22300562942443,
77.9419677580243,82.11098270082765,
107.4550906661772,282.86736528575483,
101.41898910156274,224.52459141860777,
86.56257276317442,101.51945769183938,
77.52181352086549,82.54991251520772,
77.52181352086549,82.54991251520772,
76.71824519161703,83.27008375440901,
77.52181352086549,132.38180603959157,
67.37954219039037,99.61606601100797,
192.93114869841375,424.518439893825,
207.4113881404568,493.53828711545214,
657.261431276966,1040.6556108186815,
623.1391322005259,1131.7459741655418,
921.4158069816792,1227.413742072532,
456.0260544720287,702.2358729517575,
351.8354312094908,742.4018885408833,
651.8912982985576,630.096364116819,
281.1990924288189,395.6528119460483,
291.7801216630441,305.4096283565072,
223.4561078732376,282.8348670273683,
209.0022544622517,249.38176162658044,
113.01833155668527,173.43631870105952,
126.61490941818256,177.30864079780216,
105.22651534694813,116.1578416995701,
76.71824519161703,82.11098270082765,
76.71824519161703,82.11098270082765,
76.71824519161703,82.11098270082765,
86.56257276317442,83.36470391233988,
86.56257276317442,83.36470391233988,
102.16380072348696,84.08487515154118,
209.54647484383574,105.37807457699628,
357.2835784278819,242.33332986403028,
204.3080005920426,115.77362974003537,
210.70294356766223,116.59621334701984,
224.67446508612304,129.57827202857533,
318.2330433781033,473.44131789196604,
335.2907411878276,481.8351634839262,
404.7353462672873,559.9943008659452,
1195.921071435464,1142.906547264643,
861.0507019931687,754.7804584165082,
645.0955319133492,603.6784393635406,
676.918551364411,685.7122547090169,
580.7006541148467,688.7972464710705,
891.7812383665466,840.3486809608893,
1235.2690311410693,866.0872472821198,
1057.0766191384944,1156.1662067895745,
1070.0458279900172,1036.7427236275348,
519.6356607404006,798.9758081967615,
1007.2024975015166,902.8427701542772,
838.5279245631352,1115.601908497747,
1838.8445007601408,1910.7130550422407,
1807.5975740693889,1433.9636565163655,
1359.990399532017,1881.108734359004,
1359.990399532017,1881.108734359004,
1401.3088950898473,1789.0226859664804,
1296.5563823185914,1451.513758109839,
695.8740123688269,1804.065583231911,
2589.4160000072698,3246.7047788451046,
4320.934799994429,7960.1817818156815,
4787.141141148976,10607.283904509623,
4956.8239728126255,9200.442482663373,
4405.512415940588,8148.0365197937035,
7966.5103709440045,12550.415717464166,
9077.257126348202,13905.978345955316,
8917.767465812203,14292.126374247233,
10049.342488677543,14182.905860910503,
8997.370382448767,14189.686397818916,
8689.514319672218,13941.477233040328,
7718.0821501548735,12819.525759991562,
7752.705540298432,12418.569357146962,
7027.197201054765,12332.907421806827,
6112.554025213989,12916.962166672693,
6403.121090652321,12089.507405352586,
6162.803012198261,9896.739072352279,
6060.7240106227755,10366.36563037238,
4925.292282389074,10251.86321708594,
6226.34809459898,10538.981366698506,
4728.376502493941,9833.297332514605,
5482.320716114887,11240.901926447148,
6119.742428631833,11150.443375208135,
6268.679868984214,9479.588025248306,
7818.003462140305,11806.540795118439,
7977.837570988885,11738.494676018849,
9103.558699188256,14562.772217285701,
8332.723249077628,14290.753341065247,
8478.741536480087,13225.200250959573,
7623.2752895533995,12318.882386569963,
5963.02297605032,11520.96819309185,
6363.121459949212,12548.317849711106,
8936.387181465232,15223.555989034683,
9915.601906407792,15100.981364916983,
7359.148678263782,12723.330046705807,
5940.237171596992,12948.772455054066,
5838.984953562079,11066.532957559759,
6700.476301206471,10393.16941104586,
6997.525909852401,10526.126564361815,
5423.378404736625,8991.722930016495,
5356.966525180918,9439.206417044279,
4545.877153104303,8461.338989291682,
4489.9799890824515,8434.825173420722,
5577.106340271294,9755.093246509394,
6671.449386859613,10187.937251778712,
6359.0926120186205,10075.737869934082,
6309.637960747698,10261.3888023816,
8245.349885344829,12497.85843062168,
7897.4989788379135,11297.744376372175,
8026.78557309412,10731.71009165665,
10282.232471716567,12347.150858283738,
10865.075669424468,14300.271652080963,
11519.39123788828,14031.002119042027,
9859.445722607576,12745.980558995854,
10640.642984534235,13389.565189482599,
9729.506685182063,12610.618177590424,
9425.22308190587,11906.007972524998,
9740.075729483162,12699.22795171666,
8973.848947828898,11733.74784274042,
7836.151243404831,10560.104251253053,
8806.291786148318,11551.46760740994,
8128.340157360595,9920.546338026574,
5582.248772478689,8478.338110768433,
5248.993277297777,7623.700430003446,
5518.598215226718,6078.469171852523,
4527.064494983337,5545.899307735566,
3775.825496717998,5429.436044164086,
4792.922143068394,6430.278631101757,
4721.106720596342,7928.364364104333,
4589.906406388116,7064.171541322692,
5258.397399847706,7607.099590073293,
6437.1498965587625,10210.692045901636,
8035.573994717568,11319.565559282048,
8469.9467454704,11996.904091552966,
10708.04013529456,14087.004396932045,
10912.58599660559,15024.536981847428,
11475.512254253743,15646.4349299326,
9299.791878032187,12056.067499192019,
8671.849989978902,11843.191635153555,
7416.024778597878,10766.953325728357,
8004.612154912995,11370.857886068025,
9005.135790612998,11049.858454114454,
9685.559937028904,12628.414357043703,
7464.856693917449,11228.469785595023,
6981.435595532117,10931.418190668663,
6438.394377748275,9764.974120043626,
5188.75295752879,9178.435912795005,
2978.3950347123414,6607.81995517364,
2981.532282685073,5480.63176378702,
3283.723006472121,5123.5802704447515,
3503.753218272832,5425.584976693169,
3352.306217721973,5792.388957116768,
3617.4746037110044,5028.771052028137,
2443.1936596936675,4487.69068240309,
2811.406286297827,3573.2816406439692,
2777.5525181310863,3921.320764988956,
2688.2836828650516,3583.67729117735,
3393.555906113321,4116.463566106111,
4483.813582924653,5299.856258643994,
5125.93155980571,5508.680217900978,
6304.519450965826,6709.903818170728,
6763.311834851505,8436.311646110526,
6909.671855355978,10141.88397406372,
8737.980318090671,12381.68205940701,
8790.73515703928,10695.878286939263,
7627.975921542843,8229.220504865129,
7106.321830083695,7446.73714285566,
5298.411033392745,5764.666899763648,
4174.084765600397,4257.430221958001,
3139.795631385698,3467.4731282623047,
872.2530504306701,1084.7398933727343,
300.31906497669917,513.9019992743321,
127.41424711750473,198.65085593381082,
389.18648546840853,578.2163105674383,
560.0552190255709,1021.0409667922817,
767.5660920842062,1031.89730026427,
813.0450453878617,1103.4791460341005,
849.0956280976394,1167.0059364772342,
736.2054180125566,910.0126246760053,
977.0884884465934,1159.7092570839745,
1161.0355218598154,1860.8734716272465,
3682.0388134349787,3683.59834838931,
6293.6196753002005,6531.78538490444,
6195.09986996903,6757.898698344385,
6243.932451544725,6416.710737071813,
5210.125357461335,5476.781261902652,
4767.297052847915,5540.708874528094,
4303.635363517135,4335.5462708345,
3697.49751154111,3337.0455573569925,
1777.517557944438,1390.405769748747,
890.2208062904383,1567.284966043961,
756.5672444604359,1209.9334154154596,
306.1191042453328,302.1909526019348,
292.4190938917987,272.0046984067257,
121.15053086802837,83.62360284347761,
156.21966004544703,83.6706809684622,
470.29462004972066,199.57855723250486,
870.3043806265543,356.6433850443887,
534.5215796466894,598.6612005383253,
801.7888437494663,909.5079807046942,
814.1314631758623,1199.6214689438532,
794.1120119898735,1458.7099374048394,
832.4291735803544,1377.22754735637,
732.0339686972195,1352.151573618658,
1209.7269512306527,1698.9822350445372,
1379.749232932291,1844.6029712826085,
2666.3379195628404,2730.394851173948,
2788.7167693249157,2668.4161681071537,
2280.9521116749565,2664.3520277225484,
3385.2606528642327,3424.972594077837,
1636.759133020297,1907.7753299577705,
808.811074636328,1002.4128847121538,
531.7704039325095,740.1350376294439,
529.6286484950645,662.1520586477409,
597.7789826249771,700.7877032980053,
546.431290052899,551.6365210019438,
370.8791532286636,368.2294364998616,
433.4655050176193,904.1862068811065,
345.11723744235917,625.4449829107032,
354.1579966846681,581.2120399441775,
138.37362024675943,183.83829178434613,
456.7129563665947,582.7424601801378,
301.3928443306772,610.8584650654275,
5.371406234199778,442.54961148235265,
104.77886772132202,585.8279879756091,
203.2890271301269,657.1813260631228,
109.94751344101451,216.1096545049892,
481.2860223399884,1136.3183696602441,
763.2080104814893,590.5156046951555,
568.2798106354894,317.9696356088903,
775.2556015920555,836.1004668365906,
535.3594000408673,2006.5908111798726,
516.0790040919185,1545.460062288999,
873.6814745622574,1289.5932994522848,
717.9968185643509,887.191083094805,
735.6140599466013,1173.8804203315897,
531.499490884949,670.0594819776697,
471.52541172946104,666.8193148277314,
519.2972874638091,577.2091638049311,
414.98461896311557,368.0368846737671,
267.74680270221654,197.99861025131588,
304.86578781778286,230.91342893631185,
159.9173891805417,133.2569233669114,
81.01351416719649,85.91743915014925,
110.796788742373,121.01406465109635,
150.25971816610206,390.64352260022883,
368.30266521016654,363.87786072447193,
137.36466008352158,137.01029621919008,
116.04705719948292,164.56395099057946,
190.34879530373598,151.16957591899143,
197.74978223683073,451.3159021194717,
616.2061136385727,1196.0212075743739,
821.1677743864501,1252.056446897544,
1411.5823801278584,1946.333812405226,
2011.848129739931,2938.667218688875,
2493.961347465629,3197.7771039147133,
3378.133569492553,3459.73477578611,
4145.177606687231,3862.5142860824576,
4474.374368848187,5866.148384312478,
5090.521635082816,5724.907389564573,
5047.1879350113295,5630.005918563018,
4101.628607614208,3988.0622163698063,
2319.9107805426156,1297.7182413022392,
1499.0549267507845,1057.460810764207,
827.6152316944188,392.59345373088894,
811.6859098252935,553.0781663870371,
483.33689858755855,321.53235402699573,
255.87302555462654,340.39514989317587,
213.98411755601083,215.5105088110298,
190.00120150876398,115.59923943515275,
209.44821324928049,269.04760582230216,
163.7007272663008,196.64372942977118,
91.06835503880671,88.15443333608647,
189.1976331795155,98.67363488142215,
197.81373198628873,112.00542262947013,
65.39815635541763,82.99913298697979,
64.48985491751134,149.6955709267551,
83.55070791322362,198.42676776846756,
319.67644344512274,503.25866321409063,
330.73926038896855,588.903450411812,
420.63652900586123,701.4529373798207,
441.6064890237159,573.7991218022597,
425.6623485171514,533.2125953973134,
671.0595341993817,777.0253192884848,
537.3170658661347,648.945944965034,
764.368956781131,1258.6165614681126,
353.73783702668015,684.3212247380784,
410.6562458494818,446.36573319483966,
177.12665904250446,253.4724118696475,
121.34611537281398,135.23835227523347,
76.71824519161703,85.99719767179639,
76.71824519161703,82.11098270082765,
76.71824519161703,82.11098270082765,
85.75900443392592,82.11098270082765,
144.12039098149813,90.26280662961645,
144.12039098149813,142.9395086940978,
242.76170473044155,756.6763444959574,
213.49366589690842,434.4751357214645,
201.58123033538806,384.55236766718167,
222.06728441746958,565.7719958724352,
1289.9679258015922,1580.740233216856,
1384.8221722134065,1379.4574473407008,
2708.6043469228916,3103.419074380163,
3589.411057447596,4534.176787081054,
3897.6536818276613,4687.584212928246,
3943.7896381900778,5565.533994568227,
4589.760184279001,5693.311324285131,
4488.420812232017,6380.272346066596,
6282.075921023735,7356.650990108751,
8066.610533703927,9273.753754549462,
6539.614941089585,6987.520686424084,
4762.106315684403,5879.205550655644,
5034.828549178197,5596.983850712126,
3517.298616719975,5371.671252349878,
2419.8369307830494,4145.975192843409,
1850.766076782482,1891.3216470251105,
2116.911858190883,1635.3351657329763,
2659.9708178410647,2806.0859784854965,
2892.39911742033,3240.7575297690646,
2778.828279800838,3178.5373334605965,
3372.213093265616,3564.9024094778097,
3187.903900272844,4736.483509457546,
3394.6346953585166,3404.461003027396,
4703.299363599257,5896.55236339539,
4759.519773311664,8041.180417407624,
5607.087199929955,8030.041840707595,
8654.895715264322,10162.619205197927,
9843.663212674432,12013.430460478015,
10347.54285152254,13782.066811613015,
11168.01634218289,16105.554732054903,
11553.54814710264,16653.4200509277,
12478.847128616744,17030.52990256121,
12340.569127887858,16811.04379042116,
12961.257772968285,17323.22794577572,
12916.261519439133,17822.904505531136,
12316.97721934943,16410.15934289562,
12781.91021738553,17124.21302885644,
12241.109053305325,15841.326693639461,
10218.193004436287,12721.008322914482,
6841.8960864762275,9082.188878016424,
6668.93264195849,6757.082361560066,
4642.855525079882,5533.951131565733,
4410.517601711175,5238.864218688149,
4786.276605031898,5980.804808278407,
3747.0907882381384,4605.406685440635,
4200.188266605921,5100.223652850026,
4841.948028795421,5707.384574953561,
4767.180697201287,6384.684165086894,
6227.492355240926,9321.957807598228,
6768.419945768877,9419.739577335276,
7379.818928207584,11273.45277677126,
8673.813859860444,13455.843922849119,
9629.000431925106,14018.005702918545,
12056.16071210528,17443.73442710438,
12459.616306945816,18233.912286449293,
12490.024899967146,16711.551737446975,
11865.047625642737,15750.94145552964,
11290.718076551722,15504.527599988016,
12013.891029179533,16694.536500754242,
11925.009788672533,15820.350266959476,
9717.581998033376,13499.744812972132,
8703.126462754935,11813.590120417484,
7294.562084928006,9477.349387701468,
4985.0324553933415,5938.898597915927,
3326.499588311436,4070.533678228986,
2824.029741206754,2959.1495434724047,
2016.4125832651662,1991.9738750444214,
2016.4125832651662,2016.083716638096,
2385.4153952967044,2033.1149198126786,
2583.77433123291,2783.01659736913,
2795.679317467864,2335.686922295601,
2416.805705886219,2627.3118011610886,
2645.944864621409,2484.5899179661183,
4524.6492142559055,4318.116759013522,
5500.049896103089,6800.809519808904,
6448.447363991673,7719.33612559329,
7022.731234750495,8151.291550965793,
10177.820107624411,10450.661934689875,
9996.25820723633,10402.386532014001,
10470.821128985282,12423.464976110312,
10914.835849403973,13045.53158571927,
10834.47260421891,12682.828185622244,
10169.464896170386,12315.088906923917,
7036.089811881559,7170.910390888598,
4326.068228580259,5110.832747470762,
2376.072478653132,1951.537151264339,
735.8899659518571,557.3379806846004,
578.2403649468949,413.61777336431624,
524.2863302325532,370.8235353828586,
377.5376211040898,139.81893567866362,
361.8773073300243,140.10870592594839,
350.81167748497165,102.85906396652561,
399.55098025297417,149.49685800095344,
848.1820268955158,890.5727969575586,
675.6965651739612,715.4474311712838,
621.8571179081929,495.7821898874382,
532.4821726090726,393.05232792706045,
405.7861705764039,265.41303077660933,
443.3565938777182,346.874259233694,
401.70117425434825,353.6425753664051,
719.2035476301362,569.5638045649564,
1562.7986468323866,2472.2033556853776,
1325.921559670776,1427.304785093858,
1193.5476400643113,1131.363948532478,
1077.6702951376708,963.8567782523885,
564.9289986248307,793.9931406898136,
420.8114478072772,431.23044347823503,
286.17339162447644,297.49513073232305,
227.34207708849607,239.46654557811596,
221.5242643819835,191.87538255410715,
76.37755731109579,85.10631904614078,
79.3750454646547,85.15339717112536,
85.41831655340468,86.96993963869087,
108.10598718979841,240.99642938507873,
99.12497401127948,254.4361845031714,
144.16756237426787,343.8015837186822,
210.71932844538213,221.35644707685344,
357.54742852117835,310.52926626805623,
503.3426303242738,565.5086018200652,
947.3473321391826,781.6765883719609,
1125.5783635486864,1037.439799633943,
1448.751171222393,1145.9557862847532,
1884.5157461704741,1770.7043881363034,
1970.0028351335861,1829.6965874691577,
1731.201369083955,2437.8531219819483,
1875.9587632587736,2795.8306310744206,
1924.819172151718,1786.5224684551577,
1743.4665593178686,2288.8485746533997,
1652.9363388877866,2139.756031784175,
1811.318100611529,2275.9394463165795,
2033.3696854933248,1937.8827692872292,
1768.332972622488,2103.7525602819383,
2078.690788409466,2780.0252549757593,
1416.7217624564066,2278.1860753555015,
1423.3823406576887,2523.983757952755,
1431.7101244738174,1868.194144975222,
1431.7101244738174,1894.2893616986576,
1287.2908147987964,1943.51610483326,
1401.0445544883275,2059.323527753855,
1369.5203913231321,2219.780901859053,
2535.515525975507,2837.510265969324,
3281.741380924943,3328.2853105793843,
3355.201211434215,4512.249902080355,
3887.9400661349982,5239.581902019218,
3039.0859217964735,7248.090133236325,
2635.744335135958,5613.890144005108,
2244.8651877783936,3027.609212570397,
2166.684832103044,3074.342833988464,
1983.3319874207666,3204.5367312983353,
1754.868231069278,2738.5388189347204,
1548.089078264736,1745.3841377311019,
1548.089078264736,1556.3989586509456,
1280.261489428904,1409.0190506085787,
1403.6872509165437,1510.1073414199172,
1497.9429934289162,1284.2880737930795,
1769.7598586173988,1421.1311554007616,
1950.4162260958367,1383.392444320989,
1847.9516979264865,2421.4768787161115,
1031.3871339343686,1208.620405568118,
969.788973046588,959.0619321455301,
1301.95473515999,1142.2135059686645,
1667.783555412441,1632.2566830034696,
1667.783555412441,2068.9015801223604,
2229.902442684388,2111.20499731729,
2516.697826149266,2478.512977103372,
2597.4233295894796,4146.172336836012,
3126.8133484236487,3878.9520795046124,
3742.658289162312,4011.3378885887023,
4640.904794990528,4700.46061015725,
4823.371503505574,4529.403458039669,
4523.782541216037,4526.502001154125,
4862.4291990985475,4852.7161213092395,
4862.4291990985475,4741.896503046592,
5791.133845466332,6270.199056947069,
5675.976734542337,8153.142537430331,
5677.996059514698,7489.079326666984,
5886.757340700421,7314.097587428649,
4741.998228883135,6745.821263127285,
5408.070513305969,7388.425012066748,
5866.435019255556,7300.554487550671,
5602.05822349229,6928.358495221045,
5745.1527152260805,5626.714013248505,
6053.665749567021,6258.164509711053,
6294.178050255152,6833.216871507012,
5369.336305356977,5872.564755908429,
4874.988791215266,5561.116396411296,
4507.261696566138,5418.2263514939905,
4567.670174811477,6587.680348592369,
5785.691405869561,7940.601446996264,
6204.932014445346,9088.82395082725,
7837.120755348278,9167.968668379832,
9201.417419118594,11091.948905513407,
9902.647581970783,12349.860505641183,
9977.234402718625,12305.194892126972,
10912.480789753654,13921.725806572053,
10893.468448677073,13738.934213045954,
10332.92508406644,13570.102939697994,
10664.355992855928,12611.873646167807,
10713.572391228661,12578.059368613029,
10800.521834578076,13048.18315725528,
10544.492832252465,12810.879718085604,
9540.91463268236,13459.53222780832,
13488.532850567923,14995.451643592225,
12248.682844642308,14124.003776129779,
12366.113805951334,13823.417832771018,
12291.255364797755,13380.860592522411,
11406.750759561852,12177.463360994536,
13346.073462207643,13559.26778187026,
13196.801979883225,13201.516907377354,
13512.013538623562,13585.097023988492,
12871.273308408186,13554.72803877371,
12688.953894251896,12696.955749919796,
12609.428667305763,11459.682346720581,
11124.224305368798,10202.280126451522,
11472.742467155102,10990.377053617203,
11170.709750935035,9660.564571062596,
10353.743644285529,12406.774421393755,
11044.067091789755,12933.13781453685,
11787.564510877426,13613.433399433248,
11812.8849955759,13962.601295864275,
11725.324233332587,13962.601295864275,
11985.155541971726,15544.376311923075,
12033.80684614741,15445.630654137723,
11748.067215619856,16023.299916525324,
14075.352181377488,17056.667884287774,
13105.898428078328,17462.07122596885,
13707.369606541803,16791.245241160752,
12138.761018972866,15969.491465690977,
13486.555729152495,16353.025363720519,
13399.900381692265,15047.816473084,
9901.61146612627,11181.391425635387,
6590.589433643498,7311.739912555337,
5799.91824957071,6408.771599602742,
4350.319480074306,3739.749412471255,
3809.7958555422774,3573.4255563596116,
2815.2987882069406,2924.256629261667,
3085.2653954821862,3469.9486658809833,
2503.3093860424333,2681.555493289755,
2010.2708770140573,2243.081866618001,
1988.3582834483361,1591.2320512094752,
1449.5726718970475,1712.731589431969,
1865.002256987648,1768.9611908986356,
2123.7470036145082,2728.316767204009,
2500.1398281130428,2569.0455452808233,
2082.5480673215784,2439.864607369743,
1405.4968278816789,2040.3313946269247,
1078.2983157388385,1285.2627158991602,
886.1332612685068,1235.6678864826054,
1628.1820240751163,1113.3241971519537,
1825.8826808188087,1727.0873545399359,
614.1149119417547,1052.4174573182536,
1344.4688258654307,1385.2945809614216,
1549.0398510154166,1377.48599060895,
1259.710976885512,962.6726699479475,
134.9177205180155,117.6134896733162,
90.09964461212363,150.25497718528146,
316.41353108089817,172.78444229979135,
143.35172614933646,182.18589809411776,
126.95146302814379,192.4870454199655,
85.75900443392592,104.10252360303697,
76.71824519161703,82.92577409795982,
76.71824519161703,84.08487515154118,
100.25638551108761,88.13069086750573,
141.1556461104251,142.60128851372315,
223.81789990925031,224.36133792651444,
246.87010534357796,270.75574891430426,
401.7208555078438,398.5165343465726,
391.82781934649427,409.9545131978655,
516.2963314302978,591.2131809096953,
497.6110796286882,371.8315267727577,
269.54065873580936,288.4507793792492,
305.364775016468,333.31954795440834,
383.23907397850513,388.4943425451994,
360.09420338533255,406.17360348066256,
248.71044186969385,258.6359438150207,
242.91962191637748,330.31812253804304,
230.1317329432115,186.28908775449628,
195.07673618138745,262.3386034318437,
76.71824519161703,82.06390457584307,
76.71824519161703,90.52600055583443,
76.71824519161703,86.55402708087453,
107.4550906661772,131.45053777193596,
91.57466153000533,198.4011051866088,
107.4550906661772,219.6250855419486,
91.57466153000533,110.67736092072573,
75.69935008712673,186.7013320622389,
153.35514565858597,144.53122203922254,
211.00876666905432,227.37438926649196,
192.50142918544068,233.0228300556795,
246.37811262523442,351.9323545952984,
502.34308621390034,360.6673917366155,
614.2377618470588,325.7090945351655,
589.9054167588655,366.360238304395,
248.6132038208147,212.40330319882125,
318.0072444618539,198.17124397988715,
265.8842438213279,226.80969251189816,
262.03864679524474,265.53934862980657,
277.9981491732317,271.2763391383406,
322.52346465765925,209.84703066535303,
360.6019812080591,223.18800971566927,
291.0325377244055,258.85637631472565,
185.72892354209978,368.9597968148467,
83.54413955192649,111.21026337170568,
92.03754197873258,215.66647114733036,
125.65654393395033,482.36555616651367,
77.18112564034425,90.04962487522599,
65.01304443068449,140.32204797429068,
80.24705672154866,145.87860186459733,
137.32789248040493,114.06189174725537,
138.31511751738415,121.96589591337226,
68.67530904054948,134.1862230064561,
114.70176690907951,138.92306243234066,
296.66491633912165,176.9140879344363,
361.4356076494239,163.05465550303697,
772.534827672443,718.4529259068543,
703.5414931086478,684.5198264346096,
852.1231707868096,709.3971761153766,
1541.8375954719802,2027.2164111784027,
1514.8528885944288,1748.0231997096225,
1100.242093196219,1729.0991678502655,
1539.458500790813,1678.1679904537818,
1493.108823604086,1653.6227313430973,
1720.2665366934352,1983.556902579718,
2366.5153129738223,2999.1558601277516,
2240.9920776826775,2018.431662920122,
2838.0992175500196,2780.068618198612,
2569.2336733650136,2274.605422994695,
2928.754601493881,2172.020485550387,
2950.6263322952223,2197.8927162495884,
2490.567039904261,2238.084289229669,
2986.4182108871155,2222.424998644705,
2986.077523006594,2438.1582299346524,
2978.168356770669,2485.988902090076,
2487.3428910746616,2194.7813069908375,
2507.0603264085357,2226.8075016627495,
1737.2603118931793,1308.3869804134933,
897.9500119838178,803.0105025201018,
1487.8224368486597,3101.2996066988967,
2462.646899346364,2979.449864473337,
1996.696092177064,4333.364590875332,
1296.0251593042217,4007.03050106586,
1476.843611069753,2119.8215530362204,
997.1731396606248,1902.905997239966,
1203.2478307737695,2265.7468697767886,
1476.862705077876,2384.118541108587,
1473.6332261817156,2765.2525194202476,
817.9056253189035,1174.9702311310887,
819.2728618990433,673.0211471521256,
1369.6673875417546,796.0412377619443,
859.4778107358526,1291.4504792330524,
128.84529411200631,214.5307947761285,
137.5614460606246,201.234640251706,
114.26834197520023,222.44102983134394,
92.37822985925382,198.19008835835666,
149.04337202503777,353.64246451356007,
102.44300189934634,123.00542528930114,
86.56257276317442,82.54991251520772,
86.56257276317442,77.53192717308548,
83.67754078712665,80.66980917673168,
97.86677702963652,107.66389377333097,
119.23626031418132,216.77123990181252,
138.71727572706064,170.8219559756334,
251.85257208568106,238.83468557463448,
144.80462545061255,235.42713918289328,
112.64717154056159,169.28450187280907,
214.4680695719805,279.14694008929825,
227.47515474826258,297.21471922989116,
237.73036503350022,275.4068173685826,
226.088906798131,266.8465325121676,
213.230055114101,194.09061540557602,
94.40522020054014,221.53597836162965,
89.66605733325737,85.79696143145951,
113.90382494624157,138.12223481730786,
130.43688173176707,138.71041880947246,
76.71824519161703,82.87869597297524,
107.4550906661772,218.72797173048914,
84.45698213546993,82.11098270082765,
76.71824519161703,82.11098270082765,
76.71824519161703,82.11098270082765,
76.71824519161703,82.11098270082765,
76.71824519161703,82.11098270082765,
76.71824519161703,77.4093482295606,
106.23778228360428,77.0929973587054,
81.98433826689995,103.38822109482379,
86.71369666668232,153.41429167439526,
129.02153296172457,207.4565193987721,
254.7548332356244,167.22711638159566,
254.7548332356244,165.19542601673353,
254.7548332356244,127.87205332980486,
228.73193875822625,90.40639623619973,
294.4639098560059,94.20296548528381,
343.85702194586537,141.6769907812122,
206.08396315749474,170.533240339056,
278.6752596388444,151.91529812549908,
280.2804600136207,159.81767207181315,
422.41213460127807,316.3752797318608,
272.520866497903,284.6448055728446,
120.80204029125218,191.80515680721322,
57.01394799203446,128.09159049094356,
107.50110310805238,124.23978349197134,
66.35633680840883,85.05806844150055,
79.3750454646547,95.49004098959685,
87.4922867538186,95.30095552405754,
62.78026852342072,85.56099832041224,
123.55437225818406,110.32642405523399,
205.8165842690771,128.48763701018765,
313.6214114590729,250.71340656248537,
163.1376360626805,246.69545555937285,
165.7178359789419,265.8110619343081,
186.02723844476574,210.18670160542274,
334.8758352522524,388.82927585806283,
445.2980243895088,552.1524481640855,
400.05086121129546,599.5826208453366,
353.3250550076605,738.8988289774481,
353.3250550076605,686.277329642145,
747.4764191333379,1324.2175034233055,
875.7054152503363,1137.5825212439029,
846.3895672577539,957.2898092977065,
894.0465996834117,1406.5884414759676,
782.3637653883384,979.7498835060796,
500.5576889402358,587.8380753481232,
177.22425142927585,315.55736429099983,
126.61813315774867,87.82599051151678,
77.52181352086549,83.7730136333207,
77.52181352086549,84.06278388060545,
77.52181352086549,84.06278388060545,
188.2961441913184,109.24508044658516,
187.61792461039514,123.93664872484186,
187.61792461039514,105.0214671769435,
188.14850414307352,110.6048722579543,
304.78541839342375,268.48650213583625,
492.28186476806474,338.3138237491375,
706.9521232568675,793.4309493032672,
906.5321137205796,946.0888146241186,
676.5814824703825,616.1969708525077,
850.3849085827375,702.937799627371,
1401.295822007999,1295.9009455806379,
165.22883174672273,334.3143556939448,
433.12279431833053,401.71272997584117,
354.660300406993,528.2770899889323,
353.3250550076605,645.3844663543381,
353.3250550076605,585.850848799065,
336.5896301293569,464.81499838743906,
320.4807059244339,460.16870758957265,
256.6700845873659,258.8661803701703,
185.4831413498972,188.6790446969311,
140.67098116688845,195.98803169876743,
75.45531002836154,80.90408839155224,
79.74884391206248,82.11098270082765,
79.74884391206248,82.11098270082765,
84.6183009717316,151.95200245116342,
86.11999005983833,83.27008375440901,
212.7435340351414,270.79061953203365,
264.1435167700703,187.5933249401636,
89.81968943908942,256.76302825974483,
205.91428208757844,114.95883834290322,
220.74059810087155,133.13798355714854,
218.0498497844938,127.22984395754949,
160.38511025273044,329.9818026872177,
191.87084159207632,348.148172718238,
242.8193929112785,297.19674286794435,
740.0048321930083,911.3492245522332,
477.9203235076397,711.0261224005416,
911.7015796089366,1193.259837242239,
647.4641902596861,757.9206891390045,
336.40307419756397,508.9516981114318,
319.6676493192604,425.25319184680296,
242.05734147257135,280.5482603396495,
361.2973827063913,390.65115634438024,
280.8772404536568,317.6243648260444,
197.01966947861644,109.59370110889867,
200.9993240309017,155.7932328161277,
424.1613961321042,415.9828642410761,
513.2642466609335,719.2866708509769,
867.8584800969169,1476.1175041008025,
563.1678537567922,1787.8795024764195,
1768.1678925369492,1861.7072407119208,
2423.0908439625873,2070.7226579607986,
1912.8247597095358,3164.6164551906045,
2907.714113814409,4548.107245056174,
2920.7313848405547,3887.4485812499584,
3123.8669565179694,4326.425253479312,
2860.9543413827582,4240.7320064730475,
3745.8261389799304,4441.061909676105,
3642.828909360104,4896.457747792503,
4406.118648903453,10678.890954281846,
4512.990151093238,9893.458287688041,
5505.363032639767,11565.677126561628,
5905.212728875415,12763.751241591626,
6186.030931416549,12627.75787471252,
5779.6790546058355,11600.52240007461,
4710.21818189305,9914.539033094625,
5221.9958031413835,10834.428946164619,
4022.9000272629455,10789.312439091354,
2758.8279185300607,9997.53303278647,
2733.4791337695588,4367.864916398304,
2728.5159480308366,4018.743132829057,
2794.128543398416,3931.5915250034277,
2815.677388255612,3699.911792010947,
3026.467448369785,3503.433850691708,
3199.8802995252913,2556.566764723451,
2693.2992199037253,2433.439771184547,
2726.341660702973,2868.4754158561386,
3138.982526363438,3703.7398898031515,
2464.94455932163,3174.4583771743028,
2047.3913242780536,3931.117790066355,
2430.0798560730536,4808.407801107626,
2820.874125593881,5332.884528830571,
2866.1522234204886,5492.148478531721,
4878.395498762151,9437.209724678021,
5227.771166668916,10964.235489738237,
4865.489612019573,9852.397130140436,
3796.9402706181313,7539.35866137119,
2830.7146661067923,3456.3555030327557,
2449.4902652212495,3041.1150299817714,
2372.4932063186006,2941.702033388276,
1280.9172416565964,1573.1163732119555,
522.6623659804043,784.1699922927833,
147.75845796021216,130.00555519372867,
229.91494412116265,238.74449806661443,
582.8146254306665,472.31362262201344,
905.7307238217794,842.4619416136794,
724.2028335869124,901.3832291797404,
635.2776525688446,1002.2859408116573,
565.380160786523,462.0363861674973,
1280.3624256797027,695.1519970107951,
511.55315678948693,890.5339504003442,
593.71646872145,1706.6056597092345,
593.2396634085077,2352.2806655777113,
412.7758329871413,575.1545704028284,
611.712083985525,1026.9522165136668,
670.5460895601319,947.3671457957737,
611.2396749105424,815.292022206057,
600.2655213795562,895.803769755017,
726.8090022578012,988.6698173018102,
688.4437685976643,891.5249504810765,
688.4437685976643,870.8413411540315,
646.7725972722457,733.6713279027895,
793.0973849646315,764.8488657491172,
1143.65337528838,1093.8040111234172,
1051.0551553707564,909.9279315507983,
656.3757794612891,761.7768875890702,
390.00059949095953,827.5438590589395,
471.7659790749671,874.2398551915771,
496.60060565171926,906.804673607946,
505.0827839298606,802.952363276314,
233.0842739933153,621.6767762542719,
299.6503823415445,778.6337127199757,
187.38015371373882,743.8936562384808,
245.21114116592017,516.7946748977067,
234.18196741166244,320.01317071813895,
234.18196741166244,384.9030922311483,
238.8767365401428,507.98215538809177,
276.10056081752634,450.5871277853743,
699.2728221481067,806.2067987279509,
1049.7519070016585,1343.6662735381663,
1604.0833587271818,3018.6493382430217,
4166.267391944367,3315.1712267816806,
2555.5314208576324,2155.4677990610994,
1783.9078522292878,1999.997090433696,
4324.03335698328,3423.369989140922,
4856.4162671690665,4498.61904628926,
5048.553637932661,5042.062013209154,
5926.139913212886,6703.960634445908,
5410.60313887853,6650.937343203404,
5577.322081986248,6123.358080137789,
5017.748586212732,6023.689310126612,
2738.0282572256,3181.5270333710987,
2690.225784293155,2748.2303014264307,
2273.5851924162553,2012.6838266503487,
2345.589991025914,3162.2019814979158,
2683.3274370308472,4201.488596697889,
3107.353824217851,4287.5294866769145,
2749.379995375266,4534.162537692709,
3651.3650225709603,4039.6845676055364,
4691.413582737969,5788.256932206447,
5290.948593303809,7372.723439848961,
6350.306826929497,7053.031470943394,
8165.7025952739805,7968.74151353995,
5885.7340423181395,6527.824371887403,
5425.774766928341,6548.237032134951,
5753.627496616484,6020.2182383052605,
5240.720975333421,4612.157239762032,
5331.418038319591,3853.266685820018,
3757.803071549778,2348.0251535770976,
2475.2306622641513,2193.240003429739,
2418.103922266514,1634.7973799770282,
1928.6529129874625,1332.850824923532,
1157.2680940007779,930.7608140715447,
635.4819756919968,444.87333054133967,
172.42232573610193,105.9183735072373,
95.44395812881213,93.10063960152064,
83.54335052211172,81.84820334391523,
85.75900443392592,82.11098270082765,
85.75900443392592,99.96839486837682,
86.56257276317442,84.58780503045287,
86.56257276317442,129.92546721556522,
76.71824519161703,129.42253733665353,
125.97574665988017,104.2709420213142,
110.70586676579234,70.30889654745201,
105.66702562884359,104.76388852031685,
192.96650350572415,189.0413059064353,
513.3600474869357,459.94287345684916,
419.3216012599949,355.38523738329246,
369.8981922532452,272.8876185031022,
378.47993337577253,207.1312621098881,
268.54663133516107,251.14820162024506,
278.2828566941763,147.32651308261748,
297.95055243869734,280.1147701941678,
314.6146710559364,268.96970418615587,
332.81755771320644,241.30155731199537,
354.05831180339266,281.87531455514255,
449.4691189193908,253.19319103283456,
205.8257187188157,197.05953112825335,
111.12611784845544,91.47814764527308,
121.4511756746551,199.62068082873427,
86.70261513729542,271.91176684090027,
87.50618346654392,162.94792846169844,
89.55489691854262,332.89946276280347,
174.18518159305893,567.4585363616172,
474.9395464239887,1002.5729911119909,
559.025790456603,835.3465569821788,
675.7040302857478,1020.3849758624714,
635.1702654238386,880.689709583879,
885.0493134253448,1038.921741883547,
1457.4545252239484,1381.2389766501233,
2235.077924571138,2378.2284711700413,
2065.18243646721,2673.9361929813426,
2210.290100840435,2088.337412288001,
2249.1089425078153,3066.5475223623253,
2235.077924571138,2457.20448452048,
2235.077924571138,2239.1838356032713,
2324.0330105069525,3540.565851802493,
2328.349318343058,3280.3200921481202,
2322.5123167992065,3459.367866550967,
2951.5288786370174,4335.2527475444485,
3969.6884182488084,4938.434952349574,
5017.666699751936,5003.1679316183845,
3555.8672205040934,4048.54502367261,
3839.599436692698,4070.760053980876,
3820.458845745421,3859.552377901534,
3707.8448359317163,3753.917235173487,
4724.7277996150215,4533.928817474231,
4686.41647613154,4498.842011381847,
2636.8106802221964,4612.167632167714,
3439.0824060451246,4558.864155003522,
4671.109630629237,4988.656818026173,
4880.591739736989,4678.895698641974,
3787.4641046648094,3913.124785554368,
2907.9950775564903,4057.2623814705084,
3490.4691126956036,2977.827818437274,
3383.2129213567314,2473.0493399663806,
2903.8837521574387,3999.347815114782,
3197.8849431862213,4834.334839777618,
4475.199682624214,5680.760187260372,
4892.461595164295,6477.982761441174,
5446.733478340645,6633.840242964997,
5490.58155426687,6622.912860144794,
5265.097930668019,6722.5306397017075,
5110.374300742297,6748.618173413079,
5725.262811684419,6990.1758351990675,
6224.711997224657,5884.405306618059,
5578.773632494579,4482.158849858918,
5541.594090067057,5128.441555403234,
3656.602668135516,5588.626632741579,
4781.18147027174,6994.087439196847,
3848.747367245939,6779.070607252246,
3837.3224067987144,8687.675037089442,
5606.830352512835,10015.36537541184,
6808.566402592966,11395.016950395211,
7421.309304517872,10701.265544357551,
6670.6141028801685,10630.39835813493,
7833.860097492961,11941.787634554039,
6633.384264893451,12199.371882852713,
7355.1365858322915,13220.268193708262,
6179.582696962594,13127.377612020453,
5995.293787580988,13351.751110814153,
8620.947175484367,13422.405678712183,
7320.581093016018,13021.51790429023,
8983.117181098709,12993.915298315456,
9755.082513566704,12718.868718664828,
6476.981986632817,10770.0592451483,
6867.469574603029,10618.9981988448,
6754.1477233734995,9900.88957977395,
5874.023140179743,8922.37245792626,
5280.675429987689,8716.127172220338,
3459.1776926336315,5021.399911951449,
3868.459188485402,5620.740425235235,
3610.9582371901915,6195.356322795929,
4018.306416136821,6287.832824769905,
4525.390256829181,7116.472708969397,
4273.919657671239,7958.1862598038015,
4955.914090952316,6809.3854778895275,
3953.327402933646,5141.347415483219,
3237.5823890807737,5537.847809142629,
3684.7784030603843,5799.073401418632,
5135.5983555896555,6326.486090960012,
4924.746691501372,6335.956246308015,
4767.557869428203,5960.815547922616,
5281.7360648500235,6710.540301486602,
6421.085727296161,7134.52514607674,
6330.343927312477,9797.964263541791,
4406.628617446283,8044.587970801158,
4433.370142587309,5597.024829271962,
2461.1046498716055,4134.258588169457,
2977.7283658953834,4610.547972632694,
3315.6016635477467,4051.43391922113,
1082.5163997713057,1602.3647059794914,
543.1610183737994,484.82302592503083,
559.6334735772449,524.3623345778236,
319.78062626544096,279.3450133311075,
292.3405198605834,303.68949067127414,
293.62780936507386,161.81904491242804,
214.3869709458862,271.1483281473342,
202.47434094878344,257.1013195166343,
187.61792461039514,141.9702980844346,
204.6251324707991,145.6831237184217,
265.36894895545106,181.75543698186084,
292.3880725643565,220.63285490012143,
303.1495461492994,394.8130736228201,
368.51492770652413,459.7885076458297,
796.7716866521544,718.8845011038098,
1547.3502839904888,1537.438959629051,
2245.76643562598,2333.545945820569,
4667.649564831549,4249.236217549282,
5475.0263103124835,5684.722553425597,
7109.804226439484,9209.525012589527,
6462.288030954641,6032.283434454436,
6315.721847792827,5345.775757971727,
3931.798492122701,5092.15187020363,
2850.679057021582,3335.24173841597,
2601.763291641273,3032.4641903701404,
2105.395388691828,1890.6169239474916,
535.4014342308177,387.66270516192367,
130.89689462433495,136.9211124311596,
113.01008831303719,129.45191067317108,
98.90597696217358,93.34987146671646,
284.7427745469123,233.33665771880334,
391.8133846011416,359.925417630151,
438.2689809938337,642.7169593714087,
852.4632605961043,1501.6687186631793,
862.3781846541614,1336.4376519873426,
1252.338822013339,1522.2608067710341,
1351.9383846985636,1387.859628715059,
1346.0216341802266,1586.3592143536453,
3170.5620176303732,2787.9278408727196,
4333.239273469609,5515.08972587733,
3801.6033268075757,3832.893097388034,
3577.232169078258,4172.6401195545495,
3601.551865338179,3432.536544399867,
2362.3554613656074,2292.9893920829663,
1657.9182242409593,1772.1389458321612,
856.1346518927056,876.3303860488892,
631.7691664785988,703.7126519876091,
279.3317663979372,323.83171265072633,
299.5228651933166,285.56927694081105,
352.38836775844294,416.0519915549131,
288.7577988867271,256.4510535687,
144.88424506204197,185.83875837645408,
196.5866379376282,206.94506342132306,
190.00120150876398,186.38876638035035,
84.49479860025966,243.53247162044977,
90.84435950062411,284.1928898296308,
191.05066514910885,531.8398811468305,
591.4142690266243,853.7119322845545,
302.1784889367773,269.12389979580735,
247.66979824757905,306.3027617301812,
514.0864793605848,429.04335039979486,
371.39034644261346,473.5659983115699,
615.3984755666861,417.03733365166823,
904.1496812627393,1160.5993622663766,
441.78291309114394,1260.0235338021425,
756.67538603654,754.5949496398274,
919.7592591609185,875.5469421795087,
614.4951938356455,713.9846292666818,
878.6204945136243,772.524637183778,
605.634105121857,938.9169331909137,
507.13821035401907,438.72663769013724,
235.055428168947,357.1236840311036,
621.9520695383911,603.0055591540956,
408.02079595848414,581.168695882554,
423.8423646004964,266.386696409873,
119.97194978577878,93.86693386039035,
87.48758085591541,101.80640701594167,
94.6052602504507,133.9153186535253,
86.11999005983833,146.79975954460477,
89.49289100113563,146.79975954460477,
126.41091112691294,122.73223862747557,
89.49289100113563,83.27008375440901,
93.09234951162469,87.40200199823019,
86.69431983972987,123.75731811719615,
150.70470048238153,130.74321846253696,
263.61198930673373,175.5732862807715,
370.2458365626656,293.9714594715035,
840.1288463805776,839.6007895259257,
695.1266664915073,659.0595149459591,
767.8430240647741,762.1087969109547,
301.3055303071488,520.3123357417875,
278.2111919080273,482.19692022113367,
277.62064325552564,495.35489877759414,
373.37042731510996,497.9916534844824,
360.6412499887987,397.6071515317074,
558.1358886855028,412.40001864849086,
741.1227346791696,828.5145990574558,
675.920291019303,734.4037941315685,
629.9225070963365,425.36653996790596,
309.4942304324525,326.54744673473897,
312.4917185860115,247.90097221303455,
286.1141035644731,397.10668275396074,
488.88029434237285,554.9892844429849,
192.21982894598392,321.06725227973857,
488.88029434237285,352.0244984349431,
466.35422046915716,340.22146915039593,
1415.2516715278525,1551.1712164611426,
1715.1470360980582,1825.1878531730977,
1889.0401629784249,1788.425313658661,
2056.686444042921,2439.5028802958127,
2048.855216494567,2676.3417712328214,
2452.2322989547565,2707.4090028454666,
2209.4315066644494,2852.74577847464,
2255.704193324813,3196.7833999792915,
2114.492524004852,2050.533862346824,
2286.7979671384787,2277.6454197609637,
2212.3985971418037,2783.5200739199427,
2275.627359728227,3361.286990160861,
2214.9400644130546,3898.2527622093808,
2588.679782909191,3919.336854397184,
2710.5145608543257,3783.086543900527,
2742.163543900855,4159.042223113249,
2532.917762273591,3686.5631380278833,
2021.538061876451,3076.264539041827,
1672.8429201336326,1711.8426701615863,
655.2170122444371,1085.5672872918271,
513.637842158923,808.4008727545249,
545.1620053241187,1054.6531827640542,
577.4487556717689,1147.0129338437828,
694.190363024463,1219.9605202337825,
623.5010238516068,1063.8323543606766,
1275.7284746601536,1376.033089283214,
1450.4236495857454,1765.4552344244546,
1537.76869967412,1862.4229239402773,
2582.6930524903937,2361.032334399743,
2608.4133241747727,2742.196865064152,
2956.5232267947395,2419.670163520205,
2841.655977140114,2767.8996595702497,
986.7320448442582,1493.7219708471177,
1368.071765492537,1639.9614030159053,
1575.4216424329088,1649.393143767649,
1617.87171169211,1651.654151241504,
1451.0428030979342,1680.1860439974332,
1530.8704273490102,1531.7044343063455,
1417.8859803601522,1687.8166138666218,
1334.6453666490308,1723.8717229235217,
1189.185330116697,1608.8950625940843,
581.7526212435822,779.2168856135622,
643.9186962269329,892.4339215007478,
426.2231688965456,1217.514709983635,
599.9695966968972,1086.4187755237158,
433.7212162588493,1050.856045385539,
419.3095937637044,1160.8050641707373,
571.4795805262187,1047.2308454937156,
1578.5155052755376,1653.8686389029858,
2269.910093533061,3043.008639607961,
2753.6270259240246,4919.471421651406,
2593.486990747657,4459.038547640692,
4150.8074513621505,5485.975771338239,
5556.8602810323555,7077.145664664549,
5652.482768098445,7296.084123349565,
5239.1928277480565,6536.107293385136,
5329.649114235477,7582.47867476921,
5345.07862852785,7582.47867476921,
4961.373791395842,6594.918988244918,
4978.792169533225,6885.083458221752,
4945.944277103469,6820.398112787884,
4963.362655240852,6550.336527807354,
5754.839922378325,7330.197957313185,
5898.759758691825,7622.642191243527,
5059.440987459703,6520.301336105488,
5310.6120629823645,6239.14567440396,
4898.278143354876,6669.39391408569,
4368.738747402408,5237.101113802703,
3163.4756462359696,5216.519697169295,
2615.848233070504,3998.431927775697,
2636.0564474021567,3743.704152847043,
2685.4727873116226,3752.035264993156,
3745.8927284363303,4391.280294534045,
4326.30583938668,4925.449968903082,
4832.965737724576,4905.630394282746,
4969.862130167949,5295.071713271844,
5151.793673895449,5128.199051878493,
5299.3112855582685,6152.289715766882,
5060.620851312589,5422.334406742466,
4189.723927114264,5827.386386791853,
3802.0992926740405,4784.315085346349,
2599.7525147859346,4101.707412091508,
2229.537371108409,3382.1263718302794,
2226.219243100423,3054.4213833774847,
2041.1601877689882,2473.3398439903517,
1933.979678510777,2402.8482087766797,
2022.7294835507623,2191.923310147801,
1908.943894949307,2240.6790263097196,
806.3588678820622,1868.0586272554501,
574.3135847041082,951.0823867152058,
257.2575822979722,429.50126226992035,
206.43096550918565,244.65153800740967,
147.35144786580386,246.02306479843566,
154.23120862577215,191.1576584933146,
77.52181352086549,141.86851278173907,
107.19847918737557,92.47780173561226,
95.88781234572147,82.54991251520772,
95.88781234572147,65.99901372616128,
80.71080399417136,60.36923430778907,
170.9936579985565,147.14220813659435,
261.8281010787341,136.306549524106,
556.9962120084027,557.8872265506433,
506.73289540754706,445.9186432373563,
406.23556921679904,445.70384277076994,
465.96505710876045,395.01186853966186,
510.45713157413854,378.6621219114811,
450.48305241865046,373.00117603427714,
393.6820886740462,320.62074141693506,
423.1985048297267,362.3983723276849,
381.4798852529064,360.8008071802052,
512.1971115213667,364.43006269254704,
811.0114520149481,406.08520634763073,
345.8661861912336,261.95959268865454,
98.02385045519118,155.84686981826889,
87.59895059606072,130.31424174904214,
74.04052908780233,92.47780173561226,
73.23696075855383,82.11098270082765,
77.9419677580243,82.11098270082765,
77.9419677580243,114.34869103788827,
78.7455360872728,82.54991251520772,
121.42951276453257,82.54991251520772,
116.7245057650621,77.97947584597316,
208.3094166024315,64.8369161702498,
131.40436796160492,129.97391130476865,
139.52467122752012,129.17902415863912,
197.6211003162333,226.12538532724196,
184.94592007664846,172.13958321671748,
214.30962381071998,175.5371133727734,
245.09527250398935,146.89568329511738,
162.85910753221862,177.9900840826213,
207.82506620159688,192.74292481686015,
178.63663573937822,175.00078833086724,
234.81570136513795,181.10003829367585,
204.84416980011832,196.6187913360525,
281.18344115837135,223.9469870138207,
185.5087137151607,161.83905442305291,
121.68680325333526,213.42551470653586,
76.71824519161703,146.44948479103581,
76.71824519161703,136.67845413807896,
76.71824519161703,128.2634362830721,
76.71824519161703,82.11098270082765,
76.71824519161703,82.11098270082765,
76.71824519161703,83.27008375440901,
77.52181352086549,83.7730136333207,
77.52181352086549,82.54991251520772,
66.57597386114188,68.4560784303618,
195.54028540529836,117.58156974043811,
91.89162822541402,111.61858857174072,
117.85385773231212,129.81703513676476,
235.84882673309852,257.0794947338862,
317.82144390141247,287.7861651404124,
342.01816795001207,222.0856730665122,
162.35648005798686,136.3643596687255,
324.2754253772779,215.18504708509238,
313.7560461042589,215.57315497695424,
189.51104057072564,127.47979100770448,
162.73649014510318,195.092766666923,
162.73649014510318,148.83564396708724,
306.984614894869,186.23842419743175,
262.33166155367815,217.73825227464908,
309.74083440999465,169.3830322860361,
119.74020892779188,80.85701026656766,
76.71824519161703,82.11098270082765,
76.71824519161703,82.11098270082765,
85.75900443392592,102.23962893104066,
85.75900443392592,83.27008375440901,
77.52181352086549,84.58780503045287,
85.75900443392592,84.69489778435137,
77.52181352086549,84.78951794228223,
76.17753040216917,68.31939509572726,
140.78465098681082,102.5548821972954,
235.31585724104804,405.31310259233993,
334.7894751623521,497.74669429276946,
428.6316102023074,611.6825393758825,
364.5173712181947,494.99699237443764,
2014.3967159600265,1984.4829910780893,
4442.221955691224,5209.123976797436,
7373.517980775889,8748.086539478358,
5020.55563383189,6172.3097773074605,
5085.659359728051,5155.828349294766,
3279.2665507427932,3401.557817744381,
2501.7015727822563,1464.6010161750414,
1377.571295300203,1178.7640278036085,
377.5355802708228,342.8852018065541,
636.9020496577537,1002.3393918848099,
135.0796317391892,142.75045172458113,
111.13119281676816,122.21739507558715,
77.52181352086549,83.7730136333207,
76.71824519161703,82.11098270082765,
118.33895494411875,389.20347408042863,
80.51930167442444,83.7730136333207,
77.24882472429539,92.86744889845542,
214.2375669344686,178.30507502504514,
106.29537587088339,90.62788963473915,
216.73323228225314,207.3647528246189,
206.44721337311066,210.8942072183139,
242.26584209439764,213.7724370410976,
290.1151793601808,355.3016819173894,
429.12690493911094,482.65262044280513,
326.483150630854,303.1552783360592,
164.84213430346995,239.7471908941977,
344.31705354537866,333.8356818992939,
441.24360899083314,339.9651046397687,
486.8060769813806,432.5223058313371,
475.58482183890953,392.2030231247178,
738.8454368008029,768.4805618806612,
762.0960295050396,775.8103186151669,
643.7376835755393,568.0113628835246,
877.3830836627774,1134.9646364591797,
414.1661378503918,362.1143627782484,
722.5726753477471,542.3017158787284,
743.774286041631,346.9460637425987,
658.7166364188921,708.165293966859,
977.1273888287567,1337.605071821993,
876.3984551901334,1015.9200237067606,
499.4790713691848,591.6629887539063,
598.9141938225802,673.2298007122573,
474.3240479445988,560.9360143648851,
474.12016122686134,323.92168570026644,
898.7224083683867,701.4114154077731,
472.3050368350233,496.26751167400005,
186.82445308276647,322.0528350761552,
480.4302658950245,614.9919984129884,
467.55110601609823,678.0791173654927,
717.9637842961702,916.2932329597327,
1185.6159817599473,838.0206767851666,
935.35218212369,832.0122269921534,
1121.5213556404267,1189.34769538444,
1131.7531551483041,2082.554764280098,
1367.9711894412033,2197.753731741843,
1245.2778117137,1432.92141835728,
1255.0524298590776,1256.5287900510014,
1333.145093657791,2414.5056412749695,
1268.3320861925852,1407.5665586162377,
1559.9280944423222,1060.4448821700994,
1400.1302606610084,1893.2142716506046,
1991.5362401885402,1827.2833736346865,
2427.537317678439,3477.795816325682,
2390.88922425263,3367.1347841650554,
2152.9823159057637,2145.592283524739,
2292.3618223097496,2937.7131713194062,
1904.9667215458219,2306.203006509369,
1938.3119696847277,2349.5243980978926,
2480.269598239186,3297.51275757336,
2183.521131653243,2674.1996808556164,
2559.1313483151803,2981.3376762744224,
2955.9073232423425,4260.795843547305,
3182.5791939750434,4262.5402286634835,
3145.1054296077345,4757.051395577701,
3195.90667508197,5088.186801279871,
2822.458161810416,4097.701375768323,
3165.167124805724,4825.531878124185,
4285.106223882665,5187.100759930942,
4551.761948944871,6535.644399751994,
3892.4674941557328,4403.208765365092,
4289.94208131629,4464.031986623963,
3253.7128846335963,4517.154965938105,
2180.3051521218254,2298.4193058174883,
2272.5964432121846,2431.5103592975224,
2067.5278766751685,1945.1026368248968,
1817.071406765024,1698.1748046706653,
1846.232398415431,2263.281602184385,
2401.0223987841077,3310.169589022347,
1849.9837443141214,2270.59953612011,
2496.636228727363,1916.0882404434037,
2113.013305602407,1994.2545804006163,
2810.941608532252,3980.285371746639,
3052.6717948201276,3909.3487449332333,
3010.8185017882365,2529.174629631829,
3265.0374867427026,2482.813463994511,
2842.2547175250797,4270.652569257224,
3908.744522080693,8270.199587592619,
1210.1976049743319,1736.5498569462522,
1995.7373278109694,1910.7351319866443,
2692.1800327097308,3466.2098123431642,
2577.0582542261445,4813.912458623,
2858.5997858245505,4634.757685067624,
1910.6910620857445,2750.509218385044,
510.3738622188861,1002.260051846585,
409.25706348020617,478.4485896168156,
326.7476067343016,210.62586801195474,
187.61792461039514,110.20372374170886,
202.47434094878344,257.36703249299524,
202.47434094878344,255.94221846305285,
192.6011275364431,264.2088969573926,
187.61792461039514,190.65285169867423,
293.0604092462054,269.7811888811233,
440.97587613244224,558.4375392969829,
799.8832577781303,1005.0400955200131,
1169.2182286275406,1311.141498342036,
910.9223567987632,1270.5577602658504,
619.0537856419678,1281.197422924272,
1651.6712085504819,1918.9344358903872,
4266.908560246066,7300.744186510507,
8326.504346719681,10788.880949857421,
8410.320271274217,11487.444592946684,
6402.989674937003,9049.263882384186,
6960.265287343987,9234.61531386959,
6739.819530934082,11020.832309210513,
6160.481262951756,11292.443990881393,
6209.341591403109,11626.87386845525,
6387.161886828284,10845.519409622331,
5830.713575774666,11884.244894991552,
6320.449623638565,9642.773944521108,
5629.617992686638,8610.964144458545,
5866.8272493212435,9045.047493209946,
5404.283262981239,6439.026067701995,
3137.4347848075736,5342.419666065311,
1823.016978434926,1669.1704286580798,
1318.6815005901542,837.8969934364376,
1024.198488748007,634.4250625086664,
526.2388174447532,300.9808108062958,
299.93389410320276,153.22665230102726,
255.19406643316734,114.90062092223002,
432.4938393904035,317.6018128543515,
455.87781125545587,410.3127692999141,
1385.228453674922,1058.3785948986113,
2515.079998358648,2760.1513454719307,
3276.1387268342314,4204.687395189174,
2801.663914650202,4533.329312796991,
3646.1907114250107,5807.830914534565,
3418.563025840167,4556.442310745524,
3362.9427619895573,4320.769070297446,
3899.126118112386,4601.880949847848,
3396.318164364586,3083.7749857591534,
2709.643309706539,2452.76358016238,
1710.2086651621657,1556.003828967084,
1789.106420536877,1983.3018015865155,
2227.5720214124904,2228.0453044676583,
1464.2127459130231,1507.0137824667822,
929.8640899196412,1035.464895621876,
472.37826913688775,567.1815428132346,
599.8726235403334,968.4395463024044,
1058.958136422823,1624.873549260608,
1945.5353862500035,2237.918379513953,
2119.981274861684,2283.3484144784893,
1498.2380460423965,1725.687953665582,
2736.7296913328864,4462.534672563177,
2696.9640295219133,3661.612719970142,
4607.393847337618,6048.281806247587,
4978.332638110917,6398.997715590547,
5856.060675770464,9673.230455915515,
6963.112367411844,11674.008641579278,
8079.40585660489,13148.538083657506,
10212.733182158165,13053.97664967063,
10061.478008115515,12854.068341821614,
11205.136830585074,13860.581933880505,
11583.390101243458,15105.74011807454,
12395.806859482416,15584.815658415886,
11548.124394339271,14347.630960938053,
11231.54336075392,14129.418526437188,
9540.46182270046,11667.363873647464,
5555.89692571912,8125.044541569646,
3511.1101604609403,5826.372473060161,
2223.033743616716,3578.5080556101548,
2144.792074855481,2819.093970845919,
1387.973679583854,1495.1417378400438,
1613.8522616598957,1431.0125763452472,
1889.2950247636595,2118.6302716995456,
2426.3089247131784,2616.682812461231,
3473.736263922393,5655.887686616489,
4792.780086135873,6910.732073823568,
5369.266050931771,7140.154096239511,
7109.049227049015,9159.132426133308,
7723.909638447378,11725.63851651318,
6517.428821595107,7050.7835974189475,
6717.733678425849,8454.795137821307,
6319.960508344022,7431.025578228586,
3255.3684249738535,3042.9792262322035,
3101.343219920239,3578.4985337059024,
578.7457363363717,812.1772413277183,
903.8025616154562,1013.2081264227427,
987.5362897001323,1189.4721102576657,
2180.364549319858,2392.8918562594604,
3821.6579696255517,5318.670465824072,
4027.7499094919353,4029.0128314196786,
4016.0511257057856,5093.390686687747,
3221.138324824658,3270.83848853627,
2048.1129358901144,2844.3946126518713,
1857.1740061246967,2007.483543494398,
1712.456801290138,1763.8174131362616,
1866.6696638024648,2045.1799102313894,
1372.1670519122351,1387.4777203946978,
1334.1669499588647,1514.751472299091,
1604.8108854583338,1746.9967093321707,
2075.0810556927418,2587.223989811491,
2897.8627352225117,4324.558924878657,
2823.6323613355953,4508.664644677144,
3176.8787697298226,4165.217387238703,
3388.807677900261,4971.235142408089,
4863.874848470433,6725.647909417733,
4931.407948011759,8084.722618034287,
13119.945598603177,14667.537784572787,
11377.937941145252,14547.107728294412,
11343.579692242349,12626.055639518794,
8773.849924671349,10912.391783638293,
9306.329821851117,13391.226643025937,
11671.346226634278,14045.042765793256,
10345.20987299418,13117.734169108691,
8706.65683846365,11026.41587656404,
6679.059858050469,7871.370064332965,
5960.104077945091,6628.352412494133,
5420.164405405595,6330.600005247567,
3437.169488726719,3492.7168680256596,
1759.5655289830922,2448.5510937383465,
1630.278107553992,1501.7110855966287,
1437.0789057908692,1517.3709654769448,
1217.2434694538133,1349.7289394299926,
1172.5521264940508,1119.4358016703243,
1464.3692538676523,1151.4252494280622,
811.4349256057362,817.4681087300255,
1307.451847438601,1371.4746122522897,
855.7194135959865,612.0090806575452,
728.1752131692191,801.3709190921754,
821.352546016026,760.3705244724963,
683.7693873029189,751.8142475199378,
486.2499585262781,548.280258263917,
459.1364206875181,564.4907336073343,
418.25081879583803,538.1344657772493,
340.1872072914139,468.0061708966957,
322.57939861941605,474.7814968896255,
251.96239882060576,386.9280659365944,
497.66521292980127,349.4911032838558,
333.1274778839475,378.2842676069453,
119.63129758612277,229.6837577936312,
76.71824519161703,151.00344486102733,
75.4948037609949,113.1932263134217,
76.71824519161703,113.1932263134217,
91.12986768676191,154.39310456010057,
76.71824519161703,113.1932263134217,
77.52181352086549,126.6582865304621,
77.52181352086549,128.0831005604045,
76.71824519161703,126.15535665155042,
155.88333240575926,143.35648503411232,
385.92951679365194,250.67115223623858,
663.7259674549923,638.0531863346635,
766.8197884057071,822.5774263596215,
1139.9379357418022,1548.099187577721,
3272.3018738990922,3401.971599734554,
5467.255872872631,4411.428281166355,
4013.6884468416115,4589.574272381402,
2919.5952309285,3708.8040074023857,
2691.072172512202,3105.7770450015646,
1294.374254492441,1144.8144046925001,
1218.6069317159017,1373.1905266996625,
1993.1714015845034,2451.284579589423,
2046.9954318037414,2608.2964925798415,
2568.1899037650564,2914.101729313964,
2259.5532124442107,2992.8845249792466,
1430.828925961215,2224.0316712930708,
1752.5177682464935,2171.895911271302,
1752.5177682464935,2348.4768834550996,
1939.6819079476118,2591.43846594169,
1939.6819079476118,2500.6667130500637,
2444.981559605173,2683.4182584236705,
1684.9642605857819,2223.7320179778685,
2732.012803760251,3776.5035957819496,
2662.3223225077018,4806.689503965793,
4743.922429071193,6075.682782676862,
5197.678622418926,6070.541125337419,
5273.1152262732,6214.891418898859,
5540.9163065589155,6471.295691284086,
5262.43228104255,5696.899659579041,
5062.002478897506,5454.963174165323,
5689.01999180683,6651.485022058679,
5535.692946398026,6579.266386573031,
4459.724289804952,6495.190659848126,
5708.4428771440125,6306.240388364923,
5525.634102816305,6469.076973147601,
5537.90348881923,6285.022276122237,
5713.123671882611,6705.686285009964,
5937.355069621089,7249.572616934941,
5481.905409667349,7253.874400056083,
3168.1809825780792,4606.398696212407,
3035.679499290427,5177.572273692492,
2814.013680309189,4044.880791501125,
2501.5096773452797,3880.545771444449,
2135.2742829213084,3709.6964304083504,
2475.682096390965,3087.1543102263104,
2553.1302111425366,2641.6157733480677,
2477.215627162213,3191.019206640201,
2384.011168305655,3924.350034273002,
4039.4529718033014,5383.020682149615,
4435.838292604793,5384.805145315183,
5509.82600763821,5236.422096524718,
6266.220848376749,5849.843791131488,
4694.813901742414,6220.721023248894,
4199.458952350552,5781.966819785487,
2680.85439471592,3742.1011049713907,
2117.2051710745,3062.159745677163,
1776.2935944341507,2847.185756817882,
1649.1975329192544,2539.9662206548974,
1923.2351071345806,1915.3514195457415,
1058.0060786102479,1267.400499092908,
842.7676800118398,1038.541848737337,
1493.0041775672632,1124.0445630637078,
1410.6674715937495,1328.8457490057722,
752.7324847674729,788.309548187228,
383.85624131280656,389.73780735686825,
246.77331829898267,351.25618258671363,
76.71824519161703,224.8784975137472,
92.54018962699845,214.82540975651773,
91.12986768676191,187.13957147199312,
278.75424017225566,296.52372851108504,
140.6450392589858,441.64343234991685,
84.43741010187881,218.16180819745674,
306.91369850396177,367.8509590858819,
313.5268980985734,311.1027042334152,
313.7071543211604,282.22975696128253,
459.38607792914974,822.0328216969441,
810.1336684370585,888.7454530670743,
681.8898266640361,957.6292627552905,
649.3750167809164,1081.0760865051514,
400.587959390539,710.1828737392227,
567.6565062806162,795.0826471071795,
516.3034784979022,667.9454008503525,
625.6760465682697,834.0032175736848,
489.8134246908487,536.012756581567,
724.7055324382998,863.110778797361,
779.4882416694372,768.1127659090022,
720.9263962084783,822.9321588953455,
772.8480535221448,853.0150961368577,
517.4179125301405,544.768840632091,
587.7872540685743,663.5694322163259,
441.60356197844243,571.0967833380392,
368.54276035213627,452.05928659320455,
460.6134505013615,557.4680934462384,
503.00485576932533,663.8078292609079,
552.7871236973717,712.6566504882319,
1328.7084555151177,2867.6693692016593,
1374.274735514214,3815.213220214338,
1149.2206708194599,3888.5846536679255,
2455.2136689568356,4332.78165049766,
2727.78156974908,2905.798778436121,
2530.4108754266804,2980.04538483309,
1949.6382669159843,3204.407763750077,
449.0269225000833,475.50312741204954,
334.7712778016786,500.7424030548917,
406.81355443615854,527.390638241424,
495.62534472713634,557.8753720202782,
422.9130581740252,583.2795946902306,
591.164278941255,650.7642480131354,
517.29464430781,474.39846208921654,
350.0501249580134,470.26515343260274,
349.801975868294,380.4095233879718,
300.5829548667039,355.27985387889055,
527.55270213812,457.3861259291869,
589.2162176422834,431.20838366499373,
791.3674287774303,784.4035317985637,
626.1533403800901,599.790367480765,
921.7365322499171,716.8163443275523,
726.577792173407,393.9093317239477,
859.1367421137834,609.1850113707313,
821.5985038897429,608.2726576799956,
853.2978097907483,625.6826348824546,
1124.198552985962,829.1175537618976,
1819.9320414805345,2326.006195577456,
1995.5185430842012,2145.786253786299,
3258.484003984892,4741.085770660333,
4194.632085567235,5460.833053357427,
8346.17824725513,10381.954864336152,
7762.035676373919,10791.461002005664,
7932.836837165543,9787.072489882421,
8132.7094719519555,10051.19995852314,
8465.911156986384,11635.063315536141,
8508.926456954874,10588.788358595093,
8423.548246338569,10431.490202055971,
6497.472727463419,9095.132050101585,
5197.604020044672,8253.728604994658,
5739.652769270894,8476.236839635765,
4956.792693510246,6724.561733424306,
3186.632912284525,3736.0117026493945,
3225.891919385151,3433.0747909390248,
3324.582566667399,3593.3340500584454,
3432.118539712039,3926.5475207444256,
3448.3798798276835,3412.319956628186,
3598.3701440584887,3480.601554368115,
4353.5350316163685,4040.8355443091577,
5393.192875013588,5514.746677295397,
5567.177106661321,6428.98263435708,
6272.150240698254,7260.915060041692,
7047.435678504773,9072.84315317485,
9032.193713494285,11635.643418895002,
9721.109918570774,11026.616191566967,
7077.739814627386,8183.009332885061,
6915.27620365612,7817.639531740316,
7740.345487613541,7518.637731286371,
7300.538802073519,8011.701904203346,
6465.50234552756,5842.4192552337545,
5405.071056689908,5352.809196810151,
4710.958928898594,3628.0073374626363,
3180.590793182661,2378.844579696376,
1090.5744420563228,557.9346360780831,
76.25887835761003,87.82599051151678,
77.52181352086549,113.63215612780179,
77.52181352086549,120.16220655837085,
77.52181352086549,114.85525724591476,
220.37539193304943,168.49911556219098,
264.85334887782204,236.08800094440915,
559.3739910265203,295.8612668543395,
391.00564062046624,221.1587243520178,
690.0958356492298,478.7294165215822,
1904.5003988617011,2003.4454967503823,
1055.399306036359,887.6220599084988,
2600.4807286129085,2458.5579873401866,
3822.9710020942202,3230.403893311012,
4208.434206293605,3844.140914231165,
5522.348598237184,7011.204057786116,
5510.44219922042,6700.547083120073,
6912.746512304641,8623.748214489904,
6222.241697449225,8267.065893338131,
7787.024771604005,7788.96249546887,
8710.11949175501,8688.146066454532,
5944.653826786354,6951.969366484038,
4913.192168890594,6782.061772837018,
4732.461661191597,7266.182994262415,
5874.486857504391,9268.592925651388,
7611.694838821653,8629.675414757226,
6638.271317376383,8431.213621300378,
5976.537691961146,7033.498848881773,
4954.892999506623,6184.270484164999,
6232.705151003261,6308.309988551156,
6190.504693594091,5958.336941677572,
6731.210150565367,7058.087304086327,
7408.833858982314,8687.694426477137,
7729.75503710427,8888.946823883702,
8665.800313515912,9094.867386675063,
9724.264785341918,12187.863087501108,
9760.533071534017,10815.504338399396,
8907.363490568612,9672.616357085204,
10887.30976097277,9448.414488402166,
12188.715412280299,13115.458968624338,
15099.238982979923,16202.396323022702,
14869.347628476737,15972.229452299587,
14605.210619710515,15817.081393860688,
12915.686090927873,13596.569472371495,
11447.976392473533,10584.661123376434,
10576.129135008505,10296.283270837735,
9544.476544796087,9869.954344083211,
6853.044510955577,6712.530042687068,
4120.588023133769,3293.729514271271,
2502.0924335506456,1351.6694893929687,
1596.6708254767311,1138.4678144151376,
1225.3016107510036,708.2381812945937,
209.83916794433665,327.9958369931503,
410.1585782294786,357.3777135853797,
1887.6325812523319,1528.1928145096144,
2711.4421499167274,1857.9970514871789,
3258.442644423044,3491.4224170424623,
2807.723892858614,3720.405900386203,
3416.853920192875,3361.598944297261,
3984.68796508791,3796.2744302944097,
4298.476587567936,5887.162351999249,
4651.379230831944,7465.7273296536105,
6127.354571968411,7283.563506347057,
6556.661082739801,6522.903189778824,
5654.251419382536,4110.449302365364,
5234.747821891948,4629.332132236884,
3039.63593760577,3687.3127799176236,
2504.9797338065237,3052.5473728020966,
1620.5127482391133,1535.7250566181726,
1290.4339436212838,1125.8305648758706,
1381.9617045388293,1167.102640934469,
1258.5478210635977,1624.8050752607405,
2265.260893550895,2039.4017451922637,
739.0476607684544,439.20127183681075,
558.6421520754209,207.73492181225078,
330.4524467752382,247.12832672835353,
158.8918522855961,202.58086106804072,
119.81783850977448,133.82480242254647,
305.3281070097417,265.5901349041826,
126.81316132098206,228.76317756000154,
120.20579019812533,119.04512587157238,
122.08796181575212,110.36194383691219,
178.73970869305717,152.82752202364617,
259.193227779209,222.791514923322,
469.97237452728996,309.65531984444874,
672.1649914895021,583.2742339850619,
870.6673624366532,946.9365886281655,
636.112108170603,598.2805352103595,
689.2716883573116,552.9889517928095,
641.7184095301309,439.6758532626237,
1068.928840586385,812.7952600133159,
782.8628552348214,691.1878161022615,
811.6119112113206,681.102963434747,
871.4257195028733,825.5996746053119,
939.5697090616868,823.8156038539543,
680.677249934737,766.4385754596439,
999.7946086411512,1070.5097578427283,
302.5819679755874,229.1959804247728,
146.37527847537996,183.81103804276145,
110.49380256115836,119.7701036462276,
77.72346441533304,120.97699795550301,
77.72346441533304,114.85525724591476,
78.12856713185349,120.97699795550301,
306.2768391492472,209.884018890099,
445.0531915063116,332.93536205486083,
768.7409480350794,907.0024437754811,
1599.4981650816906,1765.6173716902779,
2590.242286184057,3222.2080326505643,
3052.099699592236,3123.3727941211137,
4171.929651448624,3773.7932587219216,
4173.758110652921,4435.455326224953,
3888.1715412621743,4019.085566262989,
8239.329120955204,11169.25146173321,
8500.761723173728,11905.341619825216,
8393.68319868217,11613.838707856008,
8947.769014347856,11611.13338272058,
9627.489337139172,13040.402269978862,
10422.418061553108,12914.1212292431,
11314.391058262932,13715.523289700554,
10805.604453226011,12758.970100277047,
6163.092499907605,8650.207863548865,
5499.039151245221,7728.212864570301,
5472.009629689766,5793.77713165508,
3343.972562059785,3718.0141786295267,
2875.8164663566763,2818.984884147848,
3353.732599098908,3704.006861313361,
4058.94856395235,3961.3202857945503,
5057.505470724107,4585.455572139915,
6147.928425481723,4710.282813086656,
6138.664455654664,5777.485592522069,
8212.239442648963,9036.979420001084,
6390.509755719934,5878.074857221163,
9634.679814296058,11153.110693246008,
12731.026362478999,13031.259923972406,
13388.083246221438,14613.013886119408,
13421.839988608905,14362.169546526758,
9856.198056374762,10423.252461527482,
9598.659395220127,8962.611387458883,
8663.477796264286,7745.779188378365,
9715.403446154569,11055.035218775029,
8106.812402766564,7449.586737178699,
7557.4547997494465,7033.959337797166,
7705.558147368001,7319.688410258529,
6884.303962675984,6184.344576866905,
4038.428691054322,4423.854676644702,
2782.1336776878115,2466.2106941548936,
2480.7568841657667,2620.1090318005017,
1573.0606027551225,1063.725070644928,
1100.788696692853,982.2419620642526,
1755.9285752410212,1788.887988208738,
1219.6363543815173,985.8803090692749,
1805.83532159464,1102.5194809440836,
1076.1617161090235,754.4140390673332,
1796.26578284897,2595.662797472616,
2453.8718519306126,2812.89608904835,
2528.564987138188,2698.889953564294,
1767.3549441403193,1995.5229311033484,
1592.9145770172518,1577.1291334709515,
1397.673126821835,1266.6719176539839,
1178.1934697310478,1307.2401967536168,
2150.6505551308537,2310.5535388236303,
3225.682573202038,3068.034509803763,
5266.664184565446,4634.380444168245,
5389.928057623924,5780.860292591553,
4244.523327850261,4133.712917071666,
4367.084008605142,4051.3425705839677,
3983.9219180677574,3940.136718698539,
2202.026345910001,2193.996201022898,
1727.7874902728072,1768.3735757428758,
172.04445584065564,146.17844625190838,
142.1023661745764,127.16335577977506,
77.52181352086549,113.63215612780179,
77.52181352086549,113.63215612780179,
92.37822985925382,249.24559410203094,
92.37822985925382,229.9862786781146,
76.25887835761003,112.42526181852638,
168.19512772376075,119.7271839334833,
247.58655928444105,179.34668754285843,
153.260446529896,159.16384998565587,
161.91619298392408,134.0680445683058,
230.89212636143998,215.73919585331072,
379.8792740538131,297.65619767929803,
372.75083349195995,340.540415046589,
363.9788997789516,485.56524653275187,
306.7449922227991,364.7984348362162,
256.6795326880189,439.8390798120948,
602.2259267312777,619.9396366287149,
837.2773077455944,896.5657577587181,
1159.393682547665,1373.1363448479863,
1343.478170761624,1436.2492874943125,
1261.7558489971307,1294.4357672092308,
1196.7297271727152,1688.8837317424875,
982.0591013342396,1390.0990264346287,
620.3179219000332,1017.907609077234,
662.0719969492104,1255.8572988391056,
621.3612464408297,976.2592875770321,
754.329673057183,785.696891387105,
852.4263884414484,1321.1836252388794,
1363.3932250946702,1888.8502072344882,
2390.312002630858,2670.1276446297516,
1252.4657027504343,1665.3512070191246,
1262.4707860377662,1787.186093008771,
1599.6147133000327,2139.7006760014574,
1499.4755487599052,1831.0301566440107,
1395.333291616085,1828.2020297739027,
1344.7073238880246,1680.1482247690356,
1455.038444754368,1842.7854888764605,
1350.3401418452881,1605.6158808945054,
1634.1829207113246,2091.477474479905,
1830.2152136565646,2081.130411187523,
2074.0623815515323,2069.2395263726658,
1228.7135880256453,1273.7254400913403,
1480.458368449727,1905.125003687131,
1894.351375461193,2502.3596909831053,
2317.0229932620723,3126.4963882804054,
3041.7094864557403,3558.467552034225,
3790.707801145788,3498.4717764753573,
2469.8406962286354,2954.134416840004,
2478.8814554709443,3092.7567135271865,
2318.1368613779205,2729.5898284034683,
2403.7796408698778,3450.8777776466695,
2412.8204001121867,2980.233706100973,
2210.806407075296,2497.8093833468383,
2196.42463334667,2052.7340550768035,
1456.9475738969636,1549.9271345410643,
1418.8436028763751,1849.022403975193,
1355.6202850284271,1944.0777247548444,
1422.582120612025,2197.101763603071,
1393.968903081265,2457.3348792397455,
1467.7009694982316,2156.9996491935362,
1372.7676621838848,1487.691172287131,
974.9814207248714,1277.2249574198822,
1017.6264011409196,1293.1575611023081,
808.8108359116785,924.2477904963313,
1010.8348485360192,1192.6872486232082,
928.1457490052867,1051.0196530769144,
876.7339258237047,793.6733855154323,
1048.9039707741715,962.43027700539,
1107.5253878147157,989.3691390380848,
786.6938046863532,788.9555382761978,
695.7545793480846,798.7604852990905,
93.72545305202098,253.1487158642274,
75.45531002836154,111.98633200414629,
109.10649425136495,111.98633200414629,
109.10649425136495,111.98633200414629,
120.60191663701602,234.16506974176244,
91.11343333494767,197.83466817234026,
195.41958068450256,260.7869864685024,
220.42353526145274,254.85469440857221,
291.76069390390364,286.25148044510524,
481.546345190389,529.6095626662909,
903.0414828910434,1030.614306548187,
1225.5438586889948,1615.6250123716227,
4004.2267653643435,4157.572278189718,
6394.476815827911,6286.22836797249,
6673.939179226158,6717.185437633038,
5279.57996996534,5084.350081813766,
4531.458977366634,4748.683121523083,
4152.239402529972,4038.9190851158155,
4108.760936823281,3222.142803994617,
3178.4396815894875,2705.0854991504307,
2119.9595356799887,2063.087570649396,
2185.5050314841633,2013.3445241107188,
2490.979145483616,2212.560020427328,
1946.4804559588201,2398.885342200439,
854.6224474403169,946.0751160186365,
854.2049088877974,1055.9698250038593,
825.6150797775136,1086.0911118754177,
755.4671517113957,1028.2757164016189,
755.4671517113957,1028.2757164016189,
863.5216099197137,1262.052653844151,
917.7443223101658,1170.886362568643,
1189.8832315296397,1274.4294903025793,
2150.3872450023086,1978.1594004684255,
2174.155426971944,2217.1652826959935,
2232.7854817862726,2184.321831000326,
2076.6675435005495,2249.7372600183335,
1875.5741364919318,2605.0406138735093,
1631.6035871099677,2737.9892567316865,
1296.8048033506873,1626.8315985733268,
1754.5352362566211,1814.694316605716,
1795.9643902087043,1702.5071436335604,
1776.8704266895193,1822.7865847263045,
1738.7620361358815,1822.7865847263045,
1510.7030848665856,1966.573373938256,
1655.5602336645993,1914.9296539699656,
1412.031893898591,2035.036709524217,
1365.6287596050117,1909.3638154845853,
958.416781095038,1558.3431075509066,
746.7194884657446,916.6742946621149,
510.8177540538592,449.80366805951587,
199.05384074139013,224.70989854538507,
84.83548648078093,184.4545947843107,
86.56257276317442,125.21438528056979,
93.87624572308985,134.87165591130966,
80.31770370210606,214.61832607742053,
179.80114644710048,267.3746653757922,
95.72579527510788,223.67267594986794,
121.72751851463937,253.26546637450622,
242.800992949414,300.1698682261319,
470.1492248847105,370.51183016139925,
1075.5816029303435,1179.6398823544805,
1042.7106416735548,1263.4295744449248,
678.9067596056267,678.869167614423,
1355.5003220464655,1562.6223181736377,
1218.4823511888512,1547.4853732577346,
1013.5386058524679,1205.5226167167593,
587.0756803724638,559.1874022387683,
656.5474340006973,590.2935327409066,
652.3269598826018,574.0297831571104,
520.8223236590219,523.1672095034763,
451.83543133120827,366.16737071582537,
185.72801557442045,233.25534108632752,
80.2852776361453,172.03784260431365,
73.23696075855383,151.44518504308363,
114.66506050322027,113.1932263134217,
89.1173898947257,230.28276579025706,
92.59867432778893,252.3902569034254,
103.72730048323703,375.05546273137395,
94.09387807835927,131.41665251882216,
179.80114644710048,174.63676178225083,
92.69519655466252,169.63701439714342,
125.97109902147605,198.82624661495916,
190.04991734846962,207.92779022475474,
227.7247178517668,228.34855020771664,
378.07586877383596,353.7026841242423,
294.0377902513074,410.21193367733895,
322.41266706363257,283.13516833500296,
244.7992954642679,197.5323165918995,
431.4367935205425,773.1994486151688,
405.9597170132171,324.28469637227005,
274.70546686748685,176.30288541980326,
204.47617742676124,155.9293583958269,
194.79700785062937,157.43932358886946,
351.3051901307947,193.06546304552336,
275.7267771412739,225.74055754909486,
231.44564259504727,202.36023158337377,
76.71824519161703,97.04184831322671,
76.71824519161703,81.13865075171542,
75.45531002836154,79.93175644244,
77.39646477254027,80.01187179123677,
84.45698213546993,79.50894191232508,
91.57466153000533,111.61785354990872,
216.47621225796573,234.43999320226118,
214.9991107080554,320.30477867527253,
198.465653729953,168.17518331688763,
247.1262951668655,420.8997308903284,
1148.8610766407553,1224.334550194203,
1090.898995106453,806.8471793920685,
1776.9381272914816,1744.832668899652,
2714.6921127650294,2714.6726872021763,
2938.429574356374,2729.9548417201004,
4578.3748207240415,4036.938269076782,
6070.886036696796,7668.801109933664,
6694.405805625209,8045.040593144226,
7426.296625572891,8686.773253161338,
7120.594258036341,7737.217967588677,
5161.105557539982,5570.34620105272,
3930.2652510508487,3734.566486841236,
3072.5461070410315,2484.2447928213023,
3689.022276450743,3366.057300992736,
2704.239236131476,2619.184513358161,
1702.3178651687101,1413.9934737830074,
1464.2681527534933,1251.7137307423934,
806.7930557332566,1036.4299254641708,
1294.343239643909,1109.572106573512,
4054.8933431351197,4642.742773958227,
3642.4618362113793,6107.339692912808,
3391.235168736797,5001.758515168097,
3093.04396736869,4639.904408153724,
2431.0590825404965,3128.7333164769184,
2602.144570108665,3682.0964849566362,
4238.486404830474,4916.911315752827,
3729.1118275815265,4232.906011509707,
4840.9087613297725,4878.80434212303,
5808.26110843697,6694.963832564542,
6398.62226417823,5739.563472954962,
6397.017532840166,6052.498825815495,
6380.913749301851,6368.221905911048,
5864.783493258071,6095.453802086802,
6039.930799094024,5159.0996262349045,
5927.247089947986,4795.209376619429,
5874.266041855565,4939.006766832215,
5939.5612761981165,5914.106788041152,
6437.113334424597,7103.598140204119,
4974.2323916881605,5529.0263730946035,
4773.182859922067,5653.046450308372,
5029.175493172323,5562.455119704915,
5958.20076062494,5994.404375205173,
6596.20082828751,7180.010044161166,
7345.096732639636,7109.239512849199,
8579.62276747102,7729.8593343273715,
9197.337400093793,8005.270386817918,
8663.759577995777,8134.4096486679655,
8706.263791355468,10188.070717342038,
9553.88640651536,10063.239140619204,
9116.145383258476,10337.444468651369,
10160.994571045301,11916.942620626502,
9816.18580069012,11183.30425716881,
7260.221006934335,9644.585007786296,
12382.126796720617,15910.031958012882,
12372.354609738777,15737.297995909681,
11195.283598049586,15214.053746423559,
11738.8481768576,15993.885681944897,
11158.809244182145,14180.135349529523,
9197.866256913003,10357.596743329023,
8008.183427714174,7584.09146480312,
4880.073237264622,4236.939829341144,
3956.597891834709,3737.030576706853,
1026.8880829742932,1347.8736983331062,
885.2881697266429,755.3492159247712,
586.3157961546032,279.6404809886881,
309.8041547873898,301.62006067311705,
158.00117438733167,247.37062247933792,
189.03554950314748,409.35227376485767,
369.3383895144387,406.3504819074755,
311.3532499439399,313.76084281047844,
240.16266782823237,192.21492164504218,
219.6532176733337,205.93968424148375,
621.2852743852532,1095.3969091827967,
1351.1928957877612,1286.8980852292214,
1551.0413479893534,1621.8522280298967,
1858.9225166071863,1897.4060776358037,
2508.7630842220588,2322.9711635305393,
11465.174797682352,9884.432879796177,
11042.67050801046,9251.994377911737,
10560.681469473295,9033.780454223142,
11292.838533549317,9822.452458558753,
9857.493295102038,9116.715250835143,
8256.401272578067,7315.484812681089,
7126.670872405028,5624.016106518818,
4790.896258658824,3802.2719435506738,
2538.082397287167,2263.361458384139,
447.8645836477837,399.1205332466869,
115.6452209179827,83.7706225598733,
76.25887835761003,78.39666776098053,
76.25887835761003,78.39666776098053,
76.25887835761003,77.58187636384837,
123.81633231997642,77.58187636384837,
143.64582558351051,101.34358935038546,
132.49695287741517,118.03494565960115,
180.05099795254995,187.20723439400788,
788.4133256379448,1018.7785594271957,
1445.9878118082056,1935.3167159318482,
1281.45464946018,1651.2957864579437,
1889.092234920893,1682.9530912373375,
3985.117558763996,3460.2208447309486,
4773.164779038229,3809.2144469957557,
10490.402258754328,9400.127858509375,
11442.043160613686,10592.339417449266,
11555.385558248856,11723.911137939383,
11845.519572793106,11986.315526084027,
11793.93188779357,12759.102279581837,
12251.498495269088,12844.591094135007,
13541.010292568637,14012.83463743714,
13265.833455855187,14782.410792535364,
12307.366837443007,12606.846632822955,
6924.019281606838,10421.44444874617,
5496.261780315069,7888.319238139442,
5001.853255916767,6660.242929940574,
4918.105874677056,6293.273038544515,
5915.422468851921,6591.3965265411725,
7194.370749624045,8121.614678627247,
9668.518804381354,11367.910323653576,
11760.544687878215,14618.198979845352,
14178.24084088214,16222.259277134062,
14790.448858201513,16750.9520163953,
15626.645251566826,17366.74476308701,
16065.208199562505,17460.07116395215,
15972.629946967112,17703.482711448345,
15537.6535465767,17941.366044431004,
16159.642788885376,18443.90899696846,
15275.02194464393,17563.89021734219,
15740.835455729824,18125.32716778756,
15469.385377015562,18193.804603898232,
14951.846189990161,18730.22958686652,
15250.219599404967,19331.31701643395,
15417.549992552573,19116.439207523406,
15660.067434101917,19007.26231366602,
14560.017677935852,17265.021519228834,
14591.125995498565,17083.29882470157,
14715.928524036672,16926.10386180208,
14305.22384590522,16046.402662906681,
13342.626075937393,16279.565687809936,
11187.404753129462,14411.962856849916,
8428.79365016445,10374.682793072425,
6746.813652146291,9110.257885450987,
7463.493898898018,8660.193240127557,
6016.386507601815,7506.119478718078,
7251.941677985842,8369.63646807348,
7727.403362557975,10116.54071774935,
7667.526267505957,10007.393959707124,
8577.124066838587,10498.156818253588,
8141.627137215135,10278.855555201659,
9817.943593265756,12097.291074023238,
10836.810012124759,13860.445634691028,
9706.975110325111,9834.277504114498,
9814.348965461482,10715.626722324803,
9586.597660207724,10315.181590791955,
12811.194014216653,13651.659888166374,
13239.101859180026,15459.066668857258,
11058.818857330769,11424.546602790257,
13207.94944999966,14574.345785658044,
13412.12960380345,14629.478444276709,
14065.142655739435,15986.671252813021,
14035.590834980545,15855.031744891578,
13942.84613947287,15980.664188593859,
14031.316591015202,14360.67044913352,
11856.438555312387,13214.319699751168,
10076.988060749722,11434.831930200191,
11687.220035571323,12129.710602773535,
11939.421243636263,12267.38707575723,
11129.626667971497,10753.202737002386,
10646.124747653575,10662.931651022125,
10319.358168667497,10575.993983651495,
9956.687311439282,9106.550901533425,
9818.808713686447,9371.427403019363,
9009.28465222906,8926.753360818044,
9423.694997498806,8926.753360818044,
10101.447749481504,9062.772145164276,
10337.398564356346,9241.780462283703,
11245.962442262426,13227.597558429561,
10942.809262311272,13362.069929910203,
10814.919421791845,15132.586003314522,
12917.377039832478,16340.933340693617,
10450.688432223818,11692.047053621807,
10854.821096379477,11383.591953602314,
12008.019863031497,11974.305486588522,
11465.095509423381,11094.603771614937,
12152.7984087063,13191.962266453485,
11568.404566568564,11868.100542086944,
11874.485762867143,11527.748949485265,
9865.990784197458,10398.222991202101,
9914.18774401852,7916.798400991884,
8376.053846266399,7962.687957431736,
7455.512337973009,6443.084304494188,
4897.689428592331,3911.344520802805,
4519.653166930455,4526.488492564243,
4733.1812072682815,4720.052589900291,
4372.8486195742435,4090.3708369674823,
5935.449231670811,5774.448320713716,
6159.013147274732,6346.020350290038,
7807.850220332616,7853.274324670651,
10079.386829887675,9776.054462091268,
11175.546678997076,9525.518667893155,
12849.195641673088,14967.921542479151,
14335.889998734274,16098.499982569252,
15087.371379500168,17953.942723227305,
14246.384259268307,16863.739775641938,
13858.827197025876,16588.548360479308,
13809.254283003778,17182.463918614198,
13450.356117660163,17223.278684025478,
12850.510944060472,16028.968028643565,
12125.3184542366,15343.95769934785,
12459.420704567854,17212.435600697496,
14061.682300633554,17388.046787460014,
13262.834862261807,17345.64584879672,
13390.009193089532,17600.13928109283,
13865.62745832684,16499.402923921316,
14396.133576644605,16281.10469469749,
14970.9707949461,16809.237020320285,
15922.501606360212,19349.42715870087,
13150.923194914505,16371.280427647276,
12424.014437149852,14803.151418418516,
15075.419960125795,18802.30989012528,
16175.43652230265,19705.889211889564,
15723.089022348522,19164.92516903829,
14224.848197165826,16985.404085505346,
11384.482219438703,14693.648037330504,
11220.668124989545,13062.42966467798,
11376.639518279826,12670.51172667808,
11021.200548686613,10922.576186654624,
10566.445391433532,10564.170648277015,
8342.333454867097,8113.594015803093,
7034.236260921787,7990.527426061747,
6705.178772490248,7364.267372041244,
5558.293165667584,6009.622812896652,
3142.811165152093,2814.344214497645,
2187.7581897246564,2071.3104893241198,
1327.786298389145,1228.9393265256967,
1495.0670159154338,1267.5834628333323,
1668.064012099083,1370.1913846457828,
1924.4154409934497,1612.4413693507865,
2245.015016307428,2102.4696385508055,
1703.846664677113,1904.1052361342004,
2978.3392831467168,3501.118208085547,
4559.612790463214,4912.421240013224,
5867.975570717238,5271.912816634889,
6528.289497032424,5465.028705970466,
5982.367532369353,5806.828177462194,
8692.696848349402,8370.875336118816,
9196.234488911774,10141.409995675662,
7620.9882531676785,8240.110999594777,
7606.474078851234,8215.992868190853,
8455.514869592153,9623.355835215587,
9439.940180296235,11457.56556963207,
10539.623706268983,11904.86119729856,
10332.168663031956,10364.806270792624,
9010.565914277731,9521.45485312236,
7989.145124685412,8262.509009959418,
6631.517824692425,7300.293667681918,
4119.41459997518,4046.1010637812124,
2249.5768462335454,2089.5985181719416,
1894.3014799790026,1338.0683113973796,
1407.551596491765,989.9943966897289,
2891.5932092837065,1741.3599024114937,
3370.2927297548026,2865.1778598064016,
3626.3717464861716,3804.2729564679976,
4137.1806820221655,4615.951163572334,
5260.037403562581,6431.0570298543425,
6274.575001175235,7629.996631116263,
6783.368577992982,8387.714666022679,
6927.558027005405,7679.818858366369,
6152.297808883592,6172.479865917391,
7211.320356075061,6907.268544924554,
6282.913438287364,6582.5743092221965,
11396.202159021428,13946.441568982646,
9988.239960332172,11595.345949715753,
8656.460753725309,9893.835926968894,
7355.906600887201,8678.35009849017,
7212.253684285362,8071.202803588684,
7281.053769350132,7095.277235203551,
6454.787215114596,5102.54961580832,
4843.4940886141585,3306.48227653553,
2792.6809144717836,1809.6881554194185,
850.8154309000757,604.4658020387888,
253.63770690980658,186.27904043914987,
248.3641419680302,173.78845291577733,
770.4858844652844,857.7965206023927,
1759.8990600469122,1241.7860926710557,
2630.8647544897904,1773.1772456445817,
3711.677031045716,3055.262010233697,
3637.4589315927174,3042.233409183479,
6615.44654673867,5373.837598194851,
7489.414186122735,7986.873860640707,
8680.391782390434,10954.070264143691,
8895.835312215358,11124.676405698854,
9702.918068794992,13560.322791833163,
11181.078522362552,13703.015835202277,
11858.180823007917,14532.190784304774,
13421.508666445094,18022.597501528046,
14155.440161616418,18370.60738473601,
13911.405473843039,17872.76710535895,
13595.823241096952,17570.36962731619,
13493.01719512122,16943.06426238651,
13180.514451422714,17726.868844800614,
12944.447773576927,16844.127428409578,
12303.302875648118,15572.779123065111,
10949.92197275652,12541.812445106654,
8225.951188061,10052.675648714443,
8018.902849488634,8554.229989514157,
7687.224028151447,7262.538683301519,
7243.730868093657,7440.348911026681,
7487.817774606986,6967.151366908672,
7560.560233052748,7294.153219983379,
6044.729863917158,4312.682298148726,
4705.047891706466,4889.487915637065,
6181.106160708852,6827.835671730719,
8108.930035064155,9165.045603423338,
9507.579704024842,10133.363368169512,
10001.166566005128,12364.71416293064,
8526.327163653486,11193.274061842978,
9399.800557291666,12356.881931882395,
9702.244155517848,11905.930348212269,
9867.458378661802,13204.588339115086,
8398.92418960463,9740.184566493417,
6073.7165727958245,7644.470837135625,
5112.985180216225,7121.569601931276,
4208.460456294853,3726.9807286421697,
4534.4515885313285,2838.2196222612406,
2860.3624250142375,2357.327741298712,
2212.5072584365516,1733.8821270890303,
1293.4619968507084,1423.8509713493404,
859.3377053870772,907.5947900411182,
1768.657470383788,970.7898544095051,
2639.6652220550777,2313.618519529417,
1101.7682931876666,1255.0090947672015,
1356.9729548897847,1230.0136956484557,
1247.35780058115,1234.2537472123372,
1176.6078726185326,819.24833265336,
919.1965049651857,649.6298623873402,
583.3047114776705,607.920225643931,
875.0360505354224,851.3590495605365,
680.3446209085902,771.6171264571306,
375.6329316310567,403.1204645648428,
244.20892904010566,275.9918347903283,
242.97091458222621,222.72106139500525,
267.79820021281535,249.11506983680047,
564.6147222378022,373.85366475069145,
627.0613006409803,460.08420720019717,
947.455037892854,939.5270255727344,
1309.056550879891,1219.6143592819344,
1393.7076338499319,1564.6956070531285,
1278.7930218585484,1166.0041285486539,
747.4002571023965,645.3861563731243,
372.59416005813364,311.4997318224075,
690.1832389389756,420.41646766419535,
344.97637118230534,104.24980337478725,
210.9611180397825,106.22394704824852,
209.73739547337522,107.85365588763885,
209.73739547337522,107.85365588763885,
76.71824519161703,79.50894191232508,
209.73739547337522,107.85365588763885,
121.8896110993584,137.86076552888193,
80.74074156161873,177.61466973753136,
254.69518028739927,206.72651447591434,
214.2785908667416,235.93778463711095,
166.5941005689378,219.06225058036733,
166.5941005689378,158.18221221784398,
122.19614810621705,166.5706730219528,
166.7787372107577,209.11210287855,
160.70273254402343,157.316650135522,
329.5883637414054,376.1601880606559,
346.3237886197089,346.15698344946657,
438.9349235540008,303.63343406365647,
438.9349235540008,307.6854228639292,
438.9349235540008,321.9174820828634,
438.9349235540008,284.7284489316691,
397.9415475763925,294.53891685734715,
320.42767842845865,231.0021943167643,
162.49593123401053,324.15734988534047,
76.71824519161703,81.09157262673084,
76.71824519161703,81.13865075171542,
76.71824519161703,81.13865075171542,
76.71824519161703,79.50894191232508,
117.85889806925903,214.24811841800872,
117.85889806925903,226.97740577266495,
140.82555538828973,213.32505687451928,
649.8069772896458,441.9274380683404,
928.8154034858709,750.3761115471119,
1269.8792129833218,1185.146638697937,
2423.347629913481,2507.3252067486255,
2946.2765589897654,3241.043152458059,
3924.3903284456255,3780.3655568289164,
5053.448682017193,4528.299640119048,
5142.135256436635,5722.773498549964,
7050.452484851099,8202.484911235626,
7960.669844206457,8332.669152778293,
7859.357496550858,8479.974707377976,
7622.956059221078,8311.52015496326,
5652.285198097353,5695.5093262628,
4997.617402469049,5044.869497244952,
4012.14513624794,2582.0260402361423,
2585.4246993263914,1339.4335101782592,
2413.636748021091,1296.2552899692714,
1007.5004583122906,726.4973877541456,
1067.2180279307313,509.0970666290955,
326.1643574245808,231.64436584041076,
244.56408363975976,200.87288973544094,
341.3283426446133,290.1475290765948,
395.15824144174354,705.9535086763555,
663.6816408430082,794.542190982881,
1000.0549151371252,1162.6358781252186,
2776.433706427583,2545.065130174263,
3250.407747909386,2668.4896808376657,
3246.303768210366,2404.900920749791,
3468.973636628015,2877.0262882436346,
3689.9971775104887,3312.5600268492835,
3509.3434652463247,3390.81535724456,
3661.230675730236,3405.0474164634934,
6688.892867401455,6498.675880968842,
7416.830071714324,7496.343672389159,
7881.849469995794,8088.917950752676,
7330.384803022778,7098.156326421601,
7647.369467673377,7469.437294374013,
7412.790805364904,6464.634278250844,
6761.662708973635,6532.559688761782,
7591.66682478099,7335.582967271612,
6504.162041027894,5958.429056393068,
5271.27271327534,5242.951236614893,
4061.317742692952,3315.5608164774676,
3623.8951248123,3800.6994068830063,
4037.449843687592,4219.532462875658,
3609.056513439813,4071.518617066986,
4149.9066552616005,4683.248797161476,
5724.718859424129,7359.090621156191,
7555.091454824568,8337.518672515704,
11080.208948444128,12600.006197255329,
12576.169112639447,13652.82437263374,
14096.47601634775,16245.449861298546,
14852.342979578267,17187.375849560143,
15224.161306851192,19277.233162992412,
15693.992971031015,19166.008106921607,
16289.148035757078,19483.440315665128,
16978.195217986602,19539.443025551423,
17602.368131891497,19476.666614287784,
17172.146616164155,19348.77960881324,
16791.158035212527,19147.92738206282,
17023.09999152743,19268.248149510564,
16843.771830522244,19117.226724546777,
16502.621572253905,19155.08275546791,
16314.183773436653,19134.763783165,
16872.49954924684,18978.6824617565,
16371.0945226241,18744.20152937264,
16472.952381746938,18872.537973574363,
15845.183616831,18041.986889367065,
14442.325053628832,15676.155868983642,
15042.843679177477,17416.495566321348,
13425.32937839027,14322.711237307813,
13819.640702645473,14650.532470202465,
13831.58316081432,13623.71014380478,
12878.649557820763,13894.429502474599,
13415.346356092985,13355.81933483473,
14010.097310476145,14889.549545598025,
14631.779521955035,15157.469215327767,
16461.991379573796,18470.5578515144,
17057.910508880992,18581.733107734843,
16780.146562464906,18600.55923228379,
16049.102893771573,18645.140156131936,
16958.117439965354,19280.32810944361,
16870.640702672998,19386.516114084345,
16952.50783883451,19248.602879945727,
17021.57385066397,19102.035536181396,
15694.228938632705,18787.70080264885,
14381.668927259523,17289.952599673634,
12777.167868183753,15826.042886894988,
13359.813019801673,15128.35427614049,
12854.276992790612,15996.933238854921,
15303.375734698036,16748.74474078793,
15739.496313278716,16579.122568832383,
15404.147279282663,16243.805148004289,
15386.617609367418,16755.455523798682,
15463.446821199395,17962.84356894631,
15101.618704322305,18341.141065314983,
15515.809226357122,17929.30212757557,
13835.612435056231,16409.292765837483,
14585.53183890129,16688.195574269437,
15742.035142913617,18589.8916011667,
16376.32025121565,18947.16914063092,
16763.582018377438,19051.889726787165,
16735.620073392856,19428.743950760207,
15692.91979799789,18835.929391045647,
16507.58641386043,19026.72546125468,
16441.44919828908,19109.588906378747,
16302.288892271767,19058.353920506368,
16535.045046725238,19214.272135666986,
16780.383754739218,19153.69071520371,
16789.400980402053,19255.418423421284,
16286.20397292938,19233.531900324066,
16624.364812276133,19135.363987554905,
16270.258210718155,19340.148440407876,
15539.056313369683,18800.92876371767,
14881.292804251154,17727.257376967944,
14659.351731906894,16600.488888765845,
13533.095585925923,15259.512683113378,
12478.237099251855,14014.83377329634,
9800.324134454062,10625.614334101867,
10094.004413738181,10694.703803450644,
9743.133622696172,11459.304497607767,
7439.259043512454,10817.42826368686,
6891.489055668144,10523.129195386053,
6874.883339688217,9683.487982958946,
7919.938328224387,11486.752323137409,
8193.00545627067,12666.871750553526,
10197.947584334677,12911.216371771612,
9235.763349799401,10991.673584415279,
8491.021657053472,9385.846678231906,
6998.8960052249495,9321.19405122955,
5847.623515796319,8511.722810523332,
3708.134454746244,3343.3902392122654,
2862.8979536359184,2808.8466862544915,
869.6920232419427,1073.6631147866112,
515.5067907317213,649.4464303544887,
826.7381520852531,942.4735529542342,
2070.8766523972395,2546.2759235950753,
1702.3741986186144,2270.348180263231,
1083.293652814898,1486.5944642190075,
779.5849351797781,765.361008535924,
680.6956704863175,568.6861542991855,
885.3607613749248,630.5327955015554,
730.1954574133288,628.9556573516023,
919.8277841948064,654.9242996069858,
631.0741008562695,863.1362863533866,
920.7389202398308,1210.114803632981,
1498.369252901149,1285.4846695778447,
992.7199939581327,1324.077961449661,
1063.5507351756596,1263.8515639620352,
642.3712913864352,641.867168345928,
902.1931392325965,1055.1631860012399,
1135.3992253139677,1322.237889353582,
768.4133755512371,844.0041532806916,
788.315726868755,892.1457161663408,
704.4656032798019,705.0854055985923,
708.8653831163211,709.9593855644339,
1179.9180029489214,1078.5838846356874,
1200.8516868797115,1224.1472681222222,
1253.0078135077497,1062.8205947869883,
1670.658990163529,1342.8010789110676,
1355.4254132330248,1288.0163457576168,
1548.2700751408693,1192.0126719693294,
2234.987252277517,1593.9987864895738,
2258.2903669089383,1622.5787938263013,
2196.6673599495493,2153.0798618814406,
3085.0190562181074,2629.03716894159,
3052.314546677488,4290.729523027926,
3006.1313249587897,4831.680260019428,
2901.611565245222,4559.273564264461,
3647.570299350581,5151.207387809306,
5149.60180310123,6386.480227947792,
5670.001679528984,6596.593390071917,
5417.048973985787,6569.13676892087,
9252.548362507016,9594.63988705656,
10718.344343248795,13075.791272524571,
11599.237173847276,14150.84945351448,
11934.126933553856,14633.30691817213,
11059.193385474373,15042.88699342241,
11542.110444439328,15621.971021597305,
12104.10242106194,15912.30909687838,
14060.00617246338,16812.051755197317,
11466.458467158616,16238.814323420087,
11557.781614238105,16316.665076830286,
13586.737999572695,17549.92399275662,
16172.103173907688,18799.053166362763,
16296.795364318083,18979.079590736997,
16568.2808155813,18987.65006774167,
16329.798720535615,18897.966647852307,
16618.750747303046,18684.35558089223,
16588.46074637682,18684.35558089223,
16515.858981921345,18773.967721735335,
16402.387551019805,18633.119510339646,
16575.19442490697,18738.03244678913,
16491.39846123708,18738.03244678913,
16233.932102360292,18547.255744151753,
16271.0421370525,18599.316583951153,
16058.534376570798,18599.316583951153,
15885.727502683632,18482.789789683917,
15770.035126054361,18281.461973122303,
16058.534376570798,18334.59578462765,
16060.574200587273,18439.92573832624,
16146.287854425304,18906.024834536132,
16023.307798925578,18872.840482500553,
16142.081283385478,18933.42190296383,
16045.755039681977,18729.18843069849,
16344.058471858905,18916.734161157474,
16280.420813669662,18840.133676908383,
16081.652068848276,18641.860559967503,
17034.041257474848,18988.129763122073,
16829.022792092437,19246.832232462508,
16209.443961126457,19055.088382752594,
16038.05713746697,19162.11792023709,
15949.044198287378,18347.90901149813,
15815.511070067481,17457.558006083018,
15478.49280803845,18064.81174139573,
15953.580482998981,18568.023662458618,
16129.504949455792,18920.663631205265,
16122.85693287604,18605.541913272307,
15210.474599696945,16481.68237808311,
13920.770044507493,16234.089526348938,
14304.685691607847,13805.755552429095,
12392.389552080927,12030.854360171934,
11621.644843167596,10813.226962951923,
8879.987474973394,8368.92754880259,
2463.123702138754,2309.0338583762045,
1507.1103631010924,1599.1437865275125,
1435.1356115213416,1054.0602080022234,
602.9454744551248,544.6914708848525,
382.20654066443444,553.2736484881493,
462.2907342866212,530.2995534230005,
349.154837323865,373.03513928900094,
563.3077057644368,441.3875614483773,
389.8222647535025,375.87218427647895,
155.95114947692178,134.88678870666408,
174.71938357839625,185.11381835370437,
185.671333364211,225.45639274458094,
143.61851456457535,202.8814666245306,
167.35474928629444,148.72154621025206,
167.35474928629444,256.22980756182426,
343.9590592604834,518.9537964007736,
405.32089191413183,295.480766337884,
449.8519973989322,879.6459085477021,
1998.6259279112678,2296.6012017263233,
3343.648199540437,3523.525581721836,
1405.9339679057641,1257.9823047805783,
2613.3844946933564,3285.9778271521186,
3120.5819929485137,3613.171034461231,
3708.035610390688,5070.942825063854,
7292.926575036755,9386.902986352621,
7631.27933472093,10456.65487283843,
8438.513551103291,11509.740514565032,
7995.824712820916,11353.917435434973,
8142.689098338731,11942.201500573581,
11614.017414149423,15022.529820840504,
10260.269223955202,15780.550886889096,
10074.358396677211,14491.444899691973,
11398.364723605397,16312.63327376501,
13353.20999519073,15930.365654401903,
13547.390807217633,15495.61720025904,
13779.35225839132,16556.328747969183,
14603.97384860441,16561.225521580618,
15579.697815562135,16944.418156472333,
15603.09831383999,17891.535047751022,
15413.7859413952,17361.193367716627,
14613.592318361443,15686.096310154482,
14742.189173129118,16102.114579978728,
14369.962378184964,16168.037442331797,
13737.580785293132,15777.159165827285,
12062.971383139691,14120.323780123043,
14118.26127886216,16503.946970570345,
13970.177754089436,15662.965088740688,
11845.841283135558,15108.940388446077,
14904.605740244799,17497.487918394305,
14460.755458045736,17520.552859172127,
14772.211260505228,16719.90753943619,
14648.790316196972,17233.56729567504,
13904.38672735687,16140.695445014235,
12253.120029534803,13788.971461264211,
10594.160043864553,12607.72279922564,
11512.485599564103,12710.320420689217,
11053.290724244915,11338.404050278994,
8850.888761944458,10433.505951203255,
7507.814555502605,7950.523873509402,
7155.820369913057,8038.265096446523,
8300.252832305168,9444.378110750149,
6694.635556633504,7746.517125636898,
5986.501299655794,6010.053512141298,
5677.381928456198,6109.029544132122,
6145.800444985219,6870.120967482436,
4614.645229519072,4974.850473167758,
4872.9343597380785,4274.63888432427,
3959.3924232842887,4148.905885575833,
3207.3769170196683,3027.8926620599896,
2959.1842235086992,1931.97173263231,
2225.726245179926,1398.09562964079,
1805.8219247774211,911.1883220055594,
1137.9581800982046,875.5649953624543,
1072.8331042463956,884.5873094086197,
1110.432923649937,880.8010364816107,
849.7664700271696,985.008008006897,
521.9623774443146,329.5273723840547,
519.7325644067032,312.26947142530827,
794.2131022626013,577.8276509306331,
1127.3170077166087,871.4369426144136,
742.4871080705757,591.833944676718,
550.8371157795631,600.0867234842324,
235.53187779269652,312.90044437588614,
379.63938275457065,168.9518427677469,
450.23471554961884,630.2601333450749,
835.510427965869,897.9880710461563,
1652.9113795288526,1742.5263192525272,
2677.8048863378954,2178.0978369271797,
3816.6880433667975,3805.280668304654,
4266.959478717521,5058.096043946819,
5192.022152444396,5738.9297627700535,
5611.352060377883,6824.3002459308655,
6319.935639937546,7181.399960103272,
7902.981113976637,7814.467813918532,
9548.97818882415,8864.801972548177,
10042.475086902488,9788.648287347247,
13667.577486107342,13341.478841954056,
13748.104235611441,14717.951064292094,
13695.477411320453,14382.3863348912,
12196.521564969988,13131.2129813192,
11408.168218261368,11809.62017036985,
11238.010244265986,10348.442238160362,
10199.365234758452,9486.090569539338,
9795.814480703226,8467.708576713798,
10956.547964572665,9696.829320533729,
8205.905215643008,6859.01277687015,
7041.4151657905295,6728.02370530301,
7353.837999423966,6461.028935325496,
8009.758447088361,6700.034415175444,
7061.0368292815065,6575.738999893975,
6548.508805539885,6282.757761502931,
6828.82258564006,7145.545699509866,
7254.476543868946,6674.65397616874,
7051.14584761397,6599.430357636328,
6382.841879010839,6593.2688312236305,
7464.593578941463,7319.065719389559,
5592.0655467355855,6438.891535992448,
6295.076624808892,6319.465562673952,
6565.297066532219,6383.74218230592,
5754.146164087197,5775.956092637542,
4462.907440483333,5293.050974504007,
5319.595902490395,6215.019710695955,
5039.763238942476,5482.952603005034,
5198.547631684374,5817.342402899902,
6679.775662352406,6406.32404615183,
7656.767540452798,6978.3503086779165,
10018.823725350887,10344.98371154839,
12293.862220139696,12293.27641263793,
11247.499116584919,13319.951522030799,
9706.547901863401,10298.60882054145,
8787.624414703254,10358.075364287834,
8681.15664073742,9391.598791520477,
8315.695736513211,9347.40933583322,
7685.357673257641,8753.467794122744,
8202.813794298761,7841.461300184835,
8591.584557159294,9696.086862534416,
9774.457160881248,11533.966690096924,
12700.582991661753,14871.400036565876,
14617.085263402376,16236.159627848097,
13959.568446890078,13786.582239341486,
13973.37734125494,13441.125104394905,
14072.980592217109,13610.568270610767,
13992.669596680518,13536.600851076497,
14252.43605558987,13536.600851076497,
15173.354877497704,17490.55612926643,
15676.692059826411,17500.8229299392,
14923.627239904756,17419.1102037617,
15561.569454358336,17228.286457784965,
16289.07161770965,17761.315588507136,
15263.907023974143,16855.720482928795,
14927.675537239886,16626.087481280378,
14322.589065690658,16063.705206567925,
12463.075300453313,13094.846980497772,
7499.111809330523,9155.659230155987,
5572.431188787317,9390.575322217761,
5631.986601464009,7229.687783903742,
5060.567106462263,5904.651454190466,
6191.511837060137,7370.8982810778225,
6188.418698590569,7519.4244742297915,
4774.166010464401,6945.331158911829,
6237.144089379966,8442.332050448962,
7801.6548550919415,10045.836364481518,
11033.158143777977,13841.0429835457,
11402.659342503297,13949.471807852175,
11398.255907666591,14200.569854504463,
10594.88332096623,11235.147156383298,
9993.562210569631,10124.51728400807,
9147.278064826136,9726.001780110393,
5842.920720837362,6190.688694688581,
6316.562938896448,6864.372001012258,
6564.678298952221,7205.944709114837,
6757.03882258336,7355.071305381581,
5833.0826824730675,6068.374009312488,
5780.145391739231,6138.865189894018,
7007.128228442157,7841.784354598468,
5965.232825373536,5587.3752714701695,
5548.045856641006,5821.605461718604,
3895.417660228258,4408.449481416824,
3089.246595719589,2019.6401497106144,
1882.4821790374995,1344.2149390082598,
1559.467282558548,1284.2386788701767,
1377.1754940109008,1260.936004697028,
1547.3362919418453,1229.0619576356694,
2755.5306816259463,2022.4615549323723,
4414.218296472687,4299.976177291896,
4489.339448248589,4324.379606807064,
4702.693074481121,4592.872966295236,
5990.347588860517,6658.015972810248,
3776.2972260798288,4328.59491410525,
3159.0476505784263,2937.08525573094,
3742.761302726274,3341.438267279167,
3365.0178974552023,3815.7952463137294,
6382.874530260619,7721.320433844163,
13266.140922573923,12602.85193078329,
13044.37054978096,11594.788934032802,
11201.205066711625,12244.98904573311,
6893.01791980539,11044.504485977137,
4408.91191964545,8466.963851356562,
5604.67408442008,9632.67650434691,
6300.3812534107155,9922.393059776885,
6979.425620822737,11050.09845651827,
6844.4296315005395,9465.277993388929,
5461.216034283907,8536.550228030497,
6086.833687427332,7801.173443822478,
6552.388851528728,11213.790143659719,
5119.399705189876,11159.962959189423,
6211.236613530327,12646.233401791415,
10351.49963359051,15179.133528807266,
12840.109962359527,16416.784373670922,
13368.482463716009,17441.263060927206,
12285.156796559299,14390.955212693263,
10157.35539127526,11794.685504939207,
9835.92366839473,12939.660595012507,
12388.621055451391,15404.185007674238,
14210.952577873453,16218.461797722692,
14692.909263488935,16192.723808597919,
15201.183090009075,17982.575198303053,
15368.143598879851,17824.360442950423,
14892.77634085298,17697.08637290646,
13599.449740394062,15773.672902785984,
14078.12266180618,16011.15021988946,
14751.579682594673,17862.77034097222,
14184.320623403626,17633.709124765024,
11513.839578441768,12048.206240242094,
10030.167509120718,10114.477326165748,
9984.038073803695,10279.234856973,
8533.01879906832,9867.301107244513,
8957.562810005873,10152.99476418571,
6775.7999260438755,8293.317703376208,
6689.307337941809,9039.241533917851,
5807.6368462749215,6784.791643159992,
6279.305848941506,8790.76292376619,
9898.7439096195,12416.662799375992,
13665.253175711481,16163.420145199838,
13852.047780680727,16547.15910919975,
14563.581545911537,17484.350939515632,
14255.821492323314,17056.26975634015,
13095.071003418809,15548.90200831872,
13373.309932923858,15943.164384421105,
13352.102789209413,16361.861883707232,
13897.607314783843,16946.332996674424,
14388.441712605581,17253.196697754982,
13754.867415179602,16997.430448327825,
13895.105869490122,16584.721960556853,
13021.855475809827,15598.324481138321,
12771.328591543977,15114.41244406707,
12004.25633113586,13293.00021399295,
12913.802913353817,14146.035027100794,
14595.908569600959,17080.48966325628,
14420.436821116653,16000.809000813158,
13262.332321916307,14540.858646687218,
12551.735506975865,13830.778453648327,
13792.794262208603,15177.78544030051,
13488.57744282315,15173.26380936971,
14104.922859852648,16785.963652567076,
13382.625394766541,16436.755074242108,
14796.394054977323,17682.320847308227,
15799.260713820511,18902.29069988417,
15926.39034657075,18607.834693623325,
16036.52869383523,18652.267564436042,
16466.24575003635,18762.198754213823,
16575.477293097872,19148.50444855078,
16792.334438610094,19128.80379216996,
16395.712319539576,19317.89377702524,
16693.53889432424,19353.553298634328,
16938.254548878274,19501.630567167686,
16896.499366273652,19451.596293786806,
16755.676356234188,19386.079823282715,
16846.91816843301,19386.079823282715,
16888.05361457846,19369.736202449734,
17018.8777292562,19386.079823282715,
17124.97467463675,19315.679670721882,
17049.788289143555,19218.350631370435,
17329.042901779547,18888.25986901593,
17043.265223309932,18789.260716051904,
16688.19933765418,18495.30556585992,
16577.46329555923,18420.280249388477,
16144.700560437004,17726.61141410969,
16144.700560437004,17797.85283675335,
15833.27927278123,18097.347671546187,
15874.418096839767,18372.57258323931,
16286.363460155015,18560.50904509773,
16363.937777143261,18555.831038619242,
16663.12823155015,18971.64983256293,
15267.649980856953,16610.748868091418,
14246.184429692696,17078.28842174092,
13933.47594448347,15880.439253225491,
14276.471998340327,17696.726879728427,
11548.399231049854,11925.859025592088,
11359.835818220552,12510.451408112782,
8344.715603270473,8324.987146744435,
6952.691637006859,7693.914187844944,
6387.075511581602,6656.92636731141,
6072.916263994851,6599.17501234318,
4050.6295665989014,3788.4028288519007,
2286.9562388686236,2258.444109862197,
1908.4068358108048,1946.7190236958781,
1177.1895582553557,1779.2937758795786,
775.9921369321632,791.2214865049867,
223.92182174282024,287.0871926533195,
205.38626806617913,246.74696857345248,
714.2801474959298,560.2309939386013,
1960.3498833631775,2069.6204730587674,
2374.746369969197,2858.4394406236092,
4471.10749312736,4718.94092950581,
6813.262771261836,5891.448702382279,
8188.778615910119,8628.001161076172,
10458.83216136288,9936.44981603058,
10188.229513126389,10120.61546453287,
10655.265570279604,10180.019646074574,
10541.646498638016,10199.764838762554,
11003.105548939639,10215.163522453362,
14183.499889231296,16892.272570051875,
15457.47782695576,17064.806239428133,
15758.692897619587,17155.32560969646,
15880.195578575413,17155.32560969646,
15883.572056695199,17577.235524727403,
14621.519241175074,16302.821549369024,
14578.24249032701,17013.437796098962,
15327.953020163397,17882.68195852278,
14600.128438699843,17354.712726640784,
11494.853194183826,15562.723669330899,
9390.851296856199,14370.243827570832,
8308.650773412137,10989.943729883387,
6945.562978101907,9624.492800799308,
8622.295225808959,11878.366251431777,
9902.775088531993,13197.610999485754,
13122.731472872785,17739.843275254763,
15365.576551696873,17711.905602966435,
16466.313504851205,18065.219610820048,
15987.367338449583,17883.46210869347,
15396.279124730469,17003.014185664324,
15374.307705404457,16698.022249938047,
15155.107340556815,16834.935801324762,
14817.731345812232,17786.787810319747,
14368.26754606905,17786.787810319747,
12307.522664320195,13524.70604437761,
12519.938148280813,14567.060103449236,
13316.195373096574,16023.924727674494,
14093.990394599316,17726.9159662918,
13833.046962073635,17034.13870791177,
13609.508920618702,16858.93017766766,
13070.341020946333,15763.543025951716,
12778.680849017937,15358.318332236453,
12056.443075907591,14347.490598204799,
9025.203091308382,11490.934067335056,
6049.24761645243,7719.340140212339,
6644.146462659193,9415.037190832585,
7603.999161182206,10248.926036201432,
9155.581444855747,11332.68855773772,
9851.60943215578,11375.41262510332,
9724.059373199667,10931.930861052151,
10607.029663204608,12532.18827907771,
10919.00196381144,13040.040729555792,
11522.016218534973,13589.224660380254,
12039.5009259392,14068.547353441058,
12449.66420729578,14155.472802901808,
14631.173745668351,17338.661687259322,
16314.958194870394,19388.958649763725,
17007.044881744827,19410.69026188031,
17154.56037652435,19495.513319297846,
17268.69035249747,19454.367031543552,
17215.072887289512,19454.367031543552,
17142.287257693584,19317.606795160096,
17120.197579952015,18984.007196745602,
17171.967475972393,19119.859107609213,
17171.967475972393,19240.157555861588,
17171.967475972393,19391.664293132577,
16952.24031810229,19356.673226102852,
16235.88648293473,18548.63611229676,
15867.023372046362,18338.625111134457,
15627.598858039262,17671.36693549162,
13114.721996175875,15694.212830023353,
12998.584179447036,14967.071926575341,
13189.071953333387,16252.553852551793,
14122.316796170848,16609.1129543739,
13201.150454134735,15658.003136098998,
13460.611239045014,16640.26034063006,
14335.024953695409,16263.862637245431,
14865.705137042563,18176.413780816743,
15149.114414314225,17616.857804554267,
15306.75019696859,17844.547912896247,
15623.849220498227,17958.6686893095,
15486.391034850856,17894.87287788313,
15181.070850205911,17349.919991945128,
14961.058744686918,17663.27909753483,
15006.654092064273,17823.90107698678,
14750.660973126867,17660.355019440478,
14495.085928207021,17782.14370422942,
14469.467816732338,16630.63763293277,
13844.991903306489,15566.649078115279,
13438.682678858368,15403.429495692768,
12640.927129936561,15164.801364341025,
11810.158515020725,13055.785921207484,
11509.850909703364,12892.34079972367,
10857.353573291524,13489.753395983505,
9899.523676935047,11376.734254102368,
11471.97806956115,12569.46989598706,
11872.755033598905,12241.717816661167,
12185.351119868406,12241.717816661167,
12265.29868609578,12455.14742819784,
12295.27225819027,13814.200333159424,
12366.057001784382,13929.85089219164,
12005.162568791842,12651.162517186733,
9757.497030878465,9909.250538461487,
8076.8263400505075,9368.85995992792,
5806.365645446235,6747.499030635561,
6105.017525354527,7864.401289775715,
8688.26116713693,8237.642152130136,
8844.14740349058,8424.123702633588,
8259.458098392804,7592.90758786595,
6761.629736725494,6276.426050822454,
6456.571537091872,5637.950220226371,
5370.826020962158,4459.806960743491,
4631.304818305355,2862.7667379926033,
4075.0929566815034,2598.988535683566,
2977.9181540015234,2260.2217599863584,
940.4958861992759,236.8876879557691,
671.7138767490262,145.6311988876244,
119.81783850977448,158.96781367317683,
100.02723801745637,164.41118930416283,
839.0337909389415,146.25551094389158,
747.5307625203166,137.02243254020684,
114.43840101241429,210.20001292984614,
162.90383138148985,173.66398185283515,
499.40606788391534,408.66815838692025,
864.365258743683,723.4049897712121,
2811.6735983223475,2407.350117886831,
4362.289295846315,3628.176042221619,
6775.594217311569,6753.529121828048,
9537.56211569639,10976.801044948494,
11068.948813893936,11403.147240804461,
13451.233466162468,16935.823235973832,
14871.62954248376,16468.4215334492,
15368.995973981413,16890.410034236622,
15391.165411021197,17276.162189716735,
14528.284498173492,17663.632280731163,
13210.625020750575,16370.46665527484,
14030.515954218321,16931.157302202402,
13789.261515194059,17607.490468610395,
12969.770646271669,14843.534924890044,
8325.361157552088,10040.530632793421,
6294.315085733545,7159.0105291267,
5639.400791189762,6813.203281801835,
5303.668932390996,5584.868353356974,
4993.481210493267,5272.763959706602,
5296.855391918384,5271.413027158306,
5950.359820692716,5816.519733076539,
6656.975737117936,8244.130529128637,
7320.713855266701,9854.111671860685,
9336.036004632611,11972.371135343734,
10561.873523158065,12462.306241222403,
10418.776658362951,11817.095346993847,
9076.508251079706,11899.09654009413,
8887.45115157768,13144.380873208225,
9039.034008124776,12750.007099935998,
6947.715544744928,10059.675523812464,
6792.355712525947,10120.072961251964,
7014.125671475505,10056.3959701596,
7626.496063111214,10805.070667618002,
8987.624268694113,13802.29306249442,
8748.721879608021,12436.400401047758,
9100.520471361697,14333.444573486693,
10286.421113769098,14576.001088209907,
8526.586624114261,12120.977100568778,
7525.941664780741,13331.759270598215,
8367.480096645158,13696.870889608581,
8360.27534641727,13620.404806074943,
9396.657799500335,13083.426459624547,
12110.309098995805,13936.27736358596,
14363.595818695028,16567.540384418742,
15780.243295782713,17557.604006615773,
15351.70686312721,16629.832975956706,
15470.011948960713,15784.166298850194,
13167.431357146941,14517.437281343535,
14502.35680749711,14497.11761567657,
15164.854116720013,15556.326949916778,
15333.113849492214,16589.87219683347,
15093.742893338625,17100.049491069727,
15229.168936807784,17622.98836675609,
14996.667788384719,17961.91241302499,
14764.10166320679,18007.293196625393,
14728.084231519777,18147.3874146767,
15194.091180098108,17965.053631806437,
15122.51624019377,17843.85758286898,
14981.721389009928,18186.994719481903,
14614.494023378009,18006.42532123612,
13946.287012562823,17748.082574081403,
13793.439919509323,16924.634137509922,
14123.838367797429,16671.66963361371,
14154.827052085811,15466.503323688068,
14576.000722699222,17248.52143787908,
14202.915363451755,17359.380244546584,
14353.271979160096,17864.71185340933,
14517.118986480735,17592.2954222548,
14373.246276294196,17868.836027504367,
14474.173138546052,17691.886123738317,
14135.600473494002,17689.687430408863,
15098.418047479463,17974.70123460239,
15203.346369039407,17820.183556632765,
15130.73474043377,17969.15923328219,
14951.011907289936,18120.116606526608,
14382.885146602772,17171.082294525375,
14577.662212262843,17155.734737729388,
14432.163241383105,17577.063797873037,
14432.163241383105,17821.127102053033,
14432.163241383105,17356.94635519256,
14531.235263771392,17789.765699501804,
13818.569096557389,16642.11093019366,
13757.774110694028,15723.962328340407,
13709.023796951667,14996.006229586932,
13186.594916335524,15020.53802873529,
12548.0481586924,14436.665943077605,
12884.203014913817,14143.62478021536,
12610.01916900704,14919.346454371385,
12709.528395816833,14761.89529406855,
12756.120799374068,13878.385743624005,
13104.549525051001,13901.006137441478,
13366.129477803715,15112.027392328779,
14635.728560288084,15827.945218485907,
15158.816764627689,17055.097679615916,
15431.088304561648,17544.485122442245,
15619.574487340828,17842.78946431027,
15200.656793990962,18102.889144116052,
15320.837826705712,18007.79464058455,
15356.921016901902,18355.644260191155,
15261.797606649032,18346.36848859583,
14964.987327367337,17397.05737224551,
15379.54560893929,18284.66104727245,
15082.864298262195,18027.74742703897,
13750.158628540574,16174.534548529815,
13562.235613354846,15543.113171570325,
11790.395014269463,14505.76115188379,
10217.937205449427,11452.079572981313,
9309.261995924486,10158.184570001367,
9491.81534806633,11645.210197272003,
6718.5055852306905,8419.987430746976,
4897.298408946423,6481.72570423864,
5093.2846270142845,6342.329341445186,
5802.514171162275,6548.655609768771,
6389.349947293542,6425.253740678793,
7110.58567983757,6062.58749490129,
7051.385034764193,6435.51955531512,
7421.0395653742735,7375.189421037517,
8913.366617178433,9455.352941643634,
11985.982213098256,13526.648172042696,
14310.95501124222,17019.41527201476,
14512.435158768743,17787.644831738045,
14770.578127323677,18068.155183925046,
15326.104962625825,18240.58875001489,
15209.740395541783,18251.15465237918,
15236.173767014543,18285.294394684744,
14205.725747361137,18441.110450580138,
13918.0013543488,18444.850860600098,
13903.487180032354,17956.32003646331,
13945.477591207977,17262.947268010113,
13614.56429781611,16504.358713945858,
13641.781453204327,16713.498811991158,
13780.282779550918,18099.575454956117,
13423.096368726001,18521.34293098127,
13195.163624826113,18381.526626452116,
12277.168856591094,16900.689214410922,
9407.131569852005,13538.567954464488,
8623.030125593254,9407.049830533755,
9398.808689890353,10758.69790518475,
8300.796218487614,9528.110173113926,
7153.887156522318,6513.772502705712,
7273.879701388416,6904.176350350148,
7744.75269678842,7732.119738770632,
7819.990149006496,8302.683102931367,
8964.766231095327,9376.796234083466,
10006.489040463443,12314.829115055309,
10751.273924630204,12902.650090590238,
10935.698920713983,13786.31244358758,
10765.331610260186,14179.717734760316,
11833.052813601851,15318.573224022413,
13960.023363015629,17931.430467271457,
14262.28996351709,17902.578676367848,
14921.140853059278,18315.722807657803,
15867.723453707551,19018.628232601637,
15799.759027230666,18792.274991575025,
15789.977194841962,19078.20338734919,
16253.38002119724,19734.2915536456,
16446.741335038394,19567.91468148073,
16049.373814035582,19556.049145078316,
15564.063321749665,18726.89279364825,
13574.397567877737,15148.118710197225,
11437.112238954116,12474.997832752684,
11600.510890563935,13183.122176422727,
11990.026577074043,14324.350267437489,
12874.962267060962,15869.867977189237,
14812.402002023855,16197.661211071072,
15370.596617495868,16306.672485498184,
16185.573898528852,18124.1318075144,
16405.821283737965,18081.72985901232,
15862.000213033472,18171.476916004623,
16773.480579343228,18733.62348854371,
16603.345211597683,18751.16106397828,
16555.037005454047,18708.905651060253,
16067.74282214413,18305.24559735925,
15191.616023296554,18265.617260100502,
15406.665991614378,18557.4782351746,
13977.090276547286,16812.001184801185,
11625.70500178351,16400.913833429866,
10347.651272622896,11071.74077614552,
11249.761611674647,10941.826652945318,
10571.427094028573,10248.902800139178,
6316.041789571013,6388.756407017828,
3967.226703337132,3531.8746210660643,
1703.1333507956585,1673.7052333007177,
1354.2857387847866,1651.413440802593,
1140.995727291508,895.5060927003282,
1002.6480864266688,891.0082453745231,
1580.0767395015894,1637.5049419576183,
1863.938148743677,1706.1114309971736,
2212.9352237934368,2138.368213483369,
3579.3653650595215,3687.0178494915385,
6385.820218834151,7384.358866298268,
8823.91740598872,8941.000085091675,
9053.750620234721,9539.568184046013,
9790.625305932535,9817.315713039377,
11269.564554586865,12256.068246951765,
12293.135930319246,12985.637258724119,
13296.016286337443,13272.61314963061,
13932.717147753783,15264.353332110239,
14898.877553167029,17114.933516470446,
14942.003894088795,17432.73105927444,
14926.91041568862,17607.12399773584,
15091.686295440308,17667.488834986427,
14729.000999724569,18125.517476828474,
13909.757824376271,17778.007902062705,
13755.861963528481,17245.87450830121,
12404.87206631132,16928.327801546053,
10218.768688474833,14300.32601639934,
9707.374624764501,12508.6483931617,
8691.533617860214,11925.548005828454,
7189.74309441559,10906.545722264256,
7582.280683786925,10776.242986680214,
7914.13234483712,10498.794854231402,
10197.559641956801,14000.253132061684,
14549.957615744366,17534.10906494029,
15564.29567116947,18793.16444710807,
15404.537649981086,17847.842342417287,
15364.750028065884,17810.572115044262,
14258.073672775165,16285.088894413278,
12761.529469926678,15356.352811990271,
12063.101641652165,13440.746799379302,
11223.973123661071,11532.391509427138,
5237.043931988544,5707.793405996456,
2138.8232276135786,2511.771635129709,
2479.5151020224116,2778.253512812735,
1893.9654884724866,1859.5694521612295,
1551.868609148595,983.8619390031961,
1390.7191320541572,1093.5099260910606,
1206.2982651033808,811.1431306237121,
1318.6327382001032,762.5945471473639,
529.210961622442,402.75517037632926,
161.53052520545606,89.15844703199318,
77.42333440523001,83.45166237028822,
62.68179809239845,91.20901672423459,
77.48260092401728,136.15457599720366,
77.35725217569205,89.71235216767442,
225.84783011159334,204.84337359987416,
286.6676493900777,322.7877936926551,
420.6402513263639,751.5775764887634,
1573.2190396964902,1887.9781991406821,
2585.7238161293567,2037.2450946556814,
3122.145829308251,3634.8406708000775,
4443.14828668432,3130.4505789493023,
4740.1594014388,5085.28588914045,
5741.956253727491,7493.823723803666,
6429.445984327522,9240.104601387275,
9102.983704750419,10553.981161773918,
7044.568737752596,10422.692984090118,
6266.350347298004,10682.435524729839,
6726.873652653532,9202.515069161833,
11049.339803983483,16392.417191866414,
12899.153686271206,18340.131710606853,
13646.960189037658,16415.56531563413,
13857.078314947568,16424.034740484494,
14597.043451829626,17225.393604107652,
13375.824711511945,16083.331328534592,
11028.28824024066,12059.038537252143,
10196.440051251486,12230.464813622833,
13620.084242103281,16929.45384109618,
13681.043939804067,17048.659094558603,
15823.792677847316,18283.311816080346,
16219.189736391121,19190.847357961968,
15577.839791232025,18923.19066049305,
15287.685249042153,19281.722385709938,
11249.353075596744,17255.189849502858,
14849.96886851579,18556.59807195506,
15709.013473542444,19104.271510552953,
15522.096720828893,19051.409704544356,
16004.560747357478,19154.240277452394,
15712.921018273888,19064.286230749356,
15707.531088967353,18770.83203317725,
15177.908161543568,19104.551126529237,
15071.068942838865,18579.8118060351,
14446.67939827682,18458.249248075175,
13829.109017029772,18315.352722063257,
13833.107591660302,17777.039744357226,
13794.369350773819,17518.54373811602,
14299.829288016823,17992.10608242714,
14432.731244776745,18246.741437263536,
14537.83186755541,18313.61577621219,
14747.720611462542,17748.810562180908,
14927.713321639232,17087.756468237305,
14871.489253517619,16849.87880527844,
14932.463414911921,15742.381732471264,
14404.123726508993,15491.850401025928,
15861.826721083142,16766.4505649562,
15805.649344020574,18084.317127351966,
16176.313568137915,18095.722320545316,
16393.928272990048,18824.42421977393,
16348.965486444005,18762.706209914202,
15294.182931905201,18340.840236864165,
14903.641114172864,17537.165719478366,
14897.790972118468,17491.314467222295,
14384.360618753746,18213.78477468477,
8381.019151706892,13031.556337973356,
9074.307047354036,13911.963524706798,
10195.265778646002,15766.05128011953,
9630.823446935648,14983.617253151831,
10259.326958826061,15454.95103284558,
12660.336492390563,16476.350370464465,
13608.472851279197,17541.117186293763,
13180.858612208891,17261.409502189155,
12976.301533923519,17242.49392904673,
12456.325301230623,15365.768119379884,
14347.078972266465,17465.96300420957,
15624.381315217148,18983.73005399699,
16406.969898647094,18992.633566437893,
16474.390982282606,18252.89809147611,
15858.48882802195,18082.500426725786,
15961.01837304813,18810.61450391051,
16402.418246474845,18952.56600241437,
16760.832726557423,19311.026734497056,
16887.397113886527,19268.493941372002,
16887.697769718183,19319.07967360252,
16518.463370612164,18950.234479045652,
16780.428972652913,19101.655151853483,
16644.640824546444,18898.37655844644,
16748.49600799406,18812.216554234205,
16513.579040476066,19152.6824053627,
17158.78586346729,19268.66020151135,
17518.953786449492,19124.65851756347,
17328.777744120074,19115.346009366658,
16457.899630777036,18440.839637511428,
15841.824000140548,18257.905608244288,
15548.198727425914,17757.711314876527,
15213.077076035797,17656.97084835732,
14174.286253362028,16415.422595385193,
12292.756875522862,14816.21030207793,
11218.401979627502,11197.525969960263,
10327.862370017707,11149.172208427255,
9803.997691034423,8781.558724125534,
8077.543736576872,8362.191611776743,
6112.879970739078,4766.596402108942,
5705.200755328204,4179.334407450887,
5598.919295369294,4826.462308036446,
5067.695370089432,4906.530880472957,
4054.122660699515,3699.3389167791884,
2965.67681059918,1827.6315093786588,
1639.6663794134508,1676.8409973667508,
377.6244910557196,475.33072539547226,
296.15332448663906,314.2231665834494,
580.8305711678671,407.79827835181385,
1376.9454250891433,728.0813131715556,
433.2987983400816,594.152388134816,
480.1228812912361,577.4235846115218,
532.2219074881432,599.1512863230679,
533.4453489187653,565.9970078245289,
495.3369583651275,550.3002310469545,
326.0394825867229,566.635796365628,
326.0394825867229,508.0991881776607,
384.7525550846126,551.635677178424,
143.9280938123507,202.68644466810088,
112.20213406335816,235.6853524325141,
103.97595045885595,280.5373303204357,
153.90601350240772,282.3302911151188,
159.87072174346798,329.79710765046525,
423.6403039968041,576.9547462293552,
919.8002094379858,877.0063642873547,
1055.2951495774057,1124.9410093377373,
890.004281056036,1250.7808124886492,
1243.8970283345009,1660.463807394122,
1209.0636072742036,1874.5644030152353,
1467.8142243818093,2685.691390058472,
1585.9257436122039,2216.107170850953,
1520.8416295995485,2045.7694655421428,
1419.646225914225,1427.126987760792,
3389.8316410949983,3578.7675872581094,
2240.822543426826,3051.6976051746,
3424.2147416176003,3772.543158187636,
2329.2952946626883,3808.0958475099583,
1979.9150371703615,3393.1843369131484,
2398.2167298059185,2909.231793909427,
3362.5870758473316,3851.903299999615,
3562.4981715087774,5307.175032052312,
4459.784953763898,4189.663815633547,
4494.251368524318,4666.603995630165,
3828.9835176162774,2762.1774798418537,
6344.98920282968,6377.070864930154,
5900.804308248553,5885.677394438044,
7881.99932541837,7175.230112473482,
9392.913579377335,10773.988284047218,
10046.300882257758,10023.442791515403,
10185.995241410485,10023.442791515403,
9600.208647896376,10346.31773921601,
10546.686169333198,10023.787811203898,
8036.571442288325,9243.19487328864,
8576.383050482265,8547.273914579415,
8939.751823244746,8936.708146547038,
8420.496183863905,9875.72291539292,
7017.303547067098,7588.592710887655,
6183.781266623695,8718.160567270868,
5410.940746852815,8334.315603414614,
4681.066068849419,4866.24397938071,
3622.406348946372,3649.8223260945706,
3091.6354274237883,3033.7454828220907,
3086.310354994449,2393.992740900281,
2814.2400308758893,2267.688782628537,
2352.896691181012,1774.0714878706187,
2640.0880761952753,1727.450776009736,
2059.9984671290263,1700.0013784780404,
1435.7414757774882,1515.9408676309608,
797.471499803695,1512.1179846860857,
856.8201877098976,1412.7389405277704,
353.6906896794875,1287.8143235517014,
489.29292110590444,352.2566316701107,
381.0628417603652,320.3541692862902,
265.7669062744177,382.6076747888795,
119.26287303822846,218.0308170177021,
194.28183183789156,225.4485579302207,
173.83337720351716,214.18736642351385,
219.9572532948293,159.7733183984321,
250.59094142195028,220.6210687082949,
1293.9056269068615,529.4622446210695,
1705.0170519773992,1189.7199217849618,
2342.3974983917747,2196.2664484085176,
4485.849072158359,5914.662008114398,
7385.141091531779,8079.841329137829,
7744.150528191471,9287.9475600954,
7492.994446904614,9112.511567860502,
8201.29136321051,9591.383152754112,
7167.501206609787,7834.828694835602,
7254.371275892332,7311.764047231001,
4008.7489971421446,4031.1447291975505,
2204.7369513757985,1121.6624005990677,
883.5140395572681,140.57196899969847,
118.94957168864678,141.8503202958386,
148.45914092374886,102.53250204990029,
83.74564325515453,81.13865075171542,
79.29301986178501,81.13865075171542,
101.03472088473836,122.34508772315723,
134.78347570429256,101.5868945045162,
141.02562276846018,116.29016770847264,
231.30293681122976,173.47854257042064,
439.31058840159244,313.08344572101385,
613.1402353134108,345.91266241913786,
524.0844947259917,355.35293266812414,
664.8696167090741,608.9706161413105,
657.5422316680545,583.6578045802866,
764.3804055636676,517.8996224672915,
584.6727005429924,540.507092597552,
528.0028298649418,418.0882436907097,
451.40910445250995,404.4008905363327,
391.46179966450126,251.33594694577852,
530.5363220716803,478.2506039646963,
478.02878433422086,318.27561903063327,
577.4678617488976,572.5629869837088,
793.4036280701652,679.9013146611888,
430.5594241681858,956.3188446694402,
495.18938313781996,869.362607318222,
436.9209841939301,888.882968654375,
447.23871257248123,918.379116298957,
354.0505165418166,894.481907902388,
413.2807150908139,957.1096745858459,
491.45120917812227,772.626945790839,
445.54401575303024,702.0897498616854,
988.3538974326037,1222.67542836219,
1069.5481049627676,1401.0261890858646,
1501.5684172953215,1687.0336934961279,
2380.674599404201,2134.5431643778206,
3086.632297034441,4072.9223678382546,
3116.279218627323,3908.1130381279345,
2958.5522122392235,3712.943313955371,
2671.852940398831,2849.9293034415045,
2865.1085088625755,4161.431913633175,
2633.1908720059428,2995.8537394277114,
3602.055085338749,4940.313157105133,
3886.610827114997,4829.653903181033,
5275.194028746776,4933.103829409797,
6294.546879043281,6915.373830943323,
6150.47862413715,6362.9813312544675,
5305.301508079678,3937.351594149706,
3175.4322016697806,4712.559998193715,
5231.107218374383,5324.800528442695,
5004.451982975254,5127.206867471083,
5139.989148038229,4374.1896722028005,
3343.2478441951816,4141.5456000378,
4051.915183467546,4186.69328937493,
3646.352510245174,4532.0982015667105,
1808.9506256353804,2821.3048605702184,
1629.9209546422207,2519.4243243331407,
1243.182252673422,1479.4889042787815,
1202.5658588221688,1962.5109302727258,
1363.3991245418486,2005.4711590625839,
1568.1250126012317,2123.047808242881,
3931.373460438609,3944.297552477511,
4281.7592732778685,4220.886366202141,
3212.1428183973094,5152.863836694507,
3034.6627004840416,5970.856134807417,
5526.697936707959,8172.969371837898,
8254.89795006222,12708.68874541989,
10830.90389749876,14005.783443672848,
15307.649589675553,18835.304247661166,
16099.767106971982,19117.65032440807,
16077.654514017268,18914.79389003918,
15356.231189172206,18871.37041717462,
15516.546639486693,18938.40590668187,
15321.333936198376,18883.03582896164,
14570.104901014734,18645.808354064884,
14129.39596046895,18293.521604076795,
14184.051977470275,18372.24152110237,
13987.548308758038,18395.952995200103,
14042.204325759363,18346.393016908216,
13727.550737062504,17436.499532760095,
13453.179436198163,17278.652753975406,
14037.396150706181,17495.228676651946,
13766.97211388467,17495.290411753318,
14270.643243961058,18046.0028914202,
14238.680565154336,18228.792632451932,
13976.084416195263,18379.296587588928,
13574.293060338206,17999.2953868331,
13285.32390398653,17654.96259528918,
13066.305020149593,17633.712256362225,
13108.248184212094,18114.251958464713,
12478.638493541128,18092.128677782275,
12350.102554871093,18117.109407746713,
12267.645084916501,18066.288920629555,
12485.793560599863,18108.496715088917,
12695.136035760632,17708.356601398573,
12467.864145221622,17677.237057865532,
12383.776759815775,17459.260063485865,
12302.792685658555,16679.832476926968,
12282.718505867682,16670.759769473538,
12097.563801268727,15370.08207466886,
11994.993471932146,13563.736642551174,
11542.361515145822,13643.664938071623,
12208.863279819563,14509.80960727596,
12747.320520963352,15360.83761864244,
13332.156949867665,15672.295633832318,
13411.331807731054,18469.4208450814,
14532.342458697924,19053.589985748145,
14854.091075719705,19057.780985608853,
14921.46189257233,19111.19444052786,
14867.730734275372,18559.172391978198,
15483.85420488635,19381.05083386252,
13713.934839825055,17439.688971324806,
15691.384318526141,19131.653267590154,
15768.200545571855,19009.927549751923,
14984.041594978647,17739.409658433244,
14921.7730055602,17371.876196295918,
14860.760068246116,18082.646525901564,
15487.693733589253,17688.727143551925,
14962.632302207581,17216.86187790977,
14755.400032230102,16834.579903096783,
13511.137861281879,16730.107975996452,
13050.567813857917,14955.35214084056,
8760.632227223354,8216.901872195966,
5715.231956491256,4886.2815637428475,
4439.922227717673,2910.4428808194248,
3288.8619039958426,2467.368151275782,
4283.446270033595,2822.836356254169,
4638.928179447255,3148.1574027531265,
4947.848345414091,4042.3648306024315,
5496.96531628282,4222.660279183593,
3397.8840307912496,1669.3293531217398,
4147.537409157455,2691.4585877820236,
3972.2147503291135,2252.048119370257,
2421.120345593139,1676.9084157124366,
3058.8300366349195,2062.680133867906,
2674.079714867249,1973.666387696814,
4100.913728891156,3038.9424503603664,
4418.778177451398,3054.8911996106203,
4046.45454556655,2797.138737952117,
4351.882452464032,2778.3601683579723,
4077.473425934285,2235.4070439907714,
2238.4009819223397,1683.7502003629459,
3536.36488380661,2589.916778755501,
2432.0685558708387,1854.7261042765988,
2160.202290669674,2366.0526258300756,
3495.996654472635,3958.4752539808783,
3173.630826415239,4043.4037246697426,
2916.628748199631,3373.664111458487,
3679.5492470777785,3924.0497751154794,
3177.630473573717,3805.3145509680576,
4025.9822466340797,4142.497663839643,
3937.9783150884205,4709.454347897069,
5160.414818353806,6839.290174626766,
6934.331212917855,8428.90009964109,
10192.716099701995,10878.614548841315,
11422.056007986992,14665.885736159596,
11987.668927237592,14857.734607813698,
11499.384729162486,14300.09353389261,
12988.149442883905,14675.885517784816,
12413.403943816238,15058.911096324973,
12686.46643904082,15344.05881863589,
13137.441624524768,16294.96424783477,
13315.092253259136,15497.144604486622,
13141.6809937166,15881.233442922306,
13462.23859932284,15764.525534222468,
14120.006220177132,16578.858149372394,
13151.182262817414,15647.951009388906,
12709.355978538411,15709.913609247336,
12498.259767379946,13524.795976239473,
10733.792578755332,11807.312763017128,
10028.016029825341,11482.581623237444,
9661.09485715062,10913.42239545619,
10140.408881596288,10689.975145466948,
11384.697043278655,12548.467656595796,
11337.453773568019,12697.485962873561,
13100.069832684389,15711.705520396126,
13004.229757629157,16644.18016572093,
13429.755936965848,16895.64951612733,
13557.599864419957,17975.907613546937,
13794.459935467741,18291.62750028931,
13490.890886969773,17598.06977707431,
13545.050849666924,18212.994306171124,
13853.24418352002,18506.287181180225,
12731.446282636773,18093.72961486035,
12390.36422471176,17743.124823014437,
12218.807139449385,17778.5141135557,
12536.666120019965,17968.809714171883,
12038.749153452422,17887.06784243448,
12038.749153452422,17887.06784243448,
12330.66775224248,17887.06784243448,
12837.31153702436,17790.686505565467,
12483.58204121622,17895.06811415614,
12270.622218054723,17414.748615140095,
12263.187083962554,16735.94482018349,
10266.296357604642,13682.579944215744,
10331.796295347647,12738.111925708643,
10332.622005304276,13368.738532099758,
10931.756191706694,13416.845496041642,
10705.243443729765,12879.76387110236,
11038.524430399108,14807.760243179471,
12730.826322885,16880.247331424223,
12842.12976819472,16671.840801869886,
12924.86989084938,18600.913466052487,
12464.695255296749,18315.520842403035,
12852.523188599693,17993.11238676654,
12953.577170452621,18242.981376461055,
12750.172400574602,18004.8011909569,
12466.11161661918,17995.534086710948,
12808.290901189344,17876.69978593416,
12770.508302154134,17926.88323997077,
12296.274096380657,17876.69978593416,
12290.029568998745,17958.364041103814,
12410.701839671117,17824.020176218222,
13140.789927454942,18389.568235395313,
13594.411959128243,19082.596095246998,
13034.691656245128,18025.110249710946,
12758.318152614846,17871.894120667115,
12136.210646481124,15539.711666138008,
9444.744302338626,11972.508971102063,
8621.940104188332,9865.017546029254,
8563.43241379963,9024.649231201329,
8720.173407804206,9807.387890107557,
10203.895516248605,11443.808042515022,
12648.107506925055,15612.293982229497,
13491.517521288033,15874.323108035362,
14238.5631789609,16247.824113759201,
13700.528919825083,16784.870033773725,
14769.500741495352,19175.978636916516,
14035.971954249051,19000.323357238103,
14237.081374738113,18746.614427592205,
14496.139133109626,18824.484788740087,
15097.282854117877,19656.751398050485,
15119.339476403335,19379.959053420724,
15043.254555546102,18703.674560124076,
14163.408370942676,18228.82501876473,
13957.74144334355,17968.95383663673,
14118.846350729715,17210.452449519544,
13304.350368352449,16635.498923539046,
13365.597985553892,15609.752843546812,
12378.723637828123,13431.855204916335,
8021.709585623373,9320.006638472596,
7839.609533338421,9494.922085591186,
7054.443308412399,8586.201478414432,
6342.459302552672,7525.90051970098,
5342.517222227485,5600.423771315932,
4836.658221648086,5568.4564503800775,
4880.113566761426,5907.72154591817,
5023.2590348243475,6617.910984898249,
5489.9268384244815,7402.769607163786,
8462.721880565006,9405.235248801648,
8062.62873333346,8693.263101151797,
7570.02146255398,7908.189442729238,
6496.64496611709,8869.414064818802,
6548.88291860463,9726.455570844613,
5943.821426165008,8424.600539981911,
9050.159632605695,11463.89513462913,
7316.9063533344815,11221.00418789073,
5645.526494833293,9268.925660570127,
5239.2229735620585,9528.582476474523,
6471.114735138352,9129.353294023686,
5143.302045208016,6969.3274492312285,
4453.189144411075,4928.781263842584,
6666.346317968482,9854.250204781865,
5062.40227874903,6824.236226058922,
4572.414320521593,5479.513972021238,
3793.7253133927925,4591.725898024647,
5963.620930838486,8076.997387163527,
7016.482712845203,7568.795207672041,
7021.4462085463565,7300.304989928519,
6936.237918669707,6508.75262383218,
7433.344947563297,7344.535949566669,
7331.7484265519415,7805.146953723207,
8724.45938615355,9026.240063886435,
9912.809605542176,11330.273513390133,
9919.529427952064,11145.420806079717,
8490.777102156826,11400.015595907033,
9534.183995271405,12465.751019838899,
10174.167260063607,13695.037598454226,
9830.216052645865,13253.726159133374,
12140.630099568241,15492.237374121227,
11682.372332413077,15121.874576330005,
13098.616773727226,16016.627208446534,
13607.650360888094,15951.436871255672,
13649.638505306453,16515.104375118117,
14430.69981959514,16711.141869503706,
14482.30525691178,16653.42552108158,
14094.594347967311,16974.345264888794,
13424.692862488746,16020.217033789784,
13954.872504486779,15686.09921346906,
13938.307619979398,15173.14515827779,
14145.363786324171,14898.341383806863,
13786.309085562114,14153.194018899236,
13866.744203523513,13300.70882722348,
13932.971781641254,14548.897686664313,
13132.204423532497,15200.588689005608,
13480.595772837012,15319.22224818532,
13877.738334802221,15298.688432063354,
13187.6446334846,14667.520990333645,
13364.591398151466,14628.923690753621,
15602.015542105784,18653.22044092524,
16981.327351451397,19149.130876166033,
16805.503440213586,19435.17727333548,
16774.499860777894,19550.675376489067,
17117.942661015168,19544.80529048106,
17219.144047926246,19454.928682028156,
17414.984574936025,19401.55906362529,
17384.694574009794,19031.247296026722,
17136.71070483409,19031.247296026722,
17407.156299833005,18899.134181807323,
15909.460318552177,18611.877542943774,
15640.789094645866,18063.37194420216,
15535.291639091147,17517.31179972204,
15090.643280835662,17176.075157500763,
16106.608188987977,18080.607868380957,
16087.37709725439,18209.34856569489,
16129.480334956555,17341.113762945344,
15589.409547307798,16211.323022797775,
15622.078196029492,17042.39677285796,
15342.339461578564,16801.084003565127,
14791.71505018637,15907.371295711977,
14058.736302680207,15035.94482545004,
13471.98358411149,14381.612906449227,
12174.084956367187,13038.117914119453,
13188.422035326026,13643.75402236847,
11603.125139631653,10934.583153273363,
10313.639943245684,8659.297815174521,
8124.044927151795,6624.391225161679,
5664.3639297341515,3418.2660322991287,
5394.656500238833,3192.388182510732,
4156.978759986536,2635.52934221071,
2280.414258983395,1450.900606565322,
597.1668549322046,632.5412095071606,
391.797052910699,231.7700507890727,
371.7950365941782,177.73351163327632,
439.55344379324504,336.7769969826313,
331.7068973311921,234.33267475201475,
185.16318942911903,130.8548495319456,
90.78587930275168,86.35141782201569,
77.53151695359566,86.35141782201569,
76.86563196859802,79.61976887909353,
76.25887835761003,79.61976887909353,
97.7208117518465,78.39666776098053,
137.3381333273572,146.97641437445952,
201.33387798015053,160.78343846500073,
181.1972757463863,167.42406253449292,
469.8768927326697,321.75850570191983,
2945.5632206919327,1977.0132524194173,
4156.016620817527,2720.263572750541,
5739.873795986036,5150.989729859331,
6636.748059610345,7740.116527522061,
7561.49239233496,8178.692874925509,
9135.533485914015,12121.681606295368,
10959.742994729468,13434.706407297865,
11995.446476844563,15485.693183524934,
13042.360453702791,16371.823447195928,
14245.886215239689,17467.447069673202,
14233.916496552321,17699.154267312024,
13678.520310192334,16846.31910792857,
13692.134100973239,16740.383558834532,
14212.233308807989,16840.511151141523,
13991.177415319073,16333.745284225444,
13197.865508552983,15907.49008732079,
11603.654505093491,12913.465197634836,
12165.260240050704,11905.71633212007,
12691.50043592477,12566.839459351331,
13139.733113140615,13096.651893131753,
13702.782769115815,13993.586003914726,
14926.005425802428,15538.037200411818,
15855.288624114324,18101.746437932266,
14578.896528111214,16888.547025811582,
13775.612793371925,14332.140894549833,
10725.120236714578,12083.484170617703,
7238.688359463145,7440.696422454056,
6936.217452363897,7394.3369745730815,
6490.088761073446,6835.850090542657,
8235.550792338523,7398.696818624079,
7828.052752440222,7507.784150216419,
7957.420668738735,8212.414327288398,
7675.941256048079,7526.525763233098,
7674.693430520629,9120.075028646925,
8241.545257052336,8994.676304158345,
8823.4627551853,9119.437329062668,
9270.909223606599,8522.980062959612,
9299.41364381173,8528.569071032956,
7845.604666989841,8339.65005410029,
5936.500852945121,5898.111705852491,
6211.7656790071505,5136.650964525426,
6798.209689575804,6308.128314644634,
6862.116910983274,6680.749301313047,
10073.830751596155,13026.545959801115,
12678.641474604281,15166.497915913158,
14406.26931557592,16345.252286696916,
15341.71448574589,16337.866050403714,
14708.215314462243,15096.225985369143,
14116.982287151952,13918.582228906065,
12957.59628252675,13365.55354882245,
12640.051879017037,11599.039501527253,
12139.551206065224,11307.621761990686,
11338.896047340842,11215.56431432199,
12715.683093235302,14901.602975507218,
13524.77569589596,15337.592864628923,
8371.453550897832,10163.02713879273,
9802.725655081242,11261.240727393048,
6887.187942346713,8191.268820452161,
5426.4695769821155,6430.245278915072,
5522.327037567311,7816.2290865819705,
5475.590507705952,6858.785787254539,
4060.889206108681,4323.431619022543,
2574.870980234192,1610.2080813352568,
3120.9469722230224,2733.3355459736654,
3402.929831909011,3213.5140403946043,
4549.064823373641,4513.936030598355,
5159.093244098689,5177.630536003228,
5913.539257127675,4940.3047944664295,
5549.45728268188,5638.827082172285,
5796.0508263390075,5937.295927901208,
4752.964797029559,3915.147199724827,
4598.744074643375,4537.515186918357,
2359.9801420138783,2548.5470374077704,
2000.5926782713289,2577.268611306492,
1010.7496433118387,1051.7734253564515,
1373.1422702045936,1248.2367281602162,
611.4868645438946,916.3680916955763,
2571.2623282687578,4663.215224816375,
3711.3156294835567,7536.27177549287,
4255.473959273029,6972.88160588456,
4798.123024994027,8265.32133367023,
5809.844685672388,8964.348757568785,
5160.932726481229,7543.31765762419,
5504.010604841531,6522.763199870717,
5353.776943319273,4387.9854056814875,
4495.768918037273,3731.783865164618,
4523.07186618975,4764.739404034197,
4363.6261965843105,4413.184679420657,
4457.598848610897,4169.332129666866,
3281.27269890758,4070.50095122278,
4183.896381815792,3295.5242738780107,
4551.576088934942,3217.1102322711336,
7029.520962343242,5131.001925853563,
5138.132954952522,4991.591648261817,
4894.3574521458795,5899.747071039394,
4880.689454607328,5883.62170996887,
4220.086349865453,5850.831595660631,
2539.871426466192,3129.446141828329,
1768.464779401896,2395.8026180807847,
1244.7940793885964,2235.540426126619,
