kpx_group_1,kpx_group_2,kpx_group_3
2552.748959394364,3477.213124504249,2029.312235524089
2021.5287802138105,2769.178847707833,781.1269058026586
1619.1903091868617,2017.80864092418,598.6285302087726
1049.3060455680727,1510.878350993566,377.2779340919581
1091.057351079316,1197.4910140769684,235.27012391455253
668.500412771506,806.352472570049,48.54556475007826
529.1214443420731,721.4563172039693,21.188889546794783
299.40478312950245,228.2251970645509,42.39415186715107
252.0208173225012,236.1396918868835,68.10436631572615
36.03794826306933,111.99266991888231,-75.04716133416788
77.98222947177217,91.21463129397272,-121.315006128808
23.97057835712583,182.5822748520941,-45.57929800074732
256.2924733549831,292.16654066527207,-95.92150505182398
177.90559399316427,517.506649681767,331.9869630357137
1710.9752410323424,1889.5435032165287,1180.9102772970507
2992.891904610615,3064.366064566313,1881.3795291552265
3976.184721277037,4825.184783508962,2487.829199915128
5067.20266827747,5894.148562208144,4084.6294741430006
9603.978721687092,11495.912888703151,6473.970859288592
13969.980856134867,14775.382449647126,9894.133577180675
16501.342845430325,17540.265414373265,11646.668967785428
15931.875706704051,17383.17513907799,12013.53325570201
15912.10956289452,17641.917703510586,12372.567312233075
17147.848929580254,19697.895813275376,15386.523813433929
15540.785560236023,17818.05888647681,14363.623070809668
19491.064442014605,19908.992331382266,15303.486552472154
17841.57458169001,18981.228183353207,14702.488800764797
17564.41424909452,18220.60587603104,15000.065388099096
19269.2643206003,19539.178401459307,15009.976201511368
19281.59474470296,19454.787571466644,13894.491335141372
18585.500101960828,19662.738776561742,14370.333927593188
17937.66714519306,18813.3466107771,14255.068144319042
16882.56078140999,17137.932539855694,14336.080875450636
15873.552367233968,16330.14534248362,14753.549076728224
15695.01620471925,16455.706317754586,15217.927303024591
15743.35495675727,16902.126361463317,15163.66187425816
17280.012053763683,18110.27329409917,15028.621984160218
17699.967069190963,18257.12395578664,14417.8063181777
16633.73242317486,18425.57397287736,12757.528090843998
15242.194153682483,17778.322545877414,12632.73155599036
16023.101029587158,16543.008611796457,11974.467857087282
14446.152891207654,16913.203785753605,11100.234182658714
15062.015559481746,17643.34305114837,11377.235257661365
13323.764644749368,14783.279875860891,9313.46059107529
13124.365948898236,12022.27249117759,7116.870169249637
11313.31474615357,10686.27024373841,6024.587996640354
9567.05169721786,9534.185618685156,5287.149829630936
10022.656799851911,9075.259937168972,5079.836101927247
9408.699078421892,9042.184588259424,4549.899532566501
7368.527275075923,6604.414326991212,4299.40852509996
8560.324251449525,8238.038031616414,4481.417232806149
8843.82703622055,8567.486606221184,4857.310049190754
10185.333411890211,8991.054946477656,5200.754610778213
9773.515283969253,8862.518494366444,5042.854737884873
6383.295621056038,6648.329551579443,3547.552064928819
5821.369021495832,6581.407219376243,3360.1968373406253
7072.102756945447,6568.2178454302575,4007.1952673873448
8486.342433975937,8102.603406530541,5427.125241629552
9314.859664166715,9341.436295594329,6764.5919036742525
10549.84456597028,11484.899704576674,8353.35903594473
10378.592312035784,10938.090911648402,9232.473161802916
10206.838375801024,9956.006485392074,9152.688464083283
11207.616942639546,10043.115870459402,9002.25577819734
11758.700720556137,10444.242771186566,9637.362780543126
10403.9424272174,11163.512734994649,9363.921491273586
10768.665253873336,9674.09633945796,8634.363864074272
11396.870103173353,11717.607844898976,9206.790456186864
13268.357569827507,14311.603296654115,11795.865917912792
10865.450870278755,12561.187757636844,10284.079522737758
9549.877176354836,10669.743141716908,7211.601939063078
9011.402662791332,9909.866270028268,7435.420387482283
8977.812496211944,10362.082368221263,7238.088127700411
9514.350838433496,10916.012440212886,7302.530390845494
6207.9399336079805,6655.192267896893,5364.909562806915
8313.638374320084,8454.734340037503,6146.441642311062
9118.636742706438,9761.25174871384,5890.99323538248
11711.80165475804,11211.1385925633,5959.018413443333
12276.93294568759,12358.796529533787,7068.391488205903
13476.86470921946,13464.420790271786,8128.908349966984
14574.129251706396,14005.630134831465,8392.696774312422
14965.934006052588,13907.947999527318,8986.224625578228
14375.88316453565,14220.065094034877,9339.268750545556
14636.398813905558,15216.834063129478,10761.560174584103
13069.18844542171,13750.765290221463,9502.094322755209
10939.110257842962,12254.06501037731,9000.523085052355
12241.842174918327,12793.981870665311,10381.454587950906
12500.18572536888,13847.7242821125,11426.486199439489
15567.746082428992,16086.484122044374,12420.48596528954
17074.181634221855,16704.337274687317,14525.041642866952
17938.431609950756,17559.16527908211,15664.328865875405
17572.215165221533,17535.258801448257,17094.026089625797
17256.96039418968,18737.94829137851,17607.08884206624
18398.2012627237,20082.418994288106,17889.630869036282
18761.234590101845,20341.111706736032,17595.67195895485
19860.21847444727,20320.83835542401,17291.745281680876
19666.487851490623,20334.96660841358,17194.31183645528
19326.51239986736,20376.85489566094,17011.62951914749
20755.137571069565,20601.360429243457,16166.899805664263
20641.81327959553,20188.884373453897,15919.4297057833
21209.40302106811,19662.714175573445,13585.306300065837
20849.986949918817,19718.389273550187,11111.834045840822
20249.26982959337,19530.896405612377,14343.95199485084
20075.604057871296,20000.549585305213,12483.553558848138
20068.93294365186,19719.208452707942,9835.493630935638
19884.43800171716,19456.347502130822,9526.258345885322
19648.775767752035,19244.013618069115,10469.069015909754
19588.11882373329,19472.10576534561,14649.825993200988
19604.927761973908,19141.03733768503,15373.762422072765
18828.371630667163,19334.481549806434,15331.936630681384
18610.882910119984,18501.983548717315,15021.288578445565
18129.382443268616,18829.33753372165,14877.689063821475
16399.32881657503,17472.785789137753,14795.30830313732
15887.662055043202,16233.279502127449,13026.165395060663
14752.59666211277,14556.233315819049,13173.084947661768
14034.51806732072,14573.762547083435,12693.066645216812
13191.684668183038,15071.079656880049,12649.768833829768
13427.673767002756,16674.30536381601,12596.344194910613
13639.91127903932,15847.831159272504,12338.446742010656
14052.907562352402,15718.420005895698,11977.273446320334
14278.50874590532,15770.33400371409,13221.18757789652
13290.791813680034,15243.77012839567,10966.846995397147
12637.773414956238,12489.875209047075,8080.875680048481
11092.59262285706,12096.244223214911,7745.343408398981
10873.650226248206,12424.161375017362,7811.6162278829615
11501.20689906923,13189.688021646272,8566.126310911024
10846.066707993166,12455.711716334748,8258.291918251114
10463.445701357015,12844.00231829601,8644.531103928013
11003.549003212214,12404.23973023522,8699.450204731262
10010.116796238264,11865.725972441443,7978.018721232267
8816.601059914594,9666.897514813509,6148.617768630277
7704.216790477611,6666.537957385001,4570.95191051758
8160.3376507092835,7304.336993175856,5484.397037566204
9303.138400662778,7806.301670785876,7766.147966342523
9195.226647684818,9080.161486860345,8135.568643550838
9210.935062833834,9384.1820349112,8109.522439644708
9552.766433608926,8418.397629823537,7804.665000495545
9210.21573433201,6855.756826086227,6698.392883541735
9098.308306943694,7360.535237184693,6023.409818993525
9403.702721786463,8675.888808596868,7380.163094664404
9832.030563286997,9826.434005202123,8146.825047321732
10598.117066985242,10103.208808238063,8570.743933598445
10106.519865772256,9987.614520829318,8360.949040841964
8551.490212338575,9069.3994771094,7615.354659579544
8977.592003211792,9182.122641934431,7107.527884753608
10940.172276188106,11144.0626627712,9017.647544241834
8450.509343750542,9492.288887389976,7608.166273014846
9530.044294537534,9807.820390382116,7870.369284450398
9831.467010077336,10291.419687537324,8045.438008960579
10462.14211612574,10487.19985590976,8134.236212999459
10288.583713490889,10291.691295625267,8160.029485629302
10602.83306096495,10986.5769335223,8144.343059238727
11289.88555844535,11749.394413628888,9401.410783342915
13047.554941442457,14031.20746493684,11258.023406728666
13578.3831609828,16118.77022079082,13361.6121932493
14224.04160381518,17260.899236871803,14275.455997739564
14258.524882021577,15878.512645080278,13115.924759846464
14498.094427808255,15457.373189483396,12848.69990425392
14597.99979630509,15847.045274635097,13002.44504582018
14968.093502882946,16443.174420549854,13221.039880621232
15056.249879502328,17499.357386595508,12997.389148444394
15756.491580095448,17683.509513839912,12884.94498254658
15828.164175684611,17319.9251150601,13207.54060171404
15321.032939141218,16647.650421112834,13214.130549590893
14593.684703163424,15305.958592175612,12237.79807872339
13368.221286186714,14068.375633207814,10510.71944520675
11462.268459477518,10291.539498538536,7241.944049134003
9545.225965261434,9629.699911036902,4559.260413220319
8504.823916653115,9601.207433475152,4363.9222594267385
6796.131948814135,7481.086958987713,3430.80544464497
6589.430001442403,5979.859722981008,3098.3059011362666
7060.283929254815,6492.525428098984,3713.680212297798
7680.068913847395,7128.96664194208,4016.480828693276
7926.536158057931,6239.144947177006,4182.784517066801
7904.3020575976125,5870.759110612049,4793.469542949336
9640.84479334139,7757.289601044307,5898.363247584744
10549.145761624264,9027.672044193752,6164.793773001923
10392.35247641942,8409.484014428379,6105.568252958288
10256.51793958745,9569.960082947717,4415.614714139213
8857.172561515625,7672.369510318586,4688.635506634013
8469.426872920716,7089.691205419396,5121.824013775707
7133.992999029061,6560.593372076261,5410.363404888365
6422.776261826354,6709.327393025089,6218.359783152812
7026.669647788526,7111.033217813352,6568.157558200057
7059.723618877732,7863.261509953968,7261.4129307543135
9182.333731910572,9602.283332861496,8659.961277790928
14136.612242986534,14291.892719478108,11800.06740963513
18365.45193776557,17401.274309019147,14219.661628827547
18479.27888488533,18883.669938329705,15883.35474826839
19547.49327575133,19249.417788536804,16371.759590874788
19817.366044982584,19778.11839802544,17174.179867647345
19840.67474221282,19688.421195376675,16811.746803520226
19278.08047949901,19598.630929488056,16929.63763983857
19543.71519723744,19790.33310988703,17018.576746065817
19866.956802106648,19146.45603487788,15575.999055503751
19524.06681609583,19408.717033202527,15352.263505821296
20325.85212660464,19612.60554642068,15019.339309199093
19876.63983366609,19119.258406923644,14607.25999265826
18481.3838432238,18774.156870642502,13781.305821814438
17974.503221088456,18366.489007854136,14044.428009270388
18102.590086203232,18509.822830172907,13944.17036341909
17853.32823173992,18221.28989650773,13393.663466704422
17186.955126921115,18056.3114961526,13395.600111294028
13633.613470258177,13142.78641418545,10114.412257291477
9666.487552909306,9771.011077511484,7200.131121397701
8140.092530417418,8748.19759748833,6343.025987343137
8313.6029391427,8526.454173170312,6492.617411652143
7867.298705320556,9239.051131101663,5317.730742806024
6661.988394684059,8509.843805501108,5923.064469679243
6089.079537895444,7711.054359232197,5494.585257690173
5330.922945054991,6333.965497809005,4546.942346024855
5824.571961698802,6675.45939822963,5084.998985258726
6509.794582777541,7971.808302135714,5839.339131084043
6195.403184414289,7405.807177605773,4382.901184715106
5143.011769122003,5474.091954773995,3395.567990782848
5074.908361517029,5127.014766904384,2631.537654732744
4157.17692323109,4025.512197684685,2657.380400602265
3309.223926475696,3581.1361199525227,1721.4073469495272
1879.0875977746325,1982.5617173090984,1430.1192998370088
1058.7171549446618,927.8585052168014,625.0488900398416
1055.4127723722531,1002.7130910304064,643.1848024071709
858.1718755630237,943.3041007526448,932.7629117013936
864.831257899349,962.0559640590294,193.272930730244
997.4046871909278,1513.3994245400183,611.0208636306438
1901.5329110429768,2347.482606501303,1294.133155341037
1498.3886179640565,2335.951439195416,961.4244398875308
1694.1183315332746,2145.248926928132,973.6055326640871
774.2904868810978,962.0536043381284,282.9982399450638
408.1465473331937,1090.3862584446545,461.9760236654121
537.0091532187994,1444.334535151717,511.2200886189112
352.05468732393416,1312.7338696688655,601.8744798570282
-3.480042669609986,1080.3836508210688,301.9308120234835
-131.9837040838741,603.5488911327437,219.57396952161392
61.942017488704046,459.3429790520819,192.0883784594953
385.61482076295255,444.5387186352853,347.35284671152715
415.59242594184303,317.5518842949222,295.33922486682445
1133.659546445078,850.9207739967164,218.45542027649668
986.619948792412,2220.2757730468425,1073.0135773250372
3614.2559236892266,4827.296934279991,1876.9296257426497
5721.883472339482,6791.61524527006,2904.045838401219
6199.365355438994,7368.117979569674,3565.324376512203
6459.986186070584,8559.341251594386,4266.468073412522
14548.445234344425,15593.368261335328,9491.208112621936
16898.78418206813,18137.20098332905,13319.361810405097
18069.770924968263,18844.66380597602,15102.759046570034
19782.82189538957,20139.22052860056,16925.757481527802
19290.454760327106,20637.78682979647,17033.89224537107
20103.93682745788,20475.10221383797,17108.785113497102
19767.33221516708,20072.41737639181,16736.3835187054
19936.50458032665,20182.65763896686,16109.451803213124
19707.05682888128,19864.62497705114,16518.657227269803
18953.249572186887,19341.986313365607,16643.868718222482
18726.8275170326,19165.867279075923,15799.894703206784
18987.217785783647,19408.07853005309,15670.043601439214
17952.0160858641,18971.75332565963,15829.40177938007
18155.283264779548,19294.2847362045,15125.987287679847
18077.195982231104,18779.66053805947,14665.270530734811
18300.78753817184,19061.974595873977,13676.395131714557
18445.901231018936,19361.38324309796,14229.69129354704
18776.094333604964,19131.98659542193,14465.868072070089
18933.17775071027,19265.668473913807,14213.747944331915
19449.1302130814,19181.57784395625,13977.061261699895
19239.529180447746,18932.309217982875,14274.956509668817
19115.83249566292,18674.105996398765,13546.329114093314
18949.470721376,18566.727558144587,13129.565979630388
18665.660786847413,18745.103919583304,13073.872390642671
17972.27668214926,18537.72058707169,12861.541141378244
18290.66406035078,18964.517656267628,12776.9344645237
17725.369544292313,19342.40906924204,13153.533033721476
17965.584555157715,19329.53085937168,11885.480828873146
17610.9309160063,19155.06073780304,11300.704902802754
16678.134641192908,19344.64390711572,12677.999561701115
16264.118844689026,18667.472627477167,12761.03557834801
15425.576894593403,18804.41838398781,12560.215157249766
15995.7030102064,17967.3742291927,14080.30688784016
12651.090780621862,14526.102620684644,11046.160045879717
10053.247850636724,10390.306055705176,7480.267519074912
8045.511523558788,8676.139004507684,6961.956288528539
8104.670228542446,8952.97738280744,8171.013255386361
8391.302728951028,6923.00576328493,7888.626187869443
9413.980057149698,9458.79680118019,9090.439080428469
11714.843400400856,11478.26450552703,11263.843538672018
12885.083477052329,13432.434468758229,12441.854314134183
13844.6877676821,15291.32485178535,12734.893705407823
16279.17005757683,16782.649800502386,14837.835057408249
17127.984707456322,17847.195285418242,14435.417616112534
17191.766205071974,18210.40452745767,15318.327207486593
16319.92237252606,17572.615194572085,15890.698141781106
15093.29056993332,16652.055875834434,13432.830639568698
14713.405587309542,16076.546086074546,11923.681359189304
15722.059632671024,17514.766111947178,14663.382694795348
15566.286422729132,17673.590021589855,13965.58675062237
15083.333965888773,17546.64591545989,14289.580962277698
15954.814293044996,17234.843384894742,13061.306602028708
16051.811588993423,17261.54565785054,13285.01860196389
15505.581148184949,17497.489427874534,13336.827851410186
15260.87056347793,15752.70660281055,13380.258011919224
10901.410517353348,11256.330862369365,7204.353950389925
6515.927140855772,6067.816539508342,4068.2625350305866
3357.6925107154107,2941.1457668039825,1647.670178316294
1425.4886761468374,1455.8297018637218,926.6424898932884
399.7412820566533,820.667426829557,291.91570299186566
356.81074628454724,706.4008911899163,338.56266267172543
298.5904228130117,469.5269003247356,-1.2353782054953997
347.7591692549958,399.0404722696055,203.45347523339572
80.04251517254936,272.91540122602714,194.9719938200468
146.3495588068057,459.8099554690065,191.94366025398745
-29.57272553024112,197.8000064601661,309.149411092527
760.8886392761773,976.0021771253898,324.546689744354
3573.7372939072343,3869.08280393033,2692.228014031621
5459.352785799382,6617.579713764765,4066.730044008964
8124.703565190016,8670.321523921717,4401.261398645215
12207.266800459183,11853.606898883789,7419.809268522168
16096.403950515563,17121.44342673642,12500.956075392209
17005.931779436796,17484.772220870484,14483.745177971983
20046.90088578357,18961.688642022007,16755.333946677452
19959.83097292759,19270.53066020613,16055.320110377186
17822.156215616335,17795.41934690638,14870.783229303514
17907.606463310454,18647.5167980427,15021.290882475652
17859.38860059868,18503.248175574423,14014.13681419206
19106.82863089743,19138.29104301458,13431.532307258536
19148.521353289365,18783.022972158866,14027.477411886408
18927.88220625935,19096.56933764831,13546.405588011132
17978.90615836537,19186.573456247115,12100.475461311224
17918.628725400482,19294.402966838486,12215.746388581276
17569.801053259023,18917.58446272087,11637.470583273102
17349.290408018405,18729.10982005806,11994.254583945429
16574.930094064603,18589.805575651622,12751.198669758882
15951.52623184074,18299.64781519736,17114.13043005192
16624.942481477865,18813.52666586783,16398.672361403682
16631.794953148474,19016.897728949043,13863.152463337994
16515.133979288472,17790.836888329424,14061.218040039228
14848.147600879203,14801.812540169229,12735.363923071762
10936.747190154205,11573.743793660806,9752.902730773169
8459.772113935953,10218.676229633891,6907.2037706236015
7615.314470478865,8360.44689151298,4867.551165669543
4635.971057151277,3970.497563184919,2911.097593396288
2684.336066030436,1983.51341102068,2224.742807576591
2179.6935158256333,1476.2908947784106,1671.117217964052
2636.92835705926,1399.0363602397708,1856.4926172001408
2234.120764417598,1566.3592612178213,1712.4846106800871
2633.406700060605,1747.8957669019703,2298.477050144308
2434.954302375748,2010.0949803571136,1830.303639404672
2906.438654311512,1823.6607684816515,2347.21428380592
2914.0980940467084,2750.314449188039,3024.722043275085
3315.5316937859725,3457.348828637668,2817.6812578392737
3378.7297716703656,2909.552193213103,2580.668250484047
3434.276605954969,3030.9111525568755,1792.2604805581643
3342.7400335879875,4743.973364158675,2457.9514049288164
4375.829147301847,4501.35683163995,2279.450410884511
4598.375652429647,4558.513129197469,2847.827850034825
4985.860401576067,5317.254777794589,4431.016406594723
5593.373656411847,7057.8612278636965,5436.210387973003
5961.660854742286,7034.455078316745,4935.942301290141
4592.634493388036,5044.889747993366,4316.44488536888
6630.946943288269,5575.3917887413045,3669.2869441390417
6411.919957520891,5874.492561742272,3254.6634792690284
5341.142684373782,6363.79443429992,3474.3913280519587
5103.913495877711,5818.222730381224,3123.3601329712983
5984.173430046498,5512.519938298967,3594.881579707314
5418.462295591158,5308.356564779718,2850.9635137699383
4179.553712312462,2644.2287118216723,1987.238074595268
11412.657471572353,12038.55431447974,5213.61782256119
10121.899406221162,12184.849809297326,5058.1364497330105
7591.054367561906,8612.840396198162,2719.61007921343
4689.526334020987,4325.954604694224,2155.955309546709
2653.0461438392804,3345.799873936789,1659.7891509420044
1547.0639833787964,1425.2075145572956,1110.0420868823958
1171.022303794619,1296.261913548458,681.5844071438102
702.5780676252607,792.8704101455544,384.2906669279205
825.9582415460131,782.5570689869619,347.5134115720915
365.1847762107287,40.26078630772872,307.3391856353589
440.4243349006734,293.5328037449837,215.31881056093616
363.1865099307757,589.3797193668146,400.0336315203836
202.64166174600376,393.8375347971514,205.69736552964585
336.7739136528043,343.5646008967523,169.03089403518968
624.1169617885749,737.4951526333524,190.61503474020765
854.0133730353158,816.2316210683715,608.2411682106286
3278.062508529844,1963.926350559406,1792.593215602823
8443.763901338023,6319.418594361528,5971.856833726067
12658.83280785259,13003.566609755664,8355.35252811097
14162.078546323077,14188.31051492892,9175.09532637007
15238.003887588988,14853.427433091849,9648.088664293502
17341.20091809753,16761.636647678668,12348.28927325251
18011.837329211186,18246.22916196946,13921.18379514819
19658.9636273601,19200.3480358244,14974.40418979884
19920.600265387668,20540.15363858396,16697.910237470485
19838.496725239285,20391.62879268761,17091.871506413885
20190.559936131034,20224.450464547404,16486.574371354796
20419.08117445276,19899.448208961,16235.787151153603
20148.81575994789,20001.214065366472,15102.579993569483
20642.89727793035,20339.033698422856,15325.13295041226
20636.85785010964,20407.84603082474,15061.545690768
18429.316434290977,19411.31267609349,14821.266854273146
17546.226775263865,18032.91647315808,14645.359617174388
16998.253499889423,17985.271111157857,14811.244734399124
17432.33959807705,18879.546755361083,14475.74792832603
18103.069976720984,18685.028749898807,13980.533356139204
17849.254016388903,18646.049712036223,13983.263456737384
16984.63371221213,18573.147425525003,14150.163598089372
15939.050265795,17271.16772475567,13066.88722479842
15873.57804299309,17231.90984903541,13422.395098352696
15453.086808211214,16779.607257618187,13136.00975672785
15539.57064735321,16343.686667039705,12024.794230152324
15690.256667759675,15827.912407457192,10883.530778381824
15468.581252183883,15385.68682026286,10406.502163451
15725.009578168538,16995.903470253365,12806.5218150951
16708.459537531387,17257.168892537717,11838.124218203777
16400.478236184867,16877.47270713425,11528.216858813736
15880.536990398452,16593.50705401626,10953.401957870616
11687.58254168168,12567.58066925675,10129.3260586809
9738.360066065808,12216.421806490323,8510.214559219296
9719.26097902648,10902.843078574717,9165.808055075277
9391.30089495799,10032.95775021956,8042.195877048861
7296.694061550293,7363.325900207748,7468.159719436327
6280.997257532191,4199.925790501409,4674.162092537497
3690.572689658942,3660.568927029104,1838.068176156186
1535.3774227540905,1216.8233203112684,648.9210599725409
894.8162324310955,670.5314583378458,290.51477414230936
1238.6939661633137,707.7624759830712,259.7082218240768
2270.6106280820777,1126.8580473199115,785.270765675312
1340.4410873516113,703.7491103263435,870.2544059410685
1206.9228568968945,593.4671933954863,1164.7403534683897
1272.70893354268,521.3828760549331,1057.1285627581346
2466.497722993146,3062.20657508678,1712.116294850068
3458.612979209672,3453.295019657025,1392.902856135098
3031.2055232035736,2627.2016914529045,2938.5798403765807
4231.020268940601,2713.607853601742,6601.356022258584
3812.024832313202,2804.0450429809125,6538.565825849276
3320.622307514745,2941.5073542599525,5690.162927684092
3157.476054238458,3136.4071884342693,4874.448655632587
3217.653251182503,3087.7639377372743,4465.076844547984
2758.698730165466,2950.076119772276,4640.754713405025
2822.798235414439,3342.331935773333,4933.744842682991
2798.6674078481524,3191.168559649539,4764.977557811015
2400.9443615839486,2768.3169759020025,4344.619441905722
2212.5489608101466,2312.095068806572,4177.489194516604
2163.674070357922,2482.7608681694505,4012.169972196369
2380.9993614149384,2315.002982725012,3792.279487667376
2131.2697538323223,1798.4814287774204,4105.404232510244
1597.312090452084,1184.2130942091978,2265.0476728451936
1603.209606591773,1451.5436987002129,2191.157661524806
1448.7428868275283,1629.034788376776,1542.446473958281
1181.2706533911692,1073.670029738092,1357.9560225731095
828.688674225911,1197.1036701521523,1663.7594746315458
791.4698817745341,828.5711993804358,1488.233610479535
749.3906693990136,938.7082145402186,1539.3247754392175
802.6605886287534,980.585685802035,1634.318333776754
962.9476157983272,1308.5733288153526,1735.1076350827818
876.3116332547651,1221.9125880816405,1707.9311886567998
1152.9543755076263,1474.1488442365762,2182.008601242726
1291.5772736054632,1436.7942193821616,2206.0320317365868
1376.3880336065176,1479.260626809349,2073.846824032106
2036.44416551834,1898.731277081703,2479.259750193328
1874.3327812329053,1817.3137987913333,2661.136635680825
1878.003006855747,1512.0258644758496,3145.107346868158
2089.137261293598,1320.8947866242029,3283.541398108797
1896.3599663367577,1055.1091481531726,3924.1331719307
2913.9964091330708,2910.001499060751,4411.333558072286
4042.035220635102,4842.248687417301,5374.962480524818
3926.596207706228,4791.52532621788,5540.714597796677
5175.607098949041,6394.51071700002,7909.673449258217
5456.900851049015,6432.723240483916,7808.418783527413
6311.150092295429,5231.403505025041,7211.2612189148285
4216.550946197609,4732.034950403941,6295.481087135784
4203.1144178543855,4454.2166417137805,6800.11266245827
3611.543664981545,4081.439246786109,7041.213233866767
3430.9564939225934,4632.034930250752,5194.503510873395
2890.050468601577,4064.886256502352,5669.901883827561
3495.4142326642773,4725.553135581111,6404.4166674149
5221.029252923555,5627.860231893308,7288.802751256604
5535.776429441554,5715.176270992249,7299.353729394943
3343.738502251185,3972.1671950800433,5650.967199541559
4127.04208483157,3956.792720554694,8449.454599986331
7545.425686387982,7816.582195373739,10786.08602342558
6974.0281448929845,6783.951337538216,10134.146317028692
8115.581735921448,6551.669218676544,9577.944156877546
7260.397021151944,6975.550930318833,9743.282820358709
5321.077465704638,6329.227760977975,8722.366430564329
4325.909132828034,4898.364119818393,7045.605857723206
4728.573513029344,4758.950987967505,9517.76427772296
6288.947858167209,5691.7658946146175,9553.068410224072
9399.842946763863,8503.615980726785,9838.077805828376
7657.291976615268,6036.891619551466,10151.70610288087
6047.656961444183,5939.8281838889525,11610.000247754686
5856.0417758836975,5996.755506198218,9376.758570341482
5530.867246294038,5747.103361546073,9058.76532527207
3518.6021037014148,3423.8017202763995,6855.189925363331
3189.6047811814938,3177.954074419703,5093.0736904667
3073.002779146575,2809.6274289299035,3151.3065020145023
2628.222171811521,2332.619099654679,2793.8258212404967
686.417122540525,1619.0842780697044,902.026686815872
874.394927153587,1066.569856619163,417.6568637241508
647.0672815337756,749.2941939787397,-177.28892252080465
-163.81799345422675,384.8057974906627,-340.85561096507746
-435.2642725743862,111.0005793270071,-154.0956588944393
55.89056765306847,-32.314148298238145,-88.44536438923235
-450.2872756729799,-79.89674062713675,-181.1804706993985
151.5548603648734,-85.47142290992208,-134.56466272985315
-3.1817459032371778,-88.32044820575537,27.62560112099456
363.3988683022325,15.798487944605863,367.5747894399551
182.7147536460596,350.5404921271677,320.1647159968029
-117.19576654627586,-125.89819999212368,417.1700240426399
933.4265270452072,1026.796388575095,644.7525258985027
1765.0008831592536,4128.201380995834,1497.6423164155667
3012.1677582681173,5596.474817931951,2213.5672278496704
7794.6403708799,9170.235443325815,6847.966654053626
9948.078861533826,11702.23313925169,10555.025225688554
14336.1804984909,14475.823928669992,14676.377436272243
14796.893778369407,16934.83001777578,15804.710655825167
16906.210830791144,19016.33725939457,16063.71285149509
17850.521856084302,19531.28278564291,15795.26680650097
18047.17167990469,18958.96148771372,14716.571571871316
17800.497187760644,18664.682377865644,14250.914996807933
17491.571358699868,18431.48675121011,14187.410192981904
16560.70474700632,18392.71170462071,14012.410160108131
16233.039925611823,18595.433184398025,11750.925768441186
16034.375909760309,17131.29180181567,10934.618832459715
15626.61179764876,17783.726374289574,13119.508366308684
14498.21792278948,16916.069872040178,13420.16059003186
14770.164100058752,17379.521629145802,14273.982415275435
16169.793818890166,18103.54064937697,14721.256276674614
16112.899721731,17869.600443680956,14963.478431472176
15138.966870382026,17604.10505285298,15445.298227518451
14887.821631931163,17854.226661040582,15897.486416823984
14305.914206698017,17574.74330524853,15740.787154765032
14312.806598743246,17180.205549080703,14412.51061364081
15183.348602156251,17467.94927246883,13927.60736024256
15027.18762104252,17403.923520002445,14168.647470334272
15058.225111241209,16969.451999514757,12651.285899214576
13932.177276153232,16404.822349737966,11995.734395944264
14547.75335870188,16566.48964198119,10585.739002477878
15726.912861134955,17411.343718394313,10455.638601154296
16831.204597604672,17776.091291711924,12278.03699234666
17689.611198917257,18453.5646741672,12328.75861365828
17686.546366487884,18219.752835865376,11998.274274169646
17755.80825278936,18325.796385100344,12295.07947737726
17659.540624252946,18584.78059187116,12651.645952650206
16563.318056234417,18330.89785291471,12868.756225524265
16248.537659089125,16968.309441792015,13259.88960079328
16422.790527316163,17502.825814871558,14445.97767910591
15020.69686123131,16889.183711270038,14645.31464966779
14962.023817666048,16362.933792663693,14609.012694426016
16320.724038079336,16734.732279361826,14135.454602583191
15831.435259806049,16789.482750581854,14294.786509959931
15851.792777831182,16766.32135224467,14603.809118975658
15829.89822698395,16699.231095614574,14647.127482251652
16173.035512181588,17389.687627127692,14095.445062888706
16077.495428920243,18150.68027756405,13200.05550506699
16615.274325931587,18840.351378712385,13390.820855737053
16994.724283496136,19667.809394655087,13516.260402911044
16484.795821704753,19470.814621599035,10940.338150014686
16808.706181642374,20049.965321064534,9867.0788371247
16328.096500104402,19851.525806764686,8646.412910311905
16206.723625325154,20319.340308610263,6671.740454571791
16519.32304813464,20177.52791969212,6285.568542844914
16518.63634430855,20016.64007124388,5641.055063673358
18054.64481905685,20878.818807583702,6297.204740786485
18830.68205273968,20273.390336750857,5728.499779937177
17674.830122339878,19077.218576723502,8111.679155232577
16772.168582832714,19061.29563852777,8056.862280998056
16605.43700596279,18668.116550266383,8333.91341352192
14409.822837591548,17054.44672433699,8294.116204393196
11518.726060818602,12678.214846660068,6473.34826333123
9299.035322859216,9283.337884839477,6620.130587080472
8408.560572592869,7072.769715991938,5279.75348487519
8559.579958709955,7704.077696561868,3967.857178185535
7103.089677811795,6705.364016660423,2931.436679644903
6769.486396309945,6401.988914164164,2951.8744694442503
6897.859412640432,6532.808281017584,2686.8331940338926
6984.081027305723,6521.277898083138,2758.6074002303426
6593.459627850426,5536.430156079549,3098.9702574592484
7544.677698736518,7290.379862132112,3963.058067000352
9403.191143937216,8862.594761035009,4350.047520603115
9147.657918373288,10620.421526562614,4927.697133865474
8905.228654243661,9356.072672195784,5093.723535348428
7780.013800734538,8648.901780429604,4403.27925318939
6434.423596654319,6514.137149023193,4705.677468743057
9484.187648747582,10053.036838039829,5785.378961263828
11052.245751738496,10964.204106318164,6418.568906221365
11414.79162568695,11390.193456048131,6312.527632945835
12495.430324852898,11367.949232071538,6061.553019392768
12220.786449255202,12106.163480991863,6564.294542016625
11298.26942822422,11449.068481985236,6491.008405889403
11252.616907961556,11219.627645077551,6256.842964583957
10955.681190485917,10323.85421997839,6846.388529090085
10600.477065858928,10336.852823871686,7422.445882083624
9890.731350707216,8718.185547302332,6663.232768487128
6693.724311034113,6720.690497741056,4228.702424588925
4841.9533940209385,3987.700002752831,3239.297537163761
3166.791330471004,2648.654965159078,2700.864950992612
3252.762837299262,2584.261774967316,2427.5748185707566
4936.721284680253,4194.536163973691,4021.440087543158
5456.546146252869,4256.100492414152,4292.7267982560215
5890.292248430744,5471.634320139965,4666.956220705268
9720.600154297044,12020.904857674288,7944.406382952004
14308.469832603718,14781.275530741696,11711.512246840177
15227.618370421134,16573.989153838214,13424.76745794205
16630.829064813985,16864.848082765144,11694.701971019298
16821.103528418396,15347.063788378093,11649.912067350737
15806.852836459788,15175.803672077096,11822.57349060407
15818.671231343682,15613.151690180364,12363.905014162332
12717.673154923246,11776.839117562777,10916.979938610582
14535.623532118469,14955.884759479852,11960.022502458043
16078.376893881576,16292.801053245208,14028.64212923715
18136.6038704738,18330.871318925834,15079.392991252858
18679.326993582246,19018.17995903788,15991.615362408216
18667.128888587085,18765.980559546064,13180.22597402786
18302.98094370113,18371.1561855858,13616.182101456478
16851.709095416463,16866.71569443171,10530.718237075718
14585.234846235116,15827.68473366591,10400.518885878317
11988.86478875898,13167.836369313069,8807.252197287793
8055.568615648389,10292.87075816587,5483.612601276636
5566.261686057241,5670.844735536202,4675.75842337653
3860.2132680843984,4705.150269471636,4086.7925161043
4706.386244931167,5184.894795153735,4728.716334973733
5291.339902282867,5432.282974044428,4965.007009196983
6443.087414542718,6951.968581551897,4753.647040565242
6600.681989018395,7179.490438096533,4385.95366113508
10955.983864738717,12434.122907082969,9804.7523798196
15273.39423279126,15026.572420133773,12372.93990653112
17205.809485401667,17091.650169671688,14067.867194197432
18635.333744903764,17583.043514785193,14719.030371578268
18444.600981437336,17487.140216838336,12879.016992585848
17759.676387476462,16951.119028233454,12401.331072604196
18693.78963179805,18191.78379707688,13275.287749316807
19850.98227819775,18486.37816152488,14001.247264172604
19196.80716253912,18943.992279315426,14790.779615871776
19098.65925934692,18155.58503461521,15133.986015104689
19296.92646077005,18134.68445400877,15545.934311443474
18288.83086304095,16678.9499022267,11671.816425666684
14907.224011378794,15529.43504393868,10166.364571215803
12116.01823256472,14162.81957744706,9680.433268616522
11813.084313358588,13116.5440458868,9343.087813994338
10558.266564143603,10897.708225622764,7526.893714291387
7785.127388606939,7956.031685402127,4551.952098109017
6761.963680381522,7963.090640357867,4046.142882791323
4444.884668575202,5272.013091615743,3468.135382641141
3430.1967062942,4322.841358097801,3355.48307461918
4301.783645691726,4206.878718172522,2704.7468126448603
3820.8094609049176,3445.450095056257,2708.740522919222
2602.107066229015,2569.0635182984706,1627.6132364091236
2847.6169966934635,3277.610630603453,1699.0608939816236
4099.9486952234965,4270.267159656631,2160.464243806256
4320.3775702918165,4663.804907751936,2147.088000133381
4772.374856079986,4801.357088773509,3130.839275672655
5548.814353725904,4490.941202529018,3617.028858728053
6473.934971796743,4719.080813066509,4273.58639259634
4942.070662868961,3436.3249814288447,3419.687364124099
3900.248720807228,2850.011031956082,2699.473002270586
1962.349494759524,1364.8728960746746,1648.390466624296
2789.114307570939,1551.8084567016683,1614.212858940164
3695.492860696691,2473.203644308595,2717.795756876841
5084.632581558838,3854.11818385075,4064.737576392123
5780.773009477581,6024.159242926509,5224.812967301709
5398.909227529699,5643.64718997109,4959.986970785558
6183.78931684561,6759.068891060139,5671.473419813151
7668.57874443858,7229.197165065991,5459.4422374338665
7458.99791370605,7586.02369931321,4530.547032701208
5738.270450638406,5252.8328355501535,3815.622478398111
3253.9698424748444,2951.77220756042,2611.031775236852
2727.4728063692214,2526.5281878023266,2931.9678287028382
2377.036805353406,2133.7861443079114,2570.5662290754544
2260.55298299163,1999.0438615223889,2132.7815077883934
2564.5685188040147,1956.2832879438267,1733.831138935391
2113.580598206336,1709.6632382249124,2184.66409235586
2198.060273963726,1681.8246529926969,1760.1958904520166
2697.4216166245897,2819.866513761469,2158.789380398017
5616.267648749636,5169.07709354935,2831.219858144566
6267.2814347819685,6344.638795320803,3436.5109539579344
5969.040620325613,5319.075836510369,4667.610672110865
5287.479190270007,4559.965479016664,4059.113146579272
4877.840381096064,4069.126638291864,3771.3833371674727
5444.325804269927,4547.963311463383,3981.6022112840687
6763.993147955184,4658.862755323658,5282.450504360371
6950.078003775284,4849.190032493376,5081.684923263066
8128.112624840525,5636.889343653141,5194.390004374725
10473.054547616928,7734.826680297165,7976.792588020611
11089.575598292304,8744.509416548528,9598.077787456614
12478.186658270237,9920.196678230224,9214.347614797984
13031.06331715961,10272.271180068645,9301.749802432312
12766.282709979823,9464.83563008894,8052.018409983212
10495.680272427267,8759.039360178062,5669.91194785959
6365.370822445979,6086.70170098051,4369.8439860347335
5248.220231179655,4249.177199110072,3020.335577396416
4011.159773820456,2983.009785834068,2226.7500320815275
3928.806561481765,2640.7644876487,2488.562295559204
4060.770483039869,2801.903279771029,2232.835056706961
4092.9255515752784,2714.8639410013548,2559.209664160585
3884.1844013905406,2879.4949834400686,2470.842320326391
3224.5628701341807,2437.5858506890686,1348.954348068754
4173.159474332438,3537.295955001649,2608.7755793392644
5640.56305084041,5485.490687850489,3237.7546771538105
6402.926350934242,6023.981735929836,3779.192410310838
6161.833733489663,5112.222179161882,3188.085780338625
5907.676620350764,4785.735601672967,3621.6448410697976
5792.22244943222,4607.722195445697,2990.842738475822
5504.531038568854,4318.518661218996,2753.188750739275
2045.2926527607408,1408.235986337715,1635.5128541288082
1842.578154235052,1626.5576206249573,1317.0087225880216
2384.8104063412093,1754.376088765204,1436.7561945184166
2336.544218782456,1428.7258986779254,1331.2971314327303
962.0019315517824,1050.878057491345,890.5013736601674
975.5096042474034,1023.4156512143136,346.6526885474965
247.18371578208027,374.08606386544704,88.59362270720105
647.9576540950845,427.89194978688187,63.97990045690644
560.0300019846762,238.225856588162,245.54584783852
278.73734018142846,149.42792863917484,244.6164462783124
111.4614952461766,157.58728668584337,239.15845013310783
81.29716939795844,363.0514471719636,148.9377020344882
182.7979220871742,256.5783855740225,8.32628761865045
13.446074108744998,40.6838432176147,-70.43531700758327
258.3753341210943,204.04433670688584,-10.27441810777376
374.4854665470762,254.5382408150712,-42.17088259530588
333.24505303433136,167.1201717057301,92.50453489119371
917.378426478943,682.5422833466208,350.2448770668589
1262.792701868218,1598.021776595007,329.09747213740405
1843.8957823470712,2779.575963563591,896.2402009711793
4861.748139334783,5708.378582075996,3478.5220699433667
7345.437251740502,9073.086359541276,4704.182422700002
8541.46678644753,9055.930605745703,4993.5538831306685
8780.513694304298,9522.732914446078,5067.528488096943
12403.76635734494,13743.18770877699,8856.126957793655
12011.85527303598,14292.85114918753,8896.898317369078
11336.794277978855,13764.543442627895,9797.085986907045
12454.883665982616,14667.939549156785,9881.761917765973
13427.967758696064,15396.771125401348,9417.526412818792
12580.977596912942,14154.765836159691,7106.650764861682
11701.470363456703,11870.10139308853,5164.885064869268
10010.495031876915,10440.927587904382,5848.282197062496
6698.211647239051,8681.931354363844,4829.0166364365405
4751.981085264732,4862.054488538575,2491.066123798797
4500.503283416375,4924.923471412614,1718.5441848910318
5459.177073861196,5403.353575545772,2337.3918138163804
5298.02527080906,5709.09176507255,3438.532227497498
5991.19193281264,6306.714105733794,3845.4320789090175
6911.328833136511,6969.438164372176,4453.8808766002185
5672.2816520253655,5627.085697659316,4369.972107783544
6217.596092676678,5960.976885198005,3741.4565436750713
7626.354222441623,7038.454387517475,5100.408245186235
8807.273303911226,8653.014795887431,5751.1756504401765
9787.889687726443,10023.333049088042,7416.842144505442
11169.877410062343,11941.910679904657,6542.291259997915
14330.246178989692,14828.774663578484,9773.673479355926
15531.393587726676,15639.07861496205,9749.836022354631
15862.55117555743,16027.603184282636,9245.124687961194
17690.922572485197,17012.636012996412,12246.326128141674
16057.582551200278,14152.14052951818,8061.242260665529
13351.41620959408,11743.197145739146,6083.583986712773
8094.875940692513,6987.12399299103,3175.829635942109
4594.494657364196,3845.684686470399,2764.872588167661
1826.473198472265,1422.441985563321,1033.6954512505863
657.4835988066492,497.30918888465726,757.7989140959237
700.4822622214277,415.3297349603471,236.5936871591519
553.9110451503308,140.3455586935318,115.62708910214177
555.4561097110511,353.4542592753966,55.77994878228602
537.8289200744083,-55.26515356304044,451.051247076916
596.5620117033601,207.71713103042185,464.8474731985916
790.5337261115978,307.9466307783216,1163.6048509901764
1681.4291952609706,724.661433876249,2382.197191720669
1690.8359089402904,859.5616696936571,3215.457382149604
1431.1026654727098,769.4852760379388,3584.884223789445
1213.003053620331,920.6670628153372,3351.0152378356656
1089.711832776171,614.6933491439388,2347.1535737649897
888.5097107976216,425.187477137427,2459.9116296405336
1279.6912837784005,475.2558418831036,1542.389036793581
941.9995555985486,321.98817354784705,1102.8684550641146
1025.6994153418843,14.338343226302158,768.3678729574515
815.353786501444,78.89298683532762,253.59993251692293
785.6380089764044,-162.73631175219256,362.7884245315821
693.4804596100421,38.48619820669085,-4.075234179556457
687.4988286986113,233.76289072425163,-13.61186745352795
714.38480299016,321.16499254177995,-60.42672740137307
650.3324104615378,130.13008656972806,96.58498601456915
413.1136466398287,-1.2121562048629708,114.37017593958592
375.9622836956663,195.26441790993283,100.22806150035852
482.78603622880615,435.8054008339078,187.66850455545256
1134.402356661721,752.8140368590124,252.9389944829124
1676.4052958883474,1635.4657172656764,556.1477106159881
1272.077887347967,1556.8055188601215,497.1442248466409
1229.4686351390185,1219.8117172856455,609.6950858391212
264.65062639934104,-91.74240797696037,117.32969151479855
271.75545961589427,208.25064038821083,283.27001659616747
-77.68554306564648,133.09610993325907,87.276431168824
307.5647337698884,-181.007928329942,302.0478567646766
376.5308227173152,10.09803028258048,321.8015264482349
448.70251152959287,43.62314324326177,221.2539457938956
521.5286100683625,225.493544580326,214.3234160778618
186.7835249526931,130.79428799951165,44.12305117468024
355.3007633125412,141.26976902304614,73.55337336840525
428.32857703459376,105.39640609853592,162.6063895594861
549.548402665971,335.3641013569068,232.73762707801689
972.2922678866772,408.3222716365048,177.58238983871922
1086.8421867786187,670.9753330905033,143.39254103898745
1319.5324562589467,568.6329317235321,352.3028098386798
1183.4609847209824,593.1596405368043,209.1845152910544
1278.6567342238377,740.7224986239736,327.5787989027317
1374.636156259971,810.6018597168745,376.7127689757427
1417.6911614190572,725.706843510495,397.17571926944703
1535.4636524332702,802.3614359348077,302.3300084308771
1344.679247157464,632.828858428678,288.1128547402648
1194.3510145146276,586.1485795469179,256.9759330557673
1310.9602090603337,579.526235165404,128.76862121871503
673.9055268788435,482.45922923308336,95.0518601347068
254.1129811166634,210.9364399275447,242.01599976130944
179.22313920570903,326.72737146333526,123.47051999090596
70.5268720392886,14.425208861587931,176.79318029798117
-5.156859923022369,9.917499077988246,172.64033996636803
-4.981009021927585,-57.16659158592529,115.42372279367568
-51.72158815539274,-122.80063149384232,13.158189139513985
319.4741360934776,61.75916943470092,111.4624207012594
93.05374860655688,-4.0851417341782215,81.8619115534113
81.0409881220474,84.74124478910774,-23.75468157963933
9.329696366274964,6.610800097158673,-101.66971340301176
437.7823155726336,122.5399902727479,37.348017570194045
528.2548677102161,468.7408284950139,73.62303390515245
660.2252514879877,529.805337976485,387.8355957583084
569.7374266927574,596.077248668989,900.5547518330417
445.7031015721114,119.11685891823996,138.63662815756484
379.36486610842735,52.28189287815222,18.204802391936404
585.0352591190504,38.968561484230975,66.38563488129275
401.79320952765937,41.88543960671389,143.95403838313294
435.2123469705325,65.9513963094439,38.21133760885554
550.5525299972392,22.09892819820957,121.10647932467434
633.612104792247,50.65968664292056,-3.383711271360401
235.515779746238,-31.218065360628707,-38.02807261870607
249.64896994190656,129.94957584504013,139.0178657402798
95.04808669523172,65.25817507178706,10.2307586669984
207.7144979968879,-0.248043618830562,15.374924303034566
5.481079405364699,-107.73697268471952,121.70129962294504
269.5153945236509,-204.8551072116857,-2.8677109236860376
50.6772415933773,-226.5332987606757,79.17929266504336
63.06946338233918,-254.608987233468,90.18560024056492
172.0413865225286,-239.1719184951224,132.61287276595164
212.1262286624905,-12.729466368317986,198.8324554311357
232.14196523673715,92.27123105341312,245.65427652437572
402.7185230351234,189.0997873608671,159.1865817886487
603.8477041583434,250.08516794933507,138.5345063519785
416.72566841356,374.9102135476986,327.4073159771183
664.8088619402059,465.4720831976943,313.167366532092
1210.8112602047847,935.0235501742984,377.88540159251903
2030.3034396297369,1348.5071075227577,983.251602042507
2280.099561497459,1288.2971890729495,1679.7945050859903
4629.69569432684,3801.773160057163,2303.5966687668765
6920.6792710849895,6402.490787829664,6665.7618477549
5612.964343493963,5832.757893792204,6743.731506252235
9279.910769634926,6540.313733788603,8598.420535310694
10216.990522840297,8322.955885906767,10531.870996505244
12348.898786108204,9518.05838468156,10805.636781796862
12364.492027404982,8612.947179852374,9815.311116054458
12370.068083138582,9844.197513922642,10682.250346581915
11730.572732093977,9638.891976401334,10766.860529578096
11603.743985490097,9664.158289638424,10084.116596033396
10648.437083943763,8829.846513926916,10542.722424489926
6896.120159435414,7776.533066393726,12257.269642667725
5337.431294680682,4868.186682453124,12089.834385436769
4761.622935214254,3814.31894368259,9056.104683124888
3992.276591237676,2645.221998464751,7391.3050493392575
3398.835532344086,2250.2598469607374,5780.122303075941
1397.0276796110204,584.3370880740719,2884.014914914584
1296.5847186401036,1027.0364325178202,2322.3560894690027
1162.3023512787993,840.7226709646296,2391.3754068168155
1185.0043640925685,750.7342321494876,946.8605372852832
1153.350521812043,741.716454347988,782.2977399598867
863.2891489683396,324.59118187937725,763.4842653227313
889.0334869849952,89.56989098653966,510.1520614063628
458.9843930341799,555.3755736805533,488.5097972273026
1182.5351841209315,503.483177468381,397.75296063517953
1158.5063031039845,790.2731317460609,629.5139284295602
-28.64832972632546,70.64486490733931,413.154082906024
-239.8592299700534,-18.71812260550752,193.9806339974608
-426.5181401270815,-136.68472040409796,228.97061422616585
-480.2103188503387,-18.51259828317216,54.79733410362444
-446.68458783454633,-160.17142485824968,36.69034320648209
-668.5374792116115,-282.2294796251654,-105.2992684861536
-180.7474020614479,365.9021982418615,-368.7179730940152
61.24962851389536,752.3383625099631,13.450853913804862
-225.9554155752444,-19.28968332804588,-57.56236820617905
-510.754330428703,36.63494529288661,-177.78178095671757
-110.65241122695998,172.044802953533,371.6315436254805
845.1460777874025,1640.647466724552,1318.0574168498547
574.7813515840304,1456.4967443752455,1279.9691512728652
499.3382397059093,1388.1229174031585,1329.6486331283793
145.51910284863996,1482.8734989647917,1357.04695476786
374.81891985122985,1527.4751445195295,1622.631278457034
2251.105767886674,2084.104992062369,1619.573531768936
1964.999088521732,2054.3008413489733,2430.001151817946
2036.8107191832696,2385.6368242126114,2676.108305660885
1816.242080553813,2577.964767583336,2896.096961249781
2288.231074896242,1723.884653508988,2246.889371537783
3413.254519309031,2672.256812614545,3012.532900257464
3810.470737471189,2824.6689243017145,3311.351311041321
3413.428898350183,2109.5985793871505,2638.691749366624
3276.735557930092,2663.957674400463,2509.2805552612363
3124.9318182244456,2234.944642616024,1813.5742503218548
1552.308484707649,1502.6171004270825,1520.0660684131146
1631.48045208625,1356.0622522172052,1607.4908287112137
1575.1001462873592,1147.3550721073093,1064.223521144771
1339.2888418342393,773.4195681703524,802.6960618412247
135.56827054505678,150.67100753885094,32.750931709867174
35.469605704449656,-137.3615204702594,88.47238687727302
-61.22747730832248,-96.39069121056468,99.35232751179048
-27.28982883068981,-80.24179811241912,66.2940770486198
47.46491889686591,-119.09453261733816,17.593343202670063
-23.482737518708603,-77.36419454340844,29.93392743423897
18.99934662831862,-67.33141736734166,56.65843361171152
170.8269461063264,-38.190182318227095,58.37331118125968
133.7131954843856,27.35125185616935,30.1424710356508
138.80045791912363,11.852897395863554,32.05635174822326
502.8223960667767,253.32635869649835,331.89835056552494
466.8869090981184,354.0760768827093,351.8404749026828
1639.926485341481,1317.4274560263646,2096.7575511019777
1756.4018336483848,1438.9460585902011,2047.39099871212
1930.431892784501,1574.5667582255985,2008.9892737313849
2990.5374857535057,2172.231526479019,2904.092319829725
3536.301429910661,2505.3008272590014,2855.380396247753
5858.906960029043,5452.443626157559,4401.392835166237
7421.769670756467,7341.067950733065,4991.310980244718
7231.656044867976,6740.004979619962,5350.046919337899
7005.152210590863,6495.033734183359,4749.517915195229
7017.918130648665,6083.4728276907335,4639.32160965468
6267.424094988475,5800.74120487138,4195.120994113004
6142.037542137217,5253.769247803588,4872.0294272450055
4583.819138351264,3895.343660491862,3221.979695311088
3480.4568342577345,2580.2050376177885,2707.82866907452
2762.607297583774,2655.175691818843,1798.076633493843
1725.9552299558231,1701.55913092961,1359.0715992265302
1107.2869343098837,940.4839990128484,544.9446640726626
455.2491382591692,439.0063429118865,639.8657201126152
223.91787624331263,316.6038896474783,627.7138682423188
319.8432028606304,345.43214040241463,766.8080087664325
948.2201182739634,723.7524842053291,979.96313552134
1169.3500578216574,1716.1192180088049,1115.643363893078
2579.653843470837,2688.7659025111934,1667.606137753252
3358.740857032611,2834.455133002101,2246.42382307683
3714.817485774968,3136.217645681529,2864.533844079597
3085.0453537091485,2610.755199715521,2646.633460880448
2213.0711949877686,1729.8704333613027,1577.8500854383535
570.4201243874987,221.22778821038,204.1000777269903
1159.0797980529371,705.2281018028042,793.0928347405589
895.2009584157012,864.3885341593679,1051.7907828744026
909.4328904324394,974.3488174270948,1049.6793433394512
1949.4224784959008,1685.4777898130671,1411.2646691144491
2615.7124283885432,2106.627108087906,1767.3837178781887
3485.759969915405,3640.580568737091,2269.0127627993083
5193.881322600359,4058.921948052521,3475.0158471771388
5150.541824402415,3983.512659914256,2295.518520425344
3948.597161642444,3407.17935895509,2198.7816330157475
4811.165332052603,5702.999459548337,2477.557518021501
5291.374099115221,4763.264827346154,3695.072833462693
5281.592109433002,3615.138321750524,2910.374603548622
6630.8231533055705,5572.000410251392,3849.264797089434
7430.415147866769,5939.199686707269,4397.797281241286
7592.759099882073,6165.775253253881,4163.038977666432
8042.298487431126,7328.94508172069,4793.3009599360585
8839.739917026689,8688.60614705705,8648.838950287456
11014.06120167297,12034.843832616543,9979.905408636989
12494.644611471464,14788.655847460304,12498.396607982071
13285.574799953492,15970.660338838466,12350.38736547997
13933.338178515813,17088.23743089742,12544.556616022714
15643.883199690898,18040.640224913263,13898.835223960628
17664.379094297372,18464.12650448212,15101.661471384474
16125.526289636802,17956.999083604285,15289.142641982638
16025.903500953673,17489.118421268227,14092.754361417372
15745.494869940829,17312.168433132727,13688.44731125341
15398.638476615257,17155.051360512487,13962.397281355508
15522.754915827258,17322.075737713843,13826.259674368524
14844.800483768222,16984.912932853833,13294.10899974719
14474.722537595371,16217.914769327424,11931.964893333014
13748.772938953838,15567.342569225066,11126.565018504623
13525.967030430093,15735.90139520724,11230.323819376212
11369.873058284014,13845.81966790705,10873.344438052734
10450.232920833843,10474.206274595985,9227.056265593636
10420.946402443951,9970.203230057235,8512.448040033256
10231.838476367968,8675.362415042395,7250.807139900505
9255.597357366752,7279.3599186185,5406.178697540062
9262.20686611586,8572.603916844078,7321.018995390157
9394.973839781844,8674.101915164105,7872.747765076951
9367.522223115066,10256.35307301695,8558.582515238946
10031.991619677055,10195.842280068018,9869.735329246532
9172.504412009095,9663.251872338007,6359.025610679312
8475.202520591532,9791.34513285376,7362.445885440593
8495.081252805076,10131.70464200834,7693.53306025108
9624.322414626016,10990.871496108974,6793.628129971084
9672.92997399978,11157.026917094565,7436.457873121326
9897.144683019718,11719.668965095783,7652.634691906484
11259.99051027378,10933.484231480032,9922.841502016898
14022.278989537726,14524.477428448825,11765.006770588743
15499.985534517378,16935.125031408043,12786.41208612358
15775.346699627036,16814.326365000186,12383.406260161792
14854.729310317183,15548.98591505736,12390.541034658156
15539.308592610176,16455.320008579463,13322.914060103554
15059.22136726389,17054.229979552416,12852.86459603647
15145.143365176991,17055.257278037996,12729.711541523018
14554.581949142505,17060.869837084356,13269.347381037123
13656.153131086889,17173.99186626237,13400.204212862716
13178.953570609565,16092.714304566443,13457.23359480248
12739.116776929492,13173.417426928208,11105.900715259795
11659.276849383394,11616.399587140811,11081.738252447003
13348.801459008117,11640.887773517148,10787.952430040648
14078.22725777333,12736.583084876664,11348.030343807755
14534.742595536542,12876.505409082549,12344.698148719564
15064.079761714976,12788.708048175542,12353.690330744974
15021.460027779582,13478.896766888018,13605.769455353286
14840.463016960484,13244.19617577963,13330.888780261224
11160.038942210884,9864.42024632667,9835.662138762009
10384.32497403393,10636.242595724336,10144.394987056708
9784.615156255464,9044.41729510224,7489.341832863061
9592.476553888064,9144.813421592084,7181.448539912845
9617.783113043664,9293.163999751676,7189.445906465278
8728.66267166814,8791.603572409987,5241.539510252242
6873.93109459013,5355.1197802889865,4494.535853370842
5462.1993912056605,4218.451336842138,4092.463728474928
5631.123828888491,4078.048883601986,4049.6654320265375
6597.443098119217,5883.616674303802,4354.086831247169
7624.335921255093,6717.910174956913,4053.029425515071
8162.845824794432,6900.87170332296,4787.510695259698
10149.884334315911,8768.694493961053,5117.063297295547
9432.966585018092,8920.99398909031,5000.572378288208
9012.440828775589,8340.32797272247,5450.468251898642
8846.97408810249,9385.878123615446,6903.723346870243
8477.579400417595,8351.30410462709,8705.516624234426
10935.786119008448,12840.68169229324,11534.79645348911
14896.464438815903,16125.334443276592,12298.949939885952
15298.31955983074,16430.227942063222,11792.94793467512
15844.313071567309,16257.832333350714,13410.91690662352
13005.112324534162,15647.459865054854,13511.253196491323
15211.238873357011,15582.533011711905,14557.326103990516
16033.06879507873,17358.90040304688,16688.762018265177
17381.95402448359,18609.608898808696,16728.58594585534
16718.51035081813,18586.648734986,16879.50847970446
17810.940166625685,19344.107181785905,17029.493146338307
18610.537672538623,19828.179633300297,16982.217165206304
19899.1135336383,19729.487347457893,16447.247914792235
19050.25304964561,19651.44078888699,16402.533108557403
19237.60999268967,19751.306276283085,16792.089882890956
19446.995552694912,19860.48633750024,16623.547096817336
19512.87384880073,19869.587980459644,14839.786024769295
19340.59380723541,19772.07697897648,14585.891872932065
19555.12223123274,19658.16346497236,14862.9136695356
18958.61709984193,19512.777430250007,14622.60845729083
18629.29477738821,19166.868151143102,14379.39714358685
19310.624971935147,19143.14295726109,15275.385747077484
17817.79211157303,18909.334071658315,15648.175651253909
17370.903295332355,18381.164797752102,15855.670690022223
17742.84755233372,18751.47162346043,15403.858662350509
17789.479770411916,18481.05365665607,16054.432569252993
17644.164890394677,18450.09872885836,16358.50611981483
18009.422580925748,18773.943322054107,16478.90044359013
18183.688239225627,18674.852156209407,14383.78640127479
19500.69673075649,19243.356529267498,14082.844632692282
19409.537797820507,18882.542937717026,13855.237230826802
19302.195813118607,18951.64481540956,13769.44106718385
19014.107280380835,19091.15153055501,16025.049272173284
18439.65167668579,19086.90459545345,16081.787840165116
20249.33920083639,19383.723443896342,15559.02243174354
20224.596426221546,19412.04420671936,13076.88578060703
20049.06660347897,19420.66643705633,13431.906891457003
20613.08812775984,19843.77635401632,15108.133142772802
20268.52367515457,19614.75991625643,14838.13665414636
21429.001922265903,20225.115974242573,14863.554006522812
20507.303018632345,19943.22635831233,12675.097041050372
20479.00225777372,19850.381319592576,12713.194795918327
20322.79752136424,19732.9126127872,15431.092749842664
20012.64623203655,19636.377725493425,15902.668944902778
19158.087151227825,19165.92488627641,14992.073385100122
18766.848946089125,19181.0805711111,15674.01912326054
18816.877604035504,19151.812860066093,16566.32892255186
18876.82620841047,19888.14430975109,17349.711217606986
18816.59722172396,19462.115617745163,16085.647410935238
17150.046293016007,17570.297338424938,15054.541009250384
16895.250983495996,16421.457415754816,14842.906312039831
15602.888821452298,15516.631164537774,14405.311173738406
14951.354014892211,14299.52644323378,14363.617408126907
13656.059544427886,13798.670107804805,13270.473440897817
14448.176670974948,15188.354317820049,13633.040961312689
14867.783895726086,16428.64505677622,14454.317591201536
16613.294197992043,16644.976178576635,14264.515835816055
16215.225957495964,15774.473148943334,14347.88925443816
16756.9176605082,16753.367959996165,13930.055008522628
17484.51376815741,17305.52320702691,14171.22895086472
15927.940003884005,16463.602907702585,12744.255360760832
16704.346327231448,18730.24145930036,15427.165950019758
15206.6463152112,17654.250487405192,12478.449744431262
13200.295265964944,14009.655354231436,11714.39115205613
11924.79936152652,11505.468132924192,7976.99841355893
10311.513392974652,12085.024269458438,9460.543990519876
9637.80563803518,9599.563727893748,5832.452696647776
7599.799137801488,7265.991568591372,4406.479392983719
9425.974116838705,9149.213492056248,6183.092636004495
7393.914385005236,9617.755482900377,5616.736180028176
8409.58874345684,9226.986422649674,7132.347359017556
10109.659408364889,8414.073675653855,10166.313778497091
10358.722620843486,9927.3807060886,11290.82170761409
5154.030568489961,6138.005637117574,6676.413845792469
4000.027619984118,4356.232763317559,5029.099184728023
945.6533486429752,1629.9331169124066,1556.1328231543127
709.4781597030862,1026.3369658486142,343.9792319315978
961.5454157791208,925.8729080911836,646.0266363381289
788.433442810555,481.4602011287064,-74.979147105886
1476.923877773749,1716.097686168952,429.07530381451033
925.7645024330726,995.3837389772076,886.4157172401522
1021.2187839523268,1232.4385887376632,797.047624001671
943.8038347042362,555.1970278975199,476.09635036196426
885.9638866498424,746.7811351868727,1228.518914321796
156.1695259822669,237.84196487640847,542.3355312499093
130.3236510007383,272.039495307687,461.3352698473147
-56.23075487678355,7.317773666299127,344.6182932308426
-36.18867045359004,-108.9792913076594,70.20573602282045
73.69824844896824,-171.3741562177621,-8.854570086007138
125.35892704503785,147.85184166338232,82.77718203024509
75.88597395046932,73.38536462035867,170.17077621947124
61.58857350872259,127.20098927111091,117.13535184815852
426.7836909165328,343.76297305985344,-106.89842621106348
841.2117567017646,564.4774271498184,208.7969552162093
67.88298018996039,451.86431216009146,-178.8411872992497
435.06023807679736,522.496304214589,166.2933148679427
494.1173907851663,392.3338179733498,436.4454495353618
942.9411010555476,901.9826193372028,1141.6162636167332
1357.003037663785,1379.1897481141507,1382.9297584733283
2506.3239597682773,2546.814187670369,1950.8731548513504
3067.515094336675,3216.366241217653,2749.819191171307
3471.8992760235,3322.6006101107164,2253.2246192471507
4322.159555053353,3974.881824144593,3829.6032458748286
6149.4754906838325,6536.410418075079,5585.780944647109
8951.10497637471,9032.063111837924,7399.870610141293
12114.74496443071,12431.970099110496,11100.8310951258
14558.024433410488,15146.443691598728,11273.36038476008
14931.592667723517,14714.52099561181,11770.676122870862
14825.868797424751,15036.169809024272,10101.768082707944
16203.197017743569,17109.349483087077,10859.222366535125
17301.942353696842,17621.057683989646,11879.647863591135
17421.091445319387,17581.931179663505,12263.249150489812
17093.23509198471,17543.240593494964,12287.880830200324
16254.664786986948,17012.267292392156,10712.397271661375
15513.516051984703,16638.68417612705,10128.222831490915
15474.024681459594,16421.179610467916,10122.011635132594
15271.738387784477,16150.311643338124,10557.942361326865
14255.423418634156,15156.75217634476,8960.343208357159
10774.297547938148,10665.395594878251,7587.837653622271
5994.921763552976,8112.365235506103,5539.33426686609
6200.252329412722,7301.237251998885,4871.312097841722
6576.042993520384,6875.602933351379,6324.673754685279
7737.840267628413,8059.905170661638,7915.392045684584
8022.795660682308,8585.733930933391,8264.840354793894
7955.429488564687,8629.413308476373,7279.670668548091
8929.34719044936,9534.887784309884,8150.515862239104
12893.010607737644,11898.949715812134,10550.627821133716
14436.8234869773,13574.706784451811,11582.858055268573
14445.399067188258,13567.62893603966,11292.570040906288
14984.47837901158,13482.529908350549,10878.2805886343
16104.725459466925,15168.487258037669,12000.987167025143
15950.74211381992,15077.539332396864,11316.74703844969
15293.116084530262,14583.910232051228,10244.84391223006
15603.46375899581,15020.117884017369,11038.864055621796
14756.969417817085,14163.36101049518,9917.290313480404
15079.809117103436,14851.626814435476,10997.58152727159
16074.277453403138,15640.65670196425,11363.1166622108
13245.83589270081,14671.871318819078,9348.307847693846
11647.12201208408,11771.289999853436,7639.239804806812
11096.852357630374,10942.752878670251,7439.996550594965
9515.830031762122,10265.49592590884,6857.722720881692
7771.91773467562,9190.006675374148,5258.751354549129
4322.915713559658,6087.214855091352,4296.621803362936
2999.604183501607,6376.023492535787,2742.1481859186006
2302.5235481768914,6405.066569688856,2655.273591712119
2468.1669932366976,6251.876505888668,2541.081193195397
2412.207057019857,6987.722511951384,2483.9885184995155
2447.2132109094587,7147.213026518225,2637.0332484854102
2534.89279995642,6839.528234791835,2566.9510743225246
4222.795357841629,7477.239167629224,3164.1367086451733
8298.651108510481,9977.902219972975,6730.453715562937
10618.0639107096,11762.304810691365,7485.172630612076
11103.829517696133,11530.60487460149,7785.804972263506
9761.594325991193,11244.498824553351,6235.558855682626
12175.91764367156,14608.95436028778,8751.541503982635
10691.288028113502,12548.936892875912,7400.390857116381
11551.2938806306,13902.967246913297,8906.15914735949
11530.30823758911,12885.157302628812,8340.458619083953
11142.80208254246,14583.45565304631,7523.371775390118
11544.198365146469,14648.26882357674,8963.043110102499
10218.158847120754,14563.53788049156,9921.555421485244
10192.615453749137,13835.935731507654,8782.465455978658
9203.69888194625,12094.433080255774,7729.827315959522
10688.098213370036,13794.247973817206,8179.230885927596
9115.758383732427,12202.42048728194,7643.14581411806
9801.7008889525,11331.049340610643,6680.949061269222
9219.214346746994,10612.020907408478,7337.174909090871
9678.00368777542,11823.95505202184,9032.536125780578
9977.461181711991,11249.350466623766,9464.767194284055
9693.272935827645,10714.394586478613,9321.326694157617
11753.143934635264,13630.087843559222,11288.28470305594
13376.518126902234,13819.973053688196,12500.15729866824
9403.198013659428,11119.993206091724,9675.181026467646
8685.787563257556,10335.216941735518,9441.427656305124
8573.177944001069,10396.57459183759,7562.075443124952
7307.673288746059,8461.012565280515,6397.585979221765
6170.303129243504,6319.36685525025,5793.120522151656
5273.450738093777,4445.479178354599,3433.0315364660187
2819.398799378584,2039.5907294782053,2645.538614856536
928.156394797464,1446.48807040415,904.6474968738116
1172.0287203817932,1131.9128487844853,1180.5621765834026
1302.7280383778134,867.392427458475,1076.9090106496874
1197.5556280383146,714.6287310458941,561.8944566295187
772.9770854198104,1088.8415686426006,658.1515691465861
1130.639773818332,1103.4029342249833,791.6964612538375
902.611080101495,898.4444056670687,1099.6450757060602
943.3728841869126,803.1187629485916,2121.278867717456
1351.6281266380856,1406.7204992052148,2530.316488309017
1399.9034932327293,1695.7616637210624,4070.537118030355
1631.069499121797,1567.3481926767452,3619.985907602671
1303.285804696715,1098.8565185643497,3579.78828477375
1392.249712231588,1244.336630607368,3573.489249356804
496.5471218015382,741.2356951656443,3215.3617522434256
712.296118672082,1525.119927349381,3081.2678438362973
993.334409260306,1949.1676051379304,3455.256107889179
1218.771997127486,2245.256491062046,3564.3496011082766
1052.772299328305,1502.7922256270867,3586.7788537344445
1185.4018124845145,1690.6143303585336,3802.362665375932
1010.1710082191404,1006.2896923423748,3131.247392267543
1187.711352634254,1120.6208670490569,3250.046234312769
1383.11196645212,1839.166689256257,3642.495407010869
1580.107964187386,1721.6317153011537,3644.078982005909
1572.9963891249436,1247.8198602696796,2990.850535371458
1478.0994962850193,1291.8303264132603,3508.9100599997755
1284.585714661275,1265.4438132998166,3532.8637266120204
1649.715668428337,1627.253334248473,3334.186161476853
1956.4453224243584,1653.1961423956957,4097.159583650488
2440.8429111062765,1456.057050509258,4018.427217004441
3220.14181545496,2119.27473905484,4756.601416654978
2854.6511115088483,2615.190360930047,5963.763600981051
2844.5882512756484,2458.8167734036024,6290.572376395785
2346.6637034613527,2321.187755273256,5651.690199517084
2821.513242219617,1995.3627680693023,5921.902123961864
2464.2584159252706,1692.385394585943,6270.751914100008
2631.7346446889264,1550.3839414489512,7212.184119770018
2522.9976433839915,2968.2030446044973,8575.165730588815
2677.602989479887,3156.5631492234074,5676.65874355635
2664.181748536907,3094.453098773792,6270.049417943787
2044.097250561217,3223.982530210012,6271.675020744703
2541.141832368928,3329.215218936757,7289.829915328484
2462.479126810134,2960.535976284556,7801.797190976261
2367.240604869878,3074.605432735892,8341.975270673487
3214.4545727263016,4233.783489449503,9807.94167387927
4071.4360458637625,4585.732174694275,10595.939952860248
3904.002678265671,5117.845513087015,10763.370369553124
3600.6656968885486,4049.955090354936,10689.980762268797
3031.735304020431,3017.997804089303,9842.251598475712
2988.067121056844,2440.7239913222115,9780.398183508576
2961.248708246622,2364.47114838114,8485.78657793589
3324.290374977131,3370.3128235316385,8982.835225900966
3530.013165828409,3019.810821968622,8152.644666980969
4360.345018295033,5121.550224703993,9622.64513819049
4119.40985636655,5183.636694775848,9948.086528601203
3352.3885551630906,2482.3234738557417,7911.062010555491
3871.763301153455,4364.783773856177,8930.872920712018
4225.315769554941,5587.946722844437,9792.185257621995
3777.883424678069,4338.709440739804,9151.464451804908
3786.8982479306073,4567.041112774691,9964.141273206134
3351.649112524958,3159.34330906901,8066.985240521181
2168.7795252842,1981.511346269304,6159.668109832804
2114.883825197271,1399.106820250432,5220.557022426224
1878.0313860484328,1361.6810199549443,4765.736914181058
1756.648627234288,1236.0011098017678,4781.112055287318
1565.4181672659454,1033.646118831509,3541.874622646502
1146.5964440256648,1120.096017467945,3472.3483647024664
1078.1423198664934,1137.7465646625133,3402.2020060851137
1327.6648125021989,988.9731716943862,3485.145415136748
1339.2785640017282,1272.6926852278696,3803.8153017299846
1228.666019753619,1372.6398919653182,2916.6336700219754
1098.2196924673558,1103.2518003623898,2154.2549511979546
377.500361026319,238.39568218498755,1245.0059861387858
190.8725530744284,193.18595526338737,1725.7569010091593
450.4923254478895,281.2535775678527,1176.6457879001637
1513.6778758255089,1173.2523044378402,1381.3860723720074
1424.9382319060328,1310.1135470290108,684.7383553147259
1357.4036791418298,1277.0732450136727,640.6320476820136
1356.1751897899508,781.733036814142,772.3148539482036
1131.8601458163032,671.9804123188146,693.3792674089017
1144.0155624305853,696.3408230168103,768.0003848386139
1153.3374940760564,706.1238352365,1685.8750943761409
1290.1788293757957,1122.4541118625011,2946.13338511013
1301.3224580522096,1148.439653209234,2899.068316601671
529.2435599548057,448.1339937527817,1264.484977784572
416.8623158432207,179.33731967076747,1134.3145443363292
323.90361156643934,-66.44854993154168,1035.6661960690956
154.8680097574177,-102.75618139635638,444.914861405099
368.5687409902618,-42.70772299468658,522.0733344011278
442.53570989946127,-121.13113105703287,482.0691449075604
393.6866089570802,12.714648307675567,439.22127512602384
259.9402413604479,-44.51045022993795,278.0078838432382
215.1606971675252,167.4864678763682,333.96496896584046
630.1866035416717,384.6893302024944,1385.7416704281186
825.0728064417505,1061.3976827987262,1622.583660122844
1531.9527310064557,1043.4672567295108,1682.080353919839
576.6445990957316,599.4619083411001,1366.1557519767248
604.2668110177117,910.6934140950824,1521.906712298254
843.8114560043566,840.2661568714921,1909.574077883669
401.33688517475065,428.9766350439233,1099.7609107491792
651.5137184208377,500.6493008370545,2203.448006791679
814.0366007351588,526.4649300644885,2254.887659417219
681.3279427195838,611.3322402380857,2055.899480408458
949.5034914617548,541.5219896114547,1753.770925345069
557.0699108923097,622.2813539123498,1265.168913183854
1154.333609511982,1190.6468857771615,993.0868784492908
1128.7446561370084,1526.4265240640852,1617.5681685493985
1193.6855618549453,1592.6373249196056,1588.0825730811991
1849.8176134025755,1232.255937621156,1340.427756598656
1272.7496212649437,1002.6764514628392,1834.260589014629
573.0926261196644,842.7247167143717,210.7424456086252
229.93279724678777,263.87885363587395,122.22457304209917
168.78559084941523,48.16543228291932,102.52264435087348
423.6721360070184,451.25159314696566,87.90126432191818
528.0643550328964,229.02582328007497,41.15653724286243
624.741247104591,585.5089181112899,122.60917607194814
850.5454298866921,1036.0168404416197,258.282164945434
856.478720729677,501.1162819333739,217.45713929636983
716.516450245387,446.3131264289692,64.73926970939719
399.2144884804002,303.43029207224134,22.02720845346926
577.3888515304864,362.0123601624687,-42.7445513209225
684.8872483865517,381.51175716048505,154.4652554485372
334.483568892948,115.05436698582326,71.51529355370803
98.38197572707496,-103.9675279801023,84.5758442246887
98.63412747065864,-44.23117758640693,76.36996618948116
117.4963618920006,5.342989317808305,248.3155070865677
32.1384068522926,94.4022233666646,147.7089776179098
254.566819424172,167.3592010260266,138.61143199338477
192.39193685386763,156.21228101647242,175.67982464091304
167.04926161024906,217.6637960203132,220.37370612924025
162.84424861068084,-104.4092197966984,179.35057246938095
187.43285105778568,94.47604316931375,-62.25695992413912
-36.92521317746367,-227.827831495722,-41.512372645352336
142.998280910199,-204.8416712501942,22.316426763322564
119.22114898780744,-351.9223424052273,128.66807051837276
101.75603900411728,-302.4938902302801,20.8537066573986
124.7061331504971,-124.4977720789823,73.5383184447289
83.07157850635893,-68.33260152042241,-3.7481949109149695
303.54705131300835,-150.328576019044,-124.50667048414104
357.158822436449,150.93808920591584,-192.99152136874568
93.00742283156444,73.15748380724956,-41.33103132394336
313.1118398845816,99.61341428570616,-141.91785464629513
103.34882303126506,-157.05339969366077,17.57672372403999
168.8379501907823,-17.427347566537957,103.25909311593648
266.28548223421745,-130.676770062124,103.65034535549158
112.33310865224064,-75.47762180818165,105.4195779804884
175.29850534646346,-118.06955702754236,175.106067504175
39.29164642537968,-257.9608381672781,255.30253215495995
20.69795392645361,-221.2046017183285,362.20811838031926
244.8018496079399,-38.38104966542921,266.71251851558105
295.601819807378,-169.67993047602823,343.49676113906133
290.48894493841567,-123.97751263041928,63.07079640671478
63.2348333116289,-295.0910300961127,229.68012569391897
65.91325710863448,-292.7525592509045,277.4494519659839
61.47266763932532,-171.6053801751829,314.3939976251729
1060.3494819078414,873.7583335325924,440.3271909580063
89.78227367342775,32.92143237572239,-14.895401773267173
-98.61059863227648,22.76881040873373,-38.2572630179234
98.50934054260011,92.07746156822576,-69.76359901110456
-90.2062085050732,202.9195051219732,23.18689261967914
-131.2026203485269,-113.15971403642058,117.439831665123
-191.0811122173457,-362.0317476638782,94.96172375936918
-62.580860387088094,-363.85249440582936,140.9675858420154
-235.8430324717791,-295.8422367064872,52.84813900482971
69.75998548857866,-21.3054479917415,337.7877909479168
665.1924436041704,965.8795153992232,803.2496160253847
1143.7216955339286,1074.351935864775,929.0219262798972
264.1875817821467,829.4378834280163,599.5685973185005
105.69133432435034,462.3626346456942,472.4938151819856
474.66433930674987,690.9786728870957,721.3688094207566
439.7358456755168,679.827633446164,659.0784105486124
-27.52286922840703,194.0100030966021,388.3922928970039
1016.6493932346413,455.84024270885465,646.4269257154334
546.3760873730756,554.230316339129,290.1742184947182
776.4370088098358,590.0759535508467,734.528448729051
300.3950459307256,360.161120020589,499.59928029169777
181.45224308568527,144.1021232849948,613.9411295102099
359.8335620611361,107.29224425533064,1034.286836628387
424.2859422725497,201.9175735934272,852.081817932521
679.7281953994103,714.1760999755076,526.6340788696907
745.1653063053294,753.3654464027935,692.8333136330183
469.4082434089792,444.32480231105455,78.23740356917986
154.40356079686697,180.34058074739644,-230.1329612635305
101.39432162955713,-40.46945853240904,-97.1841671413672
-50.79087420229009,-8.539129419107029,-96.95456429418762
-19.870735234298245,-78.48261303777237,-30.13756328882281
-11.92222885582084,-4.722550994780122,-173.66620405821703
-162.7078859066087,-65.22408666772209,-192.07026724418736
-13.211010062581655,27.54856690391373,-211.4808471365768
-110.4665624085426,116.97901418056384,-274.63457988792544
-139.655698671168,131.1694661092464,-47.03436295460318
-206.43503651791903,117.50929538958106,-190.24101280108096
324.5540459704598,301.95903887505483,41.106690741605256
390.28241956683024,364.96823625881456,233.9508630078641
182.6485466486723,208.76620808610136,-89.04659589714743
289.0648905919387,366.0833421194575,-35.73695875396144
1944.6805124419952,2634.1909076169554,497.447860501319
1235.716393379261,2354.6343112614777,531.6969383244505
1452.3982497338886,1951.321939851736,386.1408341310915
1345.046534268265,1740.335172112572,370.25922197020736
1447.040496377234,1785.2228432805914,489.2073913045148
1164.8539742828657,1628.2659684075604,394.4626932418863
375.0019592565799,137.19854607065486,29.828070534771747
193.6110650727932,172.90873430966766,281.84291122201284
161.26591553621572,-129.3629452695014,206.90234126605804
163.0137676710184,-129.66301654856727,381.4448610086693
266.3764732783658,-319.81385023183617,471.8461577620998
129.33894422098982,103.75798215954028,321.476803458036
647.9927946758731,463.7574564763524,332.7435376307275
238.6400183247042,181.75700674242952,261.44799396842984
-2.857888460049284,192.4858558663774,397.5642839114277
95.09070409296308,403.59346007157455,656.6988270023654
689.0512182935055,473.7549814318973,776.5700520497751
588.8101613562168,523.4853225765141,600.3451299546211
680.9196862932955,635.0847601430378,225.46505167157545
572.7260253181753,495.8048318129528,199.0887604225139
986.8677978864996,807.4726292484432,433.8304182883798
1474.9479636185408,2004.104884191332,1471.212484365671
1864.22022107274,2692.925434255897,2054.5835218927527
5482.138544568767,6275.482805820767,3054.624867957263
5799.232016619601,6045.226682205356,3228.0005313283527
5219.224620401286,5561.740742516423,3290.118330191917
5206.415501315819,5382.774031590395,3183.3781161116253
4061.865247974768,3819.505638631443,2104.770338068075
1982.0073943361915,1656.51171100303,601.3677918386556
846.8463329144514,943.6352986669314,243.388634237114
167.84582907061127,349.4628794068326,46.7246222589232
201.9201391481577,248.79441711471256,90.49516545990171
-42.92399443994563,162.5840102457498,161.61100153421486
148.1686814080623,-34.57301171604486,64.29531215652675
152.9109123193305,60.157872213126,144.95215232440793
176.2361446330644,-10.774954167693778,184.09336362884423
122.7985092810103,149.7769525038964,192.29528874853648
295.17989922498464,35.0530706704016,38.764132883442
359.6387439953005,82.30089251987086,26.71456164677528
278.2741015817078,-32.12562623535817,28.453458175342764
388.18453105226206,26.06600584426481,195.90728199803868
1725.509718482564,1092.868337069462,902.0542623744047
2816.548517119232,2926.8365804084924,2128.133974317815
3036.828457747102,2555.3201887820005,1947.6653325989944
4617.518864119028,5828.718356542341,4249.3503847121
5442.162852832323,6285.7650950523575,5087.101188606646
7220.442916852945,8701.942882966492,5944.94318249111
9703.13562300632,10925.223104427248,8824.120091545508
11311.148944146911,11786.688561861312,10871.61512095806
14761.494978354756,14918.402291788612,12765.939867842828
15964.126927462416,17266.762730362836,12573.470525114884
15695.344008547358,17911.247178166384,14017.406874170292
15624.891865024576,18119.559082558568,11584.288525457556
15616.395941564531,16090.756110051743,10153.242567836522
14639.909510777,15817.307499336675,11607.259990775625
14623.907813880323,14238.292084993724,13226.009727261597
13515.27856472372,13827.953988005314,13792.953236172689
13220.52584869499,13409.799173480676,13387.247602282252
14398.171542766526,12920.424471406155,12713.402765072024
14492.018670721469,13225.284742815638,12392.043433331231
14161.891818497896,12369.80991423058,11718.248103626174
14351.635429076552,11278.932671881106,11215.918757247186
14173.930293406363,10869.813422166331,11024.950149575276
13823.60340353513,11018.901647269862,10819.651154344276
12789.562529114088,10610.338856862174,10218.667852165603
10770.88863286899,9019.144278532043,5052.321156343901
8030.100709912887,5997.0295750455225,2526.234890939807
6844.843904971463,5409.217584586895,2411.383102664383
5933.719892756739,5678.5768698680695,3320.853451057601
5785.094520228103,6350.195171960088,3479.7970387384867
7033.86781332231,7069.828061795321,3954.6558057405696
8308.503343173801,7186.741916215845,4933.701167897867
10224.217546365722,10529.249975911533,8866.303571703307
13046.765876362795,13689.351430661338,12202.780741257724
14277.538490349696,13661.038553281043,12586.257214134075
15059.231920358015,15804.422879773349,12611.152620516616
14819.353880765248,15670.070832017362,13291.319708916692
14323.27796466039,14735.459537992316,13384.352022030209
16267.296192298754,17223.38190264597,14716.073820248126
15816.679296214272,17344.45266875009,14644.806717023455
12565.05948083895,11817.269742286971,11509.014190799126
10219.701731132844,9199.530722866552,8497.870133200544
12450.111579839571,11477.177173624596,10486.354638425131
14915.52255083269,14677.019236052149,11806.288642042176
17149.170123398377,16460.93791170809,13344.276044287111
16916.08964370394,16706.995800055225,14059.073269716757
17398.587609514445,16960.497700499785,12544.384855853146
17189.566798183696,16963.67540882502,12874.580021858712
17135.417619712513,17361.06370470236,12967.15894674798
17364.110533936873,17616.907294214932,13353.468256687209
18019.22146333111,17898.369342297246,14112.498839956006
18036.458002037616,17790.084122881108,13922.058621028673
18070.133662480617,17656.992622640737,13195.340806806951
18142.385381934306,17418.98933379515,14038.804590235655
18355.16775778299,16800.71616445682,14139.22589237129
18047.796728184057,17454.092231272298,14150.030168748644
17470.720217483246,17273.270964765758,13664.72578136392
18136.369187109987,16428.763926911284,13593.48051947773
17582.48486843712,16521.046059611213,13369.863597307878
17624.097818791415,16429.737080148407,10669.890213167197
16471.56076176579,14987.771078937922,10102.74755226964
15948.457349582117,14498.885254677329,11323.658886038227
14495.376617229633,13598.40536220212,10849.542740444544
11830.838522347418,10386.69322391706,8354.333581424398
9698.47587110639,7787.102899827694,7226.57445408994
11430.458808828307,9316.894807619448,7791.864062774984
11002.001321493231,8601.889676177394,7401.755109946294
10872.3280619814,8960.914700823052,8499.638956115066
10862.602347786027,9274.077528797136,8407.30328142646
11100.770930515268,9449.902085173537,8529.438443937544
12156.804784553598,10813.167896043857,9780.258375294836
12682.79163732021,11339.709452855384,10594.632604505028
13429.644508257396,12136.72591924714,11851.699114180048
14274.370108447176,13880.158256825138,12403.708847000062
15519.324866347652,15013.289969518908,13284.393239258128
15751.060169055536,15899.162110470988,13794.701446639936
16736.364241364663,16827.51887972392,13134.532324381153
16747.594509591076,17317.55242661502,13977.296347786929
16952.41817583307,17805.819956726613,14691.30852935071
15512.51913607481,14975.229106380855,12426.63250582964
15153.7970343946,15838.926458704156,13459.58586024818
15377.791015887931,15800.076298158505,12499.427696425004
14536.500046568695,15145.48955543294,12619.78197125072
12534.609684621828,13474.941193145583,11721.123273171628
12827.321375584856,15416.234259229292,12311.10377951304
11148.708307916546,11924.005740074344,7976.265607206116
9469.081236000286,11800.206324444904,4519.157167844674
4903.009266532807,4469.475822614191,2403.432855572145
2275.761643493608,1525.0522826242195,1400.8730628247113
1115.5218343611832,1182.824017732348,1190.4217320466032
302.359618668603,594.2902828533333,594.8761637541302
373.5340689656885,573.4772114665076,784.4677444371312
298.8061082729142,681.9839798215271,573.4301052688612
153.23275693878102,635.127779835528,620.7256111541132
195.47992016231265,184.19793301900663,502.9561110577303
406.7585863905384,151.9063349356913,613.6115498605714
169.4541112954032,368.1153839449624,474.8233610067863
381.9017048907983,376.3851585872085,445.0682728693375
593.0780247716286,396.2096680097148,392.01000804274537
731.609540235688,554.1506917248893,231.57080715000163
904.4899750716366,698.1175796675694,260.861894204152
1021.7002628657996,774.5373473329093,293.04237670546684
801.888232702308,619.05573850181,394.76699976251086
1029.2948584899475,660.6954206307757,229.65605650000933
664.3705220006711,449.9688503224232,246.9784622188068
601.5365425673541,232.25584372442884,97.03691342891987
1292.8837581122668,705.2348926549691,597.1321941907977
1744.90486445565,819.0747787049689,442.2961043320859
1501.248781316887,834.9750360376808,84.40265239167309
1143.5743984525354,948.6478854671194,137.69340998808138
1315.2421486319986,1425.6859831927363,588.4953938696624
2136.4412876589818,1642.4739113223748,976.764173094698
1791.168811474531,1282.7192277394038,1119.7129867949982
1654.815791429836,755.39919463375,1177.290324955654
1573.5139943567376,663.8302522961759,1444.704663601883
1245.8478417295566,260.75635611970563,1311.693564045784
1349.6505128329902,239.2957745789203,1951.114445022528
1455.205833437857,252.5131444355068,2329.3072533682894
2246.92181055293,1224.8138678739213,2168.546444806579
1616.2927931944212,784.4803730104185,1560.2287046879926
1834.3933000296715,1681.41324364136,1910.4980548815483
2441.46692798814,1519.516291198208,2230.572325734296
2198.399972313658,593.1587165390372,2932.695646123101
2155.00644514935,722.154673501258,2843.8798910644496
2109.089864452227,176.48696603074293,3543.9991287382463
1855.6928777795545,125.55459393559194,2791.002210093354
1325.7643982302268,-260.0620601750704,3132.445521486571
1366.6777949003383,1257.1053129940442,3519.37827422494
2225.84099475805,2488.815757681867,2566.7575631591058
2915.188288091861,2908.0138572225565,3349.8288910856977
1441.3714537705478,1726.5951452684003,2452.417080973942
1241.8959334129013,942.741442245961,3977.368158087848
2582.7533379302354,2415.5790549920434,1864.069924685496
1625.3228090870218,2189.107862822465,1576.732941388358
1185.5120659397328,2172.60890393571,1173.0516405811902
354.10154357065664,94.54590448397298,200.52452960882047
562.0206793598418,-347.1357531174684,233.65723349501368
-52.69427778279007,-160.30635599237598,328.2329833297233
-212.2861552835315,-113.0675203267922,688.500888467939
-188.7436287071781,91.17696082470452,597.9146760600271
-84.0678795868581,180.2469032420888,426.9406592051725
-273.6691990935965,-112.88847627058202,273.50526784551096
273.1808593764599,240.12152814640544,577.1919571130367
-446.5850252000709,-125.3481965534511,353.32822338923256
337.7040038377424,259.6919674403492,578.3578008796422
-312.0006361486074,-167.3689162020926,249.7485140671276
-282.2670194604724,-69.0217407704468,84.46285098902545
-229.91507586429623,-283.5704514110197,249.8946299214745
-500.8467617172731,-593.5618238626616,-10.313652734790285
-422.52470352682906,-680.1571217607964,68.13599623519416
-312.8291013016256,-544.7249682054733,-0.6098970995710544
-33.34900738573771,-256.2993957784357,126.67402225627112
-53.57753331012332,47.24077006663367,113.57744415551498
137.2593364211816,110.27752521466282,220.40972461624372
-7.19098461365267,238.67792520308856,121.0627503169303
112.67687459212736,134.86253238194257,149.33594104524843
282.3648180426617,223.82829592572216,88.22865561099921
361.6206013155404,179.1558288512648,214.37704259830264
584.3459835200705,384.2522954112335,182.4239454813581
554.358195203728,307.0340929467943,260.9135834020627
858.3583662863488,1570.1566832036583,305.28828574194307
530.0818713823994,1404.376833504537,381.2530301567256
713.5636313057411,1745.1761228619985,382.7058359622434
2356.104081685483,2138.004129057512,1873.396235835069
2896.796306602405,3308.885831293788,3037.603284974532
4206.583698964767,4156.627416032042,2923.316474687561
5021.400718296667,5492.744373121288,4055.7963382527646
7908.261468510147,7312.550387561503,4786.822519517664
8341.879390461194,8887.923199386327,7235.284643630939
7806.264821975696,8388.88421558811,6723.148713210555
9481.94119146444,9740.340957404656,9452.2395710656
12314.669837167365,12844.366605162984,10932.31281537596
14736.306979097351,14272.555671628228,13030.666628053132
14123.753025914704,14844.73109493089,13249.6605904128
14597.322325510186,14820.21445799786,12947.31673250517
13994.632718118206,12765.122483908508,11673.091380307353
13351.5697903852,11942.742537099915,11071.602934285407
13490.347657206432,13956.226990173374,12265.385170891304
14632.018630177805,14213.142718102838,13031.653443722133
14817.775594826193,15220.2630496364,12854.393247631748
15378.711611616754,15236.690561772251,12617.623800817852
14606.389501733054,13727.202192322062,13430.328455705983
13686.31366856206,13113.695858734847,12405.261607163304
13389.97247655627,12483.72022486723,11901.019068470385
12945.395768071054,11643.726472799255,10564.24512786457
11800.648393739464,10986.764012121514,10024.79624568046
11493.585411214,10136.72273508414,8913.325716324167
10930.541117794412,9901.731961531252,7027.127645190983
10955.957683838024,9845.097401814704,6938.211661837566
11424.137405248428,10383.29249249542,7317.690571705424
11636.03202391112,10335.64998254388,7632.696426404628
9658.94651670714,8909.721642825329,7598.71361348362
7700.138232221858,7120.548652563137,4893.852096987261
4569.255239740358,5403.6662465238405,2117.6476483891784
3941.2512725748015,3812.373610670492,1371.252621808451
3748.301197273641,3906.67187857839,2157.9081435253784
3460.0634828252505,3845.9245786180313,2668.5830977314663
3370.399383055357,2813.988712417152,1485.6566519529315
2613.969640633015,2100.404426230868,1285.9338940957186
1990.890526481048,1610.091017989252,1591.991975355408
2120.2881811996567,2101.9250066451946,1669.7695845801334
2358.215940208794,2512.4376962181814,994.8832402081316
2328.9878586867503,2060.17795202498,1478.136715595291
2113.501572687363,1262.4967344204315,969.1503659197574
1252.2501627276342,796.026322993928,1121.6827500172312
844.6296604443486,505.4838032720106,259.2927016683471
972.8563023593888,869.7089275444896,651.1786427691966
809.4666490614236,377.3114230005251,-38.82030472477558
-258.4391207955637,-225.6527368000176,9.256422876645123
41.359282874765285,4.558749775220721,83.5743039061273
47.58284719849296,7.4872379739679475,98.8004209423376
223.5528376462344,70.40856236151811,-106.51610846271086
381.1248252849821,229.8754227483243,73.7009648914091
408.4457676197836,349.8011684335057,162.9323474301368
640.7223740573052,767.1418019747886,712.9456930761501
1393.116543420357,1163.1344582590095,1082.6926680175834
633.2424851842895,1379.9285307943042,805.9556459038057
1934.9904966878548,3151.8517706053763,1015.153306271276
1896.7883669127573,3141.601643794195,1981.5253182093195
2748.9415224574727,3175.588270651755,2650.5985694319347
5530.878727511676,4599.522726941814,2607.0987713937866
5755.468473442228,5344.357033093218,3444.6925334987523
7066.678933943993,7350.470252514196,3762.986599716507
7763.7262661029345,9392.418247921389,5621.191403143238
8900.181572309857,10331.84747470531,6527.510915909843
8539.400716879412,9648.912824236677,6597.0020289057065
8038.7299893211,8740.818852966968,5917.601716762218
7401.264464291856,7697.16412330937,5585.537595243526
6854.257721625301,7601.410100418276,5303.659479415951
7576.303244669985,7580.528583890391,5766.785051314601
5836.243292106856,6334.921324227463,4171.978813962437
4714.111432473304,3814.93228512788,2985.3095554039005
3090.3279411561766,2484.092885495364,1862.6612816128595
2296.384408674533,1677.7124347025126,1590.2233508044774
2687.730452863242,2104.159522526661,2123.437991118139
3224.9764110607725,3479.238911620715,2739.6196712428696
4366.436558887781,3486.4933767215125,3727.571698649173
4589.17897204985,3929.272313271575,4739.370616307645
4172.719489219112,3458.442802519948,4060.982552350164
4073.283216300379,3790.618089068224,3916.3843206649153
4320.275418040739,4204.635640337089,5274.101585932954
7761.885807129439,8935.786569833916,7586.922359822379
12066.623336019142,13993.711894479564,9516.816045447056
14576.246555686364,16973.439339408626,11720.578543360456
16877.176020555624,18720.666586127976,13328.343240955975
17022.32537679603,18663.47808809552,15689.25389596738
18308.73896700769,19834.99122394945,16223.159979555225
15945.340325532476,17849.207702044143,14921.283063567678
18234.27975523933,19102.31860555817,15794.246338494131
19609.88537414003,19440.17976135669,15439.160251911891
18114.57426390453,18758.086914362542,14579.754633801
18729.66413408701,19264.73790705933,13953.138527903106
18837.972438365323,19392.874534528448,14096.660033792645
18655.106530702928,18915.953092200045,13078.996961680454
15913.301735852692,17904.606388873588,12691.29777608825
15878.128581406583,17085.911903140837,12588.461932091046
11367.444519088527,12857.720421334225,10259.62733466481
10266.278243157569,12298.561215947992,10185.855483087713
9229.21333239694,11525.733527187338,7764.795251829418
7416.363898806334,11737.56637585077,9623.865850338814
12638.10773754063,14269.675533079711,12081.133488939344
13052.5839461072,14457.869351816027,12641.210631620104
11329.377787373547,11698.153635807485,9837.180845268877
9122.224937919073,10686.690869303977,10048.407541650824
7308.856759373324,9865.856374221432,8272.113512217125
7158.787341695777,9218.241526614296,7318.89803108132
6428.3432885566535,9122.763730687904,7229.188541042702
6997.619913054894,9350.056328061217,6320.334394076645
7655.443907394616,9893.792202618464,8014.831419194548
7508.520319281198,9306.82959376198,7912.440299186206
7867.348023766759,8882.636534519806,7286.554063892542
9797.086894027923,11736.8318935613,5828.80595057259
10864.70837424955,12780.126872240096,7601.501405865333
10820.24229901058,12028.00874576273,7367.285331537906
8618.163904666773,8627.382431242522,6187.530526092566
4958.856024960583,5547.84547207086,4425.972939526979
4714.736568615663,4882.365553536479,3101.069004545486
1815.64249326133,1360.7431371149432,1218.3732511833464
963.6234948912636,530.9595105972498,682.0965389567959
332.9609157820774,251.4144355054016,385.0326556213505
20.40367589910907,-115.98891710556904,264.9606040921343
534.3349092222674,161.77334970871027,253.7727278853852
659.6214443161945,273.407559092171,106.21437310603471
458.2857766076116,247.64817896382155,251.28016781395576
-91.08790482383635,104.88144271438652,541.5373734704724
-96.73036772500086,364.0030387613496,864.1519873118594
371.8721746206944,526.8737135335782,1922.2136810150064
521.728760329884,527.1221951554061,2179.294029378835
771.3792408772257,737.0930528324999,1855.427398158921
292.7015735079763,870.6440533026436,1416.6014331977892
932.7667218483588,1511.5667898272964,633.250267629713
1288.8278950614992,1396.559625135637,1428.770031140486
745.6300961490521,1033.6617164881914,857.0128414436715
1053.3732631767705,1092.086529034848,898.7751814055524
1100.87928719534,961.8108147337742,824.3838489591647
1865.188957795044,2105.4268750463025,2435.377086145721
3939.9617996317625,3707.46425783492,3466.896969486842
5999.858440156646,6971.275303598404,4056.252530298498
7934.849492125109,9859.921727552328,6304.839364915229
9578.825583974822,13565.08043958462,8947.343222005036
11918.120105297608,13460.850002741432,11448.081426109604
12073.740001036103,14231.55874985518,12389.229989919564
13110.053922429324,15729.551003452523,12976.372969668462
11814.12345589387,14721.433602537663,9200.743848994218
8882.723825530305,10185.543940093949,6777.103412446424
8819.244231902505,8605.664993235392,5748.406644436148
9500.201231689794,8562.98291761876,5902.942291452818
10364.280705999668,8782.454402016474,7835.083141158781
11996.304568409549,11074.060541230723,9112.079446469652
12768.177510216248,12220.195111715442,11724.62330822233
15380.142204737214,14895.24407626857,12402.992153579487
16152.5012332085,16774.40378288231,12415.037439738428
17139.153742357255,17388.220739865956,13706.64809059334
17496.465418415937,18498.79548365564,15142.97394500893
17565.008668908966,19109.00849499257,16330.41659669312
18026.91970482289,19347.22553503812,16651.90814445322
19051.842709183264,19255.9843955166,16228.654578009442
18975.05017685572,19278.15635801337,16125.6451488693
18824.90452687676,19112.735633147386,16037.2112092853
17624.484412372134,18298.91064533361,16490.04453793928
16833.913717432468,17929.22015854688,16271.288582606345
17837.03785698701,18596.7548408518,15638.893991247964
17198.84038574971,18660.81164522722,15206.169642771589
17887.194199657995,19239.25265361454,14121.643302262524
18434.30605993609,19529.60849649184,14536.58510874993
18125.75868559564,19382.34215022076,14958.66209557159
15376.679974631474,18663.49839673136,12207.92150966726
13765.017589891935,16016.559683850664,9324.51076212004
8841.699203132175,11673.728171969024,8068.977368885066
7499.652501341939,7284.387160949685,5588.3616930341295
6470.718132215189,5813.3422615599775,4869.49862685143
5748.354431294397,4235.499079792833,4648.781358425609
7133.023888323608,5474.670817136789,3902.841277663023
7525.593389346189,6453.276389405867,5274.403248554768
7143.393054746115,6262.820196271409,4596.686067185911
8584.690181927515,7636.358092280509,5013.289061567788
9711.15464398094,10133.61939501179,8169.715056407583
11634.562907553547,12691.995890213651,11677.17278826138
14768.423947652083,16593.221999059682,15291.44425199476
17094.118749097946,18801.28232623344,17084.710908255496
18335.5687578538,19587.159062076127,17340.89144041323
18493.502052913373,19856.49334955109,17825.54227184439
18368.452502539283,19606.8765658338,16831.5545769797
18044.982989706736,19219.39609802794,15791.665007427786
18501.24175542707,19177.73318002705,16226.92140320891
17848.401648141076,19321.692127967544,15852.200515299455
18712.97540491967,19765.57662791205,15897.234222714857
19276.332540112435,19971.93907707189,15748.08161627528
19481.960237006748,19948.96853925772,15773.056469815305
19870.89721159525,20012.26656356444,16430.535243455288
19693.21525859797,19914.63198965961,16200.667789840663
19306.134150027065,19933.935516319874,16210.703704364068
18298.891345555297,19672.429897493777,16109.86388075933
17066.00392182024,19437.07353284963,15886.83091187754
17098.25646890431,19102.35510043533,15486.705347873056
16698.8794496644,19018.53209297986,15474.805470391722
17119.011086940456,18827.035012462275,15297.72647118182
17269.99742498632,18833.43506850584,15414.640481731089
17041.488730737994,19149.194673252023,14731.14780149188
17091.975534197987,19253.521155542905,14986.268190475186
15895.438776230503,18822.51216193757,15359.63728486906
16761.009916242027,18011.07483604695,15483.544998667814
15944.14823283946,16591.39493928541,14055.037771057809
16265.831021916889,16908.789030642325,14546.66469042459
15871.753583275842,17801.393355632357,11673.197360734455
13824.413001014567,15344.488950412411,8650.925993277076
10425.060391723076,9681.202429361429,6469.972344512823
9359.691568352471,6913.7069194667465,4908.04216042437
5652.178613843507,5026.380767093442,2816.3583270143727
2439.20245674281,2360.8624852149287,1286.0476612633538
1423.879196772699,778.189205169669,628.6431558232013
425.799600943712,515.172764497634,-165.39001797011008
487.7453545342573,408.5878236214416,143.59054559314802
548.7827905878409,449.1156036842872,128.3681318250699
701.3217880718357,504.3567702180125,14.039983475658794
429.5213703772081,491.08942534027983,87.45503053782733
429.4917418548674,590.0533909036271,119.42761868439176
481.14596430263055,661.5442006334811,79.10855002629296
120.90634119185788,139.4478462499236,93.17860451467006
393.1138844855954,335.54467040143203,261.34154145034097
1130.4282178399712,1412.5608119352048,484.0740688199952
2566.142326152188,3374.3377290089475,1696.3219007508917
2913.818411893798,4500.599423474895,1927.507477639443
3546.8133171837035,3921.423780539379,2341.324017521908
4969.465778732941,5554.492635906365,2729.8416480497026
5804.312865377408,8348.978302442749,5762.62685337582
7971.90407282798,9257.043663154664,7846.625022186766
9428.758880660926,9938.722627381712,9487.677520261484
9210.568900975866,11187.571000531749,9441.400400125856
12134.951773139235,13349.812404085187,9226.42994649424
14008.302296717406,15823.780509723252,13585.337241689003
14977.492958518162,16737.238997688368,13617.1481459878
17463.878729404936,19399.77055849396,15829.836719794965
18127.747258060142,19740.69483145205,15747.82440956412
17996.141806772837,19157.64412972661,13600.935514951923
18268.398220663465,18846.48424359682,11819.273889225258
18569.939727459303,18589.335261970176,9576.57312746977
17702.446420441327,18834.558717996744,7900.988041780742
18159.09889694973,19084.190506530595,4481.620916002771
16847.692113319015,19037.91694641688,8994.309230643505
17136.780149290742,19083.17653259977,9403.794490152142
16282.42929803663,16199.470662909624,9314.055876829145
14953.710920659503,15508.291977296914,11493.80221653394
13439.856414621454,11505.187981383504,9350.508117411317
9432.790533498212,9840.115176919508,8532.411694007871
8630.693734961975,7971.301704862563,6672.595714580471
7770.161179267539,6055.41498991574,4287.569162847864
5951.577761658649,4241.337597817204,3122.0195469641067
3640.001851065793,3377.1763060212043,2088.188367344759
3088.530695889671,2842.4651723046804,1511.3969994717777
3018.4343396370923,2411.3708550024394,2167.8345849618727
2312.258534529923,1453.9383320201673,1719.5220418098022
1343.4719562401465,1024.7709544534662,1777.7845317460851
1029.5745774979966,522.2916076294056,1487.0689192473928
472.47363483298153,247.97568683792755,1510.3880994246858
193.08062738587745,349.74445495614344,782.7388821093692
332.74895146106826,53.407409584726224,416.1060506010183
157.78945176692045,-162.61651302283516,179.08618317569702
52.59670281657545,-67.33814692303906,349.1540216413516
358.7444697503758,-19.08452142579365,304.6857843760876
194.28022198324308,61.86501554486893,354.79790283606167
428.8228183217333,101.33062501051492,227.4666029539908
661.0256941944784,217.9202917501412,296.30578587187165
1532.849497330409,830.4021211411638,985.280994916586
1943.9328103207577,1347.7485193750636,1389.0534440011895
2780.953459217018,2257.137993001859,2354.5037753886445
3532.623051241168,2934.8405920367727,2379.0438553944145
5175.671545172875,4292.723090549387,2848.8580284299487
6324.020760937183,5289.068301208123,3965.0462178827656
7287.02648522005,5275.956442038842,3971.894491600509
7785.262111076106,6357.709296640153,4917.28139399145
8030.623591063269,5998.488489491841,4879.964538522983
6731.24579414646,4982.643915373678,4271.437533923378
5512.2741241710855,5034.552011121653,3563.117587462506
5217.52245329914,5181.239301709984,4800.062002648825
9313.25972323698,9479.688487762218,8338.253917086771
11056.55870072713,12367.084860214518,10534.30990492507
11971.036698708263,14608.172310750777,11264.984174921345
12643.350346360075,14871.8774943629,11302.391984424745
11446.47703345388,13333.161388716297,10938.783087268244
12313.588719481211,14015.49187588272,9944.490343580628
12622.556234498194,15617.408899945112,9480.419625577508
15419.074885882676,16604.520010805612,12142.33723748734
14144.896069698085,15573.396470086556,12547.498779923824
16374.696098872124,17885.5121170451,14222.074445826967
17423.985203722503,18346.483864740763,12948.372497017011
17051.288163238947,18724.27494365253,12934.75180920624
15367.910676704703,18045.53069047889,14719.36994573334
14456.412975296938,18040.75081223042,15963.616617015674
14074.092948154504,16932.989754655686,15928.542903141875
13997.868573805565,18319.27172860695,16033.006711865077
13908.571637549305,17179.753603853347,15040.162730651871
15872.888575149076,17043.03432244812,15716.625034263549
16343.9590921056,17454.841985939227,13999.596613544249
17248.606809853827,19192.95216307045,13368.149274320072
17367.4806482142,18811.095514127643,12479.49126014332
17026.914832292914,18814.818409960742,13099.186291051685
16202.955043336442,18405.434824098284,12842.679847835623
14933.743218372205,17293.6042354214,13236.97199870827
14367.709098273805,16077.682478178594,13498.36481360548
14996.093168034064,15658.912450609643,13140.655260392909
15010.01567670904,15649.968548636682,13439.199644341865
15703.180689283708,16320.020788823507,13290.292057379858
14738.519704106247,15335.202703493887,13554.768584945556
11935.82030348993,12525.10434599076,11288.305980087474
12224.851918527069,10850.767544176091,8051.446643465016
8686.976281510453,8125.400906716484,5810.765603054549
7316.2657042465935,5422.55215647842,3883.9882868055606
4834.381320177637,5430.545111256208,4168.957148316665
3926.234554476957,4417.436585995471,3073.1258586797635
3526.641338984065,3965.292906639958,1334.94753408859
2585.260193703833,3759.5542086979513,1460.1085822670298
3014.125780894087,2734.640962478603,1460.9481965469606
2640.682990635343,2141.888040251033,1797.1403206025975
2786.9068318459044,2670.6971065171288,1873.733423245394
2672.4454994286352,2873.181806465961,2407.0140876378914
2527.022840062273,2298.996227260158,1522.0643962466304
2548.09887206237,2166.567689402886,1024.0837531156294
2091.976232908238,1522.978882057783,807.5842270955053
1727.37001729368,1441.376482258626,671.8260183559987
1626.7683799403117,1398.00227823802,306.742066581297
1580.4774217730069,2279.188089321391,726.8284435380199
2211.087399543417,2982.6882709365887,1756.5615371630074
2548.802841103182,3483.107731061423,2225.6672715740774
3528.371300197364,4285.108782673157,2024.1809428405084
3422.1643967229647,4191.150595445669,2888.172824774146
4089.9158054940726,5124.25815780544,3271.646254243793
3487.419933961663,5361.846277806075,3920.013503111082
4122.07370859612,5781.639511072295,4357.1604130761125
4464.325086250041,5587.557167858271,4109.396164455136
4501.837613239772,6039.723069936341,4047.0254945466777
4261.169422410865,5852.839868314232,3576.6722617469013
4591.452231611257,5101.8578697529365,3622.219431528317
4421.326283684335,4626.7650924520185,3653.0728721720816
4207.444152840054,3598.6595643306264,2460.883080026304
2282.5746636631666,1719.1876266537863,1576.4274185983384
1878.222842489055,1306.9585242171302,1374.2898170083934
2341.7053537471647,1902.2088943678195,1502.6285000148646
3136.593445865159,2051.4523616638544,1629.9189812218042
3255.6742401270208,1886.8471981671328,2177.5339745038464
3621.1645584646863,2281.8113403180296,2379.854172112431
3087.2285276615416,1823.8423768434247,2653.585364982147
2547.274115886988,2071.782407827024,2558.304014210304
2928.1443873465328,2559.990211412185,1001.7288999612856
1962.606021186547,2264.579430374687,1204.6702788240448
2152.5708936453443,2568.329817057919,1072.979843320126
1426.188067547714,2460.404751535822,678.591024496495
1732.075822936286,2437.343227750253,1224.8445793562476
2932.9898618254265,3275.0344082002107,1588.8584711553444
3049.646060836637,3683.087968569129,1616.133592613346
2850.2337755425588,3762.4657429022577,1699.1407719659453
2620.9157881054866,2121.8354890258515,1492.849450744685
2530.903055182452,2593.83832436855,2039.8484327327976
3250.8314589846545,3056.0341863386266,1469.4475315563875
3309.8071296419294,2875.0841042566626,1779.6269715909934
1295.0798008105164,1686.3597879587105,1175.8373793155235
841.8134727596122,1266.7093886003304,473.1127782384859
827.9173455298561,1337.5583886624815,499.8971645211743
1504.4890394539514,2010.6573489399595,155.39769476738186
2700.31126217888,2716.86930245866,607.584150553245
2646.591025714778,3621.3833084775288,2225.9097146835643
4293.562637755888,5337.113737685102,4058.273552461088
5120.191196048903,7009.08018098537,6337.003443938388
6448.67431255928,7649.309803635961,7559.340939257321
8909.347628781179,7771.664694742187,10736.442453484826
10622.54395851555,11375.75786608442,12051.439713238458
10171.309100306204,13035.467086460572,12381.836126920569
12039.390651283013,12689.327712535256,12898.904653781156
11149.338783262136,11761.48191733407,10866.018814704808
12829.36227288664,13740.74230042344,11543.92036845853
12716.900354069734,15265.694683810652,9868.21870591424
12352.537189862594,15716.6170831903,12761.99518719402
15348.663656611065,16404.60991531074,13877.03604898704
14213.095777416169,15937.50330602008,15335.469416455946
13789.72684331716,15352.104384306282,13550.53384241983
14982.755159329818,16758.40202145383,14320.08982725739
15405.552823028704,16505.578444327595,14245.809952656016
15252.733985349098,14322.701120116497,11943.29560246089
14413.8153467911,14165.79925487132,11839.987839877744
13284.95651958198,13681.995794052686,11246.600489604692
12578.59159003059,11905.435565885258,10794.458431146288
12123.7841141428,12324.373789121064,11592.06122023468
11667.001371757417,11590.516255389171,11003.28695082634
8820.782776517648,8622.9802337713,6315.629624371322
5348.971722890184,4628.885607333511,3987.185843627903
5031.9499747297405,3185.1775667670245,5115.964757288288
5551.822934289721,3917.006250739448,5792.85456106968
5462.950437101868,3857.697149097147,5976.688018139788
5652.042414195304,4183.249707519148,5995.352597516092
5288.450435179732,4136.152625612424,4528.972071131196
3925.56643253037,3479.7745120252625,2516.618905612825
2059.7687015899505,2058.858835501028,889.941930052683
1056.4244972271529,1160.115273424564,688.7716537211519
1080.1937140970176,1341.624322062877,1300.8545029459642
1266.680781758563,1934.7585656382205,1308.1300078183651
2948.5020395193387,2933.2219814900923,1453.3530400620257
1589.401894357527,1762.5181288998028,1279.271428388363
583.6391252885082,596.8060368827815,430.1578564713881
362.9477154551824,281.0122212961478,259.8242747185108
549.5346688005073,712.3781212876337,143.7841282415401
680.8146558259122,765.1492639730346,162.66592586804725
782.4265595880969,909.0023044032692,181.1743602315624
1359.6597007163286,1087.3284294696768,84.25810858992759
1681.473437715208,1493.633504983622,76.50423144858767
2634.96837574964,2654.335573249141,534.5086932097807
3551.67243018058,3793.724193944663,869.3565464884675
3840.579901759851,3499.138829840935,1061.9701319171888
2979.683973479004,3575.4546424041805,1281.0466721599105
1844.3153076619035,2242.7478457650923,1292.749113680052
1896.9564064509725,2367.446194480282,1760.5480260435736
2352.8688696976565,2529.4773125734737,1775.0552246886873
2649.042545719401,3229.0516965943134,2900.61022540573
2293.857511123804,4301.514591081197,3522.317584262295
2593.3349270612107,4406.569975469599,4010.0202041149055
2687.2711137294973,4970.782138357581,4213.44641537538
2359.3225982132644,4271.763498654224,4196.429226805257
2624.9373491403194,3852.286753093256,2949.397720824149
3000.3649764059496,3547.858694966853,3235.92089543116
3638.176116904285,4425.121751282552,4309.841024608196
3721.95882046799,4853.0678145733455,4362.324977608546
4760.514350890215,5300.544930908568,3412.2011751009486
4713.964215984195,5217.84829571949,3283.825587120448
4321.3604867745,4828.922977708962,3219.076722261193
1640.3802547646492,1776.0221764313485,521.4614635421477
1397.866006890783,2017.011480146231,571.7543283763815
1859.0896634640435,2008.079974065731,584.2164744365773
2078.078983153599,1929.750731162392,784.3899873364543
2477.9354312631085,2410.4457008737845,1675.59768056152
2601.1573851666617,2605.7056198045725,1652.4157572195188
2593.05810111664,2754.78346057805,1989.1545925405424
3060.888067785034,2777.160326656829,2159.370850774996
2311.1762541827848,2243.4411519614937,2219.287254967908
2022.4277152713776,2457.12948074826,2238.914526222139
2084.414504488062,2737.7001452654927,2304.268504947678
1969.059988660028,2188.461334199897,2087.629854444905
1348.5679058777537,1894.7563406012653,2461.4108372384626
2656.271017856916,2960.858047449287,2877.679237485871
2169.4243058166094,2787.1675781937,2833.817192444419
3826.853529617546,4302.520850202249,3910.319630907672
4307.132901709313,5132.430137619697,3945.484213787885
5309.757830829879,5914.38804772996,6432.331475422287
5294.3100454892765,6067.652892918646,5925.051277913749
4851.361625805484,5178.620421465785,5464.309050875102
3973.699754714608,5330.874405900437,6597.765251039556
3340.593712585767,3221.7626482137825,4800.27546613137
3209.749058204454,3714.438256013322,4682.356169002852
3396.896923573453,3559.8655056944285,6131.205345690547
5376.508689611191,6628.7577405426055,7258.761393808288
6963.7777244926565,7701.408428606964,9192.176759530808
9541.795462374444,8558.76866022821,12161.946193573667
6951.794615955764,6557.835669416285,11479.516644641992
5597.083722297194,4862.606077765577,11329.36811479416
7586.070581950104,6150.324272169319,13059.259052186537
5264.897515099868,4500.182218945201,11891.857133963762
3916.760839396278,2539.035795197882,9849.829915253034
5850.06465249772,4248.063790702805,8026.617792564057
3467.19440967068,3915.325052034644,6968.487686332281
1398.387407378033,1382.67996540033,4648.107522264745
928.868002599391,358.57047900736166,2830.0242059267066
370.2971694263705,356.8342865929896,712.3371227157927
426.29693234899975,373.9041481575524,783.7055903899919
417.35306085231167,242.10023893006488,824.0925077852983
358.654992052372,100.4645037764055,848.1216333710829
346.8990912803444,200.8714248768635,779.2617043340576
229.5105588150199,2.808569674322473,228.75454040029376
155.38198222568374,276.4472989288507,287.05782873437084
-247.9024443680468,141.49061327578036,379.2650932979197
-53.701713617831466,384.27946735484574,234.8653367588598
20.42223888714973,598.7520288987747,607.4081379789801
703.0017462708124,781.3285675327613,820.7561350454584
2277.2751311456645,1680.3699329905016,2602.704111561912
2865.549525903735,3680.770611475207,2310.7107891540786
2683.828091440688,2333.9290272803223,2105.843335911804
3359.5656239178816,3118.48116629819,2461.1576233487417
4392.216906349591,4249.132629823549,2316.7772378132527
4490.590822691478,4237.776990469242,2446.0502332591414
1927.7024441793392,1549.357698333821,1502.0228843712384
1090.2614118283504,749.295736602936,482.2986165051734
981.9079584566676,397.21913284355657,332.2957907722512
1381.6004595885836,500.08221076059664,343.45248629482546
364.7333144853905,268.5250144359639,470.9809675982851
240.0092569519097,156.82815386161727,350.3057895894008
607.1405618069701,125.75126305333283,298.2733631102872
694.7922631462259,165.3908060790891,302.9024280798749
1472.2929136588448,1098.2995160756302,1251.7885875115007
1474.9909116471902,884.9472362287279,679.242854614387
1349.141639001227,966.5217098257834,1054.4160702621166
1232.8729987690297,928.3054665567694,1266.9416200482603
2868.6772866015094,2554.313518637104,2133.5220342649936
4681.302150389427,5658.486807834893,4083.053932588906
7876.351384956448,8584.807314848564,5818.214406657631
7702.511340805276,10306.053082074628,5244.594411260806
10494.466149493886,14556.205776890129,7215.526832934755
11466.53949392553,15099.19801075912,9940.685663518168
10598.993858382377,15292.848429504102,8744.613410155413
12445.381688737189,12438.92990900518,8986.22954848842
8586.030574209546,10830.23780742434,6878.552857400567
6652.64786701274,9641.130826532191,4488.421354113095
5474.814523755683,8567.341079434409,4058.004965341231
5591.793256821745,8386.389946332501,4183.77494122879
6497.990306292813,10722.984741944929,5645.169537718123
6710.489001067935,10209.238804930234,5684.147654882707
7304.414587246208,11383.920601033558,6219.26331611065
9798.737145294232,12603.37208330402,8945.865564544618
7338.941520850345,10653.357853227822,8723.956611372678
7017.007292759704,9023.488629429236,5431.082489643824
10397.97149019933,11390.079693736569,10711.609302081377
9283.99361144211,10847.635011901815,8996.712951029374
9725.130378679713,11845.903279976792,10328.373186629393
11919.258303129733,15195.147033281512,14041.231063469791
9688.576067230528,12845.888410795227,8992.084644567738
9177.616989374992,12193.448412966134,8144.069438926177
7600.719412907367,10008.887440686076,6836.997616346323
7605.1866327932175,10224.074587512445,6395.555205601358
8495.301217141912,12148.570584726818,7784.78625865044
9433.551051499831,11209.59731178102,8474.515850280377
11201.75092597247,12352.97358857392,10265.226092090274
13172.839757119851,13646.153976807736,12130.461678449416
15879.70304481352,15453.046043756824,12785.335976905422
18028.99965431366,19786.57054293243,13974.416985260952
18386.690059568464,20501.62072016452,13323.739740335704
18704.54823344503,20414.15321168613,13648.350232072844
18412.1997799144,20042.6716820867,13531.38758609463
17871.308911119555,19299.099322712776,12856.733768957683
16312.791154914126,19161.852239490658,13145.5397217274
12439.31203684168,15292.557107921846,9293.34781356056
11171.690778540487,15611.178982966125,9212.37567211598
12637.385935969804,16808.08254140118,9166.26857915796
15304.93172277627,17648.12065974752,12649.963211384347
15009.096889690489,17540.57669670775,11048.294570184433
14606.74220119046,18038.06715410825,10067.555887797684
14372.42787950996,17804.173560022497,9881.066888808322
13727.1105370658,17791.438323152477,7641.972880262188
13342.682937608311,17994.541042508772,8911.442147335205
13937.813252314294,17724.882211688448,7998.0642963968385
13989.660806026131,17274.38322682867,7706.159550627836
13565.03956231409,17260.994504176695,8415.745042356115
13739.660896711932,17747.719682865485,8339.918941435684
14737.720242755177,18177.64833078105,8087.750682286517
15585.425505651216,18462.02948274068,10114.01639445957
16714.014909931608,19141.41104104165,9802.861799915356
16174.275538833655,18386.01441325168,10592.974948098004
15602.17629269875,16778.588541701418,11131.0636635665
13899.49956383223,13881.170537858858,12705.224585789112
12873.561001840257,14209.626609211726,13228.825445675198
9786.306374139109,12623.696324564622,9531.642926045277
9123.678692207812,11658.827528848877,9048.642338842674
8439.326636036258,10093.521485193263,7323.233850257277
8300.800849543786,10586.057716794128,6534.5137208035485
9255.281282382237,12991.107836819232,8331.628428773289
10842.286444627134,12270.112874986731,8851.059759791784
10363.592610753714,11652.457911578978,8187.442208841013
11038.42185562087,11002.428876262593,10625.543700291966
8740.399716547006,11932.957759136,8525.245831950659
10169.9272197361,13791.0199898155,10775.090065686469
12590.75952478455,15268.396042294036,11653.943695267544
13511.264648286127,15810.019691214238,11228.8038691585
14105.141329843367,15186.61369779745,11547.881713601955
13506.2593047621,13219.35494359836,11922.61046370807
11554.6987636087,11014.817349164648,8081.533572533489
9559.385847874728,10294.668562768,7978.718347847266
7983.382052178004,10528.7261387431,7557.019685563125
10120.029381931668,11094.21271174953,9351.624395633058
11689.199959763411,12453.92914235217,11226.61025003026
11112.759193139713,11255.52813418533,9791.619850665864
9712.70971669908,10830.8225999874,9455.366460880472
10519.110226471068,11074.435655120677,10526.695137733745
11852.310305128343,12090.81517473072,10444.306623457527
10180.31579150494,10939.080068490772,10650.338559722895
11466.693347420243,14771.651172743785,10268.837650447686
12832.858269027063,15393.937196598225,11427.299600619204
12424.75688701183,15635.643360597864,10711.203148313169
11191.2899620114,13286.905455211734,7009.5628731226525
10900.667000106869,12391.022610283704,6178.842545938076
7547.408858216871,8425.931262380302,4091.0810878051193
5938.409899445926,8004.828011011549,3705.739532436519
3487.533268256358,3489.8480796220683,1857.704332512807
2027.8902797984424,2800.513081781094,1601.4446697716212
1931.3967789569144,1984.179808371849,1971.7209979322329
1858.9595535574929,2602.77571962216,1808.758453978032
1967.6271317561889,2737.017298946793,1785.5485909933827
2081.1620163729576,2684.3772560555376,1900.0601636955555
1916.127055572482,2615.4470441268963,1595.1932814229272
1941.8740300867792,2158.10589146082,1603.871992803201
1252.553243077194,1342.1205078379403,718.4252232703527
1931.779428920316,3192.6078093161045,2093.548206450841
4168.097184531635,4637.776088567512,3091.3944304472293
4283.2998600894025,5708.852028681829,4178.422580831024
6642.708170222678,8383.051733484337,5420.847456880414
7081.270176820658,8267.526515110152,6600.255196683587
7190.369910867155,8134.361287990018,7011.69007210332
6362.352309117334,6789.639993541524,5562.434823517349
5259.015322819638,6878.160618947255,6445.768891394258
6513.56331443033,7008.495697387987,5647.108855222752
6394.713163153946,6378.2857286493545,5710.38661992461
5164.262926052076,6040.016590954744,4911.2122397634585
5698.885693924762,6469.565208398621,4070.7110987656542
5906.738287272764,7142.14804971845,3301.7271656648327
6866.54714081551,7444.414188606492,4418.188886132677
8682.667432770888,7953.656173964182,6007.195837554453
9913.137435969038,8922.329086172003,6946.822637020132
10292.562080961256,8985.60876575237,7232.691198423906
9501.10539095139,8026.879294039198,6508.743707721672
9551.27699686122,7699.753930307655,6716.287457818782
9531.099814194704,8642.293874763222,8926.483745819472
10228.951006072664,10408.29013191059,9154.092161975668
11914.772800432484,10480.19665460113,9211.793046642695
9003.517778850412,8299.980510123172,9761.556477382444
9151.311058010437,10007.3605561106,10313.337578091505
8482.808122104543,11224.295505373504,8939.72757513726
10198.695462939617,12243.271018392425,11129.344831789547
10064.778757827044,12494.179709313014,11629.828630251925
10418.97862111007,13839.572610859916,10923.488867807024
11168.869269041785,14423.531350875304,10435.68390412634
12696.402288497133,14019.543128797435,9424.76600735947
11229.9010227062,12742.30358801962,10166.556766238107
10958.252503574817,12875.776961122054,9184.102522647509
9600.874920648232,11105.81139551339,7898.159277570038
7430.964760832477,9808.132637918035,5635.5625051634925
7054.602241367177,8856.990639448313,4877.239334281197
6875.365553219807,9144.229366771104,5077.906852501066
6479.9049651754885,8194.27396476348,4051.660627798122
5241.986332332294,6904.215561596073,3642.36091864924
3130.2295269555907,4447.1652215502445,2210.039492546148
2645.297248181381,3189.418221778433,1615.1421029969767
2581.3495017640853,3388.3985913031943,1485.5906697589714
3464.2928148067217,3482.2271973044885,1525.431165410712
3130.769905564133,3567.4990159700383,1647.423614914959
2804.1821302128933,3390.411461302996,1734.507472854641
3138.827587500792,3758.335636408703,2148.396221553211
3070.712732473831,4909.567310559597,1896.0710245645428
2638.51906954739,4407.400067424417,1821.283764999077
822.6448459946547,1364.120666533002,736.8642983620082
1662.6475583622966,2576.132800124355,1457.0400201481066
1355.799542199953,1394.0007286278142,478.3909888042529
1325.24787246495,1342.7858833879432,436.6403761097558
840.000215358018,866.1617496246579,400.3210481977968
910.9513825343722,919.6610708567785,401.6123153722236
1267.5009871023108,1173.609779253143,531.1140725716256
1545.8017325325086,1564.1904167251623,792.3092206326818
832.9529320242259,1199.3283084783163,557.9314031608137
895.3958742270547,896.7723497067018,499.1648533863999
799.75479023069,1002.7572201407166,260.15945790807183
1308.5717863839025,1113.3964326074251,167.96416683456533
1390.3260086428545,1257.8845208954906,137.20363544982274
1829.325495913844,1750.2332912895183,364.3481273760824
2452.0903755004742,2377.782104600725,435.8738171102252
4474.812340657443,4346.654226353541,888.3651916805289
4293.010609776525,4268.814109311395,1006.758602393186
3680.310874868531,3688.6907626967095,1130.8214674958251
2808.6503340624167,2588.6085515470368,1131.278474855336
3250.0695439724013,3279.249441886504,1250.0277217227945
3397.1055055564348,3458.212394393141,1756.2285589215455
3478.88268786173,3620.286386900497,2590.2029876352017
2454.5426168281574,2871.19572271151,1656.0644017466072
2472.814522258409,2589.654288175964,2383.3425408779995
2483.140620140974,2844.687437859659,1731.180850726549
3176.227233159809,3466.466011298331,1740.1350956442927
2459.6835372284554,3127.499181050656,1623.465909693809
1926.4038469446964,1898.6208281198549,1001.6651653335304
1268.3899860284914,1436.6479561509498,786.7555082681349
1670.1612773978245,1321.8812843010317,1507.3184288910484
1109.2887918931526,689.5784100398428,777.6190347386656
608.5934983185952,505.4341839184586,273.1306249997341
449.1369076976784,536.3591977254708,293.54596704958186
595.4319383527236,429.0276211769669,294.7959561994233
776.5075398255939,632.2490778271183,667.5351580348481
788.4441933049418,801.1023541296978,493.452370221076
877.3927059338174,995.0975961067704,675.5929688884062
1150.3389464568731,1511.321057754283,871.3494972032262
1733.864935996662,1881.3106480590568,1168.016242380878
1585.627772550364,1669.2959561192572,1153.2651243915568
1264.1585113774809,1273.0054539815465,1010.8461282589624
587.0354582279816,764.1261112828497,1156.14335616187
1078.164757578252,1169.9707442268252,1385.463512244732
673.8321270022137,977.6573194064202,1514.2862508526894
870.8172067831609,1187.8395491339356,1747.3450357855663
627.2943473388526,991.82580938133,1441.9533162044995
545.5314787643771,1076.325538969876,1079.228851837849
409.6747929816278,726.867191464687,852.2301584755174
373.39502835708913,508.61976542940414,603.6063197613893
388.3846949017738,241.4901014520569,13.941854954818057
716.0050694205769,269.6340827159992,31.43982442726412
601.1452614336372,528.0351823449323,107.9630988441432
740.26677335673,620.3104070385372,192.14544441564627
891.2505987822026,786.9747542277494,242.5721325006697
1023.99986766687,740.5570350262263,230.6727733173012
1845.5898297180704,1347.350902480682,370.74932159731975
1419.133233504741,1108.7635637753958,247.75697893078043
1124.6582348296447,1287.567969864734,351.4635213194
1106.163045225741,816.7231382007717,124.65993624647284
982.9186170494944,884.6964180344661,16.83971311344073
1719.4681351288916,1036.3830646453691,53.85711312194775
1677.80735719186,1180.2305513907809,170.38590088367002
1453.650737137541,1288.4460806098614,221.56891567966687
903.906755038924,1060.872426039865,55.12908609304634
284.421084960724,730.4025363535183,10.403594583654757
639.0141235334604,908.7626252221366,279.2052354416349
370.65433620948784,342.52893640304103,322.2766286549769
271.18734657478245,436.46981960015546,445.2438056640652
1706.517634234129,1521.823739939448,1104.2070052450124
1767.0539951323544,2430.641256705723,1487.0158541498563
2494.0374825679028,2630.27932282858,2178.3228816250185
3858.23213302745,2974.2430433630343,2667.416722406348
2820.390366109325,2180.4141149810607,2671.005394366553
2668.2807797807955,3095.176985674898,2893.045166439701
2947.517996574403,3538.9300144315425,2714.608291135278
3821.1763765716073,4882.902958490118,2868.33486511636
5214.644271798693,6513.874083222671,3813.0927289025967
7699.922254342628,8754.496412595265,5190.684121336712
10192.144115936931,11687.881809937544,7623.372951387648
11137.226395451216,12268.225561944224,7863.081247282986
12201.737312923697,14619.943057549215,8262.184894612958
11704.7074088207,14300.358000985005,7464.971971664995
12332.333163525947,15209.972859759097,8095.162470533192
12128.772152232888,13734.839049531232,7785.570487830919
13604.850349996645,17074.282304911147,9027.79769837742
12770.13266485138,15112.95218271236,7293.409986981201
9591.70984610605,10053.966705347468,3917.6517265648313
5452.415735616295,6639.129393930335,1797.3812276852466
2670.305655918669,3685.392258911967,1250.7118896351124
1723.750856799357,1620.8222944733368,899.2456262598836
1909.1248905269383,1864.732948481276,1112.433886965695
2575.087909986807,2910.133023109654,1771.8859491850274
4447.204293352341,3797.456643196815,2279.739350442848
4331.478625159217,4634.690463716721,2695.7652410564583
4296.596174236466,4640.9274112026205,2756.2631592345306
4962.661083619837,5327.8790616125225,2965.817888385655
5085.536439439092,5598.1283419785605,4124.519916846537
7673.393591171254,8930.139598923075,6246.420996694767
9789.380522410398,11784.552977162955,8251.939309430329
11767.6609973599,14864.261064197335,11144.465141842633
14462.424167939078,16712.362143569037,12577.581078646012
14203.313963140916,16315.348656707956,11782.240669418472
12410.073179856983,15442.549152376983,12484.864748929624
13574.989531650548,15942.773735872614,10082.436137059734
11289.254213457874,14970.747294268567,9542.91058808488
10708.60193553778,14739.495275722997,8375.115012422357
11690.615585390136,14293.248500500247,8294.687858605777
11310.390615438955,12353.2619298694,7634.000810905559
8198.771504153243,8572.505476114988,5570.805023313878
6431.324233608273,6698.459628396407,3196.0205127377444
3845.7901139887927,4465.611910552739,1838.430494779164
3300.0064824388155,2249.037010769948,825.6356423094843
1666.4117667703554,1185.4947819182737,667.3097082163116
882.2223112885254,523.4753938951006,614.3793693673766
708.301549588385,479.27501357747633,160.18741533810166
172.2977785113186,336.77638376180863,68.58402704017652
431.5122116692897,288.3712164372227,512.176643110472
498.1014013419867,722.1134097788087,927.7032925681652
1188.0002653174772,1180.5637889829572,1360.375578940156
1801.959367079478,1863.552693513877,2285.420464268629
3130.6964121182136,2374.9593366088925,2462.055867475715
5530.624574747099,5109.013701522144,3471.3365673366648
8192.99512291607,7852.120742555125,5455.513681345316
9163.957063979413,8692.143944167381,5281.840278400026
9697.483441694823,10577.858728882164,5961.164884961253
10502.06933951438,11605.43181876602,6513.1668770706765
12439.649834126987,14339.61368613978,10106.7889811881
3737.3216647862687,3731.01135475567,2622.381765746695
6530.97731484892,6528.566125822178,3587.355560302996
4707.335460405088,4757.623707662153,1826.0828149144031
2636.669002704158,3366.1686763464168,1264.7496404655772
3429.9663296136664,3965.643733032427,1765.2391587169654
2314.8637902517244,2696.114028667047,1400.572336255812
1232.735926610782,1389.5671010501956,516.7418227206099
322.0305226235137,419.1695464153565,53.59009260597847
115.1056157065266,264.58634243791096,-35.76031672867301
-25.895685580494074,177.04992908720303,-105.78866978077556
222.98106915939863,91.21960692467634,-0.1709447162851124
59.84711198832653,59.1694703495793,31.31963819618996
196.38757993195333,109.86744768263677,45.54498740388582
213.2850792153397,313.94188162136953,192.4292555669641
174.07724426807528,354.97140838669816,156.14836788089457
188.70171502844448,162.2275053560611,180.3251631619916
63.69751601645893,269.2790189842625,821.366134481308
255.7470743437777,418.4037822808503,539.6826509959914
292.27541014543374,440.0601241752736,175.6454503183797
596.7166233395425,799.6760358110802,559.7943348368483
726.5044340515044,906.3567738479306,560.9372176419533
1002.3059863193045,1234.083319130624,629.9897716518648
1052.667594051124,1307.039978065106,847.33686220157
1101.8787914212123,1418.2271323158109,961.1399794621888
3281.580948717544,3569.2032962691706,2059.6591590743847
4623.604501507205,5244.813966314706,5325.717876314319
6416.220354336762,6954.2448603433295,7831.55944292473
7172.844261260327,7719.100483836209,7645.209235695467
7785.418814001586,8106.682371393291,9154.690400439362
7961.895614863745,8211.814365558312,9288.774092938967
8204.813523003766,7928.108594507793,11821.629967737335
7246.710102443762,7507.735711046188,11843.886824428508
7659.193883956935,6349.223644607931,8380.306442280584
3562.593853112184,4641.5432536567605,5564.959680882242
2320.5237474309783,2803.487329144616,3959.474195317165
1878.356866780164,2316.191094100224,3615.760800081081
1375.7070790930172,1976.7769736978355,3191.4550917190154
991.7777738331444,1520.363206623343,3579.342905708816
764.5395500693064,1065.127445641584,2924.198696595688
561.8400564146174,878.4512284358733,2816.7111820286
321.2833294810331,331.2569878179728,2313.0849295006988
139.47350679459208,246.2429962393172,372.4181442525551
229.65985587617027,199.6589363268521,108.2191547245751
173.74218624987734,179.5997486453521,51.64261822108113
107.38958881444272,207.6389205677292,-66.12566443322129
230.77153064058064,294.89435884007696,-0.9488908999193884
254.07928925310372,209.4525841838072,31.14527575988692
239.3081435853192,161.8119124089298,79.91811080380184
574.9049785844802,867.7521686589683,132.35169977265392
844.116672684192,830.463295175366,154.4755909471794
1886.985110699501,1887.959325266856,776.711261224354
2705.296410883308,2702.634255893352,2022.1604797773389
3895.7490302741767,5063.347394850632,2232.675516941588
5506.329480841792,6099.039537892255,3045.237847081826
5876.960799065436,6672.032522400078,2989.671423920909
4208.991982429571,4297.872063880769,1880.440960754228
4302.936173874754,3934.273020937619,1604.6773304700196
1812.2527201938583,1170.231951431365,1061.7826297125032
1518.0922930640688,1023.6786147211922,700.0383207488622
1008.4174734526848,675.4371931016277,743.2469278104978
690.4089797398838,784.0938099232376,611.4020730906589
1356.5042825094813,1668.19406816739,1156.0824018302835
2638.671855144031,1969.267234949065,1182.5709887831126
3394.217453434086,2332.1586713772795,1583.4595296637408
4112.306384396855,2801.7749271505577,2561.779889622794
4102.649687384628,3050.252826176815,3075.5810968575565
5470.183387231285,5666.750794884349,4615.977868581399
6827.85773429058,7317.593111081099,5741.270954614766
4829.3017183566535,6355.95863931575,3569.000980261956
6740.079827474609,8867.466531711969,3876.561108139682
6365.201086004935,7529.539610962374,4003.0649469944265
6522.137128492034,7875.1887444169,4282.680214017843
6615.074696205305,7855.537641927423,3785.71447086466
6339.564006905178,8393.82581529413,3770.4562040810974
4767.227275325547,5320.582725723019,2859.9090285460697
4196.161774548223,3571.01495063489,1979.733740310015
3142.112351466531,2854.154005301926,1624.8580744579092
1551.012151224833,1773.9682646532665,1142.3968962172044
916.135029905642,1215.8636777936658,708.1664200124137
1184.761641075242,1187.3800069614852,832.1111903206133
989.5078711645884,1065.483599657549,652.9244348161593
571.4682388945715,744.9677403034556,405.8662681710856
607.8552815402427,538.0599563466543,268.1951895867616
369.1858740075664,138.6064594054403,119.00154343417664
203.57195079987403,138.220147486531,3.3176854578279684
571.9032329578663,663.8018922553154,269.98413352824286
1079.4634285760542,1182.65449316623,956.5108407065738
388.0091236933754,717.7872198258568,336.9363327400252
875.4562031366212,644.3125910652362,266.30289961069747
640.8822301279257,866.4582498740554,290.9282784827627
695.9352754092458,475.4207154325582,122.38978780955392
475.0002831584189,595.3682214725292,47.22198050125269
1180.108280748972,827.7298941479476,856.8029689361623
3492.104105087495,3877.4896994208943,2035.440121700362
3285.41684732116,3646.3704518397103,2670.586671674816
5519.497628928251,6312.8827974951455,4172.923962378472
9262.200577741249,11163.460778557386,7598.072210751499
11129.75062683873,12684.114468413383,8642.104153553028
11026.098201245812,11599.816252682542,7317.083030326523
9419.93580874433,10350.085424239636,7083.281760723598
8174.490410584751,8705.931581057892,6274.085613422079
7276.993473598957,6804.660798593111,5359.494529532326
4121.151870467485,4042.620537281175,2961.081881001905
2572.349643803085,2290.9036564782814,1778.569264295786
1421.1804340733884,1441.3170774132034,685.9055073171003
585.4457176980476,344.5830274983164,126.03496060210168
750.1168621870743,598.7610987092684,178.87604087993796
406.7133605117792,250.4285005587372,148.15323586241485
449.16028415015467,237.03544434602023,128.5401270552866
385.7564095956941,110.18985984960976,284.3689210924724
325.4674954462312,313.5038666591532,386.29979640555496
1054.6177512137783,846.0666099383194,753.2869501937147
1994.5395148650184,1760.0560512448913,1618.7081034335354
2542.981133811892,2004.7930662109088,2010.866512564285
3369.510813126096,3851.84078451841,2611.8258378783785
3857.885163293993,4261.007355217648,3126.1414191003632
5260.627842158475,6660.234958363977,3395.888701889162
6481.912459156273,7500.368599340541,4603.213313206422
5802.698979705431,6677.959408336301,4971.012442786627
5172.3206330883495,5280.352465029499,3784.121111345548
2416.69353064829,2503.253548126159,2055.3326270628504
2638.7234653601818,2125.754996020853,1847.873886730362
3028.7776588545066,2913.256754208329,2782.930173603312
3274.409040153964,2550.7311291895494,2612.8605838300546
2960.8630689970546,3041.6329516780816,3039.83749485609
3107.5794238171093,2590.106887897736,2466.154518075162
2298.762008755975,1678.1551204833468,2118.027739804376
1108.8840194786164,552.4363234757591,1142.7710961005014
435.2381338483232,116.32404890758544,464.91106086163785
-35.1062336981039,-13.563716842397971,134.23172104701388
128.52144258250638,-1.6659256992530858,5.703251989995813
15.504788771332665,-27.02781671510456,5.464606802456797
23.32101916220476,49.948676033938746,-28.84973846996809
121.07534035421318,291.3010790925748,534.1485822587822
67.36735570879878,126.3047721025711,15.3192277267365
179.95003418719955,248.58450001636743,592.9176415074228
349.512715197944,185.17701429554847,179.21755420516024
480.7764659558443,408.85683651828685,225.6524454267113
1424.1805651695752,921.200590741373,855.0427259931483
1764.9008658160624,1985.2298446478824,2317.107455479574
3062.064835912781,3760.1846832645215,2986.609524608241
3284.637740492029,4287.839400502812,2756.5826607910453
2621.040168145077,3282.840314245703,2563.6942651835034
3144.73711394303,3545.333174871364,2652.217806995367
1993.1277458676168,2714.109881644002,1670.0116551239869
2312.1363813726343,2783.666443938257,2039.87355608428
1493.415875856225,1350.650588215583,1038.3419257181072
1032.1417472797996,746.1881734633314,682.2866718167811
1014.0364619833526,911.657910843819,377.607234322344
1125.4113127323712,530.1225948333345,493.4040392610032
393.4847076212845,185.84541172951447,7.332080611156605
448.1243035725337,740.3473874228573,-11.73887858918633
1052.738670985182,1102.713141273715,-7.209202763499331
650.8961929528036,643.9328458973008,475.5314054486328
590.5480574600379,838.7368532171018,912.3227361519032
418.2437821806906,665.9143101028608,257.6073355459898
270.2746117606097,979.1757187352096,179.51137522491604
441.4794672548912,931.7874793051292,64.35677769173783
343.340558802086,778.2055172556844,87.9378788420974
189.31130480082743,593.2791384973358,129.8034055401839
528.052283911967,622.8733422704535,220.3099348751336
1059.9493961745786,1519.780330595754,268.2040605510876
1563.0703915152817,2980.033513918737,527.3879791974272
1712.8564701502717,2526.8995223180937,1039.0248159786008
2559.079015944138,3218.5616852666767,872.5189193228075
3219.290647474627,3597.7125982374805,2720.8540187025146
3266.553989429809,3786.0820868900496,3375.713612476213
3330.4050651282228,6478.992499074931,3693.075829129387
3836.022014789261,6722.060152437655,4010.5909352923472
4161.86323583208,6241.364904812738,3945.2323506037487
4561.899950276296,6368.688182442744,5413.51691142175
4631.1662489153205,6955.297831062017,4261.724055587756
3815.1192240893447,6266.88959047291,3869.771455148159
3787.986533038776,6666.043097252373,3895.856150454216
3682.10415851604,6135.456769372722,4102.774905499802
4638.602794323104,7264.387240682858,3948.4582057673065
8703.837449648328,11973.660383146946,8210.812117243915
8613.002470300933,10060.91631771387,9037.104969756574
12691.057557396533,11352.040616094531,13165.774888210988
14657.812262897052,14248.158835856735,10954.9134814934
14102.538629420598,15097.068465146334,8705.82575954527
15615.73228868656,17648.24482766455,12215.498927968982
16241.927210503574,18504.190251848533,14053.485385417904
13056.13927420394,15684.934460836532,13150.138382501227
13257.630691128825,16023.532556586151,14089.508237199305
11392.51675686446,15043.790922155702,13354.644069216123
10749.148125316502,15308.05796858374,13259.520287665537
10434.029235755655,15069.559868072934,10578.317534474152
9397.727769971878,13455.076240130526,9401.057318595662
9723.085572884793,13617.92623863254,10223.597315599754
9169.416830142643,13634.037352660476,9790.362383999947
9399.506753461716,13097.631574693609,9431.34632010222
15044.183243583651,15669.911800615362,12993.23519817278
15460.31613061071,16208.014502622813,13141.191005562314
15527.888206896028,17266.59891339755,13229.155077972371
15535.150772577234,16801.545389901938,13871.900795121228
15343.75090055318,15579.865290603842,13358.90568116074
13935.193013741122,14380.655315081452,12856.122672176907
14153.54531781843,14799.403031427506,12157.41336757159
16833.63301061086,16433.965630679573,12616.113234816916
17126.945345692024,15738.058390284814,12530.916358307988
14698.491694736374,14435.438010782758,12428.954071504775
13895.352074944773,15046.22237357353,12190.379017057528
14279.764494253268,14532.758829812316,11733.851996716565
13692.45409448408,14704.957415472089,11611.408166256924
13326.623315630726,13442.069156260166,11466.003318506737
12830.068504246592,12010.263007440411,10571.91995384874
12291.341313796898,11223.064247538545,10546.755489489267
11006.447589699905,11072.657135678292,9995.714530675485
9457.34143636895,7970.599554175525,6067.260054440811
10235.519140909517,10122.20303259167,8196.10761787869
10394.209878441656,10786.502466566531,9234.86772221209
9092.624817822278,9132.417326445884,7400.076692300498
9239.063545504749,10848.75251744614,7823.445865405705
10011.590588843415,10363.953463280131,6899.640908736351
9351.84156324592,8932.874109730083,6613.189847485884
5955.120730664697,5428.815165337849,3853.0705012502094
6237.350446983076,5594.42931457831,4254.382845348675
7468.185137446308,7046.174709848194,4224.484926457699
6894.261809277548,6198.707317203423,4378.533060984074
6941.886799833554,5769.829662927648,3918.726488093656
3400.5205885106893,3084.0421703610946,1182.9170697483482
1576.5546008254914,1829.9553079862008,775.5965768318715
1163.5313336704266,1037.6117352503545,127.19158574213888
628.214136592461,392.5228120545902,83.49307900283044
194.91243738695945,228.5307541897241,67.73241631365785
90.98231830983744,152.97318954295227,70.91774293457918
4.069614535861167,18.57981423883061,132.3845088563336
163.48646382872485,375.837521417519,297.6591717026064
87.81913046602001,323.98316075349067,51.88167441155356
187.5704481544692,384.6748545501708,89.66166555756902
190.8885997556933,300.5266762277203,81.16129472304699
159.96473177333405,338.8469607628303,194.25913108080093
317.4305236595733,322.4910331257888,118.81512603223302
227.56964465300692,375.53573914710927,70.84669658868702
109.9434966489413,352.94816390276486,182.52511648847536
158.8708256481754,505.8805758058553,187.63893964041824
380.0283372630438,599.1907552672783,309.2433233249011
1023.3034232503428,818.1486781173548,472.115036438596
786.1707749396835,574.7750304858225,330.29398000935254
711.5621426976161,597.7059877094365,472.6818300541371
744.8212642682081,630.0959391684937,395.4554028809812
702.5485892442239,668.5320824363528,245.8829760287421
770.1093325893271,614.2232456615866,166.941724066608
672.6016531694195,705.3956530832434,130.48336863410873
901.2287691003004,1027.694255286102,184.6445851148662
574.0593126896789,620.3990055351813,232.37809121130408
240.0158897360429,226.28010874798483,184.4804875139629
321.64783601806744,342.1197235992118,147.26821213183229
155.09485237090402,389.088582759109,220.39912264326503
165.7119286783426,300.9381187255472,202.06350448518367
190.53265578146,531.9853405786974,288.3265281769531
420.72183203252246,582.313899263577,732.6653227660091
649.7491408127432,564.9262387286835,1015.8119882477506
1013.4527567320253,904.32952931135,813.4164693690041
1298.3484346428415,1430.5925290750745,1173.5719918727268
1345.3867142310028,1312.2491261630123,851.9603060981178
1844.383146530435,1645.7806819692626,1336.1889377777952
3079.643225847816,2946.250308274061,2486.961895451446
3273.9854446632003,3624.142938282717,2436.160110004628
4616.094304307902,5477.1289712452535,2817.427157243479
6361.94786682419,7152.368430679209,4164.846648971799
7698.662080225116,8361.757378675766,5715.21031911222
9491.374217359782,12248.954320456183,9612.686599112869
12668.343358867862,15084.164058433407,9477.840401836367
13312.77418669773,15971.341230796052,10625.696093608272
12368.06243668854,14993.862567101174,9446.202941473064
11575.129926677952,12867.141546952873,8234.100725083801
11301.445137554238,12848.155032527857,8649.323956578557
10373.49946228295,12727.146355885974,6914.888148046579
9058.540112299655,12018.832536323343,5988.370376610479
11032.99191497838,13363.733972464035,8165.629672480965
9444.174780860676,11392.537648800644,7747.209707020025
5375.867849386849,5168.3545524778,5613.721615929769
4091.7387444057126,3148.3534841591304,4212.439444401804
4488.330437836347,3380.00784537171,4569.850110212416
3413.6151903821988,2717.439807053232,2842.1294445172102
3296.3438219917857,2439.120013759764,2144.376495074035
4216.66362104914,2967.6177392775253,2063.71843446297
3128.164982260914,2419.3051890072907,2071.586687506553
3045.655780572326,2644.4035684974538,2071.36522415957
3302.0233905997493,2374.422841717627,1656.4410348327451
2651.913496865736,2259.75727289248,1045.9080652613818
1283.031169347323,1694.323893639366,1341.3778733592803
1454.1964738548954,2077.6972752550723,1156.859141833178
1869.116870519656,2302.5016577659458,1092.7740004522027
1548.5926757838824,1970.216621533179,901.8389196180294
1359.7911829143363,1657.653586220218,427.3743835251398
632.2990407289393,686.2955743460178,201.94562191761293
821.2225141467645,818.0593101358469,286.95441404048654
785.7682401383136,689.8887867419336,357.6697650352802
698.7538403323751,673.3527875515955,191.1769505136949
754.1085048704198,616.5318961296317,414.8720638471576
864.4588171844217,337.37144127150407,545.233621050416
1078.5921313631188,752.9415012832632,372.28318267040015
1437.6836370134647,1111.3424278287082,368.1124915250757
1706.001033894258,1286.561835925044,161.1363090814878
1173.8738063900803,1139.0241232956917,276.16146475348563
1847.137532595017,2112.488097778609,611.2936064451779
2363.617528057993,2649.3921300845423,1114.5299012584646
2567.484009019682,3294.4182066143057,1707.11605168172
5160.0326302234425,5542.9847874817815,2596.16382739117
4257.276750893439,5129.86199149633,2147.5705880488586
4863.768401205835,5584.20264767926,2490.0830350189613
4677.526166006721,5643.004658852086,2984.9116532746707
6124.178523131194,7883.697724038094,3990.688470167486
7023.8479259132055,8721.11775939992,4434.431866950871
7121.513752709152,9026.991980821556,4541.39168300538
7186.981263502217,8826.11837648325,5804.800717914815
7074.082152591138,8426.816739467311,5052.600587779702
7165.627937950802,8823.259921660538,4632.411578379421
7202.37085676558,8758.878921928921,4444.651998415959
5105.669277421468,6162.197904139795,3195.763196701373
4724.733452562569,5439.554503800242,2831.5787725904647
4598.306217324229,5048.800213346283,2564.119537298644
5119.5962315754605,5024.310604147431,2390.1646003697683
5992.57140126169,5166.500386283001,2630.302304639448
5804.517236828588,6102.141843471345,3592.40456124846
7002.847259171154,7886.099575876773,4721.130978143635
6654.888528930044,8135.43929437161,4748.35673428274
7315.588778987984,8540.441135765737,5047.6893064076885
7738.342488072633,8589.264787175089,5133.309537447311
7508.11637141231,8832.069802571345,4865.332648553414
7468.165514623834,9531.072675751237,6769.663146639688
6864.807760420668,8767.12747593572,6584.059879995465
6961.7790389860775,8750.140326204732,5958.569117743491
7062.508630127396,8016.489207352954,5908.583172505255
8035.736051876021,8778.640473632562,7540.95386868127
8251.4601204319,9321.52087879868,6709.44005364228
8362.947360720842,9277.58400323604,7403.737043029076
7698.489946841949,8865.49215638806,5400.480288690619
9269.63141057833,11256.535046433197,8846.162488008591
7338.184005425885,8793.553717796101,5832.810880112558
6669.7842410208905,7360.8955421853725,5455.656795286874
6369.254824308938,7275.083347288888,4605.105079491422
6530.240084894404,7602.378254718827,5290.858985910792
6464.7380860059775,7816.728023810213,3853.9456918668834
6304.32524418463,7383.351121056709,3822.2376773986566
6315.792799555752,7141.374150383625,3881.4619994683976
6450.937785382142,7710.387994294912,3911.100933308932
6362.704710149911,7483.717237015804,3325.232864435928
6144.324783112058,7420.86672472607,3787.9740968377378
6062.9336085314135,7150.682601450165,3697.8034746716194
5897.840894349648,6497.9315950967,3676.0370788132336
5801.307798195081,6492.142764060317,3591.370247071111
4133.088794708285,5180.499111598969,2524.4895636774863
4337.541096468389,5114.085789435705,2812.625861104826
2643.2990934192576,3029.6773912912204,2762.9817799738785
2618.064534774101,2741.257482471121,2521.269763146216
2549.7711729651446,2716.97320114094,2089.751079030371
2497.053443535792,2813.0685651222634,2048.515932038644
2241.906152526052,2691.508975104856,1745.7146241618238
2664.516851643516,2805.425412105932,1957.260862947224
2650.792575003226,2755.7749376748807,1648.6868918409805
2540.969146655534,2666.8885435354564,758.613811638131
2841.458146017011,2949.7973115181467,974.9766525773946
2835.327593796037,3313.3655679473327,1174.2027076348295
3644.686719046455,3913.929224544078,1174.636661402688
4158.270612338901,4179.463644983311,1529.3635082556382
4545.252836981751,5042.265751190651,1853.956337939864
5223.914762183555,5783.156227752927,2727.8750154913264
4991.041549808665,5701.370148792822,2437.285224716796
4802.822484009871,5827.545567871437,2794.82743840933
5505.718035476647,6876.191280509322,2872.2184468508417
6572.606425417795,7818.041102312327,3269.1014764334745
6525.790973952915,8128.648260810783,4244.888317825948
6366.077478189758,8493.564168135392,4127.559462510798
6534.032688282562,7943.355877591309,3846.377728175215
5657.54497307381,7340.425416751972,3910.1969998675727
4923.796500427565,7356.019725709694,2942.198147995146
4969.935534515818,7457.714007655131,2919.9325635139617
5104.89014981322,7139.956969277468,3741.81951703542
4872.058196740954,7276.343581043055,3536.292823126053
4576.539277208907,7258.614032906451,3491.2646495808804
3543.116701484336,4622.891648412466,4283.2645746327
3466.467324585908,4736.336332041217,2692.612243227731
3420.82554701604,4000.460932613421,2433.1033945666222
3117.009215409071,3944.321263224057,2771.759614402282
3629.667428229897,4878.481726806647,3402.194336072865
3459.8080366739814,4446.066404597153,2817.9759186376305
3306.126511370073,3180.330501412791,3304.642069760219
3176.3888212300308,3635.5085977643375,3472.3710570311573
3363.2997651949154,3624.083807421143,3284.914424166144
2572.7326533649275,1885.946162155721,1556.8816305337623
2780.155573316627,3729.817481496504,1914.023568194008
1899.251833620456,2378.5340125539774,1274.5508762954917
1127.7979731737069,1640.725793014758,1024.3303093407694
935.7418245070966,1191.28955300421,895.5726896625633
938.8835813448536,1182.3889073632831,555.3550758325829
972.5781348327542,1331.8986203408367,554.7920787549217
1053.9103308228557,932.817728043026,255.67974691185512
1011.6664427963872,1291.9750257302258,733.7132629025795
1427.836506954286,1174.699911166652,553.6246660920442
3305.473083035075,2656.037412149354,1180.136700797583
3616.120725905494,3108.990548235498,2125.5966721055684
3236.2209348950773,3593.039847680453,1880.9396403019955
4715.444224548747,3345.0902409201767,3066.064403958337
5304.731745488902,4147.602708578917,3366.947061949641
5129.406678818305,4038.3336768312606,3698.552401356898
5144.3289913916615,4315.366674075445,2761.9597098356994
5095.545524832665,5255.085350503132,2862.146640750012
4907.232295835737,5327.09211518348,3512.0866583761303
5822.497153729931,5594.616561029929,4312.331103357124
6486.692995047406,6232.517850215724,7215.973564257746
6315.819258708797,7038.492344192761,7103.13836185615
8441.374832049862,10066.298179686764,7904.086207311805
10005.505664327608,11629.812389272562,8065.291943522295
10469.42958161238,12240.476468459165,8353.983786410698
12135.512040925008,13194.16514386205,11605.48270930853
12955.09885347486,13293.289651888888,11364.038815060148
13648.62794714668,15429.5391568416,11898.559985387394
13750.536200788209,16008.273734223198,12000.581205436672
13075.347209715055,15799.243416454996,12197.8072081257
13762.060874482924,14773.424825100406,11338.689361516628
12003.050161985057,12605.162677544931,10776.220029693774
10971.36656156685,11319.730648230929,9378.13167022641
8636.43622158993,9560.088849785694,8301.750604675975
7432.695106247206,8397.22517305993,7757.930520627488
5742.090526871321,6295.193374496332,4988.540020647981
4889.856455139216,5208.055184022918,5413.470967519837
4947.5118953414985,4540.264861887095,5534.728136505292
5088.182025795954,5358.012914351741,4870.610462888598
6333.448685803407,6325.922628681391,5071.878168814214
8354.60442266198,8072.711881639452,7444.4519740072865
9815.062334151264,10049.707813904655,9328.326764993535
12356.216000829749,13816.32848811332,11195.168764566766
11963.657764067084,12581.72696620618,10002.26369026898
14051.189238415862,14865.93951207506,14105.37793543556
14803.57565915082,16873.768849073535,13470.803054097856
17079.111515460263,16925.340832897808,13777.531086499746
17647.712652983402,17399.801430026906,13449.844430314895
16470.681638535763,14746.307291451409,11862.04425547888
17698.172816171034,15012.488933785791,12734.140477698202
14972.96177132729,13526.332594498484,10099.294316854608
14181.73504380019,12536.929861601626,9423.076061186288
12882.790624039706,12122.686252342684,9183.509818167444
11246.174531498344,9269.61620614313,6753.452219549824
10344.727237185449,7833.431676284865,5478.297265863781
6022.776158098292,5306.771299262136,3099.607956136302
4635.02848135672,3089.3437408184705,1289.6876310037876
2087.299523863825,947.8690860206738,425.9256008209581
102.93588828046389,14.64711487557234,-82.81420236460497
47.20778377863804,-142.7696566977151,-7.329699452497261
124.77751208274276,58.63659442666236,-26.722378822756628
108.19916307525992,72.10683950475317,80.56872225312259
108.24659659445165,5.3211203267054925,86.99044305476644
79.32574439613471,63.34369091700749,30.43212695961344
286.7485528652482,-227.5160633701191,0.7848584141789091
-43.66066880361999,-334.6195538376045,123.8012243366835
316.03776682003115,83.46708791024297,285.43077325136767
1277.6828977589278,1366.340936662401,1553.363060763137
2679.11475069452,2842.2624796814544,2885.1722966527373
3873.787428525044,4368.358088097856,3631.300694135454
3583.901913541145,4935.445029715174,3972.13029150798
7387.823626960771,6817.32835580398,4911.808651353908
8528.391376163723,7287.904750564521,5850.999952607126
12415.183992952558,12803.43692106356,9046.595101080227
12883.95484321145,12478.000406319446,9889.379974886037
11962.58333380667,10994.850678505814,7144.812180121278
13268.298936965844,12300.61203139152,9491.282936140571
11955.313656869945,10678.205911104862,8159.718668542168
9385.507676214043,8508.587395642307,5789.187802919233
5580.135181740766,5628.2630667903,2649.387532297073
4342.898238346535,3931.0938699032654,2306.3200879430824
1890.8713623486733,1545.885800507162,583.7323604463892
334.4037972936694,131.79226222253254,157.82317076301578
-69.72889312262006,227.52671305414967,-72.35751481257186
-84.98030701281995,143.90158848065022,-104.92392096676342
12.001615191214704,169.2530584971306,48.41490986059878
-60.55182157508961,95.5957646327691,-3.2523045430913347
461.7082807569441,509.0126416847172,200.21039825634847
430.2742399486042,299.7758207925868,266.84854358860264
355.38392319966067,216.8622404115429,298.25009153155185
509.9173524271218,413.9524233975864,452.2957488880502
1287.9923947295908,843.3040043938952,766.818685498026
3223.52957577324,2926.632131727238,1990.0703721499635
3718.8463502177856,3054.82220821351,2055.244659143248
4210.921178848324,4095.329331128774,2361.707874565671
4088.2084496099264,3853.317232232419,2490.733574934928
3157.403078174098,3923.903178241743,3356.868024380032
3772.452916229032,3929.176607975316,3252.408419799757
3589.53853080831,3795.20221802359,3010.019037862231
2945.9426231515963,3086.6430721683582,2575.3778437331453
2053.9021997641144,2032.7146186086657,1402.7710507477443
939.9637625032998,1357.3274858783311,833.9509062933032
956.3006354536428,772.160441562852,316.2892448447673
618.6700620950731,706.0563423599503,242.7586699124315
441.0757873766898,708.7378741816457,108.53112401399682
334.3011399548483,659.7585621981602,281.99761753137113
150.92298142810213,176.8582856663786,162.69294260293924
124.60502912805022,101.20783162455704,178.8693512859864
98.6022635735629,155.6420324143954,511.2836919068111
-92.4934852510523,136.3194844621054,356.41027414422945
-195.70583882161404,116.04484866877132,204.48365780460915
-321.9527974785167,-51.73222565007766,138.97667409143142
-107.52085525604927,-30.01901182063072,225.34836257630275
0.030647895253683,283.280095761014,286.2106542470368
145.82970107160165,368.9700576659672,149.47266771910287
-0.1687444244149991,75.93535617703981,106.78267196884018
-56.426044175968094,-48.12561838329415,288.9658139319358
85.2146225474756,331.6764356077809,299.10130523521576
534.5909949589349,466.4106458516544,421.2035098650505
510.1343832692056,436.1784196330667,368.9812777977152
823.9160779509585,580.042302960553,165.78675167749023
1236.9669587552344,1287.984745756485,418.6009675189216
935.9429923300432,940.5064758998652,457.92857760868105
1056.823350413534,1302.8971755674122,510.99698464066535
1478.2409874107784,1609.0161349183943,743.7987729467894
1880.9571435402763,2239.277684059973,1018.8936356614632
2349.902443883344,2803.1028984554905,1196.3822077970285
4322.4043373466375,5167.941126146077,1991.3908712783875
4103.382928786939,5698.317277691181,3376.7869594219524
4022.0356178826178,5467.423443329345,2990.661184450676
2848.494799055581,4553.187143893974,2518.3969416783034
2524.1270390845275,4297.284916898767,2972.921322640748
1630.2928361195998,3014.1105797100954,1695.2662955612527
1066.9534135182214,2281.0177467564777,1640.2946901771631
1357.1679817316017,1902.4335541189653,1345.346413213061
2310.218185362029,2872.073761696264,1323.7459117951034
3477.48246970212,4496.316210912828,2183.02401312501
4750.398887132741,6560.544228615064,2584.996295361957
4724.893086440776,6469.798806970962,1834.6508304935644
5026.912386752735,6942.549810213938,1895.3473564470653
4893.442486779177,7209.30735011821,1855.6446251989385
3273.5895464611235,4341.745533747467,1312.579552039413
2367.330695568111,4006.422127067196,1208.3619785281912
1783.2419534242813,3098.442308116056,1253.7562153381798
908.2619683747444,1671.804473697141,529.842023647159
1595.574478961109,1224.2539630472425,697.1707254326146
1736.60886649351,1584.8064036392734,740.1207605850202
2014.202153318413,1819.4637548500664,852.7215407156051
2342.037720390581,1899.5128672762985,1329.3842686579244
4287.181660795884,4316.163743268294,2769.565289917489
5960.577765203379,5891.859445900962,3788.2486749167074
6091.7612584641365,5657.984790903779,3612.992039906896
5329.852842729069,3914.836284784985,3018.577738043773
4118.711289775255,2697.140306103975,1641.5136961120445
3341.737364781378,2338.587815539257,2066.2585321530632
3427.426965811548,2493.742752034074,2671.3459168374866
4004.5090877545904,2990.188856811657,3025.324711679916
3048.8083946020606,1898.3710902598684,2069.724648403213
2001.482822495688,1364.00851960576,1135.136389742244
968.1152120533756,591.4524029605603,1434.0010234974077
1260.847636771501,727.6298168213758,565.1324073161902
603.4681607292371,464.4950502031735,778.4267328961097
209.75474753815547,296.8375913574197,509.7267670053094
893.6712904039532,689.0428295292863,791.9881473124389
985.744484877552,1107.3799021134607,806.3461193947632
1354.5723689304689,1845.4073983349103,982.741764039255
1711.8085164391157,2608.6043256673406,912.1978443886484
2791.39584688946,3804.585267408036,1968.3235376339696
3711.672265435461,5733.340802606489,1744.018481874395
4448.627686630892,7017.997539924766,2057.0469418800367
4597.618572780179,7063.895482703891,1424.0407720546802
4576.766263006167,6935.970217610393,1571.132041789582
5350.08030402666,7715.737185988509,2153.7876765177816
5935.176168363279,7724.00059987084,2465.188367393535
6008.986580808417,7222.301762980248,2043.9925967760664
6052.027854900164,7136.364986140608,3262.3585440952443
5079.865713734812,6356.238063085327,3460.626527313272
3907.392008782948,4939.9101850927655,2817.0074340463093
3358.539860415516,4077.022758067567,2680.01350485979
2737.10964276257,3874.6601085373263,2860.3849350384694
2377.597591770468,2494.851472256969,2637.870368331008
2209.283230427048,2401.6846573039675,2279.451837226116
1744.5260688552266,1830.4018774105605,2160.183892060519
1890.318467370945,1793.0131698240834,2024.2979224684764
1589.1552254072506,2079.2765577256423,1414.9624364381204
1288.0208699934149,1750.1436594260151,1198.269768352475
1148.3458540477027,1535.4104881190788,375.3950273785369
739.3708635587878,1026.040898430484,235.38433743478947
779.2210176986104,1077.6887853476796,198.5959390553452
702.7772452376754,635.4933500060442,469.9925422591151
329.08192856817874,437.9989368307508,264.5493558379921
-73.55899816699714,120.0689629532878,337.50335391249774
253.2631787071104,143.60492868332355,397.23487360791233
393.0790413813682,38.618790993028966,-60.921237132311326
916.367806426964,731.5458511124057,257.5496283531847
1633.6082266398755,1074.2953708537775,393.9147140411303
1505.9749374945404,1015.9877543048624,133.51869373175504
1626.3718904198508,1176.476484960439,679.7385578382622
1752.0365140226224,1099.436558133665,226.5843841061168
1077.322917830434,928.5047224288228,2.887804165094724
824.6408287907244,832.9210637850535,-70.63805471649937
627.148127176426,421.6230901535501,-17.37240900188394
197.34821547828167,142.97856564772604,105.70146219336984
181.33874173917192,171.69927409269587,84.75668862869581
223.2913618926095,256.0239988160853,149.0521528878313
341.7194662997556,271.55227441671275,146.78091187906958
246.2595525966735,487.81277556676497,159.4130675903324
311.71678488576936,361.2571963730136,312.04546785485087
328.25078787589166,471.3315386778077,170.11287096977097
291.337568641482,571.913071854104,307.751252873208
403.6387702255346,719.7977964820637,441.644082914595
906.03031267466,963.5974564768968,600.4363398206118
2402.5203972934646,1904.0292790949748,2887.474241580062
2380.792907536222,2239.9199346991654,2991.5201337801864
2292.5323013557386,3056.661448506018,2652.521662073203
4013.9313287262426,4436.348442311036,3217.578123193128
3886.731153081945,4242.334923311348,2621.702236109798
4343.253536705801,5099.70345905676,3187.442415223959
5672.847411676365,5519.637145509577,4138.602886469216
6885.570253630292,5284.470758310814,4181.167896416017
5936.798186434751,5207.715748285596,4461.16620468375
6785.07836255031,4979.831259098604,3811.1743914793833
4553.149937652274,3299.003891560997,2242.963223368756
3565.484595924724,2428.2025987960087,1089.3175507821868
1492.911934998176,679.2888483603031,553.3718406370506
689.1335033649226,401.3286588141903,52.52268444321557
112.62173875606403,236.6468737779729,118.296679380939
322.2681107681491,491.36128973484506,88.26278581374844
711.7126562607108,688.8638567814605,123.89604922371852
568.1764806820152,673.6295196565816,330.4036165920629
497.22443746271966,535.7853174939406,276.8236233344903
434.2885177801659,380.4339970376772,342.4122531156071
160.45566878117958,89.97566394629429,244.91832133577788
158.78565931375726,-18.7373672800742,62.8952801407511
-60.12274843206031,-99.83726114512592,-36.66248441088081
234.86802007497363,16.927027080716776,114.08637264784684
317.0304668304016,888.3330763581099,843.8764148763083
253.3311311108406,496.9213479909866,681.5172972158302
635.727163373365,479.8862179621488,695.67632427457
577.2728639818449,715.8687285435188,489.1952788508744
883.9243921654459,843.1212541542437,498.9642452874238
986.4832400615244,417.92803774234494,406.02227924056433
1181.0306154607158,770.6867368887977,356.88401980908145
922.3025934652876,648.9170065409321,736.4623913125713
902.2820005861022,817.6312651628235,636.3191422494451
1234.7687497480415,791.5981209538749,683.1797102448954
1284.7495912065658,899.2751001773992,709.2788811844364
1299.8872535008795,921.2768579158726,759.3608196310985
698.9256870554972,924.4819345990262,589.5511081942453
777.5768233884436,1094.3490402702469,535.7464322657421
122.3289350766618,1232.1800168661891,801.2577104616395
393.6409728615272,1779.6116945489969,687.5214439171051
347.76127493142707,894.0402674340646,158.88905341421508
294.72277531988584,316.387665474279,49.743514627253774
410.2139840962111,390.2951289067796,123.7980865170098
909.520664677082,1108.8649965133718,981.876582123992
2108.4822273250384,2366.5936277113,3106.271907901338
2775.2105851065016,2778.3134282695582,2562.271761733237
3830.02958663269,3889.827319960528,2491.507321376528
5419.509557709534,6066.748441658103,5293.518053837785
6507.902803401449,6759.328690328681,5733.88358301192
8362.801204201278,8204.769466723716,7698.140014169795
10286.647252563993,11034.44298555248,9261.686831363058
10685.92241263328,12048.748961218063,9016.363303784
10283.03737875448,12107.960035331436,7850.108758642409
9264.926538231692,12191.778414200073,7455.286627896877
7065.868803662003,10073.257949960933,5736.760039621813
6098.913549366237,9728.687578364796,5128.638012958518
5662.290322281999,8519.18534244827,4019.291778202242
6580.388326760696,9331.97962216278,5539.5073460293615
7402.867552166895,9061.324681195129,5893.524085539653
8813.178542241496,11703.777338906,7619.871961428176
10568.776648905769,12117.19811344234,9019.770966365964
13191.622274626829,14017.889629652122,9373.989582634613
13626.31269688057,12079.154418114076,11945.807219730952
11323.278098503564,11943.924168187006,10129.559767647828
12028.183981070448,14945.702855311964,11326.100537093504
13336.224875435835,15438.45304915834,13179.164309600374
14850.641455084477,16147.35359046336,13380.595252952964
15790.00029951947,15947.795256339268,11619.315982884307
15230.04672073428,17777.716915639787,11797.859653791307
15391.820022113528,17340.72714042891,11837.40375154771
18201.62280900837,17538.677461895884,14177.061058240122
18230.63486723069,17645.677443709355,16799.026096452057
17303.10770622471,17882.634181322184,16452.60557449031
14701.204767832556,16870.99601493537,14122.709890070442
14166.582640220267,17092.488344939367,14197.654645140605
14255.238308574531,16983.16340944439,13996.391704362868
13851.485459464717,17184.601649221684,13888.61843768057
15512.778163127106,17434.800754981396,13838.897814643691
15458.424775704943,17465.14568262893,12716.309628345844
13558.675321834848,15988.181877039018,11182.493517068277
10745.129473594974,14683.042727860977,9822.585687461118
10949.038043855287,13933.544025488574,9890.245215227264
10757.91123329756,14811.381606036004,9880.353070107183
12206.125556610396,15827.21187042074,10467.920336135076
12289.473253474973,15176.19401039538,12969.971267604797
15986.182357036596,16972.8286606473,14498.464736407215
15782.152482121406,16426.83291089325,14761.483521789209
15177.62523873255,15943.388045232525,15225.5288053146
13012.590696059166,14533.19240292825,14256.310355174615
13835.690980488826,15121.056578212125,14926.887376658902
15452.663148309644,16176.795174362183,14877.096284305726
15550.96457501279,15867.432225924833,14384.382191517554
12238.074999138316,13069.339531050093,11783.142509666428
12806.989087698135,13178.21434422889,11239.723814972833
10377.013718980346,12412.034046643836,10176.95379603475
10290.472104673312,12044.300836024811,9655.805705930185
11204.611187821964,11804.21660637572,11472.83343463714
9167.834537734803,8826.404569556822,5609.889740785568
9191.500089898722,8810.267373846536,6903.799802697043
8840.976367568277,7672.734913658657,7223.752039320431
9288.137804976634,7544.839481029173,7079.094181307227
7831.472884839892,8158.54253325945,7183.399085341611
9225.266095247063,9664.17908074486,7391.734559873348
8449.186046027735,9125.367310028498,6851.513178131839
6747.041410458708,7252.697289539565,5265.142513682288
5180.630548922773,4465.263909171096,3591.748189024274
2664.811228212079,2314.032655908435,2169.436947738039
1820.4324109418908,1408.1383358081423,1818.654045663288
1956.309697117515,2367.442956614273,971.0421508273052
2707.9240941947187,3215.8232324598857,2205.955248138293
3603.762755118865,4349.5354566093565,2800.9380200352275
5860.365787159345,7099.530617754423,5235.403123887946
6042.099627233929,7839.104453305586,5913.359453029596
6309.5634979592505,7836.767436906717,5442.579884879948
6130.835004033519,8193.87212056276,8944.999538709932
7128.378103202218,8743.883257252513,8363.070831385756
7661.130366694812,8339.218361306916,10691.550349288644
9086.477147361127,9510.86395854402,11457.380645877747
10707.827351614384,11462.98016242202,11803.077283643172
11765.75932221001,12872.793200474764,10536.264162386477
11652.945460577625,13230.842039969866,10520.906158886482
15371.079090369942,15590.061787858278,10545.827673479358
15181.710250952116,15754.57502539409,9653.757795053923
14351.334243692932,15598.364734766586,9104.878078581902
11424.676627542667,13694.160117670925,8138.616490127538
9963.554405383127,12212.706069361637,8148.231333809469
9186.59144904527,11898.37661836958,8060.910476492526
7814.32547672981,9052.702509443498,7146.466009975456
5934.009386535528,8019.337398414364,4888.476522023419
5702.948278656939,8101.273633590668,4298.343068228207
6085.738423781975,7393.243739603555,4865.387404495644
6479.324157873835,7479.109901605625,5680.09743397396
5392.021473568053,6104.76850870954,5688.638713142544
4746.7385135377735,4585.029195199022,5078.454066529925
2570.358757712301,3353.573854305337,4823.198912583064
2529.873207805837,3112.4895455940605,4749.366836938156
2293.485866648269,2438.2604205188927,4026.9072729327263
1692.019966328745,2509.7748668551603,3834.577002894247
1302.582658990645,1126.6653037870706,2774.7906606423053
672.0506814617519,907.4055608880296,1182.838836007248
919.0732102332188,1077.7823953200264,1196.336602925846
830.0354460738611,1173.4203488103904,877.8983035053556
970.03585710877,1713.7269696607696,1001.93699314322
497.03740024655673,1339.648957311001,920.5990953705336
393.5656133086252,276.77135736119374,978.2646004128392
303.72953725350635,498.2826715468672,458.0741193570846
872.0235862072764,1049.550091899192,590.9281334960476
1240.5101024991454,1440.497274624269,1316.1331204122505
1276.040717214294,1243.0294395901078,842.2282493753157
4067.6214198910766,3336.196982016113,1790.36743946699
4346.452138042379,3754.060440265588,2247.790345991668
7279.053086635265,6201.758036807434,3875.820416508765
8277.573258544799,8416.14695828525,5647.509566817737
12355.773252931747,11760.109966823617,6959.494202603146
13076.27714358439,14389.082888328308,8785.793299228237
12256.284203725842,13875.516252239047,7441.577818054732
11121.291556390284,12245.132722663531,8193.793220412845
10068.269268582448,9873.29919799616,7269.96587611421
8813.12838812929,6887.674715121892,7699.268625079396
7585.798382032206,5935.770162063607,6291.693539983439
7034.199173591768,5660.870448532435,5647.941757988609
6294.689515203848,6765.252181135494,5687.820296165526
8359.698742888995,6850.881044252295,6711.150114253191
7525.117289847122,6413.855501128945,6366.62660236013
9904.11693290263,8455.276746113897,6775.733124778394
11588.083600835016,10740.296468419338,10418.671505553168
12336.622763609646,12847.158046855562,11551.2798310834
14896.739207149152,14572.391993194977,14533.898323509886
15929.565989623628,16812.016843380836,15871.603874872364
17394.147839211928,18214.04302985815,15801.571330099763
18999.265408739207,18796.226542667577,16599.167712060356
19229.127481940704,18753.064494853967,16500.15395317039
19652.53224403943,18917.630720075635,16010.673823143186
19748.58465179244,19722.85189420756,17039.317418000595
20378.03417254244,19748.17380741983,16875.328118294834
20519.405560752904,19777.55603252421,16484.47011330575
20661.455967965067,20081.11925096309,16513.875131592704
20991.669653008008,19754.105256315248,16105.290556429984
18122.29017917659,18593.16513581582,12733.600800601134
16776.813174740302,17484.23278368013,10954.38676077935
15438.47896862865,16616.32860224059,10902.200366016035
12669.311543134869,14103.40246851767,9068.08960537726
6378.551484865803,6957.2087430083775,6074.330192081618
4946.915922596227,6266.646881168245,5757.991944357073
5206.015496426377,5678.742207594447,7727.985715702076
7295.233621918661,6739.879636545885,8297.316086467656
8365.785726474132,9511.212433601131,9501.929895057232
10054.987131009251,13050.749436092796,10171.586015322211
11358.272481872693,13145.772609565209,11333.863324228058
12418.884816815758,13995.479433364311,12824.920497201
11305.289893341394,12295.803068625077,11551.39596835192
11927.872611838557,12570.8683867858,11283.456746108604
12002.558760438673,12359.558298942982,11435.01091352626
12170.35584795938,13285.532299734778,11763.930572750933
14542.553765396467,15110.51028491098,12513.480390260567
13114.885660773423,14465.966021873191,12064.849105993966
12758.885905008745,14053.671951872511,11782.399694866885
16089.158858682122,16627.098411268023,13726.927721888133
16254.811346956183,16515.0079042568,12774.341703082637
16485.129397164907,17298.982314781166,14609.74786543824
17980.9425661749,18741.654111412983,16296.733802188262
18731.69859275492,18826.20544022813,15218.682770264057
18822.331857557947,18538.66321489649,15379.422374972197
18304.200840182784,18381.693326014883,15050.91501014716
17878.225396989885,18392.533563761142,14018.744445134676
16424.677677919713,18449.76931313625,14275.29282139205
15583.750218829118,18604.32565464044,15332.489817871028
15850.890821110232,18155.45142772845,16414.565141633528
16671.639935580013,18015.685386895584,16457.720344335143
16814.49449298874,17848.477989178922,17019.432949726764
16640.52485157998,17547.957380164833,16648.20019934347
17375.757847550747,17150.307551603444,16197.859784320672
16329.81277272482,17371.58380883032,15892.016575354215
16417.22426745341,17437.37122643713,15537.413830943407
16280.358449481371,17154.4265203297,15173.068466806197
17597.881309713805,17996.33357998373,17063.35272239725
17292.70183343952,18837.789138976063,15600.652530224615
17799.925180678878,18747.97575718213,15872.819891528658
17680.73733283762,17867.589618467904,14877.077974572036
17469.916922342105,18133.358563478952,14895.678510543654
15095.666882519048,16601.381995445056,12400.816450654347
15763.484481649832,17402.145304224312,12333.81242057076
14095.737002009346,15002.81014687052,13901.304307842716
13720.804468650686,14538.386214693042,13341.249608007576
12148.93078520871,12729.039841268472,11101.905846356924
11774.350191851958,11616.692931951153,9536.6493709135
9339.027311398817,11899.738504853434,6744.122225182496
11636.78635679223,13563.54827327902,7891.004694507344
14261.12617560502,15260.417526011135,8237.461114612284
12927.375253618158,13854.383073400635,8092.055025581005
10348.281914291672,11867.57087022846,7782.143130922065
8742.299465455872,8696.647281418629,6590.974742485809
8528.938872546903,7465.346736526413,6375.812261328817
8224.444002574588,6985.392713700394,6247.386000435466
8238.926641466196,6675.705157013019,6328.10447514064
8298.948199484723,6608.961987010516,5621.800723795088
9392.12678189676,6647.345941231774,6280.868265324268
9132.89848848736,7250.094599140334,7219.8653221619315
7122.271246803194,4929.434680922423,3513.3475266683595
5156.994855318612,3878.9319311731474,3033.7522553863314
4680.550124706105,5190.938867244022,3660.286446555923
5249.120590297027,5671.090128256952,4001.665281372263
6561.62026593697,7560.410887380183,4106.089931845434
5501.602828258261,5953.545095407797,3985.182820028736
4802.318550718034,5833.412456361844,3458.6401726330346
2970.977291666922,3059.74257429156,1564.2832759979428
2929.5146520683934,3238.385935123855,1443.4737615025422
2527.1191469105893,2508.0946584828203,1316.8586703794483
2156.725297593721,2232.3262184374344,1318.313677237835
1999.2587881018944,1903.1304434243289,1259.268424176246
1935.2663971904324,1992.7672784336803,842.4629427660376
855.2933690602225,410.8819662191576,5.396429258082889
1361.9147164652568,791.3700492839457,145.77240642696864
1265.1949158184032,1181.3797360642527,459.0534285707612
500.1999883308749,359.5544490170804,344.9248122219379
513.0235832313627,449.6459420549999,330.68813331433785
574.5353767504652,423.8619640620816,264.00235788397566
598.3245940706106,344.8471266187061,325.5719958459441
1178.4004557103065,727.6915278104957,362.41612241354255
2327.657623177714,2124.245016910262,633.9218116429914
3822.323090162393,3687.63888049997,2119.65489553204
5932.139617047165,4178.695288579322,2595.541421244036
6817.195839934769,4983.963595980602,3274.350293200856
5556.421978524773,4742.73717615599,4036.047022822117
5943.136843032212,5250.845303605207,5596.532732256876
8268.91433462256,8339.636848909497,7249.966396922383
10882.630567694066,11491.557985236546,10068.944665344
12000.00739821508,13946.528101657725,10311.945012150063
14387.737643818362,15814.07354222049,12173.501421977868
14264.737733641226,15347.96217777532,10799.73341028652
15077.745443783568,16439.627302527693,11001.943271177242
15934.949017155395,16113.357206690029,11189.475581325589
15645.03743962215,14741.590846486337,10978.01838252086
15349.280669880158,13532.674307765268,10654.243983209188
15499.134686076606,13723.485228480202,9658.073084576505
13461.774526461144,13274.19001636943,9242.520264000204
10737.517387796075,10756.403715591325,6570.085187423751
8343.652448090063,8546.191308821131,6862.760609618621
3748.830801427579,3639.368618069944,3193.391808962065
4210.581447878236,3574.9458007815524,3669.5613445212434
4234.140361503273,3792.177783734606,4723.387327627769
5205.295961815026,4376.178472375375,4578.852636708817
5169.432815312084,4235.669662732657,3464.460878457377
4599.17062872464,3973.757965872468,4048.641357312094
5574.414077916967,4448.648964207397,4628.260203350083
5997.887725689125,4648.473498342976,5705.623631133007
4911.31816439464,3951.072540002377,5274.41895847036
6696.01044167978,7429.8829373535955,8101.135348030725
9895.724568530472,9328.234117115162,9910.902201020232
13024.704698392785,13453.902653951214,11464.734638715949
16030.437053921463,17353.3308379634,11950.508634225484
17459.454012368453,16809.34862239135,13700.600259402225
17562.858571355835,16637.073639423234,13670.195623910236
18596.68973593232,18165.717065609388,14428.181436052846
18396.99145666812,17664.202411898754,14417.546035100684
18297.940317127646,17666.66683755108,13857.085234947936
17847.031248217154,17439.711340070022,12971.71386189513
16773.73761508406,16492.701561708,11874.19508944885
16392.195043803044,15128.124326603933,11899.217468541305
14274.641608637718,15913.775851549164,10261.034856764973
12248.732908547829,13939.286158812634,8311.702644866073
9799.358261498097,10939.415331749147,7177.009402231585
5105.0573484784445,4400.104266864446,4360.861938019621
2582.0596980304413,2515.7250035274355,1220.731080042338
1905.239192592195,2284.4034054919543,1365.350423598962
2103.042924159104,1926.008330773721,1709.9057872928563
1780.0331512851587,1711.8451810491863,1144.7586505633722
1778.9934228963991,1584.6046553723334,1951.9955580486849
2309.4451867254243,2526.080921312352,1932.9760076405853
2475.5313113973616,2828.3424874725824,1874.3899063393208
5511.723946967637,6106.697132543998,5691.452214467737
8564.661106795806,6556.504008130463,5304.247504066426
9210.665982505325,9123.511655658933,6771.765264449241
10627.377207028308,9025.515439507186,7077.772228186386
12231.76448323594,11849.643662747269,6208.157264560381
11834.487868073278,10721.242797719748,6297.297517365748
10625.400080491749,9014.293254517304,7611.745199065125
8142.475574755383,7945.946349921503,7469.805165006174
6861.696736792884,6963.989487363705,4737.026446918146
7244.305970474052,6355.42697770784,5657.6372747222695
10458.27766741792,9355.43708606769,6164.980330846499
12840.90668490233,12664.01404608493,9838.786378870856
14657.036536610873,15659.99326832939,11354.65038216125
14881.854658484302,15936.189353523798,11016.683603272591
15288.932337515113,15197.8645586476,11202.638629879291
15747.698586994977,15696.716829220608,11457.502566425515
15251.598780405962,15743.111893551271,10935.042570914797
15418.136721719438,15508.8468343649,10975.88112869451
12738.707589749962,13256.039139155811,8751.60769829428
9837.75777033034,9130.029295257656,5373.758158520271
8844.849648192054,8036.862455693908,5281.4288519576685
7379.232860177134,5845.614084014947,4043.142011199334
6238.907879161157,5703.649497417277,3688.823114012942
7149.084969204433,7340.27983958911,4199.278016178334
7227.775736526006,7164.334098472388,5202.098637249939
6459.033057183458,6175.550918274616,5208.865388345533
5878.08491547201,6045.577821047707,5392.630520775124
6009.013837392198,7251.776388600927,6101.414951822687
9547.878760226387,9956.099057725552,8666.31262759516
11058.605415402708,13116.280336036229,10592.287207314292
12578.56839438074,13554.768888517969,12607.461327567937
11158.717610485965,11616.53353399048,10361.93669274364
14545.566246217606,14516.427293848705,12594.063642907062
16331.12652550542,15182.609658806798,13758.904459037542
13966.381559718611,13696.69131535748,11518.780633123946
13653.105214010106,13662.200938744449,10959.428068199666
15603.584155379498,14822.144143179215,11584.344543635156
16357.235850513423,15026.685406039973,13064.188314655154
15723.483957781022,15566.699966820966,11844.442314530035
17022.23971555846,16113.152325329527,13593.852555135049
15580.159233447372,15787.050022282392,13694.755389660597
14983.736268788096,15908.50738140848,13660.007326628684
15230.695797869086,16089.7365975233,13486.028305760972
15267.158486047356,16617.43836207515,14248.271933678252
15008.022016186324,16637.174888350193,14089.122087963036
14977.562965226369,16608.035659040692,13976.006501064616
14910.788005629,16156.148632165592,14131.322193597582
14404.93358501344,15074.522431113954,13324.648456983025
13469.79262142449,14769.763580874522,13436.61442493105
14657.499780523727,14712.419434996214,14650.664088375364
15223.45744087672,14680.250929937789,15343.29912851716
17384.05749315285,16738.59547530511,16017.65561372655
19623.484597325623,19014.70158977916,16591.606276875747
19951.005841378254,18927.87576496974,13421.50203006248
20513.258521584303,18873.41780909876,13504.242378507635
19472.6751679474,18506.866698986425,14251.00676207783
20008.89287499876,18594.139314731605,15162.189191436746
20221.67536050904,18722.10772821744,16198.488337743387
20491.260883998213,18696.921652144705,16343.83273996831
20357.47094405105,18855.51857011008,16041.077735928233
20383.312621832665,19112.84018183202,15123.12854929314
19687.624946056447,19118.53016490648,14616.113465568786
16423.617489275326,18539.79538957264,13509.116104779629
14102.49953547858,16304.489529022192,13302.097027306669
12120.79928115065,13307.773752097632,13452.59510955401
9356.743533772878,10718.979290610852,11443.264439199222
8433.664944571094,9390.885406524829,10451.26357363049
8803.497895324974,8498.345243881275,9966.534002578604
8062.959307572236,8325.466780740686,9711.389982280463
7874.75078769513,8608.58502004174,9475.099972874865
9035.415706697637,9514.505869043778,10114.447297844685
9516.041628082996,8405.795037356134,10748.1811405948
9544.85065786358,9074.290621786182,10008.87047063785
12593.033475354763,12689.874992141333,11894.48382374516
13672.80026371843,13634.66678654585,12348.138794172231
14985.964334342993,15589.686458244823,11990.787636956282
16776.394802719424,17471.118186084317,13796.361266106784
18661.32010283368,17719.21028001338,13099.035689428689
18569.463883627934,17736.977482522758,13522.774618986296
16220.272992641245,16266.1149798203,11843.511045641142
16046.63685152833,17108.778421752228,11317.298750103218
15107.96930945226,14283.377834469931,10240.67865355622
13787.756851311737,12884.56941871122,8825.604043143105
11740.513408267814,11353.069269885234,7550.191258887184
7954.895599076738,7322.9452968447695,4933.15736055995
4224.8642985872175,3840.5625306257552,2179.2739560521127
1287.4258668442935,853.1419081486223,427.0161329560249
556.719526922584,492.658427567012,209.2712674610901
3.0211253968173155,44.27407859245058,113.92359208107324
107.38075255402524,53.46338874080144,221.6329829855731
-3.604709076363887,174.64644315291727,57.09558926784951
12.97503258133844,217.7041936459551,337.6276949259351
-91.87311875240852,230.558148836568,187.0216527710093
-35.77677588538296,98.1108401648614,34.12175230620908
213.79256282224864,-68.2910364134348,167.67466624384068
1582.1006642802406,771.3037252916571,510.9318691666616
1306.052105914716,1478.4202009416538,1004.3335220735872
1283.0117011641828,1822.6558889533856,1018.1116024009856
2467.1122758441115,2628.902982267314,1660.3001321348772
4800.131776843699,5578.253766469075,3888.0186815056745
4154.481502971291,4192.80765497638,3792.24101855085
5712.057710257736,6696.842362694423,3938.898072806815
6335.739053604507,7895.643587852482,4482.925323391458
11185.216479778272,13053.922004281389,8069.404927932296
12316.879666535717,13384.466095470703,10541.180089672009
12144.110466614193,13108.94920818986,10117.769575737191
13039.77741147322,14968.161070753666,11159.515287930515
12114.06381665095,15304.724519631178,8122.947363526263
10502.863706732498,11492.714647881994,5696.410053693562
7659.297505452943,8279.536758490403,3473.8931061350986
4911.684507858243,5531.259165824882,2165.4548259295934
3039.4016283838887,3251.4713454431662,1764.2264179154456
2166.2330211928816,2298.8928826322463,1574.184341716951
2811.6255966166364,2432.1518712224247,1518.0688673937254
2459.578168689966,1602.4462378258872,1546.0119833453305
3460.236487622535,2392.932044344612,1334.1704678568824
3619.369672356972,3372.7578282766067,1517.6429813464665
3236.1946970037097,2640.0711455168257,1731.1473456316571
3147.349397184982,2613.218355246571,1803.641511351224
3096.2206779695744,2658.393823593781,2167.8379359259725
2394.9183912027665,2284.4324805081246,2251.858300365913
2495.281964218691,2340.0709086548823,2407.550047649859
2076.787057711646,2058.907004416366,1275.958058544688
1778.4404342226592,2580.950122461073,1174.5874764398447
1342.140636621846,2472.270681988825,1527.996817168314
1464.4394143501809,2321.802969582214,1588.6991625422531
940.327379564674,2128.247940762445,1480.7218686085453
367.26402711510633,554.6017260785064,409.236435835129
363.4422343698346,579.7147943228521,195.69436093139555
516.0928008941974,691.2207553016624,74.85882752741783
353.568028870938,412.6977072861376,46.84436408989631
282.7864795964816,268.1414993453017,70.70871733454348
150.4109186267278,135.16277195540675,7.261186216409343
75.78750518837113,116.65186522420969,-12.878716425884411
-8.773226410165236,175.6845156787012,7.731699082711237
7.013393073077343,118.23949564798664,-34.999235881753734
-62.87765624358003,63.545310152970806,-12.716442366309666
48.4005692317432,25.776016392739827,-23.721349799066385
-12.833913553104226,137.26834579822614,-15.408719799012644
83.240397477631,89.95316631109857,98.67245191773904
98.8348798039578,251.13826405003184,55.639241649149625
47.79000392237797,256.1906609090812,53.80244650023249
2.460417795672803,245.3674571507568,28.366853752029687
16.32363286744931,188.8576619884422,79.59276939484859
7.721143388706032,172.36461552664096,185.06431904155804
224.7121414367384,246.9909554571277,161.73474061515412
216.8630470848607,196.1171828561298,57.59638206491192
1305.9159329209203,897.8121133074509,924.4104118515424
2413.3736672297696,3133.293948375536,1349.0688562574926
2242.1248028651594,2628.5987973878846,1301.584824774488
1952.6146672392829,2179.797182528266,808.2246188474076
1914.360761668,1743.0491591476275,600.730653049554
2294.8982882097685,2433.2716048096177,1235.8595069167768
2197.9935863971923,1929.3056676651845,749.0127794207077
1567.026327008819,1831.0696047405395,435.2185383360938
1331.758059695156,1212.3031479897272,295.13595419416055
899.9426123153122,723.5429188556451,-66.98661958509321
623.3495054023668,525.8359813434386,-19.28666404178944
257.0668872955968,414.0686066583167,130.05471717513416
282.4954121927757,237.8483498537862,219.67446208534875
26.75655264069048,21.9442858676412,174.75821776173956
-54.60813881825416,329.5705680882703,112.63048448817273
136.31698483556076,449.5839935466319,189.61933252909247
1032.6605976857836,730.5723371008156,887.3927445893459
2615.356387753424,1782.6294954260743,2426.5667556205817
3996.4115082068015,2734.2213231359983,3482.1047280436774
5163.264785027215,4325.594044865454,5433.309159168993
5400.708584545362,4539.366165966217,5851.977910431636
6195.3073835614,5316.079680049944,6282.691690557652
8179.437053895432,8160.429276841382,9071.178510095682
12211.633473683676,12096.409279080452,10835.09491619762
13857.15636802456,13379.407852440912,11958.02907463913
16398.693541292825,16783.463505752283,12895.2563335516
18415.56393431891,18484.07874861979,14948.071213347885
18671.73213793931,18137.74007971568,15448.110962460169
18068.684565368807,17793.80839437633,15573.737806063324
18484.091792533345,18298.06572075513,15330.917679646009
18520.16280809229,18427.48693268072,14900.670546965555
18479.125876463248,17777.43869322633,13755.089507768454
18319.939840343428,17533.060341306613,12523.921181180753
18609.276304624527,18540.61094009834,12679.548516173469
17257.859831042806,16434.408310230883,10670.234733265415
13298.805788447167,14245.55369446046,9914.805332472097
12308.779738832938,13160.826719487904,9456.995232200765
8189.584375509329,8657.929118744649,7521.743290262498
6814.629920779519,6339.51199270017,6393.927010755934
5925.458649395005,4508.065048496174,5509.697484166276
6473.973022471841,4962.32897923283,5797.51703320814
6352.010187636647,6073.7170223823005,6630.508756604538
5496.464992740503,4792.111624052664,5270.229499623409
5060.921641286622,4463.158246120446,4345.191555452685
6908.0291712542985,6956.834572216588,6091.274248376122
7981.709143762576,8058.22545459049,7177.008975463782
8852.087870987501,8361.305984452716,8173.6304751786065
8047.2776366786675,9118.517541241374,8104.705326561889
10239.910378348874,9016.998507921044,7833.1256053986945
10729.484500355944,8879.238872943617,5465.694612248894
6800.439969549854,6902.838772809804,3338.6627186292094
9482.650630056049,7790.447398225904,4197.514557408344
7301.041187397741,6547.210144807897,2978.168763633312
6247.350522997135,6349.191970145319,2998.997839234052
4724.599504421281,3511.810478064713,2148.1995764940743
2564.078725384319,3143.6362265423536,1673.2444632697216
1310.332001878521,1823.551500825372,944.9015785069072
701.897662642099,787.0931213619338,538.479860596246
670.1377343326469,757.7271614096264,273.890833128886
895.6769518834517,828.1052837841194,349.1655481710956
900.1566357506497,364.7949120400093,106.99669597424293
424.2823193622687,301.75270142165374,605.0071958947834
-33.058573214500484,-80.97074896053915,215.788463343036
-128.4243478959037,-119.82420281638042,199.8578925860038
24.90836702033809,56.92649378692674,20.057656928553765
1194.4678785046876,1220.2264225081913,901.335881209946
1612.0792296777215,1287.6339030058791,1081.1869269298
202.83976925618592,78.6529711357727,90.80396026009971
-47.18354355590103,28.631922094705583,34.25744588086913
-7.30258540180316,-5.195036397746135,8.962272982866693
-59.25303445238462,86.8289750467795,-10.40246842853212
237.4096158109116,170.66038274803842,-22.72813871521546
333.9569147936132,169.41575154255457,80.21561152609452
980.999778665266,591.7724561470935,195.19679974700844
1103.5972070680957,657.4229109835469,152.3364901997514
1484.2625098152291,853.3671042086233,262.67122883435377
1198.8167980234484,679.677277185489,177.3735654187422
1047.8847022371503,741.1680707779494,261.87808877177275
891.442959822924,891.1151484336328,203.39340401895527
1180.258141697405,949.5145367227722,263.6939931259594
1251.44920228622,846.4320091754222,347.4395396353128
1454.7543066887638,779.8688591996661,237.8096177807548
1218.1712833687045,1031.0272513278444,206.63144319804616
393.9646096310685,429.7447203398085,51.697668336997474
340.68828737239545,406.0049415722255,226.6402337417103
207.03063124287613,290.9784582699915,310.80773991119804
374.8446520743916,250.64403916455703,357.173299971483
359.8337335434966,244.18776033510272,288.49463870679347
141.0498989953797,98.6532631174844,56.55637737961855
305.1794793210556,288.3779672101079,408.4294959697029
256.04929054803813,288.8618820928117,427.2129906731199
313.29733620951833,221.32294012458368,324.05948762575326
316.8621932298005,594.4429239376269,377.161135545768
458.3433152528608,327.9009225426595,567.0484300220245
486.9285970376763,344.0078656713298,334.78202582716904
589.8546686444079,291.18364921101545,563.9109332626518
473.1215397230839,261.0238896779181,156.38178988922417
1890.5823983728503,1206.9993793681738,230.6117783326052
1682.7987750258778,1891.197616076424,533.8839503400976
2267.512288633878,2252.2148613894915,1022.0568812201732
6073.124787146962,7351.797705368193,3468.2010412267364
5569.403496455641,6989.766866832727,3355.8898709673645
4553.412039653792,6088.736096259282,3104.3117499424816
4895.985055214097,8058.109821873572,2551.795248559959
4095.949539675206,7509.292989137692,2365.0518983168768
3939.795858152836,7438.054822807244,2185.856723998192
4080.372390611207,6692.074761871701,2372.066017513482
5123.52086320989,7231.870227881741,3247.2943237217582
5285.060543784646,8391.741719566287,3292.2876506108505
6332.264246571737,9729.678998777505,6218.266177675725
7042.202473117728,13163.43352004602,8237.852382875248
6602.839444959969,11554.127699153156,7918.699631706615
7649.103604974075,10204.814710292234,8582.97159187664
8477.551321494662,11398.89957260456,9655.809183048152
9011.950836533504,15270.55852305686,11548.097981133042
9139.902906079174,13889.17843786254,10431.512718613989
8513.595370715273,13876.000175332874,9532.31721400124
9684.818168376418,15250.930617223552,11883.611969599731
9839.788940727263,13624.613820854078,10764.725960638729
10490.239641159946,12609.40236933242,9316.595041267856
10938.195501808445,13599.598956933874,8579.022595030043
12119.201003488946,14644.605806997984,10257.816549536252
13650.66370449578,16114.603356250038,11343.735658718488
14256.31411722036,16625.406969391803,14031.147275295956
16553.17697025597,17743.87918606857,15333.367169711972
16946.811948979193,18291.806363765427,15283.975200004315
18499.81487131748,18438.60396228835,9656.352237454175
18644.10436607144,18664.26000824345,9033.014644027931
19002.59817374205,18545.620858476545,9050.367549906732
18714.99388264338,18350.75290227024,10669.734239673531
18902.23586387193,17819.04200499252,10196.326944742748
16812.727350583005,16093.016568037952,9727.243337378546
15867.274972498815,15199.041436445816,9727.472605724988
15729.29942706684,14692.888924108234,9416.790559501302
15275.683820732373,14203.03405907107,8926.852232341154
15587.814115965964,14877.525006031748,9348.789354641927
14719.243391141974,14168.360388216935,9062.700665960829
14416.86380072534,14187.717899317404,9137.21324454596
14505.836514943225,13656.115597940956,8664.141922925894
14011.69060455132,12065.916144357338,8462.161095562018
12961.052418162648,11792.83599074462,8534.403753917219
13093.860088656642,11040.439602693756,8593.3169558293
12942.184432059456,10902.414299799144,8952.432739297388
13818.810493448043,11734.603180775552,9471.613070499983
13518.300565247762,11226.333210032995,9399.046617087217
12756.582828608987,11012.834552176737,8353.482326633763
11856.57961334351,10770.547536777967,9879.974673831735
10560.474235891012,10273.777991910132,6944.121562294192
5697.633989994946,4958.058218506476,2687.4075635742915
3323.254778002838,2535.6150546493527,1504.9426696398789
808.9958213266779,831.0569051938427,140.1163564938943
696.2671815762919,605.5004971688722,393.4065851027068
1402.0032722351111,1086.1114973920153,814.0815651077794
2526.13826423099,2395.9958961999514,1183.5654273866403
5308.4583641572735,4715.984822181245,2747.262944806724
6577.819792157666,7849.311742725856,5670.705116311855
7100.177769030169,7183.343521650599,5856.867269838825
6269.885543021826,7620.827634476698,6186.392070637484
4819.187652768079,7073.978801964822,5615.594687256458
5047.215580153521,7556.873980221784,6326.065277465335
5290.371311176706,7510.870214369527,5889.305466499952
4762.066727377764,6476.269272207721,5890.144823515361
4157.573011757481,5281.849370926231,4712.363959515849
1773.1001854954206,2634.4930192010725,2471.07562260242
788.403426770302,1260.327430917502,1920.726334252824
277.210038088804,499.1471515378021,905.9676987512466
359.6211528037385,1253.4845717035162,2309.01808406803
788.0050336028553,737.58002975092,2708.224114879833
1225.743828360257,946.0889988950636,1911.632912211256
3123.6297531663854,2978.3558913014726,2370.387078161115
3050.6513913822914,3210.4345855714346,2299.355082023168
2712.3859396786474,2872.882293612031,2085.92262556048
4866.348629288729,5336.12898584676,2864.0936357957166
7419.376350270813,8025.398764900638,4330.424802977621
8040.137093440267,7669.959212284917,4602.277495911365
8045.03144156505,7605.260722895407,5217.155888609728
7509.514512849713,7161.028058156905,3771.232445436019
5470.108562324259,5166.918333483966,2895.9406590608583
4355.137605560387,3358.690149724428,1797.1405815970656
2976.5918604458875,1943.112138235816,725.4559029872036
1112.0763590379263,812.2481174043982,579.7415337285988
613.6073439062661,235.3807160214081,249.97604036523168
933.931629282345,773.3022865601607,891.3160702642907
851.92397201616,771.7668836466595,1027.1978344562522
1182.327261095828,971.8935184640588,1537.8878798644434
1908.7578328897328,1597.831594556019,1529.9348647885988
3024.766212667525,2402.5313464562246,2827.4910213408284
3548.9058500491046,2412.4333317318064,3009.2332830310256
3733.1124660033593,2477.719498700576,3959.207052971553
4509.96846544029,3228.0276094998785,4176.113593244511
5894.598889169932,5544.836253315459,5887.033132624278
7249.273196485852,7636.178097346777,7827.095951676487
6799.220407493483,7463.356698725846,7684.0801375351075
10580.182564053404,11576.699240444435,7653.8294325622655
9390.33266111502,10783.14354472624,6722.435307162708
11699.293564925363,12905.012399492996,8863.492088480121
13001.765918813076,12789.398004977103,9196.222918651596
11875.800652791311,11725.519345237211,7716.934993059795
11916.15579460308,12055.798450363727,8528.000150671493
12820.473422018738,11951.608022329228,8501.872439784645
12407.15439440222,11397.545497864849,7621.791965875033
8838.289862265363,8769.452756501842,5340.079823054671
7347.631212852125,6876.790671053607,3039.79349533225
3703.089057618986,3369.378241482022,1114.4167561300003
3786.890945354477,3197.515103345484,762.3583336672875
1530.9258461968177,639.3395142331818,220.77890132011296
59.67590749055634,53.67628370452277,167.57157520321235
143.48268348879722,-31.354462837902293,112.70067231038452
243.7581383634048,123.71074823352666,205.48477227407
374.6338072373837,452.90055237627394,348.78435072701507
261.1679184475246,223.0091351668337,177.89776958825544
248.4877007673376,-73.42178133582982,49.562000205247145
4.939743580900052,16.433857110343347,-8.336598613988292
42.80211377462695,177.68415265609403,189.3603307058274
201.6330869950496,340.3623829899281,273.6140868206168
380.48749630270015,521.7929839682945,406.2859805211446
468.6942831271825,695.1070686106011,531.9980550423134
805.1306990046933,779.5003862374317,632.1574020591603
693.8491387155864,554.1052132855563,521.7983052492197
756.2806549710251,685.859217852858,604.068077699646
1417.327140678953,1937.2252986135995,1165.0985286038117
2827.918873005677,3079.372307298505,2629.8359274962345
4541.490415242024,6058.454276112308,3821.679103566452
4236.079370310628,4988.401368186066,2979.1984635031704
4459.983563884492,4971.103864562637,2443.170660050835
4924.587778151601,5039.588837410907,3245.5106689565523
5647.821843047554,4932.148567880778,2476.172484614417
4714.190509419352,4368.854061701843,1515.9488188722846
3361.031856773783,2881.882457605023,963.2044349103178
2516.724616745912,1742.869006970537,514.4505807292782
1486.817775640485,826.4733599810812,955.6460231333344
1584.0592770649964,774.774308831613,1051.7778212024746
2618.724592844762,2083.811607428493,1688.768456868568
2962.371789762854,2342.344113809765,2238.2924925081097
2949.935881739645,2056.155169525609,1933.0950078866656
2198.4146424657106,1735.1541758071403,1377.5725524461632
2733.342869175575,2253.964710271381,1991.604448397732
3744.8220328213233,3034.8674257983457,3908.9728634613
5929.864351701207,5268.750908339578,5083.225069496772
7791.46298738881,8063.155260005992,7907.949775861667
8087.430334110472,8500.313766459956,7328.643592627061
9600.236577901354,11989.525374680235,7788.810516424105
10584.595597129415,13442.73512644022,8744.271116234087
9256.114898730802,11866.760306117452,8777.895452498678
13750.61366767433,14853.605794876548,10057.112002259286
10400.81094183418,11937.47625090033,8910.300019061451
10338.528849817114,11839.332801693585,7745.577907785189
10224.627502486092,10937.021464938132,6856.553613251643
9762.216759510884,8737.421027764321,5476.341941495165
6488.772581040015,5839.567784747172,4925.831436143906
4976.846439480151,4845.822484524562,3241.1730283725465
3544.8492038591644,3238.609643099334,1478.7711810309058
1930.3714263628635,1191.4648456884458,457.8796266643019
576.2940974498748,501.6661643143701,487.758727856918
169.98013134624006,209.16173804478024,417.0666319208472
153.43350817866514,191.435735308204,156.65566503338098
107.73296854005736,129.40150091032012,66.82013491132919
534.4071492931791,217.4969053956243,305.6579839008983
778.580166346524,280.138311941476,350.01595235309003
604.7889988317495,200.65704042517223,425.8616669957922
369.1074928304059,187.47486265043423,553.719061528448
579.8542479282595,421.5867809527914,548.0852951603258
232.3854012447728,112.45918583432014,328.1931536360697
230.9431614704807,216.31484852226177,291.5400751403636
878.1765297766818,784.0963847475933,760.4199632016833
1618.239302379667,1730.8412636770695,1094.0636357774702
2205.695552202412,1894.718263057323,1761.143289827931
2221.501699919954,1910.2143412951368,935.0497524332476
963.4665219089112,1735.326523469112,803.4584739202026
782.5415260142023,921.5983946950216,664.4836410016853
2382.9051839621407,2171.061804883652,1267.8109578610165
2417.412551882639,2215.461732098984,1046.817575714917
2361.07980805304,1957.161930503337,1133.7289643450465
2185.4978142536406,2921.513826759813,2005.6469855098544
1668.5056021712007,2133.9941978805587,1860.5141379625345
1043.6988746301165,1459.0870713595514,422.17496095960223
548.1706277272486,297.9539153204369,292.9413950794529
194.88053822778352,215.88971196730785,453.192032488208
154.70215467141253,334.31882294790125,428.4894799771526
263.345068845187,322.1256478520045,736.9147790982416
318.9779372798059,257.4334330517802,602.7170361831064
184.43606303126205,348.4069121899639,485.5482199190797
202.1516347769799,154.07219943925097,517.3208182101478
183.2440576428629,110.91668362255366,398.54511831851175
375.0600684027942,217.6629855386656,355.3456767904162
242.16886874186923,211.18800547339293,161.1633575342845
315.1510023753471,256.71718210686385,96.1723953935833
250.00243848260345,350.37395590737924,23.68643373248872
154.18061577512583,304.1620649513456,77.00703723600104
483.8450247903274,246.62470012477297,124.56946897711586
396.44174432531634,352.0957485709854,125.13911386310556
416.924481622336,554.2679217305432,158.8928255368991
662.0283084342113,448.93796297739823,194.6364105757448
604.2021316137769,503.7976598257725,216.1823393502222
569.9155127506283,705.1406793560698,629.802011223365
503.94504473432,739.7350377053064,424.74273063163946
715.077160836964,646.3908692459269,113.45125234120344
537.5880733914621,723.0146135663008,171.77969088540462
334.11591938777195,264.2475757455707,33.406422296745475
327.9399657948729,370.3950085510052,138.4015691521983
577.0179039807033,257.2473536523806,163.9323192859094
300.3166492628152,458.1625770371815,535.7826456623039
367.712705312696,490.5287250283703,513.1565327520303
424.3867576528869,822.6054766048591,781.7171330083457
437.43228473205,778.5186680845801,733.1287349158287
335.55157373562224,755.6597188957617,827.5671359967428
305.0885588010884,421.4308227860544,796.0584182374164
389.4030967054254,624.6491097714656,725.3071963094708
715.6376597119972,761.9025344610933,704.6728687699417
574.950472027283,638.4450525375485,638.3801020147226
804.3885855187677,692.1781975845346,678.5057733666391
1132.8004625630606,1422.9003647201546,736.6411528415153
1682.325044078456,1857.359530076748,1010.4814988197892
2265.70746922101,3017.494118669836,1436.501334831522
1953.676140511268,2530.2479826543204,1042.0699320466042
1795.6562610830283,2475.6632648442974,1214.5821028224043
1504.060621495105,1358.6734160623182,1214.7278331914997
890.8938996234255,1156.6400093980835,1379.1069875411602
878.9844597665036,1141.0424483382287,1674.1509641601997
984.3657028105148,1147.6049314260254,1921.7187001145005
1878.7438453046816,1719.7903870698856,1861.7437630214088
3104.591986314897,3555.8520688537856,2146.313455313444
2307.5006542631827,2696.091365988404,2020.238072017744
1135.2802793422495,2102.671925225536,1704.6096590473685
441.7596262111717,773.3605359154636,667.3659868653083
153.40640989647355,642.9127717319024,540.315263617714
316.8240694057071,802.585560272184,270.04796600100843
229.0173020349593,658.3060046106027,263.1864244094198
245.91178651609445,642.6347885371584,452.2764271475185
212.64444237844384,465.91119699109294,332.78421592185623
109.444939396159,263.431189407428,290.4635510098155
81.44884893819687,90.62797246929988,225.0501290611548
7.357740191627236,-20.916344124843548,336.4125483415972
-95.33876375217784,36.34138069659695,176.0474718892152
-25.47728105661224,59.70264604938316,40.475636308234144
11.57401239746812,-122.68998474518722,130.11382122372885
145.17970376756912,12.863619471767269,266.7841654229224
1101.701602662578,827.9247643442103,575.750219925019
1034.683115997297,589.31291262343,702.2459644438463
1560.9747576375294,1526.5576034451626,938.4882264084888
300.8338584814343,282.0382371419696,230.3736369068596
1128.901543405562,1009.07473210116,559.3415596400883
2286.105989434573,1444.454117875496,1749.2175727126405
2752.690771826079,2236.42621491522,1947.8641171876088
1273.9424587349724,1164.0185020212232,492.52304629605567
1139.0709796217182,718.5305451894977,204.5395272190012
309.33053456259813,309.3460566559152,-8.67271241517118
293.3809369764061,312.31741109869074,93.82697462027797
142.65519013968276,266.96192489211506,-75.67993396974393
209.8778014688161,226.5528632544568,14.77780845796573
206.04678600877008,79.19547710818838,43.10856294073348
103.76206086158744,39.32362137030632,208.9452418431188
83.2820641361255,27.741597583228547,196.52017622824755
67.84659275249413,163.1131380677293,291.1135623616909
-10.706370752279376,105.00653163476336,357.5430526382779
-2.835421524475967,78.73879141340397,282.2656409523256
56.13631279997429,63.10023625863823,305.5721987364052
344.4303987064501,287.2998432907029,595.3452149252987
275.79174010876443,126.46163905695464,468.275364384035
115.74028083923432,67.95032665225945,440.9442822065423
169.21652575195654,139.15104062258263,282.39524666347285
612.5554965455357,1001.1724356942724,511.0606977710635
1299.5952603248982,1697.308573899099,1425.8743118709458
1672.9798211288337,1757.7946902058554,754.649649086244
2904.1845778824213,2396.6921784730985,2366.561954137765
3094.083433703104,3206.069630397542,2380.914342582665
3219.1805021742803,2814.1713882650365,1733.9215444133663
2000.5521848406013,1530.116489905898,570.0337612325164
962.3668403921622,754.0131259234353,585.0190296473428
835.2081321445954,554.0152500708699,327.2837881269624
210.90267407623705,63.88875221289753,186.58152185949783
149.28281719737612,282.20251279711727,42.90455104353585
68.23650004681906,226.68065329199024,37.27331800660084
195.0436009456609,226.79838860440847,156.19341722178606
114.97975822018128,229.61790502058287,158.33118535354208
27.519732333795726,171.45323013789567,191.5530250715288
64.77778871470457,138.0661394828286,126.7700575507453
98.6408458267277,185.07374373766683,162.26757820993606
736.700032866482,563.1640137544671,959.8872707216244
829.8200186799779,1162.228411415547,903.519237748816
290.6602551443307,201.79082987415205,372.7281300360816
314.8926877251151,347.16009049053906,267.9660715801702
148.4019839573692,40.019288780116895,296.04479148581896
171.8274487530277,292.00249785955333,335.3829332571756
71.14973206772052,122.73962253132876,233.5045374697676
384.1374630485123,565.2522058201342,222.64784841713984
493.6207907166069,454.9912636024224,268.80004214767865
1231.0557243391263,1356.139196238612,773.8582480424727
743.9106458004242,716.2261698653214,517.7176179660848
1455.1113752272138,1783.927728570259,1273.2207538456144
1573.3367600247127,1660.933278423409,1512.4555010406502
1365.3812405732056,1345.8544634556008,1597.3310419089128
1439.0687799907444,1745.5907393156835,1605.5859917050925
1163.214910777726,982.0379684027868,1134.8362910342494
707.1160868697923,668.9059212843609,530.9627541588048
228.20975785361296,316.8512350113964,203.9807207878568
247.3418609121476,588.4888836347161,118.05020120329137
394.6655540060924,510.2385639067271,104.11651544503486
367.5891277370283,345.6710240594355,66.97792410011881
130.26542783421078,83.7204396289255,97.91808854876945
70.366405479611,27.74337753337157,-15.537145623493467
49.67633202785639,121.85623018727192,178.207130860216
155.69702272771264,130.13517438392907,155.07601486902493
98.28127638204346,116.8721277836192,184.38267416413893
-22.95328897327448,13.303900796853572,133.93644482954434
167.75215137757473,398.69862124983314,136.18245986382587
612.2514645967619,630.5122160757526,328.5698789556762
681.4890085267035,988.6371882224717,302.0396703576436
1253.4635282981678,1078.8512713503285,370.78090446227617
2801.8591186291305,3527.649243404547,2424.8778778631063
5459.028157443224,5673.3429073012485,4131.174150001601
5419.85605727504,5618.52369874674,4001.6352917410895
7201.574424593865,8458.972812654069,7025.092580927788
6996.506629568377,8572.893457684972,6154.652284270396
6878.081019089327,9407.078085651305,5729.503340853682
6634.796155532473,9549.239515935074,4832.392582409483
5966.378653122404,8604.980376693227,4781.301298392861
5783.619293841601,8383.073462983344,4853.033072449838
5755.633069276498,9046.857603548864,4456.91369866156
6386.529006176676,8818.376528028399,5015.606955013204
6431.546311603697,8549.31076125487,4277.993221184386
4149.378852129105,5975.683806807346,3219.167371755728
4475.9145683714105,6456.313250104977,3055.628143047497
3287.018125915444,6225.738979929544,2454.4324318796967
3664.6947771108426,6606.453754800951,2929.047853241894
4402.503970827113,6655.863407136618,3722.657140295625
4344.782411427399,7109.718460422466,4274.524339411403
4481.152471136237,7146.099687728365,5323.675776351607
5009.802972113764,7586.949069301231,5316.938181374092
5956.293510067556,5434.9148777265045,4759.143387291711
5206.923060408587,6687.676154366605,4058.378828530362
5110.48760374981,8120.487770838581,6062.155066593188
5784.817503149748,8217.10715583446,6215.971290434462
8303.455549541832,9881.356531976857,6667.9433468153775
9685.94094183761,10848.147335667714,9658.039664462149
10450.286855902446,11340.402209294243,9882.359254093612
7864.214581462296,8455.213206887849,4554.369630623033
8412.253737955338,8566.554740305985,6108.1137647724845
8690.059929019504,9128.757091232908,7150.228479883403
8796.948468828681,9039.562050264678,6801.2710535932765
8348.524561405182,9127.179349346145,6524.808083774944
9543.78966447734,9409.070123217503,6560.116348572603
7522.155866601258,8323.011484438846,4921.091979271313
6285.836729540147,5358.49153054716,2801.736217971151
4287.559447632588,2986.265366861291,2035.1746558290315
1308.0749599105748,1306.943210578794,965.335513176712
288.9068259084148,305.7449306579616,223.40832528895533
14.0251801971753,24.7179773849561,-93.50439500996217
15.037635272969474,80.70831009004851,-118.89979902328936
131.36845994778434,-59.72288286410642,35.49429601408633
70.97805230342608,-83.70938541258393,206.92731841059444
1026.1618035864458,522.651765269898,390.0832019715333
1814.9607410806973,1546.325999809422,792.4036720044464
2161.275763006406,1425.4849484792526,1120.3487116656258
3000.580240087737,2748.811559598078,2858.637258367149
3881.936155893732,3798.303818351484,3466.701168786239
4960.157627823499,4994.940999452374,3975.3060992815945
7023.212265055848,8066.543038498416,4552.268484960326
8851.94755790445,10221.911197150148,6673.305161664223
9554.092026724587,12679.67440164378,8550.083704127659
12194.14985746935,15112.029460514996,10049.134481583684
13164.51748346782,15330.915238880258,10333.306247356448
14685.912352455509,16147.245908858213,10792.309077578551
13615.413345907738,15137.665512098136,10920.347920352651
12161.274347702232,14252.438533533848,8567.487772573933
10745.82917965571,13198.465545386229,8406.56049115994
7883.8872192095505,10020.408011730751,5487.3319785248295
7536.829804908536,7633.882731823593,4956.416323325341
6403.643308461678,7091.649576303207,5110.226999323324
4163.05824091377,5066.171001191005,3860.707708165386
4119.422612148935,3843.6821446760646,3286.271789223053
4595.434730329194,4424.6988902054745,3226.0084036208923
4207.485173280912,4095.605813057006,3385.346975152092
3874.107144828529,3527.763864097168,3002.531844589176
4003.411052101153,3243.571729844831,2177.35401069028
3612.456561312419,2767.955140533985,2189.8841500957847
3823.056568215867,3367.9309150013923,2223.8036030502185
3428.3799996297976,3747.185710120232,2317.2377565042348
3998.571543447896,3850.9449164178914,3412.46882051209
5708.976526270596,6202.742717516809,3972.429972590701
6681.571980445205,7133.721791523182,4489.408658814154
7940.116353617624,9041.808083708782,5508.698460545797
9551.70092445168,10277.93517619733,7586.699648207633
12824.530021642156,13242.3314591262,9846.296677431532
14581.38728809772,15697.884269061438,12043.464064579428
14827.18684595041,15444.549178280604,12425.513264633824
15374.428871944116,16527.22970631273,12327.145583466816
15709.662488624332,16453.020940943195,12987.176776559229
15957.295688232016,15481.457533785464,12984.607403256694
15113.806325611506,14491.74899915804,12479.991989878028
11781.871730245157,11976.878387133114,9470.89155254118
7472.762680410711,7956.533263111771,7263.891095011544
3905.734587522009,3755.0233768882745,2536.9832151861506
1115.422747959093,780.0885834291828,605.3983576990678
668.0237069511924,484.84464264699176,236.9487009210044
214.91983996289665,171.73617399000307,79.31804724853319
206.91438642412552,170.383805261464,28.298431655001377
164.99072923282895,172.39892608232063,-25.258173653172125
923.3336271260868,773.9916681103105,853.6444458251319
2073.354610679579,1494.7083241667206,1825.8672545412687
2683.902713448688,1978.440885563276,2546.3277976641
3295.501175540906,3119.244090312143,3565.692270354995
4786.273040080664,4764.571047612122,5424.574915049154
5831.379526592392,5376.684900143991,5921.165818440594
5263.483328560612,5473.587135103416,4094.7174969325656
7801.594708723554,7634.270674355495,5955.956759863937
11572.073294535729,10709.196902751526,9436.557420248177
12017.85931122242,10640.87757261659,9497.768955539626
11761.418241859275,10776.84171656354,8951.897510671695
11542.012476931057,10455.79098189048,8667.933805610879
12274.064101164951,11872.059602060215,9380.034302263912
11224.5574764167,11233.89421982568,8009.916204084564
11477.96273373623,10598.62815371594,8037.88622673589
9624.9384442621,9075.359767242957,7047.911226901206
8395.740190055565,7591.213419769465,5984.686486601734
5815.646510317166,5529.633106299804,3508.5995672618824
3339.9625406313094,2536.8910483039413,1852.970391754052
833.9683682379422,760.7600302381393,656.9533013226386
125.30291081112254,80.74793579694203,-35.81634214146856
-26.908901346002803,-0.1134403063675106,-142.90023512513514
72.00097111674319,65.25901154350318,-126.2493859098428
95.06429754817832,-35.25706314705464,-71.92689385694212
757.4944999232766,521.4410531052864,818.0964994186737
1515.907956424773,1754.4754102281963,1557.418776692636
3252.014893228175,2407.154416286489,1985.245695557316
2987.615603307261,2525.288155214522,1738.3702324744925
3833.972251473504,4501.360772223753,3715.863501803336
4422.789968197,4309.61351311731,3363.3509604027954
3341.488803203156,4151.118198709987,3040.9435348719926
3646.619209286772,3547.5167832773955,2842.50211362498
3615.000069544001,3634.655841819781,2988.399518230346
2702.111343304432,2781.25182718958,2475.320895638852
3580.3425173357145,3473.0244996316974,3217.7933128598365
3572.945577364509,3801.37472269002,3057.9929141490707
3254.1843709953314,3228.7273853603806,2514.0184813484057
3436.796749316495,3161.789088844185,2433.2131297269902
2427.487572179009,1866.622333185742,1587.9655678235483
2630.4237020245187,2880.255176854796,1819.055907844728
3156.9950474980083,2956.699668621559,1724.559710374826
1607.9810490302546,1144.7532945790326,427.0015159912949
1007.7047948581134,698.4910383532617,254.1692353526804
62.32679027048146,53.98808432865261,75.07230309255245
-1.4332414466516925,25.52427962410792,36.423970135042254
62.75482341304195,49.79186779037271,133.5144212843583
-107.91340781204856,43.93914737274677,-39.354975393175984
-15.485377664109768,-10.289379636420763,205.57094485310816
37.22234110392791,278.19716508238173,-34.192018967340154
119.24491470321352,-24.347255969241274,-2.3709954721908386
169.31303411033358,-67.02226967746913,-52.88878640732095
171.44199829922255,10.37535913078668,-4.175969251807395
30.298749347875045,-95.12229578040092,28.63764417396093
238.40220621632852,362.6244550564036,1038.6651357084988
132.6007662101782,116.33515380238968,280.11219978593414
589.7082208738593,568.59889648482,461.1479672098227
1356.3990809763966,1730.751317029889,1023.6837483525896
3537.659000613102,2783.6594720532003,2056.761408903645
2965.9788209214817,2803.1695724049823,2661.100537194924
4707.098152915815,3895.620025066126,3130.2076650945896
5151.277503430244,5083.366671492397,3661.268230728008
5897.188319738168,5847.877039397128,3658.9756025243983
6205.700478342807,6261.209011295623,3752.019092189749
6600.83106297585,6625.330855848434,4714.781084436588
5463.528642199648,4397.236407842268,3493.5825979445563
2087.9808982220416,1612.5483586573407,1124.0860136340268
369.9400536047975,332.4723671140103,78.50327872517323
36.37589378451649,-18.573832390972843,-46.50314905871915
-29.15748552289917,37.68911248284093,-108.65482144171672
-63.23524019951977,57.88645630538458,19.221067549091742
149.66253302142445,56.61511094332362,247.29555063095168
-46.15625116703908,654.5037796765884,491.2122531043611
111.4164188509464,312.4505538691186,-29.157353257324846
61.74772436191989,328.8341998609652,-22.11508849957762
-34.76806033828488,241.72899283775487,69.42240957145846
397.8999064537818,564.0996479600734,199.9412688971872
610.1623406477597,1374.7820096617982,204.6497388407217
1642.9594587431627,1929.3273229945328,471.4980674002719
1443.778843405175,1649.837788777288,481.1685472244936
5601.313373890786,7758.366307641314,3765.838743660954
6718.784688611588,8658.25451134653,5240.152975195537
8135.835017111009,8615.849098252449,7626.150921648381
5167.085390492914,4336.079874404524,2932.7537643300534
5261.333536720596,4645.617441686987,2946.3464593682606
5086.731919807215,4927.20657183816,3099.007462935624
5290.856191631287,4487.922921079487,3128.9098009923523
4605.039537681838,4456.508558894769,2822.4415965827407
4401.812134507215,4258.829169076372,2620.0223020337226
3123.9645062313243,2380.889445634735,1568.8967370804974
1342.3320793724436,950.8452956859228,422.2251756217139
1252.116168837642,627.7056471438789,661.9327347358458
654.6621381100157,440.1091703107681,449.1724563252799
401.617745991508,298.1290926142847,322.98469209877646
663.855840390697,659.8729926738564,574.681799222517
442.3196420903088,416.25706969149167,379.42324899569593
205.90415721007656,459.1230531707208,476.3546516344264
134.10731495681824,250.2616312475001,392.2921585604464
119.81641286361322,69.55802168390792,154.67227433053023
187.84775022881288,100.13406817406542,90.84151794404411
163.349277424979,220.8746509565035,125.30679330838652
218.1384619854616,120.1003862083422,420.3364933321364
837.2814450104202,328.53651006655434,404.5908889391578
3646.9993325896367,3794.283152397946,2284.1992098026944
6712.363996592263,7635.247235577764,4822.373454609397
8436.228204720073,10287.183061658276,6283.7842143708585
8212.578237127038,9907.988585288407,4922.458222670873
5546.5371081769945,4995.505327590509,4077.142094860457
7305.332971870717,7498.151760420345,6678.547713050216
8018.376460273264,8604.41929538606,6054.873130445642
8014.712824737559,10294.900283228775,8066.0361416373
7900.643332369698,8953.321617986468,7991.408887807547
7213.0765029977565,8381.295184044744,7046.840482514011
7869.448133280202,8893.958867529172,6696.755865602494
7500.091992128059,7934.438221967948,4922.3948754331095
6985.676389416823,6080.256877610928,3356.1706216923008
5759.502100265623,4285.499191911956,2591.0639041709424
4632.076701094027,3277.5128847177502,1894.9281417099444
3810.991656850622,2830.57551400024,1649.7109833014451
3859.095481762281,2670.917940895108,1977.9561491969096
2795.0473348630026,2152.9581783670515,1884.4398680641625
4544.516257448886,4517.452385628135,2066.551869816201
5013.196982145204,4307.322694029416,3096.619923488413
5850.3094608477695,4538.832553651868,2207.361004040069
5069.6268738922845,3788.2719208912695,2672.7096857038136
5222.048811252535,4218.72900406097,3136.2954440840936
6532.163338306104,5139.244202273289,5314.265200003931
7260.8621867969,5566.927474827211,6499.268501261619
8336.697979936367,8237.543240122548,8168.392004529314
10547.486253796204,11380.76074166142,10463.07170338324
12120.474846760162,13105.976984339784,12047.31767191708
12736.852549218078,13469.973816187734,11064.046726394872
13322.177284558284,15027.864639589185,11523.402180773684
13024.006154161734,14802.27062018398,11003.24979858259
14125.85745667885,15304.486505151874,11184.68143411958
14629.764551273598,16076.889311867588,10234.13996706533
13125.644730368767,15567.745944073433,9177.794598109942
11289.956620524175,13217.640253131032,7337.162497193438
7305.103936221184,8350.600301057902,6326.759507953486
7490.584666411552,8430.623493781757,7279.744249379742
6249.392125248981,7696.407468695939,5212.066296070434
3883.9396491741454,4162.63913494339,3444.16365108845
2819.551601685037,2413.91858830096,2216.010335077318
2488.226839182701,1963.787060552219,2547.582037832411
2808.17069822346,2125.523757458217,2963.9512924814967
4268.798458174972,3134.6926234157704,3544.245464710569
4851.969917258439,4036.07840569583,5030.917325416207
5014.462301333224,4884.028994259488,6117.713212484068
6015.003033782838,4946.929224602052,5545.654116470998
6765.940925851003,5953.873360069382,7490.377292947127
9232.254708537512,8174.9592099837055,9308.012755927191
9891.104002401906,9486.330908675578,9476.645112824475
10746.281530439515,11480.314208168758,9899.219830653145
9741.671502090509,10635.318103552763,9015.175847910708
9465.448263527742,11522.843409590096,9181.131071814229
13206.770734484491,13894.073181499956,10325.872827440582
13128.894825437696,12390.073898374936,9039.150502290868
12225.341938597006,11686.265092313706,7072.159766430584
9944.256045084036,8254.210704315483,7157.447547677395
9365.18542734503,7838.07924879488,6258.78465445395
8101.549527983825,7547.400520219277,5852.7043114304415
5953.826069028206,5516.005665997874,3278.31127037977
4804.45176381335,4388.791000578887,2861.42277026514
2442.5816206047703,1534.934093791456,1085.8694452195143
795.846270230003,542.930348223253,776.9175848382406
783.7974433211084,453.1151762523974,605.4404236955908
804.1531436926701,602.6296317719704,665.0835623360836
763.9437487160416,829.5637366147105,893.715285579123
721.8660619971055,558.3791918140704,605.5213652632511
1421.93342256171,684.5676461942992,757.6181258103073
2070.436322988027,1746.4221951106997,1796.1021115547558
3004.229709821484,2076.4908862547795,2094.172440784535
4874.893002726709,3632.260984800197,3834.840955856503
8050.783510055537,6884.718205675547,6894.775738088356
10006.279421406522,9450.011150639844,9301.559141856753
10108.811317587137,10733.7746467234,8819.437722210425
13452.952531988944,14244.208897375776,11028.4307235206
15510.308368096576,15126.477927793236,10572.302973053049
13323.722492875004,13051.35644750506,9932.215413884383
12508.664969865064,12557.986581311356,8629.854365129611
11757.76592518054,11886.200109018057,7117.879129832717
10068.396630299598,9202.200451477269,7352.483085093388
8264.526494696973,8659.261500520042,6713.100291785765
8264.959148084217,8439.488623326552,6417.728644699996
6481.547766557056,5371.028378799542,4284.07238166167
3197.0377521367373,2873.2523769331224,1550.5528861888645
1247.9972923672435,1160.5381594271046,553.2565392771254
301.5622788870688,394.0798861858484,70.3841657617781
-35.31928599659341,72.7657641856066,13.244443284721944
-51.47373197646044,12.284407466447734,-42.00399583228297
-43.034596210212,-152.88915874501842,-94.71070994933412
-57.21670350000599,-101.61027618426584,-60.4373115446396
76.63585246213441,163.97085013158477,851.1696635929469
1284.070364932697,916.371432112732,1329.324264757624
65.52845674589251,-172.68166239396848,13.532428948992855
28.92501740813791,-78.20424446704516,129.20360531940457
161.53392063920953,190.9412584673565,84.31347043685689
321.5005083890506,54.89985131371775,226.14196500428983
973.2291897138498,1124.104596109053,366.8288024521992
980.0853326952508,1082.3591178738948,1408.7595102833548
3283.2680781472945,3629.209662240744,3249.7615260087687
3899.368590428581,3605.931358452784,2572.227822360971
2163.3970902050005,3004.3113156506165,2163.5057667800334
3735.4655709255658,4001.61268489006,2963.975807085239
4010.367760354671,4015.546424129312,3466.492904915912
3382.5052327111684,4041.5384087849066,3504.213198010652
1455.3965474627116,1611.7962291216534,1035.369001710758
1720.079433892638,1777.664652985556,1374.4427061494405
1900.6980860435383,1304.8934139811172,900.6196415964228
557.4763566802096,343.4004397531113,64.67077359692586
316.5738951476857,488.8026733151664,139.75639880394465
489.0461414538669,515.9667990896778,105.73960402154408
137.7009161712279,447.75325665475145,108.64157209899054
19.74006513903825,333.37528278994193,199.0018033913645
251.1675775759966,485.5699361230815,291.4311356167018
588.9985980159696,703.1526034294999,355.5564223107763
431.1860261053173,791.3087695608838,245.7158958780443
267.7000429211416,302.92386881733233,140.11072768416457
58.38877688688008,190.86133419787936,82.5621605471571
98.35930143155588,164.78266990269512,32.335136231175724
470.3320651448401,400.0432010597675,200.7705144708432
846.1289006129656,779.3804916884335,407.9429682344624
1323.9599141456706,1648.9125981966183,858.4654021288811
713.2535986391774,774.6862714710049,479.0596154988687
1452.7827033918934,1620.0570415904624,976.51416773961
1276.288073234061,1408.9824387647072,903.8882388306176
1096.9239042112956,903.1455403555212,280.7732705395852
1038.8980952748927,1803.3447629820407,536.3713424107746
1217.1748197378447,1782.4686369370725,471.48990154601296
1301.2318160152995,2016.6441761200265,463.21181214175095
1300.1858169321845,1926.831065118084,464.47064406212303
1303.0058912516724,2144.4094404060124,506.495023826018
1453.2775409581702,1370.872253761378,323.64735505871334
1242.7595461096969,1542.433802734938,346.74755707168566
1111.4682591081294,1211.3915920191694,362.237744092292
1090.540108251649,1214.560924770963,359.6310257406966
949.3130738113642,1190.007647464991,693.8458701689212
806.6188736191793,773.8448781248262,481.9789908929885
658.4608247014205,716.9416081009381,455.5535009798557
539.8146349556935,511.12893024220506,249.52898010923963
260.3721634893752,260.3177179849424,17.362768877977903
300.7884879353007,176.10176345611103,40.586456651976704
282.29007553400106,67.12122782983931,-79.2050873303779
245.72084270258028,62.38365403673086,2.520852589397715
178.2094199567813,95.51031759435534,52.558455842047046
569.9801589087735,296.7747469913529,42.814600328292336
160.06039323188375,74.67221877203644,356.50920081189173
420.2287254649098,202.46319584515467,296.28999028882174
529.142327954036,531.1251068386119,109.8771958063098
539.9920454103436,536.6369528923614,233.05038501310923
848.3061736188318,1061.8337587729025,171.0983357477795
2536.1635473566025,3246.499727764831,2087.0899566497114
3829.619647195122,4759.194221202099,3682.260034274719
3239.3797914847514,2633.787601676051,2409.169598705678
2146.197510469243,1929.771070775376,977.9745663265112
1813.4739280202457,1833.445030387499,1054.3990691861552
581.1867460316071,555.1739528552318,109.45726690311754
497.1646820953529,383.6884083202488,52.75931921274491
506.5728195351136,409.47058731408816,194.45820693838075
636.9112345911823,315.8669751098952,171.35458538126812
133.49063307219234,48.330250504349216,371.758747743034
204.4821703908892,104.45166184180044,686.8403544349738
668.6505945927386,434.48960570674194,601.8080274987763
415.9632719523967,27.89806556505532,388.4425625097061
502.0793083562842,200.3496337222633,344.7057258875203
657.5898830948323,379.8190184540746,40.49210240300024
899.2362965754419,1111.105128537164,32.39020894609738
825.8308634203056,1029.98996436272,199.543976782642
790.6824035761704,846.180635191295,74.89512183087649
647.2685099416333,1007.482845745336,117.4295910530088
580.4755754625638,568.435729670812,185.48655196430832
233.285060417444,373.8071591636594,245.3727679661081
734.6654222976122,456.2064363174298,306.7441753037145
674.1544744145247,548.3398898457529,625.5809081972976
1678.1949117567483,1629.4345991480836,1056.8556407954914
696.6962757440517,813.1360339843204,441.04338782392455
891.7935291807388,659.4809866535796,212.15187434414648
1147.8097486831205,590.2555296435904,453.75801600719296
1020.0868972208856,815.882599116382,307.3299269609155
1015.1747382796432,898.9329182366124,322.77471459812244
674.0861268713855,700.6509111989803,179.47264303657948
633.139569838704,637.7449352921299,139.34180236608813
826.00601176543,784.1506824998697,95.02369081990427
603.7581062707803,497.72748068484265,9.966646825463004
605.8565759421801,544.435596726798,-24.28236621378553
283.72911175753546,468.25738421271126,101.22554603203834
910.5619472546448,1441.7273696120203,282.72288381252685
546.392687100891,1574.1127192684316,182.88784679636632
771.9917159891971,1443.38744164421,310.0207213037672
1939.6131896953448,2032.743514640474,438.8064207879516
2383.99791425528,2477.066576824938,1913.348073612
4962.854597538507,4057.445371360308,4041.539272940485
5383.605207449658,4527.438034834472,3652.508557710623
6975.550970072159,5938.803180681391,3563.317144747205
7412.001532454872,8463.797490220113,3719.28467650034
7521.932483541004,7851.341502343645,3660.057345896087
7222.043496000255,7580.536784033778,3749.2761211983952
8587.113658911174,9705.103278987588,6506.872193088882
8200.769510873479,9923.692804243416,6401.719916491843
8288.20520553756,8140.621172009342,7190.912240897716
9808.079942174918,9254.26449074051,8000.816383046581
8733.452804678896,10749.448016156231,8292.997400625749
9476.788214401926,10581.260405736188,7188.647932631789
9080.15708831253,9981.385714051632,7229.493844757022
7000.92261205039,8630.262325232845,7349.80243631094
7181.654775226203,6988.289204556872,6529.848389408294
8103.355003360894,9203.463590730333,7844.680440840324
7645.36737936627,7849.57474884091,6505.689660642538
6843.506515983113,7242.411593654219,5081.885778071631
6081.502628161689,6986.051123290904,7536.931135989681
6999.600904679571,8706.48314340963,6803.604855549444
8342.448684616225,9617.06435546793,7423.11080881823
8964.458489913846,10534.204253412592,9277.835020579494
8850.376075712034,10111.302608997492,8510.916976515497
9415.495306083085,10479.419020250334,9014.075931918707
9838.161704559932,9996.798917624736,9836.338211053917
11016.169718284666,11084.31473342066,10292.14983319583
12268.58185620833,11635.037377404256,11228.430800580238
11645.84905799045,11914.74824405371,9609.087736619858
12214.799301306077,12232.267288767656,10061.463857146802
13207.692103012943,13700.493771956058,9225.324447827225
14205.833606695784,16064.237138587096,12722.35239866696
17891.263494845007,18726.01338621292,12814.9780634999
15934.514355700574,17373.846554505926,14867.29308512336
16299.299564543257,17763.786273012905,14762.277068365149
16710.314917252144,17619.94248460565,14315.655712755202
17725.15036337845,17291.282851869648,13234.639235343047
17596.68961761872,16883.357467670605,11751.802868774994
18085.323044893383,17201.291256045417,11527.300024428812
15579.918547436151,16854.35929857351,10853.003031367354
14996.7548944172,15524.9189937745,11799.94194046655
14759.462616570749,14449.350092148614,11774.146737449537
13295.85456014597,13005.433877714346,10870.558700243038
12556.247092405712,12297.21192975012,8866.858919737984
12929.253733493184,12062.01664994948,8938.581906770894
13180.87464474336,12748.167827315629,9514.415759814125
10422.532335015185,10129.111003687229,6920.390371860952
9733.892570311378,7802.069780812638,6351.57642869919
8756.907581814263,6753.3527780535605,5584.8643170539135
6008.865716463142,4646.141142367494,3235.350944119206
4937.351674441509,4092.509673617985,1998.3190431497248
4947.188383486699,4543.129629448765,2990.5672339209286
3893.7647515976673,4317.83821016131,2591.492591171009
5261.039355515535,5550.473520361548,2853.115745638417
6383.843990651628,6886.22350937591,3047.3682078861066
5994.767904517814,5585.00458753576,3552.1653276280745
5012.226606209255,4909.14806279243,3783.821966851287
9299.677954581535,11363.34118110816,7916.780056923702
8947.747444473669,10322.739934250689,7325.386442984994
7454.188783743294,8655.362710331701,5757.761510656314
5781.865397667464,6103.622038908606,5091.348689289091
7047.878350605262,6900.748536612031,5263.426249237353
4861.928315564867,5127.723880939539,3291.10745489776
2499.970507531671,2236.919428565256,1427.1251269805512
868.5597574225629,527.1229272552612,80.69250260671613
403.484942819208,213.9593166198264,87.37451763443988
4.182067001255865,15.747791194052478,-32.78800810566051
-7.373290994314486,-0.4259855037778122,-35.17431516146241
1.5101640783091754,-7.148750589073269,17.047107521789783
71.90746269052313,17.748510153204567,22.62996810748381
49.61693483847979,-2.073912414964631,-78.7991564260147
-32.762350026726324,12.77761437645048,94.94149362847809
-23.691458735439426,-1.90054526607245,172.5225588200707
51.65640158634984,39.66128178096559,49.51350641205482
59.53067607986948,27.19836548432631,134.02051968563134
136.66246440842866,-94.63012552427196,-181.90181911087453
530.0592754311018,160.45189723581842,215.1766364074616
2872.8920227739386,1992.446377802457,2422.141646383485
5653.104369482856,4847.130821683681,3888.259029856998
6028.40941520613,4998.483194522294,4297.073016293091
6832.648566358444,7476.286921886434,5457.340196272105
5615.078105216126,6178.585511368815,4961.830360363135
4506.514363160917,4568.456359930885,3443.554827920276
3828.086276698076,4318.939600560724,3855.603035972217
2977.934795124172,2551.103221794712,2618.261940886064
2155.6893068502523,2011.9457616959896,1784.0496195921748
1779.970016063785,1729.1682415411274,1290.585828771954
1111.9761635487362,1101.100631120594,458.3684716215478
250.79564197110108,383.54073287382215,52.45540518921996
360.018724007605,593.5925454847603,49.49792001022237
447.2427433716735,451.3862557198991,21.673870477791965
237.5738301156816,383.8287690109539,20.70528583641243
153.01050636256494,233.4925988863025,113.9372199886316
245.55240183839447,291.8140649035251,172.7868050203991
208.2834585992949,113.74072937497736,138.26207352332085
199.11394461553544,62.85420040041237,66.96974119452648
198.3897551100558,53.28971642431826,-9.855731919202023
112.89801461822567,21.054467538560083,-1.4889973640941747
167.2701515075353,35.15314561663629,191.84675340862407
212.7762638835336,192.6872051142546,150.16213109527544
90.96401765661206,157.1527391239619,193.1572576582477
191.7846493438911,147.17715520902274,218.51365112072136
540.8184693357532,296.8629610040717,722.2079866554127
787.0220022182145,916.7155823945606,996.9602220171917
1083.2988137273865,1034.8427558936626,818.941685239922
126.61916938919136,72.36757420789716,129.98404017930108
127.33067904859506,215.496745756788,33.86870501922101
509.7420495761733,448.0839369343032,164.11237143193418
309.378449672661,230.26478002849444,126.13478565318611
599.8382102915535,472.02971599877606,-50.49690715201662
381.09516851421046,233.91238674439865,29.018905396566005
132.02403517232628,193.0854063777395,61.05124363607405
36.1823549215027,-11.852650075365757,-5.614193240217672
49.727553126071136,37.88226692727669,-47.71377293165412
-43.97099378070812,54.53653053935984,-23.11034478830748
-42.37604006010262,31.04792305681953,-12.182501786825584
19.587668614704672,28.83226580640683,-56.21647428700666
-63.310395630908815,-14.621343144035311,-99.37330445133466
-13.54506922484841,2.627877291698934,-198.7753783296209
-71.66949994761197,-69.51800307431225,-217.0515243526881
-137.83061429367586,-1.890805089591112,-205.7925299658445
-167.47284264422066,-100.73343789478086,-149.10619795823632
-76.30368687485642,6.828393028158031,76.78716492551119
-21.968930296944,-35.564733486797266,2.679672322060676
12.16531830946512,83.3510714602828,-1.953760390820592
1132.3402363086986,1224.4667636136408,624.9040564289834
4267.97499753818,5323.567790321965,3742.883789695055
6495.681271422014,7127.558588450958,5780.610568085966
10028.792950119496,10738.288183315824,6593.405543658899
7456.571406341817,7108.791072009569,5667.268206448245
6795.8154164873895,7616.886581805876,5147.286366296671
6499.7160014659885,7349.91221243153,4916.309867051291
5456.5487821051165,5752.20686803256,4234.1639576408825
3543.0083037736613,4004.823205802988,3094.307832049039
3460.0677055430706,3337.579840951343,2004.3477458491045
2313.3034358105715,1467.0254538537783,945.3247582833902
701.2333871004885,504.93064314318207,250.9941128436365
362.4053520616234,92.17746865183422,75.20205136797374
143.10810120171593,157.3289172501617,256.83353243703345
212.5334637920804,364.5768858611922,473.3664971953372
302.53007363573295,646.8478144324469,521.7786542666795
492.3019764395021,1289.0507842388258,407.6044524385327
1080.5478855971062,2152.740839421203,1207.807469753274
1714.3383712842865,2910.448784667548,3946.296027308083
2406.23042635761,3101.45312610318,3566.159019695152
2103.2849920412714,3191.25044205171,2625.9293811869884
1852.9375074899767,4002.832005293546,2955.7012992924515
2076.399873192044,3531.874222036,2447.8370523766444
3111.70251367787,5288.035119524513,2624.940762051361
4309.247553192665,5598.41632357942,2892.261465392137
6014.707436127697,9988.17307699423,4357.146209431106
4296.621267211069,7640.829024739083,3684.390309173864
3147.031802590191,5497.409105223585,2577.6927907167938
4463.634187327132,6627.930253792934,4056.954444438296
8504.779788985052,10894.033790860698,8017.233113767025
10302.154054692272,11072.59859667152,10376.474322561986
11387.73704640545,13257.030395821212,10051.97822229398
10065.630833415256,13241.52150708522,11295.993313783976
9721.778080307602,12831.735887983175,10458.510855826842
12603.921806257122,15559.29917379349,12537.832755251213
15341.68448208724,16992.714024547728,15102.895783777993
15702.75560360676,17550.92132300283,13747.283253571415
17088.5180410282,17823.57105479435,15919.328693124282
17060.66177408587,18231.1875295836,16832.78469458012
18077.026507376137,18550.26652260996,16148.22723644262
17776.271543406518,18931.58135184308,15716.385860605404
17784.838615564564,18348.95650971553,14917.410458672544
18079.53121480864,18778.35149995147,14105.117406563742
18104.70801683848,18878.665718031243,12206.447870130023
18410.125958224635,18932.705596714208,13674.691834698271
18736.28474005068,18728.393042023235,12919.717062457332
17492.301479567777,18129.4734176634,13804.876969464944
17372.169175630333,18260.30467134768,14185.172915723371
17096.22794829483,18003.0099649155,14657.696863177416
17289.552508861285,17495.54224371018,14786.421453984589
17064.43785963618,17690.205500523178,13930.587428386125
15750.566820969723,16761.665518496637,13603.821832893624
10609.426197820949,11998.917271310022,8200.917749712551
11422.905197616485,13147.211941081445,9822.0944296461
12541.327833318432,13993.815973306711,10194.841361512948
13035.29532036216,14611.503309837415,10167.583479304883
12612.668259814309,15342.777206598752,10596.096907974148
11856.470610710294,13615.610788531852,9871.664072727495
8015.404884632452,9572.233889127245,7266.4335285348625
6499.011541078142,7451.576077389903,6531.380852449025
3333.800084699743,2917.288063010679,1556.7253688946469
848.315421102355,637.5363725751806,855.2554007571101
-52.79657768353827,28.561632175781,21.015323000910588
-79.39247758953219,67.53105367453209,-30.83500834888611
-89.4096371854978,11.513032396690186,15.936447784099029
217.41547278475284,212.495725225308,301.41146132623305
-14.770183912249207,96.32800065548616,-224.142787958455
99.73995376668816,-3.1078305425093804,-92.31422115631317
-146.13178626324003,-161.9261955173922,-21.791287192786093
15.759546045838515,-41.94993641762802,10.3827142662375
-0.5128415696985663,-73.25505781976092,-2.7791002870295163
5.154522040661926,33.837184354895804,1.985633480338297
115.25925397784032,-9.166142687405696,-13.019461374695084
494.12833046931934,495.0665722381781,1.532564635621263
483.16283885213096,462.4501751120316,26.019509925871272
341.87596863415865,291.20390052117983,155.5975075849495
512.81043742128,207.52340484777065,71.8831882783864
507.4819220401703,375.8142332646031,36.25712916927469
586.0394196354209,361.8755600578771,-7.131103773828938
450.2674015297813,354.20336072533115,42.59549662474886
645.9005039885025,439.338771268233,69.51778538088504
1029.7080539970775,743.2560333028351,-17.770178795472145
1587.049644081303,1220.1371860705506,174.4865901556361
2431.0460222238617,1877.7733819381024,215.9290584811125
1825.8008729462977,1895.936076950664,477.0165038246652
4127.948411867071,5404.309578340271,1567.7474737046862
4706.637279192093,6721.793455519773,3522.9049627227414
5114.319930100348,6405.209231658461,4028.340541273406
4733.177843266079,5342.31031621433,5469.241743086851
3766.828413089436,5018.596682238624,3585.0026145232464
3405.487104380203,2380.079199203661,1983.320471024712
2445.7050261426866,2020.65046648726,168.99517759042635
3116.5212413205027,2517.611154392416,1714.6602711604903
5067.212156590824,8132.279032382887,3012.1787134020137
6601.888798227361,8016.132620670449,3551.130920989271
8658.57423554245,10932.996355734287,4365.829006276373
10048.779251078397,12417.632927824485,7893.974166879543
12152.917032284236,15030.852737577092,12200.031043155615
13353.368775071163,15344.322948742169,13318.538916808257
15099.112354542867,15637.777406068157,13467.745257930455
14687.222750670977,15662.77651008768,12551.012301083689
15103.4496811754,16927.23084866275,13161.366951661032
16687.369295095705,18078.61265922034,15165.105738653883
16982.53451511974,18395.0039715187,16287.491311595642
16907.914292307756,18886.137090907287,16980.67034459196
16158.153982782696,18452.800781110225,14064.120157893612
15127.98527804262,17654.9828750914,14130.058912907074
16233.777905953912,17545.250562753332,13884.09576666446
17772.503811753024,17984.52847966615,15293.451851588596
16992.068716468104,17555.12103789627,15632.470342492075
14184.221777024108,15463.241978323407,14419.766861562124
14311.254256880284,14692.677304168898,14181.662860683802
13014.109822817383,14909.405309711168,13285.798684589774
12813.00618744893,15496.20450521624,13310.587235141214
14004.71660487174,15668.275885025789,13039.867937813924
14469.063804194637,15701.17156414466,13859.38476642101
14761.14074570417,16010.812176169024,13098.35471256586
14400.690684185907,16487.40701669204,13215.841120119992
16005.16111937371,17573.738331505687,14469.288539713025
16964.235658267444,17283.968306200197,13242.76956859726
16728.69765192277,17550.921761950256,13969.311086220105
16633.363851450064,18264.960058356664,14379.177316575591
16176.439252030486,17920.580202310815,14367.983128873331
16101.442395782058,18029.470086235586,14294.466870631031
16287.2702720281,17213.064658993815,16033.38974103414
16025.900991365765,16886.931584561637,16025.347686439502
15996.63397737792,17361.367419956612,15018.925978681658
15516.657617943498,17411.997970622768,15282.4998198789
15682.640805783043,18157.81945211287,15161.835781258096
16771.972300041227,18387.939805158418,15107.08441375902
15705.482156778744,18616.004881879067,13440.07000123097
15321.822955240908,17890.81046237914,15241.042231474392
14308.639868202972,15946.430950408205,13814.172729337071
14176.133800294449,15272.4892616732,13745.992484858789
13133.932057341912,14149.719041969816,13673.287304833517
9997.846859251526,9983.924128457556,10600.895756858195
9612.867978457683,8670.763096688564,9875.49247498828
9682.765175862727,9450.954364913605,9937.474817874894
10528.426984088455,10602.279931334157,11632.861121518528
10915.70256585895,11347.96137037863,10606.226711270878
10715.364762477586,12172.618046799107,11743.273459194292
8454.344292314287,8305.892808611441,8690.34444256854
5924.662696123279,7564.662324769337,6378.102736458111
7229.86203473634,8895.257835899707,6848.871020144406
11411.667449688592,16813.690359176395,13937.390625553937
14922.207981880185,18779.690889419875,15951.178100494062
15148.44840033389,18981.76990193573,15100.1489318098
15704.20227291392,18798.48987319499,16097.57847146416
13611.487525717916,15910.147606518984,12100.661381115306
14530.08556041401,16706.444156313013,12030.941940077182
15769.9302126026,17615.925778276338,13437.59683483849
16942.050502473838,17701.40685236975,15776.587752523084
17844.510581500555,18516.0826202395,13628.620917475228
16514.997913330695,18080.665568391883,16043.838348807656
16673.910202274583,18110.06270077133,14262.657374318307
16748.072626004392,18153.54454560017,14267.844342531827
16899.3458948601,18612.40712247321,14278.948660140702
17087.87233757949,17964.58025313328,14635.256371703385
16862.114876683925,16849.69481499012,14735.64632290784
14814.799660483915,16388.624133152374,14111.357501297922
14491.50076832872,15641.37544824678,14804.273921138883
14838.960864883846,15780.332428083051,14725.662072903076
14363.53161941942,14984.76491450495,14735.36538400592
13922.373402570443,14643.811973347429,14322.102985766409
13656.546012285464,14724.310579252317,14721.876625321926
13798.437197626934,15310.967000005528,14850.615403719945
14085.72085486873,15444.083204253897,14614.448036659333
13555.362924832209,13909.103641092022,13003.71143792632
12188.935890683211,11802.373427337565,11038.946989465603
13768.846085522648,14285.764972668876,13183.793449721128
15275.292528078046,16564.27988778198,14366.25375579793
15398.887217999008,16767.64951195162,14940.056728105064
15511.801714461202,16668.457734065276,15002.74874849394
15952.770349216633,16143.642809061275,13934.614250339422
15688.84076881059,15196.066311084442,13862.044018485749
15422.038148731594,16292.962513361994,15174.44039266488
13024.345477675728,14385.765825406395,12458.292269016438
11385.16561032601,12137.344591342542,9223.005489567677
10007.73878997971,12520.60341566878,9886.99122617217
9035.293906952584,11056.28949486285,7219.970748832886
6590.235627187909,10573.754388492638,7438.045435501879
7047.051733146681,10616.100926577014,9971.185686520772
6308.747365743555,9272.245219048273,8122.542514301645
6239.977570881123,8530.656801213594,7143.082334737698
7976.569890595138,9801.659379732697,9666.810277737208
8795.56485254925,12606.468382022234,11925.729787306542
9083.526869151608,13981.320235965304,11355.804487745903
10020.472992596124,14235.803861402876,11701.330649124347
12530.608725909742,16981.296434161555,12977.1217429413
14720.752347931098,16140.273188465517,14253.217746906404
15691.968847714132,18360.54132707874,16329.544906579284
16053.345935734753,18221.76951811951,15465.84887962589
16418.462977060164,18378.814837714974,15231.21251221767
16799.148496924925,18531.344407036577,15042.388993018372
16415.2574243869,17815.7017009581,15430.469560152713
16794.77231343792,18572.42625850485,14968.665674022915
16685.048661045104,18671.611694181272,14062.007429255158
16500.24670541711,18027.305871508725,14843.034387105889
16506.99236175358,17533.33784795272,15465.958181627024
13614.767762823403,16989.009453473212,13928.22944647763
14147.726840018857,16065.12156558958,14371.228493322707
13337.859765621406,13151.693527913583,12526.57810273301
12144.20513161084,13234.782180575745,11352.459084415204
12277.986873094167,14098.526153814964,11492.488227389504
14056.605723574896,16568.32415124124,13687.3993972791
14447.838148824676,17587.328159615834,14374.72894782626
15758.318081891242,18160.66896919476,15234.724472000811
16190.300097622172,18264.78023050712,16809.670675041896
16968.29992938308,18287.95952698885,15340.717597839954
16382.757060759242,17827.780832817072,15520.925370044137
15793.995178558962,18107.027066136987,15306.5109539146
16504.051644193336,18372.39587365924,15084.073227590046
15712.854073413451,18404.29917128346,16610.76772620034
15808.806719811331,17795.873261288827,15184.632210844156
13685.249363719176,15508.225287101071,11874.985628980856
13838.745491040769,15339.110129573026,12322.344275218386
13775.32161556292,15326.9766720075,12568.682652783393
14180.07388206892,17062.24616903833,13345.809259366104
12375.21409582588,15163.90590001552,11532.841905053428
12294.291604774731,14414.371229872011,12048.977658960372
12358.209891296085,14246.006384118327,11020.761386905604
11028.974423404865,12951.963105536934,8116.2263851179505
8460.710869232535,10871.54081965508,7178.083296957513
5432.538284874379,7673.210832920662,6440.551489181592
8526.853125578586,10634.003429095585,8725.374048427906
8067.879927837459,9817.452020578712,8650.576324899917
8079.099985427414,11437.96817221826,9692.627152180205
7013.013361191476,10818.644286368826,8407.511439143294
8341.034150673304,10838.434381099509,9279.31076419916
6765.38007419188,10503.395998077469,7659.582489674737
11199.586694252504,14604.041211207155,12147.530758415323
12767.505057667093,15189.358907431402,13949.648932196127
14562.384391456788,15959.306074488655,11709.101163062982
16217.79706476067,17453.599667194332,13892.985968032675
11760.599289672273,15371.36467331372,13416.658619622376
11538.630065003084,14273.403795687866,11766.710778283485
12472.79771802232,16363.33469375273,12970.185119012394
13987.602299212498,15782.064227883153,14044.9737170879
15155.82875055848,16826.39767128621,14442.31757705457
15166.015309653589,16463.483329715324,14186.322047500733
14389.339173777467,16758.871907671615,14343.001609300323
13557.574444363923,14457.257090597188,14547.085678495409
13374.434795385512,13721.134518302017,13857.5058446167
12917.373671587,12073.99996195654,13115.731335855826
6088.669550422051,8500.983214615977,4289.968465205187
6184.688826166397,8613.078848111845,4126.822305272075
6404.364277748548,8255.178620595356,4330.009201144506
7146.281523021051,8821.00537281641,5276.124210791939
6864.748583709781,8015.12847229629,6929.167198330974
8226.791302739523,8862.807198141976,8146.338678708912
7039.349986583622,8705.439680825375,7582.554807026773
6312.803852637371,8524.05178405399,6612.499619848697
6887.308512864649,7999.130782898737,7075.927228729237
7011.207859391263,8284.855932555867,7075.582306974628
6296.913171408458,9083.93136107522,6372.039829829794
7559.954395039331,9077.72192401044,6602.8133883863065
7863.5530705729025,10509.340747529082,8394.43282906227
8210.401585835278,9440.972984924943,7951.5395954585265
5643.045448986144,6849.113886346711,5384.833590192777
7948.816350296168,11089.733644300435,7524.950404721036
7348.79302962811,10156.654099344829,7811.512862422073
6576.422430520993,7296.998261763205,5538.400694727815
7455.633534811985,7296.49881089225,7141.833169236212
7165.196275544041,9285.212472331772,5504.851162446038
8177.119688303595,11477.805069194295,8073.622914965159
9788.315184447523,11793.401435291711,7361.583148385014
8287.101755332958,10843.17022581301,7140.971774949186
6144.548865775713,8438.090495671637,6287.293666348926
2834.826327403336,3728.46227275371,2051.519986653507
3542.582426610508,6227.139683922277,3676.721725455502
2726.2016358557216,5588.235574806989,2734.3391735962614
2928.8716846120647,2752.728720325308,2371.564150372733
3103.8915517105347,3088.525501452001,4070.6319754581614
2923.425079156862,2936.2424483788523,3266.8384267527344
1214.226687171997,1065.937351768292,2417.383165110716
1114.1631506521887,669.2411692028211,1538.355382007558
929.6812891420416,806.8277930678896,1244.267407400869
467.96215425892177,236.3203713027763,418.0627712040886
-55.2355072264554,494.5741954368855,250.4025797583724
231.00808583440667,101.36940132454954,275.2777066139485
695.7897971717784,720.8005454384784,517.0903129824806
768.0617568313536,596.513112476814,272.50384531182493
424.7929695706743,814.1004408074006,571.1867557875037
108.29236250081216,162.13570517552728,415.0322092373179
651.2326545512134,422.6358728103244,563.2898941364281
714.2600925252459,613.6242791435461,461.9590209635968
432.7701293315228,532.2108650604124,342.19854979596136
351.24205182290405,502.131317059528,410.5025547013991
219.7508844593056,263.70811178921923,96.99934350841669
240.2631730612607,241.78969873926275,114.44788001482227
152.7143785070934,160.17135684118813,94.00934344654851
112.22765334063492,239.42805128697648,284.44517657355726
1339.8427346276208,1005.2643314294388,1125.2510682819443
1051.82958066611,1106.9482014443656,936.2359769631976
1357.7441246379524,843.5479759963365,1133.4828308114145
1644.3567614574426,1155.2175578092783,1265.615768716879
765.8735602759716,322.24744424708325,378.59213126804
409.415983494835,240.44465046907425,159.63084809164644
110.37934096918882,165.2053441087093,26.62582547353388
286.6325150497117,183.8028168405916,-117.75042572262292
263.1785571893833,122.43333322647756,-7.728324379369458
-43.63219704055297,107.08715135079036,14.96880711581178
59.81983645505167,130.59368225032787,86.10000704273418
23.81433883947937,93.13553927064925,45.2451218574515
37.68952715051172,40.57892816712184,10.1340798418106
-11.035019972722402,130.5188166016639,15.67265440064727
-37.699703816155264,26.44606551234923,43.59820757987851
177.09453785793303,92.50553236744446,304.943643612935
68.42620889800608,-4.18086519249028,209.01605579104336
969.0070534285844,672.1331433627872,389.763843450761
529.0836011357618,590.2580937782944,245.21972011075107
613.9372634722813,803.9604749195573,220.46230355641
832.3663331100552,819.0615799499124,745.8823084750846
2223.2616407507835,2136.094014089385,1066.4783728454297
2519.726730626752,2153.7741521995963,1381.4206629133648
2174.004379162672,1979.9910612622828,1118.9119847909133
2407.80461058911,2419.819750368321,1697.2231946951526
2974.0372471539795,2301.910737688315,1935.8625502323987
2684.0157397465887,2271.182591839633,1552.6984652493163
1708.8349843572826,1099.938551879438,751.2024886809011
831.4554478476358,277.7338780357333,189.01861444332377
558.4835965660435,342.35324357082663,160.4747129863679
215.9776506317804,204.4565258307885,25.39513895662788
63.62774432847922,122.98146286000453,95.08031901286576
-76.84633769662199,128.2838970903905,24.760947389098508
42.29713064570775,95.43956543881444,25.44318387178142
12.424779536739836,75.1196557339089,63.83008931787887
31.81176713149495,92.68841954883708,40.82124446521858
19.7065509297787,193.11255470028087,76.02173538175299
-23.685416663919,100.84592738766612,98.85477751806448
31.288744204088296,135.88351535093355,135.2899149723501
64.60070814964784,27.39611353664365,185.4709785518677
71.54537333476632,65.79104268954555,110.98545831200904
18.27997528484424,45.24478905576375,133.70467346966015
149.26208549570123,52.68143698294951,36.224112189388805
107.7689393293728,196.74815695869125,79.37649138608413
67.30254454361535,236.4330215183708,16.252852509094797
266.01116540154294,489.1124409800623,97.82251793695757
234.17320901044943,432.0561891686506,57.6262005469176
202.89600445434723,471.0103713835782,137.9509903076738
192.6762820169716,189.5128380282318,92.68408509776536
-29.773971575430693,-92.98475528532089,47.07915772355797
81.86240371425272,69.80771973870011,-23.76579772988853
11.875066239569383,192.30389147686373,84.11109218623875
-4.175477322124096,182.97081682908225,12.720253960182312
172.36280613710414,368.88447509142446,-25.37536990305125
260.56107244510986,314.5234327325855,23.56490774543516
200.9098069018655,473.9275579283132,11.690911357673269
664.4947375113659,694.4413882729057,-59.89338543438203
377.9237904542931,476.1992951239029,12.19036906520205
298.63393922344625,479.8974728595392,65.35393170430865
312.1700476619221,557.5796250481764,156.9539420163166
239.5719177947302,472.99874830089806,-8.613973489563024
25.23065371848251,154.08041857790795,7.050913313006268
33.34659927080083,185.44289674512905,38.49141249657092
19.094763210095667,188.71493070206984,-65.51072561458444
33.57475845524429,210.16964734937548,62.33992048641931
259.71905615241747,268.37721306321293,126.99088399695444
486.3419073470126,404.2486061942411,-36.57803555758081
753.0507382285022,604.1896425427414,27.95382573168
521.9539463062438,419.1998525338007,-24.06565281274136
515.8595632775703,421.0989502231693,-26.32542179791449
466.1099194927575,340.5294672451208,4.522296157819643
547.2749968423219,264.8531369957598,-14.612844145101668
643.7422349033575,580.6753818762401,217.21521894606485
662.2092794711888,616.1016930965734,94.64277243543202
542.497087046181,640.9584375439929,165.00495297873184
499.40001665758433,436.3154485621519,246.28122252100383
738.0644633080533,863.6387806027038,256.8145630551428
1474.5734625113437,1123.2174171453137,318.34195854772287
2280.8655318576334,2227.8190336579382,814.0060979437415
2238.4682690361315,2063.612461428426,760.8893457816231
2105.3332088951515,2357.645411445136,615.6864168332846
1681.637820518682,1395.9457803904495,627.9721085650048
1583.3368763383723,1577.450344879451,1058.05564088525
1543.054765940942,1581.212286594556,1259.6767319950577
1515.0542805609434,1490.785511541529,899.3676991822102
1025.4589902348198,1386.0555966225509,807.9594032329555
1149.997674986453,1527.7611338165812,605.7006711274722
1165.6162589716191,1608.663119454317,421.373096801555
1179.1171991438632,1242.7150186831925,302.73389033113654
896.4843821972595,879.1286533710469,139.9309147725903
1191.8142925354157,1465.4262005996306,103.82385663277886
1061.6007094516874,1090.6976825479785,249.60754636723144
1171.076095075703,1262.771685215506,56.3164652114759
1372.873828995313,1446.972526312163,544.5818257279687
1272.7153209354517,1477.3149277101902,403.81924321177576
890.4879860521279,998.6578208621428,262.7656941680702
1025.889481514621,814.6040974767989,50.9731590894391
888.9512195693486,753.3843716847772,5.4110389674910016
823.1770858332649,711.3379121601737,116.34780292602343
685.5876061830637,816.289485037017,105.7251374075821
732.6486820312217,987.3824260276634,-11.740332700351985
1127.089165586811,1374.353361638044,58.23687158929378
1133.209002089161,1394.7928448910725,216.84864679074903
1246.1897710009414,1466.6434014046995,376.6006555400824
1294.685406457506,1244.410462930416,396.93697673788336
700.6490411855218,752.6091262145502,126.03181980900156
671.2480152168628,723.722983667144,272.9142881628346
423.7013076314735,577.4005537453022,169.05905604305696
297.87010636191354,425.873033189842,120.990376196245
302.001505373265,540.9121993571271,-45.88951619574088
146.6452697222609,206.90407229827463,97.74093821635368
293.7389325849623,337.9396740391491,95.96623078460992
127.40355508013734,157.0067110104633,106.55114936105436
85.63478488863214,175.91659578614028,-39.875787763298256
260.9774748978826,276.03187915585875,-74.32922494078238
399.72829856216873,317.1043114869112,-78.31269936089865
909.7126513773724,275.90987205182654,36.506397860906524
707.7225614777428,491.7081581427266,41.20437976606559
140.45068346975253,79.74901770696108,126.57386782410072
313.0945883157449,256.25786063663,119.96555306795416
139.64650064984804,-11.37082145742324,7.276118012440007
15.395792942726182,78.76278969401142,-27.546409453740925
43.529191659397206,64.74409831229477,38.663726498863866
34.5900227479897,156.88252502071225,42.85050250533634
320.6290401234748,167.52596011458323,43.90561642535841
341.1180053524553,248.3417197916176,45.84334861411095
295.87788646608533,233.5827358854599,70.91834953912608
348.08395233538084,162.78160792899095,55.32057794025727
431.2255176373039,256.868801644789,68.74254098547738
47.55321430856158,-31.216716571076773,123.09918069340708
-31.05829709448187,122.42147100130576,180.1632501134896
34.05047944848468,253.1721306968792,166.56114826854693
102.9048082989052,346.3987953781602,104.00746558590944
29.998646214350952,303.6752004050824,65.57697048986527
438.2193496219135,783.501967145043,392.5133403907702
2330.8910151026143,4420.655702207987,1658.111226686687
3172.4436019044488,5600.415407045181,3536.4814940190727
4510.498117981791,7835.082838954098,4194.715469264186
5665.263581281463,9623.257313143236,5548.023729445194
7655.186252458907,11051.056917461425,8528.90000978656
10090.904932624,13607.97138366644,9597.911335392024
9933.367961949714,13547.4401332402,9989.30064090741
8274.217191519485,11465.874370349346,8509.871320491098
7796.820570330852,11080.66852337746,6906.647991213
8232.229822275487,11079.275140847649,9468.841079856682
11559.792444250124,14246.740480593402,9611.130455414375
12654.40957569832,15041.70804771723,11570.060440994092
13099.838784403775,14600.881156299289,10822.831646915238
14175.885116451029,15191.290923728257,12991.637259798656
12050.138622680446,13757.462202407178,11785.752554154227
11235.154385706424,14165.55540028415,10230.873312505002
10839.416324294009,13491.76900669743,9986.641692529272
13556.538853788508,14386.06064821597,12176.266550449694
15462.69848664945,16655.084563182627,15102.755211080905
13952.700250074053,14617.34965323246,13000.496585960684
12818.99977149538,14371.997319614871,12545.64892189517
15796.744796044306,16596.336354070754,14208.09460961866
13121.67825055518,15472.081204863018,13620.762308147623
13681.835149652494,16074.9218827485,13861.195126321782
15507.945987247153,18303.589083115727,15264.81754487059
14567.052803992572,17114.221205608836,14580.395489833883
12631.558630898016,15564.24644170609,13809.15712844289
12022.36335243414,15057.811179578548,13719.801723010549
10922.657755732058,14352.623877261349,13774.385460078804
10903.783428733846,13416.782451146308,12556.76814449722
11528.364064966392,13654.845222156546,13666.913568891236
9305.6770271704,10916.172142397934,8261.463625477876
8451.534835518125,11718.542451484624,7005.979262654313
8877.3413420188,12109.788918796838,8767.22298069927
9190.944381902467,12709.7675670428,9872.016570048889
11256.24652262944,16091.272812828418,10881.46623741489
12811.858640824676,16104.826219759669,12718.763984117344
12733.201353627222,16534.888070102217,12868.953842245908
13574.786544229157,17209.813587697816,12771.143875629832
14134.76208773816,15723.222964848796,12218.125706293233
16501.623170458366,18341.655318137306,15803.910603085018
16130.672019069243,17327.579993285737,14866.958345510442
16168.6694402618,17462.741367835322,16049.227526855995
15237.041784635756,17165.116546075016,15528.88417982309
13994.365147204311,16836.772870695353,15173.820593336368
13511.610545992888,16173.924099078626,15244.851995090425
14151.88026643928,16483.77507341191,12973.49752943959
13092.207884988866,14949.73734009006,11846.02807927984
13727.219416878195,15737.857719172518,13223.680995444493
14412.600349731476,15070.203150807938,14871.153081331491
15319.201251124252,16935.22041581887,15037.084390545082
14917.45849351854,16204.323272962914,16197.51508885521
16097.65144607449,18025.08319587811,15686.173684134312
15876.25117095324,17757.56101973257,15285.353698071607
15679.19590153489,17533.593749427753,15535.347651945123
16307.662810517906,17641.584980154068,15437.944521957525
16653.856834380746,17608.795750214562,15651.840232796389
14551.095816284547,16867.711535320952,14755.762204103992
14699.147570817388,17178.240227608985,14966.097404727732
14122.059367480122,16476.65837555511,15009.02455218668
13962.647687573832,15623.43842394019,15805.610623807535
14107.548937125965,16880.012589284448,16213.886144192778
14337.50276865842,17675.44032110721,15062.711510837433
12686.894364119522,15710.552631371278,13238.4866109644
9613.055481523488,11869.790341810463,12832.157356917482
10520.443424512065,11426.77235907975,11283.380783401177
7690.149404029807,8729.17494655131,8050.921813789637
6530.629606527321,7887.253036861827,7709.997699552273
4765.461829456001,4775.759553176437,5809.77790098108
4801.673022426583,4437.653368217643,5100.977518386499
4433.577177456543,4911.540167794129,5692.852765787435
4909.382499512132,5804.494197229535,6016.757043527847
6770.182194307476,6807.456761890702,6247.943711304572
7596.126343979519,7233.601677252413,8428.33909312931
7061.075792221262,8801.036899742709,7233.836629260749
7039.941330203192,8184.461468404554,9253.69159382578
8372.839109933297,9348.48660732378,10195.92908635602
9637.923259463769,10123.885270301174,9689.384861162938
12350.97894900931,12744.958327778211,11800.47407720653
12375.825521383276,12887.989172694322,11671.661478551465
12066.204965791854,12960.90412694843,12067.279021610364
15269.000008766356,16736.612896094055,14441.298575651534
15334.257580733823,17200.567332696817,14014.59181896829
14696.292356385637,16327.87675774959,13834.153773203232
15307.422531680251,16573.429597135513,14356.978204718836
14895.5412517799,16852.150699015805,13127.564631003424
11961.765733150733,13479.857252637144,9487.35887713045
8085.3174924488,10040.536578364865,6881.977662677979
6282.631971326369,7434.043232661208,6054.958338246021
7327.1688118871825,10455.952861046586,9042.832277522848
8003.003011600858,10022.69302493975,9885.872816865023
9013.916738124604,10369.770405460917,11417.426130639746
7880.696835302355,9304.330502995112,8895.228462219526
6250.854314170234,10157.954893739996,7278.62331099546
9357.38308336022,13828.81298638838,12409.052139215451
8130.325250389462,11835.766221908309,11336.606340424152
8611.226347505348,11673.301550657105,10914.212532976424
9804.619314779764,12551.541903095947,11855.026456979587
6091.689834731068,9539.25238604774,8014.378836691891
5541.371291531591,8825.141972223351,5483.289760598716
6079.457728517661,9044.93931147812,6624.01794288627
7685.835623952678,11591.252198640104,8546.350083815396
12550.904826234608,16312.992772886748,11799.93402713967
13957.24522104277,17634.002899283714,12690.006103921412
14588.929915856916,18162.47384204972,15342.063238110162
16643.53717199291,19286.60591092805,16826.77123066837
16391.890080969468,19371.27044219079,16873.757457360276
16040.178531314265,19444.660593180888,18102.78808437532
17405.721906401606,19613.0073203259,17950.64871693549
17849.05699481164,19314.569791064,18220.179340082297
17510.017312217227,18989.37217628583,18119.711178204667
18155.137361316745,18797.39528820482,18077.685813647306
17951.153199994063,18554.388282483407,16397.19316036346
17785.748266310544,18222.38498534072,15615.316329943094
17843.246268326056,18720.230378645225,15685.01010680587
16779.044624850532,18280.388494778566,15777.030388282095
17036.127546271287,18363.535575698468,15089.524333430536
16144.03189665478,18274.123477177825,14673.400375180749
15870.74131846628,17916.924560148953,14331.427659299256
16428.52514541341,17476.89630611105,14254.426981846282
16075.44128945336,17340.792315232775,13323.40160012815
14849.274577983397,16278.53826866945,14071.260721360675
15055.082679489293,16366.9213061537,14909.387425642954
14717.139061439146,16445.362121794573,15108.80450213098
15049.371547730349,16718.56407309297,16020.11123936299
14642.67281359342,16447.378828761117,16924.90741778136
14686.793035452416,16527.271023789355,16854.519395923387
14628.86311429587,16347.267005150465,17032.793978249138
14180.759817323356,15884.127132993564,16773.263039345697
14515.189297173009,17989.10189431442,17101.017889505376
14591.91516099277,18125.35253489796,17631.89941317069
14326.362803779595,16967.980759767033,16394.643378987483
14135.714413876382,17336.314678742972,16242.69959395252
13927.3293442863,17442.369220372806,16150.706097290038
14070.823650686276,17614.249355773958,15508.947861305089
14175.151509436704,17699.04563868223,15085.034553936532
13722.755082456824,16968.209971984383,13907.085375247732
12568.162842189173,15665.636849005665,13475.713781665752
12103.192416664664,14769.180105027532,13874.682228299976
12245.71137442266,14363.190758560211,14470.14254782232
13769.87098717497,14625.199796623729,14738.712140035132
12415.946285203816,13517.0463142551,14306.730797145025
10298.6670681271,13645.638363556369,12787.887677476228
9635.605048569045,12096.450548376291,10228.02899937097
8806.14621372757,11700.40647021839,10098.471804913312
9007.76383563711,11535.24400147088,9808.171126207631
8239.876426123565,10514.769197271042,9724.394758268489
8051.815621541006,10780.945507581831,9402.169297037197
8596.529830728012,11492.232595783857,8367.586539944728
9386.445186915416,11635.220808017868,8461.90558673962
11387.777101209816,15040.69070303705,11788.56168720279
10605.39092450598,14786.799369521535,13474.668444969988
12674.452702745011,15873.128166664565,13852.13156146839
14569.863479155,19006.98441402622,16439.80755704735
14946.945647082131,19213.27385668813,17258.985162655088
15464.246453227131,18786.776834397533,16766.2598540178
15632.7523800719,18284.920667549435,16022.893359606294
16108.862443295302,18568.96883135861,15968.598160394396
16078.322576709725,17964.22313165201,16293.03846221201
14497.770061550124,17636.75112713127,15528.585790397015
14125.760606479676,17670.07941706129,15070.054277280018
14623.246272064696,18085.10531314319,16002.9284168372
14309.093772137849,17627.12841234,15805.914482497226
16220.337532151196,18508.396442660687,12042.620707785463
16003.460187580686,18517.40282425592,11180.810964731776
14622.845929579224,18352.04892380864,14713.889144381126
15566.59558731891,18667.25137164806,14974.154702896116
15510.887829523168,18289.923428158272,16245.844624804922
13749.147502751715,17637.939250545813,15763.19575020429
15194.587480500408,18092.26272708146,15247.03330209194
15224.777904449484,18036.986133093324,16032.838348932935
15118.84827213028,17833.601495552462,15621.516081309812
15248.176523378384,17833.01041889626,15956.714293539517
15678.442414216768,17794.31518137642,16192.2652169657
14215.31532344648,17333.065521512348,17449.966458020175
13815.404094596232,17358.453101837407,17171.418816689995
14614.995371994311,16903.417910859756,15694.304429637465
12695.52006214863,14008.483675972306,14046.115994283387
10164.916570163216,11702.443969668737,10283.272158887205
13157.70917342268,15192.686348837202,12907.76284331772
13448.063549383704,16132.508365619537,13190.75297199793
10694.635608881392,13397.118645270542,8285.316317164858
10865.492130042176,13838.119565556692,10084.291535094791
11437.988382116671,13710.883555543172,10074.32481703005
9555.902367764493,13791.665536690854,10908.766415722892
9795.955822240574,14209.301852326287,7925.918668316309
7120.717519738679,9440.978916254357,6730.431716591807
5972.907340838468,7896.097181193775,7653.699425738291
7798.972898635657,9159.905952901408,9876.31379466382
8936.765511972897,8993.957829117237,8856.222187507678
9367.09089118223,9474.158828345684,9130.737949859693
9086.218495180476,9791.665276149351,10323.571504607164
7648.641035309413,8375.523364258544,8855.717995206933
7436.3749516967855,7182.533646000318,7790.795711844098
6356.722313437939,8128.932230979962,7250.770447679385
8119.6705066707955,10827.994033337744,9095.981879952138
10275.704987528878,12413.813808606312,10033.768760374316
11738.19654716722,14481.739934768577,11744.520567462903
12997.361790699568,14792.117160614864,10321.249315747007
12771.4272741203,13987.47378975287,11351.405854824694
13190.993178993189,13960.177954358642,12846.73372182906
14328.370221317313,15105.553979144568,13533.505747034182
14028.633856649276,15708.85989332274,14154.94286017232
14074.491457491991,15925.072247522716,14511.07130927148
13065.868182525031,15379.253015984666,13079.806233187106
13213.752179277975,15663.680731185492,12417.63917366579
12350.323163990057,14600.733002806794,9519.70634556754
9763.470236261988,12217.058585110644,7913.694457462673
9358.20258433972,10981.306054575532,7050.449981205712
6208.01287958706,6609.18680155946,4944.087838042288
3302.046294194417,3392.625408051018,2494.4717185247623
2094.044407885146,1890.908356466512,2141.31755308353
2194.3945395907385,2236.510283807331,1826.3505314203403
1427.582509855577,1568.6098633201525,1608.00183391119
1927.3790362958805,2428.5688486512963,2123.0397047367
2080.039825717549,2862.9340618932574,2213.437931036169
2004.0473963412269,2958.744175396481,2324.1561943714505
1954.507758959072,2089.757226608359,1840.756664588556
2068.014264008161,1794.8489918646824,2238.3786073420583
2785.0531816196835,2238.3052339344285,1970.230035536906
2250.42047993842,1893.2271373473648,1633.9119863824371
2153.880305242836,2607.959306147201,1933.43973301664
5476.620094014051,6120.277802602494,4004.366110351252
5582.453676972983,5620.516670808571,4244.466875195294
6261.265843556308,7757.649086059555,4260.701165379363
8342.745314388598,9888.851951201934,6979.746062733066
8677.013124957157,9577.33141856682,6534.135651914351
6627.24218613222,8673.023976953804,5752.233249465644
6028.634608400716,8089.918339636422,5567.705405495383
4416.520015666264,4376.981259789739,4078.9286060269656
3335.1189117007743,3581.2005137179503,2617.214323096696
3387.545707234492,3448.270338760285,2278.081226215928
3384.7866772019856,3741.24260627157,1483.7548274763449
3214.661816544123,3726.602779433904,2993.6014885353343
1920.120288327892,2708.214745323164,1501.5243988535933
1689.3625414619794,3080.4318195611204,1191.1661853105034
3662.770061694957,5027.287329026042,4119.151948284012
3641.7777606281807,3682.542195725068,4102.928643332784
3929.616518506524,3923.0822875843032,4189.299747574893
3689.646889426204,3746.5839818537193,4180.364262783237
5217.008604257641,4401.288604145326,4593.467767034178
5498.94383776508,7383.601469468176,6588.76734886149
4019.6276736561326,7947.697927230332,5446.3713590779535
6059.003219318187,7661.820811346465,5368.239497041379
7157.833750814512,10612.547807041152,8155.836587438786
7930.981434034808,9649.358953919813,8593.729364508425
8984.451244691625,14700.243645775769,9339.11874867646
8603.136135840296,13039.929582138591,6548.602688361108
8966.56701688866,13943.244345912468,7583.7446554934095
7000.623430791733,10161.985493427206,4815.088053843851
8039.765579215752,9945.36906088398,5248.271658362631
7323.778866925546,9524.151012557608,6070.823391571637
7759.872683033343,9592.23173946073,6059.407510533498
8157.977066234377,10010.159337101592,5851.385680042159
8865.699011819712,9966.943956503284,6646.793546356762
7722.09265431976,9918.979042867237,6087.665200045281
6690.472565329809,10363.82573834793,5592.6750017010845
5604.623467384354,9699.698061340494,7296.368400507955
6259.520406656375,10738.714436656388,8271.526316611722
6083.08894485328,11556.565621932208,9430.683797286423
5923.208025688133,10980.296587140756,9385.074611898695
6798.36620906065,11887.671397750615,10269.833563665865
6819.951856318157,11389.931699392782,9695.161456595051
6825.100195451223,11063.541848148998,10030.925115416978
6808.936022206152,11953.81037018475,10096.10696391764
6362.80079629263,9216.531572496691,8295.580947223245
5200.78979961422,6963.101536910327,7225.744397939947
6274.562954976092,8338.27141326893,7132.284256665156
7101.74351731924,7307.932156036428,5998.361932955084
7029.44342846994,8152.385081379317,6266.737786711339
10265.099366456578,10665.328428479435,7026.519275771067
11074.86097339761,12541.399935926209,9552.835491948
11221.351572951418,13553.4858066172,11528.17590497449
10210.063609855915,12272.48013976444,8980.333050600642
9974.2042508678,11811.507285143924,10654.50754262527
10513.75022473506,12100.410718628236,9356.45864900367
10531.27898024235,12955.13332055453,10258.97515201664
11202.669354685357,13290.213733610795,10363.729796844304
10585.747579004728,13569.601978552888,10933.733744666615
10378.984473824694,12810.805842385427,11257.26958084065
9874.532921885811,13343.263736871031,11497.187313750048
9258.496960181734,12749.200484018393,11405.163032733435
7857.998323151314,9284.374226122727,10156.17323076654
9002.886971435133,8868.446873174413,10338.628573855143
8955.528020943524,10501.687318224398,9400.531686590724
8514.059835938106,8904.786561568191,10000.5649058703
9442.131689853346,11489.137524060005,10485.926533485446
11660.01287553961,12801.452630456486,12885.525985446971
12357.183150904077,13091.428762687628,12979.053107491382
12235.264813217083,13767.71807001374,13354.783659229048
11787.915529318683,13313.068037161316,13320.506394664186
11162.03664555034,14173.311765306984,12444.30645612562
12321.427115250175,15007.057754252935,13323.285867698773
13600.274265995353,17470.572411769434,14905.515728505898
15759.10791644201,18049.048837425828,15171.141431990043
15702.0476507641,18724.67305981005,17004.667881694495
15829.28285379175,18804.16036211553,17032.13030710987
15965.763031796889,18893.25925890125,16831.618960182153
15935.801785747186,18831.86005704143,16396.74563726854
17147.197873456556,18516.486316223098,15999.680609878664
16919.09440431713,18792.95204253337,12280.507676740466
17332.48588983304,18788.298733639785,11289.904795175642
16967.57658716759,18788.54554778833,14367.76958901349
16334.818960163357,18710.6287348822,13885.72470606432
17093.813996720957,18561.97860484111,14001.887090077833
17382.577732199803,18250.421132855725,14502.088051921071
16542.690982230193,17988.94749895258,15081.23493519797
15404.862048824942,17692.252017303068,14309.233181823813
15499.638827699966,17922.24319594736,14870.236767638366
16210.810450209414,18261.307990935697,14782.07538567354
16392.068282553755,18192.945937086628,14305.073545392395
16024.904244594987,18108.078872877104,14235.366720647684
14972.405395962012,17750.36840413801,13920.159863724532
14992.014244636355,16807.943522418842,13981.601301348694
15196.912716198936,16710.21585789825,13445.827064517036
14930.01488658188,16557.04735191783,14765.73557808926
14456.274012382037,15990.91755663001,15237.958570938066
14423.50533163093,15936.8125562473,15498.96437839688
14941.353167053854,16734.419623522295,15064.713488591962
14855.784924825744,16635.933728573917,15618.079663933257
14747.200965352751,17254.611515295932,14315.331129632
14929.863098677197,16680.243030293594,15320.107609101064
15018.918174375927,16676.102248806983,14794.200442424892
15161.56496242698,16735.868630789697,14273.891056867978
14971.146997628106,16290.534920610886,13041.523836095032
14871.016206686085,16419.197775225784,12883.343807795703
14462.171477843644,16324.475928421043,13048.767942592458
14555.605551096956,16613.298963272606,12874.661899231092
13720.590090711576,15823.662801622371,13134.911190697982
13847.859531995042,15809.802440243824,14412.714174402776
13854.397884958287,16501.729323173033,14952.154507701143
13368.226538916671,16417.64119562541,14899.450607447903
13274.997292133528,15264.221505862284,14924.682296943516
12343.139117129354,14729.314475852774,13258.114263271123
11747.972525748844,14296.62490868989,12267.038441545626
12334.156280827565,13416.51366825347,11156.862847211914
11782.64099336131,12286.335276406224,10190.991778148356
11717.485353744338,12293.537139125636,10659.357057748266
12072.112396933284,11760.267120769027,11427.246623645737
7864.350727534101,7973.325839458413,8748.511118446762
8215.038458546422,9335.299118224517,8689.66435131836
10963.048671454826,11761.144931912551,10411.01562496787
13620.646633403368,16175.845997440185,12067.132933253775
14857.011861075936,17250.888860273317,12954.483925406812
14342.616917934569,16285.699483733964,12877.437179699262
15198.459358102744,17694.143973779257,13278.745489857938
14715.432760636171,16950.315279398666,12826.610037668584
13973.060217068089,15995.505275553469,12464.503711220506
14134.984906711426,16480.758164943207,12390.684519162163
14260.447776369569,16437.609361740215,12569.29165595362
13087.807214037584,15034.962625653454,11120.083800302828
9911.204333813124,12784.630051772445,10368.632707938226
8671.921135890154,11348.333641440317,8578.126928644564
6617.073726126913,7556.563281109534,5089.989857711875
3234.418204768747,3148.217753924571,2508.5518013473634
1783.952474761651,1523.7994346574592,1347.0076330897073
1929.4911351497003,1125.4315156304372,1511.8315081066232
2154.1634128893847,1203.32560003692,1361.094348888016
2003.9215461985125,1366.786086458818,1616.1004556876956
2788.8468096582583,2303.256502085898,2473.535442688396
3817.0056026261054,2829.6596363065382,3887.127861223008
4601.419962310586,3394.59833154097,5155.194086995251
4955.710641708879,3504.9227822075927,5521.206490151797
6236.626730511267,5492.188359731435,6704.401427769067
8499.386090676515,9450.93218708595,8933.963997814863
11786.141909649074,13100.035291286917,12180.615695525285
13652.63478040462,15886.424175264156,15177.225233533843
14994.980140631622,16672.39821560719,15875.6293231841
15204.443595218378,17525.064534527628,16448.171988253165
15477.47148242303,18160.08935006292,15118.449701854406
14682.33689122486,17087.303502026585,14966.5438815066
14125.849179122924,16930.97243122532,14705.459556774656
14036.803227349055,17396.393407590593,15597.787177085018
14358.75711240018,17020.721859110126,16029.876230483273
13943.031556235606,16926.21847989305,15134.178519286612
13826.505522484984,15158.51393266247,11054.33985610612
10292.567891776034,12041.035361619292,10530.636627780725
11236.56345690808,11213.307731514891,9378.370530723356
9139.270793484622,8559.728245742066,8129.795699081703
6030.275670826544,7243.581120011569,6793.914665904585
5730.627885863559,5949.99868147379,7527.184316948033
6728.688978127802,7163.204582958025,7784.548420724337
5400.515993954621,5404.47967709146,5639.129953107466
5947.785793978054,5482.266369177291,5794.175386724687
5979.266444865291,5818.777702172717,5269.360409032836
6608.2078659114295,7020.168162609053,5868.290381164622
6142.87630216154,6390.345026294624,5748.701836761317
7528.333368585183,7959.561332545436,7135.702477041067
10520.2583901395,10372.24311077807,8389.1966115017
11796.856821880036,11448.476358975424,8193.94991070354
13445.817214842618,13473.979332423854,9118.997995328074
14376.833681262877,14617.014753327778,9928.21516488997
13646.457838263124,15210.417129095582,10561.113281857854
13997.3574700053,15656.785370618323,11803.279111957474
14219.678311362164,16625.53150880462,12513.970577570182
14800.770029297022,16161.715485456334,11847.070592241053
13813.34343666849,14909.607533026568,12365.195188342846
13860.59947391414,14602.680699249102,12893.208364188573
11204.262518692069,12892.551039160651,10527.619825581003
11279.306223056274,11758.49806558044,9411.998592842565
8348.776148696106,11016.53989038217,7819.2997241387875
6819.671682463733,7682.780148303146,6426.707792913587
5218.68300615423,5661.391007842049,4141.151421127327
3919.410213283226,3258.350114703056,3732.459309230956
2807.1930342209703,2888.1229669490417,2199.8481019297533
2353.4274162550564,2249.6553579327483,1491.4541621851647
2820.939763065366,3219.814005807225,1865.2340004847256
2896.6945949370515,2899.890088276737,1955.028765466334
3118.941179849753,2255.0488112797525,1874.7887467970188
3056.367885506253,2471.8544432794056,2152.461816103385
2086.1197911403588,1725.1228062974417,1509.2554393931412
2187.426283071541,1805.79142314288,1048.0798176032488
2303.835440585692,1801.6611272953533,1812.6810585995768
4487.5804469773,4321.45806660924,2797.415754043934
5733.8376744762445,6191.79214725392,3947.653900663406
6266.496741885715,8855.916150253553,4778.631820925689
8107.806485211032,10020.866611210004,6431.753060807269
11458.900379731573,12215.3141978917,9661.317679369276
11921.558152377243,15061.548541017391,10978.947127188512
12817.954239286257,15953.137918544866,11798.585427860568
11948.372815800683,16024.806892694642,11805.341736270875
12691.08353638138,16765.0484063493,12423.029479549225
11868.929088113491,15647.304596199034,11032.09603537446
9495.653300210875,12329.805279048993,7922.758871048192
6594.922943325592,10801.41640737128,6391.361267605644
5975.6346988580135,7693.350269600014,5254.178898447248
4078.978028627376,5266.430761627761,2837.197381677898
2869.293315720872,2716.882694546414,1838.05816958653
3387.254229581788,3072.291929015608,2263.379099598257
3560.5941474529063,3234.136564545356,2380.3302864028165
1789.783197258676,1722.6430371490897,1530.131183810638
1378.3977957851384,1332.8240500063264,620.5608494736393
1023.8641447305124,1008.0819058101224,1169.3796082530946
703.3835655914028,639.4034792673376,326.2278216486735
185.0732953234682,-3.830569768961718,26.03977844429357
181.79886846005172,194.9370036503317,47.698322662086944
141.12301671614122,265.39168732224056,116.52570604589351
125.5540272738714,241.9467758728354,-3.966028973580576
80.8716306745933,238.171828100364,71.91773346131062
387.5629332397372,329.8609538580701,33.44496418237988
946.3670815242176,916.0057374502928,254.79158232067732
2033.2459961359789,1933.0310144179,510.9637512219441
1726.101652541909,1950.9116293541167,474.1116043293703
1211.865514504147,1211.047905106816,237.13093379698776
301.0808445112099,222.4913259630005,134.79941532129513
577.5072105437328,396.0148366440707,131.10882440953876
411.37558604776336,400.6973405866904,0.584658668905861
366.7597362279873,477.1644310356704,90.34600199830145
289.51117679092766,162.84406139833368,42.19046990296332
266.5263473229713,75.17733660957671,4.73868068756765
0.7756455883143377,-22.871089279195463,-59.61843869279372
4.465512791449712,-54.53870352305906,-13.24179743735683
-89.90348374411514,47.68984451284912,-30.5885884332483
5.427857648786109,-15.00722776890646,-0.6879592114614197
-49.49508194841144,-67.05863045448963,0.2513404994585002
-0.0653544173083879,-15.996426728079651,-10.888635395056829
-35.4714745678325,10.254845143904529,-59.88077322999299
28.910229319131137,105.76995022874372,76.93919021838555
-5.341806651139972,-34.41661471119537,65.59213679190802
102.23605692649984,-52.53036128030425,20.035515445449416
142.83447897607667,153.7850574968282,-102.01464907006314
185.1604371793076,265.48243789269685,-110.31182641320724
503.5901220207991,307.19857121031873,-68.9483081686859
247.07968912607407,304.4129409202987,-64.08476228911904
22.12845352612172,258.97904596016417,-56.12993748012904
159.61185776713586,114.52592304277093,63.65311301278405
148.1685023700508,154.73623946198165,42.299116872657855
183.1430535704867,148.5678773080643,65.38368675690515
106.16942986261184,24.14385559628541,37.17169930266424
36.78504597709304,60.85921021345502,17.0460654097464
122.65413322848283,156.72438136022296,19.280294219965764
162.1065581540802,161.92185038709331,28.64856115288169
141.61008021307478,184.7208576808333,7.341422260951369
36.70015403004435,24.12038049264603,29.99166791787228
106.65170692396978,20.774139816261723,25.326846583290763
111.0724174746622,62.52112826096973,-17.643401854878427
114.16427770438338,81.97022310295183,-4.509057310160378
78.35881575832978,160.20009911727402,40.94791390960047
192.08557642367,134.0003558511277,50.169142643780496
102.76002435749557,149.47887944225386,9.47691892054914
128.98151891530426,56.76039796883433,52.68831867050666
116.74176701435002,23.89179819982225,-19.6632114820431
33.39907600545504,99.71331487402668,-4.4615161654119175
43.395349277408144,129.3350996600924,3.753287462774872
147.82292971826064,39.33273827582088,10.28709536813004
197.5878323119232,66.68993798552718,-0.0535306340025402
323.16434257892115,156.01435606513817,15.020451411154491
332.42822349227686,341.1844442733739,-12.705239140491482
430.1225794043516,395.4967031063763,28.97467661970149
1735.562050224512,1974.6870269109,406.8871285120202
1638.3660811865973,1389.6546131016005,190.6428074175988
1076.671905555275,904.8337054005092,141.66735455577083
1186.7159062861997,742.4628926059748,322.9217586621692
607.4082212786861,321.88621554188285,76.19993292795493
556.1031798233687,499.5685990121007,43.16892507431106
148.02892567664006,271.28555051623704,65.9250888186931
7.735941466055625,207.1091201502199,10.850937748913545
25.66032925374279,170.3135790991752,7.52766289860731
20.029674290059024,66.31399341286682,11.79969594677296
73.6536203594326,-1.2783688296364333,15.76163037900488
39.34040619880323,93.64745455030912,24.114887155575936
34.61131222721546,43.1375107482176,50.327577894103335
123.7503080977228,92.17004340716954,28.524786671103225
99.84999474523062,94.9638890328254,-2.3524888831457185
120.24681858914228,35.0771999444495,-26.44344999585208
56.83086998911485,158.59398790965085,-20.53718019006085
73.83096794840915,71.75998694497883,-60.36138830588014
143.49036170286251,44.65246850039929,42.85428609586055
259.81090126344526,103.30092420972156,11.672818970250647
228.21888848218305,109.35750612864024,39.20925828135353
233.8854656816841,45.60049690445694,-60.128172336060096
501.5212180771926,272.8844309652009,-110.4885440735294
836.2213593830596,495.5942199979963,-83.66623161745032
2376.317045337796,3215.1098447652525,1829.5351718434097
4470.811498890606,4632.137449432656,2496.229636581812
3162.685396670442,3256.6381328394727,2510.1914568299367
4010.082510715818,3941.825032680176,3261.840321684212
4008.82080932041,3479.2717631918595,2507.194667263592
2850.9351679967326,2779.566158740924,2248.2816939448785
1659.6464424443022,2009.1298084484283,1271.3858124966143
1405.2596264576284,1133.654921291872,629.29304849076
893.5431208953529,480.5871532160208,52.67621900434045
48.24046351984846,128.0629670798097,51.41137434871453
131.64004151239808,137.30548552011916,191.9909632641851
525.4774697190352,375.78879439587945,567.7241831595721
429.5578762245975,367.5072219253404,465.9757147159275
123.97754687099092,159.62957238778756,458.9070671263476
183.33535503493644,151.3134892970377,389.87183033514265
392.4526482103016,183.0710372476105,154.9182746467027
1177.3199451951336,839.5157767331917,1030.941081477635
2543.632362869311,1647.8057061808215,862.9270416603663
1809.800831929272,1546.974233879434,836.4689056908666
3359.6355235837977,3358.3649052510023,1972.3235012039268
5138.156814449485,4737.262335103184,2565.588088203232
5878.535650842912,5304.485617789582,2906.04161556652
6261.593313888667,5286.592172937591,3210.111252854701
6407.581112905019,5820.507656633099,4804.3936535345565
6965.254315837859,8611.305758717757,5736.210114138619
7814.00949952433,9830.107346128088,6509.090415310946
9043.87854384111,9656.374710381791,6978.817826068909
9020.275418954405,10273.103011083467,7405.022993802583
8431.170704520098,9758.020097501054,7285.612958851567
8330.409752411904,8788.398756896178,7728.377969456093
7061.255829107657,8672.469685363041,6127.043809370504
5698.334338842211,7290.851782276882,3927.587160254885
4298.661016974133,5061.354414348007,2404.195340300309
2916.5018857271407,2884.2625904015035,2415.765648644429
2337.4124124185173,2355.195701328725,1976.2683063158568
2438.278837990728,2854.403175291584,1569.412579253794
1734.4722545667605,2614.7279506903938,1271.2974956739906
1274.326770308516,1081.450378914195,959.8435076201106
925.964455957629,732.569783394502,350.3791818231844
1727.1735027171858,1961.7609760971795,1311.5122981314223
2264.586927659664,2349.513632595783,1295.2024485683949
1939.3930356509952,1877.0503036260104,799.4840912375367
2303.684095080853,4246.567381332993,1341.397627805488
1286.0399310169191,1999.4263277248003,665.395879164773
1045.267759712073,1477.0872205700698,763.6366575374954
769.6501201440786,929.1157268459966,576.51947175586
695.0501635707334,841.4766387179399,174.84537182525506
169.3032734511061,489.37422686603855,92.89733127977246
852.1008175337112,903.02508408437,720.0827990579139
962.4551828815648,1130.979623848729,1028.3029798474686
517.5538732792966,938.5911143306,615.6245470321053
507.2498909502512,742.0666531443885,173.79501694437465
126.87801450431763,495.914715731465,50.17937872392587
699.411628306367,643.3068639574319,440.1555108359444
948.570277177891,536.5237720977194,436.0996074410374
139.36114666529184,154.19617085978925,24.002629009927883
-27.51182509868548,29.315877422173955,7.90883296193149
-36.28496980220569,4.4489196935928526,-34.24179135765335
-12.363107133603824,5.403255304512735,26.00623230962904
4.6104848743293685,28.129253056770164,79.93696940879337
37.18838337302128,85.76544991439248,120.47611268170768
-35.10877869523493,207.23798783925943,154.08075433115897
-70.763055945519,180.9603459585824,130.02372516526418
-36.05328504938908,145.5662015762391,32.49756525517238
49.493104890657406,113.38807436629668,-87.37055022665301
52.14538331907754,111.9735088027638,7.997191472697056
128.08169940880737,138.58306612195472,-24.53668193461388
229.94506790344656,239.3521608916654,-96.37363843765613
295.5969065466452,215.93453322167807,-80.11666267314634
229.46181781578207,223.3665257574153,48.699761825062055
113.93952137617954,188.1428043030952,-91.89819159306198
113.51307790024768,114.6883768833027,-121.9035432070375
8.719960947927063,133.37528859583074,57.370739138092375
-14.181640842764487,-9.993390512112006,67.64178803271601
24.882956952928208,-23.020860520449524,23.94164088341754
79.60775747270385,80.45680360738072,4.5788731464387045
24.45042614601201,16.643950690642974,52.26182857477298
23.21741112542492,148.51818898655506,70.79666728894513
23.65697654910789,111.99317379853316,62.662102823819694
89.29339608409595,179.61073922476152,36.51170748191296
125.77803568216684,164.3237754341083,50.589416594702655
-9.81749797438708,55.376676683735695,57.00931489600422
64.86831906782834,-6.747243741060379,26.215147249648872
16.0003648021781,49.851471943164746,105.7493847065845
88.79724944019978,30.246756016315747,123.0818410557738
51.25771775335437,122.37606084353958,192.116834307786
77.58380001737048,188.06610113125168,182.7947829153244
308.812999537844,286.24919643844663,255.7184213385337
-3.2414598109490704,202.3313970104064,151.19614001848566
7.346485335067408,112.94200540457771,-30.65238968754069
104.99550145537911,308.77629887300407,-97.23800953804128
156.57008245946207,244.42701962685004,-135.0228326701246
492.393889615892,457.4305750499249,-38.534295292284526
1302.3135880639354,753.2064890584386,3.125659004083236
1413.9920175637155,997.9434933647156,314.0456220403139
1155.8766039084503,681.3167824561041,121.18036751141145
424.17264591629686,489.37689578702265,-22.97226809055305
200.5711022678644,300.4078954531281,128.85143086278376
178.36404951142066,358.7156844294296,66.19664139862803
238.3414604684365,150.2055426750853,121.98256449450784
391.14204789492175,90.77985692382876,86.15417491668025
306.2327520701999,40.37997567420162,-16.110017623533817
206.39132315218927,76.22995395714294,42.985091852291085
135.05553550171075,152.9409784214025,29.19148399925375
108.01651662257795,95.41199009646792,13.49400955913256
-61.38285634452575,-10.975803967077413,23.93391737695548
85.54246056936256,14.806488379084328,29.541448793988256
91.03984891426217,96.78144286928358,26.5958450043446
32.15526753995676,68.84482896627807,63.265372320167934
-21.83880419142409,138.4801911751395,54.85807443446388
7.702552398422842,66.79996063217453,11.812594890638174
205.1266893380925,261.49871114104565,254.47277758534813
-4.438503443102618,118.9544310647249,26.9972474149595
-59.53867033122698,177.0906282555219,12.334163662667368
-7.556266216063316,170.14755152781387,38.217667957486064
54.21712062169976,84.5694863233485,5.361163957240361
65.05855436773734,118.25732084515482,-11.475373680722928
347.4302935230115,266.8589584470008,-7.204805775191737
532.5618056988246,538.7492589186197,-32.13917614212939
500.7880176217993,242.1769849023329,-20.495052991772607
181.18087953481867,96.67112478099588,12.224071454703823
145.8208099451669,91.03337114722942,28.806493957427094
128.34993119653168,132.74980074173217,32.42799174790656
105.32637623775446,54.87371150378817,243.5771372000019
95.70122229192614,69.41089050986092,201.5442054084741
171.78133784966772,174.49295674495718,72.61337238119789
182.17034665827725,284.4149200497232,54.00471939989789
35.922497671041775,273.8510402776529,31.98527737154227
5.467306829499566,358.8289814690531,31.242595343231766
71.63526283629326,319.86293941124416,-15.117129779554652
17.33195883634299,310.71297968395146,84.58931331275244
25.82466322823382,287.0585833111346,90.14634227557524
90.27642970328108,126.56424223963556,22.658166849160587
56.5709830676303,134.83167985375908,9.77969231198221
76.04228080606663,108.57621397201603,25.589250244296142
1.685147841164779,194.16200497197343,68.2327921888376
69.37091839939367,467.6472762446278,-3.0961719773694902
58.77527213692528,345.83096997711675,6.538274010276024
228.9044025877834,307.10336473192893,18.114939963072523
370.1414832006559,391.05295765663874,8.20338042719041
625.9030119371675,510.6217519977159,95.32952864553572
784.8622844067622,711.0873642621004,182.85308998029456
520.408493798927,447.8387746861695,123.4400216206804
629.2896970697198,474.5302235570644,114.53368672291352
532.2490647969986,217.3630473264608,66.30752286648368
615.5771506282878,177.55598614245014,44.03209436806446
387.3469258278144,150.23743341532997,19.813295953361187
347.6702367814832,287.93106735804247,-6.712094494286043
512.7919143126513,289.886688331376,-0.252871758587423
532.9254178114498,296.11829352171645,13.750669388982976
612.8811648631946,384.1555522557677,46.79765629269867
431.1784347702069,176.75278490441616,100.8505294094206
174.2332834358259,30.89109122942925,45.35284365081255
108.39949096967828,-19.36216201951376,67.9166164766607
52.81404279572218,1.9161565595295047,37.85019804486674
63.256628038545394,123.5157103302493,15.263886603015033
4.78498182276856,103.53385539653922,66.19069718156484
58.652789434483616,66.59086488588703,122.4445800632717
154.00321138477065,120.2524618993845,114.01771545899784
204.75986360867444,61.83803484077964,2.4292189670496143
279.488522253735,-11.933980274233235,-67.92301242887125
160.4075214895028,86.1068588416581,-19.34560020922673
438.063404357843,269.6160135467671,0.3125486807819007
761.9891902669465,500.4090616447277,51.660789930567525
1162.8270919029453,805.6613562889075,101.557975207383
1268.9591662339542,798.5246376988307,180.42165323930865
1013.4316341531204,731.0412871899728,170.64443410702594
939.0546137597756,632.2935639015781,160.38664059216498
540.558539230771,483.70713656579056,151.610987598722
485.4573085156837,247.9231307367152,133.17910714281422
501.9574682126779,410.34452127670346,55.63832328430036
516.1378094207049,532.8021493531103,-2.89113024650962
882.8495441473988,697.7810595494113,69.20750417745371
1107.8803399131348,670.9752159825115,165.18805114373424
1255.754128807729,791.517139385632,66.97430265565129
1129.4769790805767,599.3622120111271,125.79171290808068
1145.4376654418045,999.7225740338962,188.64981247336283
444.2778157483928,421.5545190958805,291.2338667739431
121.00127453582871,166.81514699760297,259.561578293941
104.04578003248945,116.8408001579669,165.167147250503
84.78722876088133,105.15333151658892,343.2531265674173
170.70080692645183,169.67268751796254,332.4723564804005
216.9468776864652,163.6719682675146,288.6966293344298
156.23542529459857,134.8096948222041,237.61353009671552
107.39298057641486,30.39178891048094,8.028389717762012
33.8412169852127,-142.32365348873435,-38.87840800038048
127.69354241093134,80.8402298830883,-20.8117588495762
440.9617049926041,281.241178283594,-11.646327743996627
317.2763695780879,376.92958956685175,116.92015074156244
681.5447169110031,608.3810297382728,131.69147779275232
288.88426978361844,327.8286130730245,2.3368766043429
300.2861323018189,274.0913014766961,-7.602091304518869
202.817943227428,225.55409172892783,-20.63419897496832
214.61650698680728,155.2487171616445,-9.144301825181978
333.7796387413322,158.7276928285097,22.369109139899088
283.8538163058561,97.2149079011024,-21.82218733449347
293.204665618575,80.79670836409555,-56.02535814224668
246.7669594772616,326.87050480526034,-74.2623462337729
229.00928805759963,205.89341367337985,1.7826681692304214
125.53833593844354,150.43852903238178,10.081884411249511
187.72417371648007,20.15292954217309,-10.71549258618214
51.56597659539356,43.68399969332448,-18.555026693526564
30.367646496295592,12.76248537770617,-7.538840754798192
139.77341011747777,257.09019327441354,87.9900507132308
66.78757814158412,210.0350878504664,86.83229297291284
142.46980855244638,310.2339697509608,68.8844624972126
197.29719531382108,254.7636385822944,160.06984248173325
127.49531555318264,147.0735295360482,7.500492897278882
-18.9393048819216,93.19830593401336,-9.55763855368053
31.631458105020585,45.94005150728225,105.07318218624488
-58.46398176544605,-36.61169303369509,90.82397729458974
118.88548962890565,-69.64759511757696,15.11947093973828
99.15716504856404,-31.25202023701586,-28.6179686793402
380.2291622268914,127.9432752569845,63.78838398157579
461.2329179571322,146.05411529410657,119.05697962556782
648.4384699383422,302.6094342247184,76.45209575290151
880.804494009585,711.1866316670923,113.51287006605476
766.5029912271483,436.4979045517835,24.049832967119485
695.4600922967654,469.5832488115245,127.1474292866057
683.7303526470282,570.2621405118097,197.87905046037343
681.8076459779235,679.5248926406707,174.41634455908434
803.809809497653,615.2954621066631,249.15637792836068
846.1923179768144,705.2172186985384,189.80765001115108
627.7512119302613,688.3277551654919,140.70847688504904
465.7051731046985,473.0493302128444,125.87193906530732
342.5142479225894,393.27580654722215,50.93782017708366
260.45201907767307,276.29396083341817,96.68626252245237
186.9150418933881,312.5476951075376,148.8275541499252
143.15786631845168,260.4883194344758,211.82082556293457
180.32225274375588,252.11044788193848,-23.75381148739544
111.37428260467844,117.05681213810128,19.26101797949793
66.59049956026287,73.8996102103522,-89.24903582516595
112.98145155943504,103.09766154306372,-46.37020107641435
36.22859402844995,125.25992402578224,-1.854924374583184
43.38462931033602,68.70135621912607,-4.684344662247948
149.5325324512998,100.2891719332519,4.536298985881585
405.56625013587234,245.2641468282972,110.1631857991795
832.3279573312384,471.98864908295616,78.55972719375788
828.6426469292228,682.6757530583532,88.97019149768137
461.7418709779568,315.1737220628148,33.913492831845986
292.2459960925408,88.4388543323452,56.81569265716677
298.7910238487781,187.3886960507024,54.739482692607375
225.6206807278696,58.19255197378453,5.896875993299073
299.76148555067203,217.444700143383,30.33924793613014
302.99717925380355,226.29087249332525,46.78609486166727
263.57624808231867,166.19942905353037,15.305377723127505
63.87980326809457,56.20565792586122,4.463157722438993
109.07506809940992,27.074689617843266,-23.02951522169438
187.8773624179137,127.09001267357796,1.8919503056552192
211.51358164153572,68.75862266099818,-3.189220926137357
151.69364246032265,112.58967673702496,-8.346438875222049
30.16449493402405,203.8968141923045,40.61401772531454
134.81365746735912,230.9857351371533,91.39805432996928
140.0288117897687,219.5010406487093,109.02050122073472
71.68208593932664,130.66972179879247,130.86508220810282
77.06810123348205,98.1987458777928,202.5908920294577
97.23147733414802,118.55615410000205,20.47291396118924
86.36396832672484,124.30821982844031,14.156085505619204
133.74788579236724,68.21167270625115,27.95058353970236
321.23904304181923,217.4610833768772,10.259374855431291
577.7763061151632,257.65794800111337,-8.692033641816774
595.1236584430188,377.1545979759365,-11.209333533401788
438.8253898819531,220.5005015799408,-11.774315890900136
256.11374963875846,199.45212004537584,50.60754086425234
162.2428200672803,44.68105891526812,44.374389872459325
73.48707086327404,74.66221597774764,146.95757027677408
29.33267209073965,11.02595582730838,140.97662146712585
57.563920640894885,43.15673815434445,64.38203387953702
25.91482289248901,61.1877468805007,73.08663174174657
199.7174310175859,89.33468169090601,155.34163317183558
185.08334698058687,27.40615954547615,114.00043675013532
91.34023087394756,51.66214809248876,-13.400585491026964
133.4127848648042,56.402063886748,-1.2229251396275682
52.59586260881948,-62.211662555974215,-18.944970598374667
130.50013280051104,-59.673090441339134,4.529565791520555
169.79235118890287,3.531440724769831,46.80169621467883
275.73194777897027,175.00234900244803,117.9789630089744
213.33443379164564,180.44667632210312,153.86027653226913
246.35012066925245,239.01097792758887,317.33022081922405
520.7020390623331,241.57514383722287,351.4354122501976
181.766111676546,94.92614756631924,111.3116186948296
118.85939694770548,139.80257330225572,82.54563854071266
85.11307075405811,225.7616025052484,122.61505938762784
160.0150313832441,178.70255199634516,-13.76433574198165
73.35009467188317,155.06913649608276,-11.983861559406773
220.98392525418163,236.6423309144184,143.70254124945438
705.3530609928326,494.1374064187649,180.50227340096336
1391.9328435262596,1032.9972419997737,332.3684829955025
322.2725356119043,123.8581213068743,169.5865277000809
366.3765856088857,45.75260922689871,179.75078765707266
399.24293147173904,78.372495368261,76.5655233966372
398.1381662467438,155.86577655502,137.01165206122988
248.02602452613792,196.3516693169172,121.95696281747252
289.8019178942255,135.27338392169526,162.15589375727347
209.45344539737624,108.93633703082295,166.28472757663224
108.67532457396722,9.793650583060572,-46.64027002408504
434.71558849525786,198.02259173497967,-27.316754530233453
56.17513662284399,7.263574871053324,-13.297483299090894
21.447984925452005,21.4465204736706,16.159926556662253
16.197559607920176,30.58335443543654,6.706479874865275
57.26315150028633,86.33672645568772,-33.61840028704802
67.93990096877424,22.251893567733948,192.47905459942865
115.95728814942755,6.055323740343075,151.93840411869627
133.82012687672383,-33.38787281527252,204.06136042640225
44.736990757528055,-127.60717764692298,122.36394514425584
451.50523608002766,207.71086904346924,211.59811296648527
306.88403295117,227.13157407592627,105.65364099870692
328.69385511506323,210.62655731770784,-36.38803484579563
348.4663426415095,337.82663369952195,2.663186548569473
674.4170558832992,394.90747236036674,75.10653283516666
312.7703370561099,376.0278614129944,32.85683516012221
103.53093252839211,12.701411850776234,8.002038392799097
1085.0504045919886,541.6441873310241,35.9724101837471
1630.9961112792778,745.8554848177,22.326242798439367
1151.4156596856128,934.414571607017,32.139836514571456
1293.3879348005837,586.0495656112067,162.222537152512
287.28199063087175,348.3813176727716,230.89293693522808
561.8876819154575,472.7706751520175,134.0340212777465
492.775477769519,506.4942826178778,96.3964904048962
364.14969486575205,375.0898584361167,47.56758804612174
510.8732598338816,407.2570123925491,190.7075762555372
247.97981265651407,226.65715500274823,384.05153665314987
374.64312260930814,328.4901090041457,417.314014419042
63.415164536078855,361.513257125438,423.30305635649376
405.4929837672062,190.43625301277484,457.57706734818754
648.2436632260494,310.522996857809,427.59108470112153
79.75973998522784,114.613265009491,73.84495832974369
230.2366638158313,460.0253545783777,202.0912789720389
215.23017113623945,529.3269129553879,78.94569665676043
173.85444237022813,614.6909206556763,125.97295700064664
676.0808563906364,630.065296975762,365.4426655081221
1065.263682881705,1252.8309865225867,239.215462632351
1155.806222696178,1402.1491152000024,332.13142014706153
1650.2952367953974,1230.0863890507865,250.9591671418239
1659.922097356235,1225.352798618712,581.8075849785403
1667.516870613093,1661.0585661217235,810.2411488046321
2973.42034602609,3575.652289570678,2441.952394505301
1859.0387200160967,2839.1220246841635,1154.2769972598344
1580.7350465953675,2580.1558869421533,1422.1834040047463
2464.966663274754,4611.368674222062,1219.6907012329527
1966.7312863566897,4136.581125556249,977.6540814276578
2227.751816362323,4196.87655833186,1271.4228241813803
2323.190285356287,4298.708206102197,1323.914542232879
1906.5988632264696,3262.0476799246226,966.2098344154372
3349.853991675758,5651.894793686958,1945.830810605168
3971.835192492092,7855.118251518324,3227.794398858457
4465.954113807463,7608.413135098414,4443.475358048299
5336.784803567356,7208.8930709821425,3691.280140978542
3708.9508152820495,6813.340271180798,4260.598123622457
3085.506117239825,7238.127442711415,3383.7593377230573
4326.076316856522,8414.967520971744,4113.381614833651
6449.979966001588,10338.09143397464,6008.391190324369
7598.726575004249,10585.826247793755,7061.733625947456
6999.055481453473,9693.169027230955,5359.322792203796
5901.587377011184,10088.257232011894,4181.315203677624
6655.272245274531,10839.729143885295,4121.685643026019
7823.002521630171,11066.750264637203,4558.003604106333
8285.879210075214,11213.1200127386,6798.917708147804
9586.243256868232,12506.70005469628,7186.002104470108
8731.675944865194,10907.55146729527,7172.861502421438
8128.555731836594,12145.259574578908,7605.514873509595
8942.12178677682,12869.390364185649,8003.518518511617
10015.991822184496,13183.853488835364,9312.523329604017
8844.010504617356,11904.701178088755,8688.950832623055
8378.51236754364,11529.939130140036,7979.259887651094
7819.812457614107,11184.275237423632,6943.0978091537
7390.826603872377,10067.371973855365,5203.115697942053
6627.710396018097,9552.753287430118,3615.8733633444126
5635.024134499898,8775.821409996839,4809.330606111705
3909.63305830473,7712.353191060353,4996.438174327163
5081.2741123373535,8935.820487273624,6444.071194870702
7037.34453717876,11505.930571626948,8903.822595968284
7576.228933323754,9005.37960474052,8441.621957240559
8523.55619444846,11594.731894172504,10539.71383087108
8848.91277876608,13445.01524512362,12149.30245896521
9007.661049203956,13804.860017268897,11358.745212946696
8997.91108290158,12828.686674289038,10601.41213316424
10535.149999164589,15035.982977762544,13027.33667183261
11341.78935643418,15671.578948065848,12735.167350559752
11792.996897130146,16566.17268949846,12906.359239605925
12647.338348700268,17305.484030215302,14033.607542524103
14105.990074924272,17402.75509977822,15190.552868781171
15846.042477258668,18655.18732268677,15533.220514733364
14929.042776484908,18664.04471273244,16622.269381016362
14270.03963597744,17991.262704302684,17028.19840474691
14597.801801853915,18016.748447694183,16813.78798326568
14879.428158407218,18033.78180300433,16584.568840234984
15316.16143246312,18281.45044984269,16641.72343503205
15692.7000900427,18989.91452322296,16362.66538407383
15643.251735665592,18866.57217637908,16144.287125379838
15574.26040903474,17952.03876635413,15566.59789256374
14381.07131397254,16825.67924071778,15967.54390009132
14262.636640433706,17059.499286569986,15490.828175630724
12301.576139084027,16451.188766730556,14074.820733064493
14082.931285953777,16112.035567715197,12236.802274599562
13042.941511419598,14762.80898593208,12692.054852569949
12589.721633883171,14651.24993765998,12995.488077996995
11552.636278583605,12209.795929671904,11777.737696109236
9198.890652786651,8909.019478113381,7943.626487656628
7796.726973346617,7904.3418715702865,6409.963668929339
6799.182144748843,6498.801247392867,5108.398893445963
5544.36714759614,5960.018832387326,5257.695907913228
6740.872781694031,8017.384560518106,5197.270008931149
7358.805932398614,8479.22124798739,6869.669572703084
10112.438848348533,12021.69702016152,8246.80814675528
11817.215868990315,13140.41345845953,10784.587989037407
13569.918313385491,15681.266405035329,11930.684006440186
14089.35400873346,16303.054649965772,12910.149328185837
13704.48467574698,14617.805522781118,12268.55902059325
14145.37773733393,15866.279026987362,12601.506669731458
15821.365916304583,16600.31248903275,13673.437666158994
14909.092569220966,15837.904416772652,11836.539748560908
12848.548400432404,12891.312518716762,9104.612515928611
11910.23398003186,12330.21006516709,8229.307017168096
10331.336478399371,11228.177990648945,6834.988970285762
7089.914020184056,9034.653502378304,6956.907400290559
6061.578270725186,5321.000988688764,2777.0711128605544
3741.1139579296496,2776.369000250359,1697.4056390021594
2001.406242294798,1641.7782787494712,1094.936592359261
1757.6833810929445,1710.5923152170517,818.3161488313789
1603.268781938708,1786.6813697399552,1026.5295965068292
1820.5788436915816,1600.1352128900255,801.2416418759453
1922.5557417605216,1834.6913074316528,1070.8510375211338
1602.685264689247,1503.1123519615633,1416.474512687348
1028.2191091348398,795.318202638708,745.5885962111497
391.4178526110255,521.1760795808277,489.5361084818221
650.567028118396,836.0665307479708,659.5211603867381
634.1256816533054,737.1785290814161,87.7267024483466
554.8134924858232,545.5763346970109,-11.385669068593575
592.8910534735027,516.554974102806,163.96430664873932
1180.4993850326218,940.8111773735498,541.299076570449
1720.053664305021,1648.732823302529,873.8159719805473
990.7120375167397,1204.8846509387868,944.7244432155424
2267.227498114165,2078.811696931181,1057.3155857096535
2990.45880865423,2250.521891567078,1966.0574143228
2455.3465320716305,1907.383683815228,1297.6082068985993
1834.003129917663,1863.1043448521327,1042.1356917794874
1356.2854124442415,1527.275114235809,986.8015548959308
1298.255659011009,968.5321277341536,403.0947635612195
664.2481099959,207.6887069250337,34.276743626075394
271.70478958526417,331.80769541092155,-19.97327353220504
31.402749357937843,218.012670569018,28.99412833571397
351.729529342986,318.239033405671,115.08379226177397
181.630016796226,98.11734484801786,149.07824223596091
209.6491605143649,191.79583989222692,249.84719397185947
192.85802920145923,321.1207948421581,431.5524734956013
533.2821009562904,608.7482150971724,715.9304656121553
421.3740928481296,451.0976266862593,418.39056057940655
229.79749186723487,213.13126086529252,452.0051059304856
150.61159220215671,323.1585475451262,332.22974937094114
-75.81938422510666,-17.503400441612502,57.65963508188543
99.19318144671163,16.208343077110275,36.60495999995001
153.1961730678877,162.86998303435348,146.6017690893205
714.0692804772115,865.8553829924406,456.63247302851846
1589.1592821807776,1640.346840300252,825.8621304762788
1359.688425740013,1507.0510640368627,861.1066668709359
960.375439760668,896.7105871283,456.4768717614764
1126.188641362642,1065.4166372390998,441.6582141005538
571.0303370667523,374.3119177575553,289.3883790338432
315.09028160036894,119.66784268916356,197.12588177762947
-58.777085473418936,64.46919235633348,-22.504224863319383
-42.780951814773616,142.34788400965633,-73.83533326004515
166.7536065578485,70.74871997082407,34.00391941451826
-30.06308463859941,-26.647830823282884,-26.36723978797454
43.55756915594653,20.446379738603618,-18.799230691841
14.13686889758336,-9.687961429099524,-9.144762320279394
55.83968442858474,102.80978108134282,23.03934871719064
22.43978843032833,63.31912562614489,-1.188267438024843
-58.60450515319259,82.79400447246826,-15.998336719516798
62.72943857718731,61.53043011527088,-40.98657650642422
84.05582454389872,49.11471497481014,1.550340252780309
86.13760241377788,-79.59713196688,-42.95957851360665
10.628515048593847,-12.781687336368242,-86.91555069189565
142.48496290289026,138.7260384201877,-84.16249164680843
193.37207577802795,40.98566641557037,36.36657995454208
740.2188045242567,359.87748540086625,161.18689083446236
1020.2849661165624,772.3579078679995,367.2549330788143
542.6738983467962,384.3476768813707,160.30588749655132
982.2839501538712,1205.4863490362004,114.90452867000008
794.6823429490136,1143.9944799642196,62.169243192630304
610.9494426651992,744.7686131250316,181.5527604958889
558.2639108374775,836.3714930137961,-4.145154543396799
1096.291684494775,1026.406905440986,282.0362249360219
878.0247767159191,896.3675747835343,208.1199758791122
652.9464618685885,740.0260708853554,313.460012624506
605.2145898949033,772.2861837384833,441.2259424621246
350.1043595654025,647.1589058428451,622.4436263044923
315.911423696147,413.15380808077975,341.951645304984
861.0201181861045,715.4721317429846,716.1244048496122
504.4256410937279,466.8152914345624,378.2279997326417
549.4663751825784,582.4454816490925,374.0512699439754
605.2134818404713,370.89598739681367,425.65634172573607
979.7295707463736,1045.713297138514,564.6294338298989
1215.9994242166574,813.2681906366212,375.60852248479097
1350.9307286903131,1062.555418055984,495.2228208329128
884.0344924460995,773.7462644069409,520.9688792105088
441.753743139858,360.1262047000986,377.90055677748114
284.7829350347097,415.5493358845805,369.6561887903599
69.3703569427505,109.11691887186645,-37.143123372638144
149.67387768758368,120.53409635127409,-171.02637947349737
299.4348882076921,504.6841704340072,14.583814362504748
446.1853076670967,751.4184816575394,183.53406360276145
1698.2384951065724,1252.4486511134894,387.7320158880222
2459.3802679937853,2339.318927528668,1309.7897979653949
2176.070261201537,2829.167322443667,545.3483263937085
2723.49148483647,2960.5324971049504,679.150265777175
2306.806717897892,2184.242127942073,550.9291007103604
2372.7627632286863,2564.2604628602744,690.3716899063699
1659.13788752634,1867.117296882417,764.7378457289752
2104.824890417771,2432.532177736424,906.801998679008
2913.0664255278107,2974.157247288427,1778.5107386525683
3840.751366432103,3353.2823688320377,1721.8431787055542
3234.282432313777,3159.041715675689,1929.722273696104
2684.1114032019104,2843.7915823727703,1484.408280233143
1973.02386590725,1936.2345994342245,1278.4752934206049
2064.461813737478,2529.5388083838425,1629.7995768883395
2044.17924981441,1882.9757393030368,1280.0770732102517
1837.7508696487723,1927.582860699149,1025.8126386988222
1721.1284835404726,1523.2854247365808,926.4539327542658
1607.185504305754,1226.8369469069012,861.2876854879464
1566.4513145685446,1583.0320602079769,988.7940038147292
1432.330727826505,1825.9216621378785,981.0962288380276
1794.3480640541795,2005.1889474639029,990.8825902748696
1724.583027046608,2089.020072827602,989.464237789253
2688.793855311508,2402.675677069179,910.6227852055772
3243.258639225729,3030.7153902329737,1535.557871897977
3242.4722236659827,4538.843743991949,1363.3511097733813
3581.8501101282345,5061.3887456330085,1459.9897736771834
3788.705779873632,5121.5568594864135,2298.8880655603884
4660.670556967121,6143.734570388007,2531.43986690112
5050.096805505822,5684.786571843182,2654.0906649783046
4782.568810005942,5686.715570742032,3016.200236160314
4917.603551093824,6137.731227106904,3002.864828453254
4917.609235206672,6179.562251910176,2830.2358907864354
4876.360694198939,6621.752923246895,2791.690029335172
6156.216109065537,7986.363469975542,2845.275438307357
6127.606084619074,7551.410962437027,2966.8270805786965
6171.327781168806,7717.41980188639,3615.775981145118
5072.791585168788,6416.805946893661,4279.104327456747
5183.922185103505,5963.924372515096,2922.36872084272
3674.473445558675,4783.583032497707,3216.910818314993
4015.160525589696,4785.333574380896,3179.0240041109955
4485.957077656817,6858.267006469052,4908.541602357894
4743.18189897975,6887.836969929388,5091.353781802061
3863.4422725924073,5212.030009716746,3199.990591355139
5401.897976884548,7313.034350644096,5033.52815836809
5846.101760190084,7637.001731496042,2571.395291394713
6309.646948815492,7186.476024192345,2159.824236698335
5728.221219081006,7095.099947989236,2617.466652041558
6226.376981260581,7846.796048690527,2325.504711244869
6650.371946870912,8169.1907307821775,2312.245485177384
6147.7917208928,7607.145484855288,2419.106452804244
6334.2426912917,8033.161646659304,2691.677136581362
6918.735619022728,8720.23406491134,3154.8027848463294
5722.156424546836,7569.995842407216,3356.0073629403005
6000.734284698278,8290.041039539507,4278.290429634245
5541.962968780213,7056.458149299864,3924.3100625305615
5100.101411566826,7198.894012136925,3752.553938128354
4936.6669628954205,6485.1121109515125,3677.4834786102974
5646.0275721327325,6294.514013094275,4381.329306826402
3368.508084142797,5103.713607258014,4139.686949701321
1987.7171713137063,2889.8629364655835,3051.1519880814903
1897.3523748406808,2712.374182482555,2775.343796982723
1320.1891543678953,2055.59254144193,1369.478250275249
563.779688884208,901.6756423628436,222.172230079034
116.69262373148726,230.81316634841204,262.63930034241514
170.95274640544534,121.96423887744793,-12.62187842377074
326.76971847396493,247.20160975428112,-76.43787962774782
436.6662993022033,417.4566843158736,-24.22801279187612
258.63936021386013,402.40163471001256,146.93801702321073
309.40119549202905,500.11966176255737,181.23264564392275
716.031316015409,921.0876586053512,354.5505901768587
850.9456006549514,581.8213798726372,126.31055296867926
642.2825695304517,904.3892078563492,108.95441266469857
125.22758665539234,731.7036778132351,128.73220878126824
382.3548225578546,682.2962624439136,-70.05869830239084
2639.440274772129,2168.739817592762,2228.017640303565
3496.52852422612,2738.2314312795743,2743.757630372318
2197.121060618829,1955.136816197456,1745.350358950759
2157.5450813267,1526.8415265788597,801.8699917270416
1643.9816817056617,1264.822209200559,973.2648149254125
1923.9478133705384,1382.7274710575955,630.1068081820214
1014.2931749438288,812.9257545980388,71.50920962319336
612.5791628855177,751.0041806808536,86.02290207947706
447.22280587665233,596.01962469673,203.6466187986236
133.46438517268797,136.70830658665503,286.65134053012235
266.0305412910291,156.58633335008378,266.767962945089
285.2560890798532,262.7915584759496,386.14713432637336
345.4509504960135,393.023649191124,459.6281790410618
218.22956531930672,469.3691247822664,484.899015494932
237.14690643883063,367.8949877965263,407.8423017461466
181.90671865932632,181.17002997013296,263.79565952151665
241.7422222687468,116.38471488222817,146.77991176323982
115.89311960790523,281.1667166351149,64.86775902714514
-12.007334596758916,208.55797462298827,-44.67530129184081
185.35794521051,230.314830770529,97.3735983949622
160.99725333469146,239.44123614310564,123.319200790097
370.83038908614975,258.8539476173377,65.29456918549164
517.2518351466401,370.5910588921661,23.355096718349685
324.6483328613985,478.459426531327,186.8718854794736
324.59140696509485,468.95655956249465,31.03477697947377
435.8780270682986,523.6172305648215,208.20971131956685
955.368729767852,782.4150765980985,128.49256109816912
2739.766528036628,2622.210135783853,1162.0634794425853
4347.084406434404,4367.918991464667,2627.8863100759845
5844.8004955573615,5364.91178656426,2685.378232387692
4605.76832305527,4175.589744425979,2697.9220749364254
5373.2707608997625,4560.708767166474,2749.708156510159
4732.183887373077,4636.232547514493,2864.759032024984
3634.392946524421,3745.142590917497,3036.868645252792
3572.759420726305,3853.58943383298,3178.351390002143
2795.6938907196886,2992.708626253606,2433.735154012536
1999.762482743268,2309.912862305317,2117.7918990750004
1905.9704578459653,1891.0930914954745,1999.616070647077
2662.0144476567725,2304.785133118794,2702.462443911988
2995.5777086362573,2418.1548969163096,2874.8514007957565
3570.306063194094,3240.323755216938,3418.5395609159336
3090.785377560574,2489.9588483117595,2348.560079600092
4182.824236305133,3127.4742844231178,3379.35574584112
5756.185335153043,5060.390259503401,3784.857934401961
5635.311810554851,4978.906653082527,3326.285667610642
6879.695428359477,7928.859095486475,4705.575838155713
7132.857894441251,7395.807272243258,5314.003684660594
6867.739994276837,6253.093855787604,4588.343229131517
8972.920669019766,8125.74342478708,4432.6838778064775
8444.628794396565,7559.822248535403,3952.7157438147474
5865.175578631942,5150.49707054675,3650.2545634955127
5605.644688977245,4426.4847091533975,2031.595456517051
5634.404949382621,5150.789493058659,2352.329252027548
4348.59628866105,2431.1603420127663,1217.434354594669
2402.424760266089,1969.609514002171,839.6956737904916
837.0315215979527,648.596801015016,45.53259974701638
231.07891398683967,279.5443582868431,-132.24274087356744
42.17580982279551,118.37633397951414,-52.5496027312744
30.07946272540496,216.5010088529704,44.76944551446681
22.96260362161597,174.63467878517133,31.529480090413056
30.157415605362218,173.70743891763007,159.20650732229578
128.83276483455288,111.86632431937925,167.45868138391157
91.85915137264767,173.43485421447298,202.14749302392863
356.9858296745399,437.77787698161137,504.67783632459737
399.99755974503984,664.974738023926,579.4299565916256
1258.8827471494412,1475.1795273930031,744.4616847868094
1609.582230446021,1709.861368768212,741.5199831300766
2633.1117200310987,2749.2784493127724,2242.0447096568782
3077.106964859878,3363.3143193646592,3255.6229355218115
3235.643941661256,3676.309919703915,3295.7424576232984
4734.410336155744,6292.963729218058,3723.24437883404
5152.928577261155,6757.222986845276,4376.4470316668
4839.028572010871,6936.24013645995,3655.7341290876375
4308.3543533545135,5967.5405933623015,3102.434472667873
3562.784543141398,5475.323311449618,2705.607482904247
2605.645582458046,5201.869019487408,2578.794998308795
2231.1250223806337,3416.4669495685785,2634.732499408045
2384.918150291492,3418.907068658138,2365.270899372438
3871.420386354783,3800.416773556016,2286.5001774986804
3644.961869118802,3421.528058709812,1879.857663260933
2925.039074634869,2914.345627640646,1772.5375062849105
1104.1543843928691,1251.7519180439403,1393.4789318144972
678.9272342241367,900.3841452268308,572.4182981533452
359.11118261205127,729.5022469674406,309.907021386976
352.64454658365315,549.2427515375073,147.8358994269917
266.9895221826253,372.7608535553511,99.91466962915564
282.1877061523533,214.18857125464905,134.7380238506759
205.18397522845527,19.99177944724717,211.7467830499158
115.45029415623203,32.557035925096514,137.54334883024694
160.86616498187763,90.66568493469032,227.93065776639887
273.5133143083589,242.2581972105677,0.2142946797015784
855.2841558583409,474.2791485820352,-28.94192243423668
1196.047220353764,1010.97266258481,146.28860124845036
1401.7182034205716,961.9665013390754,240.23032090105377
1336.0109368364697,1066.669138769954,242.56045882018807
1101.91578426865,793.627250498387,203.11594665445668
852.557780242079,864.6917683079757,75.05361506673255
534.1315886201164,644.3165237529937,46.010762423952045
593.0429198682418,561.2390387457933,-31.80866820722383
413.92191241153984,447.499433537976,22.23594315957915
420.7307487733791,468.0733824871396,20.8639271316724
463.42407994286,630.8354684935767,18.66185554947492
271.99357363606634,458.5004082828867,-41.70411541174705
169.2425997310126,217.83555728438765,-21.16363630098708
356.1629631211338,220.4237855200322,-18.12774871482159
145.30058643866784,363.56634581655607,47.67894065454109
68.09677885803025,286.98205353884464,49.26774420033875
57.52311076895893,203.08831160200333,87.59870627320429
176.1814308120037,181.4115533169917,90.0468712557824
140.60439413873985,112.3309246991814,124.4848867228107
169.98585796696858,152.2537233442498,87.22553997532246
43.49947734774358,76.83369026452783,17.353003637762317
96.59205838474998,-2.672303876414358,98.00720594831854
236.89674803598493,192.87610807570687,148.404205766191
199.45138056685423,99.62524882960554,44.8390927624149
251.64405761906764,389.35003092389655,48.27447224594365
820.3577201945811,764.3236789410083,23.661527279303588
858.6928175698545,1099.639060905665,305.89607131461185
1345.889020085708,1010.3482209665308,459.2504758209955
2697.359845507885,3072.0512460774785,1185.0319870840935
5322.881120424291,6266.572376763903,3447.60312091175
7233.563272851805,7938.265259944139,4199.891677497732
8437.076227767579,8099.677907948085,5575.760206416937
10526.649406990393,10209.356738646951,6534.808805004741
12240.641786671373,12744.90454642656,8248.66749433947
12276.283810652294,13422.241458948423,7866.084190393164
13084.209793495427,13557.875009875816,7879.0064121780515
10682.939107587095,12509.041438912887,7153.451380031735
10557.41559569531,11061.144846636858,6858.823334670286
7563.995874434545,9567.915885612088,5886.573413877832
5963.105298546197,6882.21005989677,5009.505843663237
5620.709016021856,4903.602358885387,4920.842571734652
5879.316475909781,5574.088366856769,5839.043221565547
7955.565838736045,8230.188058532485,5991.725331818004
7271.081157341276,7184.240651108341,5542.316939532659
7149.27166678806,7327.779697034723,6741.07673003305
7822.704258014048,8014.827472104837,6747.567352860559
6851.879201606307,7877.367427296879,6531.9451296664565
8881.876183424942,10052.3571927173,7118.88894268818
9484.127334076671,10622.678315343795,8278.925383917629
9547.716327111832,10749.130822482932,7604.331988524542
11110.657799794622,12618.982232929093,9012.32064395926
9769.475302170124,11703.181185354242,7879.452746607652
8933.704263949647,9644.355954447012,7411.552733262934
6695.41901266014,8231.453953589851,5368.516294010088
6270.21276681976,6023.945730505869,2332.9380738699806
2805.3184884431785,2977.103668884064,1159.380906626609
1313.974745669207,1728.677600052579,527.0406435849105
682.6494934873368,1119.3854399954491,440.73291092320426
527.0860867415994,808.0325823887287,772.1277690731494
910.3115247981168,792.3802038013605,1032.8346385857826
1734.7390980539135,1986.46934880762,1326.0344071271284
2749.4291799870302,3442.994306714924,2697.7838732493
2415.603583110296,2765.2074129423368,2454.1788634799223
2655.625945828913,3209.732568621923,2546.827477945544
2525.6743845707592,2974.668554827371,3257.215695705292
2380.426221035457,3266.7296604597145,2111.3147838663954
1909.852766059894,2214.292429304524,1034.5647991938993
1467.9411624828513,1606.746730541861,847.2993332927498
1123.879159803656,1256.7896250304318,1009.2046305591784
1231.825012868269,1038.2917043290934,481.1106964698353
807.563535000764,623.5578950508603,139.65995959087883
546.0714148707278,154.53476365107426,35.76195933688586
707.2172755233012,191.77848590745347,51.70271970711808
584.3576619532876,286.0483635071722,188.88229644314367
488.5884411240136,224.2280499697319,155.25941757900426
535.4812175820118,233.29837784885385,141.7883794997123
547.8520616907776,473.3454337750959,204.3285782012608
625.6811510167557,579.5469859465815,176.54525979758108
783.5311815186874,676.815211864085,192.42940110698945
1858.414689927214,3867.655637571118,1382.3552684511774
2554.003510694985,3036.416281835473,1567.4044227592442
2829.5724849946646,3532.4958871913145,1937.2363987082824
2655.33774347738,3338.4183105056904,1488.1738569690597
2206.638178808624,2372.147724476683,1313.6467846693213
1627.8758302575743,2345.215922161167,1365.4120844454058
1503.9170802028814,1644.124626189369,1220.0214268244852
846.4979845931136,818.167164877744,273.2506025101933
304.4352150071336,207.94397651543792,43.50947571025267
361.77221594539793,219.19177946250008,733.0504863872857
732.7345792485717,421.19372342958405,857.1812520215078
1577.5049500478567,1489.5860011519671,2225.9012372668763
1389.976430616836,1748.769980143166,1150.903112175952
1022.8045888338615,1355.0993170553195,394.4949498993173
257.67667541216,163.63074162601873,10.242780619529494
157.22781280719926,-26.346884281142444,10.917439276279978
226.5717132963286,134.3766322369043,62.14546933982396
233.6245338144697,139.25019406432804,37.65757013446422
238.8308907553249,203.63669359418253,89.71067706428379
404.9247667787254,272.8395036044138,64.84061550637365
507.8154364761498,322.7773134774151,118.76497166999629
472.3730663802775,398.66706336225457,103.81996541418448
517.4242396167102,371.6049760342708,263.02282962786126
508.1542958212179,456.5469670046533,204.3966240047401
325.5672814842572,301.4543198559368,47.83331078759434
385.9293733002872,323.77106070447417,61.82082416252094
436.5399860184981,389.4198882145486,30.66339444361624
317.4095258807978,359.9070906126911,33.15405833889292
188.96744368950064,311.6217160542509,10.051722524175933
227.80687267550505,220.38634689078515,16.490163804122194
238.1227415184888,209.81962087360603,52.63981889378259
165.59985949861655,141.39307378689472,84.38090565649124
189.53601764094648,48.90871450905818,150.54751798014118
117.51042457481236,98.8577243306848,143.25323045910926
141.25197470583464,107.95156384266252,207.60494647378707
10.409021529533472,134.0712605385572,116.85588772819284
82.80296312704277,3.1297909319726505,66.17824599007633
75.22667066266739,-15.245189298182346,68.44568535299682
118.71039649395064,6.970423273060866,48.995422681657885
123.0515835535505,47.51524136496041,34.22646142606187
441.7582109434085,163.7129768684639,119.047791309223
174.73005800030256,6.930940502781445,85.1982178772251
202.8896066551144,100.44367903120514,-47.23793608495716
539.0430617772008,357.37282036002495,-38.68959390596407
481.9189468303136,123.81361064281216,-3.640515611421196
421.5864908908422,172.02204796826285,28.98666731096956
455.6239010309622,145.6963199288423,101.52727726330352
237.5122989706717,132.38518787958878,5.80293785044416
321.77803532241296,118.16079051394574,1.170356358192506
97.16676333279644,162.18172964882191,40.83073525758255
94.8729825528588,167.92801129555968,50.56899179686708
172.99070048132268,209.5440442651413,40.63965060716284
46.65102745798415,138.59776354530445,35.656667285799244
134.93289082002033,126.1835412895282,38.19171754260603
132.6147341982738,105.66567216368531,47.11187387659383
148.4768300101052,19.31944355677525,20.618446918076305
1.636350654173214,31.91745739723649,42.2079666602658
39.58329653713189,23.754976475482334,13.639307376334674
26.09304915929885,-8.8749915614385,11.177628050372231
90.43375139057972,57.08134770070783,128.68443464749475
71.3866809291214,45.97663299531685,11.992147948804073
136.6393350222309,29.843551428239586,21.00115212664485
41.58032217929683,82.722272945359,-26.89470618043081
78.25312871370718,74.55842537594478,-12.42171444229747
178.30557910444887,61.14090404744259,-21.033591526646227
234.7430707394236,13.9764811702702,-38.08701247295872
493.10419162747183,141.5847867625525,-68.97125951069857
467.1034110197838,335.63296453842435,23.102960696128445
331.0643829523584,337.5677931914683,78.43876186172488
608.1293907926959,566.9839627982338,46.51000839881552
331.58822459980854,181.2730300564999,-78.59568753435985
427.7373911591064,336.6943369867693,48.68881840760984
463.7798468954601,169.86403117045694,-38.37888509817845
619.2444098954153,174.2352456502627,224.1887662871753
635.2092385939737,291.5913929158565,283.5190712822092
1121.5489327853486,468.29594270034096,71.610234417764
1014.689817834776,190.2060515125457,66.32081510437958
816.3881832496684,182.59101645715188,95.962605381488
311.8126319855103,90.1545391516646,-38.68720582972655
115.214734468835,-47.90803707134568,-40.79172840167965
44.49909262494428,-88.48667915302512,-50.65195028999997
23.819650055147065,2.938898456644235,-49.36268922319614
69.97854856959874,4.333904219847322,10.503925849545702
300.0504937120001,293.2870578081012,97.84539325709962
327.0308798141309,346.4019319821227,139.07698379744022
315.4932744127072,221.97149463873407,3.721202480915649
169.24630123180663,87.51231861878746,87.21550565072567
168.90502889033914,-40.17705980419717,70.96867133345073
476.6320101661484,394.7532508703722,-44.507940959861656
1297.512694131692,725.7109838611522,257.5675837878226
1335.8332927808,1222.5513747603952,1046.7297070486914
1893.528286155512,2489.961117237916,1476.002798578548
2718.713331526628,2778.360111218884,1786.508883204899
2922.0631824632483,3169.3870280725405,1840.0833809907947
3416.8703442509373,3212.776815799328,2217.8547975148545
3333.5668276625224,2912.2230375035256,2129.7702632542014
3349.584945380405,2891.062271384261,1967.247711975684
3283.288899495602,2730.6866327092284,1867.8937392458488
1807.1934572657003,1411.954524414807,1049.8330486848229
1259.0772186665945,1028.4202228557529,470.114736977937
500.03648600681,259.3668223806192,99.41445057269026
299.39841324487463,367.0213492564896,37.42469670621175
231.54043366637828,160.96432162034097,50.4916033157708
52.76749013261055,41.6581684331218,9.335131408246792
37.87658782227495,218.9494881823861,6.418128877150093
-3.853607358615978,137.83385401379354,75.06960950359091
-16.49171488133715,232.82420168879725,67.1696036270402
-96.60894077236308,183.05032724748256,207.81327188024025
-58.88985909607881,127.27831922335876,180.48018669044305
10.299587191442566,181.3139871402777,221.05011001966983
-55.12116637048032,252.1717543635397,547.3263920501474
261.2406675605862,328.0244430235469,433.48481129294646
427.07410428878114,321.5754865456765,461.8925066576584
587.9447862010885,411.2329591052732,509.3955492908536
615.7780544438173,450.77147332493377,454.65129967465145
604.8264409755836,379.2971761260141,505.419591464542
344.9053442146157,334.9110070862907,521.3506647166363
447.2677889258026,459.2178000124312,429.3791996891168
472.4062941022209,388.9044969866382,502.49179010471227
379.22839316456793,409.61475963530086,493.2473014299382
580.4189444739089,289.7655396246951,383.4128120580113
655.9124489205639,569.1988703496329,440.8008601998626
953.6780861535998,845.9903659120588,432.8735848063982
1297.4103464898456,932.0895459138624,252.43148598519784
1354.244539632232,932.7539576115646,219.37091163240828
1569.2396012275758,1034.422004799916,275.7318511604685
1599.0292062957792,1676.8806817517975,948.1187739577632
1398.0324039976133,1283.3563699940594,545.0924838638075
1382.5196680660797,1495.3886419758232,371.97784536745166
1326.6275262343129,1251.6421084176543,75.06722395537072
862.4717971822942,623.9404780617958,127.15131313926264
671.065986749976,162.22049437010676,85.62533071109225
280.3547248287261,23.02867421282038,72.66726585371077
178.25170687732293,21.90783757099664,-10.8567386381707
166.3365012696585,63.91456007241964,15.831136135496513
307.7023498348941,166.06569701402026,61.64532726515065
142.39923180401271,150.9128304520031,123.67127394283996
355.67485526704866,138.5067844418947,42.2755305142181
257.27853726551825,176.83679680610297,-18.226349863231267
314.4776554239013,174.48308355628336,-55.00680941646525
246.9351793034085,127.9762833800538,-18.40681205446652
300.2909863472832,270.464056198075,17.020779832668687
2474.8970798752307,3305.890521396255,1981.98942812472
2830.276888635996,3727.536443580289,1851.1873223934588
3419.8773824540617,4502.682917543738,2099.652810838781
3870.017703620953,5713.3619542719525,2309.967133535116
3700.708808317922,5352.646818027841,2361.9472714095914
5024.184727303133,6459.137312296395,2760.742111432869
5115.210568187739,4484.236029673972,2022.7743936890167
4098.136489970356,3197.962926023337,1015.349986356186
3217.539595833798,2332.706500113956,803.8923765941296
1024.099944134765,844.7657739927029,581.5805550599215
1123.61219341876,874.3975268966191,735.695352915714
810.5500169960455,690.5291776719533,737.1015814370311
981.3824233267444,596.2883015783171,933.6764889129828
669.4297217647407,210.9167769262352,823.4089359718172
301.6067292616285,-98.82595713204736,59.53476900766515
-165.82252838279982,-246.3076029433685,78.15816883058204
-183.28900764633087,-267.429509764142,-21.16167542867808
-15.77148744468012,-70.16563805019892,34.825926640273565
125.9945547410591,-61.23103924276384,-29.277717348990667
173.62071638925852,-48.0268629465839,136.2284059187777
528.7475614611766,142.82918040954556,281.1385556416207
1073.3969013391438,648.4550657418246,100.88121615919094
2324.8077000202297,2784.919091525234,492.847077499731
3021.0833643971587,4218.769632297906,2791.09426961277
5704.966232312728,8244.490946846365,3644.766116557282
5497.822699630364,7597.978363067057,3962.3860032129305
5042.916224458907,7751.698869706309,3568.8797397659587
4439.472077742678,6518.191170548962,3179.4238034786704
3624.241114600548,5564.728368497562,2450.700403951394
1475.9642601291089,2126.1077583795754,652.1092438109013
789.3205510517586,908.4671594655885,434.9131684898579
714.1399315434788,931.8532385234888,410.9908690633976
1275.4571739304567,1649.373828718172,692.9738435438011
1646.722777572034,1787.1416286726678,979.2530316590158
1041.6255364435694,759.5221147791026,905.6454028484236
1630.504991087231,2067.785929712222,1341.8218052895131
2929.736169579497,3242.958394733162,1855.8078954448804
2824.5501314139724,3207.243018257161,2243.329830329701
2708.2696743131287,3215.91299574871,2381.0678253801625
2576.083767206017,2287.2540031435,2085.290813348171
1462.371261951296,2307.863112901897,1435.9898234372652
1227.945211127455,2353.4856563322296,1348.0290693316672
1401.0906304340465,2607.239756000778,1331.1569785046304
1480.3491798579296,2532.219822316843,1709.488334201325
1864.1746703798608,3714.669604873987,2000.2876251931727
2781.4109191176885,4918.657508841578,2286.9136189605065
3145.78933770173,5382.981960782369,1987.3310203290828
2396.591228948116,3290.847833583404,1777.1710164006672
992.9664584420552,1178.0634744206,444.2774257449007
1204.7163353910607,1314.847654313642,516.5196885965574
1027.7740271057298,1082.892651925296,358.2062759603852
322.1293844943063,546.0606569903448,355.9321151191478
189.37216159163623,542.8639812733624,194.0351691367612
262.75545918037574,713.8868555657447,220.4716752999692
206.3458879209933,346.4533185506263,144.9007106377883
294.2742718814531,216.8148113756577,84.13968072156048
396.3043971518069,405.5063779579047,97.03674296770602
453.1011025189788,475.5934331579432,101.64723228226283
471.0606297661853,351.0183802609089,129.27400753796567
500.3544658325886,465.8526500562672,163.2795201716225
753.7190900108802,822.0505648995256,420.529475687164
1094.2901115167294,1060.5432165835705,1069.8611163157589
2184.9994321213144,2284.8993000481537,2097.648149043121
3070.479388583938,2883.1776334715387,2916.7827293786268
3878.934063746556,3778.234682887386,3206.8642584220074
3910.178858875177,4627.753010209514,3032.5053575002976
4537.161811818739,6104.448332056696,3395.5780670156773
4548.867396046103,5882.6578815255,4938.7738958942255
4542.848625004625,5838.920125958883,3822.7303998284447
4282.164304020146,5107.1531341272985,4365.743800539844
3633.975372510228,5064.870497061178,3480.961087161046
3514.820014788875,4511.420722145441,3790.95011861562
4651.191622133792,5675.49626850411,3095.3743839775275
3436.4625692920404,3868.443994628161,3193.315260645488
3399.457148178559,3743.197576707263,3170.3051549931088
3417.6270119425053,3685.171522264194,2926.345909955074
3287.6900518171724,3133.0420384197155,2347.3497040940665
3008.466086343755,2556.049580972343,1507.0057663390642
2736.867503253574,2578.461622727945,1323.649426875468
2749.7722738487632,2672.9568688622235,849.093943602274
2204.482649410212,2144.195124398936,382.4161116505179
1035.4674870543931,1211.989171815356,162.31093232413477
843.8145622828806,1167.8728976164873,41.610354317409104
496.9375991047324,632.509160277818,120.26576464685876
270.98116770663444,431.1601210742325,190.92868136459984
284.6051808539294,316.46088608162745,197.14412811280505
194.7863913334816,148.30102158707626,63.67604149203768
224.44635949506664,-103.56439085730096,193.47234620011932
192.00079309922708,-110.94483076325233,154.03963942150423
279.25660440727006,39.24179789154902,41.36113131259325
707.3120158328334,179.41766402966482,-75.01522178862335
893.5128128061525,444.6701585232294,-1.7638098604294292
894.8321224756309,543.4617485510291,-71.40671647705304
1230.3511279097268,935.3739713450398,108.63191281806962
911.9444784483624,679.5273348191881,13.60734162633327
994.7185936897082,561.1782654962219,60.51854493918352
3085.196287299597,3210.835492556536,1384.552875403848
3268.142595514493,2913.8782968746305,1007.2815479901112
4297.170140243604,3907.791136132529,1648.2989246926293
4054.33119186801,3760.897697746489,1656.3272258992506
2780.7514246889336,1789.9869879428848,1610.818328241227
2615.1829477621013,2213.222440990939,1460.6096601363904
2265.540197493853,1579.4398950292507,1691.3205925713414
2340.1896297036246,1449.9767106800068,1016.8742596843036
824.2010340477784,414.936377464874,61.740564951098754
888.7842362761628,487.61695390410506,-56.08812540623639
781.6746018966007,587.9449294495146,84.37188835813035
183.95116882925367,199.9782934078268,82.88785015835994
205.10259319596108,18.690941917925294,17.88814214359752
447.7008753718867,229.31587834121345,67.18223727105976
505.6917452243288,540.5884021892148,350.447339937842
7.333887434328218,-26.61038847692237,106.03622654042616
102.83052006818129,90.50038747224062,34.844714353806324
229.5236448128184,465.165981813912,158.74231960898976
-130.10007620753686,94.64420806242993,38.67395146080728
193.09271093373133,67.43014345348293,60.93522161257373
158.28490277905323,157.8554879019979,64.53397074043266
224.06826633947543,228.1225287404708,47.903426353266354
185.1108064464757,237.43979056186345,97.27966703344674
208.85452605647183,190.1159930559885,17.070085794564957
1013.441648174908,1269.0919844850926,478.9483621207551
1415.1542199996816,1805.5134862375853,724.3763752707537
741.3375312730755,819.1250985578582,9.080354061481096
1148.5350650367943,945.0833929984022,507.7909130735174
1382.3314717640428,1589.8794506780753,631.2933390292449
1605.6219375133396,1393.3434970798455,695.2908551231927
1406.5985058480385,1351.5755573171775,589.9176277623737
1119.484442654543,1077.0290083425289,220.22823902940743
857.4296376978172,916.8067253408578,149.64511736083787
192.56356302868136,391.4010715241723,453.6892734721621
310.8240601631807,386.8727044129224,280.36881060594675
121.68647337631226,40.44739318143076,5.468600475058666
255.11086377475223,279.3882289836625,169.37314905125902
201.9483222511387,160.5869250131094,116.0825364431971
316.4495334346213,-8.648280167589578,54.33545408851897
68.21578594056946,28.621032986125773,-26.81034350432124
216.75419455885893,63.88167295244043,-8.436094555920253
205.6298330080084,31.177224841312203,5.40873304883574
209.2170121282494,357.2282459120155,50.68751705927613
221.89296672631204,165.85388667425525,-36.82124304579322
189.2048656665928,284.72670823831834,-72.67838180273469
233.51067775352573,392.3398434075073,-94.28720641225536
846.0677438570962,1225.7533763023248,270.55823551006466
976.604885550676,1357.828545315522,489.685270278258
5793.466434390746,6891.309316920021,3034.122961507021
5728.07702908145,6855.724984432171,3103.9129960520777
4943.639062325999,6830.804133939214,3187.892337685192
4199.336656736233,4870.043714852009,2924.308161233567
2695.0330062497287,3766.526685307717,2047.6027923631025
1966.3218612336568,2585.872559152261,972.87506187448
1549.7333243214955,1808.8315639887485,730.7972379048682
757.6771544399918,816.6961084255164,152.49096537671136
190.71340490120588,371.070694437058,45.80445419823997
1142.7931113213483,1072.5679424390692,1241.1887540542791
1288.1730651389782,1369.8770025963595,1242.8940450138848
2331.47219796888,2224.074974797344,1466.4278968675433
2628.71209953202,2301.063674024656,1920.9866811406853
2407.143589809669,2391.140041419808,1537.4699550946166
2796.965201195052,2905.344451516245,1793.9641723374657
2703.5434989429737,2596.0827147524283,1697.091962035143
2904.1325681288854,2897.74789117839,1980.656386336092
3850.285334849032,5189.300605267202,2266.569754884515
5800.631929283759,7846.84803005085,4382.329056668994
6482.054970833343,8667.691480925565,4155.321722106419
7570.691303765599,9701.544815775742,4693.826275624143
9805.683420085634,12102.742655806753,7167.744137048935
10213.87060427661,12702.694858832285,8615.563672658494
11178.216433476877,13595.373748871543,9062.56817638468
9630.809129066582,11695.36043909212,6151.858304639872
8905.517521620084,10413.54062356774,6130.503225087356
8597.932756314598,11346.71369642183,7003.288362392089
8654.383217686309,11325.698914974582,6724.516950985983
6730.371339565132,8119.920649118254,5323.693410383205
6479.304205216355,7789.712359689966,4260.43052591248
4712.09756712502,7338.964638851301,3349.3157484057574
5342.003301621745,8450.430793925587,3064.14563879774
4455.035927431674,7430.391154924233,2569.63633904268
2183.54591901022,6264.097308964791,2445.877453477329
2590.3478419628664,6233.627157659624,2915.4474586325287
3922.0406761206905,7307.813966449985,3014.751303337101
4647.966740481593,6936.441812219394,4395.485812128873
4861.013073756763,7640.752175634529,5237.121447306494
6518.62922114803,9633.736691284052,7313.510368620579
7474.13035431519,10804.234545379357,8306.312300539104
7760.841820135692,11780.009782842448,8743.256023332115
7286.996966655446,9260.417417588787,7025.085783079209
6737.03565709889,6630.358819098843,6494.585859000791
7695.877244665078,8780.246778881572,8518.878444263233
8962.445894551314,10810.349819201405,11060.00491440704
9006.661502313238,10056.97683023332,10835.872888768505
7076.477966645443,8911.708019092926,8749.096028329426
6397.827718039895,8119.87830175296,8571.35159433694
4693.295851019288,5735.362311807284,5008.988937817288
4984.47707342462,6249.436403746951,5452.148570197644
4752.153714402719,6184.863949966838,5799.440647991394
5958.746928060374,8910.693316795929,5439.608647391485
7010.289919915462,8995.652070737322,7062.660011178345
8900.715004604099,10266.716542479457,10368.29996830168
7654.851113037951,9975.245221331095,8951.273416572412
8153.7812221252,10410.005494505996,9418.480390325863
7585.1891942138,10029.801833103613,9043.302422203384
8095.562343180529,10495.444887917456,8264.065258464425
7864.125498835368,10232.16153348545,7891.321800369178
7641.621830908857,10356.197632665126,8422.641822664626
7917.263980030334,10850.510713291584,9854.54564822166
7628.799113223687,10180.57469827442,9371.013586826955
9019.794543228403,11154.465065074495,12444.330737231743
10075.96548631166,12952.014587534284,12798.14228594575
10771.371301559244,12803.122054766236,12981.635197401529
13221.16942901792,14770.947798499945,14669.094972030509
12860.94563030524,14067.41665374814,11854.426149591496
11909.304626977122,12382.623845990738,12409.051811793845
11463.123220457468,12591.984626847296,11645.771549843916
7642.268379206637,9737.492264048533,8601.46803803991
5656.244361301834,6976.442920183925,6294.084435024789
5853.616933849688,6479.747458607768,5330.138238941935
9980.314392373206,12800.330077837518,9991.221659881112
9383.925149005632,12103.768416764571,9328.970678560294
9505.3340795519,12389.084704073915,9307.6399673426
8642.853030922915,10872.464081324544,7811.391983574354
8447.820303387776,11576.653715294096,7412.682745218017
8028.284678931435,11950.810800286608,8363.179050391243
4731.87408262227,8303.355634095911,6050.665042945304
7076.244499570227,9594.945155598423,5472.912928159949
5080.62648308945,7986.21885415544,5151.962914570755
5908.809418443951,7640.450967812178,3992.327217694056
5799.81260313384,6797.822483963369,6210.952544929461
5875.137560229451,6997.529218995252,5107.791719991903
5946.594041961876,6500.312269514351,5649.119206161514
5620.090516208521,6822.723035508643,6083.59683147309
5994.8369233016265,6904.425158787351,5315.603581672388
6376.093611145226,7787.972637520696,5117.936237529268
6784.002013701967,8081.700940168344,5432.140938620143
7276.981001476403,8372.475160089583,6693.421769354543
5713.3128259790265,7630.459603155286,5150.426897028937
4884.455143183895,7244.090864447528,5128.801520856656
6157.140849943097,7484.375641305752,5749.183362005181
6690.279831738813,8320.200166129445,5970.79826618034
6748.812012823176,7881.646494795687,7073.2400716415095
5762.960490632676,7478.242839372494,5322.047050340951
3590.588116995391,4509.751815295728,3145.2736116905107
3063.7085655057585,4170.882090092608,2449.7472108505326
2878.5661652315016,4104.309688349157,2178.2365799456447
2642.9876103348656,3448.4617775914567,1919.4273022316825
3863.7517696915934,4167.873126737172,2200.5761351293195
3179.067667278429,4394.846492246005,2329.069168725728
2665.287663253781,4050.48229337229,2339.9105056170283
2280.7197737314,3546.6666083423665,2026.383829613476
2751.544907795256,3948.294638628692,2335.3347716560347
1521.8176781778918,2407.3776934300145,2548.1751759401777
1417.9164400778543,1991.2322638459973,2670.451714836809
1509.5244840075752,2251.778087575598,2500.5981090682667
1217.7707054663488,1722.3735436558063,2117.608782191249
1021.0231646740888,1682.4518513182427,1685.8379731915124
701.1597649557076,1455.220726730011,1185.5333364522464
605.3339570836715,1354.6861852928478,1178.8253857371749
700.4051636340909,1010.9878438773828,760.9641844024652
677.7978512706749,1022.2597236011528,147.21548757966318
898.0420163288168,1001.4392174832192,162.83413099972418
944.23288835723,867.7440270153946,178.7467366149958
669.5390529459602,850.2377564767704,195.51298764897024
732.9526580981287,979.9004760393144,136.76427493840907
837.3330167228199,763.6896390384637,27.48579934046376
841.9820898184865,964.8100261985488,83.95438668599316
593.4916944034345,743.6702256317714,87.18872504789051
555.7882410092068,639.1198736288778,87.01887842494959
617.7331924789303,358.9150631079759,14.05278243605177
352.2176989049862,404.0829657590552,98.8784775325241
636.8582459520231,609.7527079885064,57.17829300840611
867.9192849414147,869.0845852792106,103.77245738096204
1032.81915503848,769.55203520158,53.46071743462637
811.9741116269398,625.8405416552907,6.789737124318421
537.098547840923,578.2131868266288,-49.63078023685652
191.60908990391096,165.22184958432078,-56.00149339568678
322.7842219879018,309.5072749098689,-33.652487253839126
202.2080833781534,106.51237417965211,-4.651844727087951
196.19960895492284,71.36283768222714,77.287011469
60.00363891110372,68.16615242363613,80.85982443322644
35.33143084734354,19.663404516561663,72.69183670143565
38.66252826102824,89.04884836986339,18.96466328329577
91.10528592007093,137.81894927494625,-18.637001723950046
66.66272401890028,127.62737083097086,18.160593960855262
253.05493535982143,222.1398784861684,-38.141040431517766
303.2213541671453,344.756335235992,34.79698083926433
234.48349046590985,351.69125083240215,32.15880009147845
753.8432430640986,696.4408070590612,78.41766994897334
679.9519345115706,556.3062470381713,126.88602144144711
686.4284446500587,747.8032860803779,85.06050524930069
1388.8935493273252,1130.257427111526,246.71642867674365
1311.5116349496934,1200.8709719546273,538.8517872336733
1040.1348898018707,593.4112166701696,194.48524706094145
392.7356411381308,517.9094548890091,110.09447994146916
333.7071125134128,324.6597390253087,175.76666960383238
256.02366965173195,345.4594836762331,106.9728091915772
460.76765740132345,587.726071496618,137.91643467360151
235.10007312551764,146.15994505902353,98.42412078689432
82.82432274071844,112.22705978562009,9.468016936866508
7.132716029072776,24.149498119209767,30.2435233463112
22.88932143904696,-6.428187223105126,-14.71197339819904
43.64919067284677,65.31523071383442,-36.1129652780677
53.541675729913045,46.668925008313465,43.22388945502925
15.709678262151884,-45.59216736723685,0.1094666962296078
-3.3793026512908,41.523606690333615,-19.447753567594976
42.20937698135889,84.53148191845793,-42.61722478219068
180.18757756291004,72.49236257733415,-58.96053091220379
218.1774923245653,190.0033154975301,-27.859911482327
162.3324992118222,202.6004598561407,59.541278406782
285.6707736603444,144.9195868345713,87.64798142808446
543.7202772932187,376.3454880647035,69.4113871385708
1072.2435001845336,620.3422825858066,236.05681334862737
956.9115913368586,860.5838296218252,477.0422960973331
1575.5862820345071,1123.5075517368148,514.7685468232415
5465.132766954272,4707.930155352227,2593.307545719925
2765.4730950878907,2814.2288830247576,1696.9870398149276
2443.67807305157,3048.2459590406934,1786.9839784652388
1793.9737536948303,2146.3570158822827,1589.0502757446966
1662.4850941190014,1458.6034731836653,951.953230682715
969.6430362725451,942.3572029313456,507.31071188469616
763.3816942954418,488.9304591135507,461.0990071963448
1020.3825234506976,621.1005861219941,499.0575180863335
660.3046794237688,260.58651113690115,185.72822870593427
343.9958084768039,473.8474518239483,205.1181559161264
373.1284040455956,412.26735379620845,175.59263610499525
438.8544103706827,427.0871190241294,214.3294780629811
97.99654328336764,-28.52166054701065,114.37506508875126
860.5549110771955,322.6992961821052,407.16002385975855
741.5162123379802,411.59967472839946,172.01929109111444
791.9959445589321,515.1214875293311,440.4273227568377
349.0395962415204,461.9470339172205,406.2384438434314
989.9333840373072,862.2453223969873,295.7292612272106
552.293097803312,452.7193324596434,128.08844726339632
917.0194854169622,713.1690962941201,298.1722528380634
570.6389786160684,340.51517252187506,146.82958386130232
608.4988717919609,273.1505260388907,325.9460804619956
584.2976755041045,229.8518974370224,249.52899830731027
679.7940149281203,333.7805038973154,215.59519398675727
1355.9328810460086,1471.1793459902267,455.0966146453495
1334.8418839708236,1048.984080879388,455.9374924662362
1195.9403843830444,1032.474315008745,220.6172805718126
565.605153535069,597.777863275694,219.40524528287287
531.7656082126313,599.2648912828402,290.1115266070562
421.8428319739032,670.2937069112807,514.6098798453683
540.4251089911407,580.5497596633019,166.3538895038768
533.5454887556587,700.442699845195,381.9892306233916
512.3247794385765,638.3202576763086,270.1432920688574
194.8554894859824,166.85848687113466,295.7488183333784
174.3662146107389,282.2867088542291,165.00425635813104
205.70613577127511,106.20508957561664,-8.541949333050907
151.6537039330628,71.37815008713716,-10.128205096897464
203.41551756906568,150.44961898401164,372.3647152569289
589.354540723578,247.81662765205704,388.4342388042732
750.5242560427506,475.9857796616006,580.4013145235662
556.5909717545642,540.6289330659928,582.5343598117116
1014.6339470506548,968.7359846650364,941.8993793505716
840.0946710194119,1173.2528567796355,1176.4473029395838
1086.3518555924857,1464.0784120117355,1266.943044411308
1266.427711147214,1609.190353819781,1192.125124372609
1295.3436881046964,1844.2040654338311,973.2589315091192
1294.279579431549,1621.9426880298497,934.2180317883876
2686.945367410586,3084.9887917768733,1626.141681084234
2459.180200130835,2912.9361415588432,2102.231452087931
2575.5338450161007,3095.8092107840785,2059.4207903807155
2140.903742682687,2801.059120364094,2039.9661478130065
2576.271903652869,3529.919519017152,2256.833866551813
2877.957568937515,4405.720072300767,2236.244371665808
2806.332566451737,3991.671431584798,2474.8243160106263
5561.214712322829,6703.558851328076,2547.1317259779653
5176.524481004429,6764.657231322309,3194.640149921692
5449.670604569948,6603.447254436728,4217.677537579589
4600.772530324209,6311.509569273292,3754.459311082232
3962.783151755735,4894.536243330129,3032.191854599647
3311.093798805375,4272.719858746759,2297.580612474418
2767.277522473229,4139.704346380601,2067.592608299504
2058.889107018785,3906.5841532602335,2384.710360185578
2119.5066563718456,3783.0542856302313,2874.148380116918
2128.906618809513,4042.6082805121937,2890.699834461029
2016.8318155395395,3887.7798160461807,2516.1996546570267
1749.5878829328767,3443.8991832864526,2648.658646007188
1894.1550089127657,3514.816076517094,2293.9062698717416
2411.519616630807,3560.2872919763813,1698.9563525336723
2449.9844197482016,3524.081136466625,1696.1825256260008
2155.759508669874,3573.1557217192367,2066.712284991995
2318.977237937892,2933.967505231238,2041.6783391157871
1846.189877006662,2206.8005200109305,1364.158713527055
2489.583412315441,3540.6483275067308,2091.6073490440167
2201.760531212888,3272.450284650898,2009.306225367443
2230.9362425931613,3319.455577914214,2212.796132298617
2482.7383750703457,3641.775133156693,2202.5028703076628
2247.483498041759,3670.051814260081,2128.1851440093924
3323.403279906226,4022.0492958060513,2149.609097396998
3192.4100686408,3987.774938879019,2279.516378065978
2564.4920916287338,3578.6225496929346,2171.988705643184
2380.7060891225065,3487.995744357652,2373.0112208057035
1294.5372351896012,1952.7026855797567,1164.2370322854786
978.51335918612,1463.558133124427,1231.916912204459
819.3836254858522,1275.8247305654313,1185.2033677834906
835.571984362872,1392.8644477576102,978.136070922142
789.7964500211393,1318.6513238255286,1977.198297588884
1008.5226709835688,1731.2488983877668,2065.494544948621
916.87389765224,1582.5985580142858,1369.1883468672822
1336.8802049864355,1859.4741893761004,2634.1636994786218
1412.9437865126947,2054.5907766109767,1329.1551570580746
1630.000446605763,2081.7517183859204,1197.7421291361209
1619.9205604499157,1861.740706344889,988.8561817561368
1147.9213970505846,1186.174510988116,87.15696034977933
1544.4402153391234,1200.7297162034615,206.9687340945443
1125.700504281158,741.5473769436798,182.95701498313736
987.878342717478,670.5763907770348,136.88501452945866
1378.7507882992688,2017.590703945932,295.74070622773075
1115.951873387896,1265.9752689467807,39.67141969284699
1259.48655583774,1542.8070255637635,464.47981773665686
1098.3465390587603,927.1763875316782,-23.946805655162496
1127.0183279915211,1397.2768772314143,519.3155643356414
1406.9221491455214,1172.8052759592963,439.9642980348587
1175.1631930988294,732.7605188886306,474.20604008564334
625.400786105065,180.275637510062,-37.79232318843515
194.3605668088072,173.3363632005948,-65.95090648555714
25.09890708709915,110.53469569445748,-57.90697681604394
109.03790816241226,49.38459589730157,-54.277683202257975
48.13752537291586,50.86186146071132,31.04266434656148
49.30212489808958,-36.91616693773691,85.3701762913606
239.36878746951427,137.75247310755063,90.1831995276537
0.6926265796793011,101.07102311286398,-20.564088844468085
5.410392791259497,74.63207985757872,37.238445262173926
359.232139184553,291.350354489024,240.4400844131817
1060.6941775333707,747.7322001413042,264.13682561932814
1966.9336365598608,2150.328368420954,1050.6521630589034
4158.789277813087,4898.436961362144,2847.0747284397235
6219.651873552968,5850.831952774935,4531.7993176105165
9325.5041289682,10399.487213949247,5910.495101801644
10344.274298730788,12141.337267800029,6650.861799468442
11793.734282353642,12397.166224564366,8096.910799690127
12015.5894239854,14354.557877978434,8111.685152408641
13144.190851815243,15264.616669507112,9903.040531953748
14429.928922860156,17784.395534834715,12138.19796166232
15077.44932443487,18546.47417401378,13579.21143738032
15877.168655056968,18791.296340175017,12452.360605417762
14971.42279199196,17589.96882891906,11970.37382304629
15977.218012902358,17959.14894303441,13312.428333749314
15341.015373415794,17377.684322000492,12719.73103565046
12918.258229640182,14905.834857848966,12546.2384735747
12227.049266598417,14726.140547543942,12598.487354048426
12807.00411707185,14516.172231756633,12678.044691001904
12021.45817298829,13326.864317015654,12580.768224444371
13120.365981633568,14476.78390489178,13443.530523150474
11329.252659540629,12864.694582550785,10900.515421424298
12519.66218968958,14331.048792121728,11764.889215594085
13979.262747292112,16618.93142714106,13340.48415828648
16090.898162905272,17285.924309493843,11476.592774528282
15151.362995894991,17338.811669152794,11595.860305242437
14990.803383348768,18371.469950386625,12069.45599098728
16223.117187307778,18798.278432243605,12105.69619354349
15513.320958200718,18594.35848061689,13597.283568370922
14291.117892157205,16763.409832402715,13218.63524849504
13356.730416025424,15098.316699868816,10662.039358602442
11584.417981537885,14326.9933355615,9614.857062572824
17668.353033681702,18367.257331978664,13774.758615393372
16172.470215696065,18050.169929091368,12187.857722136603
16578.756403952517,17364.127539277546,11142.52197653271
16837.014655619267,16713.24558358464,9926.602403505352
17122.68002439033,16468.478611425962,9283.607271263176
17060.36503942397,17872.81469449425,10685.009156631728
14444.513071294112,15771.521940165196,8230.178144832913
9797.09760871002,7277.348735348458,1977.185338488208
3593.859445549629,4163.042989042018,513.9935023542783
260.69827312969034,419.0956943150175,127.83768185888464
212.883247389627,500.5963632140126,272.1709215258435
320.3125564867622,213.55470079282088,716.7520473111238
276.7098412994856,358.9711981809081,968.2855810153864
399.8775023222835,614.9665867561708,1026.2203182304436
307.59060158074806,538.0651632160123,649.918083939194
209.1811032693552,433.11005704698414,295.7298643419727
407.4174572224165,641.5542940611455,237.00101635693164
955.9106173841894,676.4083577302241,-35.84372079870225
1360.2092055816609,964.6973726260654,73.48600050039855
1413.7882114821218,1215.189654878666,195.992797601075
1260.0830480304355,1189.5188627248906,171.86435801241285
1519.6675094220736,1190.350748643164,206.6377202195856
1484.5448986424897,1023.862854947828,500.2031180916697
1696.6233303403997,1299.104427000838,487.8851630631374
2695.833740761608,3546.7690141652115,1460.267242927868
2149.966553682931,2814.8198294973254,1916.743161462556
2984.6204470677,3593.800035823545,2038.2962071130155
4120.235402605279,4276.599386150097,1895.2009810180764
4355.307548624291,4692.393723517559,1875.510015030466
4629.892837332079,5308.020176426964,2852.106033881307
4564.656293987015,6469.1426658161445,2950.960796188594
4728.030318775081,6652.869646284113,3637.4676914263378
5075.939283551994,7157.0748596085305,3569.7365989471687
4173.876585892196,5687.4998325185525,3772.8825100024974
3467.615259281024,4635.007340461727,2917.4931091335134
3448.832315876672,4304.8341731985365,2222.410908267281
3447.190808060568,3792.748799562696,2289.4043655540004
2916.7472668929217,3472.1194079661777,2311.780384119369
2730.437497548849,3644.527050611112,2324.472134551598
2801.7533428954707,3250.7394930153773,2383.4817239537697
2386.9663253706926,2866.0180634174817,2165.1687997771355
2374.418687022728,2727.704616685105,1488.563058891264
2062.752492903204,2213.769284078719,1299.01467368444
1818.988133198348,1829.9018123204053,900.0616683222045
3280.4103619152697,2889.564685656879,646.0138022891157
3327.468520129052,3578.405612596973,791.4501425714129
3121.5228636432225,4138.78417241628,1469.121695581042
2067.069210630604,2492.370484526534,933.7767443958244
1904.522256876117,2011.070744780894,1075.7268989659349
2165.5918585809463,2314.347838158125,1118.9166019635352
1742.7727472155873,1934.1128443103687,924.1348290366598
3127.5181502873784,2846.986287340041,1207.3656329643527
2493.704719290288,2698.032738394257,1096.180537153139
2307.59308258051,2596.2211045516083,875.2910714798578
2885.080606692907,2466.651689022971,940.6593035920218
2397.285272490928,2482.1717327006427,773.6505523016674
1353.7502139117644,1406.825874246617,836.9605199986527
205.4528983374336,166.36118304514454,294.12904567678305
294.72984669740794,171.52196865363794,267.6763154873232
252.75672377730965,190.6529380263593,87.94763164149971
209.54126422158487,95.80519248425894,156.03762925967385
179.1766240637437,159.37778561733657,30.63143684144623
115.1690003759642,32.7044230102432,-6.422213267011999
117.42757138962624,20.771124708557256,-37.27682732495345
97.68687569702476,-19.56306891569855,-49.63679086991807
74.31977061861043,101.45428402640884,-58.52405784796187
230.22101200282404,197.4227634418924,-7.382264916810515
154.37031695616815,391.5055347016655,-64.15877790315055
474.1952991403904,604.0800931549813,-37.89220171926762
884.5565780055936,1029.484944072329,-21.689434379323576
876.1309377360708,841.1477310797213,25.993237288307487
816.9739229894744,748.5077109344209,31.91194915397279
552.1156636534149,414.67680701684776,25.000544235127546
714.9319570842714,312.3107867746475,83.4756063453212
590.4908736456679,360.735091952725,48.93686954443303
389.65425362310606,352.9574873585647,12.291922682147918
347.4810983007465,313.8091504237924,-12.518111307735197
504.02634094048864,510.2776899774416,-14.704013770255765
529.4784526867645,281.68119573145617,-73.06489960016805
190.70349342411333,105.82262038996817,-225.5347863369048
271.6343442738108,392.4382983957406,-88.3305123942074
196.62883436370035,119.66180245090038,-49.733037680471874
263.1124636408747,113.02944898896143,-12.545701666360202
184.01685550331675,211.7292432052764,6.135333964302054
97.13242682189316,101.3523997471855,-17.204975031873314
161.44640104443295,57.25262946971392,-1.205966930211038
75.08298741352732,32.55997837223836,-5.963787203344344
62.75562559893802,54.61129822792318,106.5480352743464
442.5879189974526,140.97634334371568,25.21004119163188
487.27180264680464,258.5540911017998,3.930292725370985
340.1592173737453,81.27680650613213,-41.75504747417156
536.7225817464368,363.89619618102427,-75.16922558824868
552.7990046992411,229.28944688749348,8.875212638087712
653.862732252062,454.4257211923169,69.40373362281666
467.5683521688231,344.5556269623478,22.008391720794908
628.0440337013592,345.2990522882279,69.50769748148902
655.5961431432588,399.5384653357596,80.68280068032975
472.87343363496575,322.14840192949924,-15.9159657393265
415.9018489960284,279.465402885596,-29.56075955132855
695.7780281982213,267.84775947326136,96.55801806308156
593.7811717463716,291.49379219821714,96.0708915229955
626.7392808489999,294.5012014527674,104.37248017342814
641.7943065034327,598.0502474566302,-3.311234624483184
738.789269239588,516.4282421303881,13.446116400362705
353.1056594579313,415.8905392444533,-34.004207715176584
241.3371413233733,-27.41699748141941,45.83490009682519
340.7159333679658,135.64605701379878,-33.811728069972425
241.11508299627693,79.64375108348814,10.684748771409668
160.5655319850523,-39.2484295118898,-74.82833293788865
-20.27325818648002,15.951020115643146,64.54638918998008
82.82342331550517,-14.918057948534027,135.6124456324689
114.84595368165606,271.65650830838206,16.71437126661818
486.9462099346484,342.0358873822194,118.57191049041975
485.0847248021582,396.5579076839426,141.87672747412222
175.478328348491,64.12531041900718,129.433514349701
98.05540393686827,70.52780031125285,69.35008794728793
92.93445787048871,175.50011960645426,23.00937890328462
75.04394926756451,130.2520391859822,23.65568210044625
586.6912801152524,378.5412144725949,134.5152051329922
829.622501235153,406.24159661092193,228.6959404654647
2678.4156506980885,2134.5154596359007,1113.9971234264094
4811.03686346632,3839.80729039689,2085.8445650923345
5317.746309464456,4308.031701230539,2243.35198468222
5019.432756648803,4465.2179440189575,1826.5971406106005
5178.853212718309,5281.556920850798,1565.8294727976895
4382.821076272531,2652.3078076156808,1361.3281450819322
2849.187028061216,2498.500524063401,1993.723401319288
2708.835665828208,1911.4803905508245,1297.965651291873
1680.6635312277506,883.3218644231421,602.7387738068805
1390.4903007978828,894.3943283832936,621.2856248799412
975.2138618279848,514.1436419122485,438.3574941622398
108.76710068590954,181.9325188361498,67.63629084516323
63.140508622899645,68.13484399844937,-66.5342465486934
11.680361489784731,-4.150591125995375,13.671136115162229
120.46856412165948,9.840676351931872,-31.50490299851228
131.84817823634273,176.77655073572214,123.5926764364944
431.608272436871,400.58988343200514,145.81128603446015
967.6571722972932,615.653090191066,111.9660784029939
1063.0218924342869,758.8886536274626,116.91739384499968
546.5323563024792,429.6563033649112,183.2815258280237
584.6330246272648,482.9367398941146,305.64733359256616
1404.4677945149845,1144.6361039841802,571.5964637290253
1247.0627794821282,973.575575658115,660.4803597131862
1143.965031883616,759.9966273455195,381.16345289984366
946.1102110782764,607.8322841481728,287.121433298971
1004.9035844875292,846.9260534205275,113.48179650984014
1004.947796734328,942.3157800942232,330.7833491476918
655.0190592525717,656.1880325376153,67.71413120261062
1015.9760187191082,772.5797137115666,380.6334579943948
971.7084817413224,1064.2102451206088,312.30639063335707
793.4413022852324,932.9835367746576,398.8095057877399
1109.222726933173,1121.4819662841333,107.030785350656
1313.2463704031777,1307.5609740063128,130.46585290060284
1057.7236042659968,1361.0268775220657,120.80905230586944
1015.4801957244796,1413.933927200816,147.64583682327594
1623.8689673045162,1862.5979222159133,633.6625812109947
1009.555128998486,1660.9588691446745,952.8550725072384
1049.0881525126322,1630.8923463644871,936.1966754326378
1169.174090285488,1931.4137245207835,1221.7299469787224
1759.4676394446626,2342.372144776541,1008.0042541919836
2094.844163276587,2788.600711436342,1511.3440969162552
1804.14735689225,2192.251850805473,1204.1006746925823
1853.1173066575573,2115.183612187666,1417.7398591166873
1945.1108653545905,2147.868334841728,1382.9438946886917
1623.32626211591,1872.0117900679816,1201.6112674781025
1328.7742263328996,1421.6184742902826,454.9941106793142
1217.7074617597364,1171.2606520122918,611.8828042589417
1032.0905314994732,994.8771025114772,555.8581093964546
1577.559754668064,1500.3380052549776,706.026126275974
1622.2887261829671,1648.5987313457504,566.8851831701966
1424.7331557520956,1343.061874038317,719.5083690675694
1075.1744354219552,1278.1340063050363,720.8135935850554
1071.4375938121216,1354.1667775160793,786.5845058929984
1221.0096839974271,1430.930524046977,745.9585494088855
1211.738246384023,1246.728681837706,634.2446117036922
1165.5053340490242,1328.326677740193,700.94421559314
971.9246373074278,1369.5887340775976,904.532055151872
915.1815474171962,1263.9266925578293,1139.6919347879038
829.7380541817789,1133.5043896494224,1088.7306876505745
550.6534190956557,1029.9305835344742,775.7209997838436
156.87702914158638,540.6451845392478,257.9148516906986
137.75626205741784,289.75715128074216,216.27947294522568
155.32759495706495,321.1356246952342,248.72913462277785
213.4531256076525,295.3199624365869,235.9877754428377
269.1293763481691,341.02309341359523,135.10331973052484
510.94280876664897,473.8831311735543,39.22706233498363
742.0220636258153,624.0398996086483,7.235693979170689
951.662937610992,945.6656430520944,-13.135659504057154
858.4026116252447,852.2782120705231,91.23692836657872
1101.0597924519036,1093.4111870313104,66.08177069859236
625.3843958201295,914.466406158054,82.30117757826463
293.9407089359861,347.2731814631261,-21.10392986288804
687.8816076148007,766.9865027163402,96.64798548336756
580.9914772379051,646.70716628517,29.448220033225446
206.3863515282678,352.2473045375732,30.379426150157936
256.9696586136936,326.2715546883145,13.3280179367367
233.4146359796821,219.1668750777481,20.710261106122235
229.4653647466893,345.8855430717713,63.527895281598646
622.6051731850999,462.9135232820966,49.43006161743082
462.8301215210724,462.753197158336,33.61417340588223
39.93093603686176,19.44892142587503,80.30343483550506
-185.89424215186264,-49.82903770379733,78.85337152222414
-172.97892100790511,-77.80301574556381,-71.77783867067261
-61.74657882743319,-16.574595954866044,19.19712022319069
-59.96738122861774,-68.31553625075756,59.65518020065964
260.9974736470679,219.002079560179,257.0700133985054
207.1138271392848,250.6355302989858,219.0928178737426
-21.181615036331884,60.14150225665352,48.28141291688601
89.2269421324689,114.58443388508962,40.12492686052551
94.29504588637134,66.20732293862218,26.97287128346604
423.9800793841452,423.69534048542334,107.0835354203502
640.040914564957,566.9824244530184,335.5902321222775
1536.380815973732,1428.064155968717,914.9306398883036
2454.502882053924,2023.629888116804,1225.2327478767172
3420.2177005116127,3086.4723005995115,2545.223057761638
5097.723320220024,4483.446804604737,3004.311934372161
1324.0343300787504,589.2705579842072,1200.517737391003
1735.9340997733354,1123.7768835896463,1277.75525689749
1856.191788793648,1189.1735162999914,1463.6921027435246
2724.299150081757,1908.900902482403,1292.5639078002196
2416.008219580095,1705.5473856285944,1225.9756522977025
2116.087673543655,1099.2404263775293,1051.8821812207534
1803.476248638992,813.5865398871051,687.3957645746971
1178.0915133902622,390.8761827354454,247.570428580832
622.141946492154,255.30472075665472,-70.18800405970946
38.2649883009472,4.233857528344347,-36.53942471602308
59.35682090269511,8.557121749213966,15.396621221126605
36.824124580461536,46.83096257115263,-4.544359023829351
-2.613711753112543,14.72192889588065,2.042670173254852
25.71825540295112,8.384289722626509,-8.00438639971634
110.62013250158724,47.62136231273486,76.3840593984127
450.3318008511346,444.2018602847759,494.6352556194152
715.6847672005078,476.20580549181005,543.842814195122
220.851247885216,100.4068191173021,109.45700294420438
697.735937692522,649.92952779544,286.0637037013282
1575.357541457431,777.8271567920518,840.3365576505254
1893.553719472419,864.7641868704762,992.3247099891798
3110.635083574978,2881.562803836984,1794.7243615908153
3426.2856164905925,3339.5135465777203,2358.4589867166337
5428.679409069113,4229.340262703486,2636.340691971629
5728.64494579029,4984.782375170568,3220.8516213016665
6300.113643374981,6386.955862989204,4070.9977841913897
6293.513967096198,5784.56356061969,3847.11256170816
7601.498004441639,6778.429112253229,3755.789195855461
6870.777809999644,6806.371168750236,4077.82708442546
4594.38068085159,3936.442918008568,1745.449717401386
3614.8060037707983,3074.1994722774525,1544.2066528834127
3999.5325204641417,2635.329639230092,1812.582934307404
2799.063729862388,1637.9001552249515,1125.8976459508488
627.6548769530854,303.3510636044545,138.3792669606386
188.0259322564686,143.8498430683437,15.10442076729793
112.14197814877257,-88.52840530766451,-30.82098212174918
197.0591918948332,2.1337480320953883,21.067485820347084
110.8153523756472,110.31366829985802,248.60989526516207
311.1373072837916,327.1916023986965,394.618657787498
150.34763340636658,338.8037908979922,-10.396264581754982
102.5035561570763,-92.9763137241654,-48.93705170673324
82.92106546358318,-97.9811590303336,-0.4802283523630595
180.63406898407808,7.957702788512519,-14.30523621442468
271.8351992103805,182.75716384617533,-55.21724415036644
131.25758800775594,-7.0484356354409465,22.810058120691625
248.55405670927124,146.43685378885812,71.66766337767307
130.58402412375486,108.50273940239576,31.89367693074099
202.85386740772776,174.14930125251493,-40.18291497979863
533.2977162618611,491.0127812693801,13.086485994004288
644.796234188438,534.4114494508635,110.31046135038748
252.65402038933345,388.2024932448599,-24.38293922764753
663.6455893620083,657.0204467371495,97.88376025697114
962.2600642881364,1063.8336712440478,110.90090736260171
1240.037399350937,1329.9493008735833,125.6246555199426
1197.0528540811872,1372.5857174391772,47.54301651089819
1023.2174787747664,1252.2015577981565,107.22462808621256
1208.06116551925,1538.9255304025155,193.83317959241435
1034.4362322830314,1196.113897845389,412.9410388489351
958.3915314460132,1272.0551451397691,769.6684776722767
1096.7572254615584,1301.3568142757254,992.6718541685362
1450.242346202646,1135.4809555652262,1256.2621759235644
1182.830699619715,1223.4569309221274,1244.708873269278
956.3129129255434,955.828942368344,1328.5217975426535
1003.6559282244782,1178.8036798519358,1055.8809710045673
1099.1522825073057,981.2974781905302,656.1657446463415
1307.3857474742044,1285.0342954355335,428.2559533507489
1308.3015970408148,1072.9432983529523,394.9563136107214
1397.9220800659289,1524.2090975119445,593.8495253569959
1647.78969868407,1480.3607129861832,879.6788972965069
2056.1280329394044,1672.5870376293065,431.58322810989256
2828.6041508950616,2216.095090010037,482.642813462762
1598.9993349011863,1436.435555770148,337.74235708234454
2767.140025427347,2794.869926552626,603.7716976064144
2411.236157632356,2244.0406843314586,566.4271169715
2123.0182884880737,1839.3594681259613,389.9203920135175
1957.1142320797744,1512.2371743905408,196.6868574067732
1854.395890367893,1121.4282596341632,179.2331460574221
1531.1019140183278,1031.24848985719,312.6748131876181
993.5414305056494,993.0743327087342,95.35020666326552
1140.5959801033182,979.9457652824344,48.657013651852985
1599.17630757369,1090.4802112614857,155.19984983161763
934.6267571631168,1357.5389067971653,269.1680364012381
1269.1803435707056,798.6741694715124,-119.71377896864377
481.12158512502754,389.26046934474346,-7.6123951108683325
507.2545746775414,829.5863880098449,146.10451565746075
492.1852915851344,976.5401031657816,318.11429453604615
903.7390287031932,1172.6893174277825,578.7794277699156
2081.942559490922,1546.4338354543224,1045.0208091816678
2208.455437245868,2336.4417022900075,1751.789516634834
3446.6923887190683,3401.5989055130617,2715.759386242993
6109.691898409257,9094.44945024451,4567.718793355711
7027.8663177871285,8933.008035815177,4787.77293393977
6282.42040007068,8980.995292427375,4249.428898220197
5899.87323189029,8353.093970891787,3615.880501707348
7455.225755911732,9445.088301670075,4293.951382590003
5411.406827639273,7957.081533057245,2755.061826563301
2283.012528167907,2426.867562862357,585.9004791782609
2858.601924660468,5893.88937830446,2107.01228087287
2322.4674872067408,2786.7671748169664,1561.2225742649096
2967.067612018608,3832.79123132486,2071.751965544788
3862.3140851957855,4379.834724691838,2569.973484274113
4431.176486165841,5385.783636146699,3008.7073549116867
4320.058489067968,4406.787090426246,2484.855497737067
4604.787437088523,5096.774754403998,3209.036297312481
5118.283390407939,4875.016312993032,2319.691784634489
5016.921553538366,5431.766635578019,2562.1517717799784
4143.232088871602,5209.88647587784,2252.385148107825
3852.692801490869,3968.532190464197,2350.515967220334
4389.657911785061,3917.022069359908,2900.211070711547
6482.731533434039,5776.690696301073,3340.4202884766178
7068.217938134869,7209.263400699372,3755.0290668763137
7365.879946189837,8739.983426536472,3880.729475762792
7578.835281964223,9693.53875351846,4743.366132094759
9338.208581982291,12026.051091588815,6632.664224844205
9935.564113904058,13334.075792493211,7970.218397828772
11030.586206575772,14433.044920291888,6378.663317638515
9925.980080980537,10752.784405003562,5118.615168630287
7876.163284226043,7318.660412776454,3686.130293417029
6044.63490773798,5259.234227481602,2940.580549657714
5747.488534444556,5171.558119261644,2750.33537626811
5527.867140520958,4056.4088566447977,2478.6489916523906
4723.369337099772,3118.187547661373,1268.399543477974
2368.6569970162736,1798.9482357219742,950.4918565160048
746.0120448088002,717.6330307954402,27.819120497768488
515.3202600621858,726.6736850500992,442.51468789908057
459.7496053067455,669.8033071944083,764.7204616074982
466.77465428267647,608.3820748631614,773.982953773491
808.5060750508356,992.436726412086,623.5458469729491
609.4722977779014,688.6222808799885,381.7165606354725
203.71740794367503,198.4032394288817,148.89366090935152
121.41498371498515,53.934048160043474,115.97637061093224
128.81900973909055,10.51368963347404,104.19125122432236
134.14834201214725,63.73654768751162,28.24278746457612
99.58055978659502,68.56633285655145,14.42325367847065
139.60956565391268,53.00281386102381,-12.416850944454582
167.3255414326266,-2.4030034695659253,-59.09196350841563
128.7691466735145,133.8007163160771,100.23731518796026
150.84335581429664,142.6632628196169,229.16446303004832
493.60583367253554,635.8897006601703,157.3042465308168
689.2697351695892,825.6208392570489,40.41273754566191
297.02974890652644,523.8640932915708,190.7170756753113
838.3617615723377,1033.0870557162204,17.52074126495281
1495.887692880195,1253.77529447163,162.0006491977255
1683.5749368435995,1861.275811726484,282.71663494589615
1985.2105102786825,1838.4852407250416,350.3026106558334
3891.22405601984,3166.6551542481707,932.1294632130124
3602.167812326159,2923.661750550436,955.868157266866
2077.6964377045906,2042.6796618343967,861.5831084337327
1809.164037573704,1184.5948919128728,554.1554312580804
1518.7453185611628,1337.6025067372427,543.732171635063
663.7235224095174,514.8374067277617,446.64990720076
154.72061454316088,283.78070818396736,95.64361848538935
182.19344780518267,395.521812719701,132.71044765036794
34.08815420928168,234.90585541680065,63.91354648533863
60.18951836511828,258.58874756241494,162.50041599585165
-57.67271513055187,121.5375010084976,52.446888117824905
-27.74873882853676,272.1499467940564,-56.96894527471049
68.72946561572317,277.57966098839256,36.9742745193171
189.51978302817307,156.69265543256896,-13.385795240783876
390.6637357683079,370.87551558899577,-48.44505513810584
490.4486091313133,411.5003344013391,59.48145778440677
732.8046554869951,756.0194301835318,132.1008240248546
1524.6629464653977,1218.851975471018,269.248002258824
1012.2613907058076,1029.3286314380225,252.8888436050506
1526.3978455770537,1500.8515121377202,272.1441264687421
1904.878761544778,1555.8391694161835,315.1843961557891
1852.852850148714,1518.7588813812429,323.13625804258743
1896.9340481013207,1250.7136508880546,345.7118595139528
1450.358512165736,1355.1592577180927,263.2156244825534
1216.5745867848868,1165.838388189262,304.95235681674507
1613.4561124093411,1075.268936941702,331.2563820053343
2094.4199563859133,1147.3541287114513,754.2622212634817
2321.774617470812,1783.3465582245817,1614.1294918606584
1446.052884934222,1125.5227113561052,691.5836433963406
1575.190125016214,896.4845336123143,832.3041573829256
1630.1458818155522,1535.6945695175357,853.3722032050194
2302.6468083265627,1936.5323182830628,675.1467781928741
1687.2723384001993,1416.6684173999363,763.9315557692114
1498.506992659451,1493.8272764040028,870.5076948226781
1768.4982222284098,1645.4354039256084,1468.4426518334246
2652.2053266828902,4003.685591837109,1299.0366724582202
3380.9327732720035,6188.221203463856,2454.3839695387296
5046.139653071636,6980.5846256144005,4469.244598757884
5569.92338773824,8384.485403507575,4462.6302053447625
7578.300764944383,9964.709994851148,7032.495174402381
12133.871248599027,14715.2224185979,9153.17066568244
10687.347223418968,14529.107344746948,10397.072750140733
9410.83154249244,13004.947473436272,9015.84122312651
8808.00831799166,12257.466449439618,8443.24613372937
11326.577170544766,14004.293545384287,10221.348791364368
9977.3667459106,11609.81930752854,6848.690181395106
10501.22863702092,12102.059504893406,10155.403673524892
6794.299595618773,8843.858348747975,6386.596541775658
5152.2408037354135,7276.623557812935,5376.558592385662
5547.121012826266,7397.852306751474,7107.744435496503
4117.012327495885,3833.222344980008,4189.159538020479
3875.32844013078,4075.908344159281,1099.3713481703674
2403.6168527345,2603.865072896544,898.2185022884141
3639.735043057217,3932.9426301303656,1653.882010551188
5877.3858384498135,9262.768871397348,6375.748231990244
9542.60111391562,11669.615790431832,11495.125514271613
9372.72089018663,13167.827760128392,10104.689554022136
10897.945004860989,11784.611052339236,10593.500411718836
11761.7060387705,13166.571355242737,11765.610491824613
12123.74899044004,13549.435481466402,10586.068089258257
13375.452534866225,14401.75017107296,11169.529499433287
13342.612430536085,14277.27215771051,10415.408748704156
11181.925458264528,12108.831076465263,8093.672747369499
11675.716057845822,11814.527540980636,9958.21367167423
12826.058498947854,12618.606996721175,12297.445742598826
13027.299399197,13353.987277920483,12468.396308091496
13076.857571827655,13279.68232753426,12436.835907819734
11260.417056263212,12221.657209127145,11167.102119883206
11533.219321410876,13548.179275834427,10754.235610677722
12536.573026777092,14221.45186134409,11251.49306964082
13142.242022241937,15025.108250034184,10787.796718569269
12338.250899618752,13825.024222849512,9699.56761023427
13546.661609026263,13411.89483962076,10611.32728073999
13531.468693396124,14198.744867940191,10668.304480484465
13459.97118041701,14223.06411846213,10648.989901119809
12957.573047315378,13820.974492968026,10981.383856740344
13034.376080618957,14134.561571890748,8775.450718073494
12922.23045753341,13940.147277207065,8685.434676868923
12767.248706543083,14005.73039898126,8861.155050039979
11388.026501358305,13069.25796114717,8405.457184424646
6382.997298620707,8491.927788584444,7457.481736765844
4895.660602851501,7092.306915396613,4069.2654798323633
3884.893301624498,5839.734579249238,3285.1456870820475
3507.19345639046,5882.837882680471,3232.7758281949327
3244.249760246424,6511.27661227804,2819.531071373965
3054.5667062674947,6483.1248664437735,2412.225800829566
3140.8170518518464,5884.511635682768,2836.957826759036
3456.6365255818228,5458.497455993636,2687.77083843366
3826.481941085424,5046.761415744762,2733.828642541383
3966.450872705522,5938.404922504238,2967.472621792053
4918.666478696831,6235.718707819543,3081.622827230343
4839.634942986507,6072.856064827751,3007.195246846912
5606.068113285646,6566.966539182213,3273.215065237551
4861.902045925272,6486.057542952448,2105.4044288328128
4622.100108640696,6503.381837762567,1480.5179156047714
5143.299735332142,6319.347586092117,1560.5453043681116
5187.979073405841,5513.521889230571,1296.448651598564
4447.880160316844,5367.031274610188,1149.0181132354433
3258.110499778882,4409.324667997788,1659.2616650055677
2502.012572267793,3080.385849269905,1026.2179277694406
2168.9964756063555,2746.851302972631,573.0345783998584
2642.1439372249347,1889.30444870788,707.7541775704445
2377.62239898129,1775.7703622347717,971.606882214565
2286.574730984172,1647.7960972188332,818.4052768699389
2022.579098971236,2072.21012623196,1069.7860061248066
1631.729470618576,1660.5006820109927,1385.3198742617465
1815.6293324944645,1964.8747686016843,1202.9048233287383
1586.6517307903111,1397.312678981778,591.4809253163216
853.9126931555016,1392.917407295819,281.1448051044448
510.54779363668274,1003.02548157897,290.37119705086457
591.0630073048007,832.3449558492093,233.22219764807485
798.190149594866,1093.738229387893,305.0206098205787
713.478380406968,985.4858941406958,288.26693463421793
1534.89987976196,971.4381778235868,397.4380548576218
1544.560204682334,1209.20810018628,780.2487298310454
2291.5798793349,2285.234327799681,1301.620268545782
801.0293394678129,609.5359783323032,725.0076439859912
1146.2593176592716,963.0843861878355,602.4584042206401
1073.4760748455371,682.0453780455608,605.4432363099656
1375.2647380122248,1601.1965038648452,1275.8453672474693
1392.4740267021905,1407.7983902671212,1162.2210763895007
1361.7266411291346,1422.007196187024,1126.8950442755215
1301.5710846360482,1492.6331300215384,727.1254596370098
3309.687595941697,2603.8956174212453,702.6178189899559
3071.4224133080347,3018.279973934528,1192.6745046712333
3428.383366895192,3558.9523433247264,1162.471500771469
4183.677840898959,4479.539160368448,2393.1847593685834
3673.047772040554,4691.451174319334,2203.3913489968045
3951.87818208909,5106.896873702215,1430.442169074316
4591.96357236199,5380.944956094336,1984.8204468455287
4959.470228838645,3957.82913534614,2075.0134383564805
4219.909814553248,4917.907345534869,3279.338745595984
2668.001990319336,2932.522377315777,1037.8957988926752
6102.571764781736,6668.767566048695,3498.0980125541914
7149.202807923642,8896.927139946672,4134.061926435203
8818.229061714732,10477.904052740738,3455.2354173970134
8216.90281472568,9084.24063021272,4487.415285393394
6006.1275776587,9623.751499831083,5616.507409900207
7849.504705289097,11304.145129231669,8078.9531444469585
10407.563125014694,12488.141814407549,9210.542935874362
11809.862218333186,14393.513157157757,9975.334773435954
13275.69584113226,15554.83214797809,11293.17497768618
13105.424477772978,16562.969695747353,11007.638682776816
15431.758743123475,17915.806691180256,15233.502376340197
15950.150417447909,18812.703640045707,13107.37331081851
16529.741520598684,18814.337698025345,15125.29782075255
18274.354961491896,19698.453513691587,13585.2168265879
18711.022025975104,19868.462390082248,13825.50955661536
18456.00709681808,19487.709537743547,12811.131569304447
17840.087597962505,19031.05388254817,12878.678353359976
16659.256434246214,18238.824744934744,12946.683116211798
17405.871092167425,18296.443167295813,12148.47196478344
17111.84644512028,18751.72229961393,11381.450517413925
17744.380200680353,18450.003563891885,8115.146949782581
18451.22145705096,18800.81386578987,8526.690241533266
18132.27062181127,19258.83938265865,8809.887956953587
17080.913010958237,19368.14315991513,9486.325148151534
17439.321058645408,18144.017868901523,14365.849965073756
17885.13393906033,19156.02393174172,15001.947546302938
17621.326188177307,19471.368217202704,13735.550227364756
18002.590626302837,19512.385406775324,15015.30738666911
17866.449242994935,19073.60886374744,13795.226186146312
14691.20638315681,16715.444447922775,10468.514431037249
13543.3278846936,15565.653800810494,9429.60589106004
11840.239520857816,11927.592599168727,7033.645560790241
10877.513680037227,10881.617992575137,5866.767621881442
10207.975469707948,9957.06567181724,5364.213465547029
9284.782755028256,8668.296713293717,4099.011911440392
8573.579190897832,6505.496393833205,4088.8641724402783
10074.870603857802,9185.586376624826,4379.670196465021
10460.551503452169,7915.483502119456,3726.2705617709007
9813.680209119628,7480.428628848982,3185.8380558966483
7443.38917427112,5692.561548911186,2653.899205359932
6787.712378598211,5149.827622533942,2438.84769046092
6229.468780189032,3459.227291739171,1320.7372451701829
3472.350055900116,1838.7880959840109,509.8721689193556
159.24617730803945,142.13596726687666,334.39299875371603
38.43652265896496,323.9791533879278,355.3531250488185
78.51385076797266,-124.85039657085976,-179.64601620647184
-6.916647725334386,-6.842430652675065,95.87746868273916
73.30084642038607,31.74237551578171,161.30071524503796
72.89497243510405,127.71660499051112,26.20708797767664
34.87595292316341,112.79374912399491,-13.586837181669525
13.7636512056966,30.34269141063615,-21.145778642880888
205.17220395811168,89.48654650487144,-21.31949859355294
183.67966383078772,385.6613890141367,-76.40723476298517
99.63962752062508,342.3484085111575,-76.0862747262239
205.6041532072355,445.1384304240844,-185.68822852049445
464.98191459873937,561.1211796168453,-103.10816812173624
688.431212178212,739.6509610035773,-19.295147937752493
711.0866672825443,782.7235673696742,95.27981108458371
1096.7965870250378,848.9688757646027,73.09583375249072
1085.9237949460603,1093.19221810566,60.38629168809531
1765.5299682105442,1233.244850295371,222.66784248476569
1686.3137099032783,1298.0923940662246,94.48636492013172
1811.5972238756883,1241.562917531544,-47.09660232947159
1519.1049460667948,995.4797675377624,191.51786754052733
1442.3483243762814,951.2938975954098,42.31239602196644
1075.2365060756588,888.7518667020931,8.176097758125247
939.575953727992,843.1374047651628,136.55464488930713
518.4754811580002,469.9752938702266,112.71821482472104
296.6319619943472,331.7206335342662,36.77805747515252
191.64214436045435,161.91994963912043,64.83474655971607
329.7147554713519,277.33744904317234,267.48799270167086
249.5002108676481,352.38619977664456,102.72966992905914
147.937778704509,198.2644746842742,-177.8351301815196
407.7307557802923,106.01824945091448,-13.409122717832767
1136.644588151417,918.601006382708,377.96621601617954
1250.870877754901,602.3797052482416,617.0983141218848
808.6207926382946,706.7963391331542,1.093081189320095
1007.368650208546,1094.5116887569552,115.15845389944668
1132.222997470243,1068.136257895782,61.071490466044864
1711.2263671892142,1332.0837890836713,468.91490615587486
1604.455629285604,1537.4885741846526,500.19013801345295
1511.356970774291,1257.858366285804,146.52341254595365
1007.1558619453452,547.2515771777272,195.38577946881404
229.4446056458886,319.85110464311424,179.3171062183631
377.018142402937,406.5635756476028,136.07794269578702
406.1895864480848,546.1135620573721,-17.6679694194194
499.6116016179096,515.9345134366016,-51.80256213439077
571.2087061608662,732.2409238287898,-7.449163385365272
657.6096969403803,763.1584714594176,-8.721247340800401
944.8391327972272,1237.485755168836,222.6844283252977
1680.4739805506465,1147.1254170468512,468.54981755354
1512.5245251643632,1427.2014375415467,485.2999742473274
1560.462305925067,1394.9588995892266,345.400225888772
1388.1157593108785,1104.361476555432,353.5321942000247
912.1201400192704,984.2583743121412,362.0277958288336
709.7263134226215,622.5067379027048,235.0475704579784
749.4965437840103,784.0176270771601,372.30547139439176
831.3353430696737,1056.535841942737,457.7087091904419
1074.9646016470872,806.2199782664961,122.26973573499544
617.7693630517978,541.2612745158708,108.82005397294716
410.9813176003044,468.6157330909331,-8.254911869920077
311.1598693110102,348.2972646604255,-22.31672569239814
198.0161804322001,262.5588236485626,-5.021776282223019
180.2678418648229,333.586473776406,-90.14709491705096
423.1297512915003,398.66807069055136,-25.96560720504564
814.0524967553084,770.6960020191177,-56.19085320470125
1087.0573844628022,833.4432080482615,185.9775844317512
1315.624284044594,747.0722287144583,219.69120110633068
4966.744931414763,5095.013352985421,2582.1745386671173
6140.099072589481,5528.256574375255,2289.735160130548
6683.444806651453,6873.582107967994,3183.61259487839
6333.550066878812,6930.044946269227,3377.91787126419
4403.466648389374,5224.209948149584,2512.8930832216474
6401.928394087586,6795.53794490658,3195.020874218297
5785.556175734366,5763.760264736015,3029.834425628151
4297.205775785942,4278.968517762114,2221.561768489823
3350.9452417403354,3938.21780569103,2088.8222281174
3055.725387793349,3319.439572524584,1890.1126276534376
3429.62943491007,3295.695552548252,2676.4829974508043
4624.265798408163,4516.904644109409,3338.8177368996494
3893.721875349269,3603.914531657796,2590.0717844486444
5593.742553839228,5640.360329260811,3825.135792946643
5914.4969564265575,6110.2302659804645,3277.8676617587366
5709.64277646107,6496.604915265985,3103.254817409805
5162.433254980494,6158.866441543577,3008.140663627288
5953.515731992588,5877.537966606023,3485.9484135613434
5635.948499941849,6768.242488962288,3599.67962236985
5425.249074123518,5395.069714058076,2941.169008858601
4846.1472557357365,4704.885313432839,3839.204505302918
3345.5242531202216,2741.150929830625,2565.352053855844
2461.6415799660654,2124.662619016945,1731.0441604521584
2482.8629212563483,2299.263543294827,1705.080508007317
1524.7907429433728,1559.9447731285109,567.5636123725056
1404.772141967896,1458.333390896074,625.2483189636446
1547.3465282740124,1322.025771274985,718.6169689932176
1578.3291884364735,1675.071580058748,1560.1370662844224
1745.6177405193034,2351.298986896365,1691.2703109549198
2334.261526927332,2884.6800431797383,1860.8762274791
2734.4546807600414,3429.6612845850486,1527.9827088533636
2427.012238517456,3251.64543342039,1667.5081619976322
3251.056214259989,3984.533031710647,2507.616810921879
3799.5337638348287,3849.22623515259,2802.576053439952
3284.034679127556,3969.492823665632,2335.746933448951
3167.5215010695383,3564.580540810656,2305.741183354235
3380.365259803377,3779.469755657113,2377.7583826333776
3185.990348977248,3766.3275450212727,2437.3124880613223
3225.6340713883064,3766.933747691936,2663.1277014433795
3703.918641382225,3946.313042185538,2664.9308428197824
3801.539790004843,3935.971604409977,2586.552579988472
3204.1192207678387,2900.0309749219614,1885.7787433998888
2192.0147168957446,2212.4693615790125,1420.8235752083242
2224.08864757787,2182.688700422439,1292.3422821170957
2363.7542597020747,2254.007235109313,668.12894639188
2493.336417160037,2588.87945907682,730.9219371013404
1835.3041165583693,1650.6213032658902,420.2389633869851
1681.868933086492,1785.9986340046426,318.73464505695244
1636.9179620582047,1589.442227599777,344.66384098694465
1299.9353516325264,1509.3823533413322,297.7557675820164
1202.1756343418524,1373.8007309755294,184.302363306828
1553.2057052776863,1625.2917476771902,94.01093843383158
1938.6788992487195,1516.434918408656,65.38838080486406
1803.5080365333336,1591.9555637168953,373.2842728743098
1737.1327381744638,1737.48269504995,512.2838412739113
1124.3035275841316,933.7658135440396,94.31519562561904
865.053089504927,568.6253519938738,157.86060081702735
373.77902520468126,263.1109991481633,137.227984472283
436.7149546319276,343.67155850061766,107.0983825317628
71.52359111094167,125.60086040036973,-5.949384884528337
-24.477722750781016,-14.1760985906518,-21.44411980447128
87.2197364642795,-3.379646953559075,33.74178519509477
247.41948678327643,115.10853710670548,41.91187167985588
314.83351013461635,503.27255991764,-24.188876667170312
236.1246470525467,263.95689941706786,11.734232329475734
291.4786038019409,735.7068585577523,144.07597517429204
344.93060525698803,746.5984099388083,134.07950703714127
2221.153148366797,1641.1802526085828,153.63948009538925
3413.831533539683,2841.9617454215704,1195.824494595138
3350.867202719783,3403.354880897529,1053.373019661577
7205.105373562752,7054.734283446208,3894.678739948804
9726.817250816515,8434.004731018227,4956.201080780077
9691.362762299232,8510.48613001775,4472.151089033682
9775.473464450004,8663.084856703605,4398.803269381158
8508.491797954022,8535.921123054817,4466.003157182592
6299.793422962635,6368.401154968408,3832.860988827917
5863.435193735823,5523.2554356561,3276.3377576670964
5333.68552595978,4383.09759023044,2870.3757157899163
6108.195323227704,4897.701172079608,2251.115756287814
3792.61475170885,1974.3995597665744,1361.4998932651197
104.01264246983432,264.1130128472838,470.2126981563139
173.2884267181679,46.75012581643227,80.96582285250108
156.09319949106805,401.2378219680616,-1.1182401772347224
109.82825329633592,93.34936602366258,0.0717450634133998
127.20860920743822,83.66458599524714,103.73811516705076
361.7202621137283,181.50327808172813,150.28802706357646
102.4076916558235,78.92624587434283,38.48484992006602
-35.14976453076657,84.8545912505591,1.2433887846711833
149.95029901510907,15.782981696645292,8.464621690199293
261.35523509945506,113.9805891969038,-33.839242798261715
282.24552412549184,118.40925349410357,3.7048987083529727
547.0126887164772,374.57315831393714,-60.27817251894268
566.4684462652812,528.7039201146629,26.554237382274827
726.6340986375122,519.7005398209774,22.38085138646625
1185.201622106957,873.3393124853379,116.24630706615496
1362.1699234486596,1027.8040037334742,131.544812338813
1835.317477517629,1173.4463993287948,56.24120657392639
1923.105791549175,1300.218671519831,244.1417649545021
2100.171304768124,1256.594534883014,361.1223817338513
2004.8092042193173,1281.6268061373123,306.3351943121437
1918.0750931949688,1273.5164693781492,-3.610382016137091
1965.8282575487167,1242.930594477251,198.4591912627704
1795.1455557456702,1118.1776346458848,132.7539440832437
290.8782749450494,197.00451575763515,-11.952873888838988
153.70832536717728,137.3828840398089,35.360882438059164
332.56166419090573,460.8527031412264,182.47037043619176
214.43268653386647,167.77011497624542,160.11741140350105
195.30943015390764,253.20580871565093,76.93030233199444
51.47639224969159,107.27465510016312,153.6195777476399
106.21338790924548,46.22440332528123,192.0500266480081
1253.0244958326812,1135.986257041076,516.2231706110088
1558.1059730059926,1517.8280599742889,478.5711260500906
1517.3564177569542,926.5043740707434,373.7272494817772
1529.2036193623032,1314.4042112040422,525.3601149486428
1732.8157146155054,1405.075297204988,574.8647457737014
2619.4835831699684,2471.1718357127406,1047.0115495647935
3108.711522166162,2820.5801939315456,1320.3385141660258
3032.2619709687524,3064.189535115902,1473.596561610664
2203.0091574588528,1651.4987609145312,1423.522795114893
2091.277206266029,1944.1365675703032,1599.342904308355
800.6370396380117,679.6875169274695,512.4638237675921
559.4996813739333,273.36547695189654,604.2195138441583
1740.3739820604146,1056.051696572661,1012.2199004420894
1187.063701283298,1267.3603947277031,611.0159212101634
645.9253506755806,328.60111980864895,686.3027661041903
836.8816805914828,902.0466924750564,630.5546656272393
983.4318787974536,1052.1320980346886,902.3641550929208
813.417733281113,538.9066838929787,166.79716473756082
190.97022275055724,25.595564558593907,449.35535413462776
125.21959358749984,20.717522442046302,348.41402441515515
186.2666869889028,148.57726346732113,11.697273691226425
-10.73603552311183,16.233507414784246,1.370749908398637
403.6725871824145,142.1595450605223,135.29366277264683
556.0719958772439,414.2899228937343,138.2582920322647
618.3921806666491,347.1323993109395,124.2433840867915
1101.4197009966024,629.9083706036603,148.42769831909382
1269.053445627715,847.4848522155488,264.1721656461648
1579.4207314136324,1219.7352577135098,257.29838428821887
985.7189885964476,1566.974984949086,642.1420278622531
864.0589640392586,1021.0157807436004,233.85258050681784
947.3399993839756,1114.7220538578292,288.4825560876069
1089.453296351429,1513.8086970161944,342.2054149959675
4699.195818693061,5227.42345737869,2059.004669937589
4626.964628519488,5687.595690306154,2256.684445345104
6025.310196976891,6591.6204121579285,3380.050163844887
6790.878266147571,7769.257860445121,4373.441035725565
8771.084338666777,11251.835452427546,8849.959603706862
10830.391830323711,13170.07524458931,8613.55022889109
12155.730618300777,14800.646951472136,9008.916088954911
12736.995742588491,15044.493058933109,9526.848054546112
12111.361860361065,14023.735512624273,8204.345117886589
11836.106304257162,12449.007941476715,10511.600371774874
8795.699950140093,9277.762480801222,9300.69223596876
7327.242820360112,8268.839556449879,8744.619980257205
5833.806447200958,7964.671297894146,6645.190147368136
5756.440752037162,6104.590612153115,6332.378069717877
4064.049132690444,4073.791747496502,4628.528287953935
4337.401768558088,4571.485491589396,5060.29951182307
3403.952226270894,3836.199477046462,3613.719528912434
3370.9414856177773,3316.5340540217544,3181.633976187883
3262.2207350294884,2917.348385903735,2733.285723733126
2036.2344683248084,1732.6269183946415,1405.9339148002853
1213.7419612737951,1299.5097317950144,868.3616234312657
1251.4204886826328,877.897863371632,565.8535951306588
1016.309750443146,908.041056311398,247.14778662635177
1039.6023393823657,800.5819089873809,19.50172794793235
380.60986473225546,345.3551536799287,198.16528733224368
335.0302253534384,240.3141796828089,104.35006745442688
406.5350160892913,261.8234497526321,21.63072039723801
340.9810877598369,224.9871226450218,48.556058704518215
389.7577798687864,200.74394540453883,66.72691899284861
356.28439964790954,382.2282196633517,79.50134488592275
271.06148715790505,263.34572234722754,34.68576471623827
450.8814618896988,281.5943552203776,28.256770117608305
422.27162731229606,414.12313640164086,-53.22202546057986
605.0883111323774,876.001182872335,-162.87535365374382
389.0007663159984,124.70997506772162,-172.88333451908775
391.9380996003598,183.9821131153906,51.08878237615768
283.2356116558456,340.76594280475257,201.4546061207712
554.4264293546706,372.36184609309873,242.3059073797998
888.7729344751867,778.0667505666704,605.0595191778632
2494.457273198708,2198.4572617147696,2335.822762065096
4481.587561004683,4565.253647757503,3853.397784840132
10076.943300934552,11544.504531542158,7010.388964887785
11910.42439183351,14542.434745453524,8041.604055298247
12509.925343427396,15584.257313197117,8802.461724911507
13675.986712600616,14771.582499299671,10840.522548553334
13649.911923288008,14024.439408303637,11214.008580464044
15202.95789918758,17062.82115891692,14904.652288752744
18190.43803974296,18926.21511093332,16025.97539351942
19158.01723643321,19798.528217985822,16848.156471112103
19001.70324948601,19637.650455578423,16701.69926361654
18970.11166605643,19677.322474773915,17197.38436899146
18505.309016379622,19625.59151286092,17221.560363853547
18083.82531922668,19109.888411801025,16792.36432350483
18130.83786386976,18812.354295570247,16339.267394839317
18233.82428596071,18893.16901627873,16586.549483308845
18332.075101354487,18788.54715852893,15950.681109447516
18233.597759553617,18768.834283262644,15313.54382959771
17770.930898107756,18195.58895463832,14971.385053996431
16758.209364721602,16660.57517888076,15488.46549469794
16449.54630529097,16368.00103653719,13970.382265152575
15943.685461128449,15727.732622907954,12693.690062028129
15238.305728093068,15136.932410247258,11587.905863511083
14998.830477423557,14981.038955307204,12993.217697718354
14936.8895627748,14927.849215002689,13357.798855114605
13142.736498489334,13491.117290922602,10549.664961359384
11618.572044622166,11435.391794663768,6965.648511083944
9069.779534755286,8590.432437686562,7221.606539988469
6996.465755106622,6661.139038200699,3947.785398707004
7812.245611800298,6286.010212234492,2228.2253299521462
6799.185908016716,3784.97995898552,1976.9899500603328
4366.316163323358,3528.651971369519,1199.1002349406765
2344.837832421348,1568.4411425559008,709.4731026234871
562.9107278407079,641.2887422054532,472.838257315728
1109.6820785044551,954.8673477280796,449.3585956949952
964.1097697719002,600.1433965728797,357.0404775867989
868.0119422036574,735.8499640774612,267.2542686170461
1060.3135735933013,821.6396544941545,199.3876430660888
927.425789067351,817.6006909772525,245.0198673109608
803.1435204114051,622.9196130531152,124.0601872235153
559.1294361740878,251.43104493516324,-35.160160107243954
367.49897246522215,261.6293518380772,69.52801835815826
60.77447493345739,56.96323562463743,65.31147536289556
189.93997362552312,147.09890733756228,128.48849626638895
195.63291166926808,128.49222878775453,196.8130368158533
336.8749522539041,236.2580982883828,297.5035212175911
798.0580755034425,1109.886843785733,936.6967834266686
2074.7040831647064,1759.4117397279992,1103.3778139334463
1853.118787256464,1832.6242414650967,1585.4604556464362
3513.814708820468,2710.520876452849,1443.4313922296717
5047.489493215291,4286.916381278016,2765.07894032217
4937.749983215159,4446.215804545835,2788.9865435165243
4303.992312885719,4169.02542317411,3140.3910665731223
4484.710962778546,4801.016247549872,2908.231312619648
4518.945580093594,5025.963143325704,2412.815878898356
4566.592715007932,4014.923237394348,2700.0285170224
3989.101009812396,3512.032103367646,2070.860939969473
4394.646606908563,4724.225691446168,2826.914783740631
4560.731149859803,5267.519737037474,2426.5280211871964
5182.972484738501,5779.79160224591,2535.2953139065
7061.38783409493,7000.274055750818,2342.171054459125
11823.86087775776,10343.37266521303,4815.683860889946
10771.372698540548,9378.362723165725,3918.928845130435
8448.751625366673,7289.521689082018,4208.3664820818485
6771.932658748122,6526.947779365034,2972.419914997042
6057.146174757373,5254.131639324698,3044.1459944912795
4222.175150806312,3839.9040987094513,2256.8604073222623
3207.434918319934,2781.1452232489346,1615.9079340616368
2731.3013175433034,2315.5045124112785,1558.1977136524504
2740.862370212109,1889.8353873099893,1698.5352335555872
2606.0761621538213,1647.504028915748,1655.9875058769153
2461.519067497164,1749.6378732376988,1811.0527214947488
1862.8851435581084,1021.337607942831,1152.785078702071
2452.2362095737844,1093.2413506711273,1259.4490364975911
1479.9967408805114,944.9268903112154,285.93599725536563
495.81316854630495,470.2737659589188,103.9095169876818
353.9786895945955,487.6771239793497,153.7372252382363
473.5385949842684,594.6484818009649,200.2150044753048
1170.077012856458,975.1134189982714,189.59846678833537
1460.8813004237982,1055.045337478974,290.05658463104623
1319.4815825858773,1187.16222871961,332.6997171413507
965.4215469467676,753.0914147236447,-44.253186824302965
423.0533152232851,741.8546566212536,21.107359696072383
591.8253372118927,704.7645126526514,80.49496207971237
948.3464405908366,923.9908020965509,530.1835223958446
886.4473935359697,970.582744028306,740.3601113693684
959.8706157395776,1135.51000141435,809.393292662791
1005.1113554728888,923.4324925262856,689.7756346464089
1076.0460469208626,647.4149906785653,376.9891514519993
779.7865835374091,627.0394457109242,166.1613546499682
261.86663994947247,363.8073828198805,283.99466779391
58.74267765926312,222.8839151782953,262.8118194383409
82.87144258313626,134.1416422629091,92.66066452680374
30.09633397205758,-27.47073943581557,78.09039263695823
176.65276961729154,-8.21673138678494,118.95062004704748
188.9108185685997,94.48578333572668,155.7485511491939
399.8410168623505,84.80213049707248,158.55904449853276
873.125604949463,431.3785864603851,254.47277751350708
764.5340284880789,498.8935164410636,83.69500766245024
467.2622849040854,161.97603272503764,116.57387662798638
873.9319557502002,578.1083378875982,-57.97945562728096
1211.6266188758786,796.6898328555081,50.27979323757136
2010.395211958005,1313.5323073940456,455.10044542353467
2518.7320632488395,2021.3097904725928,909.7105474307052
1916.911320272969,1797.7283278022796,578.8229647121664
4408.859025458086,2956.7708909096127,2165.978273530607
4411.490184572479,3051.3567698876204,1668.4195798558303
3098.444948631143,2409.8463812365176,1368.2007226110643
2684.5513699203807,1922.694918121164,1511.6002007602606
2920.2584503974667,2076.9711873709384,978.0112451009863
2076.696472133236,1554.9283700016288,259.0739288069374
2183.401869855017,1284.4812313883149,297.8978285987426
1439.2080948507005,858.4620368877196,123.83442387583922
1139.1456030110858,449.2343480225675,-20.086383188294345
564.2842373519209,281.41077925453226,174.27754151065935
1310.8577266452303,675.626602556573,708.6550838643009
623.3360195608607,371.8384112135826,466.8205702970195
429.9569095878917,511.1777681271098,235.569737978987
725.2854156897596,321.69454869372896,375.7539580731666
412.16696305090784,99.56003591374656,218.988075123137
289.197972553496,234.5301010879308,-3.4465744837042624
439.2420670411124,183.67579821291923,-93.5181754700375
284.9618289880418,17.107674724540594,-75.66441786661277
181.4428539581397,287.4209840377223,-52.986250978063474
401.2930671908705,417.8023023506522,-50.29389473883459
660.9685179583371,450.5279442012511,-74.57556040858952
1015.0897885840424,646.7235995930207,-65.63357624007749
886.4223791073118,922.387356638176,67.40648095729289
859.3307162390333,924.0187821894702,65.32217429962385
3221.0682170592327,4109.680244587972,1767.399603368604
2647.72623979051,2886.7021152155444,1588.0815715988897
1172.3449312076427,1459.438493654242,837.9970983030639
694.4566279110425,441.9609983161192,93.24174374905644
394.7113131611686,296.3419720839264,28.25408192215002
446.2703227484309,324.07839494583106,62.86561654519752
408.1132322250575,349.74547159717406,79.14206630396994
448.60015331042206,280.59873236460083,24.91352026112645
369.2624229793894,301.8576806174396,24.154631795458045
85.03211007386604,9.29295077503395,-16.685446869260026
107.87985582850035,51.84380744858533,-26.1562725172706
13.82786024329807,17.02914913846146,44.31843318667689
92.828450444746,41.25004940750821,-21.3443020730924
53.87591141116635,-92.67746571850684,4.262769778488484
140.809470363609,105.29692863693812,-45.35493261890379
301.161600578862,130.428026178872,15.719760776050853
538.445953912277,158.49796946330972,38.41097305912067
497.5905209227568,253.39642603162312,3.870952176770925
294.0083947440881,180.60568580532023,-6.2091724881394565
642.1640700800805,461.8729259638654,14.804758291405058
1765.9142341632353,1156.3204962493016,395.3817521388827
3241.84435622035,1833.0366043575448,952.3195913798876
2990.038773321888,1485.3750393146938,880.8243731621063
2623.5693610375656,1649.5289283171585,716.2847032278797
3280.134739755727,2306.443591538932,945.6851200005078
2594.882969341122,1726.8911040078472,843.9796074049742
2920.7472839215343,2224.5071081555225,984.4106167119018
3504.747240652912,3024.142959537677,1414.0786386824882
2943.5286987037275,2780.3044588295943,1335.3900567910148
3303.5723857996304,3095.025437353768,1610.114868785622
2893.890146161418,2278.2329004134303,1244.3414893323677
2224.937670253584,1918.4530241821003,844.6780975370114
1470.3989853096325,1875.5313476344952,580.5620363236366
2265.5235476377684,2174.3828879646608,1281.5160114454009
1721.804660489048,1564.2144868177045,1185.8814967960698
4476.625310447836,3770.711277916436,2458.072249943425
2798.3902505250194,1966.225396484354,1741.3925019402957
2039.7813586124128,1535.0382562660393,1399.6657965957577
2383.4762360375285,1683.8306886626349,1061.744625417714
2171.220153662598,1614.3873457236884,1087.9008317608532
2216.3927436497816,1604.0569545137196,789.3829123637606
3103.29580801668,2177.7215233628226,1194.7426056231843
1947.8814630270945,1792.2702776972155,1194.4384915635426
1578.0194303276828,1273.1916485174074,1123.3221297526163
1546.4060725377508,1380.1523774383177,706.5266632276478
1397.8310431120535,1188.5045699348163,732.4170451436248
1461.37286264219,1467.6525163265776,684.960005886015
1174.7550551706263,885.8926401893962,324.906125180788
2242.9586942751102,1415.288852570356,1483.5139253044242
1518.248106798527,1066.333128074847,973.6797175541408
1392.859660692881,1099.3019692056173,744.7743946158079
1248.371802642479,885.2681597217221,115.7931954735403
486.1518644369888,782.5594293772482,442.0781278864484
586.4927630037618,754.583068231281,681.668199382454
691.903496045299,882.5598839559873,609.6236515988641
838.5736341875496,821.422066578885,363.5338959604972
903.8653295222006,664.9896121426801,180.67888823100785
240.90793422002167,231.5317488457123,14.995764120846191
176.40342425974185,134.60121142397452,-35.5129580202106
159.8422771785327,102.7739897143062,2.961771602811785
239.3748377024555,69.03254829435859,15.874544277732412
205.93261612080448,219.2838086196816,207.20948179157784
164.93847299563907,216.63377306419213,84.00010480784047
406.29192124443216,282.0782558318135,191.8411241071493
166.5674756935559,88.3343362356714,126.23891921087768
125.05642216874551,86.97797619382646,214.12405949330883
117.1603960624691,169.46653725067378,154.1076472420485
214.31260964311105,228.75617469556303,91.43236641011488
1417.2384160448717,1292.6488028634203,156.63321187986418
4655.546056296286,4650.655220524626,1632.014846202869
5494.97694666954,7597.268585444425,3052.613760718661
6877.645069019344,8150.508408161819,3341.35837077887
7783.081668240788,9864.478578345152,5112.225768646035
10348.614238229167,13116.353571898511,7162.163713621209
13396.635896156047,15682.129643854656,12164.490013709144
12720.786321551212,15123.81416194364,11588.823411997948
13940.670893456549,15801.247568475672,12617.402056739522
15151.696887545091,16808.280867405745,13996.947463312432
17004.958245761623,18132.87997910428,13634.1568222804
14268.362261528198,16042.659277740291,9094.193785399377
12027.085808871074,13769.36005072104,7162.417760268826
9790.747117035504,10262.575461119126,5492.363817649279
5527.8265563278665,5691.287325511868,3449.9747395428126
4211.286757556507,4434.034174077532,3008.083910303946
1729.1688484943118,1783.481249586881,1346.9184296128024
1076.318377885692,1528.6030677497754,913.2018322662552
553.2339888615452,1055.1299145674268,694.2376637516379
695.6436289267027,1066.6622071753402,433.4781575351605
934.5963215433754,1045.5860075379517,112.74336209704668
453.027085097324,872.480919480948,82.07833102556184
437.3697640530679,887.9156142044847,36.50892446469464
737.6674537965215,1166.67839803644,78.85728556218625
1112.5202476445356,1412.241556818233,224.148475978754
666.0914261729886,1195.09047497111,272.93530259574896
775.308705446147,1242.820036346765,295.9780432133446
1305.897148605998,1326.478286550301,191.28247049313632
812.9651152555755,791.2700193540167,408.5088747848427
956.5405014220024,1080.5188875441763,309.5365797337536
1523.1033636960478,1191.1266995845986,267.0328415029892
1396.857249171518,1227.239323333889,275.0945774308126
1077.0438655281223,1296.6869884249838,163.21781308322198
829.7339133622482,875.3390958339124,95.42571747412222
856.1892216014645,945.4107992061436,33.399704723243595
1145.6701145824425,993.5283990273768,79.23389699619706
965.6480140015454,737.941823996842,124.5820078646926
730.3265990756742,482.8475553816433,46.41894524491138
570.3814024156106,510.26516785936377,112.8209906237679
481.4177403926089,406.5607794484413,494.1373705243568
186.87855016931195,307.83220471936613,386.0641161802375
313.91990439682314,132.77231032752252,301.4300540406367
790.49617129179,390.513725040831,259.8307541590866
1149.8466912599652,1076.7050991162578,416.4109126094695
677.9682280174211,599.892071879484,166.09057290475457
1013.32861539307,652.799416341691,-2.8027623381306794
762.7234622684963,475.55649190745225,-29.30877947927047
1044.1718829653469,877.1776298864963,67.42913741331066
1242.4529098460005,962.1157218192174,249.80803187132145
1572.3229445674076,1088.468457051793,396.4470443034383
2214.6318138937404,1149.8099312377858,628.880841310529
2118.584936351919,1294.9640894199224,581.7985119669881
1782.1417212717513,1006.8765911141788,380.5384312265064
2266.57140416347,1612.6024945148172,641.4240438442267
1567.886633405836,607.8276845960111,229.9845983230982
987.6240926703724,139.358716784087,311.398124632806
838.1324577975118,237.5116856264885,178.02265303764838
599.5655793540909,180.4053828269191,137.09832424604932
662.1615576419758,205.3774422009572,12.869249113842391
695.4211686176643,362.7284221354882,-0.6738914496617596
1457.4632125167657,1280.9507811777266,-19.788802771669225
487.38904364346746,536.2733720746171,788.4815287340946
434.4614447307354,428.3827015202628,546.4132518199054
338.56925270577113,177.5436118966556,598.8820080960089
106.60266517239768,95.35373496856016,-29.106668105596416
1017.1579633980264,893.3788606575016,765.4482753932737
2635.08673019367,2319.766186302281,2449.132435331689
3383.430446151033,3384.1849380521785,2418.370541679198
4008.039833534795,4417.047342288428,2414.536163211841
4139.434690715693,3301.425351077367,1941.3308297771807
1984.1608978447184,1834.03133084,1209.458658390913
2928.7595503191574,2072.228573097073,1928.2594644315325
1781.4790392736516,1584.6677518003278,706.8887076546164
1243.1461428151083,643.8631006224637,9.941003592117749
2655.3682033065184,1929.610178827961,1223.3038667294006
5180.506813943825,4335.382724927942,2450.308838591753
3620.123989697015,4429.718416053071,1401.6692888622945
4506.415731771782,5346.550966040697,1808.433576442765
4220.961607629365,4641.519615275336,2086.571708598155
6203.97347765206,6107.627779718009,3281.985366141364
6202.057199483835,4726.928619397728,2373.005725755811
4108.842297722311,2733.388721843598,2128.03787340318
2304.6758485953856,1667.7278633957862,1173.6165579900828
1492.5153205868185,1203.7192857408106,316.0246403721998
1173.9145521034056,1288.7820996516873,276.6460862659593
151.68728929855718,312.5124164836335,116.66764463563804
285.4973475394475,554.4616595023844,485.6114204735861
221.7508946765387,443.5007492571278,31.90713433680417
168.4715636242175,218.8566368488801,-31.818161548004543
89.2086966800677,413.206318178972,-12.85250150988928
125.23127228288963,233.7086003239254,-0.4602649710544754
793.2115188233761,793.7337811583642,352.0929745546268
775.7564695449753,711.906085556043,90.19990512061484
817.1428956490695,744.4718824923501,259.52636174019455
1242.479221842397,843.9264660722018,307.73239687195974
1312.6398816937974,1346.1396709529006,244.9786665405623
1940.3703096972288,1399.119570678453,44.30591133212066
1331.764706366294,1195.0855636321862,154.76473512654738
1293.062295344554,1263.484278658836,224.9334219958423
1613.778060505242,1028.438624744038,52.81329816976948
2220.8134091297115,2526.994495111007,1096.7230898839605
2149.320484091319,1424.4352479618726,111.99465782796544
2722.352324620136,1576.771598548392,620.7616104352664
2919.353671850629,2210.055842453344,996.9600954964974
2786.00608802348,1862.469840426421,1191.2738164442228
2813.263861211595,2245.254714836902,872.6446083538563
3015.228277987492,3036.3372633973268,1185.848137439602
2757.747712761015,2308.349400956098,1291.3855692096822
3176.745002145124,3043.312926999587,1330.001471947225
1798.159151024208,2083.491480925637,1422.0992067300642
2332.5316317532315,2721.933729250645,1531.3953434251514
3409.600145170346,4736.929183189277,2077.5737382649804
2868.2702108350413,5083.09198759244,1884.465465598463
3204.3793794215385,3315.2288312363644,3224.800319018918
3697.7129533161806,4232.228428121627,3117.270079723605
5743.820602734518,8064.345622422572,5540.883848302653
8078.6384495542525,10367.059628960322,7226.681059593844
9702.587265460996,11365.610319101272,9003.665923427641
11485.230315733566,13270.808096938972,11914.024493157727
13949.30026730898,15204.731612954003,12849.017586454023
14510.112107425752,15722.782400020733,13605.078230090105
14036.04051087762,14770.987107221126,13542.069513867156
15102.088838875923,14747.564546984788,13731.8133369837
13849.842700287658,14879.25876162407,13698.51188838526
13223.35799176632,14758.208836516838,12709.065242591374
13963.295161110567,14728.04059798888,13703.363723742576
13263.87226590982,14156.247978491856,12286.509704020493
12173.546919499204,12069.752547313916,10401.836464711649
9786.909811982454,9927.38087450334,7650.072875639419
9793.65558367235,10643.18134938941,7788.87532227829
10048.58330353238,10426.890157743905,6107.906188142544
8035.063023324983,8036.710012276921,3294.222462312131
3193.474541618092,3110.7614952111653,1673.2938936521198
2260.9391012132646,1657.914194061665,929.5144170584168
705.7347689958202,699.152354828679,563.4193821296717
1461.7212009325592,1434.0485866818742,810.7753156585575
544.8665646281057,586.6505278263621,526.9786770565673
202.9460519215326,130.8520281575113,297.2844288523687
16.060865261345185,2.71946784057427,101.12264694748082
705.3236245216608,470.6937105477127,79.27702750101409
732.4599898955811,652.2554043954889,162.72143503384424
614.1167538365378,850.7332921233349,410.6647625501064
1064.3514672017889,938.2471547104813,305.6655757482933
2436.5792763355007,1641.0451157195505,681.9738730676156
2745.3102170195293,1930.457418753057,1681.1566026304404
2538.5954615514265,2533.391960909703,383.35261851513945
3103.1025743480577,2503.464700819163,674.7404679158717
2521.8258995772885,2553.813432691191,949.5444805676772
3607.049932825282,2111.271439206156,1224.2745976070178
3320.8166825736816,2212.0238698796475,928.7164139106378
5509.339473082096,4539.292756814628,2923.0425053396807
5563.608938866149,5311.371354294689,2516.441035321709
2882.751161106264,2504.837490486312,1248.5123009163058
2228.774527417128,2345.5327008808254,753.800986746924
926.8545407032308,1058.723730786029,358.6185056864416
999.541936347084,718.9163071458354,249.0243267065413
1499.4554879350385,1305.5240092454671,690.928117585983
773.6754615455316,1018.0448436750086,660.4902125505654
488.07402828123344,727.0690222642222,1190.604437107862
69.29928921621016,-76.29337597968605,645.8467474925237
255.8995245128628,80.81999519793457,642.4690666908724
715.1467361364623,589.7876757535366,819.1156654503667
607.580230174989,560.6676785324183,618.6265689035546
1101.9610374706845,890.2500815126347,442.9064610026045
1433.9201960305434,1486.453194824107,430.826582450859
1493.8448789448455,1600.9685603337189,759.9867697987406
1224.4304554650607,861.1977089093108,859.5473499066603
1519.04353037417,1206.3900316728452,909.1410981234068
1485.3326385424832,1328.6935203794485,848.8855089503961
1411.3647608809608,1282.6612165959327,947.4501631407873
1421.8479736237723,1126.7051468920374,781.1841166212832
1514.5306160273185,1166.9942769920465,934.6546176091376
1683.471586506407,1499.7686415094097,379.5074326493856
1274.4471426189054,1226.3175043423528,480.46639805701454
1460.9618658309494,1088.3547653172586,345.0102461431426
925.7957348904896,668.5786935739875,217.41333400097403
839.957016056861,697.9512206217319,259.53422181855706
903.1235734474528,571.2308687581294,310.1817566747448
672.0464054513046,222.4103799428843,254.2519707247235
758.7568266450429,319.09380303295893,206.0856236438592
989.8372568119516,777.3630553320893,377.14403804306176
287.4434271334074,330.78678191667933,303.97466599426275
477.3722883426741,467.9385565272121,498.0366942639105
582.5173147913412,725.3288936105967,490.5917668776564
506.7094840083962,626.1746625542486,385.418379786965
1000.5364564919008,907.8897557783464,1199.707410636525
2317.334481874977,2214.349089457871,1889.8972539941883
3857.383368990551,2972.6823243441804,2280.8121105888818
5574.888168706956,5504.065634650903,2851.897459929716
6269.802438346952,6699.308530042601,4079.9449380812152
6199.422226752669,6793.1141208573845,3512.2904572914736
8022.401989307626,8404.841769850937,5038.09394304912
8065.072173068209,9611.000280024376,5462.7510365185935
8689.67992214476,10204.122594587046,6063.56843759025
9632.858160016487,11963.422029712465,7814.131074839591
12050.255838875551,12631.058436498966,9836.016629503774
15612.95125049178,19502.150630574983,14249.228359448263
15584.972246549998,17967.280820358792,12859.666195003869
15778.822310189524,17592.392148346753,13378.426725133708
14816.290086127095,15771.737356649352,10602.940624161643
14390.51689524949,14288.07707567476,10251.681554998277
11314.495146090125,12166.837281715389,7603.600003461601
9422.178705497974,10726.06871607277,8120.549070943294
8313.006371250834,9275.106069709773,5792.544057786281
7622.779614560967,8228.600410787903,4019.31113621489
5112.784474998019,5657.764543538098,3185.736564558886
3999.8977094112006,4968.784646339842,2458.147785466228
5445.599151465194,5243.66747496039,2734.67833593824
6799.032319915129,5781.7865850313165,3622.244903241201
6438.625236740906,5087.332454492615,2981.442575017448
5769.100194797205,4733.878559527883,3779.001689607385
6220.865917520896,5048.091953952431,4387.317792777244
8300.582256556685,6847.649123390427,5643.324527014272
9702.760235262876,9931.859137836496,7176.225010290572
12378.78567606655,13224.96094387488,7271.187106088183
13458.279473165185,14580.169580179569,8426.773641240585
13649.920809990936,15516.179158936002,10064.437987144574
13953.394657705596,16938.549485249652,10654.452341081842
13810.30611339753,17509.45812969207,11770.198572577883
14011.542057427476,16834.323399830428,11817.186314069862
13740.02805986084,15552.755673461515,11359.57268700451
13380.823833950768,15576.041873679036,10619.09548988245
12912.052296931197,14696.693881466765,11183.84145722276
12508.930302131215,14617.773462009847,10846.433875664172
12243.643964873156,14697.090618039128,10330.470114259617
12408.55344113482,14669.242700786854,10364.081167072356
12954.08893964264,14830.797218639322,10149.63792887726
12632.85574245318,14887.989954164474,11201.36534823246
11607.090893617977,12640.329506072594,9601.964358247023
8906.286779894728,10149.267076357604,7908.423660193053
8767.483234451709,8821.713763459085,7724.023291448514
10345.747398066447,9610.058636476237,9645.80095653516
11628.23768466016,10862.241963854343,11624.74805409843
12123.9057695613,11300.843898736512,13723.334210773646
14080.892373523426,13187.348603782197,12962.43698762847
14494.82290941119,13723.341665108654,14411.906713355933
14590.837859099907,14136.06006267891,14513.641282217555
15152.565561481044,14488.861497399925,15897.350232899458
14415.572791341125,14788.065759723531,15242.672837840304
13988.176300640913,14669.538508921414,14215.244167248413
14126.74094939954,15188.45465252489,14664.797485292676
14175.525972403846,14957.007730260852,14511.055745915615
14335.47329783134,15480.286935022425,14112.229572667857
14165.236126176882,14707.05856521241,13541.762453017009
12449.237151187534,11522.266346803332,9725.537301078351
13961.470571594333,13742.158504624604,13318.048147300182
14836.272963319125,14412.90692219323,13823.221097011055
11981.098900131845,10787.095426915968,9547.155858255552
9842.985988605426,9282.377611073984,7969.255827511191
9507.372555832766,10798.406501653655,6010.8601048597175
11155.40196288572,11097.575916907084,4536.654181214366
9640.350953990586,7941.972321237085,4338.588167219298
4551.304903013381,3997.434792586376,2861.602549272827
1622.0632101487447,2050.46930694864,1347.4220649356043
787.2610132905927,160.81421288528105,343.4242568480332
698.0371882079963,382.1559573677761,670.3405202212404
372.5622726866913,89.86334967517787,595.8545504621571
-23.563267589058288,-25.62880103583264,237.1823149931875
444.851589428351,62.29955375265364,573.2860122593277
589.6840744977561,972.3251413374464,864.3332471390831
523.2815187235409,992.15851033924,631.8710934515343
511.6697967362592,1283.844204816521,770.6834554779252
910.29073830805,1194.8820649899233,831.9770053051849
1300.8033166531272,1171.3604839203492,866.1079063288241
936.3133427496588,876.0098466144706,452.41408397531023
603.7527492151422,562.979941990108,387.861332604208
881.2323559205909,895.1102017204785,442.249635557585
719.1505530548383,665.2364713810672,174.18988954839483
1337.6120310764634,1082.259763400163,860.9493251530234
1097.0709496686711,783.4594059589166,779.0840780796823
1084.3478105086103,833.5349550956435,852.9509437795667
1076.5976854220326,643.7431775511842,867.5354567685943
1365.4660114372873,987.637777457695,769.4744271551091
1072.280415494094,876.4312166944835,814.2256533036833
1090.3498736494994,975.9270058428468,891.1638387134726
1349.522642442734,1121.353189455835,1029.379351327031
1391.8756714481874,1316.9827713912614,645.0659307614774
760.6638105068541,566.0603213262835,475.0322578366439
427.3381535142764,388.1080320722904,185.34390789890165
138.49008656939554,238.2072699180688,234.5649839682162
35.3299975716309,165.77721712169603,284.3323137426094
235.9536686491512,225.1381047776724,182.955301618767
104.54663398611088,210.605242955064,162.65142058086107
179.101103132134,247.54998960924647,70.83212503750165
510.0689761893359,388.37784090397673,68.73325348720523
257.4589990387091,317.30612388004795,-111.5240784780248
327.9250638560529,378.9345678235735,28.57268324285521
192.87096036942413,99.02597613130972,77.73300193809382
159.26434821347388,165.06099539790446,131.80148651995063
-22.25744758870391,264.9919065400418,8.467050682166692
47.05969438538905,296.47553542808464,-67.32863628611088
-47.59443787195771,70.93492045692697,-58.01628052554723
101.3302806919784,183.37182087172928,66.93535567879867
142.5328535470248,38.81068877919041,170.06827622471775
221.1940577728206,143.19017616047128,-39.74561744662417
516.1936087609345,206.33958588596204,377.4576932131088
1035.421176965928,582.6174423282001,658.7243905944435
1173.7181174848713,1063.929682710564,793.7002034347656
1108.7759330536346,932.3804078312048,774.8020599562782
485.0192081881392,279.5985213078706,228.7048510264353
438.1348484052091,128.66850233385438,196.30345531447009
75.41014632645089,-63.67105766376878,74.95273551658661
56.796817641922864,-238.7819443145397,108.23842842169356
416.6138297549092,-88.34193845034034,65.17434316453783
153.13860127138324,-46.555596912337386,144.8733264611739
307.5959321829751,30.09661499273844,117.95336344042477
217.54194396051332,13.297138693465524,252.11124321755463
672.068642909061,305.46844571121323,228.73347779591148
538.757101955016,379.4973873301988,410.06245714417634
946.477116442064,681.6780702561176,216.5417477229492
1242.241319377476,1398.8561268253102,1024.0683098749714
904.7876280400149,424.7161717750935,344.367335096354
872.0633012726279,1347.5145083339578,1001.1270397009048
998.5203407370844,1041.526133566466,872.8981708181547
890.9627990098224,861.1310432140149,831.9308577424547
914.7212501845188,1107.2330938094894,529.464952557612
2207.058687541491,2784.4425560760587,2243.535654589931
2253.8846240635503,2399.1642465979744,1313.3341199431527
1321.518251982362,1537.9402722187838,1086.7467375222095
1269.3729922614457,1375.6763305187808,1005.682979817654
1171.5589074832446,1521.4588708501724,512.3970912518471
684.3389745103367,852.0505658957115,-5.848316580237606
719.9607230501177,912.1309288194444,23.25771199716681
639.5959986655781,759.2510903733349,-164.2819687036062
630.6703920332523,747.8562598342304,-44.49347352462416
358.57270863063366,249.92472459846547,46.20769448130645
411.8448486509303,189.13079511678976,30.53850842302648
870.8609912638138,819.9265373644001,767.8356267243711
1001.2164079878128,784.8524366228373,500.0605279310015
836.9312184588438,379.7387627898192,251.5769982490934
443.32707298255065,236.32227771161345,34.59656228728637
1340.539754020095,1131.0997625223886,149.54881897196455
1605.8394091170014,1821.5392121649977,524.1942907550481
3324.46081458804,3119.873298524599,1270.195689105894
6195.445315449841,6071.310817406972,3143.969037232758
6947.722765187774,8783.5315467715,5708.50927518701
8775.418675174269,9771.224547483189,6691.739832605087
8985.461119749256,10176.047734734202,7299.289289300874
9068.788212021736,11053.585946640089,7845.505562735634
9772.123994217587,11109.260734520736,7272.932200884872
11292.233185267884,12275.810575848582,9155.980726341377
13478.856556445964,13447.14273739524,11695.09917422304
15530.279862985368,15490.421600964037,12481.853894830492
15229.382988222746,15364.29295660028,14918.623592205706
16579.718475471756,15587.590860743634,13861.138690298354
17511.85947069652,17673.822409537188,17155.92983481733
14188.23419864219,17361.076981915936,14937.859278150254
12594.685028254598,15609.592679080126,12647.90173267735
15877.581696597455,18386.177209657904,11639.172071629651
17797.022063029468,19684.45218480008,13408.381550568154
18382.39866167609,19849.265125866663,12563.076711269476
18612.34831371496,18988.010409967603,13103.175360911544
18724.574938414946,19624.22506247468,12987.968727045803
17903.337734467685,18799.80228392287,12767.17923821619
18415.48967541428,19294.1437737889,11081.10189884914
17231.872824662383,19867.141753849985,11382.281425594663
16926.483246926346,19064.324375795342,11782.618275153403
17156.072513488296,18876.79450562072,11566.542718411223
17209.45949975372,19426.72952088774,14828.03293106302
16584.0155031481,18542.945863995254,13596.549575090989
16594.905641303736,18649.443110628272,14692.783032008016
16689.90329476371,19017.51827377124,15008.721342281937
15858.91653278178,18508.56933567333,13920.601430786555
15413.111209407163,18761.460458568246,13462.37667154602
16616.937767747237,18807.65935943409,15298.10126388476
16493.126729202046,18891.326782890766,14367.372823605276
16229.813255009003,18736.251130390898,12264.142853890256
15242.195851990677,17572.695369480116,11220.16345639636
15299.742133193557,16838.655099215426,13567.902797498671
15815.865537052265,16848.385753024926,12683.761159309475
13439.37954168802,13046.158514262186,10501.877524332343
14539.91282800191,15965.451864532775,11111.804764341492
15289.449350727517,16814.17096005605,12425.429465542447
14971.649293644186,14243.417358162063,12774.80516953298
14444.788748970332,15069.538288258254,12954.453667237012
13351.506477619325,14214.10670716166,11363.036135767894
13491.22537032238,14524.899364363797,12422.728892767682
13967.310408997397,14225.085722092756,12312.869519161492
14348.9869188488,14652.163650004,12205.958996877793
13480.116908127682,13110.144172564374,11373.162768076574
13162.947358321642,12122.184313517711,10486.179860617656
13370.435313028018,13084.603728587655,10733.127063086376
11958.48932649326,11743.639662188303,9674.991500336037
13960.887964899415,13079.018087579412,10667.428347302515
13688.160978912983,13430.048766488017,11020.531433389631
15139.99809024536,15906.917273303829,11925.06338432449
15769.371399142228,15795.232079638225,12023.409875975954
15641.64199733062,16201.559544105108,12476.417901778605
17580.13216171683,17799.94158574336,13187.461077184558
17429.423339361656,17143.12896984938,12407.503032299392
17571.02581829773,17952.467461271528,14142.845975862989
18324.351761915288,19058.873850964508,11920.237711193393
17832.855674811268,18979.2377863642,11137.336818662809
18028.87760508363,18802.317608179656,10916.6237395501
17125.85676489326,18947.87095911078,11688.42962623106
17300.30208050913,19151.6609113169,11028.669559559612
17274.03259341512,17728.085507185748,12644.034487443214
16574.152190261455,16679.510168063844,12000.615618442613
16633.90355087859,16977.75991972305,12878.272482552364
16956.826490545554,17785.964313830667,13068.963972909329
16879.166024494796,17643.86743029454,12888.46059871556
16133.42522258038,16688.193493608647,12529.563021567888
16766.315242602057,17284.17198334875,10203.463404146529
16778.40950670751,16537.880108395046,11252.007368228404
17122.57960077718,16130.792355137926,10818.488306244322
17529.671947164752,16160.616866808832,10401.20980984978
17679.743812392382,16066.22425793427,10619.74125020376
17498.823054677643,16636.221622706697,10381.547323470126
17882.56790375056,18295.961087603104,11520.681626357173
17849.10086386915,17514.445494057432,11474.32477284395
17921.108509061898,17122.806816154934,11977.602487880762
17887.735918759525,17458.134780665972,12802.342589006255
16992.082898949422,15754.217466065891,13767.750624090291
17322.581599887213,17272.098149374273,14574.137365400613
16808.957692462427,17286.490762220732,14183.113366528863
16817.782376057094,16542.18611442557,14466.98164659484
16703.77005251598,17392.000917896316,14719.517188193702
17323.98292908316,18209.710917015684,15275.45992030098
18234.99085220124,18489.57508717766,15205.293609749217
18403.315063677408,18455.7004390926,14505.048213250766
18218.32922001114,18423.19387871024,14394.679168525152
17866.531417029935,18478.155049348683,14062.10274464862
17478.4006955232,18492.122389973512,14296.97147913354
16086.744227474435,17396.986009671575,13675.253998724293
16953.906368106083,17303.66407515452,12380.749419415688
16384.607701692894,16736.068047593868,12336.316450684562
15311.062740576905,15036.230373039827,11685.536186458809
15263.0676605304,14823.329682784077,12169.769654593105
15510.357046024452,14176.470680370618,11589.127722010518
16015.217011487946,14882.997130964584,10829.602581112766
15968.090346278124,16340.290117686993,11406.0880953856
16078.02924497206,16623.65376707652,11980.09111628249
16701.95176607757,17083.87523757059,12746.10524874875
17431.14579514948,16728.190367241976,14828.891208706542
16800.12146386574,16212.520514382004,15011.06270143488
16936.947476715355,16803.638167753383,14243.688610367775
16945.714151305907,16558.90810758176,15127.670982883616
17580.80427196037,18630.374857212344,15946.019269768783
17714.16284429561,19165.97244005827,15496.42934314656
18289.82645414198,19123.67969588974,15471.561213713856
19048.07217868049,19661.53379429991,16600.117633369435
19883.689938848325,20102.88238545745,16605.194482841664
19983.558474590096,19960.297976133606,17340.124978668682
19917.31998968409,19879.45353144175,16279.244894219211
19312.09716687181,20019.477557131348,16555.65469736559
18585.505769771,19057.175807065003,16202.788607182889
18266.45846025989,18372.875976227955,14524.513568437756
16948.78733980334,18296.90673840865,14398.58873405848
17231.583984425506,17935.166444399005,14920.864435815252
16938.668106297628,17840.402773459755,14619.676977384042
16883.382822567455,18225.175509182354,14820.752252347647
16337.756024989452,18522.56216594507,15064.343868087795
17532.19264110724,18638.8817719058,15620.354229078745
17492.640655110907,18999.682667602712,16013.29216382364
19054.447946195127,18596.55765148159,15390.084026653976
19307.80919011464,18921.495648722503,16153.353279773788
19268.035600064923,19177.43167498609,17383.266395423052
18402.5245058084,19062.55034427798,16301.324908712431
18078.92233972122,18809.414591708733,16415.480770831993
19001.46148751104,18655.45806150571,16645.971236749792
18634.64464608213,18607.251187565696,16250.336920851089
19367.71090881722,18813.31297722307,16346.2003532648
20237.67957305665,19836.930623546614,16993.609326023176
20030.88546455712,19348.165898747407,15876.125178877955
18497.910291339187,19070.540432427053,15449.897351267417
17342.03501376751,18428.294871916874,13386.061961689533
14776.942368594946,15964.61487699681,10733.372796442954
12444.81936160806,15680.84338554144,8195.14050404423
11459.853044912968,14726.9686323379,6749.526974705195
8519.351732564985,8912.832001338613,4666.619040067079
6136.025471018605,7227.656629559111,2862.219682385182
5412.292101539149,6422.745844655425,2762.84233573184
4775.163787539492,6269.934870730972,2873.5062939954287
5564.711574846014,6320.148587413093,3476.435361009498
5176.476606038926,5495.699079135627,4059.616997919296
5738.869055875777,7087.547309667077,4766.9566597128105
5898.876724728832,7510.355995007444,5085.111306247337
7796.747669995105,8838.177724494466,5529.656075069361
8606.080975429219,9863.917279231518,5653.142420452556
6459.827581893602,7572.488629267599,3410.8107352231973
6907.07723348337,7945.090941454206,3856.0299944933818
7611.687010761828,9474.956878040475,5572.282661421374
8159.90334482586,10206.249612305855,5632.76119225394
10346.436307004084,12534.943195673815,8114.753533257501
10434.703293168694,12983.5942937138,7047.508731507681
13308.126979826118,15610.30548870497,11007.813007390205
13002.662203723556,14354.2934048176,10627.447207144947
14265.222269750797,16366.984455114713,12321.719848162697
13013.296417177387,13891.010511450717,11317.516062378849
15200.707892163122,15754.3348714672,14403.02167118316
16151.066543964736,18119.93374534176,16237.549860225705
16172.092498285438,18457.49984598289,16423.36869297967
16021.528818001343,18687.43752645,16265.777065089082
13016.23430681942,15109.139465500724,13152.090558832588
13474.816944594964,14955.061992298395,15151.912087913828
15236.472113529651,17286.750064139516,17450.282777900495
16586.14358537394,17883.341350864914,17654.70250869042
17126.313720156304,17752.33061592938,16245.175483991554
17838.745809713353,18149.992210162105,16614.796355853316
17321.976564223256,17716.85532159606,16214.249534679306
19377.294977564983,18054.903643938604,15964.635686621004
18149.210243732185,18486.296746602027,16171.070840201946
17412.297809660053,18436.70097550344,15942.362397290248
18670.029431558025,18344.74304985346,16612.73511329105
17172.819600724903,18784.24308831675,15974.009837042497
16480.492439680955,17645.2573177019,15941.766595799165
14388.819670488308,14253.32870070267,14478.5110492424
12850.144425979488,13146.068980269343,13625.954588843728
10819.307893663436,12329.172123342349,10023.323994530385
10572.188470075607,10962.81199342739,10419.8104261427
11051.043801364576,12252.617137936397,9837.612176502334
12519.264675061486,14466.626585340078,10540.507829925911
11632.051983610883,12319.01510914836,8711.588634700698
11177.687087255536,12182.64384241015,7956.375260695502
10057.492314993877,10805.518308807475,8085.590352022828
10253.185506444312,11556.534542356403,9229.868833725965
9445.946334899294,10654.052388748609,7719.281485575208
6435.020640622796,10649.192380133232,4914.600531167495
7489.740448782014,8936.605401918576,5806.312989991104
8530.041652846754,8785.63722740539,6362.101896634094
7790.233550340704,7670.234137446683,4496.827016483719
8673.324775961344,7779.876615165256,5926.166411702157
8011.410991969055,7019.551958321639,4786.687301935406
7617.978282331691,6721.705702945791,3466.304138761801
7423.216290166075,6151.940412909694,3988.760827904867
7038.937231156541,7480.12917752775,6692.160206308787
7978.01853354621,8065.580234557601,6697.439124381106
9509.63285623107,7926.689381606349,6959.172126327322
11721.423133033986,10450.315561350872,10554.308570459025
13594.49045286211,12160.902359561824,12075.001391291768
14083.142808041954,12668.92361405332,13032.866167131047
14079.378776375284,14485.603309629963,14600.071251533458
14130.5944554854,14124.782457194951,12650.184306441994
14208.946983897133,14893.367512690173,14168.132675881112
15332.566703125149,15161.737135121146,14280.406360108149
14491.583841239131,14376.615128162735,12900.513496229682
14429.555495585491,14485.314723041249,11934.147258474386
15597.493345535597,15173.46319214618,12224.857319023173
14364.264876161356,15034.738143751372,11593.616013200535
13633.493219047186,13266.44493058682,11098.733069566626
12844.03584999698,13153.421298653931,11507.375137427627
11561.307941545416,12302.97638375366,11117.231652884924
11465.200114687404,12078.600790974797,10980.306841074776
11648.914487105278,10887.10967576542,10633.2948299012
11931.453561057226,11436.646159344167,10939.1553851199
12477.682636757914,12417.121073342789,12322.533892744204
12615.061817914497,12560.6138504685,12566.674319056869
13677.939610762016,14636.300983245548,13915.181513019426
13969.521533623549,14854.069837172212,14967.449806699606
15025.4883557889,16050.2135436699,15840.147543465184
14881.381599240944,16165.03174712275,15041.437783335074
15147.542796202211,15178.811264936416,13989.861880143388
15156.256879210836,15622.676613175932,13803.776785132724
14885.296903620463,15017.096820927502,13918.105292206144
14884.750168119966,15422.583552811357,14719.025113477712
14670.827062180282,15785.658333686462,14664.553723440304
15653.221949511715,16756.4578507925,14435.554842136427
15570.558644203757,16429.78359343328,12720.86616530719
15207.534282508082,16172.727703722428,12427.717916704123
15451.23781083208,15651.712691543164,11537.30559675136
15779.413113528137,16231.136082190627,12602.573140312234
16232.523489924522,16915.95189499968,13620.371136593763
16336.099427714917,16945.281331074075,13788.701436220934
16416.047274802713,17736.7079696832,14228.086241702023
16434.942219781635,17122.859186088004,14302.94893455695
16243.77439491709,16856.643227005607,14052.106246701098
16592.696648613688,17585.754471132717,13992.189886515476
16827.857157221224,17613.941577216763,13713.840777970574
16579.133549484588,16511.267220097612,13394.718004330856
17009.89621922794,16800.637325148517,14544.730642890392
17031.928606699264,16933.105664745126,13958.076046908538
16828.46101791117,16368.875328094728,12879.51301958287
16826.02667355805,16830.209801783676,13592.590313803668
17130.913940864095,16942.53784247092,14033.464225649454
17061.919438698467,16836.581026738062,14196.94353276034
17089.926946307383,17695.68636000356,15495.566081214502
16980.907767842382,17541.56192679761,15672.255050068983
17404.43105160608,18796.3978881452,15257.70851063347
18243.42944302986,18845.89712824841,15149.081163584398
17778.916454229864,18436.53197985005,14441.018646221402
18123.27973828324,18718.462690382214,14416.045588178273
17607.895751258246,17650.70586220626,13384.425844712969
17411.53827507341,17499.9502161394,11934.810495132697
17421.01254160356,17750.831232163426,12249.679505010834
17408.721472422527,17919.084709976843,13032.54742804481
16790.88234781777,16799.897120581012,12721.10986665922
17030.20956643826,18483.017779263508,13435.553394614948
16399.359480566938,17974.26356916526,13106.394081977864
16113.73051689179,16969.918034408343,13337.94369343516
15561.142985815935,17059.78568316911,13235.201916693366
15405.054364679414,16966.16268562589,13278.933024838238
14969.747902456947,16558.269632357635,12794.453280582818
15552.388574448103,17172.16599153017,13879.155055511355
15809.441011360206,17190.19317185028,13887.178822796668
16168.275195091035,16819.53352010908,13001.692040395084
16282.584873913924,16725.663681821912,13909.848448804389
16268.99143780976,15922.89342412353,13421.28872699814
15682.785983482085,15238.534579938285,13325.150719083873
15493.250477586898,15407.472458819397,13638.325261596538
15245.122671516498,15284.297035110438,14128.670145174445
15552.38882388214,14977.45993682347,14019.100992711448
15253.170102007036,16022.474191384314,14626.627338071949
15037.11328058832,15450.332204376184,14581.494742089952
15266.394423412656,15810.485112415949,14559.02826856064
14612.187603212202,15688.986947888376,14219.68660330772
14533.606267212956,15572.166617663825,14696.899619117155
14832.858343671887,16848.262812981007,14588.223826468738
15279.594219786202,16833.793569479298,13869.504782782651
15308.035655122285,17169.1170893277,13659.781915377283
15654.298901759474,17707.37637010688,13888.208661672432
15821.55247032775,17803.584067106018,14177.378249388148
15773.300177411356,17795.97953066192,14331.526459548144
16139.636721929408,17559.35078047649,14064.171603215796
15831.811943221732,17060.086870549025,13932.628479651376
15416.172705548775,15563.800169638498,12721.822007099348
15185.181635931136,16257.825841568883,12618.420117957636
14916.45620784376,17371.82556128403,13431.153166171953
15705.583331520636,16987.128581646633,12517.078577726226
15248.451339061749,16812.544062241785,14183.446387243925
14465.200570171442,16266.647501776157,14828.639734120808
14473.836361793694,16506.31006739488,16587.294468542514
15022.237127857186,16447.87850587989,17404.626648147703
15156.505157943717,16838.979489364385,17196.58071667983
15623.630924309287,17666.13660661682,16729.661128006195
16559.710293015138,18112.11446753452,17339.613826109042
16592.241596055665,18101.98311682173,17864.86154204416
16490.381266724624,18627.74358783425,16945.939938768723
16694.82323791301,18010.127923984684,17158.04431324509
16179.022122173852,17144.03849161568,15690.864397975176
16666.03344702667,18028.97827962161,16865.928930239366
15950.95481454367,18857.752017961924,17181.21699485917
16267.309370590196,18615.228391193017,14689.216325305557
15755.029136583476,18415.45137602233,12603.08671376622
17311.229913675637,19222.270033206933,12495.047073650445
18284.91513033548,20616.240439129084,15008.809594694843
17958.79395221152,20207.8755756746,14780.193081568028
17077.236587004118,19254.995964823764,13899.277940835622
13051.78151442333,15316.063890272815,12149.96772789433
10731.148566289312,12100.45562223319,9942.30313172241
7469.827526447024,9434.07156406138,8214.270238489213
7524.538600673933,7663.72211638314,7206.208859561696
8772.49703638711,6542.759610551408,7249.565085906102
6420.672461826147,5510.17729041289,5807.625142738482
5793.78127634984,5167.211180254874,4335.079983453828
7233.432728062955,6402.670503027614,4388.837404388223
8500.4575459921,8860.465032674942,5510.576791174546
7100.783507690969,7369.182640695714,5467.308792630339
7255.351744864738,7723.3085510378,5940.284880929486
8077.320741632533,8679.381319275137,6724.841782169036
7709.341555081661,7899.956137487966,6115.793624420403
5960.767948543545,6468.263679020008,4611.521442936132
6588.468205467385,6369.067229010992,4712.163195870962
5395.109757661683,4666.401776242806,4115.823837670697
5466.731571021133,3463.825221264668,3441.010002749241
6539.467467801644,6495.426315345619,5660.055005965235
8494.001495057762,7680.397637620078,7743.396312598529
8248.738425338319,7570.231040827977,4777.851034471217
9156.86246498754,7477.984805720173,5996.772504753479
7169.495975662371,6091.746462152988,4211.94322741366
6662.751803630532,4733.261440103771,3576.934325606078
5932.966945644614,4235.233615329519,3528.2328071085035
6953.510234820451,5941.374231391148,3543.234339289158
6703.251446477625,5542.879342228768,4096.142414067706
7380.497418379317,6655.277665176849,6244.489799035599
5465.201542950675,5352.119297026919,4442.156570436061
5162.030659250565,4266.617362369676,5053.804637014698
6693.036204407845,4950.846954196946,5429.560312467457
7013.06183380372,7755.096062050928,6274.024981528944
8616.42862749159,8747.42303380406,6881.504425087209
11924.135877922616,11728.641061292416,10144.054765025145
14796.350193158722,13875.831846054169,12509.717070242172
15416.252293050293,15835.299591409974,12901.37742706577
15958.579356689164,15878.3799723245,11640.220109489068
14862.487941573276,14728.317820290416,11858.555316365277
13585.397860381372,15272.432286071848,11859.939253173548
13749.897256356106,14965.408665138151,12271.367318202623
16940.359417310963,17506.454167752003,12531.499857969247
16916.597422938816,17311.748893421092,12937.716759323945
18038.007330186752,18319.853091352543,15436.943125195872
18716.02868182713,18823.884734377752,15936.258516281683
17979.475815496928,17799.472336178875,13805.920419567765
17243.929222235725,16266.08337530131,10386.594350722917
15153.293079800467,14094.536639614384,11068.307675578755
14019.686716700196,13018.33054680515,9139.422779007156
12407.950432282203,11479.780277365811,6290.062464636726
6612.716073680356,6118.910690107386,4685.776325086911
5538.373967036654,5757.460169151277,5318.316165244435
3360.5445786891337,3725.57353586805,3854.72679324642
4095.598660993727,3793.500702901372,4733.857183203534
3393.4307505526417,3050.550461248381,3646.91390382553
2929.349695183266,3028.243605111364,2633.855048226692
3145.0532867842585,2822.399409948151,1753.0661714284893
4343.979501346987,3449.629073532074,2719.5036478073694
5372.390002998051,4340.586455162157,2975.3352992066143
5566.044909556609,3850.612005775479,2350.96760342675
5706.785836810542,4064.719163067278,3224.9627367556336
6682.503586518208,5376.83966535085,3716.981645078733
7432.3899181486995,7287.2271444353455,4111.874230670192
10764.140252764624,9524.61464340621,5450.647768943737
11342.091043808769,10394.970273939802,7628.686101793782
15846.764923086184,16472.492176242402,10829.361846517242
13797.212949637757,14629.532653737737,8913.568274126175
10781.282511360803,10077.889235210778,5827.595451735562
7988.431012055053,7105.910035296936,3428.26996829045
3866.6226552962553,2900.362292770344,1842.6033320919887
1149.4208796146088,668.4627774384215,533.2578410439345
1405.5614776393566,762.8833110711881,1185.4280952011643
1593.1950107685043,1609.724858583426,1327.6554589942384
1996.8844482453032,2148.448803968377,1305.0417160690563
925.7419360219692,1017.0385744711592,287.0888617221854
957.3856105183494,981.2663433535432,273.0305049059392
-19.824312377751315,708.712735384787,140.9986718936069
-4.413638646482616,264.5070445660754,254.9624256532944
37.89942042367178,256.4934247355924,96.96033612600408
236.81621075109737,258.1005716216014,183.9892846414126
554.2733004432453,803.7199714714561,204.18642327684915
585.6696675173516,487.8088096696001,194.3645487231265
716.8426256369197,707.4264005826758,-77.10379625785217
421.0362975425424,331.83717646717935,-35.06559664726684
217.2333876699936,-129.65575063155964,-46.9252191022795
276.7635350896159,-20.78193694089546,122.25832898073982
159.29307905847696,-31.91633376398768,122.65328825875564
211.49636733414937,-58.790595277223055,132.24935313125908
295.0247566659167,49.336038982906665,81.7427803888776
163.41025453118738,-187.7278115628023,199.7427549295776
1133.2415313251092,985.4801569775132,1283.2161392475523
2079.375213317532,1476.720788255338,1683.093525315019
2006.5324211148093,1819.3149747188388,2561.572987309518
2808.481381218304,2048.6949219895228,3417.680933756209
4179.298344329,2979.650845640115,3990.024476963881
5199.918346192957,4036.74058451612,4231.482955878987
5732.828058825314,4901.336930708618,4536.66352474392
7313.999339441848,7419.403812253641,4991.548413836807
6382.898870753037,5954.8057929648185,4905.314164063856
5740.332025899024,5715.8173771504935,4216.070074630306
5005.711056966132,4576.247427061975,3636.988637418218
3436.094178698273,2725.2488082254786,2906.142794421954
2032.5160572707111,1491.506742882107,1840.220973068928
2701.1452621760795,1713.0543515668849,2122.913104013101
2681.968392865884,2311.3177326390123,2239.287201531928
3061.2751493435985,1893.527638934129,1182.4835054035102
3402.870157407058,3341.963522268602,2788.511385487647
4618.854835243875,3899.746788541502,2571.746132312825
7981.330106808395,7691.349647216064,4235.825620296605
8111.768650628103,7340.905263994547,4127.467902868014
6401.677022035158,5272.394025332722,4020.161466726821
8946.778116148673,8468.562552045518,4252.350829659413
9319.180462124894,9436.34320490631,6125.046437760432
13747.410852525509,14788.051944145864,10234.890709170704
17464.485986584892,16600.01807072332,13077.14719231674
17341.952578054144,17198.759912013058,10928.67976010198
15685.37428686788,17430.445894087883,11434.08988769462
14279.218004511382,16369.593351061842,10653.028873660576
11963.026916649142,12553.984682458517,9069.89927641179
6086.484348006419,8050.156462736154,4833.048016561954
5002.553574926316,7733.132706379853,3747.567615382054
4456.434570057081,6379.517905658816,3230.6957232287737
3957.7732656960334,4825.546743865612,2710.194621426152
5934.083291293008,6896.401550262461,3000.7341826011525
5048.049076908007,5500.026747655028,3116.233500420404
4953.553368704637,4285.414074705409,2631.733642861443
5231.247605261813,4121.591060244035,2160.253719397789
6584.493107093395,5396.599501656057,2924.698864573886
7147.171143667255,6574.424911447261,4157.369578413706
7562.0992162338225,7117.961552897843,4582.6883962862685
7574.878576358044,7889.921889032837,6142.159548093078
9585.499004358891,10143.164698358014,8167.824679234848
10495.698610002944,10950.98787558647,9535.531239736509
10332.554622750962,11541.33359152587,9683.425744464856
11957.124451694272,13746.43424960084,10581.501377548182
11814.848002267903,12451.34242615536,8609.54021655345
10842.56881860137,11027.573539000638,8028.198298289997
11719.689140985956,13606.889434941584,10374.61357176418
11420.612906067525,11485.535506150434,9421.067471262266
9665.308854829336,9646.587126801547,9417.056800029944
8672.278884899592,9817.278434176578,8979.506921715738
10372.840445858748,11807.696538663457,8255.670142816201
10447.2495647643,12992.410418332443,9984.87136160492
14472.683593211936,16442.406825879225,13021.727897089457
17011.42710080293,18395.209861089283,15111.852753030314
15153.387191713236,18392.28206453456,14260.71320247557
13924.778962997694,17590.469897763975,15105.094789484829
15085.565859875334,17762.456378699768,15454.387806252656
14032.98362639624,16652.564335197996,14827.308178033229
12477.107117918527,16777.743548275543,14143.429759519806
12694.579973840291,15314.024740914385,13777.610202716229
14007.260795933846,16221.102441761945,15169.61295314968
13884.756114969045,17681.663500070117,16343.949898479344
12806.276771452744,18661.003128600783,16861.251452628556
13384.66696813942,18741.777636570863,16927.296237467366
13832.708047646916,18820.50488339917,17322.06691194513
13720.783133188072,18195.07129598984,17187.515689932534
13073.461057645967,17460.431198977916,15281.667399244025
13540.007527982589,18258.429972945632,16153.744666588827
15387.652145038152,20020.71578796913,18361.119499109383
15596.989955275463,19017.38222209908,18266.22401141496
15572.826394702342,19241.444950264377,17825.070129212363
16111.632026805864,19027.80117244606,16735.155049794295
16773.90620802744,18747.565373719444,16568.933452239402
16646.705832444535,18743.58713978534,15413.542495465355
16778.09650836709,18540.81454644569,15622.554650142134
14545.651449581515,18319.94885722403,14287.243071158637
14439.201286315125,16123.704990424376,12204.086638040391
14680.333222256304,16281.122505902347,12057.079284335596
13562.243810572483,16198.59854955687,13453.975118046195
13968.717130420506,15921.569050543463,12737.305815514026
13445.113377046437,15858.151580175292,12631.39891056735
14177.038322744173,16093.274467737025,12211.804235382797
13950.190940224164,16166.038935968723,12300.07091433504
14484.98831322315,15722.528077092538,12692.790154408902
14398.497834976157,16474.385036782656,13080.27058196832
14117.322484592098,15932.34017351437,13420.59857257872
14147.32563284368,15981.71228117063,13559.10933218903
13665.378811516875,16656.426745954755,13269.033108304817
12823.322022301956,16361.635958073726,13349.774453230855
12799.683782679704,13911.050012913682,12724.79623777545
13122.30193219856,13395.69531611322,12980.42151529879
13047.14781721999,14069.739363148972,14240.270767255675
14225.056323215396,14718.858251107158,15016.096001670732
14181.513579351618,15747.000233354129,15126.27203171484
14882.835702374488,15860.933542563278,16352.90812243796
15032.858020493904,16543.15971378986,16963.215644031498
15682.335416168587,17972.66555228707,16566.029292044313
15135.75933143778,17885.768619291906,15931.937120620538
14807.63123352996,18272.116057565298,16190.291995295382
15229.134054750612,18619.38031801789,16244.147258301708
15413.391625064189,18509.86598868798,15975.121670620423
15357.845520009198,17830.616211449877,15976.070245795006
15615.99275121325,17498.34562851749,15356.135132284677
13697.275510652562,15779.91569744629,14142.107273690995
12952.208749889174,14555.70944068594,12898.273332307366
12029.100962635815,11996.624243985194,12177.033028236265
12441.333308034207,12004.56802253995,10855.046085189231
13072.094576950309,12104.872542634806,10504.666820436889
12279.504729254311,11896.386385067575,10576.448896033027
10696.56375910056,9390.818841940718,9524.601393068771
9455.801017808084,9035.310211425603,7613.528395318753
9162.987958633175,10065.544234044111,8596.139501217403
10036.616525594129,10246.288467316008,9385.446144911848
9381.941193602865,10014.972886951891,8740.100372580366
10473.92604734822,11184.504733766822,9500.597325928791
10704.951105593618,12005.54833666194,9731.305218865136
10811.364905979826,12607.950839972758,9573.046389216594
10061.212449896777,10514.487559596497,8513.175054178251
10309.399666416866,11101.878145448189,9505.192931296497
11301.76474824894,12225.05063843094,10295.893254643848
11885.637961967985,12786.019234852069,11481.6320309258
13024.174849212754,15793.1379561727,12876.084699162442
13544.598091879912,16121.66793391926,12963.397015653669
13134.482203226917,15645.87115201083,12680.185772169178
12604.835283175977,14935.244066246669,12521.6383073523
12210.8984411931,15057.159519187931,12159.813216343233
12753.442505293311,14079.121977769037,13049.828968301052
12841.514018615404,12678.229464049682,12219.411299236965
12867.849742164815,12580.502357607378,12144.253601037464
11271.47759012048,11271.52779888924,9677.909690098824
11287.390907587718,10674.375475571069,10122.535718169636
10948.423642164247,10483.516332186293,10171.795255598076
12269.234887792793,11115.95746027306,10377.5265226525
12216.701553473444,11171.919115185376,11940.708400604315
11591.45491439428,10669.592350451408,9703.624058520732
12366.885651022449,12240.48257590529,11392.03730876622
12774.377948161697,12848.670001721555,12675.25805548078
12044.056889671829,10837.442005468498,11809.462578840608
10723.455787816843,11239.33798409782,11157.198348532978
9731.20339545964,10159.278894368344,10096.603884133194
10297.307055466204,11337.684622739029,10338.26747651124
12483.719730452236,13484.666209249812,10717.662844965114
12038.87412207436,13083.562868496803,7566.373162608835
12686.66625350004,14889.163933330625,7779.385818765399
12476.224059966891,11481.682337667571,7475.050766970557
12154.712695672308,11108.2915876309,8342.298452392391
11418.942726931838,10672.545465496234,7962.065545544976
11130.404249811923,10480.810029684406,7992.459282898157
9075.429513654371,7916.990107792802,6585.2430068483
8138.53337415203,7179.136353296141,6598.5897945620845
6901.382343487313,5639.724724362206,5484.024003838849
6134.548783908451,5031.978516323634,3841.868104046247
5084.814930350879,5200.894445258742,2926.779342531245
4058.702668487051,4159.031954499914,2277.488519481301
3006.0703516984795,2877.1948492324773,1695.2686917926053
1829.073902277599,1870.9850713983103,1229.2333676670942
898.1267023353582,662.6057756666828,812.9041774218474
2623.2814821190614,2674.134444893911,1519.5963964606035
3533.940460544201,3230.3136140531647,2616.353015804487
3919.9871810857744,4653.757126566833,2553.105975485392
3672.095749074848,3399.8342171982554,1571.1992923949094
2944.522499973785,3685.353890142263,1428.2841231761174
2602.85946419161,3544.13067984395,1331.4483824987688
3047.1867065409374,2955.8333818624924,1771.4723431757145
2359.475256367891,2560.440067474317,1448.1260289589477
2504.6178209768973,2283.142842870976,1366.8295589443446
3237.4163165090026,4040.7792964975247,1028.9263369643766
2429.138826795962,2667.210798684638,1078.3406703864118
2317.259088976482,2484.3167595478694,1082.2388605617973
2457.2116805823302,2208.9592515756462,1298.6818475149514
2706.168812764368,2936.275225762678,1574.2935771343648
3188.1298561355097,3626.653504551512,1800.3419507603862
3149.2823463892155,2839.1379648421707,1883.685638575869
2793.7185172424406,1889.92445099574,1217.8574766911472
1799.662282346391,1498.0728241390686,960.4803634554122
869.0348404093041,190.77580642327163,848.7636884375248
222.01347687349505,-476.5987411227424,198.2724284683762
143.97961472650033,-347.58909264715857,150.66551298072582
897.1358274903846,315.22595104157926,886.8528999053889
821.1558006046573,21.446618561882044,649.3920139180638
601.9130095771466,288.7121984260599,813.7025960177149
1676.1299743427232,1516.8224115567346,1204.8097422878454
3261.636909464657,3060.553611055982,2439.165478636602
4881.9784228255785,3931.5420290291,2944.769074986484
6567.232058528191,4671.71031652052,3940.7228132051614
8683.457411953537,7472.86147933672,4589.836618147871
9277.76620957993,7822.759336987293,5746.306291996163
10657.848524264717,9055.286662424813,7485.393516915686
11458.88072865353,10155.680520361166,9082.13970008964
11898.04723555026,12405.85500636704,11201.609488403275
18492.15472170185,17666.161196148085,16663.431296918217
18536.69688139241,18294.4006270341,16588.963479839294
18499.29101447124,18546.40700877225,16427.978162230727
17171.187635393664,18127.355644760417,17422.6757632921
17674.932201304113,18940.927301867054,17713.833390679218
18029.90998838335,17925.860429985885,17613.536370479313
14721.293614823167,15274.04559865754,12175.392051695811
13394.705495071934,14680.01901840018,11422.172299730915
13290.761425413171,14601.713518515078,13232.608419325084
14116.148914869143,15345.103432819036,14598.871338720552
17055.956949067426,17401.66157643512,16520.058623501074
16070.905467361694,16729.97607701857,16405.070233128492
15591.364310824993,15981.90658220693,15280.667712450717
13691.392412535994,13757.086581032216,13204.819021027704
12700.907022909709,12533.8095660239,12678.343976869302
12442.938031002022,11808.725362776937,12449.645460601496
8987.085155507792,7453.249217359919,8063.531057573797
9602.089173080938,10234.931579141105,10384.955576439708
10327.746036696908,9975.258917887655,8626.243188039067
10222.17832235895,10087.61675862737,9261.447816814614
9315.14733885264,9586.25262110058,8324.896767686756
9507.412449185127,11240.650924764346,9877.79967712321
10385.420672482764,11454.323245696887,10191.189993286722
7800.963508071383,8879.572540773815,7488.162501627303
5235.766896475259,5436.48594237686,3619.140649713251
8393.42393226915,9260.188409421786,5376.519579495655
7202.720595824164,10433.85095294733,5507.4044078482
9597.978249282509,10388.13354824154,8934.824344453298
8272.269990247441,9695.122502483033,7628.536116659807
9258.660473460212,11155.429120166536,7803.249777722839
8417.936688828062,11299.849246382815,8192.67193712451
10171.930339550903,11049.145531597274,10414.865971242036
13628.213448391258,14182.455379288638,12813.766952133048
10524.08648428666,11502.61806883816,9204.571763347729
11153.707389869503,10940.77092112505,9545.03120323568
12956.637399261064,12630.22261004524,9801.09911272828
14555.01791075406,14472.642852027844,11606.951342537455
14269.19267462149,14229.137713173564,11403.33594609189
14680.41053094726,12940.677587191229,11514.287312155511
14304.968810421236,13317.279116872378,11878.134046208885
12592.69966246597,11124.757841963365,10346.71574012642
11184.650328500988,13249.404768212027,11682.966795745318
12964.316359546465,14867.80304738083,11137.143291189755
13399.867454334992,14078.764639437732,12492.695477011104
11267.946300510568,9944.208443316717,10004.987501950282
9669.660209864054,8707.22925983436,8099.725962819065
7913.804050652779,7177.370692481835,7666.72723083194
9137.420009383552,7679.515619109,7177.629229493507
8252.258604266573,7290.876816390863,8016.234993171144
9748.392159305542,10014.029009455304,8365.981235470861
10098.07399551376,11645.4068500011,8126.80338407866
10828.478186729086,12319.86403708566,9746.527202277312
11732.216644367612,12784.940359999257,9855.337725944408
14012.4464895222,14608.660449926969,11168.73663852159
16637.360283791983,17230.14636691217,13896.778983948818
17909.39974119243,18517.850566184065,15786.007257978928
16062.035118460875,17602.752712065118,15925.006625304826
13568.195507696291,15420.24570436124,14201.018217974715
13733.194500071277,13773.372314523376,13560.976226864248
13394.644792145144,13764.824003246207,14657.8770991346
13289.360470425649,13621.231264503967,13398.804615350093
13096.92519175878,13554.880072547492,13222.648308130272
12473.6454496333,12521.8767191858,12279.267015461764
12566.9857700293,12952.397217794289,12139.231998543592
12616.96372340161,12795.144198811531,11743.792587027116
13201.177169493654,15648.81185016799,11741.078063481978
15522.51181781513,17092.845149589288,11422.080294448164
15563.917774586842,15853.46852623661,11462.265090556362
15863.453842901774,15793.082377556428,11443.917668788634
15705.968007371364,15902.44629378312,13090.969260825088
15994.19120675552,16264.989975802278,14512.595243824657
16792.959865517616,17449.18684545532,15991.674586203397
19030.15954773423,18314.64879265604,17501.797653732643
19848.54134108304,18953.689896333533,18086.64183050607
20189.43634319001,18606.181078534948,18481.70218570813
20539.05322839612,18354.631564799944,18602.444481514176
20607.544769657507,18547.33631791384,18914.11883490542
20339.67108025756,18349.24308681728,18688.434289406192
19793.750203251195,18296.217466663693,18483.0739454588
20235.9239998947,18292.25344857539,18160.655179593818
19644.24653252486,19533.68824660577,17360.52720826929
19252.04603804421,19225.693182221738,15846.417365801735
16125.057590796869,18100.93316436481,15533.511297360032
15494.935204520763,15987.035823343364,14755.087027315203
16137.226342254058,16058.798112421357,14501.279715535977
15817.943221295547,16518.345584660172,14146.75573492656
15378.694592626269,15334.804220450756,13895.64779127016
14060.08045009401,13519.027728209623,12569.434350486032
13529.243890063008,13197.472761158757,11786.283157079444
13042.614887396803,13264.190940748018,10935.94993654537
12667.405972089997,12886.731501563638,11618.115110705608
12275.718703533614,12970.681776890777,10718.43295976267
13151.850202334876,14430.18903187876,10083.893987365102
14685.07673432475,15554.40441137592,10369.363051707222
14655.728765271477,15442.378134162112,11938.411140750222
15150.944052588122,16072.460056848437,12261.672637032005
18740.428636012977,19119.117748780576,16880.103895438875
18428.06360532766,18545.116367713246,16051.108771780397
17720.73810570544,18449.372526588133,14829.824126887055
17816.570637121375,18445.23904710264,13755.436436981394
17490.90861478809,17347.637763568557,13191.485625335508
17508.950273054445,16570.70793029649,12879.334145580546
13718.295163395313,12317.583951992385,10198.089226204003
12505.18648302644,10695.317428841568,7633.230001222259
7789.72018259473,6941.986332442068,4310.02468842308
3235.54299355525,2368.671148685501,2441.599488024588
1371.1895930831984,440.7764957715501,1324.8355436338866
744.8656853049335,107.32124378740303,494.6004543819002
248.75794056841195,-109.85995555254148,683.3186102356077
339.68183132700466,8.514820965947846,718.9761818997301
515.8584930985971,278.70151928570687,586.5491367876741
1021.700584700112,580.441017865383,704.9333187360712
1848.5897609218207,1353.755076609972,1031.11739767477
2706.7823326861294,1981.1085477465456,1973.8304982721136
3077.405831113588,2530.562655912244,1801.0267223120989
5437.668268773627,6138.091077483515,5546.881433954401
6822.219642879529,5650.710196718567,3702.451064654962
7092.961582614424,5876.674390740476,4537.78667720186
8446.869636943558,6456.42014300875,4372.2571348819365
9811.921526871574,8132.561176622738,6707.359639885001
12358.107407098189,10991.44654430361,7967.155261343613
14870.309195618798,13404.463456624952,10022.83471163516
15781.573575073717,13423.267315218189,10616.076968100171
16339.56422353934,15199.445626191857,13819.894701651438
17545.983661006405,17465.817368068136,15480.733445014775
17350.04579029429,17137.162271414567,15858.322323372093
17937.317152085445,17402.815277011257,16920.687409173126
18133.99465571537,17494.308442869868,16567.55438517747
19271.39026427435,18093.554481221192,16807.910750217732
18262.48204382337,17898.226570236475,16910.293143690826
17017.15297356414,17373.042173494396,15593.540917217268
16581.788962667702,17179.262650899745,15746.259838639931
16622.35972808834,17523.285946626624,14571.952399807664
16683.18353030184,17458.04866921159,15068.719107965611
17342.63114846432,17344.06682515048,15464.638014244349
17610.980171230185,18136.86052685401,15134.591348523849
18680.64739229048,18353.776025803432,16227.410604925744
19970.46098025684,18940.6727219784,16049.244460332866
20194.24106737257,19924.391840553424,16818.61763508543
20105.77133592224,20662.020523550505,17863.75725968615
19420.92204729556,19803.82743517152,16826.71183555982
19127.80711142336,19216.539503595526,17890.355803075807
19593.73435068603,19297.145885125858,18257.53201013468
19378.11419188289,18795.9742455572,16889.00235720818
17153.621461237657,16258.76857457053,16351.159535617551
16483.349483384278,16759.651983613352,15148.695160815309
16758.134188988988,13878.383877361097,13124.365519203884
17082.679431339016,13443.948509712343,11768.066219556538
17463.155692657547,13983.384151471311,13149.412806422575
17401.992723050764,13625.531610900724,13951.749712166678
17257.42605940252,14645.511291455505,12832.835454936769
17434.906159206163,15203.897642611482,13088.495251307717
16904.276045491653,14680.923564346744,15210.780658975498
16124.80273557658,14329.69078250234,16006.94147662303
15712.597724104391,14220.025982319534,16199.230787667568
14366.673257305958,12116.156556840762,15556.286846612193
14445.375051158517,14231.143860503384,14610.611208881974
13695.836417389291,13929.313847535435,14217.699716508298
13205.21505561043,12752.782242798194,13540.698435867724
13378.117629638924,12847.004842251556,14998.437142971405
14046.175017980682,14617.45728189712,15322.481161888449
14705.38724325079,15626.367774567314,15467.943711262256
13739.45427996248,15217.689135785047,16289.902153249315
13983.32667409674,16056.972757995973,16321.82950838566
14273.570440930878,16478.092780989617,16558.85609586657
14163.924184762049,15427.655036415126,16173.352932043665
14756.606823528036,14807.7732287278,16481.07814571859
14829.119692191774,14330.539162068626,15653.594927317552
14920.135333052269,14689.089665715284,16263.85867152594
15108.433104060488,17519.279627984946,16240.60182149722
15009.720077238366,16301.436797748254,16086.39839191404
16538.416910079908,17421.600470549747,15063.829003775156
15975.80678258726,16747.29313608473,14628.139436106558
15249.432996291527,16910.907590313916,14096.878229094413
15733.529534608351,16953.929123439222,14565.611329258629
16744.47633647483,17209.826777043647,15456.607409524277
15801.515241564342,16609.451979053993,14146.91912375822
12105.759215317988,13217.832933562477,11316.249678955068
11859.262683299485,11481.552984693504,12522.629034261785
12452.783620856377,11666.09109432173,12297.632881283966
13625.961898044348,13166.3305804453,13251.601122943612
15345.220595758195,13713.851666308865,14011.994192572036
15070.706374383004,13983.035193151778,15477.384947568886
14989.983891433629,13378.158506401034,15926.19601342686
14559.321744802435,14244.14576851118,15456.729192051856
15305.574678163735,15199.324727999738,14566.739305151676
14963.483965712898,16389.439868728794,15666.7925964282
16053.608253025364,17419.11849721689,15896.991559104208
16466.975277731683,17581.65519659197,17260.37962250765
16977.15331770586,17644.702138063538,16936.367545349225
17067.684229886596,17760.98903907729,16803.707671793174
17218.882988760328,17892.054727072715,15347.374332559031
16934.249649426034,17863.271196670546,15236.674054612831
16993.04856632501,16885.763424331046,15108.19785614826
17737.557498471917,17093.809402152026,14975.709277212383
17467.01283523436,17444.164946693294,15109.081504122943
16821.639045183885,16948.55539151643,14862.604476835078
16225.566178739877,17663.27557467526,15559.720674368513
17141.658571247375,18526.24647541673,15750.411247311697
17004.014232140053,18863.023032955425,16266.952175670744
16869.277014731935,18517.87397778396,16544.80330635225
16394.08117101006,18053.606836886,16213.360776941949
15563.1766884542,17208.451910659533,15774.6798757814
15622.605232112794,16482.545581490594,14843.730188177144
14945.890479603964,16463.020087556113,14936.12461018467
13366.007759625798,14649.97558749102,13892.911514633688
13107.840979813696,13116.286010634269,12942.088264724644
14892.770804839924,14800.256275341431,15006.368271980582
16216.49994831915,16131.568296447898,16028.58205557596
16454.981259176577,17259.70438820992,16483.992919131186
16880.380606228427,17559.968395144522,16663.642964800445
16696.189307973087,18183.53412968048,17037.904581731946
16699.120406943857,18336.93967441245,17045.222940731885
16909.558878715903,18338.210523072128,16972.76268006177
17656.678887661088,19477.060532899726,17387.37746217559
17812.20470433391,19685.36916492439,17709.926820465007
18228.373452732307,19916.239075800506,17803.014646335578
17718.80137470286,19684.99499800685,17437.091493502467
17935.477772446317,19843.27623038799,16646.761177743876
17699.087818240743,19303.01657044333,16184.768778301252
17044.90110158366,19283.497927068664,16343.092199797598
16425.672117414782,18197.27880622718,15706.015974438224
16409.63516048531,18104.87199152888,15841.953611185832
16703.34822215543,16832.90312745399,13649.376532315537
16236.307999480345,15944.847670717165,12525.170212642926
12892.063197460428,14137.877872529412,11443.644437992089
11216.377702149764,12557.29080325235,10782.638687472458
10161.528606492651,9980.73002994265,9338.389417105973
10063.509917185262,10014.728564415374,10260.18144048124
11323.12243118319,9960.632894044027,11943.46697709776
12407.976621806542,10973.07601620207,12001.846720168034
12909.39640375116,10778.560766015837,13706.544106624213
15180.740874167835,12932.305889823045,14351.66022833315
13861.373104588409,15620.023858324854,13729.322198403735
17114.200682303013,18169.754556090465,15174.795203731952
16928.06605315891,17752.22748221162,15388.90955866168
16502.67368010523,17627.58460827234,14742.88699557034
14829.17772035988,16518.57262094676,14452.826153384683
14145.085432378286,14312.633121752298,14765.065977326109
12880.887325333071,11790.024319103455,12467.863579627616
12568.17154843226,12011.93204969622,9384.607650848087
13207.149533578253,13281.66304136773,12078.13840556028
15170.30949710924,14958.111054190224,14401.852450980468
15989.884052626936,16227.500278372128,14614.207756687549
16431.664919677318,17672.28801727932,14918.39149309426
17105.8036338347,17805.930021864267,15465.556733069663
17897.431808782967,18227.16706055439,17312.844814062224
18080.37291910783,18567.314563215485,16833.213340625953
18811.283151206804,19163.36102258811,17880.811089453236
18714.642029852963,18754.40005524451,17536.29167687396
18407.81728177628,18840.23401183372,18197.19061182415
18158.52536801016,18769.734823707266,17846.25253635204
18401.23498415121,17707.88487277399,16985.152710467966
17888.744321427712,17375.70038345565,16635.372668650536
18286.82718266384,16858.741179619145,16710.709680224827
18529.046974068893,16792.73268408237,16424.676658227294
18376.605925499072,17339.82316708358,16487.622624777887
18530.71924723184,17571.66736154932,16882.466404851064
18506.02086871822,17657.398958082103,16792.60443197753
18574.30157217292,18063.689064226903,16236.380148994916
18634.87521855009,18005.32855518685,16446.494913003153
18606.59762702754,17408.93916116543,16399.8782645421
18254.30373585754,17510.885644981627,15418.912814371384
18828.01568134431,17650.73955998886,15169.37231809694
17248.989720099176,16799.308662032112,13738.753697161766
16155.740563536305,15557.812468325334,13573.412350434244
16092.979391491872,15027.803391120013,12676.96709143254
14978.898024570892,15081.580250874904,10914.67164552506
14467.454105467246,14197.666491715425,10800.0185031919
13611.009638527312,13548.22857253019,10343.586427499691
11737.8496192101,13438.839150761998,5873.732415682966
13515.021841195,15772.830836440671,9784.872810666817
15709.121841955408,16630.860808630892,12322.173401651686
15177.3068958064,16455.730122839224,13714.124828389977
13759.418359354702,14201.28065796635,11374.709074477014
12404.009168995102,11581.291865537409,10933.831990859257
10063.290500691372,9350.327998512108,8989.091927619342
9621.04156699694,7994.611119787801,6346.312891007445
9299.52122048929,8371.758439392119,6685.759875888905
9286.997263054576,8734.92433763934,7268.339327034426
10219.456539511364,9286.568881960484,10912.601041370466
12270.79725785959,10993.517508154971,10617.775276153989
14528.43655957948,14771.239423104798,13039.920546472003
15880.741106147529,15884.084848220804,13507.565816617082
17252.033824118666,17553.055899920742,15506.173071597854
17934.551453165786,17341.086948613505,13889.317974770867
17654.223357944145,17994.73699336692,15837.840133511889
