kpx_group_1,kpx_group_2,kpx_group_3
3375.0581924660232,3601.9454649339996,2029.312235524089
3047.7435935724734,2811.2484496573484,781.1269058026586
2149.8877638572544,1868.4377363818562,598.6285302087726
1834.5454422882706,1421.4048379109486,377.2779340919581
2014.3317012077105,1098.937223069264,235.27012391455253
1610.2970638527408,779.8922251098093,48.54556475007826
1137.3716435641477,662.9030861570147,21.188889546794783
1206.881192263028,205.29983224616876,42.39415186715107
883.9533308667608,74.30063746383058,68.10436631572615
0.0,0.0,0.0
119.64950502051468,9.150726718129647,0.0
0.0,93.43795469173322,0.0
191.58489819034594,218.37138214979308,0.0
101.18734880154724,405.52031767762077,331.9869630357137
1634.2569958407253,1779.163957731608,1180.9102772970507
2916.173659418998,2902.5939790243647,1881.3795291552265
3902.3381524046317,4675.508499984223,2487.829199915128
4978.326753140345,5718.919071905564,4084.6294741430006
9596.482896917434,11327.737705386264,6473.970859288592
14009.327220072188,14676.939642253004,9894.133577180675
16730.267703416448,17480.397128092492,11646.668967785428
16618.36697152839,17456.04101044443,12013.53325570201
16525.87480580581,17500.707046875825,12372.567312233075
17919.420357611845,19592.68132487321,15386.523813433929
16363.094793307682,17942.79122690656,14363.623070809668
20517.27925537327,19951.06193333178,15303.486552472154
18372.272036360402,18831.857278810883,14702.488800764797
18349.653645814717,18131.132362948425,15000.065388099096
20192.538670728696,19440.624610451603,15009.976201511368
20223.391395784194,19428.327324006405,13894.491335141372
19193.750301182903,19604.18554551479,14370.333927593188
18845.143554326587,18790.421245958718,14255.068144319042
17514.49329495425,16976.09348543264,14336.080875450636
15835.650782473525,16127.424584640892,14753.549076728224
15736.683480267991,16373.642413178743,15217.927303024591
15666.636711565652,16812.982041302956,15163.66187425816
17215.304478599046,18036.47813558369,15028.621984160218
17623.248823999347,18145.13762378249,14417.8063181777
16557.014177983245,18315.19442739244,12757.528090843998
15165.475908490866,17616.550460335464,12632.73155599036
15949.254460714752,16393.332328271717,11974.467857087282
14357.276976070529,16737.974295451026,11100.234182658714
15054.519734712088,17475.167867831482,11377.235257661365
13363.111008686688,14684.83706846677,9313.46059107529
13353.290806884357,11962.404204896819,7116.870169249637
11999.80601097791,10759.136115104851,6024.587996640354
10180.816940129152,9392.974962050395,5287.149829630936
10794.228227883501,8970.045448766807,5079.836101927247
10231.008311493551,9166.916928689174,4549.899532566501
8394.742088434587,6646.483928940727,4299.40852509996
9091.021706119918,8088.66712707409,4481.417232806149
9629.066432940748,8478.013093138567,4857.310049190754
11108.607762018606,8892.501155469952,5200.754610778213
10715.311935050488,8836.058246906205,5042.854737884873
6991.545820278112,6589.776320532489,3547.552064928819
6728.845430629358,6558.481854557861,3360.1968373406253
7704.035270489707,6406.378791007204,4007.1952673873448
8448.440849215494,7899.882648687813,5427.125241629552
9356.526939715459,9259.372391018485,6764.5919036742525
10473.126320778661,11395.755384416312,8353.35903594473
10313.884736871147,10864.295753132923,9232.473161802916
10130.120130609406,9844.020153387928,9152.688464083283
11130.898697447928,9932.736324974481,9002.25577819734
11681.982475364519,10282.470685644617,9637.362780543126
10330.095858344994,11013.83645146991,9363.921491273586
10679.789338736211,9498.86684915538,8634.363864074272
11389.374278403695,11549.432661582088,9206.790456186864
13307.703933764828,14213.160489259993,11795.865917912792
11094.375728264877,12501.319471356073,10284.079522737758
10236.368441179176,10742.609013083349,7211.601939063078
9625.167905702625,9768.655613393506,7435.420387482283
9749.383924243533,10256.867879819098,7238.088127700411
10336.660071505155,11040.744780642635,7302.530390845494
7234.154746966644,6697.261869846408,5364.909562806915
8844.335828990477,8305.36343549518,6146.441642311062
9903.876139426637,9671.778235631222,5890.99323538248
12635.076004886434,11112.584801555597,5959.018413443333
13218.729596768824,12332.336282073547,7068.391488205903
14085.114908441536,13405.867559224831,8128.908349966984
15481.605660839921,13982.704770013082,8392.696774312422
15597.866519596848,13746.108945104264,8986.224625578228
14337.981579775207,14017.344336192149,9339.268750545556
14678.0660894543,15134.770158553634,10761.560174584103
12992.470200230093,13661.620970061102,9502.094322755209
10874.402682678325,12180.26985186183,9000.523085052355
12165.12392972671,12681.995538661165,10381.454587950906
12423.467480177262,13737.34473662758,11426.486199439489
15491.027837237374,15924.712036502426,12420.48596528954
17000.33506534945,16554.66099116258,14525.041642866952
17849.55569481363,17383.93578877953,15664.328865875405
17564.719340451877,17367.083618131368,17094.026089625797
17296.306758126997,18639.505483984387,17607.08884206624
18627.126120709825,20022.550708007333,17889.630869036282
19447.725854926186,20413.977578102473,17595.67195895485
20473.983717358562,20179.62769878925,17291.745281680876
20438.05927952221,20229.752120011413,17194.31183645528
20148.82163293902,20501.58723609069,17011.62951914749
21600.0,20643.430031192973,16166.899805664263
21172.510734265925,20039.513468911573,15919.4297057833
21600.0,19573.24066249083,13585.306300065837
21600.0,19619.835482542483,11111.834045840822
21191.066480674603,19504.436158152137,14343.95199485084
20683.85425709337,19941.99635425826,12483.553558848138
20976.409352785387,19696.283087889562,9835.493630935638
20516.37051526142,19294.50844770777,9526.258345885322
19610.874182991593,19041.292860226386,10469.069015909754
19629.78609928203,19390.041860769765,14649.825993200988
19528.20951678229,19051.893017524668,15373.762422072765
18763.664055502526,19260.686391290954,15331.936630681384
18534.16466492837,18389.997216713167,15021.288578445565
18052.664198077,18718.95798823673,14877.689063821475
16322.610571383413,17311.013703595803,14795.30830313732
15813.815486170795,16083.60321860271,13026.165395060663
14663.720746975645,14381.003825516469,13173.084947661768
14027.022242551062,14405.587363766548,12693.066645216812
13231.031032120358,14972.636849485927,12649.768833829768
13656.598624988877,16614.437077535236,12596.344194910613
14326.40254386366,15920.697030638945,12338.446742010656
14666.672805263695,15577.209349260937,11977.273446320334
15050.080173936909,15665.119515311924,13221.18757789652
14113.101046751694,15368.50246882542,10966.846995397147
13663.988228314902,12531.94481099659,8080.875680048481
11623.290077527454,11946.873318672588,7745.343408398981
11658.889622968403,12334.687861934744,7811.6162278829615
12424.481249197624,13091.134230638569,8566.126310911024
11787.863359074401,12429.251468874509,8258.291918251114
11071.69590057909,12785.449087249055,8644.531103928013
11911.02541234574,12381.314365416838,8699.450204731262
10642.049309782524,11703.88691801839,7978.018721232267
8778.699475154152,9464.17675697078,6148.617768630277
7745.884066026353,6584.474052809158,4570.95191051758
8083.619405517667,7215.1926730154955,5484.397037566204
9238.43082549814,7732.506512270397,7766.147966342523
9118.5084024932,8968.175154856199,8135.568643550838
9134.216817642216,9273.80248942628,8109.522439644708
9476.048188417308,8256.62554428159,7804.665000495545
9136.369165459604,6706.080542561488,6698.392883541735
9009.43239180657,7185.305746882113,6023.409818993525
9396.206897016806,8507.713625279981,7380.163094664404
9871.376927224317,9727.991197808002,8146.825047321732
10827.041924971363,10043.340521957292,8570.743933598445
10793.011130596597,10060.48039219576,8360.949040841964
9165.255455249868,8928.18882047464,7615.354659579544
9749.163431243382,9076.908153532266,7107.527884753608
11762.481509259766,11268.79500320095,9017.647544241834
9476.724157109205,9534.358489339491,7608.166273014846
10060.741749207928,9658.449485839792,7870.369284450398
10616.706406797533,10201.946174454706,8045.438008960579
11385.416466254135,10388.646064902056,8134.236212999459
11230.380364572124,10265.231048165027,8160.029485629302
11211.083260187024,10928.023702475344,8144.343059238727
12197.361967578876,11726.469048810506,9401.410783342915
13679.487454986716,13869.368410513787,11258.023406728666
13540.481576222357,15916.049462948093,13361.6121932493
14265.708879363923,17178.83533229596,14275.455997739564
14181.806636829959,15789.368324919917,13115.924759846464
14433.386852643618,15383.578030967918,12848.69990425392
14521.281551113472,15735.05894263095,13002.44504582018
14891.375257691328,16332.794875064934,13221.039880621232
14979.53163431071,17337.585301053557,12997.389148444394
15682.645011223041,17533.833230315173,12884.94498254658
15739.288260547486,17144.69562475752,13207.54060171404
15313.53711437156,16479.475237795945,13214.130549590893
14633.031067100745,15207.51578478149,12237.79807872339
13597.146144172835,14008.507346927043,10510.71944520675
12148.759724301859,10364.405369904976,7241.944049134003
10158.991208172727,9488.48925440214,4559.260413220319
9276.395344684704,9495.992945072987,4363.9222594267385
7618.441181885794,7605.819299417463,3430.80544464497
7615.644814801066,6021.929324930524,3098.3059011362666
7590.981383925207,6343.15452355666,3713.680212297798
8465.308310567594,7039.493128859463,4016.480828693276
8849.810508186325,6140.591156169301,4182.784517066801
8846.098708678846,5844.298863151809,4793.469542949336
10249.094992563465,7698.736369997353,5898.363247584744
11456.62217075779,9004.74667937537,6164.793773001923
11024.28498996368,8247.644960005326,6105.568252958288
10218.616354827007,9367.239325104989,4415.614714139213
8898.839837064366,7590.305605742743,4688.635506634013
8392.708627729098,7000.546885259036,5121.824013775707
7069.285423864424,6486.798213560783,5410.363404888365
6346.058016634737,6597.341061020943,6218.359783152812
6949.951402596909,7000.653672328432,6568.157558200057
6983.0053736861155,7701.48942441202,7261.4129307543135
9108.487163038166,9452.607049336757,8659.961277790928
14047.736327849409,14116.663229175529,11800.06740963513
18357.956112995915,17233.099125702258,14219.661628827547
18518.62524882265,18785.227130935582,15883.35474826839
19776.418133737454,19189.54950225603,16371.759590874788
20503.857309806925,19850.98426939188,17174.179867647345
20454.439985124114,19547.210538741914,16811.746803520226
20049.6519075306,19493.41644108589,16929.63763983857
20366.024430309102,19915.06545031678,17018.576746065817
20893.17161546531,19188.525636827395,15575.999055503751
20054.764270766223,19259.346128660203,15352.263505821296
21111.091523324838,19523.132033338065,15019.339309199093
20799.914183794484,19020.70461591594,14607.25999265826
19423.180494305034,18747.696623182263,13781.305821814438
18582.75342031053,18307.935776807182,14044.428009270388
19010.06649533676,18486.897465354527,13944.17036341909
18485.26074528418,18059.450842084676,13393.663466704422
17149.053542160673,17853.59073830987,13395.600111294028
13675.280745806918,13060.722509609606,10114.412257291477
9589.769307717688,9681.866757351123,7200.131121397701
8075.384955252781,8674.402438972851,6343.025987343137
8236.884693951082,8414.467841166166,6492.617411652143
7790.580460128939,9128.671585616743,5317.730742806024
6585.270149492442,8348.07171995916,5923.064469679243
6015.232969023039,7561.378075707458,5494.585257690173
5242.047029917866,6158.736007506425,4546.942346024855
5817.076136929145,6507.284214912743,5084.998985258726
6549.140946714861,7873.365494741593,5839.339131084043
6424.328042400411,7345.938891325001,4382.901184715106
5829.503033946343,5546.957826140437,3395.567990782848
5688.6736044283225,4985.8041102696225,2631.537654732744
4928.7483512626795,3920.2977092825195,2657.380400602265
4131.533159547355,3705.868460382273,1721.4073469495272
2905.302411133295,2024.6313192586138,1430.1192998370088
1589.4146096150546,778.4876006744776,625.0488900398416
1840.652169092451,913.2395779477889,643.1848024071709
1781.446225691418,844.7503097449403,932.7629117013936
1806.6279089805837,935.5957165987896,193.272930730244
1605.6548864130023,1454.8461934930638,611.0208636306438
2809.0093201765026,2324.557241682921,1294.133155341037
2130.3211315083163,2174.112384772363,961.4244398875308
1656.216746772833,1942.5281690854035,973.6055326640871
815.9577624298403,879.9896997622853,282.9982399450638
331.4283021415767,1001.2419382842936,461.9760236654121
472.30157805416223,1370.539376636238,511.2200886189112
275.33644213231713,1200.7475376647192,601.8744798570282
0.0,970.0041053361482,301.9308120234835
0.0,441.7768055907951,219.57396952161392
0.0,309.666695527343,192.0883784594953
296.7389056258273,269.309228332706,347.35284671152715
408.0966011721859,149.3767009780346,295.33922486682445
1173.0059103823974,752.4779666025945,218.45542027649668
1215.5448067785337,2160.407486766071,1073.0135773250372
4300.747188513567,4900.162805646432,1876.9296257426497
6335.648715250775,6650.404588635299,2904.045838401219
6970.936783470584,7262.903491167509,3565.324376512203
7282.295419142243,8684.073592024135,4266.468073412522
15574.660047703088,15635.437863284844,9491.208112621936
17429.481636738525,17987.830078786727,13319.361810405097
18855.01032168846,18755.190292893403,15102.759046570034
20706.096245517965,20040.666737592855,16925.757481527802
20232.25141140834,20611.32658233623,17033.89224537107
20712.187026679956,20416.548982791017,17108.785113497102
20674.808624300607,20049.49201157343,16736.3835187054
20568.43709387091,20020.818584543806,16109.451803213124
19669.155244120837,19661.90421920841,16518.657227269803
18994.91684773563,19259.922408789764,16643.868718222482
18650.109271840985,19076.72295891556,15799.894703206784
18922.51021061901,19334.28337153761,15670.043601439214
17875.297840672483,18859.76699365548,15829.40177938007
18078.56501958793,19183.90519071958,15125.987287679847
18000.477737039488,18617.88845251752,14665.270530734811
18226.940969299434,18912.298312349238,13676.395131714557
18357.02531588181,19186.15375279538,14229.69129354704
18768.598508835308,18963.811412105042,14465.868072070089
18972.52411464759,19167.225666519684,14213.747944331915
19678.055071067523,19121.709557675476,13977.061261699895
19926.020445272086,19005.175089349315,14274.956509668817
19729.59773857421,18532.895339764003,13546.329114093314
19721.042149407593,18461.51306974242,13129.565979630388
19487.970019919074,18869.836260013053,13073.872390642671
18998.491495507922,18579.790189021205,12861.541141378244
18821.361515021174,18815.146751725304,12776.9344645237
18510.60894101251,19252.935556159424,13153.533033721476
18888.85890528611,19230.977068363976,11885.480828873146
18552.72756708753,19128.6004903428,11300.704902802754
17286.384840414983,19286.090676068765,12677.999561701115
17171.595253822554,18644.547262658787,12761.03557834801
16057.509408137663,18642.579329564756,12560.215157249766
15957.801425445958,17764.65347134997,14080.30688784016
12692.758056170605,14444.0387161088,11046.160045879717
9976.529605445106,10301.161735544814,7480.267519074912
7980.803948394151,8602.343845992205,6961.956288528539
8027.951983350829,8840.991050803294,8171.013255386361
8314.58448375941,6812.62621780001,7888.626187869443
9337.26181195808,9297.024715638241,9090.439080428469
11640.99683152845,11328.58822200229,11263.843538672018
12796.207561915204,13257.20497845565,12441.854314134183
13837.191942912443,15123.149668468463,12734.893705407823
16318.51642151415,16684.206993108262,14837.835057408249
17356.909565442445,17787.32699913747,14435.417616112534
17878.257469896314,18283.270398824112,15318.327207486593
16933.687615437353,17431.404537937324,15890.698141781106
15864.86199796491,16546.84138743227,13432.830639568698
15535.714820381201,16201.278426504297,11923.681359189304
16748.274446029685,17556.835713896693,14663.382694795348
16096.983877399525,17524.21911704753,13965.58675062237
15868.573362608971,17457.172402377273,14289.580962277698
16878.08864317339,17136.28959388704,13061.306602028708
16993.608240074656,17235.0854103903,13285.01860196389
16113.831347407024,17438.93619682758,13336.827851410186
16168.346972611456,15729.781237992167,13380.258011919224
11533.343030897608,11094.491807946311,7204.353950389925
6478.025556095331,5865.095781665614,4068.2625350305866
3399.359786264153,2859.0818622281395,1647.670178316294
1348.7704309552205,1366.685381703361,926.6424898932884
335.03370689201614,746.872268314078,291.91570299186566
280.0925010929302,594.4145591857699,338.56266267172543
221.87217762139466,359.1473548398149,0.0
271.0409240633788,237.26838672765692,203.45347523339572
6.195946300143859,123.23911770128825,194.9719938200468
57.47364366968041,284.58046516642725,191.94366025398745
0.0,29.624823143278462,309.149411092527
800.2350032134968,877.5593697312679,324.546689744354
3802.662151893356,3809.2145176495587,2692.228014031621
6145.844050623722,6690.445585131207,4066.730044008964
8738.468808101308,8529.110867286956,4401.261398645215
12978.838228490773,11748.392410481623,7419.809268522168
16918.713183587224,17246.17576716617,12500.956075392209
18032.14659279546,17526.84182282,14483.745177971983
20577.598340453962,18812.317737479683,16755.333946677452
20745.070369647787,19181.057147123513,16055.320110377186
18745.43056574473,17696.865555898676,14870.783229303514
18849.403114391687,18621.05655058246,15021.290882475652
18467.638799820754,18444.69494452747,14014.13681419206
20014.30504003096,19115.365678196198,13431.532307258536
19780.453866833624,18621.183917735812,14027.477411886408
18889.980621498908,18893.84857980558,13546.405588011132
18020.573433914113,19104.50955167127,12100.475461311224
17841.910480208866,19205.258646678125,12215.746388581276
17505.093478094386,18843.78930420539,11637.470583273102
17272.57216282679,18617.123488053912,11994.254583945429
16498.211848872987,18479.426030166702,12751.198669758882
15874.807986649123,18137.87572965541,17114.13043005192
16551.09591260546,18663.85038234309,16398.672361403682
16542.919038011347,18841.668238646464,13863.152463337994
16507.638154518816,17622.661705012535,14061.218040039228
14887.493964816524,14703.369732775107,12735.363923071762
11165.672048140326,11513.875507380035,9752.902730773169
9146.263378760294,10291.542101000332,6907.2037706236015
8229.079713390158,8219.236234878219,4867.551165669543
5407.542485182867,3865.2830747827534,2911.097593396288
3506.645299102095,2108.2457514504304,2224.742807576591
3205.9083291842962,1518.360496727926,1671.117217964052
3167.625811729653,1249.665455697447,1856.4926172001408
3019.360161137796,1476.8857481352038,1712.4846106800871
3556.6810501889995,1649.341975894266,2298.477050144308
3376.7509534569826,1983.6347328968739,1830.303639404672
3514.6888535335866,1765.107537434697,2347.21428380592
3821.574503180234,2727.3890843696568,3024.722043275085
3947.464207330232,3295.509774214615,2817.6812578392737
3340.8281869099237,2706.8314353703745,2580.668250484047
3475.9438815037115,2948.8472479810325,1792.2604805581643
3266.0217883963705,4654.829043998315,2457.9514049288164
4311.12157213721,4427.561673124471,2279.450410884511
4521.65740723803,4446.526797193324,2847.827850034825
4909.14215638445,5206.875232309669,4431.016406594723
5516.65541122023,6896.089142321748,5436.210387973003
5887.81428586988,6884.778794792006,4935.942301290141
4503.758578250911,4869.660257690786,4316.44488536888
6623.451118518612,5407.216605424417,3669.2869441390417
6451.266321458211,5776.049754348151,3254.6634792690284
5570.067542359903,6303.926148019148,3474.3913280519587
5790.404760702051,5891.088601747666,3123.3601329712983
6597.938672957791,5371.309281664206,3594.881579707314
6190.033723622748,5203.142076377552,2850.9635137699383
5001.862945384121,2768.9610522514226,1987.238074595268
12438.872284931016,12080.623916429255,5213.61782256119
10652.596860891555,12035.478904755002,5058.1364497330105
8376.293764282103,8523.366883115545,2719.61007921343
5612.800684149381,4227.4008136865195,2155.955309546709
3594.842794920515,3319.3396264765493,1659.7891509420044
2155.314182600871,1366.654283510341,1110.0420868823958
2078.4987129281444,1273.336548730076,681.5844071438102
1334.5105811695203,631.0313557225015,384.2906669279205
788.0566567855715,579.8363111442336,347.5134115720915
406.85205175947124,0.0,307.3391856353589
363.70608970905636,204.38848358462286,215.31881056093616
298.47893476613854,515.5845608513356,400.0336315203836
125.92341655438673,281.85120279300514,205.69736552964585
260.0556684611873,233.18505541183163,169.03089403518968
547.3987165969579,575.7230670914038,190.61503474020765
780.1668041629102,666.5553375436326,608.2411682106286
3189.1865933927184,1788.6968602568268,1792.593215602823
8436.268076568365,6151.243411044641,5971.856833726067
12698.17917178991,12905.123802361542,8355.35252811097
14391.003404309198,14128.44222864815,9175.09532637007
15924.495152413328,14926.29330445829,9648.088664293502
17954.966161008822,16620.425991043907,12348.28927325251
18783.408757242774,18141.014673567293,13921.18379514819
20481.27286043176,19325.08037625415,14974.40418979884
20946.81507874633,20582.223240533476,16697.910237470485
20369.19417990968,20242.257888145286,17091.871506413885
20975.79933285123,20134.97695146479,16486.574371354796
21342.355524581155,19800.894417953295,16235.787151153603
21090.612411029124,19974.753817906232,15102.579993569483
21251.147477152426,20280.480467375903,15325.13295041226
21544.33425924317,20384.92066600636,15061.545690768
19061.248947835236,19249.473621670437,14821.266854273146
17508.325190503423,17830.19571531535,14645.359617174388
17039.920775438164,17903.207206582014,14811.244734399124
17355.621352885435,18790.40243520072,14475.74792832603
18038.362401556347,18611.233591383327,13980.533356139204
17772.535771197287,18534.063380032076,13983.263456737384
16907.915467020513,18462.767880040083,14150.163598089372
15862.332020603382,17109.39563921372,13066.88722479842
15799.731474120683,17082.233565510673,13422.395098352696
15364.210893074089,16604.377767315607,13136.00975672785
15532.074822583552,16175.511483722818,12024.794230152324
15729.603031696995,15729.46960006307,10883.530778381824
15697.506110170005,15325.818533982088,10406.502163451
16411.50084299288,17068.769341619805,12806.5218150951
17322.22478044268,17115.958235902955,11838.124218203777
17172.049664216458,16772.258218732084,11528.216858813736
16702.84622347011,16718.23939444601,10953.401957870616
12713.797355040344,12609.650271206265,10129.3260586809
10269.057520736202,12067.050901948,8510.214559219296
10504.500375746677,10813.3695654921,9165.808055075277
10314.575245086386,9934.403959211857,8042.195877048861
8238.490712631527,7336.865652747509,7468.159719436327
6889.247456754265,4141.372559454455,4674.162092537497
4598.049098792468,3637.643562210722,1838.068176156186
2167.3099362983503,1054.9842658882155,648.9210599725409
856.9146476706538,467.81070049511754,290.51477414230936
1280.3612417120562,625.6985714072282,259.7082218240768
2193.892382890461,1037.7137271595507,785.270765675312
1275.7335121869742,629.9539518108645,870.2544059410685
1130.2046117052773,481.48086139134006,1164.7403534683897
1195.990688351063,411.00333057001245,1057.1285627581346
2389.779477801529,2900.4344895448316,1712.116294850068
3384.7664103372667,3303.6187361322864,1392.902856135098
2942.329608066448,2451.9722011503254,2938.5798403765807
4223.524444170945,2545.4326702848543,6601.356022258584
3851.3711962505213,2705.602235586791,6538.565825849276
3549.547165500867,2881.639067979181,5690.162927684092
3843.967319062798,3209.273059800711,4874.448655632587
3831.418494093796,2946.553281102513,4465.076844547984
3530.2701581970555,2844.8616313701104,4640.754713405025
3645.1074684860982,3467.0642762030834,4933.744842682991
3824.8822212068153,3233.2381615990544,4764.977557811015
2931.6418162543414,2618.9460713596786,4344.619441905722
2997.7883575303445,2222.6215557239543,4177.489194516604
3086.9484204863165,2384.207077161746,4012.169972196369
3322.7960124961733,2288.542735264772,3792.279487667376
2739.519953054397,1739.9281977304659,4105.404232510244
2504.7884995856098,1161.2877293908157,2265.0476728451936
2235.1421201360326,1289.70464427716,2191.157661524806
1410.8413020670866,1426.3140305340478,1542.446473958281
1222.9379289399117,991.6061251622489,1357.9560225731095
751.9704290342939,1107.9593499917914,1663.7594746315458
726.7623066098969,754.7760408649568,1488.233610479535
672.6724242073966,826.7218825360723,1539.3247754392175
725.9423434371364,870.2061403171143,1634.318333776754
886.2293706067102,1146.801243273404,1735.1076350827818
802.4650643823595,1072.2363045569016,1707.9311886567998
1064.078460370501,1298.919353933997,2182.008601242726
1284.081448835806,1268.619036065274,2206.0320317365868
1415.734397543837,1380.8178194152272,2073.846824032106
2265.369023504462,1838.8629908009314,2479.259750193328
2560.8240460572456,1890.1796701577748,2661.136635680825
2491.7682497670403,1370.8152078410885,3145.107346868158
2860.7086893251876,1215.6802982220374,3283.541398108797
2718.6691994084167,1179.841488582923,3924.1331719307
3940.2112224917337,2952.0711010102664,4411.333558072286
4572.732675305495,4692.877782874977,5374.962480524818
4711.835604426426,4702.051813135263,5540.714597796677
6098.881449077435,6295.9569259923155,7909.673449258217
6398.69750213025,6406.262993023676,7808.418783527413
6919.400291517504,5172.850273978087,7211.2612189148285
5124.0273553311345,4709.109585585559,6295.481087135784
4835.046931398645,4292.377587290727,6800.11266245827
3573.6420802211032,3878.7184889433806,7041.213233866767
3472.623769471336,4549.971025674909,5194.503510873395
2813.33222340996,3975.741936341991,5669.901883827561
3430.70665749964,4651.757977065632,6404.4166674149
5144.311007731938,5515.873899889162,7288.802751256604
5459.058184249937,5604.796725507328,7299.353729394943
3267.020257059568,3810.395109538095,5650.967199541559
4053.1955159591644,3807.116437029955,8449.454599986331
7456.549771250857,7641.352705071159,10786.08602342558
6966.532320123328,6615.776154221328,10134.146317028692
8154.928099858767,6453.226411282422,9577.944156877546
7489.321879138065,6915.682644038061,9743.282820358709
6007.5687305289775,6402.093632344417,8722.366430564329
4939.674375739327,4757.153463183632,7045.605857723206
5500.144941060934,4653.73649956534,9517.76427772296
7111.257091238868,5816.498235044368,9553.068410224072
10426.057760122527,8545.6855826763,9838.077805828376
8187.989431285661,5887.520715009142,10151.70610288087
6832.896358164381,5850.354670806335,11610.000247754686
6779.316126012092,5898.201715190514,9376.758570341482
6472.663897375272,5720.643114085833,9058.76532527207
4126.852302923489,3365.248489229445,6855.189925363331
4097.08119031502,3155.0287096013208,5093.0736904667
3704.9352926908346,2647.7883745068507,3151.3065020145023
2590.320587051079,2129.8983418119506,2793.8258212404967
728.0843980892676,1537.0203734938614,902.026686815872
797.67668196197,977.4255364588021,417.6568637241508
582.3597063691384,675.4990354632607,0.0
0.0,272.81946548651644,0.0
0.0,0.621033842086419,0.0
0.0,0.0,0.0
0.0,0.0,0.0
62.678945227748116,0.0,0.0
0.0,0.0,27.62560112099456
402.74523223955197,0.0,367.5747894399551
411.6396116321814,290.6722058463962,320.1647159968029
569.2954982780644,0.0,417.1700240426399
1547.1917699565004,885.585731940334,644.7525258985027
2536.5723111908433,4022.986892593669,1497.6423164155667
3834.4769913397763,5721.207158361702,2213.5672278496704
8820.855184238562,9212.30504527533,6847.966654053626
10478.77631620422,11552.862234709366,10555.025225688554
15121.419895211096,14386.350415587374,14676.377436272243
15720.168128497802,16836.276226768077,15804.710655825167
17848.007481872377,18989.87701193433,16063.71285149509
18458.772055306377,19472.729554595957,15795.26680650097
18954.64808903822,18936.03612289534,14716.571571871316
18432.429701304904,18502.84332344259,14250.914996807933
17453.669773939426,18228.76599336738,14187.410192981904
16602.37202255506,18310.647800044866,14012.410160108131
16156.321680420206,18506.288864237664,11750.925768441186
15969.668334595672,17057.49664330019,10934.618832459715
15549.893552457143,17671.740042285426,13119.508366308684
14421.499677597862,16805.690326555257,13420.16059003186
14693.445854867134,17217.74954360385,14273.982415275435
16095.94725001776,17953.86436585223,14721.256276674614
16024.023806593876,17694.370953378377,14963.478431472176
15131.471045612368,17435.929869536092,15445.298227518451
14927.167995868484,17755.78385364646,15897.486416823984
14534.839064684138,17514.875018967756,15740.787154765032
14999.297863567586,17253.071420447144,14412.51061364081
15797.113845067544,17326.73861583407,13927.60736024256
15798.75904907411,17298.70903160028,14168.647470334272
15880.534344312868,17094.184339944506,12651.285899214576
14958.392089511895,16446.89195168748,11995.734395944264
15078.450813372274,16417.118737438865,10585.739002477878
16512.152257855152,17321.870205311698,10455.638601154296
17754.478947733067,17677.53750070422,12278.03699234666
18631.40784999849,18427.10442670696,12328.75861365828
18294.79656570996,18161.199604818423,11998.274274169646
18663.284661922888,18302.871020281964,12295.07947737726
18291.473137797206,18422.941537448107,12651.645952650206
16525.416471473975,18128.17709507198,12868.756225524265
16290.204934637866,16886.24553721617,13259.88960079328
16346.072282124545,17413.681494711196,14445.97767910591
14955.989286066673,16815.388552754557,14645.31464966779
14885.30557247443,16250.947460659547,14609.012694426016
16244.005792887718,16624.352733876905,14135.454602583191
15754.71701461443,16627.710665039904,14294.786509959931
15777.946208958776,16616.645068719932,14603.809118975658
15741.022311846826,16524.001605311994,14647.127482251652
16165.53968741193,17221.512443810803,14095.445062888706
16116.841792857564,18052.237470169926,13200.05550506699
16844.19918391771,18780.483092431612,13390.820855737053
17681.215548320477,19740.675266021528,13516.260402911044
17098.561064616046,19329.603964964273,10940.338150014686
17580.27760967396,19944.75083266237,9867.0788371247
17150.405733176063,19976.258147194436,8646.412910311905
17232.938438683817,20361.409910559778,6671.740454571791
17050.020502805033,20028.157015149794,6285.568542844914
17303.875741028747,19927.166558161265,5641.055063673358
18977.919169185247,20780.265016576,6297.204740786485
19772.478703820914,20246.930089290618,5728.499779937177
18283.080321561953,19018.66534567655,8111.679155232577
17679.64499196624,19038.370273709388,8056.862280998056
17237.36951950705,18506.27749584333,8333.91341352192
14371.921252831105,16851.72596649426,8294.116204393196
11560.393336367346,12596.150942084225,6473.34826333123
9222.317077667598,9194.193564679115,6620.130587080472
8343.852997428232,6998.974557476459,5279.75348487519
8482.861713518338,7592.091364557722,3967.857178185535
7026.371432620178,6594.984471175502,2931.436679644903
6692.768151118328,6240.216828622216,2951.8744694442503
6824.012843768027,6383.131997492845,2686.8331940338926
6895.205112168598,6346.048407780559,2758.6074002303426
6585.963803080769,5368.254972762662,3098.9702574592484
7584.024062673838,7191.93705473799,3963.058067000352
9632.116001923338,8802.726474754238,4350.047520603115
9834.14918319763,10693.287397929054,4927.697133865474
9518.993897154955,9214.862015561022,5093.723535348428
8551.585228766127,8543.687292027438,4403.27925318939
7256.732829725978,6638.8694894529435,4705.677468743057
10510.402462106245,10095.106439989344,5785.378961263828
11582.943206408889,10814.83320177584,6418.568906221365
12200.031022407147,11300.719942965514,6312.527632945835
13418.704674981293,11269.395441063834,6061.553019392768
13162.583100336436,12079.703233531623,6564.294542016625
11906.519627446294,11390.51525093828,6491.008405889403
12160.093317095081,11196.70228025917,6256.842964583957
11587.613704030176,10162.015165555336,6846.388529090085
10562.575481098485,10134.132066028958,7422.445882083624
9932.39862625596,8636.121642726488,6663.232768487128
6617.006065842496,6631.546177580695,4228.702424588925
4777.245818856301,3913.9048442373523,3239.297537163761
3090.073085279387,2536.6686331549317,2700.864950992612
3176.0445921076453,2473.8822294823954,2427.5748185707566
4860.003039488636,4032.7640784317427,4021.440087543158
5382.699577380464,4106.4242088894125,4292.7267982560215
5801.416333293619,5296.4048298373855,4666.956220705268
9713.104329527387,11852.7296743574,7944.406382952004
14347.816196541038,14682.832723347574,11711.512246840177
15456.543228407256,16514.12086755744,13424.76745794205
17317.320329638325,16937.713954131585,11694.701971019298
17434.86877132969,15205.853131743332,11649.912067350737
16578.424264491376,15070.58918367493,11822.57349060407
16640.98046441534,15737.884030610116,12363.905014162332
13743.88796828191,11818.908719512292,10916.979938610582
15066.320986788862,14806.513854937528,11960.022502458043
16863.616290601774,16203.32754016259,14028.64212923715
19059.878220602193,18232.31752791813,15079.392991252858
19621.12364466348,18991.71971157764,15991.615362408216
19275.37908780916,18707.42732849911,13180.22597402786
19210.45735283466,18348.23082076742,13616.182101456478
17483.641608960723,16704.876640008657,10530.718237075718
14547.333261474674,15624.963975823182,10400.518885878317
12030.532064307721,13085.772464737225,8807.252197287793
7978.850370456772,10203.726438005508,5483.612601276636
5501.554110892604,5597.0495770207235,4675.75842337653
3783.4950228927814,4593.1639374674905,4086.7925161043
4629.66799973955,5074.515249668814,4728.716334973733
5214.62165709125,5270.510888502479,4965.007009196983
6369.240845670312,6802.292298027158,4753.647040565242
6511.80607388127,7004.260947793953,4385.95366113508
10948.48803996906,12265.947723766081,9804.7523798196
15312.74059672858,14928.12961273965,12372.93990653112
17434.73434338779,17031.781883390915,14067.867194197432
19321.825009728105,17655.909386151634,14719.030371578268
19058.36622434863,17345.929560203575,12879.016992585848
18531.247815508053,16845.90453983129,12401.331072604196
19516.09886486971,18316.51613750663,13275.287749316807
20877.197091556412,18528.447763474396,14001.247264172604
19727.504617209514,18794.6213747731,14790.779615871776
19883.89865606712,18066.111521532595,15133.986015104689
20220.200810898445,18036.130663001066,15545.934311443474
19230.62751412218,16652.48965476646,11671.816425666684
15515.474210600869,15470.881812891725,10166.364571215803
13023.494641698246,14139.894212628678,9680.433268616522
12445.016826902847,12954.704991463746,9343.087813994338
10520.364979383161,10694.987467780036,7526.893714291387
7826.794664155682,7873.967780826283,4551.952098109017
6685.245435189905,7873.946320197507,4046.142882791323
4380.177093410565,5198.217933100264,3468.135382641141
3353.478461102583,4210.855026093655,3355.48307461918
4225.065400500109,4096.4991726876015,2704.7468126448603
3744.0912157133007,3283.6780095143085,2708.740522919222
2528.2604973566094,2419.3872347737315,1627.6132364091236
2758.741081556338,3102.381140300874,1699.0608939816236
4092.4528704538393,4102.091976339743,2160.464243806256
4359.723934229136,4565.362100357815,2147.088000133381
5001.299714066107,4741.488802492737,3130.839275672655
6235.305618550245,4563.807073895459,3617.028858728053
7087.700214708037,4577.870156431748,4273.58639259634
5713.642090900551,3331.1104930266793,3419.687364124099
4722.557953878887,2974.7433723858326,2699.473002270586
2988.564308118187,1406.94249802419,1648.390466624296
3319.811762241332,1402.4375521593445,1614.212858940164
4480.732257416888,2383.7301312259774,2717.795756876841
6007.906931687232,3755.5643928430454,4064.737576392123
6722.5696605588155,5997.6989954662695,5224.812967301709
6007.159426751774,5585.093958924135,4959.986970785558
7091.265725979136,6736.143526241757,5671.473419813151
8300.511257982838,7067.358110642937,5459.4422374338665
7421.096328945609,7383.3029414704815,4530.547032701208
5779.937726187149,5170.76893097431,3815.622478398111
3177.2515972832275,2862.627887400059,2611.031775236852
2662.7652312045843,2452.733029286848,2931.9678287028382
2300.3185601617893,2021.799812303765,2570.5662290754544
2183.834737800013,1888.664316037468,2132.7815077883934
2487.850273612398,1794.511202401878,1733.831138935391
2039.7340293339307,1559.9869547001736,2184.66409235586
2109.1843588266006,1506.5951626901176,1760.1958904520166
2689.9257918549324,2651.691330444581,2158.789380398017
5655.614012686955,5070.634286155228,2831.219858144566
6496.20629276809,6284.770509040031,3436.5109539579344
6655.531885149954,5391.941707876811,4667.610672110865
5901.2444331813,4418.754822381903,4059.113146579272
5649.411809127654,3963.9121498896984,3771.3833371674727
6266.635037341586,4672.695651893134,3981.6022112840687
7790.207961313847,4700.932357273174,5282.450504360371
7480.775458445676,4699.819127951052,5081.684923263066
8913.352021560724,5547.415830570523,5194.390004374725
11396.328897745323,7636.27288928946,7976.792588020611
12031.372249373539,8718.049169088288,9598.077787456614
13086.436857492312,9861.643447183269,9214.347614797984
13938.539726293135,10249.345815250263,9301.749802432312
13398.215223524083,9302.996575665888,8052.018409983212
10457.778687666825,8556.318602335334,5669.91194785959
6407.038097994721,6004.637796404667,4369.8439860347335
5171.501985988038,4160.032878949712,3020.335577396416
3946.452198655819,2909.2146273185895,2226.7500320815275
3852.088316290148,2528.778155644554,2488.562295559204
3984.052237848252,2691.5237342861083,2232.835056706961
4016.2073063836615,2553.0918554594064,2559.209664160585
3810.337832518135,2729.8186999153295,2470.842320326391
3135.686954997055,2262.3563603864895,1348.954348068754
4165.663649562781,3369.120771684761,2608.7755793392644
5679.90941477773,5387.047880456367,3237.7546771538105
6631.851208920363,5964.113449649064,3779.192410310838
6848.324998314003,5185.088050528324,3188.085780338625
6521.441863262057,4644.524945038206,3621.6448410697976
6563.79387746381,4502.507707043532,2990.842738475822
6326.840271640513,4443.251001648747,2753.188750739275
3071.507466119404,1450.3055882872304,1635.5128541288082
2373.2756089054446,1477.1867160826334,1317.0087225880216
3170.049803061407,1664.9025756825865,1436.7561945184166
3259.8185689108504,1330.172107670221,1331.2971314327303
1903.798582633017,1024.4178100311053,890.5013736601674
1583.759803469478,964.862420167359,346.6526885474965
1154.6601249156058,351.1606990470649,88.59362270720105
1279.890167639344,266.05289536382895,63.97990045690644
522.1284172242346,35.50509874543371,245.54584783852
320.404615730171,67.36402406333177,244.6164462783124
34.74325005455957,68.4429665254825,239.15845013310783
16.58959423332128,289.2562886564846,148.9377020344882
106.07967689555716,144.5920535698762,8.32628761865045
0.0,0.0,0.0
181.65708892947725,42.272251164937245,0.0
300.6388976746707,104.8619572903323,0.0
244.3691378972061,0.0,92.50453489119371
909.8826017092858,514.3671000297331,350.2448770668589
1302.1390658055375,1499.578969200885,329.09747213740405
2072.820640333193,2719.7076772828195,896.2402009711793
5548.239404159123,5781.244453442438,3478.5220699433667
7959.202494651795,8931.875702906515,4704.182422700002
9313.03821447912,8950.716117343538,4993.5538831306685
9602.822927375957,9647.465254875828,5067.528488096943
13429.981170703604,13785.257310726505,8856.126957793655
12542.552727706374,14143.480244645207,8896.898317369078
12122.033674699054,13675.069929545278,9797.085986907045
13378.15801611101,14569.385758149081,9881.761917765973
14369.764409777299,15370.310877941109,9417.526412818792
13189.227796135017,14096.212605112736,7106.650764861682
12608.946772590229,11847.176028270147,5164.885064869268
10642.427545421175,10279.088533481328,5848.282197062496
6660.310062478609,8479.210596521116,4829.0166364365405
4793.648360813475,4779.990583962732,2491.066123798797
4423.785038224758,4835.7791512522535,1718.5441848910318
5394.469498696559,5329.558417030294,2337.3918138163804
5221.307025617443,5597.105433068404,3438.532227497498
5914.473687621023,6196.3345602488735,3845.4320789090175
6834.610587944894,6807.666078830228,4453.8808766002185
5598.43508315296,5477.409414134577,4369.972107783544
6128.720177539553,5785.747394895426,3741.4565436750713
7618.8583976719665,6870.279204200588,5100.408245186235
8846.619667848547,8554.57198849331,5751.1756504401765
10016.814545712565,9963.46476280727,7416.842144505442
11856.368674886684,12014.776551271098,6542.291259997915
14944.011421900985,14687.564006943723,9773.673479355926
16302.965015758266,15533.864126559885,9749.836022354631
16684.86040862909,16152.335524712387,9245.124687961194
18717.13738584386,17054.705614945928,12246.326128141674
16588.28000587067,14002.769624975856,8061.242260665529
14136.655606314278,11653.723632656529,6083.583986712773
9018.150290820908,6888.570201983325,3175.829635942109
5536.291308445431,3819.224439010159,2764.872588167661
2434.72339769434,1363.8887545163664,1033.6954512505863
1564.9600079401748,474.3838240662751,757.7989140959237
1332.4147757656874,253.49068053729417,236.5936871591519
516.0094603898891,0.0,115.62708910214177
597.1233852597936,271.39035469955354,55.77994878228602
461.1106748827913,0.0,451.051247076916
531.8544365387229,133.92197251494287,464.8474731985916
713.8154809199808,195.96029877417533,1163.6048509901764
1604.7109500693537,614.2818883913284,2382.197191720669
1614.1176637486733,697.7895841517085,3215.457382149604
1357.2560966003043,619.8089925131999,3584.884223789445
1124.1271384832057,745.4375725127579,3351.0152378356656
1082.2160080065137,446.5181658270512,2347.1535737649897
927.8560747349411,326.74466974330505,2459.9116296405336
1508.6161417645224,415.3875556023321,1542.389036793581
1628.4908204228889,394.8540449142887,1102.8684550641146
1639.4646582531775,0.0,768.3678729574515
1586.9252145330338,0.0,253.59993251692293
1607.9472420480636,0.0,362.7884245315821
1719.695272968705,80.5558001562062,0.0
1218.196283369004,84.39198618192779,0.0
1499.624199710358,231.69147945916245,0.0
1573.6067605899323,31.57629556202359,96.58498601456915
1354.9102977210634,0.0,114.37017593958592
984.2124829177409,136.7111868629783,100.22806150035852
1390.2624453623318,412.88003601552566,187.66850455545256
1766.3348702059805,590.9749824359594,252.9389944829124
1638.5037111279057,1432.744959422948,556.1477106159881
1313.7451628967094,1474.7416142842785,497.1442248466409
1152.7503899474013,1130.6673971252847,609.6950858391212
199.9430512347039,0.0,117.32969151479855
195.03721442427724,96.26430838406453,283.27001659616747
0.0,22.71656444833839,87.276431168824
230.84648857827136,0.0,302.0478567646766
302.6842538449097,0.0,321.8015264482349
359.8265963924676,0.0,221.2539457938956
514.0327852987053,57.31836126343836,214.3234160778618
226.1298888900126,32.35148060538974,44.12305117468024
584.2256212986631,81.40148274227462,73.55337336840525
1114.819841858934,178.26227746497753,162.6063895594861
1163.3136455772642,194.1534447221457,232.73762707801689
1743.8636959182668,303.10778323433937,177.58238983871922
1909.1514198502778,795.7076735202537,143.39254103898745
2345.7472696176096,610.7025336730475,352.3028098386798
1714.1584393913752,443.7887359944805,209.1845152910544
2063.8961309440356,651.2489855413561,327.5787989027317
2297.9105063883653,712.04806870917,376.7127689757427
2359.487812500292,699.2465960502552,397.17571926944703
2143.713851655345,743.8082048878532,302.3300084308771
2252.1556562909896,609.9034936102959,288.1128547402648
1826.2835280588872,424.30952512386494,256.9759330557673
1273.058624299892,376.80547732267576,128.76862121871503
715.572802427586,400.3953246572403,95.0518601347068
177.39473592504638,121.79211976718385,242.01599976130944
114.51556404107187,252.93221294785627,123.47051999090596
0.0,0.0,176.79318029798117
0.0,0.0,172.64033996636803
0.0,0.0,115.42372279367568
0.0,0.0,13.158189139513985
230.59822095635235,0.0,111.4624207012594
85.55792383689975,0.0,81.8619115534113
120.38735205936689,0.0,0.0
238.2545543523968,0.0,0.0
1124.273580396974,195.4058616391895,37.348017570194045
1142.0201106215093,327.5301718602528,73.62303390515245
1431.7966795195775,424.5908495743196,387.8355957583084
1392.0466597644165,720.8095890987394,900.5547518330417
1471.9179149307743,161.1864608677553,138.63662815756484
910.0623207788201,0.0,18.204802391936404
1370.2746558392482,0.0,66.38563488129275
1325.0675596560538,0.0,143.95403838313294
1377.0089980517673,39.49114884920412,38.21133760885554
1158.8027292193137,0.0,121.10647932467434
1541.0885139257725,27.734321824538416,0.0
867.4482932904975,0.0,0.0
211.7473851814649,0.0,139.0178657402798
136.71536224397423,0.0,10.2307586669984
130.99625280527087,0.0,15.374924303034566
0.0,0.0,121.70129962294504
192.79714933203388,0.0,0.0
0.0,0.0,79.17929266504336
0.0,0.0,90.18560024056492
98.1948176501231,0.0,132.61287276595164
123.2503135253652,0.0,198.8324554311357
224.64614046708002,0.0,245.65427652437572
442.0648869724429,90.6569799667452,159.1865817886487
832.7725621444653,190.21688166856356,138.5345063519785
1103.2169332379003,447.77608491414026,327.4073159771183
1278.5741048514992,324.2614265629332,313.167366532092
1982.3826882363744,829.809061772133,377.88540159251903
2852.612672701396,1473.239447952508,983.251602042507
3306.314374856122,1330.366791022465,1679.7945050859903
5160.393148997233,3652.402255514839,2303.5966687668765
7705.918667805187,6313.017274747047,6665.7618477549
6536.2386936223575,5734.2041027845,6743.731506252235
10221.70742071616,6513.853486328363,8598.420535310694
10825.240722062372,8264.402654859812,10531.870996505244
13256.37519524173,9495.133019863179,10805.636781796862
12996.424540949241,8451.10812542932,9815.311116054458
12332.16649837814,9641.476756079914,10682.250346581915
11772.240007642718,9556.82807182549,10766.860529578096
11527.025740298479,9575.013969478063,10084.116596033396
10583.729508779126,8756.051355411437,10542.722424489926
6819.401914243797,7664.54673438958,12257.269642667725
5260.713049489065,4757.807136968204,12089.834385436769
4684.904690022637,3652.5468581406417,9056.104683124888
3918.4300223652704,2495.5457149400117,7391.3050493392575
3309.9596172069605,2075.030356658158,5780.122303075941
1389.5318548413634,416.16190475718423,2884.014914914584
1335.931082577423,928.5936251236983,2322.3560894690027
1391.2272092649212,780.8543846838581,2391.3754068168155
1871.4956289169088,823.6001035159293,946.8605372852832
1767.1157647233363,600.5057977132269,782.2977399598867
1634.8605769999294,219.3766934772118,763.4842653227313
1711.3427200566543,214.30223141629003,510.1520614063628
1485.1992063928428,597.4451756300687,488.5097972273026
1713.2326387913242,354.11227292605713,397.75296063517953
1943.7456998241823,700.7996186634434,629.5139284295602
894.626020402069,0.0,413.154082906024
701.9374211111813,0.0,193.9806339974608
181.73205909499308,0.0,228.97061422616585
427.26609028318694,0.0,54.79733410362444
185.24792570971323,0.0,36.69034320648209
0.0,0.0,0.0
0.0,283.83829366601844,0.0
0.0,663.1940423496022,13.450853913804862
0.0,0.0,0.0
0.0,0.0,0.0
0.0,61.665257468612324,371.6315436254805
768.4278325957855,1478.8753811826034,1318.0574168498547
500.9347827116249,1306.8204608505066,1279.9691512728652
410.462324568784,1212.8934271005792,1329.6486331283793
138.02327807898283,1314.698315647904,1357.04695476786
414.16528378854935,1429.0323371254076,1622.631278457034
2480.030625872796,2024.2367057815975,1619.573531768936
2651.490353346072,2127.166712715415,2430.001151817946
2650.575962094563,2244.4261675778503,2676.108305660885
2587.813508585403,2472.7502791811708,2896.096961249781
3110.540307967901,1848.6169939387385,2246.889371537783
4439.469332667693,2714.3264145640605,3012.532900257464
4341.168192141582,2675.2980197593906,3311.351311041321
4198.668295070381,2020.125066304533,2638.691749366624
4200.009908058486,2565.4038833927584,2509.2805552612363
4066.7284693056804,2208.484395155784,1813.5742503218548
2160.558683929724,1444.063869380128,1520.0660684131146
2538.9568612197754,1333.136887398823,1607.4908287112137
2207.0326598316187,985.5160176842564,1064.223521144771
1301.3872570737976,570.6988103276241,802.6960618412247
177.2355460937993,68.60710296300788,32.750931709867174
0.0,0.0,88.47238687727302
0.0,0.0,99.35232751179048
0.0,0.0,66.2940770486198
0.0,0.0,17.593343202670063
0.0,0.0,29.93392743423897
0.0,0.0,56.65843361171152
81.95103096920111,0.0,58.37331118125968
126.21737071472847,0.0,30.1424710356508
178.14682185644313,0.0,32.05635174822326
731.7472540528986,193.45807241572683,331.89835056552494
1153.3781739224587,426.94194824915087,351.8404749026828
2253.6917282527743,1176.2167993916034,2096.7575511019777
2527.9732616799747,1333.7315701880357,2047.39099871212
2752.74112585616,1699.2990986553489,2008.9892737313849
4016.7522991121687,2214.3011284285344,2904.092319829725
4066.998884581054,2355.9299227166775,2855.380396247753
6644.146356749241,5362.970113074942,4401.392835166237
8345.044020884861,7242.5141597253605,4991.310980244718
8173.4526959492105,6713.544732159722,5350.046919337899
7613.402409812938,6436.480503136405,4749.517915195229
7925.394539782191,6060.547462872351,4639.32160965468
6899.356608532735,5638.902150448327,4195.120994113004
6104.135957376776,5051.04848996086,4872.0294272450055
4625.4864139000065,3813.279755916019,3221.979695311088
3403.7385890661176,2491.0607174574275,2707.82866907452
2697.899722419137,2581.3805333033642,1798.076633493843
1649.2369847642062,1589.5727989254638,1359.0715992265302
1030.5686891182668,830.1044535279277,544.9446640726626
378.53089306755214,277.23425736993795,639.8657201126152
150.07130737090714,166.9276061227394,627.7138682423188
230.96728772350514,170.20265009983535,766.8080087664325
940.7242935043063,555.5773008884414,979.96313552134
1208.6964217589768,1617.676410614683,1115.643363893078
2808.5787014569587,2628.897616230422,1667.606137753252
4045.2321218569514,2907.3210043685426,2246.42382307683
4328.582728686261,2995.006989046768,2864.533844079597
3856.616781740738,2505.5407113133556,2646.633460880448
3035.3804280594277,1854.602773791053,1577.8500854383535
1596.6349377461615,263.2973901598954,204.1000777269903
1689.7772527233299,555.8571972604803,793.0928347405589
1680.4403551358992,774.9150210767503,1051.7907828744026
1832.7072405608337,875.7950264193903,1049.6793433394512
2891.2191295771354,1659.0175423528274,1411.2646691144491
3223.962627610618,2048.0738770409516,1767.3837178781887
4393.236379048931,3617.655203918709,2269.0127627993083
5825.813836144619,3897.0828936294683,3475.0158471771388
5112.6402396419735,3780.7919020715276,2295.518520425344
3990.2644371911865,3325.115454379247,2198.7816330157475
4734.447086860986,5613.855139387976,2477.557518021501
5226.666523950584,4689.469668830675,3695.072833462693
5204.8738642413855,3503.1519897463777,2910.374603548622
6554.104908113954,5461.620864766472,3849.264797089434
7353.696902675152,5777.427601165321,4397.797281241286
7518.912531009668,6016.098969729142,4163.038977666432
7953.422572294001,7153.71559141811,4793.3009599360585
8832.244092257031,8520.430963740162,8648.838950287456
11053.40756561029,11936.401025222422,9979.905408636989
12723.569469457585,14728.787561179533,12498.396607982071
13972.066064777833,16043.526210204907,12350.38736547997
14547.103421427106,16947.02677426266,12544.556616022714
16415.454627722487,17935.425736511097,13898.835223960628
18486.688327369033,18588.85884491187,15101.661471384474
17151.741102995464,17999.0686855538,15289.142641982638
16556.600955624064,17339.747516725904,14092.754361417372
16530.734266661028,17222.69492005011,13688.44731125341
16321.912826743652,17056.497569504783,13962.397281355508
16464.551566908493,17295.615490253604,13826.259674368524
15453.050682990297,16926.35970180688,13294.10899974719
15382.198946728897,16194.989404509042,11931.964893333014
14380.705452498098,15405.503514802012,11126.565018504623
13488.06544566965,15533.180637364512,11230.323819376212
11411.540333832756,13763.755763331206,10873.344438052734
10373.514675642225,10385.061954435623,9227.056265593636
10356.238827279314,9896.408071541757,8512.448040033256
10155.12023117635,8563.376083038249,7250.807139900505
9178.879112175135,7168.98037313358,5406.178697540062
9185.488620924241,8410.83183130213,7321.018995390157
9321.127270909437,8524.425631639366,7872.747765076951
9278.64630797794,10081.12358271437,8558.582515238946
10024.495794907398,10027.66709675113,9869.735329246532
9211.850775946416,9564.809064943885,6359.025610679312
8704.127378577654,9731.476846572989,7362.445885440593
9181.572517629416,10204.570513374782,7693.53306025108
10238.08765753731,10849.660839474212,6793.628129971084
10444.50140203137,11051.8124286924,7436.457873121326
10719.453916091377,11844.401305525535,7652.634691906484
12286.205323632443,10975.553833429547,9922.841502016898
14552.97644420812,14375.106523906501,11765.006770588743
16285.224931237575,16845.651518325427,12786.41208612358
16698.62104975543,16715.772573992483,12383.406260161792
15796.525961398418,15522.52566759712,12390.541034658156
16147.55879183225,16396.76677753251,13322.914060103554
15966.697776397416,17031.304614734036,12852.86459603647
15777.07587872125,16893.418223614943,12729.711541523018
14516.680364382062,16858.149079241626,13269.347381037123
13697.82040663563,17091.927961686528,13400.204212862716
13102.235325417947,16003.569984406082,13457.23359480248
12674.409201764855,13099.62226841273,11105.900715259795
11582.558604191776,11504.413255136666,11081.738252447003
13272.083213816499,11530.508228032228,10787.952430040648
14001.509012581711,12574.810999334715,11348.030343807755
14460.896026664135,12726.82912555781,12344.698148719564
14975.203846577851,12613.478557872962,12353.690330744974
15013.964203009924,13310.72158357113,13605.769455353286
14879.809380897805,13145.753368385509,13330.888780261224
11388.963800197005,9804.5519600459,9835.662138762009
11070.816238858271,10709.108467090777,10144.394987056708
10398.380399166757,8903.206638467478,7489.341832863061
10364.047981919653,9039.598933189918,7181.448539912845
10440.092346115323,9417.896340181425,7189.445906465278
9754.877485026804,8833.673174359503,5241.539510252242
7404.628549260522,5205.748875746663,4494.535853370842
6247.438787925858,4128.97782375952,4092.463728474928
6554.3981790168855,3979.4950925942812,4049.6654320265375
7539.239749200452,5857.156426843562,4354.086831247169
8232.586120477168,6659.356943909958,4053.029425515071
9070.322233927958,6877.946338504577,4787.510695259698
10781.816847860171,8606.855439538,5117.063297295547
9395.06500025765,8718.273231247582,5000.572378288208
9054.108104324332,8258.264068146627,5450.468251898642
8770.255842910872,9296.733803455085,6903.723346870243
8412.871825252958,8277.508946111611,8705.516624234426
10859.06787381683,12728.695360289094,11534.79645348911
14819.746193624285,16014.954897791671,12298.949939885952
15221.601314639121,16268.455856521274,11792.94793467512
15770.466502694902,16108.156049825975,13410.91690662352
12916.236409397037,15472.230374752275,13511.253196491323
15203.743048587354,15414.357828395017,14557.326103990516
16072.41515901605,17260.457595652755,16688.762018265177
17610.878882469715,18549.740612527923,16728.58594585534
17405.00161564247,18659.51460635244,16879.50847970446
18424.70540953698,19202.896525151144,17029.493146338307
19382.10910057021,19722.96514489813,16982.217165206304
20721.422766709962,19854.219687887642,16447.247914792235
20076.467863004273,19693.510390836505,16402.533108557403
19768.307447360065,19601.93537174076,16792.089882890956
20232.23494941511,19771.012824417623,16623.547096817336
20436.148198929124,19771.03418945194,14839.786024769295
20282.390458316644,19745.616731516242,14585.891872932065
20163.372430454816,19599.610233925407,14862.9136695356
19866.093508975457,19489.852065431627,14622.60845729083
19261.22729093247,19005.02909672005,14379.39714358685
19272.723387174705,18940.42219941836,15275.385747077484
17859.459387121773,18827.27016708247,15648.175651253909
17294.18505014074,18292.02047759174,15855.670690022223
17678.13997716908,18677.67646494495,15403.858662350509
17712.7615252203,18369.06732465192,16054.432569252993
17567.44664520306,18339.71918337344,16358.50611981483
17932.70433573413,18612.171236512157,16478.90044359013
18109.84167035322,18525.175872684667,14383.78640127479
19411.82081561936,19068.127038964918,14082.844632692282
19402.04197305085,18714.367754400137,13855.237230826802
19341.542177055926,18853.202008015436,13769.44106718385
19243.032138366958,19031.283244274236,16025.049272173284
19126.14294151013,19159.77046681989,16081.787840165116
20863.104443747685,19242.51278726158,15559.02243174354
20996.167854253137,19306.829718317196,13076.88578060703
20871.37583655063,19545.39877748608,13431.906891457003
21600.0,19885.845955965837,15108.133142772802
20799.221129824964,19465.389011714105,14838.13665414636
21600.0,20135.642461159958,14863.554006522812
21430.57736876074,19844.672567304628,12675.097041050372
21420.798908854955,19823.921072132336,12713.194795918327
20931.047720586314,19674.359381740247,15431.092749842664
20920.122641170077,19613.452360675044,15902.668944902778
19790.019664772084,19004.085831853357,14992.073385100122
18728.947361328683,18978.35981326837,15674.01912326054
18858.544879584246,19069.74895549025,16566.32892255186
18800.107963218856,19798.999989590728,17349.711217606986
18751.889646559324,19388.320459229682,16085.647410935238
17073.32804782439,17458.31100642079,15054.541009250384
16818.53273830438,16311.077870269895,14842.906312039831
15526.17057626068,15354.859078995825,14405.311173738406
14877.507446019805,14149.850159709042,14363.617408126907
13567.183629290761,13623.440617502225,13270.473440897817
14440.68084620529,15020.179134503162,13633.040961312689
14907.130259663407,16330.202249382097,14454.317591201536
16842.219055978167,16585.107892295862,14264.515835816055
16901.717222320305,15847.339020309775,14347.88925443816
17370.682903419493,16612.157303361404,13930.055008522628
18256.085196189,17200.308718624743,14171.22895086472
16750.249236955664,16588.335248132335,12744.255360760832
17730.56114059011,18772.311061249875,15427.165950019758
15737.343769881592,17504.879582862868,12478.449744431262
13985.534662685142,13920.181841148818,11714.39115205613
12848.073711654915,11406.914341916488,7976.99841355893
11253.310044055886,12058.564021998198,9460.543990519876
10246.055837257256,9541.010496846793,5832.452696647776
8507.275546935014,7243.06620377299,4406.479392983719
10057.906630382964,8987.374437633194,6183.092636004495
7356.012800244795,9415.034725057649,5616.736180028176
8451.256019005581,9144.92251807383,7132.347359017556
10032.941163173271,8324.929355493494,10166.313778497091
10294.015045678849,9853.58554757312,11290.82170761409
5077.312323298344,6026.019305113428,6676.413845792469
3923.309374792501,4245.853217832639,5029.099184728023
868.9351034513581,1468.161031370458,1556.1328231543127
635.6315908306808,876.6606823238753,343.9792319315978
872.6695006419956,750.6434177886043,646.0266363381289
780.9376180408979,313.28501781181876,0.0
1516.2702417110684,1617.65487877483,429.07530381451033
1154.6893604191944,935.5154526964361,886.4157172401522
1707.710048776667,1305.3044601041047,797.047624001671
1557.5690776155293,413.9863712627588,476.09635036196426
1657.535314681432,641.5666467847072,1228.518914321796
978.4787590539261,362.57430530615886,542.3355312499093
1156.5384643594011,314.10909725720234,461.3352698473147
474.4666997936092,0.0,344.6182932308426
749.0507262666079,0.0,70.20573602282045
996.9725985773626,0.0,0.0
1067.1555781262725,121.39159420314255,82.77718203024509
684.1361731725439,14.83213357340415,170.17077621947124
969.0649826422482,104.27562445272876,117.13535184815852
1058.7162044607924,181.92391863680052,0.0
803.3101719413229,361.7566693070901,208.7969552162093
109.5502557387029,369.8004075842484,0.0
358.34199288518033,433.3519840542282,166.2933148679427
429.4098156205292,318.53865945787084,436.4454495353618
866.2228558639306,789.9962873330564,1141.6162636167332
1280.2847924721682,1268.81020262923,1382.9297584733283
2429.6057145766604,2385.0421021284205,1950.8731548513504
2993.6685254642694,3066.6899576929145,2749.819191171307
3383.0233608863746,3147.3711198081373,2253.2246192471507
4314.663730283696,3806.706640827705,3829.6032458748286
6188.821854621152,6437.9676106809575,5585.780944647109
9180.029834360832,8972.194825557153,7399.870610141293
12801.236229255052,12504.835970476937,11100.8310951258
15171.789676321781,15005.233034963967,11273.36038476008
15703.164095755106,14609.306507209645,11770.676122870862
15648.17803049641,15160.902149454021,10101.768082707944
17229.411831102232,17151.419085036592,10859.222366535125
17832.639808367236,17471.686779447322,11879.647863591135
18206.330842039584,17492.45766658089,12263.249150489812
18016.509442113103,17444.68680248726,12287.880830200324
17196.46143806818,16985.807044931917,10712.397271661375
16121.766251206778,16580.130945080098,10128.222831490915
16381.50109059312,16398.254245649536,10122.011635132594
15903.670901328736,15988.47258891507,10557.942361326865
14217.521833873714,14954.031418502032,8960.343208357159
10815.964823486891,10583.331690302408,7587.837653622271
5918.203518361359,8023.2209153457425,5539.33426686609
6135.544754248085,7227.442093483406,4871.312097841722
6499.324748328767,6763.616601347233,6324.673754685279
7661.122022436796,7949.525625176718,7915.392045684584
7946.077415490691,8423.961845391443,8264.840354793894
7881.582919692281,8479.737024951633,7279.670668548091
8840.471275312235,9359.658294007304,8150.515862239104
12885.514782967986,11730.774532495247,10550.627821133716
14476.16985091462,13476.26397705769,11582.858055268573
14674.32392517438,13507.76064975889,11292.570040906288
15670.96964383592,13555.39577971699,10878.2805886343
16718.490702378218,15027.276601402908,12000.987167025143
16722.31354185151,14972.324843994698,11316.74703844969
16115.425317601921,14708.642572480978,10244.84391223006
16629.67857235447,15062.187485966884,11038.864055621796
15287.666872487478,14013.990105952857,9917.290313480404
15865.048513823633,14762.153301352859,10997.58152727159
16997.551803531533,15542.102910956546,11363.1166622108
14187.632543782045,14645.411071358838,9348.307847693846
12255.372211306156,11712.73676880648,7639.239804806812
12004.3287667639,10919.82751385187,7439.996550594965
10147.762545306381,10103.656871485786,6857.722720881692
7734.016149915178,8987.28591753142,5258.751354549129
4364.5829891084,6005.150950515508,4296.621803362936
2922.8859383099903,6286.879172375427,2742.1481859186006
2237.8159730122543,6331.271411173378,2655.273591712119
2391.4487480450807,6139.8901738845225,2541.081193195397
2335.48881182824,6877.342966466464,2483.9885184995155
2370.4949657178418,6985.440940976277,2637.0332484854102
2461.0462310840144,6689.8519512670955,2566.9510743225246
4133.919442704504,7302.009677326644,3164.1367086451733
8291.155283740824,9809.727036656088,6730.453715562937
10657.41027464692,11663.862003297243,7485.172630612076
11332.754375682254,11470.736588320719,7785.804972263506
10448.085590815534,11317.364695919792,6235.558855682626
12789.682886582854,14467.74370365302,8751.541503982635
11462.859456145092,12443.722404473747,7400.390857116381
12373.603113702258,14027.699587343046,8906.15914735949
12556.523050947773,12927.226904578327,8340.458619083953
11673.499537212852,14434.084748503987,7523.371775390118
12329.437761866666,14558.795310494123,8963.043110102499
11141.433197249149,14464.984089483856,9921.555421485244
11134.412104830371,13809.475484047414,8782.465455978658
9811.949081168324,12035.879849208819,7729.827315959522
11595.574622503562,13771.322608998824,8179.230885927596
9747.690897276687,12040.581432858886,7643.14581411806
9763.799304192058,11128.328582767916,6680.949061269222
9260.881622295736,10529.957002832634,7337.174909090871
9601.285442583801,11734.810731861478,9032.536125780578
9912.753606547354,11175.555308108287,9464.767194284055
9616.554690636027,10602.408254474467,9321.326694157617
11676.425689443646,13519.708298074302,11288.28470305594
13299.799881710616,13658.200968146248,12500.15729866824
9329.351444787022,10970.316922566984,9675.181026467646
8596.911648120431,10159.987451432939,9441.427656305124
8565.682119231411,10228.399408520703,7562.075443124952
7347.019652683379,8362.569757886393,6397.585979221765
6399.227987229626,6259.498568969479,5793.120522151656
5959.9420029181165,4518.345049721041,3433.0315364660187
3433.164042289877,1898.3800728434442,2645.538614856536
1699.7278228290538,1341.2735820019846,904.6474968738116
1994.3379534534524,1256.6451892142356,1180.5621765834026
2328.9428517364763,909.4620294079904,1076.9090106496874
1728.2530827087073,565.2578265035703,561.8944566295187
1558.2164821400083,999.3680555599831,658.1515691465861
2053.9141239467262,1004.8491432172788,791.6964612538375
1844.4077311827295,871.984158206829,1099.6450757060602
1551.6230834089872,744.5655319016371,2121.278867717456
2259.104535771611,1383.7951343868326,2530.316488309017
2031.8360067769888,1533.9226092980095,4070.537118030355
1593.1679143613553,1364.6274348340169,3619.985907602671
1344.9530802454576,1016.7926139885067,3579.78828477375
1315.5314670399712,1155.1923104470072,3573.489249356804
431.83954663690105,667.4405366501653,3215.3617522434256
635.577873480465,1413.1335953452347,3081.2678438362973
916.6161640686889,1838.7880596530097,3455.256107889179
1142.053751935869,2083.4844055200974,3564.3496011082766
978.9257304558996,1353.1159421023478,3586.7788537344445
1096.5258973473892,1515.3848400559543,3802.362665375932
1002.6751834494833,838.1145090254872,3131.247392267543
1227.0577165715733,1022.1780596549349,3250.046234312769
1612.0368244382419,1779.2984029754855,3642.495407010869
2266.5992290117265,1794.4975866675952,3644.078982005909
2186.7616320362367,1106.6092036349185,2990.850535371458
2249.6709243166088,1186.6158380110949,3508.9100599997755
2106.8949477329343,1390.176153729567,3532.8637266120204
2675.9304817869997,1669.3229361979884,3334.186161476853
2487.142777094751,1503.8252378533718,4097.159583650488
3226.0823078264743,1366.5835374266405,4018.427217004441
4143.416165583354,2020.7209480471358,4756.601416654978
3796.447762590083,2588.7301134698073,5963.763600981051
3452.838450497723,2400.263542356648,6290.572376395785
3254.1401125948782,2298.2623904548736,5651.690199517084
3453.4457557638766,1833.5237136462495,5921.902123961864
2426.3568311648287,1489.6646367432147,6270.751914100008
2673.401920237669,1468.3200368731082,7212.184119770018
2446.2793981923746,2879.0587244441363,8575.165730588815
2612.89541431525,3082.7679907079287,5676.65874355635
2587.46350334529,2982.466766769646,6270.049417943787
1967.3790053695998,3113.6029847250916,6271.675020744703
2464.423587177311,3167.4431333948087,7289.829915328484
2388.6325579377285,2810.8596927598173,7801.797190976261
2278.3646897327526,2899.375942433313,8341.975270673487
3206.9587479566444,4065.608306132615,9807.94167387927
4110.782409801082,4487.289367300154,10595.939952860248
4132.927536251793,5057.977226806243,10763.370369553124
4287.156961712889,4122.820961721378,10689.980762268797
3645.5005469317243,2876.787147454542,9842.251598475712
3759.6385490884336,2335.509502920046,9780.398183508576
3783.557941318281,2489.2034888108906,8485.78657793589
4350.505188335794,3412.382425481154,8982.835225900966
4060.7106204988017,2870.439917426298,8152.644666980969
5145.584415015231,5032.076711621376,9622.64513819049
5042.684206494945,5085.082903768143,9948.086528601203
4294.185206244325,2455.863226395502,7911.062010555491
4480.0135003755295,4306.230542809222,8930.872920712018
5132.792178688466,5565.021358026055,9792.185257621995
4409.815938222328,4176.870386316751,9151.464451804908
3748.9966631701654,4364.320354931962,9964.141273206134
3393.3163880737006,3077.279404493167,8066.985240521181
2092.0612800925833,1892.3670261089433,6159.668109832804
2050.176250032634,1325.311661734953,5220.557022426224
1801.3131408568156,1249.694687950798,4765.736914181058
1679.9303820426708,1125.621564316847,4781.112055287318
1488.6999220743282,871.8740332895604,3541.874622646502
1072.7498751532594,970.4197339432062,3472.3483647024664
989.2664047293681,962.517074359934,3402.2020060851137
1320.1689877325416,820.7979883774985,3485.145415136748
1378.6249279390477,1174.2498778337476,3803.8153017299846
1457.5908777397408,1312.7716056845466,2916.6336700219754
1784.710957291696,1176.1176717288313,2154.2549511979546
991.2656039376122,97.18502555022644,1245.0059861387858
962.4439811060181,87.97146686122193,1725.7569010091593
1272.8015585195487,405.98591799760305,1176.6457879001637
2539.892689184172,1215.3219063873555,1381.3860723720074
1955.6356865764255,1160.742642486687,684.7383553147259
2142.6430758620277,1187.5997319310552,640.6320476820136
2279.449539918345,683.1792458064375,772.3148539482036
2073.656796897538,645.5201648585748,693.3792674089017
1752.2657616526599,637.7875919698558,768.0003848386139
2060.813903209582,683.1984704181178,1685.8750943761409
1922.1113429200552,960.6150574394483,2946.13338511013
1263.420873291768,945.7188953665056,2899.068316601671
570.9108355035482,366.0700891769386,1264.484977784572
340.14407065160367,90.19299951040661,1134.3145443363292
259.1960364018022,0.0,1035.6661960690956
78.14976456580067,0.0,444.914861405099
291.8504957986448,0.0,522.0733344011278
365.81746470784424,0.0,482.0691449075604
319.8400400846747,0.0,439.22127512602384
171.0643262233226,0.0,278.0078838432382
207.66487239786807,0.0,333.96496896584046
669.5329674789912,286.24652280837245,1385.7416704281186
1053.9976644278722,1001.5293965179548,1622.583660122844
2218.4439958307958,1116.3331280959524,1682.080353919839
1190.4098420070247,458.25125170633896,1366.1557519767248
1375.8382390493014,805.478925692917,1521.906712298254
1666.1206890760159,964.9984973012424,1909.574077883669
1427.5516985334136,471.04623699343864,1099.7609107491792
1182.2111730912304,351.27839629473067,2203.448006791679
1599.2759974553567,436.991416981871,2254.887659417219
1604.6022928479783,512.7784492303812,2055.899480408458
1891.3001425429895,515.061742151215,1753.770925345069
1165.3201101143843,563.7281228653953,1265.168913183854
2061.8100186455076,1167.7215209587794,993.0868784492908
1760.677169681268,1364.5874696410324,1617.5681685493985
1155.7839770945036,1389.9165670768773,1588.0825730811991
1891.484888951318,1150.1920330453129,1340.427756598656
1196.0313760733266,913.5321313024783,1834.260589014629
508.3850509550272,768.9295581988927,210.7424456086252
153.21455205517074,151.89252163172767,122.22457304209917
92.0673456577982,0.0,102.52264435087348
346.9538908154014,289.47950760501703,87.90126432191818
454.2177861604909,79.34953975533608,41.15653724286243
535.8653319674657,410.2794278087106,122.60917607194814
843.049605117035,867.8416571247321,258.282164945434
895.8250846669964,402.67347453925197,217.45713929636983
945.4413082315089,386.4448401481977,64.73926970939719
1085.7057533047405,376.2961634386829,22.02720845346926
1191.1540944417795,220.80170352770762,0.0
1456.4586764181413,276.2972687583196,154.4652554485372
1156.7928019646072,239.78670741557363,71.51529355370803
1124.5967890857378,0.0,84.5758442246887
629.3315821410514,0.0,76.36996618948116
902.7357586121984,0.0,248.3155070865677
955.412756980687,0.0,147.7089776179098
1196.3634705054067,140.89895356578683,138.61143199338477
800.6421360759422,97.6590499695179,175.67982464091304
1074.5256707437748,194.73843120193106,220.37370612924025
794.7767621549403,0.0,179.35057246938095
149.53126629734402,0.0,0.0
4.742062371278841,0.0,0.0
66.28003571858196,0.0,22.316426763322564
54.513573823170276,0.0,128.66807051837276
25.037793812500254,0.0,20.8537066573986
47.987887958880066,0.0,73.5383184447289
6.353333314741903,0.0,0.0
229.70048244060285,0.0,0.0
268.2829072993237,0.0,0.0
85.5115980619073,0.0,0.0
352.4582038219011,1.1706068915842422,0.0
332.27368101738693,0.0,17.57672372403999
855.3292150151226,55.43852379990365,103.25909311593648
880.0507251455106,0.0,103.65034535549158
883.9045366838303,0.0,105.4195779804884
997.6077384181226,6.662783402208007,175.106067504175
1065.5064597840426,0.0,255.30253215495995
551.3954085968463,0.0,362.20811838031926
1030.0412463281377,0.0,266.71251851558105
1218.8761699357724,0.0,343.49676113906133
1232.2855960196503,0.0,63.07079640671478
671.4850325337035,0.0,229.68012569391897
973.3896662421602,0.0,277.4494519659839
693.4051811835849,0.0,314.3939976251729
1022.4478971473998,671.0375756898641,440.3271909580063
131.44954922217028,0.0,0.0
0.0,0.0,0.0
33.80176537796295,18.282303052746784,0.0
0.0,90.93317311782691,23.18689261967914
0.0,0.0,117.439831665123
0.0,0.0,94.96172375936918
0.0,0.0,140.9675858420154
0.0,0.0,52.84813900482971
62.26416071892153,0.0,337.7877909479168
704.5388075414899,867.4367080051013,803.2496160253847
1372.6465535200505,1014.4836495840035,929.0219262798972
950.678846606487,902.303754794458,599.5685973185005
719.4565772356435,321.1519780109331,472.4938151819856
1246.2357673383394,585.7641844849303,721.3688094207566
1262.045078747176,804.5599738759144,659.0784105486124
998.6919441302559,236.07960504611745,388.3922928970039
1547.3468479050339,306.4693381665308,646.4269257154334
1331.6154840932736,464.7568032565115,290.1742184947182
1699.7113589382302,491.52216254314226,734.528448729051
1242.1916970119603,333.70087256034924,499.59928029169777
789.7024423077598,85.54889223804028,613.9411295102099
1267.3099711946618,84.3668794369485,1034.286836628387
1056.2184558168092,40.07851917037428,852.081817932521
641.8266106389686,511.45534213277926,526.6340788696907
786.8325818540719,671.3015418269505,692.8333136330183
392.6899982173622,355.1804821506937,78.23740356917986
89.6959856322298,106.54542223191747,0.0
24.676076437940097,0.0,0.0
0.0,0.0,0.0
0.0,0.0,0.0
0.0,0.0,0.0
0.0,0.0,0.0
0.0,0.0,0.0
0.0,18.536206786441923,0.0
89.26915931495384,71.30117982847489,0.0
480.0562283064213,190.37516675602268,0.0
938.319288881753,160.74838224029372,41.106690741605256
1161.8538475984199,259.7537478566491,233.9508630078641
1004.9577797203315,333.4985485158517,0.0
1315.2797039506017,408.15294406897283,0.0
2475.377967112388,2484.8200030746316,497.447860501319
2020.955790099459,2265.16079817886,531.6969383244505
2375.6725998622833,1852.7681488440317,386.1408341310915
2286.8431853495,1713.8749246523323,370.25922197020736
2055.2906955993085,1726.6696122336368,489.2073913045148
2072.330383416391,1605.3406035891783,394.4626932418863
1006.9344728008394,0.0,29.828070534771747
155.70948031235153,0.0,281.84291122201284
202.93319108495822,0.0,206.90234126605804
86.29552247940137,0.0,381.4448610086693
201.66889811372863,0.0,471.8461577620998
52.62069902937279,0.0,321.476803458036
571.2745494842561,353.3779109914317,332.7435376307275
161.92177313308716,19.984921200480926,261.44799396842984
0.0,42.8095723416385,397.5642839114277
6.21478895583779,228.36396976899528,656.6988270023654
681.5553935238484,305.5797981150097,776.5700520497751
628.1565252935363,425.0425151823922,600.3451299546211
909.8445442794174,575.2164738622663,225.46505167157545
1259.2172901425156,568.6707031793944,199.0887604225139
1600.6330407977928,666.2619726136821,433.8304182883798
2246.5193916501303,1898.8903957891666,1471.212484365671
2686.529454144399,2817.6577746856474,2054.5835218927527
6508.35335792743,6317.552407770282,3054.624867957263
6329.929471289994,5895.855777663032,3228.0005313283527
6004.464017121484,5472.267229433805,3290.118330191917
6129.689851444213,5284.22024058269,3183.3781161116253
5003.661899056003,3793.0453911712034,2104.770338068075
2590.2575935582663,1597.9584799560755,601.3677918386556
1754.322742047977,920.7099338485492,243.388634237114
799.7783426148708,187.62382498377968,46.7246222589232
164.01855438771602,46.07365927198427,90.49516545990171
0.0,80.52010566990673,161.61100153421486
71.45043621644527,0.0,64.29531215652675
88.20333715469333,0.0,144.95215232440793
99.51789944144738,0.0,184.09336362884423
46.08026408939327,39.39740701897573,192.29528874853648
218.4616540333676,0.0,38.764132883442
285.792175122895,0.0,26.71456164677528
189.3981864445825,0.0,28.453458175342764
380.6887062826049,0.0,195.90728199803868
1764.8560824198835,994.4255296753402,902.0542623744047
3045.473375105354,2866.968294127721,2128.133974317815
3723.3197225714425,2628.1860601484423,1947.6653325989944
5231.284107030321,5687.50769990758,4249.3503847121
6213.734280863912,6180.550606650192,5087.101188606646
8042.752149924604,8826.675223396243,5944.94318249111
10729.350436364983,10967.292706376764,8824.120091545508
11841.846398817304,11637.317657318988,10871.61512095806
15546.734375074953,14828.928778705995,12765.939867842828
16887.40127759081,17168.208939355132,12573.470525114884
16637.140659628592,17884.786930706145,14017.406874170292
16233.142064246651,18061.005851511614,11584.288525457556
16523.872350698057,16067.830745233361,10153.242567836522
15271.84202432126,15655.468444913622,11607.259990775625
14586.006229119881,14035.571327150996,13226.009727261597
13556.945840272463,13745.89008342947,13792.953236172689
13143.807603503372,13320.654853320315,13387.247602282252
14333.463967601889,12846.629312890676,12713.402765072024
14415.300425529851,13113.298410811492,12392.043433331231
14085.173573306278,12259.43036874566,11718.248103626174
14274.917183884934,11117.160586339158,11215.918757247186
14100.083724533957,10720.137138641592,11024.950149575276
13734.727488398004,10843.672156967283,10819.651154344276
12782.06670434443,10442.163673545287,10218.667852165603
10810.23499680631,8920.701471137922,5052.321156343901
8259.025567899009,5937.161288764751,2526.234890939807
7531.335169795804,5482.083455953337,2411.383102664383
6547.485135668032,5537.366213233308,3320.853451057601
6556.665948259692,6244.980683557923,3479.7970387384867
7856.177046393969,7194.560402225072,3954.6558057405696
9334.718156532464,7228.81151816536,4933.701167897867
10754.915001036115,10379.879071369209,8866.303571703307
13832.005273082992,13599.87791757872,12202.780741257724
15200.812840478091,13562.48476227334,12586.257214134075
16001.02857143925,15777.962632313109,12611.152620516616
15427.604079987323,15611.517600970406,13291.319708916692
15230.754373793916,14712.534173173934,13384.352022030209
16899.228705843016,17061.542848222918,14716.073820248126
15778.77771145383,17141.73191090736,14644.806717023455
12606.726756387692,11735.205837711128,11509.014190799126
10142.983485941226,9110.38640270619,8497.870133200544
12385.404004674934,11403.382015109117,10486.354638425131
14838.804305641072,14565.032904048003,11806.288642042176
17072.45187820676,16350.55836622317,13344.276044287111
16839.371398512325,16545.223714513275,14059.073269716757
17324.74104064204,16810.821416975046,12544.384855853146
17100.69088304657,16788.44591852244,12874.580021858712
17127.921794942857,17192.88852138547,12967.15894674798
17403.45689787419,17518.46448682081,13353.468256687209
18248.146321317232,17838.501056016474,14112.498839956006
18722.949266861957,17862.94999424755,13922.058621028673
18683.89890539191,17515.781966005976,13195.340806806951
18913.956809965894,17313.774845392985,14038.804590235655
19177.47699085465,16925.448504886568,14139.22589237129
19074.01154154272,17496.161833221813,14150.030168748644
18001.41767215364,17123.900060223434,13664.72578136392
18921.608583830184,16339.290413828667,13593.48051947773
18505.759218565516,16422.49226860351,13369.863597307878
18565.89446987265,16403.276832688167,10669.890213167197
17079.810960987867,14929.217847890966,10102.74755226964
16855.933758715644,14475.959889858947,11323.658886038227
15127.309130773892,13436.566307779067,10849.542740444544
11792.936937586976,10183.972466074332,8354.333581424398
9740.143146655133,7705.038995251851,7226.57445408994
11353.74056363669,9227.750487459087,7791.864062774984
10937.293746328594,8528.094517661915,7401.755109946294
10795.609816789782,8848.928368818906,8499.638956115066
10785.88410259441,9163.697983312215,8407.30328142646
11024.05268532365,9288.129999631588,8529.438443937544
12082.958215681192,10663.491612519118,9780.258375294836
12593.915722183085,11164.479962552805,10594.632604505028
13422.148683487738,11968.550735930252,11851.699114180048
14313.716472384496,13781.715449431016,12403.708847000062
15748.249724333773,14953.421683238137,13284.393239258128
16437.551433879875,15972.02798183743,13794.701446639936
17350.129484275956,16686.30822308916,13134.532324381153
17519.165937622667,17212.337938212855,13977.296347786929
17774.72740890473,17930.552297156362,14691.30852935071
16538.733949433474,15017.29870833037,12426.63250582964
15684.494489064993,15689.555554161832,13459.58586024818
16163.030412608128,15710.602785075887,12499.427696425004
15459.77439669709,15046.935764425236,12619.78197125072
13476.406335703063,13448.480945685344,11721.123273171628
13435.57157480693,15357.681028182336,12311.10377951304
12056.184717050071,11901.080375255962,7976.265607206116
10101.013749544545,11638.36727002185,4519.157167844674
4865.107681772365,4266.755064771463,2403.432855572145
2317.4289190423506,1442.9883780483765,1400.8730628247113
1038.8035891695663,1093.6796975719872,1190.4217320466032
237.65204350396584,520.4951243378543,594.8761637541302
296.8158237740715,461.4908794623613,784.4677444371312
222.08786308129714,571.6044343366065,573.4301052688612
76.514511747164,473.3556942935794,620.7256111541132
121.63335128990715,34.521649494267734,502.9561110577303
317.88267125341315,0.0,613.6115498605714
161.95828652574608,199.94020062807476,474.8233610067863
421.2480688281178,277.94235119308655,445.0682728693375
822.0028827577505,336.3413817289433,392.01000804274537
1418.1008050600283,627.0165630913309,231.57080715000163
1518.25521798293,556.9069230328083,260.861894204152
1793.2716908973894,669.3228589307439,293.04237670546684
1624.197465773967,743.7880789315603,394.76699976251086
2055.50967184861,702.7650225802911,229.65605650000933
1195.067976671064,300.59794578009934,246.9784622188068
1386.7759392875519,142.78233064181137,97.03691342891987
2216.158108240661,606.6811016472647,597.1321941907977
2686.701515536885,792.6145312447292,442.2961043320859
2109.4989805389614,776.4218049907263,84.40265239167309
2051.050807586061,925.7225206487373,137.69340998808138
1947.1746621762582,1263.8469287696835,588.4953938696624
2098.53970289854,1439.7531534796465,976.764173094698
1832.8360870232734,1200.6553231635608,1119.7129867949982
1578.097546238219,666.2548744733891,1177.290324955654
1508.8064191921005,590.0350937806969,1444.704663601883
1169.1295965379395,148.77002411555935,1311.693564045784
1272.932267641373,128.91622909399962,1951.114445022528
1378.4875882462402,90.7410588935582,2329.3072533682894
2173.0752416805244,1075.1375843491824,2168.546444806579
1527.416878057296,609.2508827078392,1560.2287046879926
1826.8974752600143,1513.2380603244724,1910.4980548815483
2480.8132919254595,1421.073483804086,2230.572325734296
2427.32483029978,533.2904302582657,2932.695646123101
2841.4977099736902,795.0205448676996,2843.8798910644496
2722.8551073635203,35.276309395981826,3543.9991287382463
2627.2643058111444,20.340105533426495,2791.002210093354
2148.073631301886,0.0,3132.445521486571
2392.8926082590015,1299.1749149435595,3519.37827422494
2756.5384494284426,2339.4448531395433,2566.7575631591058
3700.427684812059,2818.540344139939,3349.8288910856977
2364.645803898942,1628.041354260696,2452.417080973942
2183.692584494136,916.2811947857213,3977.368158087848
3191.00353715231,2357.025823945089,1864.069924685496
2532.7992182205476,2166.182498004083,1576.732941388358
1817.4445794839924,2010.769849512657,1173.0516405811902
316.199958810215,0.0,200.52452960882047
603.6879549085843,0.0,233.65723349501368
0.0,0.0,328.2329833297233
0.0,0.0,688.500888467939
0.0,0.0,597.9146760600271
0.0,69.86735775716811,426.9406592051725
0.0,0.0,273.50526784551096
199.33429050405442,90.44524462166655,577.1919571130367
0.0,0.0,353.32822338923256
330.20817906808526,91.51678412346155,578.3578008796422
0.0,0.0,249.7485140671276
0.0,0.0,84.46285098902545
456.5761889600441,0.0,249.8946299214745
112.91848119402005,0.0,0.0
349.0467245047606,0.0,68.13599623519416
509.48013177003355,0.0,0.0
992.8658059729253,0.0,126.67402225627112
477.1199213602694,0.0,113.57744415551498
922.4987331413795,20.80401213204533,220.40972461624372
916.0833655147418,140.1241341953841,121.0627503169303
1054.473525673362,108.4022849217028,149.33594104524843
890.6150172647363,165.27506487876764,88.22865561099921
1269.0970104490661,156.23046403288265,214.37704259830264
1216.2784970643302,222.41324098818058,182.4239454813581
516.4566104432863,104.31333510406603,260.9135834020627
900.0256418350913,1488.0927786278153,305.28828574194307
453.3636261907824,1315.2325133441761,381.2530301567256
648.8560561411039,1671.3809643465195,382.7058359622434
2279.385836493866,2026.0177970533655,1873.396235835069
2820.078061410788,3198.5062858088677,3037.603284974532
4129.86545377315,3994.8553304900934,2923.316474687561
4947.554149424262,5343.068089596549,4055.7963382527646
7819.385553373022,7137.320897258924,4786.822519517664
8334.383565691536,8719.74801606944,7235.284643630939
7845.611185913015,8290.441408193989,6723.148713210555
9710.866049450562,9680.472671123885,9452.2395710656
13001.161101991705,12917.232476529425,10932.31281537596
15350.072222008645,14131.345014993467,13030.666628053132
14895.324453946294,14739.516606528725,13249.6605904128
15419.631558581845,14944.946798427609,12947.31673250517
15020.84753147687,12807.192085858023,11673.091380307353
13882.267245055593,11793.371632557592,11071.602934285407
14275.587053926629,13866.753477090757,12265.385170891304
15555.2929803062,14114.588927095134,13031.653443722133
15759.572245907428,15193.80280217616,12854.393247631748
15986.96181083883,15178.137330725296,12617.623800817852
15513.86591086658,13704.27682750368,13430.328455705983
14318.246182106319,12951.856804311794,12405.261607163304
13352.070891795827,12280.999467024501,11901.019068470385
12987.063043619797,11561.662568223412,10564.24512786457
11723.930148547846,10897.619691961152,10024.79624568046
11428.877836049363,10062.927576568662,8913.325716324167
10853.822872602794,9789.745629527106,7027.127645190983
10879.239438646406,9734.717856329784,6938.211661837566
11347.41916005681,10221.520406953472,7317.690571705424
11562.185455038714,10185.973699019141,7632.696426404628
9570.070601570014,8734.49215252275,7598.71361348362
7692.642407452201,6952.373469246249,4893.852096987261
4608.601603677677,5305.223439129719,2117.6476483891784
4170.176130560923,3752.5053243897205,1371.252621808451
4434.792462097981,3979.537749944832,2157.9081435253784
4073.8287257365437,3704.71392198327,2668.5830977314663
4141.970811086947,2708.7742240149864,1485.6566519529315
3436.278873704674,2225.1367666606184,1285.9338940957186
3017.1053398397107,1652.1606199387672,1591.991975355408
2650.9856358700495,1952.5541021028707,1669.7695845801334
3143.455336928992,2422.964183135564,994.8832402081316
3252.2622088151447,1961.6241610172758,1478.136715595291
3055.298223768598,1236.0364869601917,969.1503659197574
1860.5003619497088,737.4730919469735,1121.6827500172312
1752.1060695778742,482.55843845362847,259.2927016683471
1604.7888159036484,707.8698731214367,651.1786427691966
771.5650643009819,174.59066515779682,0.0
0.0,0.0,9.256422876645123
0.0,0.0,83.5743039061273
0.0,0.0,98.8004209423376
146.83459245461736,0.0,0.0
304.40658009336505,119.49587726340361,73.7009648914091
331.7275224281666,188.02908289155712,162.9323474301368
566.8758051848997,617.4655184500497,712.9456930761501
1304.2406282832317,987.9049679564303,1082.6926680175834
625.7466604146324,1211.7533474774166,805.9556459038057
1974.3368606251743,3053.4089632112546,1015.153306271276
2125.713224898879,3081.7333575134235,1981.5253182093195
3435.432787281813,3248.4541420181968,2650.5985694319347
6144.643970422969,4458.312070307053,2607.0987713937866
6527.039901473818,5239.1425446910525,3444.6925334987523
7888.988167015652,7475.202592943946,3762.986599716507
8789.941079461598,9434.487849870904,5621.191403143238
9430.87902698025,10182.476570162986,6527.510915909843
9324.64011359961,9559.43931115406,6597.0020289057065
8962.004339449495,8642.265061959264,5917.601716762218
8343.06111537309,7670.70387584913,5585.537595243526
7462.507920847376,7542.856869371321,5303.659479415951
8483.77965380351,7557.603219072009,5766.785051314601
6468.175805651115,6173.082269804409,4171.978813962437
4676.209847712863,3612.2115272851515,2985.3095554039005
3131.995216704919,2402.028980919521,1862.6612816128595
2219.666163482916,1588.5681145421518,1590.2233508044774
2623.022877698605,2030.364364011182,2123.437991118139
3148.2581658691556,3367.2525796165687,2739.6196712428696
4289.718313696164,3376.113831236592,3727.571698649173
4512.460726858233,3767.5002277296267,4739.370616307645
4098.872920346706,3308.7665189952095,4060.982552350164
3984.4073011632536,3615.388598765645,3916.3843206649153
4312.779593271082,4036.4604570202014,5274.101585932954
7801.232171066758,8837.343762439794,7586.922359822379
12295.548194005263,13933.843608198793,9516.816045447056
15262.737820510705,17046.305210775066,11720.578543360456
17490.941263466917,18579.455929493215,13328.343240955975
17793.896804827622,18558.263599693353,15689.25389596738
19131.04820007935,19959.7235643792,16223.159979555225
16971.555138891137,17891.27730399366,14921.283063567678
18764.977209909724,18952.947701015844,15794.246338494131
20395.124770860228,19350.706248274073,15439.160251911891
19037.848614032926,18659.53312335484,14579.754633801
19671.46078516824,19238.27765959909,13953.138527903106
19446.222637587398,19334.321303481494,14096.660033792645
19562.582939836455,18893.027727381665,13078.996961680454
16545.23424939695,17742.767334450535,12691.29777608825
15840.22699664614,16883.191145298108,12588.461932091046
11409.111794637269,12775.656516758381,10259.62733466481
10189.559997965951,12209.41689578763,10185.855483087713
9164.505757232302,11451.93836867186,7764.795251829418
7339.645653614717,11625.580043846625,9623.865850338814
12561.389492349012,14159.29598759479,12081.133488939344
12975.865700915581,14296.097266274079,12641.210631620104
11255.53121850114,11548.477352282745,9837.180845268877
9033.349022781947,10511.461379001397,10048.407541650824
7301.360934603667,9697.681190904545,8272.113512217125
7198.133705633097,9119.798719220174,7318.89803108132
6657.268146542775,9062.895444407133,7229.188541042702
7684.111177879235,9422.922199427658,6320.334394076645
8269.20915030591,9752.581545983703,8014.831419194548
8280.091747312788,9201.615105359815,7912.440299186206
8689.657256838418,9007.368874949556,7286.554063892542
10823.301707386587,11778.901495510816,5828.80595057259
11395.405828919944,12630.755967697773,7601.501405865333
11605.481695730778,11938.535232680113,7367.285331537906
9541.438254795168,8528.828640234819,6187.530526092566
5900.652676041818,5521.38522461062,4425.972939526979
5322.986767837738,4823.812322489524,3101.069004545486
2723.1189023948555,1337.817772296561,1218.3732511833464
1595.5560084355232,369.12045617419693,682.0965389567959
295.0593310216357,48.69367766267331,385.0326556213505
62.070951447851584,0.0,264.9606040921343
457.6166640306503,72.62902954834941,253.7727278853852
594.9138691515573,199.61240057669204,106.21437310603471
381.56753141599455,135.66184695967524,251.28016781395576
0.0,0.0,541.5373734704724
0.0,202.23095321940102,864.1519873118594
298.0256057482889,377.1974300088393,1922.2136810150064
432.85284519275876,351.8927048528268,2179.294029378835
763.8834161075686,568.9178695156122,1855.427398158921
332.0479374452958,772.2012459085216,1416.6014331977892
1161.6915798344805,1451.6985035465248,633.250267629713
1975.3191598858396,1469.4254965020784,1428.770031140486
1359.3953390603451,892.4510598534303,857.0128414436715
1824.9446912083602,986.8720406326825,898.7751814055524
1923.1885202669991,1086.5431551635247,824.3838489591647
2891.4037711537067,2147.496476995818,2435.377086145721
4470.659254302155,3558.093353292596,3466.896969486842
6785.097836876844,6881.801790515787,4056.252530298498
8858.123842253503,9761.367936544624,6304.839364915229
10520.622235056057,13538.620192124381,8947.343222005036
12526.370304519683,13402.296771694477,11448.081426109604
12981.216410169629,14208.633385036797,12389.229989919564
13741.986435973584,15567.71194902947,12976.372969668462
11776.221871133428,14518.712844694935,9200.743848994218
8924.391101079047,10103.480035518105,6777.103412446424
8742.525986710887,8516.52067307503,5748.406644436148
9435.493656525157,8489.18775910328,5902.942291452818
10287.56246080805,8670.468070012328,7835.083141158781
11919.58632321793,10963.680995745803,9112.079446469652
12691.45926502463,12058.423026173494,11724.62330822233
15306.295635864808,14745.56779274383,12402.992153579487
16063.625318071376,16599.17429257973,12415.037439738428
17131.6579175876,17220.045556549067,13706.64809059334
17535.811782353256,18400.352676261515,15142.97394500893
17793.93352689509,19049.140208711797,16330.41659669312
18713.41096964723,19420.09140640456,16651.90814445322
19665.607952094557,19114.77373888184,16228.654578009442
19746.62160488731,19172.941869611204,16125.6451488693
19647.21375994842,19237.467973577135,16037.2112092853
18650.699225730797,18340.980247283125,16490.04453793928
17364.61117210286,17779.849254004555,16271.288582606345
18622.27725370721,18507.281327769186,15638.893991247964
18122.114735878105,18562.257854219515,15206.169642771589
18828.99085073923,19212.7924061543,14121.643302262524
19042.556259158166,19471.055265444887,14536.58510874993
19033.235094729167,19359.41678540238,14958.66209557159
16008.612488175733,18501.659342308307,12207.92150966726
13727.116005131493,15813.838926007937,9324.51076212004
8883.366478680917,11591.66426739318,8068.977368885066
7422.934256150322,7195.242840789324,5588.3616930341295
6406.010557050552,5739.547103044499,4869.49862685143
5671.63618610278,4123.512747788687,4648.781358425609
7056.305643131991,5364.291271651869,3902.841277663023
7448.875144154572,6291.504303863919,5274.403248554768
7069.54648587371,6113.14391274667,4596.686067185911
8495.81426679039,7461.128601977929,5013.289061567788
9703.658819211283,9965.444211694903,8169.715056407583
11673.909271490867,12593.55308281953,11677.17278826138
14997.348805638205,16533.35371277891,15291.44425199476
17780.610013922287,18874.14819759988,17084.710908255496
18949.334000765095,19445.948405441366,17340.89144041323
19265.073480944964,19751.278861148923,17825.54227184439
19190.761735610944,19731.60890626355,16831.5545769797
19071.1978030654,19261.465699977456,15791.665007427786
19031.939210097462,19028.362275484727,16226.92140320891
18633.641044861273,19232.21861488493,15852.200515299455
19636.249755048066,19667.022836904347,15897.234222714857
20218.129191193668,19945.47882961165,15748.08161627528
20090.210436228823,19890.415308210766,15773.056469815305
20778.373620728777,19989.34119874606,16430.535243455288
20325.14777214223,19752.792935236557,16200.667789840663
19268.232565266622,19731.214758477145,16210.703704364068
18340.55862110404,19590.365992917934,16109.86388075933
16989.285676628624,19347.92921268927,15886.83091187754
17033.548893739673,19028.559941919848,15486.705347873056
16622.161204472784,18906.545760975714,15474.805470391722
17042.29284174884,18716.655466977354,15297.72647118182
17193.279179794703,18671.66298296389,15414.640481731089
16967.642161865588,18999.518389727284,14731.14780149188
17003.09961906086,19078.291665240326,14986.268190475186
15887.942951460846,18654.336978620682,15359.63728486906
16800.356280179345,17912.632028652828,15483.544998667814
16173.073090825581,16531.526653004636,14055.037771057809
16952.32228674123,16981.654902008766,14546.66469042459
16485.518826187137,17660.182698997596,11673.197360734455
14595.984429046157,15239.274462010246,8650.925993277076
11247.369624794736,9805.93476979118,6469.972344512823
10385.906381711135,6955.776521416262,4908.04216042437
6182.8760685139005,4877.009862551118,2816.3583270143727
3224.441853463008,2271.388972132311,1286.0476612633538
2347.1535469010933,679.6354141619645,628.6431558232013
1367.5962520249468,488.71251703739426,0.0
1095.995553756332,350.0345925744871,143.59054559314802
1456.2591997213665,426.19023886590503,128.3681318250699
1333.2543016160953,342.5177157949596,14.039983475658794
391.6197856167664,288.36866749755154,87.45503053782733
471.15901740360994,507.98948632778405,119.42761868439176
404.4277191110135,572.3998804731202,79.10855002629296
56.198766027220714,65.65268773444463,93.17860451467006
316.3956392939784,223.55833839728575,261.34154145034097
1053.7099726483543,1302.181266450284,484.0740688199952
2489.4240809605712,3212.565643466999,1696.3219007508917
2839.9718430213925,4350.923139950156,1927.507477639443
3457.937402046578,3746.1942902368,2341.324017521908
4961.969953963284,5386.317452589477,2729.8416480497026
5843.659229314728,8250.535495048627,5762.62685337582
8200.828930814101,9197.175376873893,7846.625022186766
10115.250145485266,10011.588498748153,9487.677520261484
9824.33414388716,11046.360343896988,9441.400400125856
12906.523201170825,13244.597915683022,9226.42994649424
14830.611529789065,15948.512850153002,13585.337241689003
16003.707771876825,16779.308599637883,13617.1481459878
17994.57618407533,19250.399653951637,15829.836719794965
18912.98665478034,19651.221318369433,15747.82440956412
18919.416156901232,19059.090338718906,13600.935514951923
19210.194871744698,18820.02399613658,11819.273889225258
19178.189926681378,18530.782030923223,9576.57312746977
18609.922829574854,18811.633353178364,7900.988041780742
18791.03141049399,18922.35145210754,4481.620916002771
16809.790528558573,18835.19618857415,8994.309230643505
17178.447424839484,19001.112628023926,9403.794490152142
16205.711052845012,16110.326342749262,9314.055876829145
14889.003345494866,15434.496818781436,11493.80221653394
13363.138169429836,11393.201649379358,9350.508117411317
9356.072288306594,9729.735631434587,8532.411694007871
8553.975489770357,7809.529619320615,6672.595714580471
7696.314610395134,5905.738706391001,4287.569162847864
5862.701846521524,4066.108107514625,3122.0195469641067
3632.5060262961356,3209.0011227043165,2088.188367344759
3127.8770598269903,2744.0223649105587,1511.3969994717777
3247.359197623214,2351.502568721668,2167.8345849618727
2998.7497993542634,1526.8042033866088,1719.5220418098022
1957.2371991514397,883.5602978187051,1777.7845317460851
1801.1460055295863,417.07711922724013,1487.0689192473928
1294.7828679046406,372.70802726767795,1510.3880994246858
1219.2954407445404,391.8140569056588,782.7388821093692
863.446406131461,0.0,416.1060506010183
943.0288484871184,0.0,179.08618317569702
975.8710529449698,0.0,349.1540216413516
1300.5411208316104,0.0,304.6857843760876
802.5304212053177,3.3117844979144095,354.79790283606167
1336.299227455259,78.40526019213277,227.4666029539908
1292.958207738738,56.081237327088274,296.30578587187165
1494.9479125699672,627.6813632984355,985.280994916586
1985.6000858695002,1265.6846147992205,1389.0534440011895
2704.235214025401,2167.9936728414978,2354.5037753886445
3467.915476076531,2861.045433521294,2379.0438553944145
5098.953299981258,4180.736758545241,2848.8580284299487
6247.302515745566,5178.688755723202,3965.0462178827656
7210.308240028433,5114.184356496894,3971.894491600509
7711.4155422037,6208.033013115414,4917.28139399145
7941.7476759261435,5823.258999189262,4879.964538522983
6723.749969376803,4814.468732056791,4271.437533923378
5551.620488108405,4936.109203727531,3563.117587462506
5446.447311285261,5121.371015429212,4800.062002648825
9999.750988061322,9552.554359128659,8338.253917086771
11670.323943638423,12225.874203579757,10534.30990492507
12742.608126739853,14502.957822348611,11264.984174921345
13465.659579431735,14996.609834792649,11302.391984424745
12472.691846812544,13375.230990665812,10938.783087268244
12844.286174151604,13866.120971340397,9944.490343580628
13407.795631218392,15527.935386862495,9480.419625577508
16342.34923601107,16505.96621979791,12142.33723748734
15086.69272077932,15546.936222626317,12547.498779923824
16982.946298094197,17826.958885998145,14222.074445826967
18331.46161285603,18323.558499922383,12948.372497017011
17683.220676783207,18562.435889229477,12934.75180920624
15330.009091944261,17842.80993263616,14719.36994573334
14498.08025084568,17958.686907654577,15963.616617015674
13997.374702962887,16843.845434495324,15928.542903141875
13933.160998640928,18245.47657009147,16033.006711865077
13831.853392357687,17067.7672718492,15040.162730651871
15796.170329957458,16932.654776963198,15716.625034263549
16267.240846913983,17293.069900397277,13999.596613544249
17174.76024098142,19043.275879545712,13368.149274320072
17278.604733077074,18635.866023825063,12479.49126014332
17019.41900752326,18646.643226643853,13099.186291051685
16242.301407273762,18306.99201670416,12842.679847835623
15162.668076358326,17233.735949140628,13236.97199870827
15054.200363098145,16150.548349545035,13498.36481360548
15609.858410945357,15517.701793974882,13140.655260392909
15781.587104740629,15544.754060234516,13439.199644341865
16525.48992235537,16444.75312925326,13290.292057379858
15764.73451746491,15377.272305443403,13554.768584945556
12466.517758160324,12375.733441448436,11288.305980087474
13010.091315247268,10761.294031093474,8051.446643465016
9610.250631638848,8026.84711570878,5810.765603054549
8258.062355327827,5396.091909018181,3883.9882868055606
5442.631519399711,5371.991880209253,4168.957148316665
4833.710963610482,4394.511221177089,3073.1258586797635
4158.573852528325,3803.453852216905,1334.94753408859
2547.358608943391,3556.833450855223,1460.1085822670298
3055.7930564428293,2652.57705790276,1460.9481965469606
2563.964745443726,2052.743720090672,1797.1403206025975
2722.1992566812673,2596.90194800165,1873.733423245394
2595.7272542370183,2761.1954744618147,2407.0140876378914
2450.3045948706563,2188.6166817752373,1522.0643962466304
2471.380626870753,2004.7956038609375,1024.0837531156294
2018.1296640358328,1373.3025985330441,807.5842270955053
1638.4941021565546,1266.1469919560468,671.8260183559987
1619.2725551706544,1229.8270949211324,306.742066581297
1619.8237857103263,2180.7452819272694,726.8284435380199
2440.012257529539,2922.8199846558173,1756.5615371630074
3235.294105927522,3555.9736024278645,2225.6672715740774
4142.136543108657,4143.898126038396,2024.1809428405084
4193.735824754554,4085.9361070435034,2888.172824774146
4912.225038565732,5248.99049823519,3271.646254243793
4513.634747320326,5403.91587975559,3920.013503111082
4652.771163266512,5632.268606529971,4357.1604130761125
5249.564482970239,5498.0836547756535,4109.396164455136
5425.1119633681665,5941.169278928636,4047.0254945466777
5202.9660734921,5826.3796208539925,3576.6722617469013
5199.702430833331,5043.304638705982,3622.219431528317
5328.802692817861,4603.839727633636,3653.0728721720816
4839.3766663843135,3436.8205099075735,2460.883080026304
2244.673078902725,1516.466868811058,1576.4274185983384
1919.8901180377975,1224.8946196412871,1374.2898170083934
2264.987108555548,1813.0645742074587,1502.6285000148646
3071.885870700522,1977.6572031483754,1629.9189812218042
3178.955994935404,1774.8608661629864,2177.5339745038464
3544.4463132730693,2171.431794833109,2379.854172112431
3010.5102824699247,1662.0702913014761,2653.585364982147
2473.4275470145826,1922.1061243022853,2558.304014210304
2839.2684722094073,2384.7607211096056,1001.7288999612856
1955.1101964168897,2096.4042470577992,1204.6702788240448
2191.9172575826638,2469.8870096637975,1072.979843320126
1655.1129255338358,2400.5364652550506,678.591024496495
2418.5670877606262,2510.2090991166947,1224.8445793562476
3546.7551047367197,3133.8237515654496,1588.8584711553444
3821.2174888682266,3577.8734801669634,1616.133592613346
3672.543008614218,3887.198083332008,1699.1407719659453
3647.1306014641495,2163.905090975367,1492.849450744685
3061.600509852845,2444.467419826226,2039.8484327327976
4036.0708557048524,2966.560673256009,1469.4475315563875
4233.081479770324,2776.530313248958,1779.6269715909934
2236.876451891751,1659.8995404984707,1175.8373793155235
1450.0636719816866,1208.1561575533758,473.1127782384859
1735.3937546633817,1314.6330238440994,499.8971645211743
2136.421552998211,1848.8182945169067,155.39769476738186
2662.409677418438,2514.1485446159318,607.584150553245
2688.2583012635205,3539.3194039016857,2225.9097146835643
4216.844392564271,5247.969417524741,4058.273552461088
5055.483620884266,6935.285022469891,6337.003443938388
6371.956067367663,7537.323471631815,7559.340939257321
8832.629383589561,7661.285149257266,10736.442453484826
10545.825713323931,11213.98578054247,12051.439713238458
10097.462531433797,12885.790802935833,12381.836126920569
11950.514736145888,12514.098222232677,12898.904653781156
11141.842958492478,11593.306734017182,10866.018814704808
12868.70863682396,13642.299493029319,11543.92036845853
12945.825212055855,15205.826397529881,9868.21870591424
13039.028454686935,15789.48295455674,12761.99518719402
15962.428899522358,16263.399258675978,13877.03604898704
14984.667205447759,15832.288817617915,15335.469416455946
14612.036076388818,15476.836724736033,13550.53384241983
16008.969972688481,16800.471623403344,14320.08982725739
15936.250277699097,16356.207539785271,14245.809952656016
16037.973382069296,14233.22760703388,11943.29560246089
15337.089696919495,14067.245463863615,11839.987839877744
14226.753170663214,13655.535546592446,11246.600489604692
13186.841789252665,11846.882334838303,10794.458431146288
13031.260523276325,12301.448424302682,11592.06122023468
12298.933885301676,11428.677200966118,11003.28695082634
8782.881191757206,8420.259475928573,6315.629624371322
5390.638998438926,4546.8217027576675,3987.185843627903
4955.231729538124,3096.0332466066634,5115.964757288288
5487.115359125084,3843.2110922239694,5792.85456106968
5386.2321919102515,3745.7108170930005,5976.688018139788
5575.3241690036875,4072.870162034227,5995.352597516092
5211.732189988115,3974.380540070476,4528.972071131196
3851.7198636579647,3330.098228500524,2516.618905612825
1970.8927864528252,1883.6293451984486,889.941930052683
1048.9286724574958,991.9400901076765,688.7716537211519
1119.540078034337,1243.181514668755,1300.8545029459642
1495.6056397446848,1874.890279357449,1308.1300078183651
3634.993304343679,3006.087852856534,1453.3530400620257
2203.16713726882,1621.3074722650417,1279.271428388363
1355.210553320098,491.5915484806161,430.1578564713881
1185.2569485268416,405.74456172589817,259.8242747185108
1575.7494821591704,754.447723237149,143.7841282415401
1211.512110496305,615.7783594307108,162.66592586804725
1567.6659563082949,819.5287913206517,181.1743602315624
2282.934050844723,988.7746384619724,84.25810858992759
2623.270088796443,1467.1732575233823,76.50423144858767
3243.2185749717146,2595.7823422021866,534.5086932097807
4459.148839314105,3770.798829126281,869.3565464884675
4472.512415304111,3337.2997754178823,1061.9701319171888
2941.7823887185623,3372.733884561452,1281.0466721599105
1885.982583210646,2160.6839411892493,1292.749113680052
1820.2381612593554,2278.301874319921,1760.5480260435736
2288.1612945330194,2455.682154057995,1775.0552246886873
2572.324300527784,3117.065364590167,2900.61022540573
2217.1392659321873,4191.1350455962765,3522.317584262295
2516.616681869594,4244.79788992765,4010.0202041149055
2613.424544857092,4821.105854832842,4213.44641537538
2270.446683076139,4096.534008351645,4196.429226805257
2617.441524370662,3684.111569776368,2949.397720824149
3039.711340343269,3449.415887572731,3235.92089543116
3867.100974890407,4365.253465001781,4309.841024608196
4408.45008529233,4925.933685939787,4362.324977608546
5374.279593801508,5159.334274273807,3412.2011751009486
5485.535644015785,5112.633807317325,3283.825587120448
5143.669719846159,4953.655318138713,3219.076722261193
2666.595068123312,1818.0917783808638,521.4614635421477
1928.5634615611757,1867.640575603907,571.7543283763815
2644.3290601842414,1918.6064609831135,584.2164744365773
3001.3533332819934,1831.1969401546876,784.3899873364543
3419.7320823443433,2383.9854534135447,1675.59768056152
3209.4075843887363,2547.152388757618,1652.4157572195188
3500.5345102501656,2731.858095759668,1989.1545925405424
3692.8205813292934,2615.321272233776,2159.370850774996
2273.2746694223433,2040.7203941187654,2219.287254967908
2064.09499082012,2375.065576172417,2238.914526222139
2007.696259296445,2648.5558251051316,2304.268504947678
1904.352413495391,2114.6661756844182,2087.629854444905
1271.8496606861368,1782.770008597119,2461.4108372384626
2579.552772665299,2850.4785019643664,2877.679237485871
2092.7060606249925,2625.3954926517517,2833.817192444419
3753.0069607451405,4152.84456667751,3910.319630907672
4218.256986572188,4957.200647317118,3945.484213787885
5302.262006060222,5746.212864413073,6432.331475422287
5333.656409426596,5969.210085524524,5925.051277913749
5080.286483791606,5118.752135185013,5464.309050875102
4660.191019538948,5403.740277266878,6597.765251039556
3954.3589554970604,3080.5519915790214,4800.27546613137
3981.3204862360435,3609.2237676111567,4682.356169002852
4219.206156645112,3684.597846124179,6131.205345690547
6402.723502969853,6670.827342492121,7258.761393808288
7494.47517916305,7552.03752406464,9192.176759530808
10327.034859094641,8469.295147145593,12161.946193573667
7875.068966084158,6459.28187840858,11479.516644641992
6538.880373378429,4836.145830305337,11329.36811479416
8194.320781172179,6091.771041122364,13059.259052186537
6172.373924233393,4477.256854126819,11891.857133963762
4548.693352940538,2377.1967407748293,9849.829915253034
5812.163067737279,4045.3430328600766,8026.617792564057
3508.8616852194227,3833.261147458801,6968.487686332281
1321.669162186416,1293.5356452399692,4648.107522264745
864.1604274347538,284.77532049188267,2830.0242059267066
293.57892423475346,244.84795458884332,712.3371227157927
349.5786871573827,263.5246026726317,783.7055903899919
340.63481566069464,80.32815338811628,824.0925077852983
284.8084231799665,0.0,848.1216333710829
258.02317614321913,25.64193457428422,779.2617043340576
222.01473404536276,0.0,228.75454040029376
194.72834616300324,178.0044915347288,287.05782873437084
0.0,81.62232699500885,379.2650932979197
632.7895512065088,457.1453387212873,234.8653367588598
634.187481798443,457.5413722640136,607.4081379789801
1474.573174302402,676.1140791305959,820.7561350454584
3099.5843642173236,1805.102273420252,2602.704111561912
3891.7643392623977,3722.840213424722,2310.7107891540786
3214.5255461110805,2184.5581227379985,2105.843335911804
4144.805020638079,3029.0076532155726,2461.1576233487417
5315.491256477986,4150.578838815844,2316.7772378132527
5432.387473772713,4211.3167430090025,2446.0502332591414
2535.9526434014138,1490.8044672868664,1502.0228843712384
1997.737820961876,726.3703717845539,482.2986165051734
1613.840472000927,235.38007842050365,332.2957907722512
1343.698874828142,297.36145291786835,343.45248629482546
406.400590034133,186.4611098601208,470.9809675982851
163.29101176029266,67.6838337012564,350.3057895894008
542.4329866423329,51.95610453785386,298.2733631102872
618.0740179546088,53.4044740749428,302.9024280798749
1395.5746684672276,987.9199705907096,1251.7885875115007
1398.272666455573,723.1751506867793,679.242854614387
1275.2950701288216,816.8454263010445,1054.4160702621166
1143.9970836319044,753.0759762541901,1266.9416200482603
2861.181461831852,2386.1383353202164,2133.5220342649936
4720.648514326746,5560.044000440771,4083.053932588906
8105.276242942569,8524.939028567793,5818.214406657631
8389.002605629616,10378.918953441069,5244.594411260806
11108.23139240518,14414.995120255368,7215.526832934755
12238.110921957119,14993.983522356955,9940.685663518168
11421.303091454036,15417.580769933851,8744.613410155413
13471.596502095852,12480.999510954696,8986.22954848842
9116.72802887994,10680.866902882017,6878.552857400567
7437.887263732938,9551.657313449574,4488.421354113095
6398.088873884077,8468.787288426705,4058.004965341231
6533.58990790298,8359.929698872262,4183.77494122879
7106.240505514888,10664.431510897974,5645.169537718123
7617.96541020146,10186.313440111851,5684.147654882707
7936.347100790467,11222.081546610505,6219.26331611065
9760.83556053379,12400.651325461293,8945.865564544618
7380.608796399088,10571.293948651979,8723.956611372678
6940.289047568087,8934.344309268874,5431.082489643824
10333.263915034693,11316.28453522109,10711.609302081377
9207.275366250493,10735.64867989767,8996.712951029374
9648.412133488095,11735.523734491871,10328.373186629393
11842.540057938115,15033.374947739563,14041.231063469791
9614.729498358121,12696.212127270488,8992.084644567738
9088.741074237867,12018.218922663555,8144.069438926177
7593.22358813771,9840.712257369189,6836.997616346323
7644.532996730537,10125.631780118323,6395.555205601358
8724.226075128034,12088.702298446047,7784.78625865044
10120.042316324172,11282.463183147462,8474.515850280377
11815.516168883763,12211.762931939158,10265.226092090274
13944.41118515144,13540.939488405571,12130.461678449416
16702.01227788518,15577.778384186575,12785.335976905422
19055.214467672322,19828.640144881945,13974.416985260952
18917.387514238857,20352.249815622195,13323.739740335704
19489.78763016523,20324.679698603515,13648.350232072844
19335.474130042796,19944.117891078997,13531.38758609463
18813.105562200788,19272.639075252537,12856.733768957683
16921.0413541362,19103.299008443704,13145.5397217274
13346.788445975206,15269.631743103464,9293.34781356056
11803.623292084747,15449.339928543071,9212.37567211598
12599.484351209361,16605.361783558452,9166.26857915796
15346.598998325011,17566.056755171678,12649.963211384347
14932.378644498871,17451.43237654739,11048.294570184433
14542.034626025823,17964.271995592768,10067.555887797684
14295.709634318342,17692.18722801835,9881.066888808322
13650.392291874183,17681.058777667557,7641.972880262188
13265.964692416694,17832.768956966822,8911.442147335205
13863.966683441888,17575.20592816371,7998.0642963968385
13900.784890889006,17099.153736526092,7706.159550627836
13557.543737544433,17092.819320859806,8415.745042356115
13779.007260649252,17649.27687547136,8339.918941435684
14966.645100741298,18117.780044500276,8087.750682286517
16271.916770475556,18534.89535410712,10114.01639445957
17327.7801528429,19000.20038440689,9802.861799915356
16945.846966865247,18280.799924849514,10592.974948098004
16424.48552577041,16903.320882131167,11131.0636635665
14925.714377190894,13923.240139808373,12705.224585789112
13404.25845651065,14060.255704669402,13228.825445675198
10571.545770859306,12534.222811482005,9531.642926045277
10046.953042336207,11560.273737841173,9048.642338842674
9381.123287117493,10067.061237733024,7323.233850257277
8909.051048765861,10527.504485747173,6534.5137208035485
10162.757691515762,12968.18247200085,8331.628428773289
11474.218958171394,12108.273820563678,8851.059759791784
10325.691025993272,11449.73715373625,8187.442208841013
11080.089131169614,10920.36497168675,10625.543700291966
8663.681471355389,11843.813438975638,8525.245831950659
10105.219644571464,13717.224831300022,10775.090065686469
12514.041279592931,15156.40971028989,11653.943695267544
13434.54640309451,15699.640145729318,11228.8038691585
14028.42308465175,15024.8416122555,11547.881713601955
13432.412735889693,13069.678660073621,11922.61046370807
11465.822848471575,10839.587858862069,8081.533572533489
9551.89002310507,10126.493379451113,7978.718347847266
8022.728416115324,10430.28333134898,7557.019685563125
10348.95423991779,11034.344425468758,9351.624395633058
12375.691224587752,12526.79501371861,11226.61025003026
11726.524436051006,11114.317477550569,9791.619850665864
10484.28114473067,10725.608111585234,9455.366460880472
11341.419459542727,11199.167995550426,10526.695137733745
12878.525118487007,12132.884776680236,10444.306623457527
10711.013246175333,10789.709163948448,10650.338559722895
12251.932744140442,14682.177659661167,10268.837650447686
13756.132619155458,15295.38340559052,11427.299600619204
13366.553538093065,15609.183113137624,10711.203148313169
11799.540161233475,13228.352224164779,7009.5628731226525
11808.143409240394,12368.097245465322,6178.842545938076
8179.34137176113,8264.092207957248,4091.0810878051193
5900.508314685485,7802.1072531688205,3705.739532436519
3529.2005438051006,3407.7841750462253,1857.704332512807
1951.1720346068255,2711.368761620733,1601.4446697716212
1866.6892037922773,1910.38464985637,1971.7209979322329
1782.2413083658757,2490.7893876180137,1808.758453978032
1890.9088865645717,2626.6377534618723,1785.5485909933827
2004.4437711813407,2522.605170513589,1900.0601636955555
1842.2804867000766,2465.7707606021577,1595.1932814229272
1852.9981149496539,1982.876401158241,1603.871992803201
1245.0574183075369,1173.9453245210527,718.4252232703527
1971.1257928576354,3094.165001921983,2093.548206450841
4397.022042517757,4577.90780228674,3091.3944304472293
4969.791124913743,5781.717900048271,4178.422580831024
7256.473413133971,8241.841076849576,5420.847456880414
7852.841604852248,8162.312026707987,6600.255196683587
8012.679143938814,8259.093628419769,7011.69007210332
7388.567122475997,6831.709595491039,5562.434823517349
5789.712777490031,6728.789714404931,6445.768891394258
7298.802711150528,6919.02218430537,5647.108855222752
7317.98751328234,6279.73193764165,5710.38661992461
6106.059577133311,6013.556343494504,4911.2122397634585
6307.135893146837,6411.011977351666,4070.7110987656542
6814.2146964062895,7119.222684900068,3301.7271656648327
7498.4796543597695,7282.575134183438,4418.188886132677
8644.765848010446,7750.935416121454,6007.195837554453
9954.80471151778,8840.26518159616,6946.822637020132
10215.843835769638,8896.464445592008,7232.691198423906
9436.397815786753,7953.084135523719,6508.743707721672
9474.558751669601,7587.767598303509,6716.287457818782
9454.381569003086,8531.914329278301,8926.483745819472
10152.232760881046,10246.518046368641,9154.092161975668
11840.926231560077,10330.52037107639,9211.793046642695
8914.641863713287,8124.751019820593,9761.556477382444
9143.815233240779,9839.185372793712,10313.337578091505
8522.154486041863,11125.852697979382,8939.72757513726
10427.620320925738,12183.402732111654,11129.344831789547
10751.270022651384,12567.045580679454,11629.828630251925
11032.743864021364,13698.361954225154,10923.488867807024
11940.440697073374,14318.316862473139,10435.68390412634
13518.711521568792,14144.275469227185,9424.76600735947
12256.115836064864,12784.373189969136,10166.556766238107
11488.94995824521,12726.40605657973,9184.102522647509
10386.114317368429,11016.337882430773,7898.159277570038
8354.23911096087,9709.578846910332,5635.5625051634925
7996.398892448412,8830.530391988073,4877.239334281197
7483.615752441881,9085.676135724148,5077.906852501066
7387.381374309014,8171.348599945099,4051.660627798122
5873.918845876554,6742.3765071730195,3642.36091864924
3092.3279421951493,4244.444463707516,2210.039492546148
2686.9645237301233,3107.3543172025898,1615.1421029969767
2504.6312565724684,3299.254271142833,1485.5906697589714
3399.5852396420846,3408.4320387890098,1525.431165410712
3054.051660372516,3455.512683965892,1647.423614914959
2727.4638850212764,3280.0319158180755,1734.507472854641
3062.109342309175,3596.5635508667547,2148.396221553211
2996.8661636014253,4759.891027034858,1896.0710245645428
2549.6431544102643,4232.170577121838,1821.283764999077
815.1490212249976,1195.9454832161143,736.8642983620082
1701.993922299616,2477.6899927302334,1457.0400201481066
1584.724400186075,1334.1324423470426,478.3909888042529
2011.7391372892903,1415.6517547543847,436.6403761097558
1453.7654582693112,724.9510929898968,400.3210481977968
1682.522810565962,814.446582454613,401.6123153722236
2089.81022017397,1298.3421196828933,531.1140725716256
2572.0165458911715,1606.2600186746777,792.3092206326818
1363.6503866946186,1049.9574039359925,557.9314031608137
1680.6352709472526,807.2988366240843,499.1648533863999
1723.0291403590845,904.2034291330122,260.15945790807183
2250.368437465137,1086.9361851471854,167.96416683456533
1998.576207864929,1199.331289848536,137.20363544982274
2736.8019050473695,1727.3079264711362,364.3481273760824
3084.022889044734,2215.943050177672,435.8738171102252
4436.910755897002,4143.933468510813,888.3651916805289
4334.677885325267,4186.750204735552,1006.758602393186
3603.592629676914,3599.5464425363484,1130.8214674958251
2743.9427588977796,2514.813393031558,1131.278474855336
3173.3512987807844,3167.2631098823576,1250.0277217227945
3320.387260364818,3347.8328489082205,1756.2285589215455
3402.164442670113,3458.5143013585484,2590.2029876352017
2380.696047955752,2721.519439186771,1656.0644017466072
2383.9386071212834,2414.4247978733847,2383.3425408779995
2475.644795371317,2676.512254542771,1731.180850726549
3215.5735970971286,3368.0232039042094,1740.1350956442927
2688.6083952145773,3067.6308947698844,1623.465909693809
2612.8951117690367,1971.4866994862964,1001.6651653335304
1882.1552289397846,1295.4372995161887,786.7555082681349
2441.732705429414,1216.6667958988662,1507.3184288910484
1931.5980249648119,814.3107504695931,777.6190347386656
1634.8083116772582,547.5037858679739,273.1306249997341
979.8343623680712,386.988293183147,293.54596704958186
1380.6713350729215,339.5541080943494,294.7959561994233
1699.7818899539884,533.6952868194138,667.5351580348481
1730.2408443861764,774.642106669458,493.452370221076
1485.642905155892,936.5443650598158,675.5929688884062
2057.8153555903987,1488.3956929359008,871.3494972032262
2365.7974495409217,1719.471593636004,1168.016242380878
1547.7261877899223,1466.575198276529,1153.2651243915568
1305.8257869262234,1190.9415494057034,1010.8461282589624
510.3172130363646,674.9817911224889,1156.14335616187
1013.4571824136148,1096.1755857113462,1385.463512244732
597.1138818105967,865.6709874022739,1514.2862508526894
794.0989615915439,1077.4600036490149,1747.3450357855663
550.5761021472356,830.0537238393814,1441.9533162044995
471.6849098919716,926.6492554451372,1079.228851837849
320.7988778445025,551.6377011621078,852.2301584755174
365.899203587432,340.4445821125165,603.6063197613893
427.7310588390933,143.047294057935,13.941854954818057
944.9299274066988,209.7657964352277,31.43982442726412
1287.6365262579775,600.901053711374,107.9630988441432
1354.0320162680232,479.09975040377606,192.14544441564627
1662.8220268137923,681.7602658255839,242.5721325006697
1846.3091007385292,865.2893754559767,230.6727733173012
2871.8046430767336,1389.4205044301973,370.74932159731975
1949.8306881751337,959.392659233072,247.75697893078043
1909.8976315498426,1198.0944567821166,351.4635213194
2029.4373953541353,718.1693471930672,124.65993624647284
1924.715268130729,858.2361705742263,16.83971311344073
2327.718334350966,977.8298335984146,53.85711312194775
2585.283766325386,1157.3051865723987,170.38590088367002
2085.5832506818006,1126.6070261868085,221.56891567966687
866.0051702784823,858.1516681971368,55.12908609304634
326.0883605094665,648.3386317776752,10.403594583654757
562.2958783418434,819.6183050617758,279.2052354416349
305.9467610448507,268.73377788756204,322.2766286549769
194.46910138316542,324.4834875960092,445.2438056640652
1629.7993890425118,1411.4441944545272,1104.2070052450124
1690.3357499407375,2268.869171163775,1487.0158541498563
2420.1909136954973,2480.603039303841,2178.3228816250185
3769.3562178903244,2799.013553060455,2667.416722406348
2812.8945413396677,2012.2389316641732,2671.005394366553
2707.627143718115,2996.734178280776,2893.045166439701
3176.4428545605247,3479.061728150771,2714.608291135278
4507.667641395948,4955.76882985656,2868.33486511636
5828.409514709986,6372.66342658791,3813.0927289025967
8471.493682374217,8649.2819241931,5190.684121336712
11014.45334900859,11812.614150367295,7623.372951387648
12163.44120880988,12310.29516389374,7863.081247282986
12732.43476759409,14470.572153006891,8262.184894612958
12489.946805540898,14210.884487902387,7464.971971664995
13255.607513654342,15111.419068751393,8095.162470533192
13070.568803314123,13708.378802070993,7785.570487830919
14213.10054921872,17015.729073864193,9027.79769837742
13677.609073984906,15090.026817893979,7293.409986981201
10223.64235965031,9892.127650924414,3917.6517265648313
5414.514150855854,6436.408636087606,1797.3812276852466
2711.9729314674114,3603.328354336124,1250.7118896351124
1647.03261160774,1531.677974312976,899.2456262598836
1844.4173153623012,1790.937789965797,1112.433886965695
2498.36966479519,2798.1466911055077,1771.8859491850274
4370.486048160724,3687.0770977118946,2279.739350442848
4254.7603799676,4472.918378174772,2695.7652410564583
4222.749605364061,4491.251127677881,2756.2631592345306
4873.785168482712,5152.649571309943,2965.817888385655
5078.040614669435,5429.953158661673,4124.519916846537
7712.739955108574,8831.696791528953,6246.420996694767
10018.30538039652,11724.684690882184,8251.939309430329
12454.152262184241,14937.126935563776,11144.465141842633
15076.189410850371,16571.151486934275,12577.581078646012
14974.885391172505,16210.13416830579,11782.240669418472
13232.382412928642,15567.281492806735,12484.864748929624
14601.204345009211,15984.843337822129,10082.436137059734
11819.951668128268,14821.376389726243,9542.91058808488
11493.841332257976,14650.02176264038,8375.115012422357
12613.889935518531,14194.694709492544,8294.687858605777
12252.18726652019,12326.801682409161,7634.000810905559
8807.021703375318,8513.952245068032,5570.805023313878
7338.800642741799,6675.534263578025,3196.0205127377444
4477.722627533052,4303.772856129685,1838.430494779164
3262.104897678374,2046.31625292722,825.6356423094843
1708.0790423190979,1103.4308773424307,667.3097082163116
805.5040660969083,434.3310737347398,614.3793693673766
643.5939744237478,405.47985506199734,160.18741533810166
95.57953331970157,224.79005175766235,68.58402704017652
354.79396647767265,177.991670952302,512.176643110472
421.38315615036964,560.34132423686,927.7032925681652
1114.1536964450718,1030.8875054582184,1360.375578940156
1713.0834519423527,1688.3232032112978,2285.420464268629
3123.2005873485564,2206.7841532920047,2462.055867475715
5569.970938684419,5010.570894128023,3471.3365673366648
8421.919980902192,7792.252456274353,5455.513681345316
9850.448328803754,8765.009815533822,5281.840278400026
10311.248684606117,10436.648072247403,5961.164884961253
11273.64076754597,11500.217330363854,6513.1668770706765
13261.959067198646,14464.346026569532,10106.7889811881
4763.536478144932,3773.080956705185,2622.381765746695
7061.6747695193135,6379.195221279854,3587.355560302996
5492.574857125286,4668.150194579535,1826.0828149144031
3559.9433528325526,3267.614885338712,1264.7496404655772
4371.762980694901,3939.1834855721872,1765.2391587169654
2923.113989473799,2637.5607976200927,1400.572336255812
2140.2123357443074,1366.6417362318134,516.7418227206099
953.9630361677732,257.33049199230356,53.59009260597847
77.20403094608494,61.86558459518267,0.0
15.771589968248435,94.98602451135996,0.0
146.2628239677816,2.0752867643154786,0.0
0.0,0.0,31.31963819618996
119.6693347403363,0.0,45.54498740388582
136.56683402372266,203.56233613644883,192.4292555669641
97.35899907645825,193.19932284474956,156.14836788089457
114.85514615603898,12.55122183132221,180.3251631619916
0.0,94.04952868168323,821.366134481308
248.25124957412058,250.22859896396267,539.6826509959914
331.62177408275323,341.61731678115166,175.6454503183797
825.6414813256644,739.8077495303087,559.7943348368483
1412.9956988758447,979.2226452143723,560.9372176419533
1616.0712292305975,1092.8726624958629,629.9897716518648
1824.2390220827137,1201.8254896629405,847.33686220157
1924.1880244928716,1542.9594727455612,961.1399794621888
4307.795762076206,3611.272898218686,2059.6591590743847
5154.301956177598,5095.443061772382,5325.717876314319
7201.45975105696,6864.771347260712,7831.55944292473
8096.118611388722,7620.546692828504,7645.209235695467
8727.21546508282,8080.222123933051,9154.690400439362
8570.14581408582,8153.261134511357,9288.774092938967
9112.289932137292,7905.183229689411,11821.629967737335
7878.642615988021,7345.896656623135,11843.886824428508
7621.292299196493,6146.502886765204,8380.306442280584
3604.2611286609267,4559.479349080917,5564.959680882242
2243.8055022393614,2714.343008984255,3959.474195317165
1813.6492916155269,2242.395935584745,3615.760800081081
1298.9888339014,1864.7906416936892,3191.4550917190154
915.0595286415273,1409.9836611384223,3579.342905708816
687.8213048776894,903.3553600996354,2924.198696595688
487.9934875422119,728.7749449111344,2816.7111820286
232.40741434390782,156.02749751539352,2313.0849295006988
131.97768202493495,78.06781292242957,372.4181442525551
269.0062198134898,101.2161289327302,108.2191547245751
402.6670442359992,119.73146236458058,51.64261822108113
793.880853638783,280.50479193417084,0.0
844.5367735518738,153.68370220531585,0.0
1025.6507172846934,104.23809578164176,31.14527575988692
1061.6173766569784,286.54425283868017,79.91811080380184
1601.1197919431431,909.8217706084837,132.35169977265392
1374.8141273545848,681.0923906330422,154.4755909471794
2672.224507419699,1798.4858121842385,776.711261224354
3628.5707610117024,2604.0804648856474,2022.1604797773389
4837.545681355411,5036.887147390392,2232.675516941588
6114.579680063867,6040.4863068453005,3045.237847081826
6784.437208198961,6649.107157581696,2989.671423920909
4840.924495973831,4136.033009457716,1880.440960754228
4265.034589114312,3731.552263094891,1604.6773304700196
1853.9199957426008,1088.1680468555219,1061.7826297125032
1441.3740478724517,934.5342945608313,700.0383207488622
943.7098982880476,601.6420345861487,743.2469278104978
613.6907345482667,672.1074779190913,611.4020730906589
1279.7860373178642,1557.8145226824693,1156.0824018302835
2561.953609952414,1807.4951494071163,1182.5709887831126
3320.3708845616807,2182.4823878525403,1583.4595296637408
4023.4304692597293,2626.5454368479786,2561.779889622794
4095.153862614971,2882.077642859927,3075.5810968575565
5509.529751168605,5568.307987490227,4615.977868581399
7056.7825922767015,7257.724824800327,5741.270954614766
5515.792983180994,6428.824510682191,3569.000980261956
7353.8450703859025,8726.255875077208,3876.561108139682
7136.772514036525,7424.325122560209,4003.0649469944265
7344.446361563693,7999.92108484665,4282.680214017843
7641.289509563969,7897.607243876938,3785.71447086466
6870.26146157557,8244.454910751807,3770.4562040810974
5552.466672045745,5231.109212640402,2859.9090285460697
5119.436124676617,3472.461159627185,1979.733740310015
4083.909002547766,2827.6937578416864,1624.8580744579092
2159.2623504469075,1715.415033606312,1142.3968962172044
1823.6114390391676,1192.9383129752837,708.1664200124137
1816.6941546195017,1025.5409525384323,832.1111903206133
951.6062864041468,862.7628418148206,652.9244348161593
613.135514443314,662.9038357276125,405.8662681710856
531.1370363486257,448.91563618629345,268.1951895867616
304.47829884292923,64.81130088996132,119.00154343417664
126.853705608257,26.233815482384713,3.3176854578279684
495.18498776624926,553.4223467703947,269.98413352824286
1002.7451833844372,1020.8824076242813,956.5108407065738
314.1625548209699,568.1109363011179,336.9363327400252
786.5802879994959,469.08310076265695,266.30289961069747
633.3864053582686,698.2830665571678,290.9282784827627
735.2816393465653,376.9779080384363,122.38978780955392
703.9251411445407,535.4999351917577,47.22198050125269
1866.5995455733123,900.5957655143892,856.8029689361623
4105.869347998789,3736.2790427861332,2035.440121700362
4056.9882753527495,3541.155963437545,2670.586671674816
6341.80686199991,6437.615137924896,4172.923962378472
10288.415391099912,11205.530380506902,7598.072210751499
11660.448081509123,12534.74356387106,8642.104153553028
11811.337597966009,11510.342739599924,7317.083030326523
10343.210158872726,10251.531633231933,7083.281760723598
9116.287061665986,8679.471333597652,6274.085613422079
7885.243672821032,6746.107567546157,5359.494529532326
5028.628279601011,4019.695172462793,2961.081881001905
3204.2821573473448,2129.0646020552285,1778.569264295786
1383.2788493129467,1238.596319570475,685.9055073171003
627.1129932467901,262.51912292247334,126.03496060210168
673.3986169954572,509.6167785489075,178.87604087993796
342.005785347142,176.6333420432582,148.15323586241485
372.44203895853764,125.04911234187394,128.5401270552866
309.03816440407707,0.0,284.3689210924724
248.7492502546142,151.73178111720458,386.29979640555496
980.7711823413729,696.3903264135805,753.2869501937147
1905.6635997278931,1584.826560942312,1618.7081034335354
2535.485309042235,1836.6178828940212,2010.866512564285
3408.8571770634153,3753.3979771242884,2611.8258378783785
4086.810021280115,4201.139068936876,3126.1414191003632
5947.119106982815,6733.100829730419,3395.888701889162
7095.677702067566,7359.1579427057795,4603.213313206422
6574.270407737021,6572.744919934135,4971.012442786627
5994.6298661600085,5405.08480545925,3784.121111345548
3442.908344006953,2545.323150075674,2055.3326270628504
3169.4209200305745,1976.3840914785292,1847.873886730362
3814.0170555747045,2823.7832411257114,2782.930173603312
4197.683390282358,2452.177338181845,2612.8605838300546
3902.6597200782894,3015.172704217842,3039.83749485609
3715.829623039184,2531.553656850782,2466.154518075162
3206.2384178895004,1655.2297556649646,2118.027739804376
1740.816533022876,390.59726905270617,1142.7710961005014
397.3365490878815,0.0,464.91106086163785
6.56104185063861,0.0,134.23172104701388
51.80319739088935,0.0,5.703251989995813
0.0,0.0,5.464606802456797
0.0,0.0,0.0
44.35709516259615,180.9215336076541,534.1485822587822
0.0,0.0,15.3192277267365
106.10346531479405,98.90821649162854,592.9176415074228
260.6368000608187,9.947523992969195,179.21755420516024
473.28064118618715,240.68165320139923,225.6524454267113
1463.5269291068946,822.7577833472511,855.0427259931483
1993.8257238021843,1925.3615583671108,2317.107455479574
3748.556100737121,3833.0505546309632,2986.609524608241
3898.402983403322,4146.628743868051,2756.5826607910453
3392.611596176667,3177.6258258435378,2563.6942651835034
3967.046347014689,3670.0655153011144,2652.217806995367
3019.3425592262797,2756.1794835935175,1670.0116551239869
2842.833836043027,2634.2955393959332,2039.87355608428
2278.655272576423,1261.1770751329655,1038.3419257181072
1955.416097408194,647.6343824556269,682.2866718167811
1955.8331130645875,885.1976633835792,377.607234322344
1733.6615119544458,471.56936378637994,493.4040392610032
1300.96111675481,162.92004691113232,7.332080611156605
1080.0568171167934,578.5083329998045,0.0
1014.8370862247402,899.9923834309868,0.0
692.5634685015461,561.8689413214578,475.5314054486328
513.8298122684208,749.592533056741,912.3227361519032
353.5362070160534,592.1191515873818,257.6073355459898
193.55636656899264,867.1893867310632,179.51137522491604
364.76122206327415,821.4079338202085,64.35677769173783
266.62231361046895,616.4334317137358,87.9378788420974
115.46473592842193,443.6028549725969,129.8034055401839
439.17636877484176,447.6438519678742,220.3099348751336
1052.4535714049216,1351.6051472788665,268.2040605510876
1602.4167554526011,2881.590706524615,527.3879791974272
1941.7813281363935,2467.0312360373223,1039.0248159786008
3245.5702807684784,3291.4275566331185,872.5189193228075
3833.05589038592,3456.5019416027194,2720.8540187025146
4038.1254174613987,3680.867598487884,3375.713612476213
4152.714298199882,6603.724839504682,3693.075829129387
4862.236828147924,6764.129754387171,4010.5909352923472
4692.560690502472,6091.994000270414,3945.2323506037487
5347.139346996494,6279.214669360126,5413.51691142175
5554.440599043715,6856.744040054313,4261.724055587756
4756.915875170579,6240.42934301267,3869.771455148159
4396.236732260851,6607.489866205418,3895.856150454216
4589.580567649566,6112.53140455434,4102.774905499802
5270.535307867363,7102.548186259804,3948.4582057673065
8665.935864887886,11770.939625304218,8210.812117243915
8654.669745849675,9978.852413138027,9037.104969756574
12614.339312204915,11262.89629593417,13165.774888210988
14593.104687732415,14174.363677341256,10954.9134814934
14025.82038422898,14985.082133142188,8705.82575954527
15539.014043494943,17537.865282179628,12215.498927968982
16165.208965311956,18342.418166306583,14053.485385417904
12982.292705331534,15535.258177311793,13150.138382501227
13168.7547759917,15848.303066283572,14089.508237199305
11385.020932094802,14875.615738838815,13354.644069216123
10788.494489253822,15209.615161189618,13259.520287665537
10662.954093741777,15009.691581792164,10578.317534474152
10084.219034796219,13527.942111496966,9401.057318595662
10336.850815796086,13476.71558199778,10223.597315599754
9940.988258174233,13528.82286425831,9790.362383999947
10221.815986533375,13222.363915123358,9431.34632010222
16070.398056942315,15711.981402564877,12993.23519817278
15991.013585281104,16058.643598080489,13141.191005562314
16313.127603616227,17177.125400314933,13229.155077972371
16458.425122705627,16702.991598894234,13871.900795121228
16285.547551634414,15553.405043143603,13358.90568116074
14543.443212963197,14322.102084034497,12856.122672176907
15061.021726951956,14776.477666609124,12157.41336757159
17465.56552415512,16272.12657625652,12616.113234816916
17089.04376093158,15535.337632442086,12530.916358307988
14740.158970285116,14353.374106206915,12428.954071504775
13818.633829753155,14957.078053413168,12190.379017057528
14215.05691908863,14458.963671296837,11733.851996716565
13615.735849292461,14592.971083467943,11611.408166256924
13249.905070439108,13331.689610775245,11466.003318506737
12753.350259054974,11848.490921898463,10571.91995384874
12217.494744924492,11073.387964013806,10546.755489489267
10917.57167456278,10897.427645375712,9995.714530675485
9449.845611599292,7802.424370858637,6067.260054440811
10274.865504846837,10023.760225197548,8196.10761787869
10623.134736427777,10726.63418028576,9234.86772221209
9779.116082646618,9205.283197812325,7400.076692300498
9852.828788416042,10707.54186081138,7823.445865405705
10783.162016875005,10258.738974877966,6899.640908736351
10174.150796317579,9057.606450159834,6613.189847485884
6981.335544023359,5470.884767287364,3853.0705012502094
6768.047901653468,5445.0584100359865,4254.382845348675
8253.424534166505,6956.701196765576,4224.484926457699
7817.536159405943,6100.153526195719,4378.533060984074
7883.683450914788,5743.3694154674085,3918.726488093656
4008.770787732764,3025.48893931414,1182.9170697483482
2484.031009959017,1807.0299431678186,775.5965768318715
1795.4638472146862,875.7726808273017,127.19158574213888
590.3125518320194,189.8020542118619,83.49307900283044
236.57971293570196,146.46684961388104,67.73241631365785
14.26407311822041,63.82886938259141,70.91774293457918
0.0,0.0,132.3845088563336
86.76821863710782,263.8511894133727,297.6591717026064
11.100885274402984,213.60361526856997,51.88167441155356
110.85220296285218,222.90276900822218,89.66166555756902
117.0420308832878,150.85039270298142,81.16129472304699
71.08881663620876,163.617470460251,194.25913108080093
309.93469888991615,154.3158498089012,118.81512603223302
266.91600859032644,277.09293175298734,70.84669658868702
338.86835463506316,293.0798776219934,182.52511648847536
845.3620904725158,578.7464471722969,187.63893964041824
993.793580174337,457.9800986325172,309.2433233249011
1794.8748512819325,712.9341897151894,472.115036438596
1608.4800080113428,699.5073709155729,330.29398000935254
1737.776956056279,639.7755896589518,472.6818300541371
1275.5187189386008,480.7250346261699,395.4554028809812
1487.7879859644218,579.0585693537353,245.8829760287421
1693.3836827177215,515.6694546538821,166.941724066608
1614.3983042506543,678.9354056230036,130.48336863410873
1509.4789683223748,969.1410242391473,184.6445851148662
1481.5357218232045,597.4736407167992,232.37809121130408
871.9484032803025,64.44105432493191,184.4804875139629
283.7462512576258,139.3989657564835,147.26821213183229
196.76212791964653,307.0246781832659,220.39912264326503
88.99368348672556,211.79379856518636,202.06350448518367
125.82508061682283,458.19018206321846,288.3265281769531
344.0035868409054,470.32756725943074,732.6653227660091
573.0308956211262,454.54669324376283,1015.8119882477506
936.7345115404082,742.5574437694014,813.4164693690041
1224.501865770436,1280.9162455503356,1173.5719918727268
1256.5107990938775,1137.019635860433,851.9603060981178
1836.887321760778,1477.605498652375,1336.1889377777952
3118.9895897851356,2847.807500879939,2486.961895451446
3502.910302649322,3564.2746520019455,2436.160110004628
5302.585569132243,5549.994842611695,2817.427157243479
6975.713109735483,7011.157774044448,4164.846648971799
8470.233508256706,8256.5428902736,5715.21031911222
10313.683450431441,12373.686660885935,9612.686599112869
13694.558172226525,15126.233660382923,9477.840401836367
13843.471641368124,15821.970326253728,10625.696093608272
13153.30183340874,14904.389054018557,9446.202941473064
12498.404276806346,12768.58775594517,8234.100725083801
12243.241788635472,12821.694785067617,8649.323956578557
10981.749661505026,12668.593124839019,6914.888148046579
9966.016521433181,11995.907171504961,5988.370376610479
11664.92442852264,13201.894918040982,8165.629672480965
9406.273196100234,11189.816890957916,7747.209707020025
5417.535124935592,5086.290647901957,5613.721615929769
4015.0204992140957,3059.2091639987693,4212.439444401804
4423.62286267171,3306.2126868562314,4569.850110212416
3336.896945190582,2605.4534750490857,2842.1294445172102
3219.625576800169,2328.7404682748434,2144.376495074035
4139.945375857523,2805.845653735577,2063.71843446297
3054.3184133885084,2269.628905482552,2071.586687506553
2956.7798654352005,2469.1740781948747,2071.36522415957
3294.527565830092,2206.247658400739,1656.4410348327451
2691.2598608030553,2161.3144654983585,1045.9080652613818
1511.9560273334448,1634.4556073585943,1341.3778733592803
2140.6877386792357,2150.563146621514,1156.859141833178
2482.882113430949,2161.2910011311847,1092.7740004522027
2320.164103815472,1865.0021331310136,901.8389196180294
2182.1004159859954,1782.3859266499683,427.3743835251398
1658.5138540876023,728.3651762955332,201.94562191761293
1351.9199688171573,668.688405593523,286.95441404048654
1571.0076368585114,600.4152736593161,357.6697650352802
1622.0281904607696,574.798996543891,191.1769505136949
1695.9051559516545,590.071648669392,414.8720638471576
1472.7090164064962,278.81821022454955,545.233621050416
1986.0685404966443,730.016136464881,372.28318267040015
2069.6161505577243,949.5033734056553,368.1124915250757
1668.0994491338163,1083.8410780823158,161.1363090814878
1215.5410819388228,1056.9602187198486,276.16146475348563
1770.4192874034002,2023.343777618248,611.2936064451779
2298.9099528933557,2575.5969715690635,1114.5299012584646
2490.7657638280652,3182.4318746101594,1707.11605168172
5083.314385031826,5432.605241996861,2596.16382739117
4180.5585057018225,4968.089905954382,2147.5705880488586
4789.92183233343,5434.526364154521,2490.0830350189613
4588.650250869596,5467.775168549507,2984.9116532746707
6116.682698361537,7715.5225407212065,3990.688470167486
7063.194289850525,8622.674952005798,4434.431866950871
7350.438610695273,8967.123694540785,4541.39168300538
7873.472528326558,8898.98424784969,5804.800717914815
7687.847395502431,8285.60608283255,5052.600587779702
7937.199365982392,8718.045433258372,4632.411578379421
8024.680089837239,8883.61126235867,4444.651998415959
6131.884090780131,6204.267506089311,3195.763196701373
5255.4309072329615,5290.183599257918,2831.5787725904647
5383.545614044427,4959.326700263666,2564.119537298644
6042.870581703855,4925.756813139727,2390.1646003697683
6934.368052342925,5140.040138822761,2630.302304639448
6412.767436050663,6043.588612424391,3592.40456124846
7910.32366830468,7863.174211058391,4721.130978143635
7286.821042474304,7973.600239948557,4748.35673428274
7277.687194227543,8337.72037792301,5047.6893064076885
7780.009763621376,8507.200882599245,5133.309537447311
7431.3981262206935,8742.925482410983,4865.332648553414
7403.4579394591965,9457.277517235758,6769.663146639688
6788.089515229051,8655.141143931574,6584.059879995465
6885.060793794461,8639.760780719811,5958.569117743491
6985.790384935779,7854.717121811005,5908.583172505255
7961.889483003615,8628.964190107823,7540.95386868127
8162.5842052947755,9146.2913884961,6709.44005364228
8355.451535951184,9109.408819919152,7403.737043029076
7737.836310779268,8767.049348993938,5400.480288690619
9498.55626856445,11196.666760152426,8846.162488008591
8024.675270250225,8866.419589162542,5832.810880112558
7283.549483932184,7219.684885550611,5455.656795286874
7140.826252340527,7169.868858886723,4605.105079491422
7352.549317966063,7727.110595148577,5290.858985910792
7490.95289936464,7858.797625759728,3853.9456918668834
6835.022698855022,7233.980216514386,3822.2376773986566
7101.03219627595,7051.900637301008,3881.4619994683976
7374.2121355105355,7611.834203287207,3911.100933308932
7304.501361231146,7457.256989555564,3325.232864435928
6752.574982334132,7362.313493679116,3787.9740968377378
6970.410017664939,7127.757236631783,3697.8034746716194
6529.7734078939075,6336.092540673647,3676.0370788132336
5763.4062134346395,6289.422006217588,3591.370247071111
4174.756070257027,5098.435207023125,2524.4895636774863
4260.822851276772,5024.941469275344,2812.625861104826
2578.5915182546205,2955.8822327757416,2762.9817799738785
2541.346289582484,2629.2711504669746,2521.269763146216
2473.0529277735277,2606.5936556560196,2089.751079030371
2420.3351983441753,2651.296479580315,2048.515932038644
2168.0595836536468,2541.832691580117,1745.7146241618238
2575.6409365063905,2630.1959218033526,1957.260862947224
2643.2967502335687,2587.599754357993,1648.6868918409805
2580.3155105928536,2568.4457361413347,758.613811638131
3070.383004003133,2889.9290252373753,974.9766525773946
3521.8188586203773,3386.2314393137744,1174.2027076348295
4258.451961957748,3772.718567909317,1174.636661402688
4929.84204037049,4074.249156581145,1529.3635082556382
5367.56207005341,5166.998091620401,1853.956337939864
6250.129575542218,5825.225829702443,2727.8750154913264
5521.739004479057,5551.999244250498,2437.285224716796
5588.061880730069,5738.0720547888195,2794.82743840933
6428.992385605041,6777.637489501617,2872.2184468508417
7514.40307649903,7791.580854852087,3269.1014764334745
7134.04117317499,8070.095029763828,4244.888317825948
7273.553887323284,8470.63880331701,4127.559462510798
7165.965201826822,7781.5168231682555,3846.377728175215
5619.643388313369,7137.704658909244,3910.1969998675727
4965.463775976307,7273.955821133851,2942.198147995146
4893.217289324201,7368.569687494771,2919.9325635139617
5040.182574648583,7066.161810761989,3741.81951703542
4795.3399515493375,7164.357249038909,3536.292823126053
4499.82103201729,7148.2344874215305,3491.2646495808804
3466.398456292719,4461.119562870517,4283.2645746327
3392.6207557135026,4586.660048516478,2692.612243227731
3331.9496318789147,3825.231442310842,2433.1033945666222
3109.513390639414,3776.146079907169,2771.759614402282
3669.0137921672163,4780.0389194125255,3402.194336072865
3688.7328946601033,4386.198118316382,2817.9759186376305
3992.617776194413,3253.1963727792327,3304.642069760219
3790.154064141324,3494.2979411295764,3472.3710570311573
4134.871193226505,3518.8693190189774,3284.914424166144
3395.0418864365865,2010.6785025854713,1556.8816305337623
3806.37038667529,3771.8870834460195,1914.023568194008
2429.949288290849,2229.1631080116535,1274.5508762954917
1913.0373698939047,1551.2522799321405,1024.3303093407694
1859.016174635491,1092.7357619965055,895.5726896625633
1880.6802324260884,1155.9286599030434,555.3550758325829
1580.8283340548287,1273.3453892938821,554.7920787549217
1961.3867399563815,909.8923632246439,255.67974691185512
1643.5989563406467,1130.135971307173,733.7132629025795
1389.9349221938444,971.9791533239238,553.6246660920442
3347.1403585838175,2573.973507573511,1180.136700797583
3539.402480713877,3019.846228075137,2125.5966721055684
3171.5133597304402,3519.2446891649743,1880.9396403019955
4638.72597935713,3233.1039089160304,3066.064403958337
5228.013500297285,4037.223163093997,3366.947061949641
5052.6884336266885,3876.561591289312,3698.552401356898
5070.482422519256,4165.690390550706,2761.9597098356994
5006.66960969554,5079.855860200552,2862.146640750012
4899.73647106608,5158.916931866593,3512.0866583761303
5861.84351766725,5496.173753635807,4312.331103357124
6715.617853033527,6172.649563934952,7215.973564257746
7002.310523533137,7111.358215559203,7103.13836185615
9055.140074961155,9925.087523052003,7904.086207311805
10777.077092359197,11524.597900870396,8065.291943522295
11291.738814684039,12365.208808888914,8353.983786410698
13161.726854283672,13236.234745811566,11605.48270930853
13485.796308145253,13143.918747346564,11364.038815060148
14433.867343866877,15340.065643758982,11898.559985387394
14673.810550916603,15909.719943215494,12000.581205436672
14017.14386079629,15772.783168994756,12197.8072081257
14370.311073705,14714.871594053451,11338.689361516628
12910.526571118582,12582.23731272655,10776.220029693774
11603.29907511111,11157.891593807875,9378.13167022641
8598.534636829487,9357.368091942966,8301.750604675975
7474.362381795949,8315.161268484086,7757.930520627488
5665.372281679704,6206.049054335971,4988.540020647981
4825.148879974579,5134.260025507439,5413.470967519837
4870.793650149882,4428.278529882949,5534.728136505292
5011.463780604337,5247.63336886682,4870.610462888598
6256.73044061179,6164.150543139443,5071.878168814214
8280.757853789573,7923.035598114713,7444.4519740072865
9726.186419014139,9874.478323602076,9328.326764993535
12348.720176060091,13648.153304796433,11195.168764566766
12003.004128004404,12483.28415881206,10002.26369026898
14280.114096401983,14806.071225794289,14105.37793543556
15490.06692397516,16946.634720439975,13470.803054097856
17692.876758371556,16784.130176263046,13777.531086499746
18419.284081014994,17294.58694162474,13449.844430314895
17292.990871607424,14871.039631881158,11862.04425547888
18724.387629529698,15054.558535735307,12734.140477698202
15503.659225997682,13376.96168995616,10099.294316854608
14966.97444052039,12447.456348519008,9423.076061186288
13806.0649741681,12024.13246133498,9183.509818167444
12187.971182579578,9243.15595868289,6753.452219549824
10952.977436407524,7774.8784452379105,5478.297265863781
6930.252567231818,5283.845934443754,3099.607956136302
5266.960994900979,2927.5046863954176,1289.6876310037876
2049.3979391033836,745.1483281779455,425.9256008209581
144.60316382920638,0.0,0.0
0.0,0.0,0.0
60.0699369181056,0.0,0.0
31.48091788364289,0.0,80.56872225312259
31.528351402834616,0.0,86.99044305476644
2.60749920451768,0.0,30.43212695961344
212.9019839928427,0.0,0.7848584141789091
0.0,0.0,123.8012243366835
308.541942050374,0.0,285.43077325136767
1317.0292616962472,1267.898129268279,1553.363060763137
2908.039608680642,2782.394193400683,2885.1722966527373
4560.278693349384,4441.223959464298,3631.300694135454
4197.667156452439,4794.234373080413,3972.13029150798
8159.395054992361,6712.113867401815,4911.808651353908
9350.700609235382,7412.637090994272,5850.999952607126
13441.398806311221,12845.506523013075,9046.595101080227
13414.652297881843,12328.629501777123,9889.379974886037
12747.822730526867,10905.377165423197,7144.812180121278
14191.57328709424,12202.058240383816,9491.282936140571
12897.11030795118,10651.745663644622,8159.718668542168
9993.757875436118,8450.034164595352,5789.187802919233
6487.611590874291,5605.337701971918,2649.387532297073
4974.830751890795,3769.2548154802125,2306.3200879430824
1852.9697775882316,1343.1650426644337,583.7323604463892
376.0710728424119,49.728357646689474,157.82317076301578
0.0,138.3823928937888,0.0
0.0,70.10642996517124,0.0
0.0,57.26672649298432,48.41490986059878
0.0,0.0,0.0
384.99003556532705,347.2405561427686,200.21039825634847
356.4276710761987,150.0995372678479,266.84854358860264
266.5080080625354,41.63275010896362,298.25009153155185
502.42152765746465,245.7772400806988,452.2957488880502
1327.3387586669103,744.8611969997733,766.818685498026
3452.454433759362,2866.763845446467,1990.0703721499635
4405.337615042126,3127.6880795799516,2055.244659143248
4824.686421759618,3954.118674494013,2361.707874565671
4859.779877641517,3748.1027438302535,2490.733574934928
3979.712311245757,4048.635518671493,3356.868024380032
4798.667729587694,3971.2462099248314,3252.408419799757
4120.235985478703,3645.831313481266,3010.019037862231
3731.182019871794,2997.1695590857407,2575.3778437331453
2977.176549892509,1934.1608276009613,1402.7710507477443
1881.7604135845345,1330.8672384180913,833.9509062933032
1564.5508346757174,713.6072105158976,316.2892448447673
1526.1464712285988,683.1309775415682,242.7586699124315
1073.0083009209493,546.8988197585927,108.53112401399682
296.3995551944066,457.03780435543194,281.99761753137113
192.59025697684464,94.79438109053554,162.69294260293924
47.88678393643319,12.063511464196182,178.8693512859864
33.89468840892573,81.84687389891643,511.2836919068111
0.0,24.333152457959116,356.41027414422945
0.0,5.665303183850639,204.48365780460915
0.0,0.0,138.97667409143142
0.0,0.0,225.34836257630275
0.0,108.05060545843475,286.2106542470368
138.3338763019445,200.79487434907958,149.47266771910287
39.1776195129045,0.0,106.78267196884018
172.49881381015376,0.0,288.9658139319358
771.705887371816,404.54230697422247,299.10130523521576
1148.3562378702281,325.1999892168933,421.2035098650505
1281.7058113007952,330.96393123090127,368.9812777977152
1646.2253110226177,704.7746433903034,165.78675167749023
2263.1817721138973,1330.0543477060003,418.6009675189216
1466.6404470004359,791.1355713575414,457.92857760868105
1842.0627471337318,1213.4236624847947,510.99698464066535
2401.515337539173,1510.46234391069,743.7987729467894
2822.753794621511,2212.8174365997334,1018.8936356614632
2958.1526431054185,2744.549667408536,1196.3822077970285
5229.880746480163,5145.015761327695,1991.3908712783875
4735.315442331199,5536.478223268127,3376.7869594219524
3984.1340331221763,5264.702685486616,2990.661184450676
2890.1620746043236,4471.123239318131,2518.3969416783034
2447.4087938929106,4208.140596738406,2972.921322640748
1565.5852609549627,2940.3154211946166,1695.2662955612527
990.2351683266044,2169.0314147523313,1640.2946901771631
1280.4497365399848,1792.0540086340445,1345.346413213061
2233.499940170412,2710.3016761543154,1323.7459117951034
3403.6359008297145,4346.639927388089,2183.02401312501
4661.522971995616,6385.314738312484,2584.996295361957
4717.397261671119,6301.623623654074,1834.6508304935644
5066.2587506900545,6844.107002819816,1895.3473564470653
5122.367344765298,7149.439063837438,1855.6446251989385
3960.080811285464,4414.611405113908,1312.579552039413
2981.095938479404,3865.211470432435,1208.3619785281912
2554.813381455871,2993.2278197138908,1253.7562153381798
1730.5712014464034,1796.5368141268914,529.842023647159
2621.789292319772,1266.3235649967578,697.1707254326146
2267.306321163903,1435.4354990969496,740.1207605850202
2799.441550038611,1729.9902417674489,852.7215407156051
3265.3120705189754,1800.9590762685941,1329.3842686579244
5228.978311877119,4289.703495808054,2769.565289917489
6568.827964425454,5833.3062148540075,3788.2486749167074
6999.237667597662,5635.059426085397,3612.992039906896
5961.785356273329,3752.997230361932,3018.577738043773
4080.8097050148135,2494.4195482612467,1641.5136961120445
3383.4046403301204,2256.523910963414,2066.2585321530632
3350.7087206199312,2404.598431873713,2671.3459168374866
3939.8015125899533,2916.393698296178,3025.324711679916
2972.0901494104437,1786.384758255722,2069.724648403213
1924.7645773040708,1253.6289741208393,1135.136389742244
891.3969668617585,429.6803174186117,1434.0010234974077
1187.0010678990955,577.9535332966369,565.1324073161902
514.5922455921118,289.2655599005942,778.4267328961097
202.25892276849834,128.66240804053206,509.7267670053094
933.0176543412726,590.6000221351644,791.9881473124389
1214.6693428636738,1047.5116158326891,806.3461193947632
2041.0636337548092,1918.2732697013519,982.741764039255
2325.573759350409,2467.3936690325795,912.1978443886484
3562.9672749210495,3699.3707790058706,1968.3235376339696
4533.981498507121,5858.073143036239,1744.018481874395
5474.842499989554,7060.067141874281,2057.0469418800367
5128.316027450572,6914.524578161567,1424.0407720546802
5362.005659726365,6846.496704527775,1571.132041789582
6273.354654155055,7617.183394980804,2153.7876765177816
6876.972819444514,7697.5403524106005,2465.188367393535
6617.236780030491,7163.748531933294,2043.9925967760664
6959.50426403369,7113.439621322226,3262.3585440952443
5711.798227279071,6194.399008662273,3460.626527313272
3869.490424022506,4737.189427250038,2817.0074340463093
3400.2071359642587,3994.958853491724,2680.01350485979
2660.391397570953,3785.5157883769652,2860.3849350384694
2312.890016605831,2421.05631374149,2637.870368331008
2132.564985235431,2289.698325299821,2279.451837226116
1667.8078236636097,1720.0223319256397,2160.183892060519
1813.6002221793278,1631.2410842821348,2024.2979224684764
1515.308656534845,1929.6002742009034,1414.9624364381204
1199.1449548562896,1574.9141691234358,1198.269768352475
1140.8500292780454,1367.2353048021912,375.3950273785369
778.7172274961074,927.5980910363621,235.38433743478947
1008.1458756847322,1017.8204990669082,198.5959390553452
1389.2685100620156,708.3592213724859,469.9925422591151
942.8471714794719,296.78828019598967,264.5493558379921
698.0124298645925,14.854474551122351,337.50335391249774
1075.5724117787695,268.33726911307394,397.23487360791233
1419.293854740031,80.68839294254431,0.0
1447.0652610973566,582.1749465700818,257.5496283531847
2418.847623360073,984.82185777116,393.9147140411303
2429.249287622935,917.4339632971579,133.51869373175504
2568.1685415010857,1150.0162375001992,679.7385578382622
2360.2867132446972,1040.8833270867103,226.5843841061168
1984.7993269639596,905.5793576104406,2.887804165094724
1456.5733423349839,671.0820093620007,0.0
589.2465424159843,218.9023323108218,0.0
239.01549102702418,60.914661071882975,105.70146219336984
104.6204965475549,82.55495393233501,84.75668862869581
158.58378672797232,182.2288403006063,149.0521528878313
265.00122110813857,159.56594241256647,146.78091187906958
169.54130740505647,377.4332300818443,159.4130675903324
234.99853969415233,199.485110831065,312.04546785485087
254.40421900348616,321.6552551530688,170.11287096977097
202.46165350435672,396.68358155152475,307.751252873208
396.14294545587745,551.6226131651761,441.644082914595
945.3766766119795,865.1546490827749,600.4363398206118
2631.4452552795865,1844.1609928142032,2887.474241580062
3067.2841723605625,2312.785806065607,2991.5201337801864
2906.2975442670318,2915.450791871257,2652.521662073203
4785.502756757833,4331.13395390887,3217.578123193128
4709.040386153604,4367.067263741098,2621.702236109798
5369.468350064464,5141.773061006275,3187.442415223959
6203.544866346758,5370.266240967253,4138.602886469216
7670.80965035049,5194.997245228196,4181.167896416017
6860.072536563146,5109.161957277892,4461.16620468375
7726.875013631545,4953.3710116383645,3811.1743914793833
5161.400136874348,3240.4506605140427,2242.963223368756
4472.96100505825,2405.2772339776266,1089.3175507821868
2124.8444485424357,517.4497939372502,553.3718406370506
651.2319186044809,198.60790097146202,52.52268444321557
154.28901430480653,154.58296920212985,118.296679380939
245.54986557653206,402.2169695744842,88.26278581374844
647.0050810960736,615.0686982659815,123.89604922371852
491.4582354903981,561.6431876524352,330.4036165920629
420.50619227110263,425.4057720090199,276.8236233344903
357.57027258854885,218.66191149572862,342.4122531156071
86.60909990877408,0.0,244.91832133577788
69.90974417663197,0.0,62.8952801407511
0.0,0.0,0.0
274.2143840122931,0.0,114.08637264784684
545.9553248165234,828.4647900773384,843.8764148763083
939.8223959351809,569.7872193574282,681.5172972158302
1249.492406284658,338.6755613273877,695.67632427457
1348.8442920134346,610.6542401413534,489.1952788508744
1706.2336252371051,967.8535945839941,498.9642452874238
2012.6980534201873,459.9976396918603,406.02227924056433
1711.7280701311086,621.3158323464738,356.88401980908145
1707.5419901854855,559.4434934583146,736.4623913125713
1825.5563507144966,719.077474155119,636.3191422494451
2176.5654008292763,765.1378734936351,683.1797102448954
1892.9997904286404,840.7218691304447,709.2788811844364
2207.363662634405,898.3514930974904,759.3608196310985
1330.8582005997569,762.6428801759732,589.5511081942453
739.6752386280019,891.6282824275186,535.7464322657421
163.99621062540433,1150.116112290346,801.2577104616395
316.92272766991016,1690.467374388636,687.5214439171051
283.0536997667899,820.2451089185856,158.88905341421508
218.0045301282688,204.40133347013273,49.743514627253774
333.4957389045941,279.9155834218589,123.7980865170098
832.802419485465,947.0929109714232,981.876582123992
2034.635658452633,2216.9173441865614,3106.271907901338
2686.334669969376,2603.0839379669787,2562.271761733237
3822.533761863033,3721.65213664364,2491.507321376528
5458.855921646854,5968.305634263981,5293.518053837785
6736.8276613875705,6699.460404047909,5733.88358301192
9049.292469025619,8277.635338090156,7698.140014169795
10900.412495475286,10893.232328917718,9261.686831363058
11457.493840664869,11943.534472815898,9016.363303784
11105.346611826139,12232.692375761188,7850.108758642409
10291.141351590355,12233.848016149588,7455.286627896877
7596.566258332396,9923.887045418609,5736.760039621813
6884.152946086435,9639.214065282178,5128.638012958518
6585.5646724103935,8420.631551440567,4019.291778202242
7522.184977841931,9305.51937470254,5539.5073460293615
8011.117751388969,9002.771450148173,5893.524085539653
9720.654951375021,11680.851974087618,7619.871961428176
11200.709162450028,11955.359059019287,9019.770966365964
13153.720689866386,13815.168871809394,9373.989582634613
13667.979972429312,11997.090513538233,11945.807219730952
11246.559853311946,11854.779848026645,10129.559767647828
11963.47640590581,14871.907696796485,11326.100537093504
13259.506630244217,15326.466717154193,13179.164309600374
14773.923209892859,16036.97404497844,13380.595252952964
15713.282054327852,15786.02317079732,11619.315982884307
15156.200151861874,17628.040632115048,11797.859653791307
15302.944106976403,17165.49765012633,11837.40375154771
18194.126984238716,17370.502278578995,14177.061058240122
18269.981231168007,17547.234636315232,16799.026096452057
17532.032564210833,17822.76589504141,16452.60557449031
15387.696032656897,16943.86188630181,14122.709890070442
14780.34788313156,16951.277688304606,14197.654645140605
15026.809736606121,16877.948921042225,13996.391704362868
14673.794692536376,17309.333989651434,13888.61843768057
16538.99297648577,17476.87035693091,13838.897814643691
15989.122230375337,17315.774778086605,12716.309628345844
14343.914718555046,15898.7083639564,11182.493517068277
11668.403823723369,14584.488936853273,9822.585687461118
11890.834694936522,13907.083778028335,9890.245215227264
11366.161432519635,14752.828374989049,9880.353070107183
13113.601965743921,15804.286505602358,10467.920336135076
12921.405767019232,15014.354955972327,12969.971267604797
15948.280772276154,16770.10790280457,14498.464736407215
15823.81975767015,16344.769006317405,14761.483521789209
15100.906993540932,15854.243725072163,15225.5288053146
12947.883120894528,14459.397244412772,14256.310355174615
13758.972735297208,15009.070246207979,14926.887376658902
15375.944903118027,16066.415628877263,14877.096284305726
15474.246329821171,15705.660140382884,14384.382191517554
12164.22843026591,12919.663247525354,11783.142509666428
12718.11317256101,13002.984853926311,11239.723814972833
10369.517894210689,12243.858863326948,10176.95379603475
10329.818468610632,11945.85802863069,9655.805705930185
11433.536045808085,11744.348320094949,11472.83343463714
9854.325802559144,8899.270440923263,5609.889740785568
9805.265332810015,8669.056717211775,6903.799802697043
9612.547795599867,7567.520425256492,7223.752039320431
10110.447038048293,7669.571821458923,7079.094181307227
8857.687698198555,8200.612135208965,7183.399085341611
9755.963549917456,9514.808176202536,7391.734559873348
9234.425442747932,9035.89379694588,6851.513178131839
7670.315760587102,7154.14349853186,5265.142513682288
6122.427200004008,4438.803661710856,3591.748189024274
3273.0614274341538,2255.4794248614808,2169.436947738039
2727.9088200754163,1385.2129709897602,1818.654045663288
2588.2422106617746,2205.60390219122,971.0421508273052
2670.022509434277,3013.1024746171574,2205.955248138293
3645.4300306676073,4267.471552033513,2800.9380200352275
5783.647541967728,7010.386297594062,5235.403123887946
5977.392052069292,7765.309294790107,5913.359453029596
6232.845252767634,7724.781104902571,5442.579884879948
6054.116758841902,8083.49257507784,8944.999538709932
7051.659858010601,8582.111171710565,8363.070831385756
7587.283797822407,8189.542077782176,10691.550349288644
8997.601232224002,9335.63446824144,11457.380645877747
10700.331526844726,11294.804979105133,11803.077283643172
11805.10568614733,12774.350393080642,10536.264162386477
11881.870318563746,13170.973753689095,10520.906158886482
16057.570355194282,15662.927659224719,10545.827673479358
15795.475493863409,15613.364368759328,9653.757795053923
15122.905671724522,15493.150246364421,9104.878078581902
12246.985860614326,13818.892458100676,8138.616490127538
10989.76921874179,12254.775671311152,8148.231333809469
9717.288903715664,11749.005713827257,8060.910476492526
8599.564873450008,8963.22899636088,7146.466009975456
6857.283736663923,7920.783607406659,4888.476522023419
6644.744929738174,8074.813386130429,4298.343068228207
6693.98862300405,7334.6905085566,4865.387404495644
7386.800567007361,7456.184536787243,5680.09743397396
6023.9539871123125,5942.929454286486,5688.638713142544
4708.836928777332,4382.308437356294,5078.454066529925
2612.0260332610437,3271.509949729494,4823.198912583064
2453.15496261422,3023.3452254336994,4749.366836938156
2228.778291483632,2364.465262003414,4026.9072729327263
1615.301721137128,2397.788534851014,3834.577002894247
1225.8644137990282,1016.2857583021499,2774.7906606423053
595.3324362701348,745.633475346081,1182.838836007248
845.2266413608133,928.1061117952875,1196.336602925846
741.1595309367358,998.1908585078111,877.8983035053556
962.5400323391128,1545.551786343882,1001.93699314322
536.3837641838762,1241.206149916879,920.5990953705336
622.4904712947471,216.90307108042222,978.2646004128392
990.2208020778467,571.1485429133088,458.0741193570846
1485.7888291185695,908.3394352644309,590.9281334960476
2012.081530530735,1335.2827862221036,1316.1331204122505
2098.349950285953,1367.7617800198582,842.2282493753157
5093.83623324974,3378.2665839656283,1790.36743946699
4877.149592712773,3604.6895357232643,2247.790345991668
8064.2924833554625,6112.284523724817,3875.820416508765
9200.847608673193,8317.593167277546,5647.509566817737
13297.569904012982,11733.649719363377,6959.494202603146
13684.527342806465,14330.529657281353,8785.793299228237
13163.760612859367,13852.590887420665,7441.577818054732
11753.224069934544,12083.293668240478,8193.793220412845
10030.367683822005,9670.578440153433,7269.96587611421
8854.795663678033,6805.610810546049,7699.268625079396
7509.080136840589,5846.6258419032465,6291.693539983439
6969.491598427131,5587.075290016956,5647.941757988609
6217.971270012231,6653.265849131348,5687.820296165526
8282.980497697377,6740.501498767375,6711.150114253191
7448.399044655505,6252.083415586997,6366.62660236013
9830.270364030224,8305.600462589158,6775.733124778394
11499.207685697891,10565.066978116758,10418.671505553168
12329.126938839989,12678.982863538675,11551.2798310834
14936.085571086473,14473.949185800855,14533.898323509886
16158.49084760975,16752.148557100063,15871.603874872364
18080.63910403627,18286.90890122459,15801.571330099763
19613.0306516505,18655.015886032816,16599.167712060356
20000.698909972292,18647.8500064518,16500.15395317039
20474.84147711109,19042.363060505384,16010.673823143186
20774.799465151104,19764.921496157076,17039.317418000595
20908.731627212834,19598.802902877505,16875.328118294834
21304.6449574731,19688.082519441596,16484.47011330575
21584.73031809346,19982.565459955385,16513.875131592704
21600.0,19727.64500885501,16105.290556429984
18730.540378398666,18534.611904768866,12733.600800601134
17684.28958387383,17461.30741886175,10954.38676077935
16070.411482172909,16454.489547817535,10902.200366016035
12631.409958374426,13900.681710674942,9068.08960537726
6420.218760414546,6875.144838432534,6074.330192081618
4870.19767740461,6177.502561007885,5757.991944357073
5141.3079212617395,5604.947049078968,7727.985715702076
7218.515376727044,6627.893304541739,8297.316086467656
8289.067481282515,9400.83288811621,9501.929895057232
9978.268885817633,12888.977350550847,10171.586015322211
11284.425913000287,12996.09632604047,11333.863324228058
12330.008901678633,13820.249943061732,12824.920497201
11297.794068571737,12127.62788530819,11551.39596835192
11967.218975775877,12472.425579391678,11283.456746108604
12231.483618424794,12299.690012662211,11435.01091352626
12856.84711278372,13358.398171101218,11763.930572750933
15156.31900830776,14969.29962827622,12513.480390260567
13886.457088805013,14360.751533471026,12064.849105993966
13581.195138080404,14178.40429230226,11782.399694866885
17115.373672040783,16669.16801321754,13726.927721888133
16785.508801626576,16365.636999714476,12774.341703082637
17270.368793885104,17209.50880169855,14609.74786543824
18904.216916303296,18643.10032040528,16296.733802188262
19673.495243836154,18799.74519276789,15218.682770264057
19430.582056780022,18480.109983849536,15379.422374972197
19211.67724931631,18358.767961196503,15050.91501014716
18510.157910534144,18230.69450933809,14018.744445134676
16386.77609315927,18247.04855529352,14275.29282139205
15625.41749437786,18522.261750064597,15332.489817871028
15774.172575918614,18066.30710756809,16414.565141633528
16606.932360415376,17941.890228380104,16457.720344335143
16737.776247797123,17736.491657174774,17019.432949726764
16563.806606388363,17437.577834679912,16648.20019934347
17299.03960235913,16988.535466061494,16197.859784320672
16255.966203852413,17221.90752530558,15892.016575354215
16328.348352316285,17262.141736134552,15537.413830943407
16272.862624711714,16986.25133701281,15173.068466806197
17637.227673651123,17897.890772589606,17063.35272239725
17521.626691425645,18777.92085269529,15600.652530224615
18486.41644550322,18820.84162854857,15872.819891528658
18294.502575748913,17726.378961833143,14877.077974572036
18241.488350373693,18028.144075076787,14895.678510543654
15917.976115590707,16726.114335874805,12400.816450654347
16789.699295008493,17444.214906173827,12333.81242057076
14626.434456679739,14853.439242328197,13901.304307842716
14506.043865370884,14448.912701610425,13341.249608007576
13072.205135337104,12630.486050260768,11101.905846356924
12716.146842933193,11590.232684490913,9536.6493709135
9947.277510620892,11841.185273806479,6744.122225182496
12544.262765925756,13540.622908460638,7891.004694507344
14893.05868914928,15098.578471588082,8237.461114612284
12889.473668857716,13651.662315557907,8092.055025581005
10389.949189840416,11785.506965652616,7782.143130922065
8665.581220264254,8607.502961258268,6590.974742485809
8464.231297382266,7391.5515780109345,6375.812261328817
8147.725757382971,6873.406381696248,6247.386000435466
8162.208396274579,6565.325611528098,6328.10447514064
8222.229954293105,6447.189901468568,5621.800723795088
9318.280213024354,6497.669657707035,6280.868265324268
9044.022573350236,7074.865108837755,7219.8653221619315
7114.775422033537,4761.259497605535,3513.3475266683595
5196.341219255932,3780.4891237790257,3033.7522553863314
4909.474982692226,5131.07058096325,3660.286446555923
5935.611855121368,5743.955999623394,4001.665281372263
7175.385508848263,7419.200230745422,4106.089931845434
6273.174256289851,5848.3306070056315,3985.182820028736
5624.627783789693,5958.144796791595,3458.6401726330346
3997.192105025585,3101.812176241075,1564.2832759979428
3460.212106738786,3089.015030581531,1443.4737615025422
3312.358543630787,2418.6211454002027,1316.8586703794483
3079.9996477221152,2133.7724274297298,1318.313677237835
2941.0554391831292,1876.670195964089,1259.268424176246
2543.516596412507,1934.2140473867257,842.4629427660376
1762.7697781937482,387.95660140077547,5.396429258082889
1993.8472300095164,629.5309948608929,145.77240642696864
1227.2933310579615,978.6589782215244,459.0534285707612
541.8672638796174,277.4905444412373,344.9248122219379
436.3053380397457,360.5016218946391,330.68813331433785
509.827801585828,350.0668055466026,264.00235788397566
521.6063488789936,232.86079461455984,325.5719958459441
1101.6822105186893,617.3119823255751,362.41612241354255
2250.939377986097,1962.4729313683135,633.9218116429914
3748.4765212899874,3537.9625969752315,2119.65489553204
5843.26370191004,4003.465798276742,2595.541421244036
6809.700015165112,4815.788412663715,3274.350293200856
5595.768342462093,4644.294368761868,4036.047022822117
6172.061701018333,5190.977017324435,5596.532732256876
8955.4055994469,8412.502720275937,7249.966396922383
11496.39581060536,11350.347328601785,10068.944665344
12771.57882624667,13841.31361325556,10311.945012150063
15210.046876890021,15938.805882650242,12173.501421977868
15290.95254699989,15390.031779724835,10799.73341028652
15608.44289845396,16290.25639798537,11001.943271177242
16720.188413875592,16023.883693607411,11189.475581325589
16568.311789750544,14643.037055478633,10978.01838252086
16291.077320961393,13506.214060305028,10654.243983209188
16107.384885298681,13664.931997433247,9658.073084576505
14369.25093559467,13251.264651551048,9242.520264000204
11369.449901340335,10594.564661168271,6570.085187423751
8305.75086332962,8343.470550978403,6862.760609618621
3790.4980769763215,3557.304713494101,3193.391808962065
4133.863202686619,3485.8014806211913,3669.5613445212434
4169.432786338636,3718.382625219127,4723.387327627769
5128.577716623409,4264.1921403712295,4578.852636708817
5092.714570120467,4125.290117247737,3464.460878457377
4522.452383533023,3811.9858803305196,4048.641357312094
5500.567509044561,4298.9726806826575,4628.260203350083
5909.011810552,4473.244008040397,5705.623631133007
4903.822339624983,3782.8973566854893,5274.41895847036
6735.3568056171,7331.440129959474,8101.135348030725
10124.649426516593,9268.365830834391,9910.902201020232
13711.195963217126,13526.768525317655,11464.734638715949
16644.20229683276,17212.12018132864,11950.508634225484
18231.025440400044,16704.134133989184,13700.600259402225
18385.167804427496,16761.805979852983,13670.195623910236
19622.904549290983,18207.786667558903,14428.181436052846
18927.68891133851,17514.83150735643,14417.546035100684
19083.179713847843,17577.193324468466,13857.085234947936
18770.30559834555,17341.157549062318,12971.71386189513
17715.534266165294,16466.24131424776,11874.19508944885
17000.44524302512,15069.571095556978,11899.217468541305
15182.118017771243,15890.850486730782,10261.034856764973
12880.665422092088,13777.447104389581,8311.702644866073
9761.456676737655,10736.69457390642,7177.009402231585
5146.724624027187,4318.040362288602,4360.861938019621
2505.3414528388244,2426.5806833670745,1220.731080042338
1840.5316174275579,2210.6082469764756,1365.350423598962
2026.3246789674872,1814.0219987695746,1709.9057872928563
1703.3149060935416,1601.4656355642655,1144.7586505633722
1702.275177704782,1422.8325698303847,1951.9955580486849
2235.598617853019,2376.404637787613,1932.9760076405853
2386.655396260236,2653.112997170003,1874.3899063393208
5504.22812219798,5938.521949227111,5691.452214467737
8604.007470733126,6458.061200736342,5304.247504066426
9439.590840491446,9063.643369378162,6771.765264449241
11313.86847185265,9098.381310873627,7077.772228186386
12845.529726147233,11708.433006112507,6208.157264560381
12606.059296104868,10616.028309317582,6297.297517365748
11447.709313563408,9139.025594947056,7611.745199065125
9168.690388114046,7988.015951871018,7469.805165006174
7392.394191463276,6814.618582821381,4737.026446918146
8029.54536719425,6265.953464625222,5657.6372747222695
11381.552017546315,9256.883295059986,6164.980330846499
13782.703335983564,12637.55379862469,9838.786378870856
15265.286735832948,15601.440037282435,11354.65038216125
15789.331067617828,15913.263988705416,11016.683603272591
15920.864851059372,15036.025504224546,11202.638629879291
15709.797002234534,15493.99607137788,11457.502566425515
15293.266055954704,15661.047988975428,10935.042570914797
15341.41847652782,15419.702514204539,10975.88112869451
12674.000014585325,13182.243980640333,8751.60769829428
9761.039525138722,9018.04296325351,5373.758158520271
8768.131403000436,7926.482910208987,5281.4288519576685
7302.514614985517,5683.841998472999,4043.142011199334
6165.061310288752,5553.973213892538,3688.823114012942
7060.209054067308,7165.050349286531,4199.278016178334
7220.279911756349,6996.158915155501,5202.098637249939
6498.379421120778,6077.108110880495,5208.865388345533
6107.009773458131,5985.709534766936,5392.630520775124
6695.505102216539,7324.642259967369,6101.414951822687
10161.64400313768,9814.888401090791,8666.31262759516
11830.176843434298,13011.065847634063,10592.287207314292
13400.877627452399,13679.50122894772,12607.461327567937
12184.932423844628,11658.603135939995,10361.93669274364
15076.263700888,14367.05638930638,12594.063642907062
17116.365922225617,15093.13614572418,13758.904459037542
14889.655909847006,13598.137524349777,11518.780633123946
14594.90186509134,13635.740691284209,10959.428068199666
16211.834354601573,14763.59091213226,11584.344543635156
17264.71225964695,15003.76004122159,13064.188314655154
16355.416471325281,15404.860912397913,11844.442314530035
16984.338130798016,15910.4315674868,13593.852555135049
15621.826508996113,15704.986117706549,13694.755389660597
14907.018023596478,15819.36306124812,13660.007326628684
15165.988222704449,16015.941439007822,13486.028305760972
15190.440240855738,16505.452030071003,14248.271933678252
14931.303770994706,16526.795342865273,14089.122087963036
14900.844720034751,16446.26357349874,13976.006501064616
14836.941436756593,16006.472348640853,14131.322193597582
14316.057669876314,14899.292940811374,13324.648456983025
13462.296796654833,14601.588397557634,13436.61442493105
14696.846144461048,14613.976627602093,14650.664088375364
15452.382298862842,14620.382643657018,15343.29912851716
18070.54875797719,16811.46134667155,16017.65561372655
20237.249840236916,18873.4909331444,16591.606276875747
20722.57726940984,18822.661276567575,13421.50203006248
21335.567754655964,18998.15014952851,13504.242378507635
20498.889981306063,18548.93630093594,14251.00676207783
20539.590329669154,18444.76841018928,15162.189191436746
21006.91475722924,18632.634215134825,16198.488337743387
21414.535234126608,18598.367861137,16343.83273996831
21299.26759513228,18829.058322649842,16041.077735928233
20991.56282105474,19054.286950785066,15123.12854929314
20595.101355189974,19095.6048000881,14616.113465568786
17055.550002819586,18377.956335149585,13509.116104779629
14064.597950718138,16101.768771179464,13302.097027306669
12162.466556699394,13225.709847521788,13452.59510955401
9280.02528858126,10629.83497045049,11443.264439199222
8368.957369406457,9317.09024800935,10451.26357363049
8726.779650133356,8386.358911877129,9966.534002578604
7986.241062380619,8215.087235255765,9711.389982280463
7798.0325425035135,8446.812934499792,9475.099972874865
8961.56913782523,9364.829585519039,10114.447297844685
9427.16571294587,8230.565547053555,10748.1811405948
9537.354833093923,8906.115438469295,10008.87047063785
12632.379839292083,12591.432184747211,11894.48382374516
13901.725121704552,13574.798500265078,12348.138794172231
15672.455599167333,15662.552329611264,11990.787636956282
17390.160045630717,17329.907529449556,13796.361266106784
19432.891530865272,17613.995791611214,13099.035689428689
19391.773116699595,17861.709822952507,13522.774618986296
17246.487805999906,16308.184581769816,11843.511045641142
16577.33430619872,16959.407517209904,11317.298750103218
15893.20870617246,14193.904321387314,10240.67865355622
14711.031201440132,12786.015627703517,8825.604043143105
12682.310059349049,11326.609022424995,7550.191258887184
8563.145798298812,7264.392065797815,4933.15736055995
5132.340707720743,3817.637165807373,2179.2739560521127
1919.358380388553,691.3028537255693,427.0161329560249
518.8179421621423,289.9376697242837,209.2712674610901
44.68840094555983,0.0,113.92359208107324
30.662507362408206,0.0,221.6329829855731
0.0,100.8512846374383,57.09558926784951
0.0,105.7178616418088,337.6276949259351
0.0,120.17860335164731,187.0216527710093
0.0,0.0,34.12175230620908
139.94599394984314,0.0,167.67466624384068
1493.2247491431153,596.0742349890778,510.9318691666616
1298.556281145059,1310.2450176247662,1004.3335220735872
1322.3580651015022,1724.2130815592636,1018.1116024009856
2696.0371338302334,2569.034695986543,1660.3001321348772
5486.623041668039,5651.119637835517,3888.0186815056745
4768.246745882584,4051.596998341619,3792.24101855085
6483.629138289326,6591.627874292258,3938.898072806815
7158.048286676166,8020.375928282232,4482.925323391458
12211.431293136935,13095.991606230904,8069.404927932296
12847.57712120611,13235.09519092838,10541.180089672009
12929.349863334392,13019.475695107243,10117.769575737191
13963.051761601615,14869.607279745962,11159.515287930515
13055.860467732185,15278.264272170938,8122.947363526263
11111.113905954573,11434.161416835039,5696.410053693562
8566.773914586469,8256.611393672021,3473.8931061350986
5543.617021402502,5369.420111401829,2165.4548259295934
3001.500043623447,3048.750587600438,1764.2264179154456
2207.900296741624,2216.8289780564032,1574.184341716951
2734.9073514250194,2343.0075510620636,1518.0688673937254
2394.870593525329,1528.6510793104082,1546.0119833453305
3383.5182424309182,2280.945712340466,1334.1704678568824
3542.651427165355,3262.378282791686,1517.6429813464665
3159.476451812093,2478.2990599748773,1731.1473456316571
3073.5028283125766,2463.542071721832,1803.641511351224
3007.344762832449,2483.1643332912017,2167.8379359259725
2387.4225664331093,2116.257297191237,2251.858300365913
2534.6283281560104,2241.6281012607606,2407.550047649859
2305.711915697768,1999.0387181355943,1275.958058544688
2464.9316990469997,2653.815993827515,1174.5874764398447
1955.9058795331391,2331.060025354064,1527.996817168314
2236.0108423817705,2216.5884811800483,1588.6991625422531
1762.6366126363332,2252.9802811921954,1480.7218686085453
1393.4788404737692,596.6713280280218,409.236435835129
894.1396890402273,430.34388978052823,195.69436093139555
1301.3321976143952,601.7472422190449,74.85882752741783
1276.8423789993324,314.1439162784331,46.84436408989631
1224.5831306777163,241.68125188506195,70.70871733454348
758.6611178488024,76.60954090845223,7.261186216409343
983.2639143218968,93.72650040582754,0.0
623.1592871340944,13.845461255648274,7.731699082711237
0.0,0.0,0.0
0.0,0.0,0.0
0.0,0.0,0.0
0.0,63.47318728274716,0.0
6.522152286013977,0.0,98.67245191773904
22.116634612340775,140.75871856511117,55.639241649149625
0.0,94.4185753671326,53.80244650023249
0.0,95.6911736260179,28.366853752029687
0.0,13.628171685862924,79.59276939484859
0.22531861904889894,4.189432209753335,185.06431904155804
264.05850537405786,148.54814806300578,161.73474061515412
445.78790507098256,136.2488965753583,57.59638206491192
1992.4071977452606,970.6779846738925,924.4104118515424
3027.1389101410628,2992.0832917407747,1349.0688562574926
3013.696230896749,2523.384308985719,1301.584824774488
2774.923900310942,2304.5295229580165,808.2246188474076
2940.5755750266626,1785.1187610971429,600.730653049554
2825.595742880161,2283.900700267294,1235.8595069167768
2983.23298311739,1839.832154582567,749.0127794207077
2490.3006771372134,1732.515813732835,435.2185383360938
2273.5547107763905,1185.8429005294875,295.13595419416055
1508.1928115373867,664.9896878086906,0.0
1530.8259145358925,502.9106165250564,0.0
888.9994008398564,252.22955223526378,130.05471717513416
244.59382743233402,35.127592011057914,219.67446208534875
68.42382818943298,0.0,174.75821776173956
0.0,240.42624792790946,112.63048448817273
71.6094096709236,375.7888350311529,189.61933252909247
955.9423524941666,618.5860050966693,887.3927445893459
2538.638142561807,1672.2499499411535,2426.5667556205817
3919.6932630151846,2572.44923759405,3482.1047280436774
5089.41821615481,4175.917761340715,5433.309159168993
5311.832669408237,4364.136675663637,5851.977910431636
6187.811558791743,5147.9044967330565,6282.691690557652
8218.783417832752,8061.98646944726,9071.178510095682
12440.558331669798,12036.54099279968,10835.09491619762
14543.6476328489,13452.273723807353,11958.02907463913
17012.45878420412,16642.25284911752,12895.2563335516
19187.1353623505,18378.864260217626,14948.071213347885
19494.04137101097,18262.47242014543,15448.110962460169
19094.89937872747,17835.877996325846,15573.737806063324
19014.78924720374,18148.694816212806,15330.917679646009
19305.402204812486,18338.013419598105,14900.670546965555
19402.400226591642,17678.884902218626,13755.089507768454
19261.73649142466,17506.600093846373,12523.921181180753
19217.526503846602,18482.057709051387,12679.548516173469
18165.336240176333,16411.482945412503,10670.234733265415
13930.738301991427,14083.714640037406,9914.805332472097
12270.878154072496,12958.105961645177,9456.995232200765
8231.251651058072,8575.865214168805,7521.743290262498
6737.911675587902,6250.367672539809,6393.927010755934
5860.7510742303675,4434.269889980696,5509.697484166276
6397.2547772802245,4850.342647228684,5797.51703320814
6275.29194244503,5963.33747689738,6630.508756604538
5419.746747548886,4630.339538510716,5270.229499623409
4987.075072414216,4313.481962595707,4345.191555452685
6819.153256117173,6781.605081914008,6091.274248376122
7974.213318992919,7890.050271273602,7177.008975463782
8891.434234924822,8262.863177058594,8173.6304751786065
8276.202494664789,9058.649254960603,8104.705326561889
10926.401643173214,9089.864379287485,7833.1256053986945
11343.249743267237,8738.028216308856,5465.694612248894
7572.011397581444,6797.624284407639,3338.6627186292094
10304.959863127708,7915.179738655655,4197.514557408344
8327.256000756404,6589.279746757413,2978.168763633312
6778.047977667527,6199.821065602995,2998.997839234052
5509.838901141479,3422.3369649820957,2148.1995764940743
3487.3530755127135,3045.082435534649,1673.2444632697216
2252.1286529597555,1797.0912533651322,944.9015785069072
1310.1478618641736,728.5398903149792,538.479860596246
1577.6141434661727,734.8017965912443,273.890833128886
1527.6094654277113,666.2662293610665,349.1655481710956
862.255050990208,162.07415419728102,106.99669597424293
465.9495949110112,219.68879684581066,605.0071958947834
0.0,0.0,215.788463343036
0.0,0.0,199.8578925860038
0.0,0.0,20.057656928553765
1117.7496333130707,1109.8468770232705,901.335881209946
1535.3609844861044,1125.8618174639305,1081.1869269298
128.99320038378042,0.0,90.80396026009971
0.0,0.0,34.25744588086913
0.0,0.0,8.962272982866693
0.0,0.0,0.0
466.3344737970334,110.7920964672669,0.0
1020.4481796179534,242.28162290899618,80.21561152609452
1594.7650215765593,450.5617995123324,195.19679974700844
1875.1686350996854,552.2084225813815,152.3364901997514
2306.5717428868884,978.0994446383737,262.67122883435377
2225.0316113821114,721.7468791350043,177.3735654187422
1578.582156907543,591.7971662356256,261.87808877177275
1676.6823565431218,801.6416353510153,203.39340401895527
2103.5324918257993,850.9607457150677,263.6939931259594
2193.245853367455,819.9717617151824,347.4395396353128
2063.0045059108384,721.3156281527115,237.8096177807548
2125.6476925022303,1008.1018865094622,206.63144319804616
1025.897123175328,267.9056659167556,51.697668336997474
302.7867026119538,203.28418372949722,226.6402337417103
248.69790679161864,208.91455369414842,310.80773991119804
298.1264068827746,161.49971900419615,357.173299971483
295.12615837885943,170.39260181962374,288.49463870679347
64.33165380376266,0.0,56.55637737961855
228.4612341294386,177.9984217251872,408.4294959697029
179.3310453564211,127.0897965508631,427.2129906731199
239.45076733711284,71.64665659984479,324.05948762575326
227.9862780926752,419.21343363504764,377.161135545768
450.84749048320367,159.72573922577186,567.0484300220245
526.2749609749958,245.56505827720787,334.78202582716904
818.7795266305297,231.31536293024394,563.9109332626518
1159.6128045474243,333.8897610443597,156.38178988922417
2504.3476412841437,1065.7887227334127,230.6117783326052
2454.3702030574677,1785.9831276742586,533.8839503400976
3089.821521705537,2376.947201819242,1022.0568812201732
7099.339600505626,7393.867307317709,3468.2010412267364
6100.1009511260345,6840.395962290403,3355.8898709673645
5338.65143637399,5999.2625831766645,3104.3117499424816
5819.259405342491,7959.556030865868,2551.795248559959
5037.74619075644,7482.832741677452,2365.0518983168768
4548.046057374911,7379.50159176029,2185.856723998192
4987.848799744733,6669.149397053319,2372.066017513482
5755.45337675415,7070.031173458688,3247.2943237217582
5247.158959024205,8189.02096172356,3292.2876506108505
6373.93152212048,9647.615094201661,6218.266177675725
6965.484227926111,13074.289199885658,8237.852382875248
6538.131869795332,11480.332540637677,7918.699631706615
7572.385359782458,10092.828378288088,8582.97159187664
8400.833076303044,11288.520027119639,9655.809183048152
8935.232591341886,15108.786437514911,11548.097981133042
9066.056337206768,13739.5021543378,10431.512718613989
8424.719455578148,13700.770685030295,9532.31721400124
9677.32234360676,15082.755433906665,11883.611969599731
9879.135304664584,13526.171013459956,10764.725960638729
10719.164499146067,12549.534083051649,9316.595041267856
11624.686766632785,13672.464828300315,8579.022595030043
12732.96624640024,14503.395150363223,10257.816549536252
14422.23513252737,16009.388867847872,11343.735658718488
15078.623350292019,16750.139309821552,14031.147275295956
17579.391783614632,17785.948788018086,15333.367169711972
17477.509403649587,18142.435459223103,15283.975200004315
19285.05426803768,18349.130449205735,9656.352237454175
19567.378716199833,18565.706217235747,9033.014644027931
19944.394824823285,18519.160611016305,9050.367549906732
19323.244081865454,18292.199671223287,10669.734239673531
19809.712273005458,17796.11664017414,10196.326944742748
17444.659864127265,15931.177513614899,9727.243337378546
15829.373387738373,14996.320678603088,9727.472605724988
15770.966702615584,14610.82501953239,9416.790559501302
15198.965575540755,14113.889738910708,8926.852232341154
15523.106540801327,14803.72984751627,9348.789354641927
14642.525145950356,14056.37405621279,9062.700665960829
14340.145555533722,14077.338353832483,9137.21324454596
14429.118269751607,13494.343512399008,8664.141922925894
13937.844035678914,11916.239860832598,8462.161095562018
12872.176503025523,11617.60650044204,8534.403753917219
13086.364263886984,10872.264419376868,8593.3169558293
12981.530795996776,10803.971492405022,8952.432739297388
14047.735351434165,11674.73489449478,9471.613070499983
14204.791830072103,11299.199081399436,9399.046617087217
13370.34807152028,10871.623895541976,8353.482326633763
12628.1510413751,10665.333048375802,9879.974673831735
11382.78346896267,10398.510332339883,6944.121562294192
6723.848803353609,5000.127820455991,2687.4075635742915
3853.952232673231,2386.244150107029,1504.9426696398789
1594.2352180468756,741.5833921112252,140.1163564938943
1619.5415317046863,506.94670616116775,393.4065851027068
2343.799923316346,1059.6512499317755,814.0815651077794
3134.3884634530646,2337.442665152997,1183.5654273866403
6215.934773290799,4693.059457362863,2747.262944806724
7209.752305701925,7687.472688302802,5670.705116311855
7062.276184269727,6980.622763807871,5856.867269838825
6311.552818570569,7538.763729900855,6186.392070637484
4742.469407576462,6984.834481804462,5615.594687256458
4982.508004988884,7483.0788217063055,6326.065277465335
5213.653065985089,7398.883882365381,5889.305466499952
4685.3484821861475,6365.8897267228,5890.144823515361
4080.8547665658643,5120.077285384283,4712.363959515849
1699.2536166230152,2484.8167356763333,2471.07562260242
699.5275116331767,1085.0979406149227,1920.726334252824
269.7142133191469,330.97196822091445,905.9676987512466
398.967516741058,1155.0417643093942,2309.01808406803
1016.9298915889772,677.7117434701485,2708.224114879833
1912.2350931845974,1018.9548702615052,1911.632912211256
3737.3949960776786,2837.1452346667115,2370.387078161115
3822.222819413881,3105.220097169269,2299.355082023168
3534.6951727503065,2997.6146340417813,2085.92262556048
5892.563442647392,5378.198587796275,2864.0936357957166
7950.073804941207,7876.027860358314,4330.424802977621
8825.376490160465,7580.4856992023,4602.277495911365
8968.305791693445,7506.706931887702,5217.155888609728
8451.311163930948,7134.567810696665,3771.232445436019
6078.358761546333,5108.365102437012,2895.9406590608583
5262.614014693912,3335.764784906046,1797.1405815970656
3608.524373990147,1781.2730838127632,725.4559029872036
1074.1747742774846,609.5273595616699,579.7415337285988
655.2746194550086,153.316811445565,249.97604036523168
857.213384090728,684.1579663997999,891.3160702642907
787.2163968515227,697.9717251311805,1027.1978344562522
1105.609015904211,859.9071864599125,1537.8878798644434
1832.0395876981156,1487.4520490710981,1529.9348647885988
2948.047967475908,2240.759260914276,2827.4910213408284
3475.059281176699,2262.757048207068,3009.2332830310256
3644.2365508662338,2302.4900083979965,3959.207052971553
4502.472640670633,3059.8524261829907,4176.113593244511
5933.945253107251,5446.393445921337,5887.033132624278
7478.198054471974,7576.309811066005,7827.095951676487
7485.711672317824,7536.222570092288,7684.0801375351075
11193.947806964698,11435.488583809674,7653.8294325622655
10161.90408914661,10677.929056324074,6722.435307162708
12521.602797997022,13029.744739922746,8863.492088480121
14027.98073217174,12831.467606926619,9196.222918651596
12406.498107461704,11576.148440694888,7716.934993059795
12701.395191323278,11966.32493728111,8528.000150671493
13743.747772147133,11853.054231321525,8501.872439784645
13348.951045483454,11371.085250404609,7621.791965875033
9446.540061487438,8710.899525454886,5340.079823054671
8255.107621985651,6853.865306235225,3039.79349533225
4335.021571163245,3207.539187058969,1114.4167561300003
3748.989360594035,2994.7943455027557,762.3583336672875
1572.5931217455602,557.2756096573388,220.77890132011296
0.0,0.0,167.57157520321235
78.77510832416006,0.0,112.70067231038452
167.03989317178778,11.724416229380367,205.48477227407
297.91556204576665,342.52100689135324,348.78435072701507
184.44967325590756,61.23704962488509,177.89776958825544
174.6411318949321,0.0,49.562000205247145
0.0,0.0,0.0
35.30628900496982,9.508969339206402,189.3603307058274
240.9794509323691,241.91957559580618,273.6140868206168
609.412354288822,461.924697687523,406.2859805211446
1155.1855479515227,767.9729399770428,531.9980550423134
1418.8959419159864,638.2897296026706,632.1574020591603
1465.420566747176,448.8907248833908,521.7983052492197
1578.5898880426844,810.5915582826084,604.068077699646
2443.541954037616,1979.2949005631149,1165.0985286038117
3358.61632767607,2930.001402756181,2629.8359274962345
5326.729811962222,5968.980763029691,3821.679103566452
5159.353720439023,4889.8475771783615,2979.1984635031704
5401.780214965726,4944.643617102397,2443.170660050835
5532.837977373676,4981.035606363953,3245.5106689565523
6555.298252181079,4909.223203062395,2476.172484614417
5346.123022963611,4207.01500727879,1515.9488188722846
3323.1302720133417,2679.1616997622946,963.2044349103178
2558.3918922946546,1660.805102394694,514.4505807292782
1410.0995304488679,737.3290398207204,955.6460231333344
1519.3517019003593,700.979150316134,1051.7778212024746
2542.006347653145,1971.8252754243467,1688.768456868568
2885.653544571237,2231.9645683248445,2238.2924925081097
2873.217636548028,1894.3830839836603,1933.0950078866656
2124.568073593305,1585.4778922824014,1377.5725524461632
2644.4669540384493,2078.735219968802,1991.604448397732
3737.326208051666,2866.692242481458,3908.9728634613
5969.210715638526,5170.308100945456,5083.225069496772
8020.387845374931,8003.28697372522,7907.949775861667
8773.921598934812,8573.179637826397,7328.643592627061
10214.001820812648,11848.314718045474,7788.810516424105
11356.167025161005,13337.520638038055,8744.271116234087
10078.424131802461,11991.492646547202,8777.895452498678
14776.828481032993,14895.675396826064,10057.112002259286
10931.508396504572,11788.105346358006,8910.300019061451
11123.768246537311,11749.859288610967,7745.577907785189
11147.901852614486,10838.467673930429,6856.553613251643
10704.013410592119,8710.960780304082,5476.341941495165
7097.02278026209,5781.014553700217,4925.831436143906
5884.322848613677,4822.89711970618,3241.1730283725465
4176.781717403424,3076.770588676281,1478.7711810309058
1892.4698416024219,988.7440878457176,457.8796266643019
617.9613729986173,419.60225973852704,487.758727856918
93.26188615462303,120.01741788441937,417.0666319208472
88.72593301402797,117.64057679272501,156.65566503338098
31.014723348440327,17.415168906173832,66.82013491132919
457.6889041015621,107.11735991070363,305.6579839008983
701.861921154907,118.36622639952739,350.01595235309003
530.942429959344,50.980756900433335,425.8616669957922
280.2315776932806,12.245372347854953,553.719061528448
572.3584231586024,253.41159763590377,548.0852951603258
271.7317651820923,14.016378440198224,328.1931536360697
459.86801945660255,156.44656224149026,291.5400751403636
1564.6677946010223,856.962256114035,760.4199632016833
2232.00454529096,1589.6306070423084,1094.0636357774702
2977.2669802340015,1789.5037746551575,1761.143289827931
3043.810932991613,2034.9466817248872,935.0497524332476
1989.681335267574,1777.3961254186274,803.4584739202026
1313.238980684595,772.2274901526978,664.4836410016853
3168.1445806823385,2081.5882918010343,1267.8109578610165
3340.6869020110335,2116.9079410912796,1046.817575714917
3302.8764591342747,1930.7016830430973,1133.7289643450465
2793.748013475715,2862.960595712859,2005.6469855098544
2575.9820113047263,2111.0688330621765,1860.5141379625345
1675.631388174376,1297.2480169364985,422.17496095960223
510.269042966807,95.23315747770863,292.9413950794529
236.54781377652603,133.82580739146476,453.192032488208
77.9839094797955,245.1745027875404,428.4894799771526
198.63749368054982,248.3304893365255,736.9147790982416
242.25969208818884,145.4471010476339,602.7170361831064
107.71781783964502,238.02736670504322,485.5482199190797
125.43338958536287,0.0,517.3208182101478
109.39748877045741,0.0,398.54511831851175
286.1841532656689,42.433495236086316,355.3456767904162
234.6730439722121,43.01282215650531,161.1633575342845
354.4973663126666,158.27437471274192,96.1723953935833
478.92729646872533,290.50566962660776,23.68643373248872
840.6718805994661,377.0279363177872,77.00703723600104
1097.6102677016206,105.41404349001186,124.56946897711586
1168.0131723569061,246.88126016881995,125.13911386310556
1239.2337146939951,679.0002621602936,158.8928255368991
1688.2431217928743,491.0075649269136,194.6364105757448
1134.8995862841698,354.42675528344864,216.1823393502222
1355.1549094708262,615.6671662734523,629.802011223365
1427.2193948627144,641.1812466976019,424.74273063163946
1656.8738119181987,619.9306217856871,113.45125234120344
1145.8382726135367,664.4613825193462,171.77969088540462
1241.5923285212975,241.32221092718856,33.406422296745475
959.8724793391325,208.5559541279523,138.4015691521983
539.1163192202616,54.52659580965229,163.9323192859094
341.9839248115577,376.0986724613384,535.7826456623039
290.994460121079,401.3844048680094,513.1565327520303
359.67918248824975,748.8103180893801,781.7171330083457
360.71403954043296,666.5323360804338,733.1287349158287
258.8333285440052,645.280173410841,827.5671359967428
228.3703136094714,259.65873724410585,796.0584182374164
315.5565278330199,474.97282624672675,725.3071963094708
626.761744574872,586.673044158514,704.6728687699417
567.4546472576259,470.26986922066084,638.3801020147226
843.7349494560872,593.7353901904127,678.5057733666391
1361.7253205491825,1363.032078439383,736.6411528415153
2368.816308902796,1930.2254014431894,1010.4814988197892
2879.472712132303,2876.283462035075,1436.501334831522
2725.2475685428576,2425.033494252155,1042.0699320466042
2617.9654941546873,2600.3956052740477,1214.5821028224043
2530.275434853768,1400.7430180118336,1214.7278331914997
1421.5913542938183,1007.2691048557597,1379.1069875411602
1664.2238564867016,1051.5689352556112,1674.1509641601997
1907.6400529389093,1049.051140418321,1921.7187001145005
2820.5404963859164,1693.3301396096458,1861.7437630214088
3712.8421855369716,3497.298837806831,2146.313455313444
3214.977063396708,2673.166001170022,2020.238072017744
1767.212792886509,1940.8328708024833,1704.6096590473685
403.85804145073,570.6397780727353,667.3659868653083
195.07368544521606,560.8488671560593,540.315263617714
240.1058242140901,713.4412401118232,270.04796600100843
164.30972687032215,584.5108460951237,263.1864244094198
169.19354132447742,530.6484565330121,452.2764271475185
135.9261971868268,355.53165150617224,332.78421592185623
32.72669420454197,101.65910386547941,290.4635510098155
7.602280065791376,0.0,225.0501290611548
0.0,0.0,336.4125483415972
0.0,0.0,176.0474718892152
13.869082880707253,0.0,40.475636308234144
240.49887038358997,0.0,130.11382122372885
831.6709685919094,85.72949083820887,266.7841654229224
1715.466845573871,686.7141077094492,575.750219925019
1806.2545440288866,484.0984242212645,702.2459644438463
2383.2839907091884,1651.289943874913,938.4882264084888
1327.048671840097,324.10783909148495,230.3736369068596
1659.5989980759548,859.7038275588361,559.3415596400883
3071.345386154771,1354.9806047928785,1749.2175727126405
3675.9651219544735,2137.8724239075154,1947.8641171876088
2215.739109816207,1137.5582545609834,492.52304629605567
1747.3211788437927,659.9773141425433,204.5395272190012
1216.8069436961237,286.42069183753307,0.0
925.3134505206656,150.47835667563783,93.82697462027797
104.7536053792411,64.24116704938677,0.0
251.5450770175586,144.48895867861376,14.77780845796573
129.32854081715305,0.0,43.10856294073348
39.05448569695028,0.0,208.9452418431188
6.563818944508469,0.0,196.52017622824755
0.0,52.73359258280861,291.1135623616909
0.0,0.0,357.5430526382779
0.0,0.0,282.2656409523256
0.0,0.0,305.5721987364052
336.93457393679296,119.12465997381526,595.3452149252987
315.1381040460839,28.018831662832724,468.275364384035
344.66513882535617,8.082040371487942,440.9442822065423
855.7077905762968,212.01691198902424,282.39524666347285
1226.320739456829,859.9617790595113,511.0606977710635
2071.1666883564876,1592.0940854969335,1425.8743118709458
2495.289054200493,1882.5270306356058,754.649649086244
3930.3993912410842,2438.761780422614,2366.561954137765
3624.780888373497,3056.698725855218,2380.914342582665
4004.419898894478,2724.697875182419,1733.9215444133663
2923.8265349689955,1431.5626988981937,570.0337612325164
1904.1634914733968,727.5528784631955,585.0190296473428
1443.4583313666699,495.4620190239154,327.2837881269624
1118.3790832097627,40.96338739451538,186.58152185949783
781.2153307416356,120.36345837406435,42.90455104353585
30.334915286377395,23.95989544926195,37.27331800660084
236.7108764944034,144.73448402856542,156.19341722178606
38.26151302856425,140.473584860222,158.33118535354208
0.0,97.6580716224167,191.5530250715288
0.0,26.079807478682298,126.7700575507453
21.92260063511067,74.69419825274615,162.26757820993606
659.981787674865,401.39192821251845,959.8872707216244
755.9734498075725,1012.5521278908082,903.519237748816
201.7843400072054,26.561339571572773,372.7281300360816
307.39686295545795,178.98490717365144,267.9660715801702
187.7483478946887,0.0,296.04479148581896
400.75230673914956,232.13421157878182,335.3829332571756
757.6409968920608,195.60549389777037,233.5045374697676
997.9027059598054,424.0415491853731,222.64784841713984
1265.1922187481966,349.77677520025696,268.80004214767865
2053.3649574107853,1480.8715366683623,773.8582480424727
1770.125459159087,758.2957718148367,517.7176179660848
1985.8088298976065,1634.5568240279351,1273.2207538456144
2358.576156744911,1571.4597653407916,1512.4555010406502
2288.6555907016,1247.3006724478964,1597.3310419089128
2380.865431071979,1719.1304918554438,1605.5859917050925
1771.4651099998005,923.4847373558323,1134.8362910342494
1614.592496003318,645.9805564659788,530.9627541588048
860.1422713978725,155.01218058834348,203.9807207878568
209.44027615170594,385.7681257919878,118.05020120329137
436.3328295548349,428.174659330884,104.11651544503486
290.8708825454113,256.5267038990747,66.97792410011881
65.55785266957362,9.92528111344653,97.91808854876945
0.0,0.0,0.0
0.0,11.476684702351236,178.207130860216
78.9787775360956,0.0,155.07601486902493
24.43470750963796,0.0,184.38267416413893
0.0,0.0,133.93644482954434
160.2563266079176,230.5234379329455,136.18245986382587
651.5978285340814,532.0694086816306,328.5698789556762
910.4138665128254,928.7689019417002,302.0396703576436
1939.9547931225081,1151.71714271677,370.78090446227617
3415.6243615404237,3386.438586769786,2424.8778778631063
6230.5995854748135,5568.128418899083,4131.174150001601
6242.165290346699,5743.25603917649,4001.6352917410895
8227.789237952527,8501.042414603584,7025.092580927788
7527.2040842387705,8423.522553142648,6154.652284270396
7663.320415809525,9317.604572568687,5729.503340853682
7558.070505660868,9450.68572492737,4832.392582409483
6908.175304203639,8578.520129232988,4781.301298392861
6391.869493063676,8324.520231936389,4853.033072449838
6663.109478410023,9023.932238730482,4456.91369866156
7018.461519720936,8656.537473605345,5015.606955013204
6393.644726843256,8346.590003412142,4277.993221184386
4191.046127677848,5893.619902231502,3219.167371755728
4399.196323179794,6367.168929944616,3055.628143047497
3222.310550750807,6151.9438214140655,2454.4324318796967
3587.9765319192256,6494.467422796805,2929.047853241894
4325.785725635496,6545.483861651697,3722.657140295625
4268.064166235782,6947.946374880517,4274.524339411403
4407.305902263832,6996.423404203626,5323.675776351607
4920.927056976639,7411.719578998652,5316.938181374092
5948.797685297899,5266.739694409617,4759.143387291711
5246.269424345906,6589.233346972484,4058.378828530362
5339.412461735931,8060.619484557809,6062.155066593188
6471.3087679740875,8289.9730272009,6215.971290434462
8917.220792453125,9740.145875342096,6667.9433468153775
10457.5123698692,10742.932847265549,9658.039664462149
11272.596088974105,11465.134549723993,9882.359254093612
8890.42939482096,8497.282808837364,4554.369630623033
8942.951192625731,8417.18383576366,6108.1137647724845
9475.299325739703,9039.28357815029,7150.228479883403
9720.222818957076,8941.008259256974,6801.2710535932765
9290.321212486417,9100.719101885905,6524.808083774944
10152.039863699414,9350.516892170548,6560.116348572603
8429.632275734784,8300.086119620464,4921.091979271313
6917.769243084406,5196.652476124107,2801.736217971151
4249.657862872146,2783.544609018563,2035.1746558290315
1349.7422354593173,1224.879306002951,965.335513176712
212.1885807167978,216.60061049760077,223.40832528895533
0.0,0.0,0.0
0.0,0.0,0.0
54.650214756167315,0.0,35.49429601408633
0.0,0.0,206.92731841059444
952.3152347140403,372.9754817451591,390.0832019715333
1726.084825943572,1371.0965095068427,792.4036720044464
2153.779938236749,1257.309765162365,1120.3487116656258
3039.9266040250563,2650.3687522039563,2858.637258367149
4110.861013879854,3738.4355320707127,3466.701168786239
5646.64889264784,5067.806870818816,3975.3060992815945
7636.977507967141,7925.3323818636545,4552.268484960326
9623.51898593604,10116.696708747982,6673.305161664223
10376.401259796246,12804.40674207353,8550.083704127659
13220.364670828014,15154.099062464511,10049.134481583684
13695.214938138213,15181.544334337934,10333.306247356448
15471.151749175708,16057.772395775595,10792.309077578551
14538.687696036133,15039.111721090432,10920.347920352651
13103.070998783467,14225.978286073609,8567.487772573933
11354.079378877785,13139.912314339274,8406.56049115994
8791.363628343077,9997.48264691237,5487.3319785248295
8168.762318452796,7472.043677400539,4956.416323325341
6365.741723701237,6888.928818460479,5110.226999323324
4204.725516462512,4984.107096615162,3860.707708165386
4042.7043669573177,3754.5378245157035,3286.271789223053
4530.727155164557,4350.903731689996,3226.0084036208923
4130.766928089295,3983.6194810528596,3385.346975152092
3797.388899636912,3417.3843186122476,3002.531844589176
3926.692806909536,3081.799644302883,2177.35401069028
3538.6099924400137,2618.278857009246,2189.8841500957847
3734.1806530787417,3192.701424698813,2223.8036030502185
3420.8841748601403,3579.0105268033444,2317.2377565042348
4037.9179073852156,3752.5021090237697,3412.46882051209
5937.901384256717,6142.874431236037,3972.429972590701
7368.0632452695445,7206.587662889624,4489.408658814154
8553.881596528918,8900.59742707402,5508.698460545797
10323.272352483269,10172.720687795165,7586.699648207633
13646.839254713816,13367.063799555952,9846.296677431532
15607.602101456383,15739.953871010954,12043.464064579428
15357.884300620803,15295.17827373828,12425.513264633824
16159.668268664314,16437.756193230114,12327.145583466816
16632.936838752725,16354.467149935492,12987.176776559229
16899.09233931325,15454.997286325224,12984.607403256694
15722.05652483358,14433.195768111085,12479.991989878028
12689.348139378682,11953.953022314732,9470.89155254118
8104.695193954971,7794.6942086887175,7263.891095011544
3867.8330027615675,3552.302619045546,2536.9832151861506
1157.0900235078354,698.0246788533398,605.3983576990678
591.3054617595753,395.7003224866309,236.9487009210044
150.21226479825947,97.9410154745241,79.31804724853319
130.1961412325085,58.39747325731771,28.298431655001377
88.27248404121192,62.019380597399945,0.0
846.6153819344697,612.2195825683618,853.6444458251319
1999.5080418071734,1345.0320406419817,1825.8672545412687
2595.0267983115623,1803.2113952606967,2546.3277976641
3288.0053507712487,2951.068906995255,3565.692270354995
4825.6194040179835,4666.128240218,5424.574915049154
6060.304384578513,5316.81661386322,5921.165818440594
5949.974593384952,5546.453006469857,4094.7174969325656
8415.359951634848,7493.060017720734,5955.956759863937
12343.644722567318,10603.98241434936,9436.557420248177
12840.16854429408,10765.60991304634,9497.768955539626
12787.633055217939,10818.911318513055,8951.897510671695
12072.70993160145,10306.420077348157,8667.933805610879
13059.30349788515,11782.586088977598,9380.034302263912
12147.831826545094,11135.340428817975,8009.916204084564
12419.759384817466,10572.1679062557,8037.88622673589
10233.188643484174,9016.806536196002,7047.911226901206
9303.21659918909,7568.288054951083,5984.686486601734
6447.579023861425,5367.794051876751,3508.5995672618824
3302.0609558708675,2334.170290461213,1852.970391754052
875.6356437866847,678.6961256622963,656.9533013226386
48.584665619505515,0.0,0.0
0.0,0.0,0.0
0.0,0.0,0.0
18.346052356561287,0.0,0.0
680.7762547316596,359.6689675633378,818.0964994186737
1442.0613875523675,1604.7991267034574,1557.418776692636
3163.1389780910495,2231.92492598391,1985.245695557316
2980.119778537604,2357.112971897634,1738.3702324744925
3873.3186154108234,4402.917964829631,3715.863501803336
4651.714826183122,4249.745226836538,3363.3509604027954
4027.980068027496,4223.984070076429,3040.9435348719926
4260.3844521980645,3406.3061266426344,2842.50211362498
4386.571497575591,3529.4413534176156,2988.399518230346
3524.420576376091,2905.9841676193305,2475.320895638852
4606.557330694377,3515.0941015812127,3217.7933128598365
4103.643032034902,3652.003818147696,3057.9929141490707
4039.4237677155293,3139.253872277763,2514.0184813484057
4360.071099444889,3063.23529783648,2433.2131297269902
3369.284223260244,1840.1620857255023,1587.9655678235483
3238.6739012465932,2821.7019458078416,1819.055907844728
4064.471456631534,2933.7743038031767,1724.559710374826
2239.913562574514,982.9142401559798,427.0015159912949
969.8032100976717,495.77028051053344,254.1692353526804
103.99406581922398,0.0,75.07230309255245
0.0,0.0,36.423970135042254
0.0,0.0,133.5144212843583
0.0,0.0,0.0
0.0,0.0,205.57094485310816
0.0,116.42507954043313,0.0
45.398345830808026,0.0,0.0
80.43711897320829,0.0,0.0
163.9461735295654,0.0,0.0
69.64511328519454,0.0,28.63764417396093
467.3270642024504,302.7561687756321,1038.6651357084988
819.0920310345185,189.20102516883128,280.11219978593414
1203.4734637851525,427.3882398500589,461.1479672098227
2127.970509007986,1625.5368286277235,1023.6837483525896
4359.968233684761,2908.3918124829506,2056.761408903645
3992.1936342801446,2845.2391743544977,2661.100537194924
5237.795607586208,3746.249120523802,3130.2076650945896
5936.516900150442,4993.893158409779,3661.268230728008
6820.462669866562,5749.3232483894235,3658.9756025243983
7147.497129424042,6234.748763835383,3752.019092189749
7209.081262197924,6566.77762480148,4714.781084436588
6371.0050513331735,4374.311043023886,3493.5825979445563
2719.913411766301,1450.7093042342879,1124.0860136340268
332.03846884435586,129.751609271282,78.50327872517323
78.043169333259,0.0,0.0
0.0,0.0,0.0
0.0,0.0,19.221067549091742
72.94428782980742,0.0,247.29555063095168
0.0,544.1242341916677,491.2122531043611
34.69817365932937,150.67846832717,0.0
0.0,179.15791633622632,0.0
0.0,66.4995025351756,69.42240957145846
390.40408168412466,395.9244646431858,199.9412688971872
649.5087045850792,1276.3392022676762,204.6497388407217
1871.8843167292846,1869.4590367137612,471.4980674002719
2130.2701082295152,1722.7036601437296,481.1685472244936
6215.0786168020795,7617.155651006553,3765.838743660954
7490.356116643177,8553.040022944364,5240.152975195537
8958.144250182668,8740.581438682198,7626.150921648381
6193.300203851577,4378.1494763540395,2932.7537643300534
5792.03099139099,4496.246537144663,2946.3464593682606
5871.9713165274125,4837.7330587555425,3099.007462935624
6214.130541759681,4389.369130071783,3128.9098009923523
5546.836188763073,4430.048311434529,2822.4415965827407
5010.062333729289,4200.275938029417,2620.0223020337226
4031.44091536485,2357.9640808163526,1568.8967370804974
1974.2645929167031,789.0062412628699,422.2251756217139
1214.2145840772002,424.9848893011506,661.9327347358458
696.3294136587582,358.045265734925,449.1724563252799
324.899500799891,208.98477245392382,322.98469209877646
599.1482652260598,586.0778341583774,574.681799222517
365.60139689869175,304.2707376873454,379.42324899569593
129.18591201845953,348.7435076858001,476.3546516344264
57.389069765201214,88.4895457055515,392.2921585604464
45.969843991207725,0.0,154.67227433053023
98.9718350916876,0.0,90.84151794404411
155.85345265532186,52.699467639615875,125.30679330838652
257.48482592278106,21.657578814220287,420.3364933321364
1066.206302996542,268.66822378578286,404.5908889391578
4333.4905974139765,3867.149023764388,2284.1992098026944
7326.129239503556,7494.0365789430025,4822.373454609397
9207.799632751663,10181.96857325611,6283.7842143708585
9034.887470198697,10032.720925718157,4922.458222670873
6572.751921535657,5037.574929540025,4077.142094860457
7836.0304265411105,7348.780855878022,6678.547713050216
8803.615856993461,8514.945782303443,6054.873130445642
8937.987174865953,10196.346492221071,8066.0361416373
8842.439983450933,8926.861370526229,7991.408887807547
7821.326702219831,8322.741952997789,7046.840482514011
8776.924542413728,8871.03350271079,6696.755865602494
8132.024505672319,7772.599167544895,4922.3948754331095
6947.774804656382,5877.5361197682,3356.1706216923008
5801.169375814366,4203.435287336112,2591.0639041709424
4555.35845590241,3188.368564557389,1894.9281417099444
3746.284081685985,2756.7803554847615,1649.7109833014451
3782.377236570664,2558.931608890962,1977.9561491969096
2718.3290896713856,2042.5786328821307,1884.4398680641625
4467.798012257269,4355.680300086186,2066.551869816201
4939.3504132727985,4157.646410504677,3096.619923488413
5761.4335457106445,4363.603063349288,2207.361004040069
5062.131049122628,3620.0967375743817,2672.7096857038136
5261.395175189855,4120.286196666848,3136.2954440840936
6761.088196292226,5079.375915992518,5314.265200003931
7947.35345162124,5639.793346193653,6499.268501261619
8950.46322284766,8096.332583487787,8168.392004529314
11319.057681827793,11275.546253259254,10463.07170338324
12942.784079831821,13230.709324769534,12047.31767191708
13763.067362576741,13512.04341813725,11064.046726394872
13852.874739228677,14878.49373504686,11523.402180773684
13809.245550881933,14712.797107101362,11003.24979858259
15049.131806807245,15205.93271414417,11184.68143411958
15571.561202354833,16050.429064407348,10234.13996706533
13733.894929590842,15509.192713026478,9177.794598109942
12197.4330296577,13194.71488831265,7337.162497193438
7937.036449765444,8188.761246634849,6326.759507953486
7452.68308165111,8227.90273593903,7279.744249379742
6291.059400797723,7614.343564120096,5212.066296070434
3807.2214039825285,4073.4948147830287,3444.16365108845
2754.8440265204,2340.123429785481,2216.010335077318
2411.508593991084,1851.8007285480726,2547.582037832411
2731.452453031843,2015.1442119732963,2963.9512924814967
4192.0802129833555,2972.920537873822,3544.245464710569
4778.123348386033,3886.402122171091,5030.917325416207
4925.586386196099,4708.799503956909,6117.713212484068
6007.507209013182,4778.754041285165,5545.654116470998
6805.287289788323,5855.4305526752605,7490.377292947127
9461.179566523633,8115.090923702934,9308.012755927191
10577.595267226247,9559.196780042019,9476.645112824475
11360.046773350809,11339.103551533997,9899.219830653145
10513.242930122098,10530.103615150598,9015.175847910708
10287.7574965994,11647.575750019845,9181.131071814229
14232.985547843155,13936.142783449472,10325.872827440582
13659.592280108089,12240.702993832612,9039.150502290868
13010.581335317205,11596.791579231089,7072.159766430584
10867.53039521243,8155.656913307778,7157.447547677395
10306.982078426265,7811.61900133464,6258.78465445395
8709.7997272059,7488.847289172322,5852.7043114304415
6861.302478161731,5493.0803011794915,3278.31127037977
5436.38427735761,4226.951946155834,2861.42277026514
2404.680035844329,1332.2133359487277,1085.8694452195143
837.5135457787455,460.8664436474099,776.9175848382406
707.0791981294914,363.97085609203657,605.4404236955908
739.4455685280329,528.8344732564914,665.0835623360836
687.2255035244245,717.5774046105641,893.715285579123
645.1478168054884,447.9996463291497,605.5213652632511
1345.215177370093,522.7955606523506,757.6181258103073
1996.5897541156214,1596.7459115859608,1796.1021115547558
2915.3537946843585,1901.2613959522002,2094.172440784535
4867.397177957052,3464.0858014833093,3834.840955856503
8090.129873992856,6786.275398281426,6894.775738088356
10235.204279392643,9390.142864359073,9301.559141856753
10795.302582411477,10806.64051808984,8819.437722210425
14066.717774900237,14102.998240741015,11028.4307235206
16281.879796128165,15021.26343939107,10572.302973053049
14146.031725946663,13176.088787934812,9932.215413884383
13534.879783223727,12600.056183260871,8629.854365129611
12288.463379850933,11736.829204475733,7117.879129832717
10853.636027019795,9112.726938394651,7352.483085093388
9187.800844825368,8560.707709512339,6713.100291785765
9206.755799165452,8413.028375866312,6417.728644699996
7089.797965779131,5312.475147752588,4284.07238166167
4104.514161270263,2850.3270121147402,1550.5528861888645
1879.929805911503,998.6991050040517,553.2565392771254
263.66069412662716,191.35912834312012,70.3841657617781
6.347989552149102,0.0,13.244443284721944
0.0,0.0,0.0
0.0,0.0,0.0
0.0,0.0,0.0
0.0,53.591304646664085,851.1696635929469
1207.35211974108,754.5993465707834,1329.324264757624
0.0,0.0,13.532428948992855
0.0,0.0,129.20360531940457
154.0380958695524,22.76607515046888,84.31347043685689
360.8468723263701,0.0,226.14196500428983
1202.1540476999717,1064.2363098282815,366.8288024521992
1666.5765975195911,1155.2249892403363,1408.7595102833548
3897.0333210585877,3487.999005605983,3249.7615260087687
4670.940018460171,3500.7168700506186,2572.227822360971
2985.7063232766595,3129.043656080367,2163.5057667800334
4761.680384284229,4043.682286839575,2963.975807085239
4541.065215025064,3866.1755195869882,3466.492904915912
4167.744629431367,3952.064895702289,3504.213198010652
2378.670897591106,1513.242438113949,1035.369001710758
2661.876084973873,1751.2044055253161,1374.4427061494405
2508.948285265613,1246.3401829341626,900.6196415964228
1464.9527658137354,320.47507493472915,64.67077359692586
948.5064086919452,326.96361889211346,139.75639880394465
451.1445566934252,313.2460412469495,105.73960402154408
179.3681917199704,365.68935207890837,108.64157209899054
0.0,244.2309626295811,199.0018033913645
186.46000241135943,411.7747776076025,291.4311356167018
512.2803528243526,591.1662714253536,355.5564223107763
354.46778091370027,680.9292240759631,245.7158958780443
190.98179772952454,141.15178327538374,140.11072768416457
0.0,41.185050673140466,82.5621605471571
9.483386294430588,0.0,32.335136231175724
462.83624037518297,231.86801774287989,200.7705144708432
885.4752645502851,680.9376842943116,407.9429682344624
1552.8847721317925,1589.0443119158467,858.4654021288811
1399.7448634635177,847.5521428374466,479.0596154988687
2066.5479463031866,1478.8463849557013,976.51416773961
2047.8595012656506,1303.7679503625418,903.8882388306176
1919.2331372829549,1027.8778807852716,280.7732705395852
2065.112908633556,1845.414364931556,536.3713424107746
1747.8722744082374,1633.0977323947486,471.48990154601296
2086.4712127354974,1927.170663037409,463.21181214175095
2223.460167060579,1828.2772741103797,464.47064406212303
2244.8025423329073,2117.9491929457727,506.495023826018
2061.527740180245,1312.3190227144235,323.64735505871334
2150.2359552432226,1519.5084379165557,346.74755707168566
1743.400772652389,1049.5525375961165,362.237744092292
1052.6385234912073,1011.8401669282348,359.6310257406966
990.9803493601067,1107.9437428891479,693.8458701689212
729.9006284275623,684.7005579644654,481.9789908929885
593.7532495367833,643.1464495854591,455.5535009798557
463.09638976407643,399.1425982380588,249.52898010923963
183.6539182977582,149.93817250002172,17.362768877977903
224.07024274368365,14.329677914162431,40.586456651976704
208.44350666159556,0.0,0.0
156.844927565455,0.0,2.520852589397715
170.71359518712416,0.0,52.558455842047046
609.326522846093,198.33193959723098,42.814600328292336
388.9852512180056,14.803932491264938,356.50920081189173
1106.71999028925,275.3290672115963,296.28999028882174
1142.907570865329,389.91445020385083,109.8771958063098
1311.5634734419332,431.4224644901959,233.05038501310923
1670.615406690491,1186.5660992026528,171.0983357477795
3562.3783607152654,3288.569329714346,2087.0899566497114
4360.317101865515,4609.823316659775,3682.260034274719
4024.6191882049493,2544.3140885934336,2409.169598705678
3069.4718605976373,1831.2172797676717,977.9745663265112
2755.2705791014805,1806.9847829272592,1054.3990691861552
1189.4369452536816,496.6207218082773,109.45726690311754
1404.6410912288784,360.76304350186666,52.75931921274491
1138.505333079373,247.63153289103525,194.45820693838075
599.0096498307406,113.14621726716689,171.35458538126812
175.15790862093485,0.0,371.758747743034
127.76392519927217,15.307341681439581,686.8403544349738
603.9430194281014,360.69444719126295,601.8080274987763
339.2450267607797,0.0,388.4425625097061
425.36106316466714,89.97008823734261,344.7057258875203
580.8716379032153,218.04693291212598,40.49210240300024
825.3897277030364,961.4288450124252,32.39020894609738
736.9549482831803,854.7604740601407,199.543976782642
783.1865788065132,678.0054518744073,74.89512183087649
686.6148738789527,909.0400383512141,117.4295910530088
809.4004334486857,508.56744339004047,185.48655196430832
919.7763252417843,446.67303053010096,245.3727679661081
1348.4306652089053,314.9957796826687,306.7441753037145
1445.7259024461143,443.1254014435874,625.5809081972976
2500.5041448284073,1754.166939577834,1056.8556407954914
1722.9110891027146,855.2056359338358,441.04338782392455
1422.4909838511317,510.1100821112558,212.15187434414648
1933.0491454033183,500.7820165609729,453.75801600719296
1943.36124734928,717.3288081086775,307.3299269609155
1956.9713893608778,872.4726707763726,322.77471459812244
1282.3363260934602,642.0976801520258,179.47264303657948
1540.6159789722296,614.8195704737477,139.34180236608813
1457.9385253096896,622.3116280768168,95.02369081990427
565.8565215103387,295.00672284211436,9.966646825463004
647.5238514909227,462.37169215095497,0.0
207.01086656591843,379.1130640523504,101.22554603203834
845.8543720900076,1367.9322110965413,282.72288381252685
469.6744419092739,1462.1263872642853,182.88784679636632
695.2734707975801,1333.0078961592892,310.0207213037672
1862.8949445037279,1870.9714290985253,438.8064207879516
2310.1513453828748,2327.390293300199,1913.348073612
4873.978682401382,3882.2158810577284,4041.539272940485
5376.1093826800015,4359.262851517585,3652.508557710623
7014.897334009478,5840.360373287269,3563.317144747205
7640.926390440994,8403.929203939342,3719.28467650034
8208.423748365345,7924.207373710086,3660.057345896087
7835.808738911548,7439.3261273990165,3749.2761211983952
9358.685086942764,9599.888790585423,6506.872193088882
9023.078743945138,10048.425144673165,6401.719916491843
9314.420018896224,8182.690773958858,7190.912240897716
10338.777396845311,9104.893586198186,8000.816383046581
9518.692201399095,10659.974503073614,8292.997400625749
10400.06256453032,10482.706614728484,7188.647932631789
10021.953739393764,9954.925466591392,7229.493844757022
7609.172811272465,8571.70909418589,7349.80243631094
8089.131184359729,6965.36383973849,6529.848389408294
8735.287516905155,9041.62453630728,7844.680440840324
7607.465794605829,7646.853990998181,6505.689660642538
6885.173791531855,7160.347689078376,5081.885778071631
6004.784382970072,6896.906803130543,7536.931135989681
6934.893329514934,8632.687984894152,6803.604855549444
8265.730439424608,9505.078023463784,7423.11080881823
8887.740244722228,10423.824707927672,9277.835020579494
8773.657830520417,9949.530523455544,8510.916976515497
9341.648737210679,10329.742736725595,9014.075931918707
9749.285789422807,9821.569427322156,9836.338211053917
11008.673893515008,10916.139550103773,10292.14983319583
12307.92822014565,11536.594570010135,11228.430800580238
11874.773915976572,11854.879957772939,9609.087736619858
12901.290566130418,12305.133160134097,10061.463857146802
13821.457345924237,13559.283115321297,9225.324447827225
14977.405034727373,15959.02265018493,12722.35239866696
18713.572727916668,18850.745726642668,12814.9780634999
16960.729169059236,17415.91615645544,14867.29308512336
16829.99701921365,17614.41536847058,14762.277068365149
17495.55431397234,17530.468971523034,14315.655712755202
18648.424713506844,17192.729060861944,13234.639235343047
18538.48626869995,16856.897220210365,11751.802868774994
18693.573244115458,17142.738024998464,11527.300024428812
16487.39495656968,16831.43393375513,10853.003031367354
15628.687407961459,15363.079939351446,11799.94194046655
14721.561031810306,14246.629334305886,11774.146737449537
13337.521835694712,12923.369973138502,10870.558700243038
12479.528847214095,12208.067609589758,8866.858919737984
12864.546158328547,11988.221491434002,8938.581906770894
13104.156399551743,12636.181495311483,9514.415759814125
10345.814089823567,10018.731458202308,6920.390371860952
9657.17432511976,7640.2976952706895,6351.57642869919
8683.061012941856,6603.676494528821,5584.8643170539135
5919.989801326017,4470.911652064914,3235.350944119206
4929.855849671852,3924.334490301097,1998.3190431497248
4986.534747424019,4444.686822054643,2990.5672339209286
4122.689609583789,4257.969923880538,2591.492591171009
5947.530620339876,5623.33939172799,2853.115745638417
6997.609233562921,6745.012852741149,3047.3682078861066
6766.3393325494035,5479.790099133595,3552.1653276280745
5834.535839280914,5033.880403222181,3783.821966851287
10325.892767940199,11405.410783057676,7916.780056923702
9478.444899144062,10173.369029708365,7325.386442984994
8239.428180463492,8565.889197249084,5757.761510656314
6705.139747795858,6005.068247900901,5091.348689289091
7989.675001686497,6874.288289151791,5263.426249237353
5470.178514786941,5069.170649892585,3291.10745489776
3407.4469166651966,2213.994063746874,1427.1251269805512
1500.4922709668226,365.28387283220826,80.69250260671613
365.58335805876635,11.23855877709812,87.37451763443988
45.849342549998376,0.0,0.0
0.0,0.0,0.0
0.0,0.0,17.047107521789783
0.0,0.0,22.62996810748381
0.0,0.0,0.0
0.0,0.0,94.94149362847809
0.0,0.0,172.5225588200707
0.0,0.0,49.51350641205482
52.034851310212346,0.0,134.02051968563134
176.00882834574816,0.0,0.0
758.9841334172237,100.58361095504691,215.1766364074616
3559.383287598279,2065.3122491688987,2422.141646383485
6266.869612394149,4705.920165048919,3888.259029856998
6799.9808432377195,4893.268706120129,4297.073016293091
7654.9577994301035,7601.019262316185,5457.340196272105
6641.292918574789,6220.65511331833,4961.830360363135
5037.21181783131,4419.085455388561,3443.554827920276
4613.325673418274,4229.466087478107,3855.603035972217
3901.2091452525665,2452.5494307870076,2618.261940886064
3097.485957931487,1985.4855142357499,1784.0496195921748
2388.2202152858595,1670.6150104941728,1290.585828771954
2019.4525726822617,1078.1752663022119,458.3684716215478
882.7281555153606,221.70167845076924,52.45540518921996
322.1171392471633,390.871787642032,49.49792001022237
488.910018920416,369.32235114405603,21.673870477791965
160.85558492406457,294.68444885059307,20.70528583641243
88.30293119792778,159.69744037082353,113.9372199886316
168.83415664677744,179.82773289937882,172.7868050203991
131.56521340767787,3.3611838900566795,138.26207352332085
122.39569942391842,0.0,66.96974119452648
124.5431862376503,0.0,0.0
24.022099481100383,0.0,0.0
159.77432673787817,0.0,191.84675340862407
252.1226278208531,94.24439772013268,150.16213109527544
319.8888756427339,97.2844528431904,193.1572576582477
878.2759141682313,220.04302657546435,218.51365112072136
1154.5837122470464,155.65230436931057,722.2079866554127
1558.5934302498042,811.5010939923951,996.9602220171917
1905.6080467990455,1159.575096323413,818.941685239922
1152.8339827478542,114.43717615741251,129.98404017930108
658.0281337189878,66.12584121446415,33.86870501922101
1294.9814462963711,358.6104238516857,164.11237143193418
1232.6527998010554,131.71098902078995,126.13478565318611
1541.6348613727882,445.5694685385363,0.0
989.345367736285,175.35915569744412,29.018905396566005
1039.500444305852,170.16004155935735,61.05124363607405
668.1148684657622,0.0,0.0
11.825968365629471,0.0,0.0
0.0,0.0,0.0
0.0,0.0,0.0
0.0,0.0,0.0
0.0,0.0,0.0
0.0,0.0,0.0
0.0,0.0,0.0
0.0,0.0,0.0
0.0,0.0,0.0
0.0,0.0,76.78716492551119
17.377433640375497,0.0,2.679672322060676
241.09017629558696,23.48278517951129,0.0
1818.831501133039,1297.3326349800823,624.9040564289834
4881.740240449473,5182.357133687204,3742.883789695055
7267.252699453604,7022.344100048793,5780.610568085966
10851.102183191155,10863.020523745574,6593.405543658899
8482.78621970048,7150.860673959084,5667.268206448245
7326.512871157782,7467.515677263552,5147.286366296671
7284.955398186186,7260.438699348912,4916.309867051291
6379.8231322335105,5653.6530770248555,4234.1639576408825
4484.804954854896,3978.3629583427482,3094.307832049039
4068.317904765145,3279.026609904389,2004.3477458491045
3220.779844944097,1444.1000890353962,945.3247582833902
1333.165900644748,343.09158872012915,250.9941128436365
324.5037673011817,0.0,75.20205136797374
184.77537675045843,75.26501267431864,256.83353243703345
135.81521860046337,275.43256570083133,473.3664971953372
237.8224984710958,573.0526559169679,521.7786542666795
415.58373124788505,1177.0644522346795,407.6044524385327
1003.8296404054892,2042.3612939362822,1207.807469753274
1637.6201260926696,2748.6766991255995,3946.296027308083
2332.3838574852048,2951.7768425784407,3566.159019695152
2014.409076904146,3016.0209517491303,2625.9293811869884
1845.4416827203195,3834.656821976658,2955.7012992924515
2115.7462371293636,3433.4314146418783,2447.8370523766444
3340.6273716639917,5228.166833243741,2624.940762051361
4995.7388180170055,5671.282194945862,2892.261465392137
6628.4726790389905,9846.962420359469,4357.146209431106
5068.192695242658,7535.614536336918,3684.390309173864
3969.34103566185,5622.141445653336,2577.6927907167938
5489.8490006857955,6669.99985574245,4056.954444438296
9035.477243655445,10744.662886318374,8017.233113767025
11087.39345141247,10983.125083588902,10376.474322561986
12311.011396533844,13158.476604813508,10051.97822229398
11007.427484496491,13215.06125962498,11295.993313783976
10330.028279529677,12773.18265693622,10458.510855826842
13511.398215390647,15536.373808975108,12537.832755251213
15973.616995631499,16830.874970124674,15102.895783777993
15664.854018846318,17348.2005651601,13747.283253571415
17130.185316576943,17741.507150218506,15919.328693124282
16983.943528894255,18142.04320942324,16832.78469458012
18012.3189322115,18476.47136409448,16148.22723644262
17699.5532982149,18819.595019838933,15716.385860605404
17708.120370372948,18238.576964230608,14917.410458672544
18002.812969617025,18616.57941440952,14105.117406563742
18030.861447966072,18728.989434506504,12206.447870130023
18321.250043087508,18757.47610641163,13674.691834698271
18728.788915281024,18560.217858706346,12919.717062457332
17531.647843505096,18031.030610269278,13804.876969464944
17601.094033616457,18200.436385066907,14185.172915723371
17782.71921311917,18075.875836281943,14657.696863177416
17903.317751772578,17354.33158707542,14786.421453984589
17836.009287667766,17584.991012121012,13930.587428386125
16572.876054041382,16886.397858926386,13603.821832893624
11635.641011179612,12040.986873259537,8200.917749712551
11953.602652286878,12997.841036539121,9822.0944296461
13326.567230038629,13904.342460224094,10194.841361512948
13958.569670490555,14512.949518829711,10167.583479304883
13554.464910895544,15316.316959138512,10596.096907974148
12464.720809932369,13557.057557484897,9871.664072727495
8922.881293765979,9549.308524308863,7266.4335285348625
7130.944054622401,7289.7370229668495,6531.380852449025
3295.8984999393015,2714.5673051679505,1556.7253688946469
889.9826966510975,555.4724679993376,855.2554007571101
0.0,0.0,21.015323000910588
0.0,0.0,0.0
0.0,0.0,15.936447784099029
140.6972275931358,102.11617974038732,301.41146132623305
0.0,0.0,0.0
25.89338489428266,0.0,0.0
0.0,0.0,0.0
8.263721276181382,0.0,10.3827142662375
38.83352236762093,0.0,0.0
234.07938002678378,0.0,1.985633480338297
801.7505188021806,63.699728679035914,0.0
1107.8935733806125,353.855915603417,1.532564635621263
1254.7342668837207,357.2356867098662,26.019509925871272
1164.1852017058177,415.9362409509302,155.5975075849495
1539.0252507799428,249.593006797286,71.8831882783864
1038.179376710563,226.44332872227926,36.25712916927469
1371.2788163556188,272.4020469752596,0.0
1373.5417516581756,255.64956971762666,42.59549662474886
1587.6971550697372,412.87852380799325,69.51778538088504
1637.958253219152,684.7028022558807,0.0
2494.5260532148286,1197.2118212521684,174.4865901556361
3062.978535768121,1715.9343275150495,215.9290584811125
1787.899288185856,1693.2153191079358,477.0165038246652
4169.615687415813,5322.245673764428,1567.7474737046862
4629.919034000476,6632.649135359412,3522.9049627227414
5049.612354935711,6331.4140731429825,4028.340541273406
4656.4595980744625,5230.323984210184,5469.241743086851
3690.110167897819,4908.217136753704,3585.0026145232464
3328.7688591885862,2218.3071136617127,1983.320471024712
2371.858457270281,1870.9741829625211,168.99517759042635
3027.645326183377,2342.3816640898367,1714.6602711604903
5059.716331821167,7964.103849065999,3012.1787134020137
6641.23516216468,7917.689813276327,3551.130920989271
8887.499093528571,10873.128069453516,4365.829006276373
10735.270515902737,12490.498799190926,7893.974166879543
12766.68227519553,14889.64208094233,12200.031043155615
14124.940203102753,15239.108460340003,13318.538916808257
15921.421587614526,15762.509746497908,13467.745257930455
15713.43756402964,15704.846112037196,12551.012301083689
15634.147135845793,16777.859944120428,13161.366951661032
17472.6086918159,17989.139146137724,15165.105738653883
17905.808865248135,18296.450180510998,16287.491311595642
17849.71094338899,18859.676843447047,16980.67034459196
16766.40418200477,18394.24755006327,14064.120157893612
16035.461687176146,17632.057510273018,14130.058912907074
16865.710419498173,17383.41150833028,13884.09576666446
17734.60222699258,17781.80772182342,15293.451851588596
17033.735992016846,17473.057133320428,15632.470342492075
14107.50353183249,15374.097658163046,14419.766861562124
14246.546681715647,14618.882145653419,14181.662860683802
12937.391577625765,14797.418977707022,13285.798684589774
12736.287942257311,15385.824959731319,13310.587235141214
13927.998359680123,15506.50379948384,13039.867937813924
14395.21723532223,15551.495280619922,13859.38476642101
14672.264830567045,15835.582685866444,13098.35471256586
14393.19485941625,16319.231833375152,13215.841120119992
16044.50748331103,17475.295524111563,14469.288539713025
17193.160516253567,17224.100019919424,13242.76956859726
17415.18891674711,17623.787633316697,13969.311086220105
17247.129094361357,18123.749401721903,14379.177316575591
16948.010680062078,17815.36571390865,14367.983128873331
16923.75162885372,18154.202426665335,14294.466870631031
17313.48508538676,17255.13426094333,16033.38974103414
16556.598446036158,16737.560680019313,16025.347686439502
16781.87337409812,17271.893906873996,15018.925978681658
16439.93196807189,17313.444179615064,15282.4998198789
16624.437456864278,18131.359204652632,15161.835781258096
17380.222499263302,18329.386574111464,15107.08441375902
16612.95856591227,18593.079517060687,13440.07000123097
15953.755468785168,17728.971407956087,15241.042231474392
14270.73828344253,15743.710192565477,13814.172729337071
14217.801075843192,15190.425357097356,13745.992484858789
13057.213812150294,14060.574721809455,13673.287304833517
9933.139284086888,9910.128969942078,10600.895756858195
9536.149733266066,8558.776764684419,9875.49247498828
9606.04693067111,9340.574819428684,9937.474817874894
10451.708738896838,10440.507845792208,11632.861121518528
10841.855996986544,11198.285086853892,10606.226711270878
10626.48884734046,11997.388556496528,11743.273459194292
8446.848467544629,8137.717625294554,8690.34444256854
5964.009060060598,7466.219517375215,6378.102736458111
7458.786892722462,8835.389549618936,6848.871020144406
12098.158714512932,16886.556230542836,13937.390625553937
15535.973224791478,18638.480232785114,15951.178100494062
15920.019828365479,18876.555413533566,15100.1489318098
16526.51150598558,18923.22221362474,16097.57847146416
14637.702339076579,15952.217208468499,12100.661381115306
15060.783015084404,16557.07325177069,12030.941940077182
16555.1696093228,17526.452265193722,13437.59683483849
17865.324852602233,17602.853061362046,15776.587752523084
18786.30723258179,18489.62237277926,13628.620917475228
17123.24811255277,18022.11233734493,16043.838348807656
17581.38661140811,18087.13733595295,14262.657374318307
17380.00513954865,17991.705491177116,14267.844342531827
16861.444310099658,18409.68636463048,14278.948660140702
17129.539613128232,17882.516348557438,14635.256371703385
16785.39663149231,16760.55049482976,14735.64632290784
14750.092085319278,16314.828974636896,14111.357501297922
14414.782523137103,15529.389116242633,14804.273921138883
14762.242619692228,15669.95288259813,14725.662072903076
14286.813374227802,14822.992828963002,14735.36538400592
13848.526833698037,14494.13568982269,14322.102985766409
13567.670097148339,14549.081088949737,14721.876625321926
13790.941372857276,15142.791816688641,14850.615403719945
14125.06721880605,15345.640396859775,14614.448036659333
13784.28778281833,13849.235354811251,13003.71143792632
12875.427155507552,11875.239298704006,11038.946989465603
14382.61132843394,14144.554316034115,13183.793449721128
16046.863956109635,16459.065399379815,14366.25375579793
16221.196451070668,16892.381852381368,14940.056728105064
16538.016527819866,16710.52733601479,15002.74874849394
16483.467803887026,15994.271904518951,13934.614250339422
16474.080165530788,15106.592798001824,13862.044018485749
16345.312498859988,16194.40872235429,15174.44039266488
13966.142128756963,14359.305577946156,12458.292269016438
11993.415809548085,12078.791360295587,9223.005489567677
10915.215199113236,12497.678050850398,9886.99122617217
9667.226420496843,10894.450440439796,7219.970748832886
6552.3340424274675,10371.03363064991,7438.045435501879
7088.719008695423,10534.03702200117,9971.185686520772
6232.029120551938,9183.100898887911,8122.542514301645
6175.269995716486,8456.861642698115,7143.082334737698
7899.851645403521,9689.673047728551,9666.810277737208
8718.846607357633,12496.088836537314,11925.729787306542
9006.80862395999,13819.548150423356,11355.804487745903
9946.626423723717,14086.127577878136,11701.330649124347
12441.732810772617,16806.066943858976,12977.1217429413
14713.25652316144,15972.09800514863,14253.217746906404
15731.315211651452,18262.098519684616,16329.544906579284
16282.270793720874,18161.901231838736,15465.84887962589
17104.954241884505,18451.680709081415,15231.21251221767
17412.913739836218,18390.133750401816,15042.388993018372
17186.82885241849,17710.487212555934,15430.469560152713
17617.08154650958,18697.1585989346,14968.665674022915
17711.263474403768,18713.681296130788,14062.007429255158
17030.944160087503,17877.9349669664,14843.034387105889
17292.231758473776,17443.864334870104,15465.958181627024
14538.042112951798,16890.45566246551,13928.22944647763
15089.523491100092,16038.66131812934,14371.228493322707
13946.109964843481,13093.140296866628,12526.57810273301
13051.681540744366,13211.856815757363,11352.459084415204
12909.919386638427,13936.687099391911,11492.488227389504
14018.704138814453,16365.60339339851,13687.3993972791
14489.50542437342,17505.26425503999,14374.72894782626
15681.599836699625,18071.5246490344,15234.724472000811
16125.592522457535,18190.98507199164,16809.670675041896
16891.581684191464,18175.9731949847,15340.717597839954
16306.038815567625,17717.40128733215,15520.925370044137
15717.276933367344,17945.254980595037,15306.5109539146
16430.20507532093,18222.7195901345,15084.073227590046
15623.978158276326,18229.06968098088,16610.76772620034
15801.310895041674,17627.698077971938,15184.632210844156
13724.595727656497,15409.78247970695,11874.985628980856
14067.67034902689,15279.241843292255,12322.344275218386
14461.81288038726,15399.842543373941,12568.682652783393
14793.839124980213,16921.03551240357,13345.809259366104
13146.78552385747,15058.691411613354,11532.841905053428
13116.60083784639,14539.103570301762,12048.977658960372
13384.424704654748,14288.075986067843,11020.761386905604
11559.671878075258,12802.59220099461,8116.2263851179505
9245.950265952732,10782.067306572462,7178.083296957513
6355.812635002774,7574.6570419129575,6440.551489181592
9468.64977665982,10607.543181635345,8725.374048427906
8676.130127059534,9758.898789531757,8650.576324899917
8986.57639456094,11415.042807399877,9692.627152180205
7644.945874735736,10656.805231945773,8407.511439143294
8303.132565912862,10635.713623256781,9279.31076419916
6807.047349740623,10421.332093501625,7659.582489674737
11122.868449060887,14514.896891046794,12147.530758415323
12702.797482502456,15115.563748915923,13949.648932196127
14485.66614626517,15847.31974248451,11709.101163062982
16141.078819569053,17343.22012170941,13892.985968032675
11683.881044480655,15209.592587771771,13416.658619622376
11464.783496130678,14123.727512163126,11766.710778283485
12383.921802885196,16188.10520345015,12970.185119012394
13980.10647444284,15613.889044566266,14044.9737170879
15195.1751144958,16727.954863892086,14442.31757705457
15394.94016763971,16403.61504343455,14186.322047500733
15075.830438601808,16831.737779038056,14343.001609300323
14171.339687275216,14316.046433962427,14547.085678495409
14146.006223417102,13615.920029899851,13857.5058446167
13739.682904658659,12198.732302386292,13115.731335855826
7114.884363780713,8543.052816565492,4289.968465205187
6715.38628083679,8463.707943569521,4126.822305272075
7189.603674468746,8165.705107512738,4330.009201144506
8069.555873149446,8722.451581808706,5276.124210791939
7806.545234791016,7988.66822483605,6929.167198330974
8835.041501961598,8804.253967095021,8146.338678708912
7946.8263957171475,8682.514316006993,7582.554807026773
6944.736366181631,8362.212729630937,6612.499619848697
6849.4069281042075,7796.4100250560095,7075.927228729237
7052.875134940005,8202.792027980024,7075.582306974628
6220.194926216841,8994.787040914858,6372.039829829794
7495.246819874694,9003.926765494962,6602.8133883863065
7786.834825381286,10397.354415524936,8394.43282906227
8133.683340643661,9330.593439440023,7951.5395954585265
5566.327203794527,6687.341800804763,5384.833590192777
7874.9697814237625,10940.057360775696,7524.950404721036
7259.917114490985,9981.42460904225,7811.512862422073
6568.926605751336,7128.823078446318,5538.400694727815
7494.979898749304,7198.056003498128,7141.833169236212
7394.121133530162,9225.344186051001,5504.851162446038
8863.610953127934,11550.670940560736,8073.622914965159
10402.080427358816,11652.19077865695,7361.583148385014
9058.673183364548,10737.955737410844,7140.971774949186
6966.858098847372,8562.822836101386,6287.293666348926
3861.041140761999,3770.531874703225,2051.519986653507
4073.2798812809006,6077.768779379953,3676.721725455502
3511.4410325759195,5498.762061724371,2734.3391735962614
3852.146034740459,2654.1749293176035,2371.564150372733
4045.6882027917695,3062.0652539917614,4070.6319754581614
3531.6752783789366,2877.689217331898,3266.8384267527344
2121.7030963055226,1043.01198694991,2417.383165110716
1746.0956641964483,507.40211477976817,1538.355382007558
891.7797043815999,604.1070352251613,1244.267407400869
509.6294298076643,154.25646672693324,418.0627712040886
0.0,405.4298752765246,250.4025797583724
166.3005106697695,27.57424280907057,275.2777066139485
619.0715519801614,608.814213434332,517.0903129824806
691.3435116397366,486.13356699189325,272.50384531182493
348.0747243790573,652.3283552654519,571.1867557875037
34.44579362840666,12.459421650788386,415.0322092373179
562.3567394140881,247.4063825077451,563.2898941364281
706.7642677555888,445.4490958266585,461.9590209635968
472.1164932688423,433.7680576662905,342.19854979596136
580.1669098090259,442.2630307787565,410.5025547013991
906.2421492836459,336.5739831556608,96.99934350841669
854.0284159725538,100.57904210450164,114.44788001482227
924.2858065386831,54.956868439022685,94.00934344654851
934.536886412294,364.16039171672685,284.44517657355726
2366.0575479862837,1047.333933378954,1125.2510682819443
1582.5270353365026,957.5772969020418,936.2359769631976
2142.98352135815,754.074462913719,1133.4828308114145
2567.631111585837,1056.663766801574,1265.615768716879
1707.6702113572064,295.7871967868435,378.59213126804
1017.6661827169096,181.89141942211972,159.63084809164644
1017.8557501027144,142.27997929032716,26.62582547353388
918.5650285939712,21.963762417538675,0.0
225.27697242894163,0.0,0.0
0.0,25.023246774947296,14.96880711581178
0.0,41.44936208996701,86.10000704273418
0.0,19.340380755170273,45.2451218574515
0.0,0.0,10.1340798418106
0.0,20.139271116743217,15.67265440064727
0.0,0.0,43.59820757987851
103.24796898552754,0.0,304.943643612935
0.0,0.0,209.01605579104336
961.5112286589273,503.9579600458996,389.763843450761
568.4299650730813,491.8152863841725,245.21972011075107
842.8621214584032,744.0921886387858,220.46230355641
1518.8575979343955,891.927451316354,745.8823084750846
2837.0268836620767,1994.8833574546238,1066.4783728454297
3291.298158658342,2048.559663797431,1381.4206629133648
2996.3136122343312,2104.723401692033,1118.9119847909133
3434.019423947773,2461.8893523178363,1697.2231946951526
3504.734701824372,2152.539833145991,1935.8625502323987
3469.2551364667866,2181.7090787570155,1552.6984652493163
2632.109334485677,1001.3847608717334,751.2024886809011
1773.2520989288705,251.27363057549354,189.01861444332377
1166.7337957881182,283.8000125238721,160.4747129863679
1123.454059765306,181.53116101240636,25.39513895662788
695.5602578727388,0.0,95.08031901286576
0.0,0.0,24.760947389098508
83.96440619445026,13.375660862971372,25.44318387178142
0.0,0.0,63.83008931787887
0.0,18.8932610333581,40.82124446521858
0.0,81.12622269613458,76.02173538175299
0.0,0.0,98.85477751806448
0.0,0.0,135.2899149723501
0.0,0.0,185.4709785518677
0.0,0.0,110.98545831200904
10.784150515187108,0.0,133.70467346966015
188.60844943302072,0.0,36.224112189388805
336.69379731549463,136.87987067791974,79.37649138608413
753.7938093679556,309.2988928848124,16.252852509094797
879.7764083128361,347.90178434530117,97.82251793695757
1005.7446370420391,326.84170076648513,57.6262005469176
1025.2052375260064,595.7427118133286,137.9509903076738
1218.8910953756344,231.58243997774716,92.68408509776536
500.9234830949621,0.0,47.07915772355797
867.1018004344506,0.0,0.0
935.1494163679638,93.75010046915925,84.11109218623875
937.6211737591105,156.51056936884248,12.720253960182312
780.6130053591787,310.33124404446994,0.0
1168.0374815786354,291.59806791420334,23.56490774543516
832.8423204461251,312.0885035052603,11.690911357673269
626.5931527509242,491.7206304301774,0.0
419.5910660030356,394.13539054805983,12.19036906520205
221.91569403182922,390.7531526991784,65.35393170430865
247.46247249728498,483.78446653269737,156.9539420163166
162.85367260311318,361.0124162967518,0.0
0.0,43.700873092987266,7.050913313006268
0.0,23.67081120318045,38.49141249657092
0.0,39.038647177330944,0.0
0.0,34.9401570467962,62.33992048641931
252.22323138276033,100.20202974632531,126.99088399695444
525.6882712843321,305.8057988001192,0.0
981.975596214624,544.3213562619699,27.95382573168
1208.445211130584,492.06572390024235,0.0
1129.6248061888634,279.8882935884082,0.0
1237.681347524347,235.31497884295538,4.522296157819643
1369.584229913981,389.5854774255102,0.0
1669.9570482620204,622.7449838257554,217.21521894606485
1192.9067341415816,466.73078855424956,94.64277243543202
1327.736483766379,551.4849244613754,165.00495297873184
1422.6743667859787,337.7616575544474,246.28122252100383
1679.861114389288,837.1785331424641,256.8145630551428
2082.8236617334182,1064.664186098359,318.34195854772287
3188.341940991159,2204.893668839556,814.0060979437415
2870.400782580391,1901.773407005373,760.8893457816231
2067.4316241347096,2154.9246536024075,615.6864168332846
1723.3050960674245,1313.8818758146065,627.9721085650048
1506.6186311467554,1488.3060247190901,1058.05564088525
1478.3471907763048,1507.417128079077,1259.6767319950577
1438.3360353693265,1378.7991795373828,899.3676991822102
948.7407450432028,1275.67605113763,807.9594032329555
1073.2794297948358,1365.9890482746325,605.7006711274722
1091.7696900992137,1458.986835929578,421.373096801555
1090.241284006738,1067.4855283806132,302.73389033113654
888.9885574276024,710.9534700541592,139.9309147725903
1231.1606564727351,1366.9833932055087,103.82385663277886
1290.5255674378093,1030.829396267207,249.60754636723144
1857.5673599000434,1335.6375565819476,56.3164652114759
1986.6390719066062,1305.7618696774018,544.5818257279687
2044.2867489670414,1372.1004393080248,403.81924321177576
1712.797219123787,1123.390161291893,262.7656941680702
2052.104294873284,856.6736994263142,50.9731590894391
1419.6486742397415,604.0134671424534,5.4110389674910016
1608.4164825534626,621.8643990775562,116.34780292602343
1608.861956311458,717.7356940293125,105.7251374075821
1674.4453331124564,960.9221785674237,0.0
1735.3393648088856,1315.8001305910893,58.23687158929378
2040.6854112226865,1371.8674800726903,216.84864679074903
1878.122284545201,1304.8043469816466,376.6006555400824
1256.7838216970642,1041.6897050876878,396.93697673788336
742.3163167342643,670.5452216387072,126.03181980900156
594.5297700252457,634.5786635067832,272.9142881628346
358.9937324668364,503.6053952298232,169.05905604305696
221.1518611702965,313.8867011856957,120.990376196245
225.28326018164796,430.53265387220637,0.0
69.92702453064388,45.13198675632603,97.74093821635368
219.8923637125568,188.26339051441022,95.96623078460992
38.52763994301205,0.0,106.55114936105436
78.138960118975,7.741412469252651,0.0
300.3238388352021,177.58907176173682,0.0
628.6531565482906,257.2360252061397,0.0
1596.2039162017127,348.7757434182681,36.506397860906524
1321.487804389036,350.49750150796547,41.20437976606559
912.0221115013422,0.0,126.57386782410072
1135.4038213874042,380.9902010663804,119.96555306795416
1165.861314008511,30.698780492092105,7.276118012440007
546.0932476131189,0.0,0.0
828.768588379595,0.0,38.663726498863866
957.8643728763841,58.328734013007775,42.85050250533634
1262.4256912047094,141.06571265434346,43.90561642535841
949.36820457453,189.78848874466308,45.84334861411095
1203.3542955996109,210.65737106707775,70.91834953912608
980.0164658796405,0.9425535059380366,55.32057794025727
393.3239328768622,54.14804380206073,68.74254098547738
89.22048985730409,0.0,123.09918069340708
0.0,33.2771508409449,180.1632501134896
0.0,179.37697218140022,166.56114826854693
26.186563107288165,234.4124633740139,104.00746558590944
0.0,193.29565492016172,65.57697048986527
361.5011044302965,621.7298816030943,392.5133403907702
2257.044446230209,4270.979418683248,1658.111226686687
3083.5676867673233,5425.185916742602,3536.4814940190727
4503.002293212135,7666.907655637211,4194.715469264186
5704.609945218783,9524.814505749115,5548.023729445194
7884.111110445028,10991.188631180654,8528.90000978656
10777.39619744834,13680.83725503288,9597.911335392024
10547.133204861007,13406.229476605438,9989.30064090741
9045.788619551075,11360.65988194718,8509.871320491098
8619.129803402511,11205.400863807212,6906.647991213
9258.44463563415,11121.344742797164,9468.841079856682
12090.489898920518,14097.369576051078,9611.130455414375
13439.64897241852,14952.234534634612,11570.060440994092
14023.11313453217,14502.327365291585,10822.831646915238
15117.681767532264,15164.830676268017,12991.637259798656
12658.388821902521,13698.908971360222,11785.752554154227
12142.63079483995,14142.630035465769,10230.873312505002
11471.348837838268,13329.929952274377,9986.641692529272
13518.637269028066,14183.339890373241,12176.266550449694
15504.365762198191,16573.020658606783,15102.755211080905
13875.982004882435,14528.2053330721,13000.496585960684
12754.292196330744,14298.202161099392,12545.64892189517
15720.026550852688,16484.350022066606,14208.09460961866
13044.960005363562,15361.701659378097,13620.762308147623
13605.116904460876,15913.149797206552,13861.195126321782
15434.099418374746,18153.912799590988,15264.81754487059
14478.176888855447,16938.991715306256,14580.395489833883
12624.062806128359,15396.071258389202,13809.15712844289
12061.70971637146,14959.368372184426,13719.801723010549
11151.58261371818,14292.755590980578,13774.385460078804
11590.274693558187,13489.648322512749,12556.76814449722
12142.129307877685,13513.634565521785,13666.913568891236
10077.24845520199,10810.957653995769,8261.463625477876
9273.844068589784,11843.274791914373,7005.979262654313
9903.556155377464,12151.858520746353,8767.22298069927
9721.64183657286,12560.396662500476,9872.016570048889
12041.485919349638,16001.7992997458,10881.46623741489
13735.13299095307,16006.272428751965,12718.763984117344
13674.998004708457,16508.427822641977,12868.953842245908
14183.036743451232,17151.260356650862,12771.143875629832
15042.238496871685,15700.297600030413,12218.125706293233
17133.555684002626,18179.816263714252,15803.910603085018
16092.7704343088,17124.859235443007,14866.958345510442
16210.336715810543,17380.67746325948,16049.227526855995
15160.323539444138,17075.972225914655,15528.88417982309
13929.657572039674,16762.977712179872,15173.820593336368
13434.89230080127,16061.93776707448,15244.851995090425
14075.162021247663,16373.39552792699,12973.49752943959
13015.489639797248,14787.965254548111,11846.02807927984
13653.372848005789,15588.181435647779,13223.680995444493
14323.72443459435,14894.973660505359,14871.153081331491
15311.705426354594,16767.04523250198,15037.084390545082
14956.80485745586,16105.880465568793,16197.51508885521
16326.57630406061,17965.214909597336,15686.173684134312
16562.742435777578,17830.42689109901,15285.353698071607
16292.961144446183,17392.383092792992,15535.347651945123
17079.234238549496,17536.370491751903,15437.944521957525
17476.166067452406,17733.52809064431,15651.840232796389
15577.31062964321,16909.781137270467,14755.762204103992
15229.84502548778,17028.86932306666,14966.097404727732
14907.29876420032,16387.184862472495,15009.02455218668
14885.922037702227,15524.884632932486,15805.610623807535
15049.3455882072,16853.55234182421,16213.886144192778
14945.752967880495,17616.887090060256,15062.711510837433
13594.370773253047,15687.627266552896,13238.4866109644
10244.987995067748,11707.95128738741,12832.157356917482
10482.541839751622,11224.051601237023,11283.380783401177
7731.816679578549,8647.111041975466,8050.921813789637
6453.911361335704,7798.108716701467,7709.997699552273
4700.754254291364,4701.9643946609585,5809.77790098108
4724.954777234966,4325.667036213497,5100.977518386499
4356.858932264926,4801.1606223092085,5692.852765787435
4832.664254320515,5642.722111687586,6016.757043527847
6696.33562543507,6657.780478365963,6247.943711304572
7507.250428842394,7058.372186949833,8428.33909312931
7053.579967451606,8632.861716425821,7233.836629260749
7079.287694140511,8086.018661010432,9253.69159382578
8601.763967919418,9288.61832104301,10195.92908635602
10324.41452428811,10196.751141667615,9689.384861162938
12964.744191920603,12603.74767114345,11800.47407720653
13147.396949414866,12782.774684292157,11671.661478551465
12888.514198863513,13085.636467378179,12067.279021610364
16295.214822125019,16778.68249804357,14441.298575651534
15864.955035404217,17051.196428154493,14014.59181896829
15481.531753105835,16238.403244666972,13834.153773203232
16230.696881808646,16474.87580612781,14356.978204718836
15837.337902861134,16825.690451555565,13127.564631003424
12570.015932372808,13421.30402159019,9487.35887713045
8992.793901582327,10017.611213546483,6881.977662677979
6914.564484870629,7272.204178238155,6054.958338246021
7289.267227126741,10253.232103203858,9042.832277522848
8044.670287149601,9940.629120363907,9885.872816865023
8937.198492932986,10280.626085300555,11417.426130639746
7815.989260137718,9230.535344479633,8895.228462219526
6174.136068978617,10045.96856173585,7278.62331099546
9280.664838168603,13718.43344090346,12409.052139215451
8053.607005197845,11673.99413636636,11336.606340424152
8537.379778632941,11523.625267132365,10914.212532976424
9715.743399642639,12376.312412793368,11855.026456979587
6084.194009961411,9371.077202730852,8014.378836691891
5580.71765546891,8726.69916482923,5483.289760598716
6308.3825865037825,8985.071025197349,6624.01794288627
8372.32688877702,11664.118070006545,8546.350083815396
13164.670069145901,16171.782116251987,11799.93402713967
14728.816649074359,17528.78841088155,12690.006103921412
15411.239148928575,18287.20618247947,15342.063238110162
17669.751985351573,19328.675512877566,16826.77123066837
16922.58753563986,19221.899537648467,16873.757457360276
16825.41792803446,19355.187080098272,18102.78808437532
18328.99625653,19514.453529318198,17950.64871693549
18790.853645892872,19288.10954360376,18220.179340082297
18118.267511439302,18930.818945238876,18119.711178204667
19062.613770450273,18774.46992338644,18077.685813647306
18583.085713538323,18392.549228060354,16397.19316036346
17747.8466815501,18019.66422749799,15615.316329943094
17884.913543874798,18638.16647406938,15685.01010680587
16702.326379658916,18191.244174618205,15777.030388282095
16971.41997110665,18289.740417182988,15089.524333430536
16067.313651463162,18162.137145173678,14673.400375180749
15794.023073274662,17806.545014664032,14331.427659299256
16351.80690022179,17315.1242205691,14254.426981846282
16001.594720580953,17191.116031708036,13323.40160012815
14760.398662846272,16103.30877836687,14071.260721360675
15047.586854719635,16198.746122836812,14909.387425642954
14756.485425376466,16346.919314400451,15108.80450213098
15278.29640571647,16658.695786812197,16020.11123936299
15329.164078417762,16520.244700127558,16924.90741778136
15300.55827836371,16386.060367154594,16854.519395923387
15400.434542327459,16242.0525167483,17032.793978249138
15003.069050395015,16008.859473423316,16773.263039345697
15541.404110531672,18031.171496263934,17101.017889505376
15122.612615663164,17975.981630355636,17631.89941317069
15111.602200499794,16878.507246684418,16394.643378987483
15058.988764004776,17237.76088773527,16242.69959395252
14869.125995367534,17415.908972912566,16150.706097290038
14679.07384990835,17555.696124727005,15508.947861305089
15082.62791857023,17676.12027386385,15085.034553936532
14354.687596001084,16806.37091756133,13907.085375247732
12530.26125742873,15462.916091162937,13475.713781665752
12144.859692213406,14687.116200451688,13874.682228299976
12168.993129231043,14274.04643839985,14470.14254782232
13705.163412010334,14551.40463810825,14738.712140035132
12339.228040012198,13405.059982250954,14306.730797145025
10221.948822935483,13535.258818071448,12787.887677476228
9558.886803377427,11934.678462834343,10228.02899937097
8732.299644855164,11550.73018669365,10098.471804913312
8918.887920499985,11360.014511168301,9808.171126207631
8232.380601353907,10346.594013954154,9724.394758268489
8091.161985478326,10682.50270018771,9402.169297037197
8825.454688714133,11432.364309503086,8367.586539944728
10072.936451739757,11708.086679384309,8461.90558673962
12001.54234412111,14899.480046402288,11788.56168720279
11376.96235253757,14681.58488111937,13474.668444969988
13496.76193581667,15997.860507094316,13852.13156146839
15596.078292513663,19049.054015975737,16439.80755704735
15477.643101752525,19063.902952145807,17258.985162655088
16249.48584994733,18697.303321314917,16766.2598540178
16556.026730200294,18186.36687654173,16022.893359606294
17050.659094376537,18542.50858389837,15968.598160394396
16686.5727759318,17905.669900605055,16293.03846221201
15405.246470683649,17613.82576231289,15528.585790397015
14757.693120023936,17508.240362638237,15070.054277280018
14585.344687304254,17882.38455530046,16002.9284168372
14350.761047686592,17545.064507764157,15805.914482497226
16143.619286959578,18419.252122500326,12042.620707785463
15938.752612416049,18443.60766574044,11180.810964731776
14546.127684387606,18240.062591804493,14713.889144381126
15489.877342127293,18556.87182616314,14974.154702896116
15434.16958433155,18128.151342616322,16245.844624804922
13675.300933879309,17488.262967021074,15763.19575020429
15105.711565363283,17917.03323677888,15247.03330209194
15217.282079679826,17868.810949776434,16032.838348932935
15158.194636067601,17735.15868815834,15621.516081309812
15477.101381364506,17773.14213261549,15956.714293539517
16364.933679041109,17867.18105274286,16192.2652169657
14829.080566357774,17191.854864877587,17449.966458020175
14586.975522627821,17253.238613435242,17171.418816689995
15437.30460506597,17028.150251289506,15694.304429637465
13721.734875507293,14050.553277921821,14046.115994283387
10695.614024833609,11553.073065126413,10283.272158887205
13942.948570142878,15103.212835754584,12907.76284331772
14371.337899512098,16033.954574611833,13190.75297199793
11636.432259962627,13370.658397810303,8285.316317164858
11473.74232926425,13779.566334509736,10084.291535094791
12345.464791250197,13687.95819072479,10074.32481703005
10187.834881308752,13629.826482267801,10908.766415722892
9758.054237480132,14006.58109448356,7925.918668316309
7162.384795287421,9358.915011678513,6730.431716591807
5896.1890956468515,7806.952861033415,7653.699425738291
7734.26532347102,9086.11079438593,9876.31379466382
8860.04726678128,8881.97149711309,8856.222187507678
9290.372645990612,9363.779282860763,9130.737949859693
9009.500249988858,9629.893190607403,10323.571504607164
7574.794466437008,8225.847080733805,8855.717995206933
7347.49903655966,7007.304155697739,7790.795711844098
6349.226488668282,7960.757047663074,7250.770447679385
8159.016870608115,10729.551225943622,9095.981879952138
10504.629845514999,12353.94552232554,10033.768760374316
12424.68781199156,14554.605806135018,11744.520567462903
13611.127033610861,14650.906503980103,10321.249315747007
13542.99870215189,13882.259301350705,11351.405854824694
14013.302412064848,14084.910294788391,12846.73372182906
15354.585034675976,15147.623581094083,13533.505747034182
14559.33131131967,15559.488988780417,14154.94286017232
14859.73085421219,15835.598734440098,14511.07130927148
13989.142532653426,15280.699224976963,13079.806233187106
14155.54883035921,15637.220483725252,12417.63917366579
12958.573363212132,14542.179771759838,9519.70634556754
10670.946645395514,12194.133220292262,7913.694457462673
9990.13509788398,10819.46700015248,7050.449981205712
6170.111294826618,6406.466043716731,4944.087838042288
3343.7135697431595,3310.561503475175,2494.4717185247623
2017.326162693529,1801.7640363061512,2141.31755308353
2129.6869644261014,2162.715125291852,1826.3505314203403
1350.86426466396,1456.6235313160062,1608.00183391119
1850.6607911042634,2318.189303166376,2123.0397047367
2003.321580525932,2701.161976351309,2213.437931036169
1930.2008274688214,2809.067891871742,2324.1561943714505
1865.6318438219466,1914.5277363057796,1840.756664588556
2060.5184392385036,1626.6738085477948,2238.3786073420583
2824.399545557003,2139.862426540307,1970.230035536906
2479.345337924542,1833.3588510665932,1633.9119863824371
2840.3715700671764,2680.8251775136428,1933.43973301664
6090.385336925344,5979.067145967733,4004.366110351252
6354.025105004573,5515.302182406405,4244.466875195294
7083.575076627967,7882.381426489305,4260.701165379363
9368.960127747261,9930.92155315145,6979.746062733066
9207.71057962755,9427.960514024497,6534.135651914351
7412.481582852418,8583.550463871186,5752.233249465644
6951.908958529111,7991.364548628718,5567.705405495383
5358.316666747499,4350.521012329499,4078.9286060269656
3943.369110922849,3522.647282670996,2617.214323096696
4295.022116368018,3425.344973941903,2278.081226215928
4016.719190746245,3579.403551848517,1483.7548274763449
3176.760231783682,3523.8820215911755,2993.6014885353343
1961.7875638766345,2626.150840747321,1501.5243988535933
1612.6442962703622,2991.2874994007593,1191.1661853105034
3598.06248653032,4953.4921705105635,4119.151948284012
3565.0595154365637,3570.5558637209215,4102.928643332784
3852.898273314907,3812.7027420993827,4189.299747574893
3612.928644234587,3584.811896311771,4180.364262783237
5143.162035385236,4251.612320620587,4593.467767034178
5410.067922627955,7208.371979165597,6588.76734886149
4012.1318488864754,7779.522743913445,5446.3713590779535
6098.349583255506,7563.3780039523435,5368.239497041379
7386.758608800634,10552.679520760381,8155.836587438786
8617.472698859148,9722.224825286254,8593.729364508425
9598.216487602918,14559.032989141007,9339.11874867646
9374.707563871885,12934.715093736426,6548.602688361108
9788.87624996032,14067.97668634222,7583.7446554934095
8026.838244150396,10204.055095376722,4815.088053843851
8570.463033886144,9795.998156341657,5248.271658362631
8109.018263645744,9434.67749947499,6070.823391571637
8683.147033161737,9493.677948453027,6059.407510533498
9099.773717315611,9983.699089641352,5851.385680042159
9473.949211041787,9908.39072545633,6646.793546356762
8629.569063453286,9896.053678048855,6087.665200045281
7322.405078874069,10201.986683924877,5592.6750017010845
5566.721882623912,9496.977303497766,7296.368400507955
6301.187682205117,10656.650532080545,8271.526316611722
6006.370699661663,11467.421301771847,9430.683797286423
5858.500450523496,10906.501428625277,9385.074611898695
6721.647963869033,11775.68506574647,10269.833563665865
6743.23361112654,11279.552153907862,9695.161456595051
6748.381950259606,10901.76976260705,10030.925115416978
6735.089453333747,11804.134086660011,10096.10696391764
6273.924881155505,9041.302082194112,8295.580947223245
5193.293974844563,6794.92635359344,7225.744397939947
6313.909318913412,8239.828605874809,7132.284256665156
7330.668375305361,7248.063869755656,5998.361932955084
7715.934693294281,8225.250952745759,6266.737786711339
10878.86460936787,10524.117771844674,7026.519275771067
11846.4324014292,12436.185447524043,9552.835491948
12043.660806023077,13678.218147046951,11528.17590497449
11236.278423214579,12314.549741713956,8980.333050600642
10504.901705538194,11662.1363806016,10654.50754262527
11298.989621455257,12010.937205545619,9356.45864900367
11454.553330370745,12856.579529546827,10258.97515201664
12144.466005766591,13263.753486150556,10363.729796844304
11193.997778226803,13511.048747505933,10933.733744666615
11286.46088295822,12787.880477567045,11257.26958084065
10506.465435430071,13181.424682447978,11497.187313750048
9220.595375421291,12546.479726175665,11405.163032733435
7899.665598700057,9202.310321546884,10156.17323076654
8926.168726243515,8779.302553014051,10338.628573855143
8890.820445778887,10427.89215970892,9400.531686590724
8437.341590746488,8792.800229564045,10000.5649058703
9365.413444661728,11378.757978575084,10485.926533485446
11583.294630347993,12639.680544914538,12885.525985446971
12283.33658203167,12941.75247916289,12979.053107491382
12146.388898079958,13592.48857971116,13354.783659229048
11780.419704549025,13144.892853844429,13320.506394664186
11201.383009487661,14074.868957912862,12444.30645612562
12550.351973236297,14947.189467972164,13323.285867698773
14286.765530819694,17543.438283135874,14905.515728505898
16372.873159353303,17907.838180791066,15171.141431990043
16473.619078795688,18619.458571407886,17004.667881694495
16651.59208686341,18928.89270254528,17032.13030710987
16991.97784515555,18935.328860850765,16831.618960182153
16466.49924041758,18682.489152499107,16396.74563726854
17932.437270176753,18427.012803140482,15999.680609878664
17842.368754445524,18694.398251525665,12280.507676740466
18274.28254091427,18761.838486179546,11289.904795175642
17575.826786389665,18729.992316741376,14367.76958901349
17242.295369296884,18687.70337006382,13885.72470606432
17725.746510265217,18400.13955041806,14001.887090077833
17344.67614743936,18047.700375012995,14502.088051921071
16584.358257778935,17906.883594376737,15081.23493519797
15328.143803633324,17603.107697142706,14309.233181823813
15434.931252535329,17848.44803743188,14870.236767638366
16134.092205017796,18149.32165893155,14782.07538567354
16315.350037362137,18082.566391601707,14305.073545392395
15948.18599940337,17946.306787335154,14235.366720647684
14898.558827089606,17600.692120613272,13920.159863724532
14903.13832949923,16632.714032116262,13981.601301348694
15189.416891429279,16542.04067458136,13445.827064517036
14969.3612505192,16458.604544523707,14765.73557808926
14685.198870368158,15931.049270349238,15237.958570938066
15109.99659645527,16009.67842761374,15498.96437839688
15555.118409965147,16593.208966887534,15064.713488591962
15627.356352857334,16530.71924017175,15618.079663933257
15569.51019842441,17379.34385572568,14315.331129632
15956.07791203586,16722.31263224311,15320.107609101064
15549.61562904632,16526.73134426466,14794.200442424892
15946.80435914718,16646.39511770708,14273.891056867978
15894.4213477565,16191.981129603182,13041.523836095032
15812.81285776732,16392.737527765545,12883.343807795703
15070.421677065719,16265.922697374088,13048.767942592458
15463.081960230482,16590.373598454225,12874.661899231092
14352.522604255835,15661.823747199318,13134.911190697982
13809.9579472346,15607.081682401096,14412.714174402776
13896.06516050703,16419.66541859719,14952.154507701143
13291.508293725054,16328.496875465047,14899.450607447903
13210.289716968891,15190.426347346805,14924.682296943516
12266.420871937737,14617.328143848628,13258.114263271123
11671.254280557227,14186.24536320497,12267.038441545626
12257.438035635947,13254.741582711522,11156.862847211914
11708.794424488904,12136.658992881485,10190.991778148356
11628.609438607213,12118.307648823056,10659.357057748266
12064.616572163626,11592.09193745214,11427.246623645737
7903.69709147142,7874.883032064291,8748.511118446762
8443.963316532543,9275.430831943746,8689.66435131836
11649.539936279167,11834.010803278992,10411.01562496787
14234.411876314662,16034.635340805424,12067.132933253775
15628.583289107526,17145.67437187115,12954.483925406812
15164.926151006228,16410.431824163716,12877.437179699262
16224.674171461407,17736.213575728772,13278.745489857938
15246.130215306564,16800.944374856343,12826.610037668584
14758.299613788287,15906.031762470851,12464.503711220506
15058.259256839821,16382.204373935503,12390.684519162163
15202.244427450803,16411.149114279975,12569.29165595362
13696.05741325966,14976.409394606499,11120.083800302828
10818.68074294665,12761.704686954063,10368.632707938226
9303.853649434413,11186.494587017263,8578.126928644564
6579.172141366472,7353.842523266805,5089.989857711875
3276.0854803174893,3066.153849348728,2508.5518013473634
1707.2342295700341,1434.6551144970983,1347.0076330897073
1864.7835599850632,1051.6363571149582,1511.8315081066232
2077.445167697768,1091.3392680327736,1361.094348888016
1927.2033010068953,1256.4065409738973,1616.1004556876956
2712.1285644666414,2141.4844165439495,2473.535442688396
3743.1590337537,2679.983352781799,3887.127861223008
4512.544047173461,3219.368841238391,5155.194086995251
4948.214816939222,3336.747598890705,5521.206490151797
6275.973094448586,5393.745552337314,6704.401427769067
8728.310948662636,9391.063900805178,8933.963997814863
12472.633174473414,13172.901162653357,12180.615695525285
14266.400023315913,15745.213518629394,15177.225233533843
15766.551568663212,16567.183727205025,15875.6293231841
16026.752828290037,17649.796874957377,16448.171988253165
16503.686295781692,18202.158952012436,15118.449701854406
15213.034345895254,16937.93259748426,14966.5438815066
14911.088575843121,16841.498918142704,14705.459556774656
14960.07757747745,17297.83961658289,15597.787177085018
15300.553763481415,16994.261611649887,16029.876230483273
14551.281755457681,16867.665248846097,15134.178519286612
14733.98193161851,15135.588567844088,11054.33985610612
10924.500405320294,11879.196307196238,10530.636627780725
11198.661872147637,11010.586973672163,9378.370530723356
9180.938069033364,8477.664341166223,8129.795699081703
5953.557425634927,7154.436799851208,6793.914665904585
5665.920310698922,5876.203522958312,7527.184316948033
6651.970732936185,7051.218250953879,7784.548420724337
5323.797748763004,5294.100131606539,5639.129953107466
5871.067548786437,5320.494283635343,5794.175386724687
5905.419875992886,5669.101418647978,5269.360409032836
6519.3319507743045,6844.938672306474,5868.290381164622
6135.380477391883,6222.169842977737,5748.701836761317
7567.6797325225025,7861.118525151314,7135.702477041067
10749.18324812562,10312.3748244973,8389.1966115017
12483.348086704376,11521.342230341865,8193.94991070354
14059.582457753912,13332.768675789093,9118.997995328074
15148.405109294466,14511.800264925612,9928.21516488997
14468.767071334783,15335.149469525331,10561.113281857854
15023.572283363963,15698.854972567839,11803.279111957474
14750.375766032557,16476.160604262295,12513.970577570182
15586.009426017219,16072.241972373717,11847.070592241053
14736.617786796885,14811.053742018865,12365.195188342846
14802.396124995375,14576.220451788862,12893.208364188573
11812.512717914144,12833.997808113696,10527.619825581003
12186.7826321898,11735.572700762057,9411.998592842565
8980.708662240366,10854.700835959116,7819.2997241387875
6781.770097703292,7480.0593904604175,6426.707792913587
5260.350281702972,5579.327103266205,4141.151421127327
3842.691968091609,3169.205794542695,3732.459309230956
2742.485459056333,2814.327808433563,2199.8481019297533
2276.7091710634395,2137.669025928602,1491.4541621851647
2744.2215178737492,3109.4344603223044,1865.2340004847256
2819.9763497454346,2738.1180027347887,1955.028765466334
3045.0946109773477,2105.372527755014,1874.7887467970188
2967.4919703691276,2296.6249529768265,2152.461816103385
2078.6239663707015,1556.9476229805541,1509.2554393931412
2226.7726470088605,1707.348615748758,1048.0798176032488
2532.760298571814,1741.7928410145817,1812.6810585995768
5174.07171180164,4394.3239379756815,2797.415754043934
6347.602917387538,6050.581490619159,3947.653900663406
7038.068169917305,8750.701661851388,4778.631820925689
8930.115718282692,10145.598951639753,6431.753060807269
12485.115193090236,12257.383799841215,9661.317679369276
12452.255607047637,14912.177636475068,10978.947127188512
13603.193636006454,15863.664405462248,11798.585427860568
12871.647165929078,15926.253101686938,11805.341736270875
13632.880187462615,16738.58815888906,12423.029479549225
12477.179287335566,15588.751365152079,11032.09603537446
10403.1297093444,12306.87991423061,7922.758871048192
7226.855456869852,10639.577352948227,6391.361267605644
5937.733114097572,7490.629511757286,5254.178898447248
4120.645304176118,5184.366857051918,2837.197381677898
2792.5750705292553,2627.738374386053,1838.05816958653
3322.546654417151,2998.496770500129,2263.379099598257
3483.8759022612894,3122.15023254121,2380.3302864028165
1713.064952067059,1612.263491664169,1530.131183810638
1301.6795505935215,1171.0519644643778,620.5608494736393
950.017575858107,858.4056222853835,1169.3796082530946
614.5076504542775,464.17398896475834,326.2278216486735
177.57747055381105,0.0,26.03977844429357
221.14523239737122,96.49419625620978,47.698322662086944
370.0478747022631,205.52340104146904,116.52570604589351
812.0452920982117,314.812647239277,0.0
694.6368735858865,96.96117146560289,71.91773346131062
1159.134361271327,224.64646545590466,33.44496418237988
1768.6763145958766,1040.7380778800432,254.79158232067732
3059.4608094946416,1975.1006163674153,510.9637512219441
2256.799107212302,1801.5407248117929,474.1116043293703
1997.104911224345,1121.5743920241985,237.13093379698776
1224.3551946396042,123.93753495529602,134.79941532129513
1519.3038616249673,369.55458918383096,131.10882440953876
1019.6257852698379,342.1441095397359,0.584658668905861
1274.2361453615129,454.23906621728827,90.34600199830145
921.4436903351873,1.0050069752807644,42.19046990296332
228.6247625625296,0.0,4.73868068756765
42.44292113705685,0.0,0.0
0.0,0.0,0.0
0.0,0.0,0.0
0.0,0.0,0.0
0.0,0.0,0.2513404994585002
0.0,0.0,0.0
0.0,0.0,0.0
0.0,0.0,76.93919021838555
0.0,0.0,65.59213679190802
141.58242086381932,0.0,20.035515445449416
371.7593369621985,93.91677121605667,0.0
871.6517020036479,338.34830925913843,0.0
1117.3553649320922,165.98791457555762,0.0
1018.6511171576637,199.19845251813325,0.0
844.4376865977808,383.71138638991454,0.0
1185.8266711257988,156.59552499228627,63.65311301278405
678.8659570404435,5.365334919657812,42.299116872657855
968.3824502906846,59.094364225446824,65.38368675690515
1029.4437799910063,0.0,37.17169930266424
978.5816970583278,34.39896275321525,17.0460654097464
730.9043324505574,98.17115031326844,19.280294219965764
1069.582967287606,138.99648556871117,28.64856115288169
773.5425937573343,22.881803257780376,7.341422260951369
0.0,0.0,29.99166791787228
148.3189824727123,0.0,25.326846583290763
34.35417228304517,0.0,0.0
49.45670253974622,8.17506458747286,0.0
1.6405705667127535,48.21376711312773,40.94791390960047
115.36733123205298,23.62081036620701,50.169142643780496
26.041779165878538,0.0,9.47691892054914
55.134950042898765,0.0,52.68831867050666
27.865851877224728,0.0,0.0
25.90325123579791,0.0,0.0
82.74171321472764,30.892292265970482,3.753287462774872
376.7477877043825,0.0,10.28709536813004
884.0790971362635,139.55580935196878,0.0
936.9295854902143,14.803699430377065,15.020451411154491
1103.9996515238665,235.96995587120847,0.0
1252.4318124760107,520.2290435361267,28.97467661970149
2761.776863583175,2016.7566288604153,406.8871285120202
2169.06353585699,1240.2837085592766,190.6428074175988
1861.911302275473,815.3601923178917,141.66735455577083
2109.990256414594,643.9091015982704,322.9217586621692
1549.204872359921,295.4259680816431,76.19993292795493
1164.3533790454433,441.0153679651462,43.16892507431106
1055.5053348101658,248.3601856978549,65.9250888186931
639.6684550103151,45.27006572716698,10.850937748913545
0.0,0.0,7.52766289860731
61.69694983880153,0.0,11.79969594677296
0.0,0.0,15.76163037900488
0.0,19.852296034830147,24.114887155575936
0.0,0.0,50.327577894103335
47.032062906105764,0.0,28.524786671103225
23.131749553613588,0.0,0.0
46.40024971673678,0.0,0.0
0.0,0.0,0.0
66.33514317875202,0.0,0.0
182.836725640182,0.0,42.85428609586055
488.7357592495671,43.43263792895005,11.672818970250647
914.7101533065234,182.22337749508185,39.20925828135353
847.6507085929773,0.0,0.0
1273.0926461087822,167.66994256303548,0.0
1658.5305924547188,620.3265604277467,0.0
3402.531858696459,3257.179446714768,1829.5351718434097
5001.508953560999,4482.766544890332,2496.229636581812
3947.92479339064,3167.1646197568552,2510.1914568299367
4933.356860844213,3843.271241672471,3261.840321684212
4950.617460401644,3452.8115157316197,2507.194667263592
3459.185367218807,2721.0129276939697,2248.2816939448785
2567.122851577828,1986.2044436300462,1271.3858124966143
2037.192140001888,971.8158668688191,629.29304849076
855.6415361349112,277.8663953732925,52.67621900434045
89.90773906859097,45.99906250396664,51.41137434871453
54.921796320781056,48.1611653597583,191.9909632641851
460.76989455439804,301.99363588040046,567.7241831595721
352.8396310329805,255.5208899211941,465.9757147159275
47.25930167937389,49.25002690286688,458.9070671263476
106.61710984331941,0.0,389.87183033514265
318.6060793378961,33.3947537228716,154.9182746467027
1088.4440300580084,664.2862864306124,1030.941081477635
2536.1365380996535,1479.630522863934,862.9270416603663
1849.1471958665913,1448.531426485312,836.4689056908666
3588.5603815699196,3298.496618970231,1972.3235012039268
5824.648079273826,4810.128206469626,2565.588088203232
6492.300893754205,5163.274961154821,2906.04161556652
7033.164741920256,5181.377684535426,3210.111252854701
7229.890345976678,5945.239997062849,4804.3936535345565
7991.469129196523,8653.375360667273,5736.210114138619
8344.706954194722,9680.736441585765,6509.090415310946
9829.117940561307,9566.901197299174,6978.817826068909
9943.5497690828,10174.549220075764,7405.022993802583
9372.967355601333,9731.559850040814,7285.612958851567
8938.65995163398,8729.845525849223,7728.377969456093
7968.732238241182,8649.544320544659,6127.043809370504
6330.26685238647,7129.012727853828,3927.587160254885
4260.759432213692,4858.633656505279,2404.195340300309
2958.169161275883,2802.1986858256605,2415.765648644429
2260.6941672269004,2266.051381168364,1976.2683063158568
2373.571262826091,2780.608016776105,1569.412579253794
1657.7540093751436,2502.7416186862474,1271.2974956739906
1197.6085251168988,971.0708334292743,959.8435076201106
849.2462107660119,570.7976978525534,350.3791818231844
1653.3269338447803,1812.0846925724406,1311.5122981314223
2175.7110125225386,2174.2841422932033,1295.2024485683949
1931.8972108813382,1708.8751203091228,799.4840912375367
2343.030459018172,4148.124573938871,1341.397627805488
1514.964789003041,1939.5580414440287,665.395879164773
1731.7590245364133,1549.9530919365113,763.6366575374954
1383.415363055372,787.9050702112355,576.51947175586
1466.621591602323,736.2621503157744,174.84537182525506
991.6125065227652,614.1065672957889,92.89733127977246
1878.315630892374,945.0946860338853,720.0827990579139
1493.1526375519575,981.6087193064052,1028.3029798474686
1302.7932699994944,849.1176012479825,615.6245470321053
1430.5242410786457,643.512862136684,173.79501694437465
1068.6746655855522,469.4544682712252,50.17937872392587
1307.6618275284416,584.7536329104773,440.1555108359444
1856.0466863114166,513.5984072793373,436.0996074410374
771.2936602095514,0.0,24.002629009927883
0.0,0.0,7.90883296193149
5.382305746536822,0.0,0.0
0.0,0.0,26.00623230962904
0.0,0.0,79.93696940879337
0.0,0.0,120.47611268170768
0.0,96.85844235433875,154.08075433115897
0.0,19.188260416633796,130.02372516526418
0.0,0.0,32.49756525517238
0.0,0.0,0.0
44.649558549420405,0.0,7.997191472697056
167.42806334612686,40.1402587278328,0.0
458.86992588956844,179.48387461089388,0.0
982.0881713709855,288.8004045881197,0.0
843.2270607270752,82.1558691226542,48.699761825062055
885.5109494077692,82.92831590092976,0.0
935.8223109719069,239.42071731305305,0.0
1034.93477430659,175.44489054534608,57.370739138092375
516.5158138276282,0.0,67.64178803271601
810.1223536731261,0.0,23.94164088341754
1002.8821076010983,0.0,4.5788731464387045
966.2470772272467,0.0,52.26182857477298
631.4676103474995,89.96495793960054,70.79666728894513
931.1333856826335,89.06780898015101,62.662102823819694
721.2259096283556,17.771684801708602,36.51170748191296
87.87645092172518,0.0,50.589416594702655
31.84977757435543,0.0,57.00931489600422
0.0,0.0,26.215147249648872
0.0,0.0,105.7493847065845
12.079004248582748,0.0,123.0818410557738
0.0,11.996515358618893,192.116834307786
0.8655548257534491,26.294015589303086,182.7947829153244
234.9664306654385,136.57291291370774,255.7184213385337
0.0,27.101906707827112,151.19614001848566
0.0,0.0,0.0
144.3418653926986,210.33349147888214,0.0
385.4949404455839,184.55873334607853,0.0
1178.8851544402323,530.2964464163665,0.0
1916.0788309752286,611.9958324236775,3.125659004083236
2185.563445595305,892.7290049625501,314.0456220403139
1978.1858369801093,806.0491228858544,121.18036751141145
1450.3874592749598,531.446497736538,0.0
731.2685569382571,151.03699091080426,128.85143086278376
963.6034462316186,269.2421713468121,66.19664139862803
1161.615810596831,51.65175166738082,121.98256449450784
1332.9386989761565,64.31960946358899,86.15417491668025
914.4829512922745,0.0,0.0
1113.867732285715,53.30458913876079,42.985091852291085
766.9880490459703,0.0,29.19148399925375
70.11493186213629,0.0,13.49400955913256
0.0,0.0,23.93391737695548
8.824215377745531,0.0,29.541448793988256
26.332273749625003,22.986284353804606,26.5958450043446
0.0,0.0,63.265372320167934
0.0,28.100645690218826,54.85807443446388
0.0,0.0,11.812594890638174
131.280120465687,111.82242761630675,254.47277758534813
0.0,0.0,26.9972474149595
0.0,8.915444938634266,12.334163662667368
31.79009772125618,71.70474413369196,38.217667957486064
283.1419786078216,24.701200042576993,5.361163957240361
751.5498191920776,191.12319221159643,0.0
961.1955364343047,125.64830181223971,0.0
1304.1332337304143,433.5347705164543,0.0
1323.0972506934586,366.90932533208326,0.0
1207.3956928934815,138.74072673051123,12.224071454703823
676.5182646155597,0.0,28.806493957427094
913.5893279167295,43.276287659114686,32.42799174790656
1028.6007263661488,0.0,243.5771372000019
1037.497873373161,42.95064304962115,201.5442054084741
780.0315370717423,115.93972569800266,72.61337238119789
1089.646755791803,261.48955523134106,54.00471939989789
667.8550112153014,112.01198585459997,31.98527737154227
0.0,156.1082236263248,31.242595343231766
113.30253838503577,237.79903483540107,0.0
0.0,221.5686595235906,84.58931331275244
0.0,213.26342479565562,90.14634227557524
13.558184511664052,14.57791023548927,22.658166849160587
0.0,24.4521343688384,9.77969231198221
0.0,0.0,25.589250244296142
0.0,44.48572144723454,68.2327921888376
0.0,292.4177859420485,0.0
51.27944736726815,177.65578666022913,6.538274010276024
268.2507665251029,208.660557337807,18.114939963072523
599.0663411867778,331.18467137586725,8.20338042719041
1312.3942767615079,583.4876233641575,95.32952864553572
1398.6275273180554,569.8767076273393,182.85308998029456
1291.9799218305166,342.62428628400403,123.4400216206804
1451.5989301413788,599.2625639868147,114.53368672291352
1558.4638781556614,259.43264927597613,66.30752286648368
1146.2746052986804,28.185081600126296,44.03209436806446
1172.5863225480123,60.76392033271249,19.813295953361187
1270.9445869098777,189.37727635033798,0.0
1454.588565393886,263.4264408711362,0.0
1141.1756170335243,237.56506247476193,13.750669388982976
1520.3575739967202,361.23018743738555,46.79765629269867
1063.1109483144664,14.913730481363245,100.8505294094206
136.33169867538425,0.0,45.35284365081255
150.0667665184208,0.0,67.9166164766607
0.0,0.0,37.85019804486674
0.0,49.72055181477033,15.263886603015033
0.0,0.0,66.19069718156484
0.0,0.0,122.4445800632717
77.28496619315362,0.0,114.01771545899784
130.91329473626894,0.0,2.4292189670496143
190.61260711660975,0.0,0.0
152.91169671984568,0.0,0.0
477.4097682951625,171.17320615264515,0.3125486807819007
990.9140482530684,440.5407753639562,51.660789930567525
1849.3183567272856,878.5272276553492,101.557975207383
1882.7244091452474,657.3139810640696,180.42165323930865
1785.00306218471,625.8267987878073,170.64443410702594
1761.3638468314348,757.0259043313284,160.38664059216498
1566.773352589434,525.7767385153059,151.610987598722
1016.1547631860765,98.55222619439135,133.17910714281422
1287.1968649328758,320.87100819408596,55.63832328430036
1439.4121595490992,434.2483583454058,0.0
1824.6461952286336,671.3208120891716,69.20750417745371
1716.1305391352093,612.421984935557,165.18805114373424
2163.2305379412546,768.5917745672499,66.97430265565129
1761.4094926248363,437.5231575880742,125.79171290808068
1107.5360806813628,797.0018161911679,188.64981247336283
485.9450912971353,339.4906145200374,291.2338667739431
44.283029344211684,77.6708268372421,259.561578293941
39.33820486785228,43.04564164248792,165.167147250503
8.068983569264304,0.0,343.2531265674173
93.9825617348348,59.29314203304186,332.4723564804005
140.22863249484817,1.8998827255659876,288.6966293344298
82.38885642219307,0.0,237.61353009671552
18.517065439289567,0.0,8.028389717762012
26.345392215555563,0.0,0.0
167.03990634825084,0.0,0.0
669.8865629787259,221.3728920028225,0.0
1003.7676344024283,449.7954609332934,116.92015074156244
1295.3099598222962,467.1703731035117,131.69147779275232
1060.4556978152082,222.61412467085904,2.3368766043429
1122.595365373478,398.8236419064465,0.0
1229.032756586091,267.62369367844315,0.0
745.3139616572,5.87781261932065,0.0
1119.0190354615302,69.25417974589222,22.369109139899088
1207.1281664342505,0.0,0.0
1235.0013166998096,54.33646090385578,0.0
855.0171586993362,268.3172737583058,0.0
1136.4856971911254,182.9680488549977,1.7826681692304214
757.4708494827031,0.0,10.081884411249511
149.8225889560384,0.0,0.0
93.23325214413606,0.0,0.0
0.0,0.0,0.0
75.0658349528406,183.29503475893455,87.9900507132308
0.0,98.0487558463201,86.83229297291284
65.75156336082935,199.8544242660401,68.8844624972126
120.57895012220405,92.99155304034579,160.06984248173325
53.64874668077714,0.0,7.500492897278882
0.0,0.0,0.0
24.13563333536345,0.0,105.07318218624488
0.0,0.0,90.82397729458974
347.81034761502747,0.0,15.11947093973828
785.6484298729043,41.613851129425754,0.0
993.9944051381846,0.0,63.78838398157579
1232.804345988722,40.83962689194112,119.05697962556782
1470.7477030100013,427.3417746544688,76.45209575290151
1907.019307368248,753.2562336166077,113.51287006605476
1297.2004458975412,287.12700000945966,24.049832967119485
1480.6994890169633,380.109735728907,127.1474292866057
1607.0047027754226,471.7083495041052,197.87905046037343
1623.6042970591582,653.064645180431,174.41634455908434
1412.0600087197276,556.7422310597085,249.15637792836068
1753.6687271103401,682.2918538801563,189.80765001115108
1259.683725474521,526.488700742439,140.70847688504904
427.8035883442568,270.3285723701161,125.87193906530732
384.1815234713319,311.21190197137906,50.93782017708366
183.73377388605604,187.14964067305732,96.68626252245237
122.20746672875093,238.75253659205862,148.8275541499252
66.43962112683465,148.5019874303295,211.82082556293457
103.60400755213885,141.73090239701781,0.0
34.65603741306141,0.0,19.26101797949793
0.0,0.0,0.0
24.105536422309754,0.0,0.0
28.732769258792814,0.0,0.0
82.7309932476555,0.0,0.0
378.4573904374216,40.420885652480386,4.536298985881585
1092.0575149602128,318.1300181947388,110.1631857991795
1446.0932002425316,330.77799244819505,78.55972719375788
1600.2140749608125,577.4612646561877,88.97019149768137
1284.051104049616,439.9060624925652,33.913492831845986
1318.4608094512037,130.50845628186056,56.81569265716677
829.4884785191708,38.017791508378565,54.739482692607375
1010.8600774480675,0.0,5.896875993299073
1223.0358356790664,118.89090913567851,30.33924793613014
1244.7938303350384,199.83062503308548,46.78609486166727
871.8264473043932,107.64619800657584,15.305377723127505
971.3562124016202,33.28029310747907,4.463157722438993
741.0075816436695,0.0,0.0
149.97577765747204,0.0,1.8919503056552192
253.18085719027823,0.0,0.0
74.97539726870562,23.445356576664096,0.0
0.0,130.10165567682554,40.61401772531454
58.09541227574209,118.99940313300702,91.39805432996928
63.31056659815167,109.12149516378862,109.02050122073472
0.0,0.0,130.86508220810282
3.221532361076555,0.0,202.5908920294577
8.355562197022735,0.0,20.47291396118924
78.86814355706771,0.0,14.156085505619204
173.09424972968674,0.0,27.95058353970236
550.163901027941,157.5927970961057,10.259374855431291
1264.2675709395035,330.523819367555,0.0
1208.888901354312,235.9439413411754,0.0
1210.3968179135427,115.28601317777535,0.0
1078.4229827104177,324.18446047512623,50.60754086425234
1188.4576334259432,86.75066086478347,44.374389872459325
604.1845255336668,0.0,146.95757027677408
814.5720688109375,0.0,140.97662146712585
980.8382707692894,0.0,64.38203387953702
967.7114739737237,34.727499420260926,73.08663174174657
807.9676302396605,30.781450643951487,155.34163317183558
1092.5597561141126,4.480794727094004,114.00043675013532
723.2727444182071,0.0,0.0
95.51120010436253,0.0,0.0
94.263138157562,0.0,0.0
53.78188760889401,0.0,4.529565791520555
105.08477602426571,0.0,46.80169621467883
199.01370258735324,63.01601699830174,117.9789630089744
136.6161886000286,70.06713083718243,153.86027653226913
169.63187547763542,77.23889238564027,317.33022081922405
446.85547018992764,91.89886031248398,351.4354122501976
92.8901965394207,0.0,111.3116186948296
111.36357217804834,0.0,82.54563854071266
124.45943469137761,127.31879511112648,122.61505938762784
388.9398893693659,118.83426571557365,0.0
759.8413594962235,227.93500786252437,0.0
834.7491681654748,95.4316742796573,143.70254124945438
1476.9244890244222,388.92291801659945,180.50227340096336
2214.2420765979186,1157.729582429524,332.3684829955025
1348.4873489705672,165.92772325638964,169.5865277000809
897.0740402792785,0.0,179.75078765707266
1184.4823281919369,0.0,76.5655233966372
1321.4125163751382,57.31198554731553,137.01165206122988
1189.8226756073727,169.89142185667743,121.95696281747252
898.0521171163,76.72015287474073,162.15589375727347
1116.9298545309018,86.0109722124408,166.28472757663224
740.6078381182268,0.0,0.0
396.8140037348162,0.0,0.0
97.8424121715865,0.0,0.0
0.0,0.0,16.159926556662253
0.0,0.0,6.706479874865275
0.0,0.0,0.0
0.0,0.0,192.47905459942865
39.239042957810526,0.0,151.93840411869627
59.973558004318335,0.0,204.06136042640225
0.0,0.0,122.36394514425584
444.0094113103705,39.53568572658162,211.59811296648527
346.2303968884895,128.68876668180434,105.65364099870692
557.6187131011851,150.75827103693632,0.0
1034.9576074658498,410.6925050659636,2.663186548569473
1288.1822987945925,253.69681572560563,75.10653283516666
1084.3417650876995,270.81337301082897,32.85683516012221
925.8401656000513,137.4337522805266,8.002038392799097
2111.2652179506513,583.7137892805395,35.9724101837471
2161.6935659496703,596.4845802753762,22.326242798439367
1936.6550564058107,844.9410585243995,32.139836514571456
2216.662284928978,487.49577460350224,162.222537152512
1229.0786417121064,321.92107021253184,230.89293693522808
1170.137881137532,414.21744410506295,134.0340212777465
1400.2518869030446,483.56891779949564,96.3964904048962
996.0822084100116,213.25080401306377,47.56758804612174
472.97167507343994,204.5362545498208,190.7075762555372
289.6470882052566,144.59325042690517,384.05153665314987
297.9248774176911,239.34578884378487,417.314014419042
0.0,287.718098609959,423.30305635649376
328.7747385755892,78.44992100862855,457.57706734818754
571.5254180344324,200.1434513728883,427.59108470112153
3.041494793610809,0.0,73.84495832974369
156.3900949434258,310.3490710536388,202.0912789720389
126.35425599911416,354.09742265280863,78.94569665676043
166.358617600571,446.5157373387887,125.97295700064664
715.4272203279559,531.62248958164,365.4426655081221
1294.188540867827,1192.9627002418151,239.215462632351
1842.2974875205184,1475.014986566444,332.13142014706153
2264.060479706691,1088.8757324160254,250.9591671418239
2431.493525387825,1120.1383102165466,581.8075849785403
2489.826103684752,1785.7909065514739,810.2411488046321
3999.635159384753,3617.7218915201934,2441.952394505301
2389.7361746864894,2689.7511201418397,1154.2769972598344
2365.9744433155656,2490.682373859536,1422.1834040047463
3388.2410134031484,4512.814883214357,1219.6907012329527
2908.5279374379243,4110.12087809601,977.6540814276578
2836.0020155843977,4138.323327284906,1271.4228241813803
3230.6666944898125,4275.782841283815,1323.914542232879
2538.5313767707294,3100.2086255015697,966.2098344154372
3311.9524069153167,5449.174035844229,1945.830810605168
4013.5024680408346,7773.05434694248,3227.794398858457
4389.235868615846,7519.268814938054,4443.475358048299
5272.077228402719,7135.097912466664,3691.280140978542
3632.2325700904325,6701.353939176652,4260.598123622457
3008.787872048208,7127.747897226494,3383.7593377230573
4249.358071664905,8253.195435429796,4113.381614833651
6376.133397129182,10188.4151504499,6008.391190324369
7509.850659867124,10410.596757491176,7061.733625947456
6991.559656683816,9524.993843914068,5359.322792203796
5940.933740948503,9989.814424617773,4181.315203677624
6884.1971032606525,10779.860857604524,4121.685643026019
8509.493786454512,11139.616136003644,4558.003604106333
8899.644452986508,11071.909356103839,6798.917708147804
10357.814684899822,12401.485566294115,7186.002104470108
9553.985177936853,11032.28380772502,7172.861502421438
9154.770545195257,12187.329176528423,7605.514873509595
9472.819241447212,12720.019459643325,8003.518518511617
10801.231218904693,13094.379975752747,9312.523329604017
9767.28485474575,11806.147387081051,8688.950832623055
9320.309018624876,11503.478882679796,7979.259887651094
8428.062656836182,11125.722006376676,6943.0978091537
8298.303013005903,10044.446609036982,5203.115697942053
7259.642909562356,9390.914233007064,3615.8733633444126
5597.122549739456,8573.100652154111,4809.330606111705
3951.3003338534727,7630.28928648451,4996.438174327163
5004.555867145737,8846.676167113263,6444.071194870702
6972.636962014123,11432.13541311147,8903.822595968284
7499.510688132137,8893.393272736374,8441.621957240559
8446.837949256842,11484.352348687584,10539.71383087108
8772.194533574462,13283.243159581672,12149.30245896521
8933.81448033155,13655.183733744158,11358.745212946696
8909.035167764456,12653.457183986458,10601.41213316424
10527.654174394931,14867.807794445656,13027.33667183261
11381.1357203715,15573.136140671726,12735.167350559752
12021.921755116267,16506.304403217688,12906.359239605925
13333.82961352461,17378.349901581743,14033.607542524103
14719.755317835565,17261.54444314346,15190.552868781171
16617.613905290258,18549.972834284603,15533.220514733364
15751.352009556567,18788.77705316219,16622.269381016362
15296.254449336104,18033.3323062522,17028.19840474691
15128.499256524308,17867.37754315186,16813.78798326568
15664.667555127417,17944.308289921715,16584.568840234984
16239.435782591514,18182.896658834987,16641.72343503205
16634.496741123934,18963.45427576272,16362.66538407383
16251.501934887667,18808.018945332125,16144.287125379838
16481.736818168265,17929.11340153575,15566.59789256374
15013.003827516799,16663.84018629473,15967.54390009132
14224.735055673264,16856.778528727256,15490.828175630724
12343.243414632769,16369.124862154713,14074.820733064493
14006.213040762159,16022.891247554835,12236.802274599562
12978.233936254961,14689.013827416602,12692.054852569949
12513.003388691553,14539.263605655835,12995.488077996995
11475.918033391987,12099.416384186983,11777.737696109236
9122.172407595033,8747.247392571433,7943.626487656628
7722.880404474212,7754.665588045547,6409.963668929339
6710.306229611718,6323.571757090287,5108.398893445963
5536.871322826483,5791.843649070439,5257.695907913228
6780.21914563135,7918.941753123984,5197.270008931149
7587.730790384735,8419.35296170662,6869.669572703084
10798.930113172873,12094.562891527961,8246.80814675528
12430.981111901609,12999.20280182477,10784.587989037407
14341.489741417081,15576.051916633163,11930.684006440186
14911.66324180512,16427.78699039552,12910.149328185837
14730.699489105644,14659.875124730634,12268.55902059325
14676.075192004324,15716.908122445038,12601.506669731458
16606.605313024782,16510.838975950133,13673.437666158994
15832.36691934936,15739.350625764948,11836.539748560908
13790.34505151364,12864.852271256523,9104.612515928611
12518.484179253936,12271.656834120135,8229.307017168096
11238.812887532897,11205.252625830562,6834.988970285762
7721.846533728316,8872.81444795525,6956.907400290559
6023.676685964744,5118.280230846036,2777.0711128605544
3782.781233478392,2694.305095674516,1697.4056390021594
1924.6879971031808,1552.6339585891103,1094.936592359261
1692.9758059283074,1636.7971567015727,818.3161488313789
1526.550536747091,1674.695037735809,1026.5295965068292
1743.8605984999645,1489.7556674051048,801.2416418759453
1845.8374965689045,1672.9192218897042,1070.8510375211338
1528.8386958168417,1353.4360684368244,1416.474512687348
939.3431939977145,620.0887123361288,745.5885962111497
383.9220278413684,353.0008962639401,489.5361084818221
689.9133920557156,737.6237233538488,659.5211603867381
863.0505396394273,677.3102428006446,87.7267024483466
1241.3047573101635,618.4422060634525,0.0
1206.656296384796,375.3443174680449,163.96430664873932
1952.0708130642115,835.5966889713843,541.299076570449
2542.36289737668,1773.4651637322793,873.8159719805473
2016.9268508754026,1246.954252888302,944.7244432155424
2797.9249527845577,1929.440792388857,1057.3155857096535
3775.6982053744277,2161.0483784844605,1966.0574143228
3378.620882200025,1808.8298928075237,1297.6082068985993
2775.799780998898,1836.644097391893,1042.1356917794874
1964.535611666316,1468.7218831888545,986.8015548959308
2205.7320681445344,945.6067629157715,403.0947635612195
1296.1806235401596,45.849652501980785,34.276743626075394
233.8032048248225,129.08693756819326,0.0
73.07002490668035,135.94876599317496,28.99412833571397
275.01128415136895,229.09471324531017,115.08379226177397
116.92244163158882,24.32218633253889,149.07824223596091
132.93091532274786,79.80950788808063,249.84719397185947
116.1397840098422,210.7412493572374,431.5524734956013
456.56385576467335,446.9761295552238,715.9304656121553
347.5275239757241,301.4213431615204,418.39056057940655
140.92157673010956,37.90177056271324,452.0051059304856
143.11576743249958,154.9833642282386,332.22974937094114
0.0,0.0,57.65963508188543
328.1180394328335,0.0,36.60495999995001
839.687437892228,235.7358544007951,146.6017690893205
1327.8345233885047,724.6447263576795,456.63247302851846
2360.7307102123673,1535.1323518980867,825.8621304762788
2181.997658811672,1631.783404466613,861.1066668709359
1986.590253119331,938.7801890778153,456.4768717614764
1656.8860960330348,916.045732696776,441.6582141005538
1356.2697337869502,284.8384046749378,289.3883790338432
1238.3646317287635,21.114051681459088,197.12588177762947
883.0195656078158,38.00894489609371,0.0
565.4692474073009,83.7946529627018,0.0
1074.230015691374,47.82335515244192,34.00391941451826
601.8694289056601,0.0,0.0
5.655984395504866,0.0,0.0
55.80414444632587,0.0,0.0
0.0,13.665460920981957,23.03934871719064
0.0,0.0,0.0
0.0,0.0,0.0
0.0,0.0,0.0
7.3375793522816934,0.0,1.550340252780309
12.291033541372386,0.0,0.0
0.0,0.0,0.0
134.98913813323313,0.0,0.0
232.71843971534744,0.0,36.36657995454208
969.1436625103786,300.00919912009476,161.18689083446236
1706.7762309409027,845.2237792344412,367.2549330788143
1156.4391412580894,243.1370202466096,160.30588749655132
1753.8553781854607,1100.271860634035,114.90452867000008
1616.9915760206727,1268.72682039397,62.169243192630304
1637.164256023862,786.838215074547,181.5527604958889
1088.9613655078701,687.0005884714723,0.0
1881.5310812149728,936.9333923583686,282.0362249360219
1801.2991268443134,797.8137837758298,208.1199758791122
1594.7431129498232,713.5658234251156,313.460012624506
1213.464789116978,713.7329526915287,441.2259424621246
1257.580768698928,624.233541024463,622.4436263044923
947.8439372404066,251.31475365772684,341.951645304984
823.1185334256628,512.7513739002563,716.1244048496122
546.0929166424704,384.75138685871934,378.2279997326417
472.7481299909614,493.3011614887316,374.0512699439754
540.5059066758341,297.1008288813347,425.65634172573607
903.0113255547566,933.7269651343677,564.6294338298989
1139.2811790250403,702.8886451517005,375.60852248479097
1274.2124834986962,900.7833325140355,495.2228208329128
810.187923573694,624.069980882202,520.9688792105088
352.8778280027327,184.8967143975193,377.90055677748114
277.28711026505255,247.37415256769287,369.6561887903599
108.71672088007,10.674111477744532,0.0
378.5987356737055,60.66581007050258,0.0
985.9261530320324,577.5500418004489,14.583814362504748
1059.95055057839,610.2078250227783,183.53406360276145
2469.809923138162,1147.234162711324,387.7320158880222
3281.6895010654443,2464.0512679584185,1309.7897979653949
3202.2850745602,2871.2369243931826,545.3483263937085
3254.188939506863,2811.1615925626265,679.150265777175
3092.04611461809,2094.7686148594553,550.9291007103604
3296.0371133570807,2465.70667185257,690.3716899063699
2600.9345386075747,1840.6570494221771,764.7378457289752
2713.0750896398454,2373.9789466894695,906.801998679008
3820.542834661336,2951.2318824700446,1778.5107386525683
4472.683879976363,3191.443314408985,1721.8431787055542
3196.380847553335,2956.3209578329606,1929.722273696104
2725.778678750653,2761.7276777969273,1484.408280233143
1896.3056207156328,1847.0902792738636,1278.4752934206049
1999.7542385728411,2455.7436498683637,1629.7995768883395
1967.461004622793,1770.9894072988905,1280.0770732102517
1761.0326244571552,1817.2033152142283,1025.8126386988222
1644.4102383488557,1361.5133391946322,926.4539327542658
1533.3389354333485,1077.1606633821623,861.2876854879464
1477.5753994314193,1407.8025699053976,988.7940038147292
1424.834903056848,1657.746478820991,981.0962288380276
1833.694427991499,1906.746140069781,990.8825902748696
1953.50788503273,2029.1517865468302,989.464237789253
3375.2851201358485,2475.541548435621,910.6227852055772
3857.023882137022,2889.5047335982126,1535.557871897977
4014.0436516975724,4433.6292555897835,1363.3511097733813
4404.159343199894,5186.121086062759,1459.9897736771834
4814.920593232295,5163.626461435929,2298.8880655603884
5191.368011637514,5994.3636658456835,2531.43986690112
5835.33620222602,5595.313058760565,2654.0906649783046
5705.843160134336,5588.161779734327,3016.200236160314
5859.400202175058,6111.270979646664,3002.864828453254
5525.859434428747,6121.009020863222,2830.2358907864354
5783.837103332465,6598.827558428513,2791.690029335172
6788.148622609797,7824.524415552489,2845.275438307357
6089.7044998586325,7348.690204594299,2966.8270805786965
6212.995056717548,7635.355897310546,3615.775981145118
4996.073339977171,6327.6616267333,4279.104327456747
5119.214609938868,5890.129213999618,2922.36872084272
3597.755200367058,4671.596700493561,3216.910818314993
3938.442280398079,4674.954028895975,3179.0240041109955
4409.2388324652,6696.4949209271035,4908.541602357894
4669.335330107345,6738.160686404649,5091.353781802061
3774.566357455282,5036.800519414166,3199.990591355139
5394.402152114892,7144.8591673272085,5033.52815836809
5885.448124127403,7538.558924101921,2571.395291394713
6538.571806801613,7126.607737911573,2159.824236698335
6414.712483905347,7167.965819355678,2617.466652041558
6840.142224171874,7705.585392055766,2325.504711244869
7421.943374902502,8063.976242380012,2312.245485177384
6970.100953964459,7731.877825285038,2419.106452804244
7360.457504650363,8075.231248608819,2691.677136581362
7449.433073693121,8570.863160369016,3154.8027848463294
6507.395821267034,7480.522329324598,3356.0073629403005
6924.008634826672,8191.487248531802,4278.290429634245
6483.759619861447,7029.997901839624,3924.3100625305615
5708.351610788901,7140.340781089971,3752.553938128354
5844.143372028946,6462.18674613313,3677.4834786102974
6277.960085676992,6132.674958671221,4381.329306826402
3330.6064993823557,4900.992849415286,4139.686949701321
2029.3844468624488,2807.7990318897405,3051.1519880814903
1820.6341296490637,2623.229862322194,2775.343796982723
1255.4815792032582,1981.7973829264508,1369.478250275249
487.06144369259096,789.6893103586973,222.172230079034
39.97437853987023,120.43362086349136,262.63930034241514
94.23450121382831,0.0,0.0
252.92314960155943,97.52532622954223,0.0
347.790384165078,242.2271940132943,0.0
251.143535444203,234.22645139312493,146.93801702321073
348.74755942934854,401.67685436843544,181.23264564392275
944.9561740015308,861.2193723245797,354.5505901768587
1537.4368654792916,654.6872512390788,126.31055296867926
1256.047812441745,763.1785512215881,108.95441266469857
896.799014686982,626.4891894110697,128.73220878126824
1204.6640556295138,807.028602873664,0.0
3665.655088130792,2210.8094195422773,2228.017640303565
4027.225978896513,2588.8605267372504,2743.757630372318
2982.3604573390267,1865.6633031148385,1745.350358950759
3080.819431455094,1428.2877355711553,801.8699917270416
2585.7783327868965,1238.3619617403192,973.2648149254125
2532.198012592613,1324.174240010641,630.1068081820214
1921.7695840773545,790.0003897796566,71.50920962319336
1244.5116764297773,589.1651262578007,86.02290207947706
409.32122111621067,393.29886685400174,203.6466187986236
175.13166072143048,54.64440201081196,286.65134053012235
189.3122960994121,67.44201318972291,266.767962945089
220.54851391521606,188.99639996047063,386.14713432637336
268.73270530439646,281.0373171869777,459.6281790410618
141.5113201276897,358.9895792973457,484.899015494932
160.4286612472136,206.12290225457772,407.8423017461466
108.06014978692082,31.493746445394066,263.79565952151665
152.8663071316215,0.0,146.77991176323982
108.3972948382481,112.99153331822725,64.86775902714514
27.33902934056058,110.11516722886635,0.0
414.28280319663185,170.44654448975749,97.3735983949622
847.4885181590317,312.3071075095472,123.319200790097
984.595631997443,117.64329098257662,65.29456918549164
1288.8232631782298,265.37657049000063,23.355096718349685
1146.9575659330576,603.1917669610773,186.8718854794736
1350.8062203237578,511.02616151201,31.03477697947377
966.5754817386913,374.24632602249767,208.20971131956685
1740.60812648805,692.941563515481,128.49256109816912
3663.0408781650226,2523.656344776148,1162.0634794425853
5288.8810575156385,4341.458744004427,2627.8863100759845
6453.0506947794365,5306.358555517306,2685.378232387692
5513.244732188796,4152.664379607597,2697.9220749364254
6005.203274444022,4398.869712743421,2749.708156510159
4694.282302612635,4433.511789671764,2864.759032024984
3676.0602220731635,3663.078686341654,3036.868645252792
3496.041175534688,3764.445113672619,3178.351390002143
2730.9863155550515,2918.913467738127,2433.735154012536
1923.044237551651,2197.9265303011707,2117.7918990750004
1829.252212654348,1780.7135460105537,1999.616070647077
2585.2962024651556,2143.0130475768456,2702.462443911988
2921.731139763852,2268.4786133915704,2874.8514007957565
3481.4301480569684,3065.094264914359,3418.5395609159336
3083.289552790917,2321.7836649948717,2348.560079600092
4222.170600242453,3029.031477028996,3379.35574584112
5985.110193139164,5000.521973222629,3784.857934401961
6321.803075379192,5051.772524448968,3326.285667610642
7493.46067127077,7787.648438851714,4705.575838155713
7904.429322472841,7290.592783841093,5314.003684660594
7690.049227348496,6377.826196217355,4588.343229131517
9999.13548237843,8167.813026736595,4432.6838778064775
8975.326249066959,7410.451343993079,3952.7157438147474
6650.41497535214,5061.023557464133,3650.2545634955127
6528.91903910564,4327.930918145693,2031.595456517051
6576.201600463856,5124.329245598419,2352.329252027548
4956.846487883124,2372.607110965812,1217.434354594669
3309.9011693996144,1946.6841491837888,839.6956737904916
1468.9640351422122,486.7577465919631,45.53259974701638
193.177329226398,76.82360044411479,0.0
83.84308537153802,36.312429403671075,0.0
0.0,127.35668869260952,44.76944551446681
0.0,100.83952026969236,31.529480090413056
0.0,61.72110691348378,159.20650732229578
52.114519642935846,1.486778834458562,167.45868138391157
15.140906181030644,11.662768672524379,202.14749302392863
283.1392608021344,288.1015934568725,504.67783632459737
311.12164460791456,489.7452477213467,579.4299565916256
1251.3869223797842,1307.0043440761156,744.4616847868094
1648.9285943833404,1611.4185613740901,741.5199831300766
2862.0365780172206,2689.410163032001,2242.0447096568782
3763.5982296842185,3436.180190731101,3255.6229355218115
3849.4091845725493,3535.099263069154,3295.7424576232984
5505.981764187333,6187.749240815892,3723.24437883404
5975.237810332814,6881.955327275026,4376.4470316668
5865.243385369535,6978.309738409465,3655.7341290876375
4839.051808024906,5818.169688819978,3102.434472667873
4348.023939861596,5385.849798367,2705.607482904247
3528.9199325864406,5103.315228479703,2578.794998308795
3172.9216734618685,3390.0067021083387,2634.732499408045
2993.1683495135667,3360.3538376111837,2365.270899372438
4778.896795488309,3777.4914087376337,2286.5001774986804
4276.894382663062,3259.689004286759,1879.857663260933
2887.137489874427,2711.6248697979177,1772.5375062849105
1145.8216599416116,1169.6880134680973,1393.4789318144972
602.2089890325196,811.23982506647,572.4182981533452
294.4036074474141,655.7070884519616,309.907021386976
275.9263013920361,437.256419533361,147.8358994269917
190.27127699100828,262.3813080704304,99.91466962915564
205.46946096073628,52.41648571270045,134.7380238506759
131.33740635604977,0.0,211.7467830499158
26.574379019106743,0.0,137.54334883024694
153.3703402122205,0.0,227.93065776639887
312.85967824567837,143.81538981644576,0.2142946797015784
1084.2090138444628,414.4108623012637,0.0
1882.5384851781043,1083.8385339512515,146.28860124845036
2015.4834463318648,820.7558447043143,240.23032090105377
2107.5823648680594,961.4546503677886,242.56045882018807
1924.225017340309,918.3595909281373,203.11594665445668
1878.7725936007419,906.7613702574911,75.05361506673255
1064.8290432905092,494.94561921066986,46.010762423952045
1378.2823165884397,471.7655256631758,0.0
1337.1962625399342,348.9456425302715,22.23594315957915
1362.5273998546138,441.61313502689984,20.8639271316724
1071.6742791649344,572.2822374466223,18.66185554947492
1179.469982769592,435.5750434645046,0.0
801.1751132752722,55.99650286133473,0.0
318.26137836069216,17.703027677303908,0.0
186.96786198741034,281.502441240713,47.67894065454109
0.0,197.8377333784838,49.26774420033875
0.0,129.29315308652434,87.59870627320429
99.46318562038667,69.42522131284541,90.0468712557824
63.88614894712282,1.9513792142607116,124.4848867228107
93.26761277535155,0.0,87.22553997532246
0.0,0.0,17.353003637762317
7.716143247624686,0.0,98.00720594831854
229.4009232663278,24.70092475881924,148.404205766191
238.79774450417372,1.182441435483625,44.8390927624149
480.5689156051895,329.48174464312507,48.27447224594365
1506.8489850189214,837.18955030745,23.661527279303588
1472.4580604811476,958.4284042709039,305.89607131461185
2117.4604481172973,905.1337325643653,459.2504758209955
3519.669078579544,3196.783586507229,1185.0319870840935
6349.095933782954,6308.641978713418,3447.60312091175
7764.260727522198,7788.894355401815,4199.891677497732
9222.315624487775,8010.204394865467,5575.760206416937
11449.923757118788,10110.802947639248,6534.808805004741
13182.438437752608,12718.44429896632,8248.66749433947
12884.534009874369,13363.688227901468,7866.084190393164
13991.686202628953,13534.949645057433,7879.0064121780515
11314.871621131355,12347.202384489834,7153.451380031735
10519.514010934867,10858.42408879413,6858.823334670286
7605.663149983287,9485.851981036245,5886.573413877832
5886.3870533545805,6793.065739736409,5009.505843663237
5556.001440857219,4829.807200369908,4920.842571734652
5802.598230718164,5462.102034852624,5839.043221565547
7878.8475935444285,8119.808513047565,5991.725331818004
7194.362912149659,7022.4685655663925,5542.316939532659
7075.425097915655,7178.1034135099835,6741.07673003305
7733.828342876923,7839.597981802258,6747.567352860559
6844.38337683665,7709.192243979992,6531.9451296664565
8921.222547362262,9953.914385323178,7118.88894268818
9713.052192062793,10562.810029063025,8278.925383917629
10234.207591936172,10821.996693849373,7604.331988524542
11724.423042705916,12477.771576294332,9012.32064395926
10541.046730201713,11597.966696952077,7879.452746607652
9756.013497021306,9769.088294876761,7411.552733262934
7721.633826018802,8273.523555539366,5368.516294010088
6800.910221490152,5874.574825963545,2332.9380738699806
3590.5578851633763,2887.6301558014466,1159.380906626609
2237.2490957976015,1630.1238090448746,527.0406435849105
1624.4461445685715,1092.9251925352094,440.73291092320426
1135.336285963674,749.4793513417742,772.1277690731494
1817.7879339316423,769.4548389829783,1032.8346385857826
2366.671611598173,1824.6302943845672,1326.0344071271284
2711.5275952265883,3240.2735488721955,2697.7838732493
2457.2708586590384,2683.1435083664937,2454.1788634799223
2578.907700637296,3120.5882484615618,2546.827477945544
2460.966809406122,2900.873396311892,3257.215695705292
2303.70797584384,3154.743328455568,2111.3147838663954
1833.134520868277,2103.9128838196034,1034.5647991938993
1391.2229172912344,1444.9746449999125,847.2993332927498
1050.0325909312505,1107.113341505693,1009.2046305591784
1142.9490977311436,863.0622140265141,481.1106964698353
800.0677102311068,455.3827117339727,139.65995959087883
585.4177788080474,56.09195625695234,35.76195933688586
936.142133509423,131.91019962668196,51.70271970711808
1270.8489267776279,358.91423487361385,188.88229644314367
1102.3536840353067,83.01739333497079,155.25941757900426
1307.0526456136015,128.0838894466884,141.7883794997123
1370.1612947624367,598.0777742048463,204.3285782012608
1651.8959643754188,621.6165878960968,176.54525979758108
1314.2286361890801,527.4443073217611,192.42940110698945
2643.654086647412,3778.1821244885004,1382.3552684511774
3477.2778608233793,2937.8624908277684,1567.4044227592442
3771.3691360758994,3506.0356397310748,1937.2363987082824
3263.5879426994547,3279.865079458736,1488.1738569690597
3114.1145879421497,2349.222359658301,1313.6467846693213
2259.808343801834,2183.376867738114,1365.4120844454058
1466.0154954424397,1441.4038683466408,1220.0214268244852
888.1652601418562,736.103260301901,273.2506025101933
227.71696981551656,118.79965635507706,43.50947571025267
297.0646407807608,145.39662094702112,733.0504863872857
656.0163340569546,309.2073914254378,857.1812520215078
1500.7867048562398,1379.2064556670464,2225.9012372668763
1313.258185425219,1586.9978946012175,1150.903112175952
948.9580199614561,1205.4230335305806,394.4949498993173
168.80076027503475,0.0,10.242780619529494
149.73198803754212,0.0,10.917439276279978
265.9180772336481,35.933824842782386,62.14546933982396
462.54939180059154,79.38190778355653,37.65757013446422
925.3221555796652,276.5025649606241,89.71067706428379
1018.6900096900185,131.62884696965267,64.84061550637365
1279.3868645077396,217.56282507524963,118.76497166999629
1294.6822994519366,523.3994037920049,103.81996541418448
1543.639052975373,413.67457798378615,263.02282962786126
1038.8517504916106,307.17606246232947,204.3966240047401
1110.806678204455,211.98080677331927,47.83331078759434
1309.2037234286815,225.21726969676968,61.82082416252094
1378.3366370997328,362.95964075430885,30.66339444361624
925.6597251028724,301.35385956573657,33.15405833889292
1096.4438528230262,288.69635123586875,10.051722524175933
859.7393862197646,58.547292467732234,16.490163804122194
200.22115675804713,7.098863030877737,52.63981889378259
207.26713504735906,59.32916921105165,84.38090565649124
112.81777244932945,0.0,150.54751798014118
52.8028494101752,25.06256581520583,143.25323045910926
64.53372951421761,0.0,207.60494647378707
0.0,23.691715053636514,116.85588772819284
6.0847179354257435,0.0,66.17824599007633
1.3801017902618895,0.0,68.44568535299682
29.83448135682535,0.0,48.995422681657885
115.55575878389337,0.0,34.22646142606187
481.104574880728,65.27016947434198,119.047791309223
403.6549159864244,0.0,85.1982178772251
889.3808714794548,173.30955039764675,0.0
1152.808304688494,216.16216372526384,0.0
1253.4903748619033,18.59912224064672,0.0
1243.8957239625013,296.75438839801325,28.98666731096956
1481.8387143896252,187.76592187835766,101.52727726330352
768.2097536410645,0.0,5.80293785044416
1107.0174320426108,28.687277431328255,1.170356358192506
1020.4411134611909,63.62793864111744,40.83073525758255
1036.6696336340935,141.46776383531991,50.56899179686708
781.2408997033972,150.9908132181868,40.63965060716284
954.1274365915098,115.6723987269223,35.656667285799244
766.8654043642799,0.0,38.19171754260603
94.71314943783213,0.0,47.11187387659383
190.1441055588477,0.0,20.618446918076305
0.0,0.0,42.2079666602658
0.0,0.0,13.639307376334674
0.0,0.0,11.177628050372231
13.715506198962686,0.0,128.68443464749475
0.0,0.0,11.992147948804073
62.79276614982541,0.0,21.00115212664485
0.0,0.0,0.0
70.75730394405005,0.0,0.0
217.65194304176836,0.0,0.0
463.66792872554544,0.0,0.0
1179.5954564518122,214.45065812899412,0.0
1080.868653931077,194.42230790366324,23.102960696128445
1102.635810983948,232.35330478930285,78.43876186172488
1430.4386238643551,691.7163032279842,46.51000839881552
1357.8030379584716,223.34263200601524,0.0
958.4348458294992,187.32343244444547,48.68881840760984
1249.019243615658,80.39051808783945,0.0
1542.5187600238096,75.68145464255822,224.1887662871753
1577.0058896752084,265.1311454556167,283.5190712822092
1729.7991320074232,409.74271165338644,71.610234417764
1922.1662269683015,167.28068669416356,66.32081510437958
1448.320696793928,20.751962034098966,95.962605381488
273.9110472250686,0.0,0.0
156.8820100175775,0.0,0.0
0.0,0.0,0.0
0.0,0.0,0.0
0.0,0.0,10.503925849545702
223.33224852038308,182.90751232318053,97.84539325709962
250.31263462251388,184.62984644017408,139.07698379744022
241.6467055403017,72.29521111399518,3.721202480915649
80.37038609468134,0.0,87.21550565072567
161.409204120682,0.0,70.96867133345073
515.9783741034679,296.31044347625027,0.0
1526.4375521178138,665.8426975803807,257.5675837878226
2022.3245576051404,1295.4172461268367,1046.7297070486914
2507.293529066805,2348.750460603155,1476.002798578548
3490.2847595582175,2673.1456228167185,1786.508883204899
3744.3724155349073,3294.119368502291,1840.0833809907947
4443.0851576096,3254.846417748843,2217.8547975148545
3864.264282332915,2762.8521329612017,2129.7702632542014
4134.824342100603,2801.5887583016433,1967.247711975684
4206.563249623996,2632.132841701524,1867.8937392458488
2748.990108346935,1385.4942769545673,1049.8330486848229
1867.327417888669,969.8669918087983,470.114736977937
1407.5128951403356,236.44145756223708,99.41445057269026
931.3309267891342,205.18229483343669,37.42469670621175
193.6388489059366,0.0,50.4916033157708
94.43476568135306,0.0,9.335131408246792
0.0,129.8051680220252,6.418128877150093
0.0,64.03869549831457,75.06960950359091
0.0,120.83786968465095,67.1696036270402
0.0,72.67078176256187,207.81327188024025
0.0,0.0,180.48018669044305
0.0,31.63770361553881,221.05011001966983
0.0,76.94226406096041,547.3263920501474
253.74484279092906,159.84925970665927,433.48481129294646
466.42046822610064,223.13267915155456,461.8925066576584
816.8696441872104,351.3646728245017,509.3955492908536
1302.2693192681577,523.6373446913753,454.65129967465145
1218.5916838868768,238.086519491253,505.419591464542
1116.4767722462054,229.69651868412524,521.3506647166363
1269.5770219974618,583.9501404421816,429.3791996891168
1498.6211074608839,430.97409893615355,502.49179010471227
909.9258478349607,260.243855092977,493.2473014299382
1365.658341194107,200.29202654207762,383.4128120580113
1579.1867990489582,470.6450793419284,440.8008601998626
1895.4747372348345,819.530118451819,432.8735848063982
1905.6605457119201,873.5363148669078,252.43148598519784
2261.720948765758,909.8285927931825,219.37091163240828
2201.1721147718354,872.5829503768632,275.7318511604685
1561.1276215353375,1474.1599239090692,948.1187739577632
1439.6996795463558,1201.2924654182164,545.0924838638075
1305.8014228744628,1406.2443218154624,371.97784536745166
1261.9199510696758,1177.8469499021753,75.06722395537072
785.7535519906771,511.95414605764955,127.15131313926264
594.347741558359,51.84094888518608,85.62533071109225
203.63647963710906,0.0,72.66726585371077
104.40513800491743,0.0,0.0
77.46058613253321,0.0,15.831136135496513
300.206525065237,0.0,61.64532726515065
181.7455957413322,52.47002305788119,123.67127394283996
584.5997132531705,78.63849816112318,42.2755305142181
943.7698020898586,249.70266817254458,0.0
928.2428983351945,33.27242692152225,0.0
1018.5066073349982,22.761794977888357,0.0
1122.6002194189423,395.1963966278254,17.020779832668687
3501.1118932338936,3347.96012334577,1981.98942812472
3360.9743433063886,3578.165539037965,1851.1873223934588
4205.116779174259,4413.20940446112,2099.652810838781
4793.292053749347,5614.808163264248,2309.967133535116
4642.505459399156,5326.186570567601,2361.9472714095914
5632.434926525208,6400.584081249441,2760.742111432869
6022.686977321265,4461.3106648555895,2022.7743936890167
4730.069003514615,3036.123871600284,1015.349986356186
3179.638011073356,2129.9857422712275,803.8923765941296
1065.7672196835076,762.7018694168598,581.5805550599215
1046.893948227143,785.2532067362582,735.695352915714
745.8424418314083,616.7340191564743,737.1015814370311
904.6641781351274,484.30196957417087,933.6764889129828
592.7114765731237,100.53723144131452,823.4089359718172
224.8884840700115,0.0,59.53476900766515
0.0,0.0,78.15816883058204
0.0,0.0,0.0
0.0,0.0,34.825926640273565
165.3409186783786,0.0,0.0
402.5455743753804,0.0,136.2284059187777
1215.238826285517,215.69505177598717,281.1385556416207
1687.162144250437,507.24440910706346,100.88121615919094
3096.3791280518194,2679.7046031230684,492.847077499731
3843.3925974688177,4343.501972727657,2791.09426961277
6731.18104567139,8286.56054879588,3644.766116557282
6028.520154300757,7448.607458524733,3962.3860032129305
5828.155621179105,7662.225356623691,3568.8797397659587
5362.746427871072,6419.637379541257,3179.4238034786704
4566.037765681783,5538.268121037322,2450.700403951394
2084.2144593511835,2067.554527332621,652.1092438109013
1696.7969601852842,885.5417946472063,434.9131684898579
1346.0724450877383,770.0141841004358,410.9908690633976
1237.555589170015,1446.6530708754437,692.9738435438011
1688.3900531207764,1705.0777240968248,979.2530316590158
964.9072912519524,670.3777946187417,905.6454028484236
1565.797415922594,1993.9907711967428,1341.8218052895131
2853.01792438788,3130.9720627290158,1855.8078954448804
2747.8318862223555,3096.8634727722406,2243.329830329701
2631.551429121512,3054.1409102067614,2381.0678253801625
2502.2371983336116,2137.577719618761,2085.290813348171
1373.4953468141707,2132.6336225993173,1435.9898234372652
1220.4493863577977,2185.310473015342,1348.0290693316672
1440.436994371366,2508.7969486066563,1331.1569785046304
1709.2740378440515,2472.3515360360716,1709.488334201325
2550.665935204201,3787.5354762404286,2000.2876251931727
3395.1761620289817,4777.446852206817,2286.9136189605065
3917.3607657333196,5277.767472380204,1987.3310203290828
3218.900462019775,3415.580174013154,1777.1710164006672
2019.1812718007182,1220.1330763701153,444.2774257449007
1735.4137900614535,1165.476749771318,516.5196885965574
1813.0134238259277,993.4191388426784,358.2062759603852
1245.4037346227008,447.5068659826403,355.9321151191478
1131.168812672871,516.4037338131226,194.0351691367612
871.0056584024503,655.3336245187902,220.4716752999692
1113.822297054519,323.52795373224416,144.9007106377883
926.2067854257127,54.9757569526048,84.13968072156048
358.4028123913652,202.7856201151764,97.03674296770602
494.7683780677213,393.5295285821001,101.64723228226283
394.34238457456826,261.87406010054804,129.27400753796567
435.6468906679514,392.0574915407882,163.2795201716225
677.0008448192632,710.0642328953793,420.529475687164
1017.5718663251124,950.1636710986498,1069.8611163157589
2108.2811869296975,2123.1272145062053,2097.648149043121
2996.6328197115326,2733.5013499467996,2916.7827293786268
3790.0581486094306,3603.0051925848065,3206.8642584220074
3902.6830341055197,4459.577826892627,3032.5053575002976
4576.508175756058,6006.005524662574,3395.5780670156773
4777.792254032224,5822.789595244728,4938.7738958942255
5229.339889828965,5911.785997325324,3822.7303998284447
4895.929546931439,4965.942477492537,4365.743800539844
4405.546800541818,4959.6560086590125,3480.961087161046
4337.129247860535,4636.153062575191,3790.95011861562
5677.406435492456,5717.565870453625,3095.3743839775275
3967.160023962433,3719.073090085837,3193.315260645488
4184.696544898757,3653.7240636246456,3170.3051549931088
4340.901362070899,3586.6177312564896,2926.345909955074
4229.486702898407,3106.5817909594757,2347.3497040940665
3616.7162855658294,2497.4963499253886,1507.0057663390642
3644.3439123870994,2555.5362579095627,1323.649426875468
3381.704787393023,2511.1178144391706,849.093943602274
2166.5810646497703,1941.4743665562078,382.4161116505179
1077.1347626031356,1129.925267239513,162.31093232413477
767.0963170912636,1078.7285774561265,41.610354317409104
432.23002394009524,558.714001762339,120.26576464685876
194.2629225150174,319.17378907008623,190.92868136459984
207.8869356623124,206.08134059670675,197.14412811280505
118.06814614186456,0.0,63.67604149203768
150.59979062266115,0.0,193.47234620011932
103.12487796210179,0.0,154.03963942150423
271.7607796376129,0.0,41.36113131259325
746.6583797701528,80.9748566355429,0.0
1122.4376707922743,384.80187224245793,0.0
1581.3233872999713,616.3276199174708,0.0
1844.11637082102,794.1633147102787,108.63191281806962
1683.515906479952,574.3128464170227,13.60734162633327
1817.0278267613674,685.9106059259723,60.51854493918352
4111.41110065826,3252.9050945060512,1384.552875403848
3798.840050184886,2764.5073923323066,1007.2815479901112
5082.409536963802,3818.3176230499116,1648.2989246926293
4977.605541996405,3662.3439067387844,1656.3272258992506
3722.5480757701685,1763.526740482645,1610.818328241227
3223.433146984176,2154.6692099439847,1460.6096601363904
3173.0166066273787,1556.5145302108685,1691.3205925713414
2972.122143247884,1288.137656256954,1016.8742596843036
786.2994492873368,212.2156196221457,61.740564951098754
930.4515118249053,405.553049328262,0.0
704.9563567049837,498.8006092891537,84.37188835813035
119.24359366461651,126.18313489234784,82.88785015835994
128.38434800434405,0.0,17.88814214359752
370.98263018026967,118.93633285629276,67.18223727105976
428.9735000327118,378.81631664726615,350.447339937842
0.0,0.0,106.03622654042616
13.954604931055997,0.0,34.844714353806324
222.02782004316126,296.9907984970244,158.74231960898976
0.0,0.0,38.67395146080728
422.01756891985315,7.56185717271142,60.93522161257373
844.7761676033936,230.7213592684395,64.53397074043266
837.8335092507687,86.9118721057097,47.903426353266354
956.6822344780653,132.225302159698,97.27966703344674
1031.163759128131,314.84833348573886,17.070085794564957
2039.656461533571,1311.161586434608,478.9483621207551
1945.8516746700743,1656.1425816952615,724.3763752707537
1526.5769279932733,729.6515854752407,9.080354061481096
2071.8094151651885,846.5296019906978,507.7909130735174
2324.1281228452776,1563.4192032178355,631.2933390292449
2213.872136735414,1334.790266032891,695.2908551231927
2314.0749149815642,1328.6501924987954,589.9176277623737
1751.4169561988026,915.189953919476,220.22823902940743
819.5280529373755,714.0859674981295,149.64511736083787
234.23083857742387,309.33716694832924,453.6892734721621
234.1058149715637,297.72838425256157,280.36881060594675
56.9788982116751,0.0,5.468600475058666
178.3926185831352,167.4018969795162,169.37314905125902
125.23007705952168,50.207379528188724,116.0825364431971
239.73128824300426,0.0,54.33545408851897
0.0,0.0,0.0
127.87827942173364,0.0,0.0
198.13400823835127,0.0,5.40873304883574
248.5633760655689,258.78543851789357,50.68751705927613
450.8178247124339,105.98560039348374,0.0
875.6961304909331,357.59257960476,0.0
847.2759206648188,251.1291867727462,0.0
1617.6391718886857,1120.5388879001594,270.55823551006466
1798.914118622335,1482.5608857452723,489.685270278258
6819.6812477494095,6933.378918869536,3034.122961507021
6258.774483751842,6706.3540798898475,3103.9129960520777
5728.878459046196,6741.330620856596,3187.892337685192
5122.611006864627,4771.489923844304,2924.308161233567
3636.8296573309635,3740.066437847477,2047.6027923631025
2574.5720604557314,2527.319328105307,972.87506187448
2457.2097334550213,1785.9061991703663,730.7972379048682
1389.6096679842512,654.8570540024634,152.49096537671136
152.8118201407642,168.34993659432973,45.80445419823997
1184.4603868700908,990.5040378632261,1241.1887540542791
1211.454819947361,1280.7326824359986,1242.8940450138848
2266.764622804243,2150.2798162818654,1466.4278968675433
2551.9938543404032,2189.0773420205096,1920.9866811406853
2330.425344618052,2280.7604959348873,1537.4699550946166
2720.246956003435,2743.5723659742966,1793.9641723374657
2629.696930070568,2446.4064312276896,1697.091962035143
2815.25665299176,2722.5184008758106,1980.656386336092
3842.789510079375,5021.125421950314,2266.569754884515
5839.978293221078,7748.405222656728,4382.329056668994
6710.979828819464,8607.823194644794,4155.321722106419
8257.182568589938,9774.410687142183,4693.826275624143
10419.448662996927,11961.531999171992,7167.744137048935
10985.4420323082,12597.48037043012,8615.563672658494
12000.525666548536,13720.106089301295,9062.56817638468
10657.023942425245,11737.430041041634,6151.858304639872
9436.214976290477,10264.169719025416,6130.503225087356
9383.172153034797,11257.240183339212,7003.288362392089
9577.657567814704,11227.145123966879,6724.516950985983
7672.167990646367,8093.460401658014,5323.693410383205
7087.55440443843,7731.159128643012,4260.43052591248
5619.573976258545,7316.039274032919,3349.3157484057574
5973.935815166004,8288.591739502534,3064.14563879774
4417.134342671233,7227.670397081505,2569.63633904268
2225.2131945589626,6182.033404388948,2445.877453477329
2513.6295967712495,6144.482837499263,2915.4474586325287
3857.3331009560534,7234.018807934506,3014.751303337101
4571.248495289976,6824.455480215248,4395.485812128873
4784.294828565146,7530.372630149608,5237.121447306494
6441.9109759564135,9471.964605742103,7313.510368620579
7400.283785442784,10654.558261854618,8306.312300539104
7671.965904998567,11604.780292539868,8743.256023332115
7279.501141885789,9092.2422342719,7025.085783079209
6776.382021036209,6531.916011704721,6494.585859000791
7924.8021026512,8720.378492600801,8518.878444263233
9648.937159375655,10883.215690567846,11060.00491440704
9620.426745224531,9915.766173598558,10835.872888768505
7848.049394677033,8806.493530690761,8749.096028329426
7220.1369511115545,8244.61064218271,8571.35159433694
5719.510664377951,5777.431913756799,5008.988937817288
5515.174528095013,6100.0654992046275,5452.148570197644
5537.393111122917,6095.39043688422,5799.440647991394
6882.021278188768,8812.139525788225,5439.608647391485
7952.0865709966965,8969.191823277082,7062.660011178345
9508.965203826174,10208.163311432501,10368.29996830168
8562.327522171478,9952.319856512713,8951.273416572412
8785.713735669458,10248.166440082943,9418.480390325863
7547.2876094533585,9827.081075260885,9043.302422203384
8137.229618729271,10413.380983341613,8264.065258464425
7787.407253643751,10143.017213325089,7891.321800369178
7576.91425574422,10282.402474149647,8422.641822664626
7840.545734838717,10738.524381287438,9854.54564822166
7552.08086803207,10070.1951527895,9371.013586826955
8943.076298036785,10992.692979532547,12444.330737231743
10002.118917439253,12802.338304009545,12798.14228594575
10682.495386422119,12627.892564463657,12981.635197401529
13213.673604248263,14602.772615183057,14669.094972030509
12900.29199424256,13968.973846354018,11854.426149591496
12138.229484963244,12322.755559709967,12409.051811793845
12149.614485281809,12664.850498213737,11645.771549843916
8256.033622117931,9596.281607413772,8601.46803803991
6427.815789333424,6871.228431781759,6294.084435024789
6675.926166921347,6604.479799037518,5330.138238941935
11006.52920573187,12842.399679787033,9991.221659881112
9914.622603676025,11954.397512222247,9328.970678560294
10290.573476272097,12299.611190991298,9307.6399673426
9566.12738105131,10773.91029031684,7811.391983574354
9389.616954469011,11550.193467833857,7412.682745218017
8636.53487815351,11892.257569239653,8363.179050391243
5639.350491755796,8280.430269277529,6050.665042945304
7708.177013114487,9433.10610117537,5472.912928159949
5042.724898329008,7783.498096312711,5151.962914570755
5950.476693992693,7558.387063236334,3992.327217694056
5723.094357942223,6708.678163803009,6210.952544929461
5810.429985064814,6923.734060479774,5107.791719991903
5869.8757967702595,6388.325937510205,5649.119206161514
5543.372271016904,6712.343490023723,6083.59683147309
5918.11867811001,6742.653073245403,5315.603581672388
6302.24704227282,7638.296353995956,5117.936237529268
6695.126098564842,7906.471449865764,5432.140938620143
7269.485176706747,8204.299976772696,6693.421769354543
5752.659189916346,7532.016795761164,5150.426897028937
5113.380001170017,7184.222578166756,5128.801520856656
6843.632114767437,7557.2415126721935,5749.183362005181
7304.0450746501065,8178.989509494684,5970.79826618034
7520.3834408547655,7776.432006393522,7073.2400716415095
6585.269723704335,7602.975179802244,5322.047050340951
4616.802930354053,4551.8214172452435,3145.2736116905107
3594.4060201761513,4021.5111855502846,2449.7472108505326
3663.8055619516995,4014.8361752665396,2178.2365799456447
3566.26196046326,3349.907986583752,1919.4273022316825
4805.548420772828,4141.4128792769325,2200.5761351293195
3787.3178665005034,4336.293261199051,2329.069168725728
3572.7640723873064,4027.5569285539077,2339.9105056170283
2912.6522872756595,3384.8275539193137,2026.383829613476
2713.643323034815,3745.573880785964,2335.3347716560347
1563.4849537266343,2325.3137888541714,2548.1751759401777
1341.1981948862372,1902.0879436856364,2670.451714836809
1444.8169088429381,2177.982929060119,2500.5981090682667
1141.0524602747319,1610.38721165166,2117.608782191249
944.3049194824717,1572.072305833322,1685.8379731915124
624.4415197640906,1293.4486411880623,1185.5333364522464
531.4873882112661,1205.0099017681089,1178.8253857371749
611.5292484969656,835.7583535748036,760.9641844024652
670.3020265010177,854.0845402842651,147.21548757966318
937.3883802661362,902.9964100890973,162.83413099972418
1173.1577463433518,807.8757407346232,178.7467366149958
1356.0303177703004,923.103627843212,195.51298764897024
1346.717901009422,838.6898194045533,136.76427493840907
1608.9044447544097,658.4751506362983,27.48579934046376
1664.2913228901457,1089.542366628299,83.95438668599316
1619.7065077620973,785.7398275812867,87.18872504789051
1086.4856956795995,489.748969086554,87.01887842494959
1402.9725891991282,269.4415500253584,14.05278243605177
1275.4920490333807,305.5291747513507,98.8784775325241
1578.6548970332578,583.2924605282666,57.17829300840611
1476.1694841634894,810.531354232256,103.77245738096204
1940.2955641720055,746.6266703831978,53.46071743462637
1443.9066251711993,464.0014872322378,6.789737124318421
499.1969630804813,375.4924289839005,0.0
233.27636545265347,83.15794500847771,0.0
246.06597679628476,220.36295474950805,0.0
137.50050821351624,32.71721566417314,0.0
119.48136376330581,0.0,77.287011469
0.0,0.0,80.85982443322644
0.0,0.0,72.69183670143565
0.0,0.0,18.96466328329577
2.2293707829456366,0.0,0.0
59.166899249243144,0.0,18.160593960855262
292.4012992971409,123.6970710920465,0.0
532.1462121532671,284.88804895522054,34.79698083926433
920.9747552902502,424.5571221988438,32.15880009147845
1367.608485975392,555.2301504243001,78.41766994897334
1451.5233625431601,451.0917586360058,126.88602144144711
1508.7376777217178,872.5356265101283,85.06050524930069
2415.108362685988,1172.3270290610415,246.71642867674365
1842.2090896200862,1051.5000674123035,538.8517872336733
1825.3742865220686,503.93770358755205,194.48524706094145
1316.0099912665253,419.3556638813046,110.09447994146916
1275.5037635946476,298.1994915650689,175.76666960383238
864.2738688738066,286.9062526292786,106.9728091915772
1368.244066534849,564.8007066782359,137.91643467360151
867.0325866697772,0.0,98.42412078689432
44.92273798027678,0.0,9.468016936866508
48.799991577815284,0.0,30.2435233463112
0.0,0.0,0.0
0.0,0.0,0.0
0.0,0.0,43.22388945502925
0.0,0.0,0.1094666962296078
0.0,0.0,0.0
0.0,0.0,0.0
91.31166242578475,0.0,0.0
210.68166755490816,21.828132180642484,0.0
201.6788631491417,104.15765246201879,59.541278406782
514.5956316464662,85.05130055379979,87.64798142808446
1230.211542117559,449.21135943114507,69.4113871385708
1686.0087430958267,479.1316259510455,236.05681334862737
1728.4830193684484,755.3693412196598,477.0422960973331
2397.8955151061664,1248.2398921665651,514.7685468232415
6491.347580312935,4749.999757301743,2593.307545719925
3296.1705497582834,2664.8579784824337,1696.9870398149276
3228.917469771768,2958.772445958076,1786.9839784652388
2717.2481038232245,2047.8032248745783,1589.0502757446966
2604.281745200236,1432.1432257234255,951.953230682715
1577.8932354946196,883.8039718843911,507.31071188469616
1670.8581034289673,466.00509429516853,461.0990071963448
1652.3150369949572,459.26153169894116,499.0575180863335
622.4030946633271,57.86575329417286,185.72822870593427
385.6630840255464,391.7835472481052,205.1181559161264
296.41015885397854,323.1230336358476,175.59263610499525
374.1468352060455,353.2919605086504,214.3294780629811
21.278298091750614,0.0,114.37506508875126
783.8366658855784,212.31975069718447,407.16002385975855
664.7979671463631,249.82758918645087,172.01929109111444
718.1493756865266,365.44520400459226,440.4273227568377
260.16368110439515,286.7175436146412,406.2384438434314
982.43755926765,694.0701390800996,295.7292612272106
591.6394617406315,354.27652506552147,128.08844726339632
1145.944343403084,653.3008100133486,298.1722528380634
1257.1302434404088,413.38104388831664,146.82958386130232
1222.264114703254,131.93986940412958,325.9460804619956
1355.8691035356942,124.63740903485694,249.52899830731027
1502.1032479997793,458.51284432706575,215.59519398675727
2382.1476944046717,1513.248947939742,455.0966146453495
1865.5393386412163,899.6131763370643,455.9374924662362
1981.1797811032422,943.0008019261275,220.6172805718126
1488.8795036634633,499.2240722679895,219.40524528287287
1473.562259293866,572.8046438226004,290.1115266070562
1030.0930311959778,611.7404758643261,514.6098798453683
1447.9015181246664,557.6243948449197,166.3538895038768
1165.4780022999182,538.6036454221421,381.9892306233916
474.4231946781348,435.59949983358035,270.1432920688574
236.5227650347249,84.79458229529159,295.7488183333784
97.64796941912186,193.14238869386827,165.00425635813104
140.99856060663797,32.409931060137666,0.0
74.93545874144576,0.0,0.0
126.69727237744866,40.07007349909095,372.3647152569289
512.636295531961,86.04454211010844,388.4342388042732
676.677687170345,326.3094961368617,580.4013145235662
467.7150566174389,365.3994427634135,582.5343598117116
1007.1381222809977,800.5608013481487,941.8993793505716
879.4410349567313,1074.8100493855136,1176.4473029395838
1315.2767135786075,1404.210125730964,1266.943044411308
1952.9189759715543,1682.0562251862225,1192.125124372609
1909.1089310159896,1702.99340879907,973.2589315091192
2065.8510074631386,1516.7281996276843,934.2180317883876
3509.254600482245,3209.7211322066237,1626.141681084234
3485.395013489498,2955.0057435083586,2102.231452087931
3106.2312996864935,2946.4383062417546,2059.4207903807155
2926.143139402885,2711.5856072814763,2039.9661478130065
3499.546253781263,3431.3657280094476,2256.833866551813
3819.75422001875,4379.2598248405275,2236.244371665808
3414.5827656738115,3933.1182005378437,2474.8243160106263
6468.691121456354,6680.633486509694,2547.1317259779653
5808.456994548688,6602.818176899255,3194.640149921692
5411.769019809507,6400.726496593999,4217.677537579589
4642.439805872951,6229.445664697449,3754.459311082232
3886.0649065641182,4805.391923169768,3032.191854599647
3246.386223640738,4198.92470023128,2297.580612474418
2690.559277281612,4027.718014376455,2067.592608299504
1982.1708618271682,3796.204607775313,2384.710360185578
2042.7884111802286,3621.282200088283,2874.148380116918
2055.0600499371076,3892.931996987455,2890.699834461029
1927.9559004024143,3712.550325743601,2516.1996546570267
1742.0920581632195,3275.723999969565,2648.658646007188
1933.501372850085,3416.3732691229725,2293.9062698717416
2640.444474616929,3500.41900569561,1698.9563525336723
3136.475684572542,3596.947007833067,1696.1825256260008
2769.524751581167,3431.9450650844756,2066.712284991995
3090.5486659694816,2828.7530168290727,2041.6783391157871
2668.4991100783213,2331.532860440681,1364.158713527055
3515.798225674104,3582.717929456246,2091.6073490440167
2732.457985883281,3123.0793801085742,2009.306225367443
3016.175639313359,3229.9820648315963,2212.796132298617
3406.01272519874,3543.2213421489882,2202.5028703076628
3189.280149122994,3643.591566799841,2128.1851440093924
3931.6534791283007,3963.496064759097,2149.609097396998
4099.886477774326,3964.8495740606368,2279.516378065978
3196.4246051729933,3416.7834952698818,2171.988705643184
2342.804504362065,3285.2749865149235,2373.0112208057035
1336.2045107383437,1870.6387810039137,1164.2370322854786
901.795113994503,1374.4138129640662,1231.916912204459
754.676050321215,1202.0295720499523,1185.2033677834906
758.8537391712549,1280.8781157534638,978.136070922142
713.0782048295223,1208.2717783406079,1977.198297588884
931.8044257919518,1569.4768128458181,2065.494544948621
843.0273287798345,1432.922274489547,1369.1883468672822
1248.0042898493102,1684.2446990735211,2634.1636994786218
1405.4479617430375,1886.4155932940891,1329.1551570580746
1669.3468105430825,1983.3089109917985,1197.7421291361209
1848.8454184360376,1801.8724200641175,988.8561817561368
1834.4126618749249,1259.0403823545576,87.15696034977933
2158.2054582504165,1059.5190595687004,206.9687340945443
1897.2719323127476,636.3328885415143,182.95701498313736
1810.187575789137,795.3087312067852,136.88501452945866
2404.965601657932,2059.6603058954474,295.74070622773075
1646.6493280582888,1116.6043644044569,39.67141969284699
2044.725952557938,1453.333512481146,464.47981773665686
2021.6208891871547,828.6225965239737,0.0
2068.8149790727557,1370.8166297711746,519.3155643356414
2015.172348367596,1114.2520449123417,439.9642980348587
2082.639602232355,709.8351540702484,474.20604008564334
1257.3332996493245,18.436583087009097,0.0
156.45898204836553,0.0,0.0
66.76618263584166,28.470791118614414,0.0
32.319662970795235,0.0,0.0
0.0,0.0,31.04266434656148
0.0,0.0,85.3701762913606
162.65054227789724,27.372927622629945,90.1831995276537
0.0,0.0,0.0
0.0,0.0,37.238445262173926
270.3562240474277,116.12086418644475,240.4400844131817
1053.1983527637135,579.5570168244167,264.13682561932814
2006.2800004971803,2051.8855610268324,1050.6521630589034
4387.714135799209,4838.568675081372,2847.0747284397235
6906.143138377309,5923.697824141377,4531.7993176105165
9939.269371879493,10258.276557314486,5910.495101801644
11115.845726762378,12036.122779397863,6650.861799468442
12616.043515425301,12521.898564994117,8096.910799690127
13041.804237344064,14396.627479927949,8111.685152408641
13674.888306485636,15115.245764964788,9903.040531953748
15215.168319580353,17694.9220217521,12138.19796166232
16000.723674563265,18447.920383006076,13579.21143738032
16818.9653061382,18764.836092714777,12452.360605417762
15579.672991214034,17531.415597872106,11970.37382304629
16884.694422035886,17936.22357821603,13312.428333749314
15972.947886960053,17215.84526757744,12719.73103565046
12880.35664487974,14703.114100006238,12546.2384735747
12268.716542147158,14644.076642968099,12598.487354048426
12730.285871880233,14427.027911596271,12678.044691001904
11956.750597823653,13253.069158500175,12580.768224444371
13043.64773644195,14364.797572887634,13443.530523150474
11252.534414349011,12754.315037065864,10900.515421424298
12442.943944497962,14169.27670657978,11764.889215594085
13905.416178419706,16469.25514361632,13340.48415828648
16002.022247768147,17110.694819191263,11476.592774528282
15143.867171125334,17170.636485835905,11595.860305242437
15030.149747286088,18273.0271429925,12069.45599098728
16452.0420452939,18738.410145962833,12105.69619354349
16199.81222302506,18667.224351983332,13597.283568370922
14904.883135068498,16622.199175767953,13218.63524849504
14128.301844057014,14993.10221146665,10662.039358602442
12406.727214609544,14451.725675991249,9614.857062572824
18694.567847040365,18409.32693392818,13774.758615393372
16703.167670366456,17900.799024549044,12187.857722136603
17363.995800672714,17274.65402619493,11142.52197653271
17760.28900574766,16614.691792576938,9926.602403505352
18064.476675471564,16442.018363965723,9283.607271263176
17668.615238646045,17814.261463447296,10685.009156631728
15351.989480427637,15748.596575346814,8230.178144832913
10429.03012225428,7115.509680925405,1977.185338488208
3555.957860789187,3960.32223119929,513.9935023542783
302.36554867843284,337.0317897391744,127.83768185888464
136.16500219800997,411.4520430536518,272.1709215258435
255.60498132212507,139.7595422773419,716.7520473111238
199.9915961078686,246.98486617676184,968.2855810153864
323.15925713066645,504.58704127125014,1026.2203182304436
230.87235638913103,376.2930776740636,649.918083939194
135.3345343969497,283.43377352224525,295.7298643419727
318.5415420852912,466.3248037585662,237.00101635693164
948.4147926145323,508.2331744133365,0.0
1399.5555695189803,866.2545652319435,73.48600050039855
1642.7130694682437,1155.3213685978944,195.992797601075
1946.5743128547758,1262.3847340913321,171.86435801241285
2133.432752333367,1049.140092008403,206.6377202195856
2256.1163266740796,918.6483665456626,500.2031180916697
2518.9325634120587,1423.8367674305885,487.8851630631374
3722.048554120271,3588.838616114727,1460.267242927868
2680.664008353324,2665.4489249550015,1916.743161462556
3769.8598437878977,3504.3265227409274,2038.2962071130155
5043.509752733673,4178.045595142393,1895.2009810180764
5297.104199705525,4665.933476057319,1875.510015030466
5238.143036554153,5249.46694538001,2852.106033881307
5472.13270312054,6446.217300997762,2950.960796188594
5359.96283231934,6491.030591861059,3637.4676914263378
5038.037698791552,6954.354101765803,3569.7365989471687
4215.543861440939,5605.435927942709,3772.8825100024974
3390.897014089407,4545.863020301366,2917.4931091335134
3384.124740712035,4231.039014683058,2222.410908267281
3370.472562868951,3680.76246755855,2289.4043655540004
2840.029021701305,3361.739862481257,2311.780384119369
2653.719252357232,3482.7549650691635,2324.472134551598
2727.9067740230653,3101.0632094906387,2383.4817239537697
2298.090410233567,2690.7885731149026,2165.1687997771355
2366.922862253071,2559.5294333682173,1488.563058891264
2102.0988568405232,2115.3264766845973,1299.01467368444
2047.9129911844698,1770.0335260396337,900.0616683222045
3966.90162673961,2962.430557023321,646.0138022891157
3941.2337630403454,3437.1949559622117,791.4501425714129
3893.094291674812,4033.5696840141145,1469.121695581042
2889.378443702263,2617.102824956284,933.7767443958244
2930.73707023478,2053.1403467304094,1075.7268989659349
2696.289313251339,2164.976933615801,1118.9166019635352
2528.0121439357854,1844.6393312277512,924.1348290366598
4050.792500415773,2748.4324963323365,1207.3656329643527
3435.5013703715226,2671.5724909340174,1096.180537153139
2915.8432818025844,2537.667873504654,875.2910714798578
3792.5570158264327,2443.7263242045888,940.6593035920218
3029.2177860351876,2320.33267827759,773.6505523016674
1315.8486291513227,1204.1051164038888,836.9605199986527
247.1201738861761,84.29727846930147,294.12904567678305
218.0116015057909,82.37764849327708,267.6763154873232
188.04914861267247,116.85777951088032,87.94763164149971
132.82301902996784,0.0,156.03762925967385
102.45837887212667,48.99824013241589,30.63143684144623
38.45075518434717,0.0,0.0
43.58100251722074,0.0,0.0
8.81096055989947,0.0,0.0
66.8239458489533,0.0,0.0
269.5673759401435,98.9799560477705,0.0
383.29517494229003,331.637248420894,0.0
1160.6865639647308,676.945964521423,0.0
1498.3218209168867,888.2742874375679,0.0
1647.7023657676605,735.9332426775559,25.993237288307487
1639.2831560611335,873.2400513641712,31.91194915397279
1578.3304770120778,456.7464089663631,25.000544235127546
1245.629411754664,162.93988223232367,83.4756063453212
1375.7302703658656,271.2615788701075,48.93686954443303
1312.9286037515005,254.40369635086023,12.291922682147918
1289.2777493819813,287.34890296355263,0.0
1112.2765401625632,451.72445893048706,0.0
1436.9548618202903,258.755830913074,0.0
822.6360069683728,0.0,0.0
233.73275951336916,189.71754055301233,0.0
238.29610991244286,37.59789787505731,0.0
186.39421844925766,23.88512882860057,0.0
119.30928033867959,137.93408468979743,6.135333964302054
20.414181630276133,0.0,0.0
84.72815585281592,0.0,0.0
0.0,0.0,0.0
0.0,0.0,106.5480352743464
353.71200386032734,0.0,25.21004119163188
479.7759778771475,90.3789077849122,3.930292725370985
379.5055813110648,0.0,0.0
765.6474397325587,304.0279099002528,0.0
1239.2902695235814,302.1553182539351,8.875212638087712
1267.6279751633551,313.2150645575558,69.40373362281666
1239.1397802004128,239.34113856018234,22.008391720794908
1450.3532667730183,470.0313927179783,69.50769748148902
1681.8109565019217,441.60806728527496,80.68280068032975
1003.5708883053585,172.7774973871754,0.0
1201.1412457162262,189.9918898029785,0.0
1619.0523783266158,169.29396846555687,96.55801806308156
1535.5778228276063,265.03354473797737,96.0708915229955
1234.9894800710745,235.9479704058129,104.37248017342814
1549.2707156369584,575.1248826382481,0.0
1370.7217827838476,354.58918770733516,13.446116400362705
315.20407469748966,213.169781401725,0.0
283.0044168721158,0.0,45.83490009682519
263.9976881763488,46.50173685343792,0.0
176.40750783163975,5.848592568009167,10.684748771409668
83.84728679343527,0.0,0.0
0.0,0.0,64.54638918998008
6.1051781238881375,0.0,135.6124456324689
40.99938480925056,121.98022478364317,16.71437126661818
398.0702947975231,166.80639707964013,118.57191049041975
477.58890003250104,228.38272436705495,141.87672747412222
214.8246922858105,0.0,129.433514349701
326.9802619229901,10.65951403048134,69.35008794728793
779.425722694829,248.36599097289587,23.00937890328462
688.8091921788576,0.0,23.65568210044625
1358.2627081468422,273.32672607042946,134.5152051329922
1651.9317343068121,530.9739370406724,228.6959404654647
3704.6304640567514,2176.585061585416,1113.9971234264094
5341.734318136712,3690.436385854566,2085.8445650923345
6102.985706184654,4218.558188147921,2243.35198468222
5942.707106777198,4366.664153011253,1826.5971406106005
6120.649863799544,5255.096673390558,1565.8294727976895
4991.071275494605,2593.7545765687264,1361.3281450819322
3756.6634371947416,2475.5751592450188,1993.723401319288
3340.768179372468,1749.6413361277716,1297.965651291873
1642.761946467309,680.6011065804138,602.7387738068805
1432.1575763466253,812.3304238074505,621.2856248799412
898.4956166363678,424.9993217518877,438.3574941622398
44.05952552127238,108.13736032067082,67.63629084516323
0.0,0.0,0.0
0.0,0.0,13.671136115162229
43.750318930042454,0.0,0.0
58.001609363937234,27.100267210983247,123.5926764364944
342.73235729974573,225.36039312942586,145.81128603446015
960.161347527636,447.47790687417836,111.9660784029939
1102.3682563716063,660.4458462333407,116.91739384499968
775.4572142886011,369.7880170841397,183.2815258280237
1271.1242894516051,555.8026112605562,305.64733359256616
2018.2330374262776,1003.4254473494191,571.5964637290253
2018.634207513718,868.3610872559495,660.4803597131862
1966.2742649552752,884.7289677752699,381.16345289984366
1972.3250244369392,649.9018860976881,287.121433298971
1535.601039157922,697.5551488782037,113.48179650984014
1790.1871934545259,852.8422670116057,330.7833491476918
1578.293409380966,557.6342415299108,67.71413120261062
1957.772669800343,746.1194662513268,380.6334579943948
1579.958680963397,1005.6570140736542,312.30639063335707
1700.917711418758,910.0581719562755,398.8095057877399
1741.1552404774325,959.6429118610804,107.030785350656
1275.344785642736,1104.8402161635845,130.46585290060284
1099.3908798147393,1278.9629729462226,120.80905230586944
938.7619505328626,1324.7896070404552,147.64583682327594
1559.1613921398791,1788.8027637004343,633.6625812109947
932.836883806869,1548.9725371405282,952.8550725072384
972.3699073210151,1520.5128008795664,936.1966754326378
1092.4558450938712,1769.6416389788349,1221.7299469787224
1685.6210705722572,2192.695861251802,1008.0042541919836
2005.9682481394618,2613.3712211337624,1511.3440969162552
1796.651532122593,2024.0766674885856,1204.1006746925823
1892.4636705948767,2016.740804793544,1417.7398591166873
2174.035723340712,2088.0000485609567,1382.9438946886917
2309.81752694025,1944.877661434423,1201.6112674781025
1942.5394692441928,1280.4078176555215,454.9941106793142
1989.278889791326,1066.0461636101263,611.8828042589417
1854.3997645711324,1119.6094429412276,555.8581093964546
2603.774568026727,1542.407607204493,706.026126275974
2152.9861808533597,1499.2278268034265,566.8851831701966
2209.9725524722935,1253.5883609556995,719.5083690675694
1998.4487855503496,1179.580215297332,720.8135935850554
2013.2342448933564,1327.7065300558395,786.5845058929984
1829.2598832195017,1372.3772930000225,745.9585494088855
2119.2146555175486,1223.803317019324,634.2446117036922
1797.4378475932838,1166.48762331714,700.94421559314
934.0230525469862,1166.8679762348693,904.532055151872
956.8488229659387,1181.8627879819862,1139.6919347879038
753.0198089901619,1044.3600694890615,1088.7306876505745
485.9458439310186,956.1354250189952,775.7209997838436
80.15878394996935,428.6588525351015,257.9148516906986
61.03801686580081,179.37760579582147,216.27947294522568
78.60934976544792,159.3635391532856,248.72913462277785
139.606556735247,145.64367891184799,235.9877754428377
180.25346121104383,165.79360311101595,135.10331973052484
503.44698399699183,305.7079478566667,39.22706233498363
781.3684275631349,525.5970922145264,7.235693979170689
1180.5877955971139,885.7973567713229,0.0
1544.8938764495852,925.1440834369647,91.23692836657872
1714.8250353631968,952.2005303965493,66.08177069859236
1396.9558238517193,809.2519177558886,82.30117757826463
1116.2499420076451,472.00552189287646,0.0
1714.0964209734636,809.0561046658555,96.64798548336756
1111.688931908298,497.3362617428462,29.448220033225446
991.6257482484657,262.7737914549557,30.379426150157936
1180.244008742088,227.71776368061,13.3280179367367
1175.2112870609167,192.70662761750833,20.710261106122235
837.7155639687638,287.33231202481676,63.527895281598646
1530.0815823186256,439.98815846371446,49.43006161743082
1094.762635065332,300.91414273528306,33.61417340588223
2.029351276420094,0.0,80.30343483550506
0.0,0.0,78.85337152222414
0.0,0.0,0.0
0.0,0.0,19.19712022319069
0.0,0.0,59.65518020065964
184.2792284554509,108.62253407525832,257.0700133985054
130.39558194766778,88.8634447570372,219.0928178737426
0.0,0.0,48.28141291688601
0.3510269953436165,0.0,40.12492686052551
86.79922111671421,0.0,26.97287128346604
463.3264433214647,325.2525330913014,107.0835354203502
868.9657725510789,507.11413817224695,335.5902321222775
2222.8720807980726,1500.9300273351585,914.9306398883036
3068.2681249652173,1882.419231482043,1225.2327478767172
4191.789128543202,2981.257812197346,2545.223057761638
5920.032553291683,4608.179145034487,3004.311934372161
2350.2491434374133,631.3401599337226,1200.517737391003
2266.6315544437284,974.4059790473225,1277.75525689749
2641.431185513846,1099.700003217374,1463.6921027435246
3647.5735002101515,1810.3471114746985,1292.5639078002196
3357.80487066133,1679.0871381683546,1225.9756522977025
2724.3378727657296,1040.6871953305747,1051.8821812207534
2710.952657772518,790.661175068723,687.3957645746971
1810.0240269345218,229.0371283123925,247.570428580832
584.2403617317124,52.58396291392643,0.0
79.93226384968972,0.0,0.0
0.0,0.0,15.396621221126605
0.0,0.0,0.0
0.0,0.0,2.042670173254852
0.0,0.0,0.0
33.901887309970206,0.0,76.3840593984127
376.4852319787291,294.525576760037,494.6352556194152
626.8088520633826,300.9763151892308,543.842814195122
213.35542311555886,0.0,109.45700294420438
737.0823016298416,551.486720401318,286.0637037013282
1804.2823994435528,717.9588705112803,840.3365576505254
2580.044984296759,937.6300582369179,992.3247099891798
3724.4003264862713,2740.352147202223,1794.7243615908153
4197.857044522182,3234.299058175555,2358.4589867166337
6250.988642140772,4354.072603133236,2636.340691971629
6754.859759148952,5026.851977120084,3220.8516213016665
6830.811098045373,6237.584958446881,4070.9977841913897
7078.753363816396,5695.090047537073,3847.11256170816
8524.772354570034,6679.875321245524,3755.789195855461
7812.574461080879,6779.910921289997,4077.82708442546
5202.630880073664,3877.8896869616137,1745.449717401386
4522.282412904324,3051.2741074590704,1544.2066528834127
4631.465034008401,2473.4905848070393,1812.582934307404
2761.1621451019464,1435.1793973822232,1125.8976459508488
669.3221525018279,221.28715902861143,138.3792669606386
111.30768706485156,54.705522907982825,15.10442076729793
47.4344029841354,0.0,0.0
120.34094670321616,0.0,21.067485820347084
34.097107184030165,0.0,248.60989526516207
234.41906209217456,165.4195168567479,394.618657787498
76.50106453396108,189.1275073732533,0.0
13.627641019951014,0.0,0.0
75.42524069392604,0.0,0.0
219.98043292139758,0.0,0.0
500.7600571965023,122.88887756540382,0.0
817.7488528320962,65.81743573100066,22.810058120691625
862.3192996205644,5.226197154097008,71.66766337767307
902.1554521553445,3.288251000230318,31.89367693074099
1025.163100479387,298.8816416822653,0.0
1559.512529620524,533.0823832188955,13.086485994004288
1175.4936888588309,385.0405449085397,110.31046135038748
1037.8934171095314,298.7289801622424,0.0
1586.9199394904026,558.466655729445,97.88376025697114
1904.056715369371,1037.373423783808,110.90090736260171
1848.2875985730116,1271.3960698266287,125.6246555199426
2104.529263214713,1349.660352620795,47.54301651089819
1655.1499923190258,1090.3625033751036,107.22462808621256
1170.1595807588083,1336.2047725597872,193.83317959241435
1076.1035078317739,1114.049993269546,412.9410388489351
881.6732862543962,1182.9108249794083,769.6684776722767
1032.0496502969213,1227.5616557602464,992.6718541685362
1373.524101011029,1023.4946235610798,1256.2621759235644
1106.1124544280979,1113.0773854372067,1244.708873269278
879.5946677339264,794.0568568263953,1328.5217975426535
929.8093593520728,1029.127396327197,1055.8809710045673
1010.2763673701804,806.067987887951,656.1657446463415
1299.8899227045472,1116.859112118646,428.2559533507489
1347.6479609781343,974.5004909588304,394.9563136107214
1626.8469380520507,1464.340811231173,593.8495253569959
2334.2809635084104,1553.2265843526247,879.6788972965069
2669.8932758506976,1531.3763809945453,431.58322810989256
3600.1755789266513,2110.8806016078715,482.642813462762
2421.3085679728456,1561.1678961998985,337.74235708234454
3793.35483878601,2836.9395285021415,603.7716976064144
2941.9336123027488,2094.6697797891347,566.4271169715
2908.2576852082716,1749.8859550433438,389.9203920135175
2880.388582208169,1413.6833833828364,196.6868574067732
2796.1925414491275,1094.9680121739234,179.2331460574221
2139.352113240402,972.6952588102354,312.6748131876181
1901.017839639175,970.1489678903521,95.35020666326552
1772.5284936475778,818.1067108593816,48.657013651852985
1561.2747228132484,887.7594534187574,155.19984983161763
976.2940327118594,1275.4750022213223,269.1680364012381
1192.4620983790887,709.5298493111516,0.0
416.4140099603904,315.46531082926447,0.0
430.5363294859244,717.6000560056985,146.10451565746075
415.46704639351736,866.160557680861,318.11429453604615
827.0207835115762,1010.9172318858339,578.7794277699156
2008.0959906185167,1396.7575519295835,1045.0208091816678
2119.5795221087424,2161.2122119874284,1751.789516634834
3439.196563949411,3233.423722196174,2715.759386242993
6149.038262346577,8996.006642850389,4567.718793355711
7256.79117577325,8873.139749534406,4787.77293393977
6968.91166489502,9053.861163793816,4249.428898220197
6513.6384748015835,8211.883314257026,3615.880501707348
8226.797183943323,9339.87381326791,4293.951382590003
6233.716060710932,8081.813873486995,2755.061826563301
3309.22734152657,2468.937164811872,585.9004791782609
3389.2993793308606,5744.518473762136,2107.01228087287
3107.7068839269386,2697.293661734349,1561.2225742649096
3890.3419621470025,3734.2374403171552,2071.751965544788
4804.11073627702,4353.374477231599,2569.973484274113
5039.426685387916,5327.2304050997445,3008.7073549116867
5227.534898201494,4383.861725607864,2484.855497737067
5236.7199506327825,4934.935699980944,3209.036297312481
5080.3818056474975,4672.295555150304,2319.691784634489
5058.588829087109,5349.702731002176,2562.1517717799784
4066.5138436799853,5120.742155717479,2252.385148107825
3787.985226326232,3894.737031948718,2350.515967220334
4312.939666593444,3805.0357373557617,2900.211070711547
6406.013288242422,5666.311150816153,3340.4202884766178
6991.499692943252,7047.491315157424,3755.0290668763137
7292.033377317432,8590.307143011732,3880.729475762792
7489.959366827098,9518.30926321588,4743.366132094759
9330.712757212634,11857.875908271928,6632.664224844205
9974.910477841378,13235.63298509909,7970.218397828772
11259.511064561893,14373.176634011117,6378.663317638515
10612.471345804877,10825.650276370003,5118.615168630287
8489.928527137337,7177.449756141693,3686.130293417029
6816.20633576957,5154.0197390794365,2940.580549657714
6569.797767516215,5296.290459691394,2750.33537626811
6554.08195387962,4098.4784585943125,2478.6489916523906
5254.066791770165,2968.8166431190493,1268.399543477974
3153.8963937364715,1709.4747226393567,950.4918565160048
1669.2863949371945,619.0792397877357,27.819120497768488
1457.1169111434206,700.2134375898594,442.51468789908057
1067.99980452882,611.2500761474537,764.7204616074982
1374.2510634162022,585.4567100447792,773.982953773491
1440.438588595095,830.5976719890332,623.5458469729491
571.5707130174598,485.9015230372602,381.7165606354725
245.38468349241754,116.33933485303864,148.89366090935152
44.696738523368126,0.0,115.97637061093224
64.11143457445338,0.0,104.19125122432236
57.430096820530224,0.0,28.24278746457612
22.86231459497799,0.0,14.42325367847065
62.89132046229565,0.0,0.0
93.47897256022111,0.0,0.0
39.89323153638922,0.0,100.23731518796026
143.3475310446395,0.0,229.16446303004832
532.952197609855,537.4468932660484,157.3042465308168
918.1945931557111,765.7525529762775,40.41273754566191
983.5210137308668,596.7299646580125,190.7170756753113
1452.127004483631,891.8763990814593,17.52074126495281
2267.4591209117843,1148.5608060694647,162.0006491977255
2505.8841699152586,1986.0081521562345,282.71663494589615
3011.425323637345,1880.554842674557,350.3026106558334
4421.921510690233,3017.284249705847,932.1294632130124
4387.407209046357,2834.1882374678185,955.868157266866
3000.970787832985,1944.1258708266923,861.5831084337327
2750.9606886549386,1158.134644452633,554.1554312580804
2126.995517783237,1279.0492756902881,543.732171635063
1571.199931543043,491.9120419093796,446.64990720076
786.6531280874204,121.94165376091445,95.64361848538935
144.291863044741,192.80105487697273,132.71044765036794
75.75542975802419,152.84195084095757,63.91354648533863
0.0,169.4444274020541,162.50041599585165
0.0,47.742342493018626,52.446888117824905
0.0,160.16361478991013,0.0
0.0,167.20011550347186,36.9742745193171
112.80153783655604,0.0,0.0
316.8171668959024,221.19923206425688,0.0
401.572693994188,236.27084409875982,59.48145778440677
725.308830717338,587.8442468666442,132.1008240248546
1564.0093104027171,1120.409168076896,269.248002258824
1241.1862486919294,969.460345157251,252.8888436050506
2212.8891104013937,1573.7173835041617,272.1441264687421
2518.6440044560713,1414.6285127814224,315.1843961557891
2624.4242781803036,1413.5443929790774,323.13625804258743
2719.24328117298,1375.445991317805,345.7118595139528
2476.573325524399,1397.228859667608,263.2156244825534
1747.2720414552796,1016.4674836469383,304.95235681674507
2398.695509129539,985.7954238590844,331.2563820053343
3017.6943065143078,1048.800337703747,754.2622212634817
3263.5712685520466,1756.886310764342,1614.1294918606584
2054.303084156297,1066.9694803091506,691.5836433963406
2482.6665341497396,873.5591687939321,832.3041573829256
2262.078395359812,1373.8555150944828,853.3722032050194
2264.7452235661212,1733.8115604403345,675.1467781928741
1728.9396139489418,1334.6045128240933,763.9315557692114
1421.7887474678341,1404.682956243642,870.5076948226781
1703.7906470637727,1571.6402454101294,1468.4426518334246
2575.4870814912733,3891.6992598329625,1299.0366724582202
3304.2145280803866,6077.8416579789355,2454.3839695387296
4969.421407880019,6818.812540072452,4469.244598757884
5496.076818865835,8234.809119982836,4462.6302053447625
7489.424849807258,9789.480504548568,7032.495174402381
12126.37542382937,14547.047235281012,9153.17066568244
10726.693587356289,14430.664537352826,10397.072750140733
9639.756400478562,12945.079187155501,9015.84122312651
9494.499582816,12330.33232080606,8443.24613372937
11940.34241345606,13863.082888749526,10221.348791364368
10748.93817394219,11504.604819126374,6848.690181395106
11323.53787009258,12226.791845323158,10155.403673524892
7820.514408977437,8885.92795069749,6386.596541775658
5682.938258405806,7127.2526532706115,5376.558592385662
6332.360409546464,7308.378793668857,7107.744435496503
5040.286677624279,3734.6685539723035,4189.159538020479
4817.125091212015,4049.4480966990413,1099.3713481703674
3011.8670519565744,2545.3118418495897,898.2185022884141
4547.211452190742,3910.0172653119835,1653.882010551188
6509.318351994073,9100.929816974294,6375.748231990244
9504.699529155178,11466.895032589104,11495.125514271613
9414.388165735374,13085.763855552548,10104.689554022136
10821.226759669371,11695.466732178875,10593.500411718836
11696.998463605863,13092.776196727258,11765.610491824613
12047.030745248423,13437.449149462256,10586.068089258257
13298.734289674607,14291.370625588039,11169.529499433287
13265.894185344467,14115.500072168561,10415.408748704156
11108.078889392122,11959.154792940524,8093.672747369499
11586.840142708697,11639.298050678057,9958.21367167423
12818.562674178196,12450.431813404288,12297.445742598826
13066.64576313432,13255.544470526362,12468.396308091496
13305.782429813777,13219.814041253489,12436.835907819734
11946.908321087552,12294.523080493585,11167.102119883206
12146.984564322169,13406.968619199666,10754.235610677722
13308.144454808682,14116.237372941925,11251.49306964082
13964.551255313596,15149.840590463933,10787.796718569269
13364.465712977415,13867.093824799027,9699.56761023427
14077.359063696656,13262.523935078436,10611.32728073999
14316.70809011632,14109.271354857574,10668.304480484465
14383.245530545404,14124.510327454427,10648.989901119809
13899.369698396613,13794.514245507786,10981.383856740344
13642.626279841032,14076.008340843793,8775.450718073494
13829.706866666935,13917.221912388683,8685.434676868923
13399.181220087343,13843.891344558207,8861.155050039979
11350.124916597862,12866.537203304442,8405.457184424646
6424.664574169449,8409.8638840086,7457.481736765844
4818.942357659884,7003.162595236252,4069.2654798323633
3820.1857264598607,5765.939420733759,3285.1456870820475
3430.475211198843,5770.851550676325,3232.7758281949327
3167.531515054807,6400.89706679312,2819.531071373965
2977.848461075878,6321.352780901825,2412.225800829566
3066.970482979441,5734.835352158029,2836.957826759036
3367.7606104446972,5283.267965691057,2687.77083843366
3818.9861163157666,4878.586232427875,2733.828642541383
4005.7972366428417,5839.962115110116,2967.472621792053
5147.591336682953,6175.850421538771,3081.622827230343
5526.126207810847,6145.7219361941925,3007.195246846912
6219.833356196939,6425.755882547452,3273.215065237551
5633.473473956862,6380.843054550282,2105.4044288328128
5444.409341712355,6628.114178192317,1480.5179156047714
6169.514548690804,6361.4171880416325,1560.5453043681116
5718.676528076234,5364.150984688247,1296.448651598564
5233.119557037042,5277.557761527571,1149.0181132354433
4181.3848499072765,4310.770876990084,1659.2616650055677
3443.809223349028,3053.9256018096653,1026.2179277694406
2777.24667482843,2688.2980719256766,573.0345783998584
3549.62034635846,1866.379083889498,707.7541775704445
3009.5549125255498,1613.9313078117189,971.606882214565
2248.6731462237303,1445.075339376105,818.4052768699389
2064.2463745199784,1990.1462216561172,1069.7860061248066
1555.0112254269588,1571.3563618506319,1385.3198742617465
1750.9217573298274,1891.0796100862053,1202.9048233287383
1509.933485598694,1285.3263469776316,591.4809253163216
777.1944479638846,1282.5378618108982,281.1448051044448
433.8295484450657,841.2533960370214,290.37119705086457
517.2164384323953,682.6686723244704,233.22219764807485
709.3142344577408,918.5087390853137,305.0206098205787
705.9825556373108,817.3107108238082,288.26693463421793
1574.2462436992794,872.9953704294649,397.4380548576218
1773.4850626684558,1149.3398139055084,780.2487298310454
2978.0711441592402,2358.100199166123,1301.620268545782
1414.794582379106,468.3253216975421,725.0076439859912
1917.8307456908612,857.8698977856701,602.4584042206401
1895.7853079171964,806.7777184753112,605.4432363099656
2401.4795513708877,1643.2661058143606,1275.8453672474693
1923.1714813725832,1258.4274857247974,1162.2210763895007
2146.9660378493327,1332.5336831044065,1126.8950442755215
2224.845434764443,1394.079339013834,727.1254596370098
4251.484247022931,2577.4353699610056,702.6178189899559
3679.6726125301093,2959.7267428875734,1192.6745046712333
4335.8597760287175,3536.026978506344,1162.471500771469
4815.610354443219,4317.700105945395,2393.1847593685834
3635.146187280112,4488.7304164766065,2203.3913489968045
3993.5454576378324,5024.832969126372,1430.442169074316
4515.2453271703735,5291.800635933975,1984.8204468455287
4894.762653674008,3884.0339768306612,2075.0134383564805
4143.191569361631,4805.921013530723,3279.338745595984
2591.283745127719,2822.1428318308563,1037.8957988926752
6025.8535195901195,6506.995480506746,3498.0980125541914
7075.356239051236,8747.250856421933,4134.061926435203
8729.353146577607,10302.674562438158,3455.2354173970134
8209.406989956022,8916.065446895833,4487.415285393394
6045.473941596019,9525.308692436962,5616.507409900207
8078.429563275218,11244.276842950898,8078.9531444469585
11094.054389839035,12561.00768577399,9210.542935874362
12423.62746124448,14252.302500522996,9975.334773435954
14047.267269163849,15449.617659575924,11293.17497768618
13927.733710844637,16687.702036177103,11007.638682776816
16457.97355648214,17957.87629312977,15233.502376340197
16480.847872118302,18663.332735503383,13107.37331081851
17314.98091731888,18724.86418494273,15125.29782075255
19197.62931162029,19599.899722683884,13585.2168265879
19652.818677056337,19842.00214262201,13825.50955661536
19064.257296040156,19429.156306696594,12811.131569304447
18747.564007096033,19008.12851772979,12878.678353359976
17291.188947790473,18076.98569051169,12946.683116211798
17367.969507406982,18093.722409453083,12148.47196478344
17153.513720669023,18669.65839503809,11381.450517413925
17667.661955488737,18360.859243731524,8115.146949782581
18386.513881886323,18727.01870727439,8526.690241533266
18055.552376619653,19146.853050654503,8809.887956953587
17004.19476576662,19257.76361443021,9486.325148151534
17362.602813453792,17982.245783359573,14365.849965073756
17811.287370187925,19006.347648216983,15001.947546302938
17532.45027304018,19296.138726900124,13735.550227364756
17995.09480153318,19344.210223458434,15015.30738666911
17905.795606932254,18975.166056353315,13795.226186146312
14920.131241142932,16655.576161642002,10468.514431037249
14229.81914951794,15638.519672176935,9429.60589106004
12454.00476376911,11786.381942533966,7033.645560790241
11649.085108068817,10776.403504172971,5866.767621881442
11030.284702779607,10081.798012246989,5364.213465547029
10310.99756838692,8710.366315243233,4099.011911440392
9104.276645568225,6356.125489290881,4088.8641724402783
10860.110000577999,9096.112863542208,4379.670196465021
11383.825853580563,7816.929711111751,3726.2705617709007
10755.476860200863,7453.968381388742,3185.8380558966483
8051.639373493195,5634.008317864232,2653.899205359932
7695.188787731737,5126.90225771556,2438.84769046092
6861.401293733292,3297.388237316118,1320.7372451701829
3434.4484711396744,1636.0673381412826,509.8721689193556
200.91345285678196,60.072062691033594,334.39299875371603
0.0,234.83483322756695,355.3531250488185
13.806275603335493,0.0,0.0
0.0,0.0,95.87746868273916
0.0,0.0,161.30071524503796
0.0,0.0,26.20708797767664
0.0,0.0,0.0
0.0,0.0,0.0
197.67637918845455,0.0,0.0
223.0260277681072,287.2185816200148,0.0
328.5644855067469,282.48012223038603,0.0
892.0954180315758,518.004301790526,0.0
1078.7471575100326,419.9105229820842,0.0
1460.0026402098017,634.4364726014119,0.0
1533.3959003542036,907.4559077994246,95.27981108458371
2123.0114003837007,891.038477714118,73.09583375249072
1616.621249616453,943.8213135633362,60.38629168809531
2550.769364930742,1143.7713372127535,222.66784248476569
2609.5880600316727,1199.5386030585203,94.48636492013172
2753.393874956923,1215.1026700713041,0.0
2127.3551452888696,936.9265364908078,191.51786754052733
2349.824733509807,928.3685327770277,42.31239602196644
1707.1690196199183,726.9128122790403,8.176097758125247
901.6743689675503,640.4166469224346,136.55464488930713
560.1427567067427,387.9113892943835,112.71821482472104
219.91371680273016,242.57631337390535,36.77805747515252
126.93456919581719,88.12479112364146,64.83474655971607
252.99651027973488,165.35111703902606,267.48799270167086
172.78196567603106,242.00665429172386,102.72966992905914
71.21953351289196,36.49238914232561,0.0
333.88418690788683,0.0,0.0
1047.7686730142918,743.3715160801287,377.96621601617954
1243.3750529852437,434.204521931354,617.0983141218848
847.9671565756141,608.3535317390323,1.093081189320095
1236.2935081946678,1034.6434024761836,115.15845389944668
1818.7142622945832,1141.0021292622234,61.071490466044864
2324.9916101005074,1190.8731324489102,468.91490615587486
2376.027057317194,1432.2740857824872,500.19013801345295
2333.6662038459503,1382.5907067155545,146.52341254595365
2033.3706753040083,589.3211791272425,195.38577946881404
760.1420603162813,170.4802001007904,179.3171062183631
1162.2575391231348,317.0900625649853,136.07794269578702
1329.4639365764792,447.5597710496676,0.0
1441.4082526991442,489.47426597636183,0.0
1179.4589053829409,673.6876927818353,0.0
1565.086106073906,740.2331066410354,0.0
1576.7716463414868,1075.6467007457832,222.6844283252977
1642.5723957902048,944.4046592041229,468.54981755354
1554.1918007131057,1345.1375329657037,485.2999742473274
1483.7440607334502,1305.8145794288657,345.400225888772
1323.4081841462414,1030.566318039953,353.5321942000247
835.4018948276533,872.2720423079949,362.0277958288336
633.0080682310045,512.1271924177842,235.0475704579784
672.7782985923933,622.2455415352115,372.30547139439176
757.4887741972682,906.8595584179982,457.7087091904419
986.0886865099619,630.9904879639168,122.26973573499544
610.2735382821406,373.0860911989832,108.82005397294716
450.3276815376239,370.17292569681115,0.0
540.0847272971321,288.42897837965404,0.0
884.5074452565404,335.4246950150042,0.0
794.0330847761161,192.37581714164492,0.0
1194.70117932309,293.4535822883859,0.0
1636.3617298269676,895.4283424488681,0.0
2113.272197821465,875.5128099977768,185.9775844317512
1846.3217387149869,597.7013241721345,219.69120110633068
5751.984328134961,5005.539839902804,2582.1745386671173
7063.373422717876,5429.70278336755,2289.735160130548
7625.241457732688,6847.121860507754,3183.61259487839
6941.800266100887,6871.491715222272,3377.91787126419
5310.9430575229,5201.284583331202,2512.8930832216474
7033.860907631845,6633.698890483527,3195.020874218297
5747.654590973924,5561.039506893287,3029.834425628151
4338.8730513346845,4196.904613186271,2221.561768489823
3274.2269965487185,3849.073485530669,2088.8222281174
2991.017812628712,3245.6444140091053,1890.1126276534376
3352.911189718453,3183.709220544106,2676.4829974508043
4547.5475532165465,4406.525098624488,3338.8177368996494
3817.003630157652,3442.1424461158476,2590.0717844486444
5519.895984966823,5490.684045736072,3825.135792946643
5825.6210412894325,5935.000775677885,3277.8676617587366
5702.146951691413,6328.429731949098,3103.254817409805
5201.779618917813,6060.423634149455,3008.140663627288
6182.44058997871,5817.669680325251,3485.9484135613434
6322.43976476619,6841.10836032873,3599.67962236985
6039.014317034811,5253.859057423315,2941.169008858601
5617.718683767326,4599.670825030674,3839.204505302918
4167.833486191881,2865.8832702603754,2565.352053855844
3487.8563933247283,2166.7322209664603,1731.0441604521584
3013.560375926741,2149.892638752503,1705.080508007317
2310.0301396635705,1470.4712600458934,567.5636123725056
2328.0464920962904,1359.7795998883696,625.2483189636446
2489.143179355247,1295.5655238147451,718.6169689932176
2186.579387658548,1616.5183490117934,1560.1370662844224
2653.094149652829,2328.373622077983,1691.2703109549198
2966.1940404715915,2722.8409887566854,1860.8762274791
2696.5530959995995,3226.9405267423203,1527.9827088533636
2468.6795140661984,3169.581528844547,1667.5081619976322
3174.337969068372,3895.3887115502857,2507.616810921879
3734.8261886701916,3775.4310766371113,2802.576053439952
3207.316433935939,3857.5064916614856,2335.746933448951
3090.8032558779214,3454.2009953257357,2305.741183354235
3303.64701461176,3617.697670115165,2377.7583826333776
3112.1437801048423,3616.651261496534,2437.3124880613223
3136.758156251181,3591.704257389357,2663.1277014433795
3696.4228166125677,3778.1378588686503,2664.9308428197824
3840.8861539421623,3837.528797015855,2586.552579988472
3433.0440787539605,2840.16268864119,1885.7787433998888
2878.505981720085,2285.335232945454,1420.8235752083242
2837.853890489163,2041.478043787678,1292.3422821170957
3135.3256877336644,2148.7927467071477,668.12894639188
3315.645650231696,2713.61179950657,730.9219371013404
2861.5189299170324,1692.6909052154056,420.2389633869851
2212.566387756885,1636.6277294623187,318.73464505695244
2422.1573587784023,1499.9687145171595,344.66384098694465
2223.209701760921,1410.8285623336278,297.7557675820164
2143.972285423087,1347.3404835152896,184.302363306828
2161.455904499761,1566.7385166302356,94.01093843383158
2846.155308382245,1493.5095535902738,65.38838080486406
2435.440550077593,1430.1165092938425,373.2842728743098
1699.2311534140222,1534.7619372072218,512.2838412739113
1165.9708031328742,851.7019089681966,94.31519562561904
788.33484431331,479.48103183351293,157.86060081702735
309.0714500400441,189.31584063268429,137.227984472283
359.99670944031055,231.6852264964714,107.0983825317628
0.0,15.221314915449042,0.0
0.0,0.0,0.0
13.373167591874008,0.0,33.74178519509477
158.54357164615112,0.0,41.91187167985588
307.3376853649592,335.0973766007524,0.0
275.47101098986616,165.51409202294593,11.734232329475734
520.4034617880627,675.8385722769808,144.07597517429204
1031.4218700813283,819.46428130525,134.07950703714127
2834.91839127809,1499.9695959738217,153.63948009538925
4185.4029615712725,2736.747257019405,1195.824494595138
4173.176435791443,3528.087221327279,1053.373019661577
8231.320186921415,7096.803885395723,3894.678739948804
10257.514705486908,8284.633826475903,4956.201080780077
10476.602159019429,8421.012616935133,4472.151089033682
10698.747814578399,8564.5310656959,4398.803269381158
9450.288449035257,8509.460875594577,4466.003157182592
6908.04362218471,6309.847923921454,3832.860988827917
6770.911602869349,5500.330070837718,3276.3377576670964
5965.618039504039,4221.258535807387,2870.3757157899163
6070.293738467262,4694.980414236879,2251.115756287814
3834.2820272575923,1892.3356551907314,1361.4998932651197
27.29439727821729,174.96869268692296,470.2126981563139
108.58085155353074,0.0,80.96582285250108
79.37495429945102,289.25148996391533,0.0
33.11000810471889,0.0,0.0717450634133998
50.490364015821186,0.0,103.73811516705076
287.8736932413228,31.826994556989234,150.28802706357646
13.531776518698209,0.0,38.48484992006602
0.0,0.0,1.2433887846711833
189.29666295242856,0.0,8.464621690199293
490.28009308557694,54.112302916132286,0.0
968.7367889498321,191.2751248605452,3.7048987083529727
1160.7779316277704,233.36250167917603,0.0
1338.039874296871,423.48943171249744,26.554237382274827
1548.9433317091714,644.4328802507277,22.38085138646625
2211.41643546562,915.4089144348533,116.24630706615496
1892.8673781190523,878.4330991911504,131.544812338813
2620.556874237827,1083.9728862461773,56.24120657392639
2846.3801416775696,1201.6648805121267,244.1417649545021
3041.967955849359,1230.1342874227742,361.1223817338513
2613.0594034413916,1223.0735750903577,306.3351943121437
2825.5515023284943,1250.591104559767,0.0
2597.760771092976,1081.091540054198,198.4591912627704
1757.2439709852285,915.4568768031565,132.7539440832437
332.5455504937919,114.94061118179208,0.0
76.99008017556025,48.23856387944805,35.360882438059164
267.8540890262686,387.0575446257474,182.47037043619176
137.71444134224944,55.78378297209913,160.11741140350105
118.59118496229061,142.82626323073026,76.93030233199444
0.0,0.0,153.6195777476399
32.366819036839985,0.0,192.0500266480081
1164.148580695556,960.7567667384967,516.2231706110088
1550.6101482363356,1349.6528766574013,478.5711260500906
1556.7027816942737,828.0615666766215,373.7272494817772
1758.1284773484251,1254.5359249232706,525.3601149486428
2419.3069794398457,1477.9411685714294,574.8647457737014
3233.2488260812615,2329.9611790779795,1047.0115495647935
3880.2829501977517,2715.36570552938,1320.3385141660258
3854.5712040404114,3188.9218755456523,1473.596561610664
3229.2239708175157,1693.5683628640465,1423.522795114893
2621.974660936422,1794.7656630279794,1599.342904308355
1585.8764363582095,590.214003844852,512.4638237675921
1482.7740315023277,174.81168594419205,604.2195138441583
2682.1706331416494,1029.5914491124213,1012.2199004420894
1795.3139005053727,1208.8071636807485,611.0159212101634
1553.4017598091064,305.6757549902668,686.3027661041903
1468.8141941357424,740.2076380520034,630.5546656272393
945.5302940370119,849.4113401919603,902.3641550929208
855.0850088298555,456.8427793171356,166.79716473756082
114.25197755894021,0.0,449.35535413462776
60.51201842286268,0.0,348.41402441515515
109.54844179728576,36.59093146317484,11.697273691226425
0.0,0.0,1.370749908398637
326.95434199079745,0.0,135.29366277264683
482.2254270048384,264.6136393689954,138.2582920322647
529.5162655295238,171.9029090083602,124.2433840867915
1093.9238762269451,461.73318728677265,148.42769831909382
1308.3998095650345,749.0420448214269,264.1721656461648
1808.3455893997543,1159.8669714327382,257.29838428821887
1672.210253420788,1639.8408563155276,642.1420278622531
1477.8242069505518,879.8051241088393,233.85258050681784
1718.9114274155654,1009.5075654556638,288.4825560876069
1911.762529423088,1638.5410374459448,342.2054149959675
5725.410632051724,5269.493059328205,2059.004669937589
5157.66208318988,5538.22478576383,2256.684445345104
6810.549593697089,6502.146899075311,3380.050163844887
7714.152616275966,7670.704069437416,4373.441035725565
9712.880989748011,11225.375204967306,8849.959603706862
11438.642029545786,13111.522013542355,8613.55022889109
13063.207027434302,14777.721586653754,9008.916088954911
13368.92825613275,14882.654004510056,9526.848054546112
12073.460275600622,13821.014754781545,8204.345117886589
11877.773579805904,12366.944036900872,10511.600371774874
8718.981704948475,9188.61816064086,9300.69223596876
7262.535245195475,8195.0443979344,8744.619980257205
5757.088202009341,7852.68496589,6645.190147368136
5679.7225068455455,5994.211066668195,6332.378069717877
3987.330887498827,3912.0196619545536,4628.528287953935
4263.555199685683,4421.809208064657,5060.29951182307
3315.0763111337683,3660.969986743883,3613.719528912434
3363.44566084812,3148.3588707048666,3181.633976187883
3301.567098966808,2818.9055785096134,2733.285723733126
2265.1593263109303,1672.75863211387,1405.9339148002853
1900.2332260981354,1372.375603161456,868.3616234312657
1865.185731593926,736.6872067368708,565.8535951306588
1787.8811784747356,802.8265679092326,247.14778662635177
1861.9115724540247,925.3142494171312,19.50172794793235
1406.8246780909185,387.42475562944406,198.16528733224368
865.7276800238312,90.94327514048507,104.35006745442688
1191.7744128094891,172.34993667001459,21.63072039723801
1264.2554378882314,126.43333163731732,48.556058704518215
1331.554430950021,174.28369794429906,66.72691899284861
964.5345988699842,323.6749886163972,79.50134488592275
1178.5378962914306,240.4203575288454,34.68576471623827
1082.8139754339584,119.75530079732471,28.256770117608305
384.3700425518544,211.40237855891257,0.0
646.7555866811199,793.937278296492,0.0
312.2825211243814,35.56565490736075,0.0
327.23052443572266,110.18695459991163,51.08878237615768
206.5173664642286,228.7796108006063,201.4546061207712
477.7081841630536,261.98230060817804,242.3059073797998
812.0546892835697,616.2946650247218,605.0595191778632
2420.6107043263028,2048.7809781900305,2335.822762065096
4392.711645867558,4390.024157454924,3853.397784840132
10069.447476164894,11376.32934822527,7010.388964887785
11949.77075577083,14443.991938059402,8041.604055298247
12738.850201413517,15524.389026916346,8802.461724911507
14362.477977424956,14844.448370666112,10840.522548553334
14263.6771661993,13883.228751668876,11214.008580464044
15974.52932721917,16957.606670514753,14904.652288752744
19012.74727281462,19050.94745136307,16025.97539351942
20184.232049791874,19840.597819935338,16848.156471112103
19532.400704156404,19488.2795510361,16701.69926361654
19755.351062776626,19587.8489616913,17197.38436899146
19428.583366508017,19527.037721853216,17221.560363853547
19025.62197030791,19083.428164340785,16792.36432350483
18739.088063091836,18753.801064523293,16339.267394839317
19141.300695094236,18870.24365146035,16586.549483308845
18964.007614898746,18626.708104105877,15950.681109447516
18195.696174793175,18566.113525419914,15313.54382959771
17812.598173656497,18113.525050062475,14971.385053996431
16681.491119529986,16571.4308587204,15488.46549469794
16384.838730126332,16294.205878021712,13970.382265152575
15866.967215936831,15615.746290903808,12693.690062028129
15161.58748290145,15026.552864762338,11587.905863511083
14922.112232231939,14819.266869765255,12993.217697718354
14863.042993902394,14778.17293147795,13357.798855114605
13053.860583352209,13315.887800620023,10549.664961359384
11611.076219852508,11267.216611346881,6965.648511083944
9109.125898692606,8491.98963029244,7221.606539988469
7225.3906130927435,6601.2707519199275,3947.785398707004
8498.736876624638,6358.876083600934,2228.2253299521462
7412.951150928009,3643.769302350759,1976.9899500603328
5137.887591354947,3423.4374829673534,1199.1002349406765
3167.147065493007,1693.1734829856512,709.4731026234871
1589.1255411993707,683.3583441549686,472.838257315728
1640.379533174848,805.4964431857558,449.3585956949952
1749.349166492098,510.66988349026224,357.0404775867989
1791.2862923320517,637.2961730697567,267.2542686170461
2002.1102246745359,795.1794070339147,199.3876430660888
1535.6759882894257,759.0474599302979,245.0198673109608
1710.6199295449308,599.994248234733,124.0601872235153
1191.0619497183475,89.59199051211033,0.0
329.5973877047805,58.908593995348895,69.52801835815826
102.4417504821999,0.0,65.31147536289556
113.2217284339061,57.95458717720142,128.48849626638895
130.92533650463093,54.69707027227555,196.8130368158533
260.15670706228707,124.2717662842365,297.5035212175911
721.3398303118255,999.5072983008123,936.6967834266686
1997.9858379730895,1597.6396541860506,1103.3778139334463
1779.2722183840585,1682.9479579403578,1585.4604556464362
3424.9387936833423,2535.2913861502693,1443.4313922296717
5039.993668445634,4118.741197961129,2765.07894032217
4977.096347152478,4347.772997151714,2788.9865435165243
4532.91717087184,4109.157136893338,3140.3910665731223
5171.202227602886,4873.882118916314,2908.231312619648
5132.710823004887,4884.7524866909425,2412.815878898356
5338.164143039522,3909.7087489921823,2700.0285170224
4811.410242884055,3636.7644437973963,2070.860939969473
5420.861420267225,4766.295293395683,2826.914783740631
5091.428604530196,5118.148832495151,2426.5280211871964
5968.211881458699,5690.318089163293,2535.2953139065
7984.662184223325,6901.720264743113,2342.171054459125
12765.657528838994,10316.91241775279,4815.683860889946
11379.622897762623,9319.80949211877,3918.928845130435
9356.228034500198,7266.596324263636,4208.3664820818485
7403.865172292381,6365.108724941981,2972.419914997042
6019.244589996932,5051.41088148197,3044.1459944912795
4263.842426355054,3757.8401941336083,2256.8604073222623
3130.716673128317,2692.0009030885735,1615.9079340616368
2666.5937423786663,2241.7093538957997,1558.1977136524504
2664.144125020492,1777.849055305843,1698.5352335555872
2529.3579169622044,1537.1244834308272,1655.9875058769153
2384.800822305547,1587.8657876957502,1811.0527214947488
1789.038574685703,871.6613244180921,1152.785078702071
2363.360294436659,918.011860368548,1259.4490364975911
1472.5009161108542,776.7517069943278,285.93599725536563
535.1595324836244,371.83095856479684,103.9095169876818
582.9035475807174,427.8088376985782,153.7372252382363
1160.0298598086088,667.5143531674065,200.2150044753048
1783.842255767751,833.9027623635103,189.59846678833537
2232.452728455388,949.8308490768086,290.05658463104623
2141.7908156575363,1311.8945691493604,332.6997171413507
1991.6363603054306,795.16101667316,0.0
953.7507698936779,592.4837520789298,21.107359696072383
1377.0647339320906,615.2909995700339,80.49496207971237
1871.620790719231,825.4370110888464,530.1835223958446
1828.2440446172045,944.1224965680663,740.3601113693684
1568.1208149616523,1076.9567703673954,809.393292662791
1912.5877646064146,900.5071277079035,689.7756346464089
1707.9785604651222,485.57593625551243,376.9891514519993
741.8849987769674,424.31868786819587,166.1613546499682
303.533915498215,281.7434782440374,283.99466779391
0.0,133.73959501793445,262.8118194383409
18.163867418499095,60.34648374743013,92.66066452680374
0.0,0.0,78.09039263695823
99.93452442567451,0.0,118.95062004704748
112.19257337698266,0.0,155.7485511491939
325.994447989945,0.0,158.55904449853276
784.2496898123377,256.14909615780584,254.47277751350708
757.0382037184218,330.71833312417596,83.69500766245024
506.6086488414049,63.53322533091573,116.57387662798638
1102.856813736322,518.2400516068267,0.0
1898.117883700219,869.5557042219498,50.27979323757136
2624.160454869298,1172.3216507592845,455.10044542353467
3290.303491280429,1916.0953020704274,909.7105474307052
2739.220553344628,1922.46066823203,578.8229647121664
5435.073838816748,2998.840492859128,2165.978273530607
4942.187639242871,2901.9858653452966,1668.4195798558303
3883.6843453513407,2320.3728681539,1368.2007226110643
3607.825720048775,1824.1411271134596,1511.6002007602606
3862.0551014787015,2050.5109399106987,978.0112451009863
2684.9466713553106,1496.3751389546742,259.0739288069374
3090.8782789885427,1261.5558665699327,297.8978285987426
2071.14060839496,696.6229824646666,123.83442387583922
1101.244018250644,246.51359017983918,0.0
605.9515129006634,199.34687467868918,174.27754151065935
1234.1394814536134,586.4822823962121,708.6550838643009
558.6284443962235,298.04325269810363,466.8205702970195
353.23866439627466,399.1914361229635,235.569737978987
648.5671704981426,211.31500320880826,375.7539580731666
335.4487178592908,0.0,218.988075123137
215.35140368109052,84.85381756319191,0.0
350.36615190398715,8.446307910339954,0.0
277.4660042183847,0.0,0.0
220.7892178954592,188.97817664360036,0.0
630.2179251769924,357.9340160698807,0.0
1347.4597827826774,523.3938155676927,0.0
1628.8550314953354,505.5129429582596,0.0
1657.9938071389015,817.1728682360106,67.40648095729289
1681.6399493106924,1048.7511226192205,65.32217429962385
4247.283030417895,4151.749846537487,1767.399603368604
3178.423694460903,2737.3312106732205,1588.0815715988897
1957.5843279278406,1369.9649805716244,837.9970983030639
1617.7309780394369,343.4072073084147,93.24174374905644
1336.5079642424034,269.88172462368664,28.25408192215002
1054.5205219705053,265.52516389887654,62.86561654519752
1315.589641358583,326.8201067787919,79.14206630396994
1080.5326668546816,118.75967794154792,24.91352026112645
331.3608382189477,99.13692277471131,24.154631795458045
126.69938562260855,0.0,0.0
31.161610636883324,0.0,0.0
0.0,0.0,44.31843318667689
16.110205253128967,0.0,0.0
0.0,0.0,4.262769778488484
64.09122517199197,0.0,0.0
227.31503170645652,0.0,15.719760776050853
449.5700387751517,0.0,38.41097305912067
490.0946961530997,85.2212427147355,3.870952176770925
333.3547586814076,82.16287841119832,0.0
871.0889280662024,402.0046396830939,14.804758291405058
2452.405498987576,1229.1863676157432,395.3817521388827
3855.6095991316433,1691.8259477227837,952.3195913798876
3761.610201353478,1380.1605509125284,880.8243731621063
3445.8785941092247,1774.2612687469089,716.2847032278797
4306.34955311439,2348.5131934884475,945.6851200005078
3125.580424011515,1577.5201994655233,843.9796074049742
3705.986680641732,2135.033595072905,984.4106167119018
4428.021590781306,2925.5891685299725,1414.0786386824882
3885.3253497849623,2753.8442113693545,1335.3900567910148
3911.822585021705,3036.472206306814,1610.114868785622
3801.3665552949437,2255.307535595048,1244.3414893323677
2856.8701837978438,1756.6139697590474,844.6780975370114
1432.4974005491908,1672.810589791767,580.5620363236366
2307.190823186511,2092.3189833888177,1281.5160114454009
1645.086415297431,1475.0701666573436,1185.8814967960698
4411.917735283198,3696.916119400957,2458.072249943425
2721.6720053334025,1854.2390644802076,1741.3925019402957
1963.0631134207956,1424.6587107811185,1399.6657965957577
2306.7579908459115,1522.0586031206863,1061.744625417714
2097.3735847901926,1464.7110621989495,1087.9008317608532
2127.516828512656,1428.8274642111403,789.3829123637606
3095.7999832470227,2009.546340045935,1194.7426056231843
1987.227826964414,1693.8274703030936,1194.4384915635426
1806.9442883138047,1213.3233622366358,1123.3221297526163
2232.897337362091,1453.0182488047592,706.5266632276478
2011.5962860233467,1047.2939133000552,732.4170451436248
2232.9442906737795,1362.4380279244122,684.960005886015
1997.0642882422853,1010.6249806191465,324.906125180788
3269.173507633773,1457.3584545198714,1483.5139253044242
2048.9455614689195,916.9622235325232,973.6797175541408
2178.099057413079,1009.8284561229998,744.7743946158079
2171.6461527708734,786.7143687140176,115.7931954735403
1427.9485155182235,756.0991819170084,442.0781278864484
1194.7429622258364,696.0298371843264,681.668199382454
1599.3799051788246,859.6345191376051,609.6236515988641
1470.506147731809,659.5830121558322,363.5338959604972
865.9637447617589,462.26885429995184,180.67888823100785
282.5752097687642,149.4678442698692,14.995764120846191
99.68517906812482,45.456891263613656,0.0
95.13470201389553,28.978831198827223,2.961771602811785
162.65659251083846,0.0,15.874544277732412
129.21437092918745,108.90426313476091,207.20948179157784
88.22022780402204,54.86168752224353,84.00010480784047
332.44535237202666,132.40197230707463,191.8411241071493
77.69156055643062,0.0,126.23891921087768
117.56059739908838,0.0,214.12405949330883
156.50675999978858,71.02372985655187,154.1076472420485
443.2374676292329,168.88788841479152,91.43236641011488
2103.7296808692117,1365.5146742298618,156.63321187986418
5269.311299207579,4509.444563889865,1632.014846202869
6266.548374701129,7492.05409704226,3052.613760718661
7699.954302091003,8275.240748591568,3341.35837077887
8809.296481599451,9906.548180294667,5112.225768646035
10879.31169289956,12966.982667356187,7162.163713621209
14181.875292876244,15592.656130772039,12164.490013709144
13644.060671679606,15025.260370935935,11588.823411997948
14882.467544537783,15774.787321015432,12617.402056739522
15759.947086767166,16749.72763635879,13996.947463312432
17912.43465489515,18109.9546142859,13634.1568222804
14900.294775072458,15880.820223317238,9094.193785399377
11989.184224110631,13566.639292878312,7162.417760268826
9832.414392584247,10180.511556543282,5492.363817649279
5451.1083111362495,5602.143005351508,3449.9747395428126
4146.57918239187,4360.239015562053,3008.083910303946
1652.4506033026946,1671.4949175827346,1346.9184296128024
999.6001326940749,1418.2235222648546,913.2018322662552
476.51574366992816,893.3578290254782,694.2376637516379
621.7970600542972,916.9859236506013,433.4781575351605
845.7204064062502,870.3565172353724,112.74336209704668
445.53126032766687,704.3057361640604,82.07833102556184
476.7161279903874,789.4728068103627,36.50892446469464
966.5923117826434,1106.8101117556685,78.85728556218625
1799.011512468876,1485.1074281846745,224.148475978754
1279.8566690842817,1053.879818336349,272.93530259574896
1546.8801334777368,1137.6055479445995,295.9780432133446
2128.206381677657,1451.2106269800513,191.28247049313632
1839.1799286142384,833.339621303532,408.5088747848427
1487.237956092395,931.1479830018525,309.5365797337536
2308.3427604162457,1101.653186501981,267.0328415029892
2320.1315992999125,1128.6855323261846,275.0945774308126
2018.840516609357,1270.226740964744,163.21781308322198
1437.9841125843227,816.785864786958,95.42571747412222
1763.6656307349901,922.4854343877614,33.399704723243595
1777.602628126702,831.6893446043239,79.23389699619706
927.7464292411038,535.2210661541137,124.5820078646926
771.9938746244167,400.7836508058002,46.41894524491138
493.6631572239936,421.1208476990029,112.8209906237679
416.71016522797174,332.7656209329623,494.1373705243568
110.16030497769492,195.84587271521985,386.0641161802375
237.2016592052061,22.392764842601835,301.4300540406367
713.777926100173,228.7416394988824,259.8307541590866
1076.0001223875597,927.0288155915189,416.4109126094695
589.0923128802958,424.6625815769047,166.09057290475457
1005.8327906234128,484.62423302480335,0.0
802.0698262058158,377.1136845133303,0.0
1273.0967409514687,817.3093436057248,67.42913741331066
1928.9441746703408,1034.981593185659,249.80803187132145
2186.088187478701,947.2578004170318,396.4470443034383
2986.20324192533,1044.5954428356204,628.880841310529
2940.894169423578,1419.6964298496728,581.7985119669881
2808.356534630414,1048.9461930636942,380.5384312265064
2797.268858833863,1463.2315899724933,641.4240438442267
2353.1260301260336,518.3541715133936,229.9845983230982
1910.8984427987668,40.80492577638252,311.398124632806
1779.9291088787465,211.05143816624872,178.02265303764838
1207.8157785761655,121.85215177996457,137.09832424604932
1569.6379667755014,182.45207738257506,12.869249113842391
1327.3536821619239,200.88936771243527,0.0
1419.561627756324,1078.2300233349984,0.0
529.0563191922099,454.209467498774,788.4815287340946
357.7431995391184,339.23838135990195,546.4132518199054
273.861677541134,103.74845338117662,598.8820080960089
29.88441998078065,0.0,0.0
940.4397182064093,782.999315172581,765.4482753932737
2558.368485002053,2157.9941007603325,2449.132435331689
3309.5838772786274,3234.50865452744,2418.370541679198
3919.1639183976695,4241.817851985848,2414.536163211841
4131.9388659460365,3133.250167760479,1941.3308297771807
2023.5072617820379,1735.588523445878,1209.458658390913
3157.6844083052792,2012.3602868163014,1928.2594644315325
2467.970304097992,1657.5336231667693,706.8887076546164
1856.9113857264015,502.65244398770255,9.941003592117749
3426.939631338108,1824.3956904257955,1223.3038667294006
6002.816047015484,4460.115065357692,2450.308838591753
4646.338803055678,4471.788018002587,1401.6692888622945
5037.113186442175,5197.180061498373,1808.433576442765
5006.201004349563,4552.0461021927185,2086.571708598155
7127.247827780455,6009.073988710305,3281.985366141364
7143.8538505650695,4700.468371937488,2373.005725755811
4717.092496944386,2674.8354907966436,2128.03787340318
3212.152257728911,1644.802498577404,1173.6165579900828
2124.447834131078,1041.8802313177578,316.0246403721998
1136.012967342964,1086.061341808959,276.6460862659593
193.35456484729968,230.44851190779042,116.66764463563804
208.77910234783047,465.3173393420235,485.6114204735861
157.04331951190153,369.7055907416488,31.90713433680417
91.75331843260048,106.87030484473381,0.0
12.490451488450674,302.82677269405133,0.0
48.513027091272605,71.9365147819768,0.0
719.3649499509706,644.0574976336253,352.0929745546268
686.88055440785,536.6765952534637,90.19990512061484
809.6470708794124,576.2966991754624,259.52636174019455
1281.8255857797164,745.4836586780799,307.73239687195974
1541.5647396799193,1286.271384672129,244.9786665405623
2626.8615745215693,1471.9854420448946,44.30591133212066
1945.529949277587,1053.8749069974251,154.76473512654738
2064.6337233761437,1158.2697902566706,224.9334219958423
2436.087293576901,1153.1709651737883,52.81329816976948
3247.0282224883745,2569.0640970605223,1096.7230898839605
2680.017938761712,1275.0643434195488,111.99465782796544
3507.591721340334,1487.2980854657744,620.7616104352664
3842.6280219790233,2111.5020514456396,996.9600954964974
3727.802739104715,1836.0095929661811,1191.2738164442228
3421.51406043367,2186.701483789948,872.6446083538563
3922.7046871210177,3013.4118985789446,1185.848137439602
3389.6802263052746,2146.5103465330453,1291.3855692096822
3138.8434173846827,2840.5921691568587,1330.001471947225
1839.8264265729506,2001.427576349794,1422.0992067300642
2255.8133865616146,2632.7894090902837,1531.3953434251514
3344.892570005709,4663.134024673798,2077.5737382649804
2791.5519656434244,4971.105655588294,1884.465465598463
3127.6611342299216,3204.849285751444,3224.800319018918
3620.9947081245637,4070.4563425796787,3117.270079723605
5669.974033862112,7914.669338897833,5540.883848302653
7989.762534417127,10191.830138657742,7226.681059593844
9695.091440691338,11197.435135784384,9003.665923427641
11524.576679670887,13172.36528954485,11914.024493157727
14178.225125295101,15144.863326673232,12849.017586454023
15196.603372250092,15795.648271387174,13605.078230090105
14649.805753788913,14629.776450586365,13542.069513867156
15873.660266907513,14642.350058582622,13731.8133369837
14672.151933359317,15003.99110205382,13698.51188838526
14249.572805124983,14800.278438466354,12709.065242591374
14493.99261578096,14578.669693446556,13703.363723742576
14049.111662630017,14066.774465409238,12286.509704020493
13096.821269627599,11971.198756306212,10401.836464711649
10728.706463063689,9900.9206270431,7650.072875639419
10401.905782894424,10584.628118342454,7788.87532227829
10956.059712665905,10403.964792925522,6107.906188142544
8666.995536869243,7874.870957853867,3294.222462312131
3155.5729568576508,2908.040737368437,1673.2938936521198
2302.606376762007,1575.850289485822,929.5144170584168
629.0165238042032,610.0080346683181,563.4193821296717
1397.0136257679221,1360.2534281663952,810.7753156585575
468.1483194364887,474.66419582221585,526.9786770565673
126.22780672991556,20.47248267259063,297.2844288523687
0.0,0.0,101.12264694748082
631.4770556492554,321.01742702297383,79.27702750101409
643.5840747584558,477.0259140929096,162.72143503384424
606.6209290668806,682.5581088064473,410.6647625501064
1103.6978311391083,839.8043473163593,305.6655757482933
2665.5041343216226,1581.176829438779,681.9738730676156
3431.8014818438696,2003.3232901194986,1681.1566026304404
3152.3607044627197,2392.181304274942,383.35261851513945
3874.6740023796474,2398.250212416998,674.7404679158717
3344.1351326489475,2678.5457731209412,949.5444805676772
4633.264746183945,2153.3410411556715,1224.2745976070178
3851.5141372440744,2062.6529653373236,928.7164139106378
6294.578869802294,4449.81924373201,2923.0425053396807
6486.883288994544,5212.817563286984,2516.441035321709
3824.547812187499,2478.3772430260724,1248.5123009163058
2837.0247266392025,2286.979469833871,753.800986746924
1834.3309498367564,1035.7983659676468,358.6185056864416
1631.4744498913435,557.0772527227825,249.0243267065413
1461.5539031745968,1102.8032514027389,690.928117585983
815.3427370942741,935.9809390991655,660.4902125505654
411.3557830896164,637.9247021038614,1190.604437107862
4.591714051572993,0.0,645.8467474925237
179.18127932124577,0.0,642.4690666908724
638.4284909448453,479.40813026861593,819.1156654503667
530.8619849833719,398.8955929904697,618.6265689035546
1028.114468598279,740.5737979878958,442.9064610026045
1345.044280893418,1311.2237045215277,430.826582450859
1486.3490541751885,1432.7933770168313,759.9867697987406
1263.7768194023802,762.7549015151889,859.5473499066603
1747.9683883602918,1146.5217453920736,909.1410981234068
2171.8239033668233,1401.55939174589,848.8855089503961
2025.130003792254,1141.4505599611716,947.4501631407873
2193.419401655362,1021.490658489872,781.1841166212832
2336.8398490989775,1291.7266174217968,934.6546176091376
2709.6863998650697,1541.838243458925,379.5074326493856
1805.1445972892982,1076.946599800029,480.46639805701454
2246.201262551147,998.8812522346411,345.0102461431426
1849.0700850188841,570.024902566283,217.41333400097403
1781.7536671380958,671.4909731614921,259.53422181855706
1511.3737726695274,512.6776377111748,310.1817566747448
1579.5228145848303,199.48501512450216,254.2519707247235
1390.6893401893026,157.25474860990602,206.0856236438592
951.93567205151,574.642297489361,377.14403804306176
329.1107026821499,248.72287734083625,303.97466599426275
400.65404315105707,378.79423636685124,498.0366942639105
517.809739626704,651.5337350951177,490.5917668776564
429.9912388167792,514.1883305501023,385.418379786965
923.8182113002838,797.5102102934258,1199.707410636525
2240.61623668336,2052.5770039159224,1889.8972539941883
3783.5368001181455,2823.0060408194413,2280.8121105888818
5486.012253569831,5328.836144348324,2851.897459929716
6262.306613577295,6531.133346725714,4079.9449380812152
6238.768590689989,6694.671313463263,3512.2904572914736
8251.326847293747,8344.973483570166,5038.09394304912
8751.56343789255,9683.866151390817,5462.7510365185935
9303.445165056053,10062.911937952285,6063.56843759025
10404.429588048077,11858.2075413103,7814.131074839591
12872.56507194721,12755.790776928716,9836.016629503774
16639.166063850444,19544.220232524498,14249.228359448263
16115.669701220391,17817.909915816468,12859.666195003869
16564.06170690972,17502.918635264137,13378.426725133708
15739.56443625549,15673.183565641648,10602.940624161643
15332.313546330724,14261.61682821452,10251.681554998277
11922.7453453122,12108.284050668433,7603.600003461601
10329.6551146315,10703.143351254388,8120.549070943294
8944.938884795094,9113.26701528672,5792.544057786281
7584.878029800526,8025.879652945176,4019.31113621489
5154.451750546761,5575.700638962255,3185.736564558886
3923.1794642195837,4879.640326179481,2458.147785466228
5380.891576300557,5169.872316444911,2734.67833593824
6722.314074723512,5669.800253027171,3622.244903241201
6361.906991549289,4976.952909007695,2981.442575017448
5692.3819496055885,4572.106473985935,3779.001689607385
6147.01934864849,4898.415670427692,4387.317792777244
8211.70634141956,6672.419633087848,5643.324527014272
9695.264410493219,9763.683954519609,7176.225010290572
12418.132040003871,13126.518136480758,7271.187106088183
13687.204331151306,14520.301293898798,8426.773641240585
14336.412074815276,15589.045030302443,10064.437987144574
14567.159900616889,16797.33882861489,10654.452341081842
14581.87754142912,17404.243641289904,11770.198572577883
14833.851290499135,16959.055740260177,11817.186314069862
14766.242873219504,15594.82527541103,11359.57268700451
13911.521288621161,15426.670969136712,10619.09548988245
13697.291693651394,14607.220368384147,11183.84145722276
13432.20465225961,14519.219671002144,10846.433875664172
13185.44061595439,14670.630370578889,10330.470114259617
13016.803640356895,14610.689469739898,10364.081167072356
13861.565348776165,14807.87185382094,10149.63792887726
13264.788255997439,14726.15089974142,11201.36534823246
11569.189308857534,12437.608748229866,9601.964358247023
8947.954055443472,10067.20317178176,7908.423660193053
8690.764989260091,8732.569443298724,7724.023291448514
10281.03982290181,9536.263477960758,9645.80095653516
11551.519439468542,10750.255631850197,11624.74805409843
12047.187524369681,11190.464353251591,13723.334210773646
14004.174128331808,13025.576518240248,12962.43698762847
14420.976340538784,13573.665381583914,14411.906713355933
14501.961943962782,13960.83057237633,14513.641282217555
15145.069736711386,14320.686314083037,15897.350232899458
14454.919155278445,14689.62295232941,15242.672837840304
14217.101158627034,14609.670222640643,14215.244167248413
14813.23221422388,15261.32052389133,14664.797485292676
14789.29121531514,14815.79707362609,14511.055745915615
15107.04472586293,15375.07244662026,14112.229572667857
14987.545359248541,14831.79090564216,13541.762453017009
13475.451964546197,11564.335948752847,9725.537301078351
14492.168026264726,13592.78760008228,13318.048147300182
15621.512360039324,14323.433409110612,13823.221097011055
12904.37325026024,10688.541635908265,9547.155858255552
10784.78263968666,9255.917363613744,7969.255827511191
10115.622755054841,10739.8532706067,6010.8601048597175
12062.878372019246,11074.650552088702,4536.654181214366
10272.283467534846,7780.133266814032,4338.588167219298
4513.403318252939,3794.7140347436475,2861.602549272827
1663.7304856974872,1968.4054023727972,1347.4220649356043
710.5427680989757,71.66989272492019,343.4242568480332
633.3296130433591,308.36079885229714,670.3405202212404
295.8440274950743,0.0,595.8545504621571
0.0,0.0,237.1823149931875
368.133344236734,0.0,573.2860122593277
515.8375056253506,822.6488578127075,864.3332471390831
434.4056035864156,816.9290200366607,631.8710934515343
504.17397196660204,1115.6690214996333,770.6834554779252
949.6371022453695,1096.4392575958013,831.9770053051849
1529.7281746392491,1111.4921976395776,866.1079063288241
1622.804607573999,948.8757179809122,452.41408397531023
1217.5179921264353,421.76928535534694,387.861332604208
1652.8037839521805,789.895713318313,442.249635557585
1541.4597861264974,789.9688118108176,174.18988954839483
2363.826844435126,1124.3293653496783,860.9493251530234
1627.7684043390639,634.0885014165927,779.0840780796823
1869.5872072288082,744.061442013026,852.9509437795667
1999.872035550427,545.1893865434797,867.5354567685943
2307.262662518522,961.1775299974553,769.4744271551091
1680.5306147161687,817.8779856475289,814.2256533036833
1997.826282783025,953.0016410244647,891.1638387134726
1981.4551559869935,959.5141350327822,1029.379351327031
1353.9740866877457,1114.262013548533,645.0659307614774
802.3310860555966,483.99641675044046,475.0322578366439
350.6199083226594,298.9637119119296,185.34390789890165
73.78251140475838,164.4121114025898,234.5649839682162
0.0,53.790885117549735,284.3323137426094
159.23542345753418,114.75855929275171,182.955301618767
27.828388794493847,48.8331574131154,162.65142058086107
105.2545342597285,97.87370608450757,70.83212503750165
421.1930610522106,213.14835060139745,68.73325348720523
249.963174269052,149.13094056316032,0.0
367.27142779337237,280.4917604294516,28.57268324285521
421.795818355546,39.15768985053821,77.73300193809382
845.7556130378142,237.92686676434607,131.80148651995063
591.5077953225892,123.78124990528067,8.467050682166692
818.6311224169788,191.2610470259192,0.0
774.7147951997015,195.66726088667735,0.0
1127.5450940506414,225.44142282124463,66.93535567879867
673.2303082174176,0.0,170.06827622471775
1006.4334544930184,53.716663077853795,0.0
1439.4679588893289,107.78579487825756,377.4576932131088
1977.2178280471626,556.1571948679604,658.7243905944435
1781.9683167069459,1005.3764516636095,793.7002034347656
2016.2523421871601,909.4550430128227,774.8020599562782
1116.9517217323987,117.7594668848177,228.7048510264353
400.2332636447674,0.0,196.30345531447009
117.0774218751934,0.0,74.95273551658661
0.0,0.0,108.23842842169356
351.90625459027206,0.0,65.17434316453783
76.42035607976621,0.0,144.8733264611739
230.87768699135808,0.0,117.95336344042477
140.8236987688963,0.0,252.11124321755463
598.2220740366556,155.79216218647434,228.73347779591148
449.8811868178907,204.26789702761954,410.06245714417634
938.9812916724069,513.5028869392299,216.5417477229492
1281.5876833147954,1300.4133194311883,1024.0683098749714
1133.7124860261367,364.84788549432204,344.367335096354
1558.5545660969683,1420.3803797003993,1001.1270397009048
1612.2855836483777,900.3154769317048,872.8981708181547
1662.5342270414121,755.9165548118494,831.9308577424547
1737.0304832561778,1231.9654342392398,529.464952557612
3233.273500900154,2826.512158025574,2243.535654589931
2784.582078733943,2249.7933420556506,1313.3341199431527
2106.75764870256,1448.4667591361663,1086.7467375222095
2192.64734238984,1277.1225395110764,1005.682979817654
2113.3555585644795,1494.9986233899326,512.3970912518471
1292.5891737324114,793.497334848757,0.0
1627.4371321836434,889.2055640010623,23.25771199716681
1271.5285122098376,597.412035950282,0.0
592.7688072728106,545.1355019915021,0.0
400.23998417937617,167.86082002262242,46.20769448130645
335.1266034593133,99.98647495642889,30.53850842302648
806.1534160991766,746.1313788489211,767.8356267243711
924.4981627961957,672.866104618691,500.0605279310015
760.2129732672267,269.3592173048985,251.5769982490934
366.6088277909336,74.55019216966485,34.59656228728637
1266.6931851476895,981.4234789976497,149.54881897196455
1516.9634939798761,1646.3097218624184,524.1942907550481
3316.964989818383,2951.698115207711,1270.195689105894
6234.79167938716,5972.86801001285,3143.969037232758
7176.647623173895,8723.66326049073,5708.50927518701
9461.90993999861,9844.09041884963,6691.739832605087
9599.226362660549,10034.837078099441,7299.289289300874
9840.359640053326,10948.371458237923,7845.505562735634
10594.433227289246,11233.993074950486,7272.932200884872
12318.447998626547,12317.880177798097,9155.980726341377
14009.554011116357,13297.771832852915,11695.09917422304
16315.519259705565,15400.94808788142,12481.853894830492
16152.65733835114,15265.739165592577,14918.623592205706
17521.51512655299,15561.130613283394,13861.138690298354
18120.109669918595,17615.269178490234,17155.92983481733
15095.710607775716,17338.151617097556,14937.859278150254
13226.617541798858,15447.753624657073,12647.90173267735
15839.680111837013,18183.456451815175,11639.172071629651
17838.68933857821,19602.388280224237,13408.381550568154
18305.680416484473,19760.1208057063,12563.076711269476
18547.640738550323,18914.215251452122,13103.175360911544
18647.85669322333,19512.238730470533,12987.968727045803
17826.61948927607,18689.42273843795,12767.17923821619
18338.771430222663,19132.37168824695,11081.10189884914
17158.026255789977,19717.465470325245,11382.281425594663
16837.60733178922,18889.094885492763,11782.618275153403
17148.57668871864,18708.61932230383,11566.542718411223
17248.80586369104,19328.286713493617,14828.03293106302
16812.940361134224,18483.07757771448,13596.549575090989
17281.396906128077,18722.308981994713,14692.783032008016
17303.668537675003,18876.307617136477,15008.721342281937
16630.48796081337,18403.354847271166,13920.601430786555
16235.420442478822,18886.192798997996,13462.37667154602
17643.1525811059,18849.728961383604,15298.10126388476
17023.82418387244,18741.955878348443,14367.372823605276
17015.052651729202,18646.777617308282,12264.142853890256
16165.470202119071,17474.141578472412,11220.16345639636
16241.538784274791,16812.194851755186,13567.902797498671
16424.11573627434,16789.832521977973,12683.761159309475
14346.855950821546,13023.233149443804,10501.877524332343
15171.84534154617,15803.612810109722,11111.804764341492
15251.547765967074,16611.45020221332,12425.429465542447
15013.316569192928,14161.35345358622,12774.80516953298
14368.070503778714,14980.393968097893,12954.453667237012
13286.798902454688,14140.311548646181,11363.036135767894
13414.507125130762,14412.913032359651,12422.728892767682
13890.592163805779,14114.706176607835,12312.869519161492
14272.268673657181,14490.391564462052,12205.958996877793
13406.270339255276,12960.467889039635,11373.162768076574
13074.071443184517,11946.954823215132,10486.179860617656
13362.93948825836,12916.428545270768,10733.127063086376
11997.83569043058,11645.196854794181,9674.991500336037
14189.812822885537,13019.149801298641,10667.428347302515
14374.652243737324,13502.914637854457,11020.531433389631
15753.763333156654,15765.706616669067,11925.06338432449
16540.942827173818,15690.01759123606,12023.409875975954
16463.95123040228,16326.291884534858,12476.417901778605
18606.346975075492,17842.011187692875,13187.461077184558
17960.12079403205,16993.758065307054,12407.503032299392
18356.265215017927,17862.993948188912,14142.845975862989
19247.626112043683,18960.320059956804,11920.237711193393
18774.6523258925,18952.77753890396,11137.336818662809
18637.127804305706,18743.764377132702,10916.6237395501
18033.333174026786,18924.9455942924,11688.42962623106
17932.23459405339,18989.821856893846,11028.669559559612
17236.131008654676,17525.364749343018,12644.034487443214
16615.819465810197,16597.446263488,12000.615618442613
16557.185305686973,16888.615599562687,12878.272482552364
16892.118915380917,17712.169155315187,13068.963972909329
16802.44777930318,17531.881098290392,12888.46059871556
16056.706977388762,16577.813948123727,12529.563021567888
16689.59699741044,17122.3998978068,10203.463404146529
16704.562937835104,16388.203824870307,11252.007368228404
17033.703685640052,15955.562864835347,10818.488306244322
17522.176122395096,15992.441683491945,10401.20980984978
17719.0901763297,15967.781450540147,10619.74125020376
17727.747912663766,16576.353336425924,10381.547323470126
18569.059168574902,18368.826958969545,11520.681626357173
18462.866106780442,17373.23483742267,11474.32477284395
18692.67993709349,17017.59232775277,11977.602487880762
18710.045151831186,17582.86712109572,12802.342589006255
18018.297712308085,15796.287068015406,13767.750624090291
17853.279054557606,17122.72724483195,14574.137365400613
17594.197089182624,17197.017249138116,14183.113366528863
17741.05672618549,16443.632323417867,14466.98164659484
17645.566703597215,17365.540670436076,14719.517188193702
17932.233128305234,18151.15768596873,15275.45992030098
19142.46726133477,18466.64972235928,15205.293609749217
19035.247577221668,18293.861384669548,14505.048213250766
18180.427635250697,18220.47312086751,14394.679168525152
17908.198692578677,18396.09114477284,14062.10274464862
17401.682450331584,18402.97806981315,14296.97147913354
16022.036652309798,17323.190851156094,13675.253998724293
16877.188122914467,17191.677743150372,12380.749419415688
16307.889456501276,16625.688502108947,12336.316450684562
15234.344495385287,14874.458287497879,11685.536186458809
15189.221091657993,14673.653399259338,12169.769654593105
15421.481130887327,14001.241190068038,11589.127722010518
16007.721186718289,14714.821947647697,10829.602581112766
16007.436710215445,16241.847310292871,11406.0880953856
16306.954102958181,16563.78548079575,11980.09111628249
17388.44303090191,17156.741108937033,12746.10524874875
18044.911038060774,16586.979710607215,14828.891208706542
17571.692891897328,16107.306025979839,15011.06270143488
17759.256709787016,16928.370508183132,14243.688610367775
17971.92896466457,16600.977709531275,15127.670982883616
18111.501726630762,18481.00395267002,15946.019269768783
18499.402241015807,19076.498926975655,15496.42934314656
19213.100804270376,19025.125904882036,15471.561213713856
19989.868829761723,19635.07354683967,16600.117633369435
20491.9401380704,20044.329154410498,16605.194482841664
20891.034883723623,19937.372611315226,17340.124978668682
20549.25250322835,19717.6144770187,16279.244894219211
19274.195582111366,19816.756799288618,16555.65469736559
18627.17304531974,18975.11190248916,16202.788607182889
18189.740215068276,18283.731656067594,14524.513568437756
16884.079764638704,18223.111579893168,14398.58873405848
17154.86573923389,17823.180112394857,14920.864435815252
16861.94986110601,17730.023227974834,14619.676977384042
16806.66457737584,18063.403423640404,14820.752252347647
16263.909456117046,18372.88588242033,15064.343868087795
17443.316725970115,18463.65228160322,15620.354229078745
17485.14483034125,18831.507484285823,16013.29216382364
19093.794310132445,18498.114844087468,15390.084026653976
19536.734048100763,18861.62736244173,16153.353279773788
19954.526864889263,19250.29754635253,17383.266395423052
19016.289748719693,18921.33968764322,16301.324908712431
18850.493767752807,18704.200103306568,16415.480770831993
19823.7707205827,18780.19040193546,16645.971236749792
19660.859459440795,18649.32078951521,16250.336920851089
19898.40836348761,18663.942072680748,16346.2003532648
21022.918969776845,19747.457110463998,16993.609326023176
20954.159814685514,19249.612107739704,15876.125178877955
19439.70694242042,19044.080184966813,15449.897351267417
17950.285212989584,18369.74164086992,13386.061961689533
15684.418777728471,15941.689512178427,10733.372796442954
13076.75187515232,15519.004331118387,8195.14050404423
11421.951460152526,14524.247874495171,6749.526974705195
8561.019008113726,8830.76809676277,4666.619040067079
6059.307225826988,7138.51230939875,2862.219682385182
5347.584526374512,6348.950686139946,2762.84233573184
4698.445542347875,6157.948538726826,2873.5062939954287
5487.993329654397,6209.769041928173,3476.435361009498
5099.758360847309,5333.926993593678,4059.616997919296
5665.022487003372,6937.8710261423375,4766.9566597128105
5810.000809591707,7335.126504704865,5085.111306247337
7789.251845225448,8670.002541177579,5529.656075069361
8645.427339366539,9765.474471837397,5653.142420452556
6688.752439879723,7512.620342986827,3410.8107352231973
7593.56849830771,8017.956812820647,3856.0299944933818
8225.45225367312,9333.746221405714,5572.282661421374
8931.47477285745,10101.03512390369,5632.76119225394
11168.745540075743,12659.675536103565,8114.753533257501
11460.918106527357,13025.663895663316,7047.508731507681
13838.824434496511,15460.934584162645,11007.813007390205
13787.901600443754,14264.819891734982,10627.447207144947
15188.496619879192,16268.430664107009,12321.719848162697
13955.093068258622,13864.550263990477,11317.516062378849
15808.958091385197,15695.781640420244,14403.02167118316
17058.542953098262,18097.00838052338,16237.549860225705
16804.025011829697,18295.660791559836,16423.36869297967
15983.6272332409,18484.71676860727,16265.777065089082
13057.901582368162,15027.07556092488,13152.090558832588
13398.098699403346,14865.917672138034,15151.912087913828
15171.764538365014,17212.954905624036,17450.282777900495
16509.425340182323,17771.355018860766,17654.70250869042
17049.595474964688,17641.95107044446,16245.175483991554
17762.027564521737,17988.220124620155,16614.796355853316
17248.12999535085,17567.17903807132,16214.249534679306
19288.419062427856,17879.674153636024,15964.635686621004
18141.71441896253,18318.121563285138,16171.070840201946
17451.64417359737,18338.258168109318,15942.362397290248
18898.95428954415,18284.874763572687,16612.73511329105
17859.310865549243,18857.10895968319,15974.009837042497
17094.257682592248,17504.04666106714,15941.766595799165
15160.391098519898,14148.114212300505,14478.5110492424
13672.453659051147,13270.801320699095,13625.954588843728
11845.522707022099,12371.241725291864,10023.323994530385
11102.885924746,10813.441088885065,10419.8104261427
11836.283198084773,12163.14362485378,9837.612176502334
13442.53902518988,14368.072794332375,10540.507829925911
12573.848634692118,12292.55486168812,8711.588634700698
11785.93728647761,12124.090611363195,7956.375260695502
10964.968724127402,10782.592943989093,8085.590352022828
10885.118019988571,11394.69548793335,9229.868833725965
9408.044750138852,10451.331630905881,7719.281485575208
6476.687916171539,10567.128475557389,4914.600531167495
7413.022203590397,8847.461081758214,5806.312989991104
8465.334077682117,8711.842068889911,6362.101896634094
7713.515305149087,7558.247805442537,4496.827016483719
8596.606530769726,7669.497069680336,5926.166411702157
7934.6927467774385,6857.779872779691,4786.687301935406
7544.1317134592855,6572.029419421052,3466.304138761801
7334.34037502895,5976.710922607114,3988.760827904867
7031.441406386884,7311.953994210862,6692.160206308787
8017.36489748353,7967.1374271634795,6697.439124381106
9738.557714217191,7866.8210953255775,6959.172126327322
12407.914397858327,10523.181432717312,10554.308570459025
14208.255695773403,12019.691702927063,12075.001391291768
14854.714236073543,12563.709125651154,13032.866167131047
14901.688009446943,14610.335650059715,14600.071251533458
15156.809268844063,14166.852059144467,12650.184306441994
14739.644438567526,14743.996608147849,14168.132675881112
16117.806099845347,15072.263622038528,14280.406360108149
15414.858191367526,14278.061337155032,12900.513496229682
15371.352146666726,14458.854475581009,11934.147258474386
16205.743544757672,15114.909961099225,12224.857319023173
15271.741285294882,15011.81277893299,11593.616013200535
14265.425732591446,13104.605876163767,11098.733069566626
12806.134265236538,12950.700540811204,11507.375137427627
11602.975217094157,12220.912479177816,11117.231652884924
11388.481869495787,11989.456470814435,10980.306841074776
11584.20691194064,10813.31451724994,10633.2948299012
11854.735315865608,11324.659827340021,10939.1553851199
12400.964391566296,12306.741527857868,12322.533892744204
12538.343572722879,12398.841764926552,12566.674319056869
13604.09304188961,14486.624699720809,13915.181513019426
13880.645618486424,14678.840346869632,14967.449806699606
15017.992531019243,15882.038360353014,15840.147543465184
14920.727963178264,16066.588939728628,15041.437783335074
15376.467654188333,15118.942978655645,13989.861880143388
15842.748144035177,15695.542484542373,13803.776785132724
15499.062146531756,14875.88616429274,13918.105292206144
15656.321596151556,15317.369064409191,14719.025113477712
15493.136295251941,15910.390674116214,14664.553723440304
16679.436762870377,16798.527452742015,14435.554842136427
16101.25609887415,16280.412688890956,12720.86616530719
15992.773679228281,16083.254190639811,12427.717916704123
16374.512160960476,15553.15890053546,11537.30559675136
16721.20976460937,16204.675834730388,12602.573140312234
16840.773689146597,16857.398663952725,13620.371136593763
17243.575836848442,16922.355966255695,13788.701436220934
17047.979788346973,17574.868915260147,14228.086241702023
16397.040635021192,16920.138428245275,14302.94893455695
16285.441670465832,16774.579322429763,14052.106246701098
16515.978403422072,17496.610150972356,13992.189886515476
16763.149582056587,17540.146418701283,13713.840777970574
16502.415304292972,16399.280888093464,13394.718004330856
16933.177974036324,16690.257779663596,14544.730642890392
16955.21036150765,16771.333579203176,13958.076046908538
16754.614449038763,16219.199044569988,12879.51301958287
16737.150758420925,16654.980311481097,13592.590313803668
17123.41811609444,16774.36265915403,14033.464225649454
17101.265802635786,16738.13821934394,14196.94353276034
17318.851804293507,17635.81807372279,15495.566081214502
17667.399032666723,17614.42779816405,15672.255050068983
18018.196294517373,18655.187231510437,15257.70851063347
19015.00087106145,18740.682639846244,15149.081163584398
18601.225687301525,18561.2643202798,14441.018646221402
19149.494551641903,18760.53229233173,14416.045588178273
18138.59320592864,17501.334957663938,13384.425844712969
18196.777671793607,17410.476703056785,11934.810495132697
18344.286891731954,17652.277441155722,12249.679505010834
18350.51812350376,17892.624462516604,13032.54742804481
17399.132547039844,16741.34388953406,12721.10986665922
17937.68597557179,18460.092414445127,13435.553394614948
17031.291994111198,17812.424514742208,13106.394081977864
16075.828932131348,16767.197276565614,13337.94369343516
15602.810261364677,16977.721778593266,13235.201916693366
15328.336119487796,16877.01836546553,13278.933024838238
14905.04032729231,16484.474473842154,12794.453280582818
15475.670329256485,17060.179659526024,13879.155055511355
15732.722766168588,17079.813626365358,13887.178822796668
16091.556949899417,16657.761434567128,13001.692040395084
16208.738305041517,16575.987398297173,13909.848448804389
16180.115522672635,15747.66393382095,13421.28872699814
15675.290158712427,15070.359396621398,13325.150719083873
15532.596841524219,15309.029651425275,13638.325261596538
15474.047529502619,15224.428748829667,14128.670145174445
16238.88008870648,15050.325808189911,14019.100992711448
15866.935344918329,15881.263534749552,14626.627338071949
15808.68470861991,15345.117715974018,14581.494742089952
16088.703656484315,15935.2174528457,14559.02826856064
15638.402416570865,15731.056549837891,14219.68660330772
15064.303721883349,15422.7957131215,14696.899619117155
15618.097740392084,16758.78929989839,14588.223826468738
16202.868569914597,16735.239778471594,13869.504782782651
16249.83230620352,17142.65684186746,13659.781915377283
16262.549100981549,17648.823139059925,13888.208661672432
16729.028879461275,17780.658702287637,14177.378249388148
16405.232690955614,17634.140476238867,14331.526459548144
16101.735137168966,17356.63002263376,14064.171603215796
15873.479218770473,16978.02296597318,13932.628479651376
15339.454460357158,15474.655849478137,12721.822007099348
15120.474060766499,16184.030683053405,12618.420117957636
14839.737962652142,17259.83922927988,13431.153166171953
15628.865086329019,16876.749036161713,12517.078577726226
15171.73309387013,16650.771976699834,14183.446387243925
14391.354001299036,16116.971218251418,14828.639734120808
14384.960446656569,16331.0805770923,16587.294468542514
15014.741303087529,16279.703322563002,17404.626648147703
15195.851521881037,16740.53668197026,17196.58071667983
15852.555782295409,17606.268320336047,16729.661128006195
17246.20155783948,18184.98033890096,17339.613826109042
17206.006838966958,17960.77246018697,17864.86154204416
17261.95269475621,18522.529099432086,16945.939938768723
17517.13247098467,18134.860264414434,17158.04431324509
17205.236935532514,17186.108093565195,15690.864397975176
17196.730901697065,17879.607375079286,16865.928930239366
16736.194211263868,18768.27850487931,17181.21699485917
17190.58372071859,18516.674600185313,14689.216325305557
16696.82578766471,18388.99112856209,12603.08671376622
17919.480112897712,19163.71680215998,12495.047073650445
19192.39153946901,20593.315074310703,15008.809594694843
18590.72646575578,20046.036521251546,14780.193081568028
17039.335002243675,19052.275206981034,13899.277940835622
13093.448789972073,15233.999985696972,12149.96772789433
10654.430321097694,12011.311302072829,9942.30313172241
7405.119951282387,9360.276405545901,8214.270238489213
7447.820355482316,7551.735784378994,7206.208859561696
8695.778791195493,6432.380065066487,7249.565085906102
6343.95421663453,5348.405204870942,5807.625142738482
5719.934707477434,5017.534896730135,4335.079983453828
7144.55681292583,6227.441012725035,4388.837404388223
8492.961721222442,8692.289849358054,5510.576791174546
7140.129871628288,7270.739833301593,5467.308792630339
7484.2766028508595,7663.440264757028,5940.284880929486
8763.812006456874,8752.247190641578,6724.841782169036
8323.106797992954,7758.745480853205,6115.793624420403
6732.339376575134,6363.049190617842,4611.521442936132
7410.777438539044,6493.799569440743,4712.163195870962
6421.324571020346,4708.471378192321,4115.823837670697
5997.4290256915265,3314.454316722344,3441.010002749241
7324.706864521841,6405.952802263001,5660.055005965235
9417.275845186157,7581.843846612373,7743.396312598529
9190.535076419554,7543.7707933677375,4777.851034471217
9765.112664209615,7419.431574673219,5996.772504753479
8076.972384795897,6068.821097334606,4211.94322741366
7294.684317174791,4571.4223856807175,3576.934325606078
5895.065360884172,4032.512857486791,3528.2328071085035
6995.177510369193,5859.3103268153045,3543.234339289158
6626.533201286008,5453.7350220684075,4096.142414067706
7315.78984321468,6581.48250666137,6244.489799035599
5388.483297759058,5240.1329650227735,4442.156570436061
5085.312414058948,4156.237816884755,5053.804637014698
6616.317959216228,4789.074868654998,5429.560312467457
6939.215264931315,7605.419778526189,6274.024981528944
8527.552712354465,8572.19354350148,6881.504425087209
11916.640053152958,11560.465877975528,10144.054765025145
14835.696557096042,13777.389038660047,12509.717070242172
15645.177151036414,15775.431305129203,12901.37742706577
16645.070621513503,15951.24584369094,11640.220109489068
15476.253184484569,14587.107163655655,11858.555316365277
14356.969288412962,15167.217797669682,11859.939253173548
14572.206489427765,15090.1410055679,12271.367318202623
17966.574230669627,17548.523769701518,12531.499857969247
17447.29487760921,17162.37798887877,12937.716759323945
18823.24672690695,18230.379578269927,15436.943125195872
19639.303031955526,18725.33094337005,15936.258516281683
18921.27246657816,17773.012088718635,13805.920419567765
17852.1794214578,16207.530144254355,10386.594350722917
16060.769488933993,14071.611274796001,11068.307675578755
14651.619230244456,12856.491492382096,9139.422779007156
12370.04884752176,11277.059519523084,6290.062464636726
6654.383349229099,6036.846785531542,4685.776325086911
5461.655721845037,5668.3158489909165,5318.316165244435
3295.8370035244966,3651.778377352571,3854.72679324642
4018.8804158021103,3681.5143708972255,4733.857183203534
3316.712505361025,2940.1709157634605,3646.91390382553
2852.631449991649,2866.4715195694157,2633.855048226692
3071.206717911853,2672.7231264234124,1753.0661714284893
4255.1035862098615,3274.399583229495,2719.5036478073694
5364.894178228395,4172.41127184527,2975.3352992066143
5605.391273493929,3752.169198381357,2350.96760342675
5935.710694796663,4004.8508767865064,3224.9627367556336
7368.994851342548,5449.705536717292,3716.981645078733
8046.155161059993,7146.016487800584,4111.874230670192
11535.711680796214,9419.400155004045,5450.647768943737
12164.400276880428,10519.702614369551,7628.686101793782
16872.979736444846,16514.561778191917,10829.361846517242
14327.91040430815,14480.161749195413,8913.568274126175
11566.521908081002,9988.41572212816,5827.595451735562
8911.705362183448,7007.356244289232,3428.26996829045
4808.41930637749,2873.9020453101043,1842.6033320919887
1757.6710788366834,609.9095463914671,533.2578410439345
2313.0378867728823,739.957946252806,1185.4280952011643
2225.127524312764,1447.8858041603733,1327.6554589942384
1958.9828634848616,1945.7280461256487,1305.0417160690563
967.4092115707117,934.9746698953162,287.0888617221854
880.6673653267324,892.1220231931824,273.0305049059392
0.0,634.917576869308,140.9986718936069
0.0,152.52071256192914,254.9624256532944
0.0,146.1138792506717,96.96033612600408
160.09796555948034,96.32848607965278,183.9892846414126
480.42673157083976,654.0436879467172,204.18642327684915
496.79375238022635,312.57931936702084,194.3645487231265
709.3468008672626,539.2512172657882,0.0
460.3826614798619,233.39436907305742,0.0
446.15824565611547,0.0,0.0
963.2547999139563,52.08393442554615,122.25832898073982
773.0583219697701,0.0,122.65328825875564
983.067795365739,0.0,132.24935313125908
1117.3339897375758,174.06837941265704,81.7427803888776
1189.6250678898502,0.0,199.7427549295776
1663.938985995502,836.1092524351893,1283.2161392475523
2864.61461003773,1387.2472751727205,1683.093525315019
2929.806771243204,1720.7611837111344,2561.572987309518
3750.2780322995386,2022.234674529283,3417.680933756209
4787.5485435510745,2921.097614593161,3990.024476963881
6107.3947553264825,4013.815219697738,4231.482955878987
6364.760572369573,4739.497876285564,4536.66352474392
7276.0977546814065,7216.6830544109125,4991.548413836807
6424.56614630178,5872.741888388975,4905.314164063856
5663.613780707407,5626.673056990133,4216.070074630306
4941.003481801495,4502.452268546496,3636.988637418218
3359.375933506656,2613.2624762213322,2906.142794421954
1955.797812079094,1381.1271973971861,1840.220973068928
2624.4270169844626,1551.2822660249362,2122.913104013101
2608.1218239934788,2161.641449114273,2239.287201531928
2972.399234206473,1718.2981486315498,1182.4835054035102
3395.3743326374006,3173.788338951714,2788.511385487647
4658.201199181194,3801.3039811473805,2571.746132312825
8210.254964794516,7631.481360935292,4235.825620296605
8798.259915452443,7413.771135360988,4127.467902868014
7015.442264946451,5131.183368697961,4020.161466726821
9718.349544180262,8363.348063643352,4252.350829659413
10141.489695196553,9561.075545336062,6125.046437760432
14773.625665884172,14830.121546095379,10234.890709170704
17995.183441255285,16450.647166180996,13077.14719231674
18127.19197477434,17109.286398930442,10928.67976010198
16608.648636996273,17331.89210308018,11434.08988769462
15221.014655592617,16343.133103601602,10653.028873660576
12571.277115871217,12495.431451411561,9069.89927641179
6993.960757139945,8027.231097917772,4833.048016561954
5634.486088470576,7571.293651956799,3747.567615382054
4418.53298529664,6176.797147816087,3230.6957232287737
3999.440541244776,4743.482839289769,2710.194621426152
5857.365046101391,6807.2572301021,3000.7341826011525
4983.34150174337,5426.231589139549,3116.233500420404
4876.83512351302,4173.427742701263,2631.733642861443
5154.529360070196,4011.211514759115,2160.253719397789
6507.774861901778,5234.827416114109,2924.698864573886
7073.3245747948495,6424.748627922522,4157.369578413706
7473.2233010966975,6942.732062595263,4582.6883962862685
7567.382751588387,7721.746705715949,6142.159548093078
9624.845368296212,10044.721890963892,8167.824679234848
10724.623467989066,10891.1195893057,9535.531239736509
11019.045887575303,11614.199462892311,9683.425744464856
12570.889694605565,13605.223592966078,10581.501377548182
12586.419430299493,12346.127937753194,8609.54021655345
11664.87805167303,11152.305879430387,8028.198298289997
12745.90395434462,13648.9590368911,10374.61357176418
11951.310360737918,11336.16460160811,9421.067471262266
10450.548251549535,9557.11361371893,9417.056800029944
9595.553235027986,9718.724643168875,8979.506921715738
11314.637096939983,11781.236291203217,8255.670142816201
11055.499763986376,12933.857187285488,9984.87136160492
15380.160002345461,16419.481461060845,13021.727897089457
17643.35961434719,18233.37080666623,15111.852753030314
15115.485606952794,18189.56130669183,14260.71320247557
13966.446238546436,17508.40599318813,15105.094789484829
15008.847614683717,17673.312058539406,15454.387806252656
13968.276051231604,16578.769176682516,14827.308178033229
12400.38887272691,16665.757216271395,14143.429759519806
12617.861728648673,15203.645195429464,13777.610202716229
13930.542550742228,16059.330356219996,15169.61295314968
13810.909546096638,17531.987216545378,16343.949898479344
12717.400856315619,18485.773638298204,16861.251452628556
13377.171143369762,18573.602453253974,16927.296237467366
13872.054411584237,18722.062076005048,17322.06691194513
13949.707991174193,18135.20300970907,17187.515689932534
13759.952322470308,17533.297070344357,15281.667399244025
14153.772770893882,18117.21931631087,16153.744666588827
16159.223573069741,19915.501299566964,18361.119499109383
16419.299188347122,19142.11456252883,18266.22401141496
16599.041208061004,19283.514552213892,17825.070129212363
16642.329481476256,18878.430267903736,16735.155049794295
17559.14560474764,18658.09186063683,16568.933452239402
17569.98018257293,18645.033348777637,15413.542495465355
17719.893159448322,18514.35429898545,15622.554650142134
15153.90164880359,18261.395626177076,14287.243071158637
15346.67769544865,16100.779625605994,12204.086638040391
15312.265735800564,16119.283451479294,12057.079284335596
13524.34222581204,15995.877791714141,13453.975118046195
14010.38440596925,15839.50514596762,12737.305815514026
13368.395131854819,15769.00726001493,12631.39891056735
14112.330747579535,16019.479309221546,12211.804235382797
13873.472695032546,16054.052603964577,12300.07091433504
14408.270068031532,15612.148531607618,12692.790154408902
14321.779589784539,16312.612951240708,13080.27058196832
14043.475915719691,15782.663889989632,13420.59857257872
14058.449717706555,15806.48279086805,13559.10933218903
13657.882986747218,16488.251562637866,13269.033108304817
12862.668386239277,16263.193150679605,13349.774453230855
13028.608640665825,13851.18172663291,12724.79623777545
13808.7931970229,13468.561187479661,12980.42151529879
13660.913060131283,13928.528706514211,14240.270767255675
14996.627751246986,14613.643762704993,15016.096001670732
15003.822812423277,15871.73257378388,15126.27203171484
15909.050515733152,15903.003144512793,16352.90812243796
15563.555475164298,16393.788809247537,16963.215644031498
16467.574812888786,17883.192039204456,16566.029292044313
16059.033681566174,17787.214828284203,15931.937120620538
15749.427884611196,18245.655810105058,16190.291995295382
15837.384253972687,18560.827086970938,16244.147258301708
16320.868034197714,18486.9406238696,15975.121670620423
15989.778033553457,17668.777157026823,15976.070245795006
15578.091166452808,17295.62487067476,15356.135132284677
13738.942786201304,15697.851792870446,14142.107273690995
12875.490504697556,14466.565120525578,12898.273332307366
11964.393387471178,11922.829085469715,12177.033028236265
12364.61506284259,11892.581690535804,10855.046085189231
12995.37633175869,11994.492997149886,10504.666820436889
12202.786484062693,11734.614299525627,10576.448896033027
10622.717190228153,9241.142558415979,9524.601393068771
9366.925102670959,8860.080721123024,7613.528395318753
9155.492133863518,9897.369050727224,8596.139501217403
10075.962889531449,10147.845659921886,9385.446144911848
9610.866051588986,9955.10460067112,8740.100372580366
11160.417312172562,11257.370605133263,9500.597325928791
11318.716348504911,11864.337680027178,9731.305218865136
11582.936334011416,12502.736351570593,9573.046389216594
10883.521682968436,10639.219900026248,8513.175054178251
11335.61447977553,11143.947747397704,9505.192931296497
11832.462202919332,12075.679733888615,10295.893254643848
12670.877358688183,12696.545721769451,11481.6320309258
13947.449199341148,15694.584165164997,12876.084699162442
14486.394742961147,16095.20768645902,12963.397015653669
13742.732402448992,15587.317920963875,12680.185772169178
13512.311692309502,14912.318701428287,12521.6383073523
12842.83095473736,14895.320464764878,12159.813216343233
12715.540920532869,13876.401219926309,13049.828968301052
12883.181294164147,12596.165559473839,12219.411299236965
12791.131496973197,12491.358037447017,12144.253601037464
11206.770014955842,11197.73264037376,9677.909690098824
11210.6726623961,10562.389143566923,10122.535718169636
10871.70539697263,10373.136786701372,10171.795255598076
12192.516642601175,10954.185374731112,10377.5265226525
12142.854984601037,11022.242831660637,11940.708400604315
11502.578999257155,10494.362860148829,9703.624058520732
12359.389826252791,12072.307392588402,11392.03730876622
12813.724312099017,12750.227194327434,12675.25805548078
12272.98174765795,10777.573719187727,11809.462578840608
11409.947052641184,11312.20385546426,11157.198348532978
10344.968638370934,10018.068237733583,10096.603884133194
11068.878483497794,11232.470134336863,10338.26747651124
13306.028963523895,13609.398549679561,10717.662844965114
13065.088935433023,13125.632470446319,7566.373162608835
13217.363708170433,14739.793028788301,7779.385818765399
13261.463456687088,11392.208824584954,7475.050766970557
13077.987045800703,11009.737796623196,8342.298452392391
12360.739378013073,10646.085218035994,7962.065545544976
11738.654449033998,10422.25679863745,7992.459282898157
9982.905922787897,7894.0647429744195,6585.2430068483
8770.46588769629,7017.297298873088,6598.5897945620845
6863.4807587268715,5437.003966519478,5484.024003838849
6176.216059457193,4949.91461174779,3841.868104046247
5008.096685159262,5111.750125098381,2926.779342531245
3993.995093322414,4085.236795984435,2277.488519481301
2929.3521065068626,2765.208517228331,1695.2686917926053
1752.3556570859819,1760.6055259133896,1229.2333676670942
821.4084571437412,500.8336901247342,812.9041774218474
2549.434913246656,2524.4581613691726,1519.5963964606035
3445.0645454070755,3055.0841237505856,2616.353015804487
3912.491356316117,4485.581943249946,2553.105975485392
3711.4421130121673,3301.3914098041337,1571.1992923949094
3173.447357959907,3625.4856038614917,1428.2841231761174
3289.3507290159505,3616.9965512103918,1331.4483824987688
3660.9519494522306,2814.6227252277313,1771.4723431757145
3131.0466843994805,2455.2255790721515,1448.1260289589477
3326.9270540485563,2407.8751833007263,1366.8295589443446
4263.631129867666,4082.84889844704,1028.9263369643766
2959.8362814663546,2517.8398941423143,1078.3406703864118
3102.49848569668,2394.843246465252,1082.2388605617973
3380.4860307107247,2110.4054605679416,1298.6818475149514
3647.9654638456027,2909.8149783024382,1574.2935771343648
3796.3800553575843,3568.1002735045577,1800.3419507603862
4056.758755522741,2816.2126000237886,1883.685638575869
3425.6510307867,1728.0853965726872,1217.8574766911472
1761.7606975859494,1295.3520662963404,960.4803634554122
910.7021159580466,108.71190184742856,848.7636884375248
145.29523168187802,0.0,198.2724284683762
79.27203956186317,0.0,150.66551298072582
820.4175822987676,203.239619037433,886.8528999053889
744.4375554130403,0.0,649.3920139180638
525.1947643855295,126.9401128841113,813.7025960177149
1602.2834054703178,1367.1461280319957,1204.8097422878454
3172.7609943275315,2885.324120753403,2439.165478636602
4874.482598055922,3763.366845712212,2944.769074986484
6606.578422465511,4573.267509126398,3940.7228132051614
8912.382269939659,7412.993193055948,4589.836618147871
9964.25747440427,7895.625208353735,5746.306291996163
11271.61376717601,8914.076005790052,7485.393516915686
12230.45215668512,10050.466031959,9082.13970008964
12720.35646862192,12530.58734679679,11201.609488403275
19518.369535060512,17708.2307980976,16663.431296918217
19067.394336062804,18145.029722491778,16588.963479839294
19284.530411191437,18456.933495689635,16427.978162230727
18094.46198552206,18028.801853752713,17422.6757632921
18616.728852385346,18914.467054406814,17713.833390679218
18638.160187605426,17867.307198938932,17613.536370479313
15628.770023956693,15251.120233839158,12175.392051695811
14026.638008616193,14518.179963977127,11422.172299730915
13252.859840652729,14398.99276067235,13232.608419325084
14157.816190417885,15263.039528243193,14598.871338720552
16979.23870387581,17312.517256274758,16520.058623501074
16006.197892197057,16656.18091850309,16405.070233128492
15514.646065633375,15869.920250202784,15280.667712450717
13614.674167344376,13646.707035547295,13204.819021027704
12624.188777718091,12372.037480481951,12678.343976869302
12369.091462129616,11659.049079252198,12449.645460601496
8898.209240370667,7278.01972705734,8063.531057573797
9594.59334831128,10066.756395824217,10384.955576439708
10367.092400634228,9876.816110493533,8626.243188039067
10451.103180345071,10027.748472346599,9261.447816814614
10001.63860367698,9659.118492467021,8324.896767686756
10121.17769209642,11099.440268129585,9877.79967712321
11156.992100514353,11349.108757294722,10191.189993286722
8623.272741143042,9004.304881203567,7488.162501627303
6261.981709833923,5478.555544326376,3619.140649713251
8924.121386939543,9110.817504879462,5376.519579495655
7987.959992544362,10344.377439864713,5507.4044078482
10521.252599410904,10289.579757233836,8934.824344453298
9214.066641328676,9668.662255022793,7628.536116659807
9866.910672682287,11096.875889119581,7803.249777722839
9325.413097961587,11276.923881564433,8192.67193712451
10803.862853095163,10887.306477174221,10414.865971242036
13590.311863630815,13979.73462144591,12813.766952133048
10565.753759835403,11420.554164262316,9204.571763347729
11076.989144677886,10851.626600964688,9545.03120323568
12891.929824096427,12556.427451529762,9801.09911272828
14478.299665562443,14360.656520023698,11606.951342537455
14192.474429429873,14118.758167688644,11403.33594609189
14603.692285755642,12778.90550164928,11514.287312155511
14231.12224154883,13167.602833347639,11878.134046208885
12503.823747328845,10949.528351660785,10346.71574012642
11177.15450373133,13081.22958489514,11682.966795745318
13003.662723483785,14769.360239986709,11137.143291189755
13628.792312321113,14018.89635315696,12492.695477011104
11954.437565334909,10017.074314683157,10004.987501950282
10283.425452775347,8566.018603199598,8099.725962819065
8685.375478684367,7072.15620407967,7666.72723083194
9959.72924245521,7804.24795953875,7177.629229493507
9278.473417625237,7332.946418340378,8016.234993171144
10279.089613975935,9864.65810491298,8365.981235470861
10883.313392233958,11555.933336918482,8126.80338407866
11751.75253685748,12221.310246077956,9746.527202277312
12674.013295448847,12758.480112539017,9855.337725944408
14620.696688744276,14550.107218880014,11168.73663852159
17544.83669292551,17207.22100209379,13896.778983948818
18541.332254736688,18356.01151176101,15786.007257978928
16024.133533700433,17400.031954222388,15925.006625304826
13609.862783245033,15338.181799785396,14201.018217974715
13656.476254879659,13684.227994363015,13560.976226864248
13329.937216980506,13691.028844730728,14657.8770991346
13212.64222523403,13509.244932499822,13398.804615350093
13020.206946567163,13444.500527062572,13222.648308130272
12396.927204441683,12360.104633643852,12279.267015461764
12493.139201156893,12802.72093426955,12139.231998543592
12528.087808264485,12619.914708508952,11743.792587027116
13193.681344723997,15480.636666851102,11741.078063481978
15561.85818175245,16994.402342195164,11422.080294448164
15792.842632572963,15793.600239955838,11462.265090556362
16549.945107726115,15865.948248922869,11443.917668788634
16319.733250282658,15761.235637148358,13090.969260825088
16765.762634787112,16159.775487400113,14512.595243824657
17615.269098589277,17573.919185885068,15991.674586203397
20056.374361092894,18356.718394605556,17501.797653732643
20379.238795753434,18804.31899179121,18086.64183050607
20974.675739910206,18516.707565452332,18481.70218570813
21462.327578524513,18256.07777379224,18602.444481514176
21549.34142073874,18520.8760704536,18914.11883490542
20947.921279479637,18290.689855770328,18688.434289406192
20701.226612384722,18273.292101845313,18483.0739454588
20867.85651343896,18130.414394152336,18160.655179593818
19606.344947764417,19330.96748876304,17360.52720826929
19293.71331359295,19143.629277645894,15846.417365801735
16048.33934560525,18011.78884420445,15533.511297360032
15430.227629356126,15913.240664827885,14755.087027315203
16060.50809706244,15946.81178041721,14501.279715535977
15741.22497610393,16407.96603917525,14146.75573492656
15301.976347434651,15173.032134908808,13895.64779127016
13986.233881221604,13369.351444684884,12569.434350486032
13440.367974925883,13022.243270856177,11786.283157079444
13035.119062627145,13096.01575743113,10935.94993654537
12706.752336027317,12788.288694169516,11618.115110705608
12504.643561519735,12910.813490610006,10718.43295976267
13838.341467159216,14503.0549032452,10083.893987365102
15298.841977236043,15413.193754741158,10369.363051707222
15427.300193303066,15337.163645759947,11938.411140750222
15973.25328565978,16197.192397278188,12261.672637032005
19766.64344937164,19161.18735073009,16880.103895438875
18958.761059998054,18395.745463170922,16051.108771780397
18505.977502425638,18359.899013505517,14829.824126887055
18739.84498724977,18346.685256094937,13755.436436981394
18432.705265869325,17321.177516108317,13191.485625335508
18117.20047227652,16512.154699249535,12879.334145580546
14625.771572528838,12294.658587174003,10198.089226204003
13137.1189965707,10533.478374418515,7633.230001222259
7751.818597834289,6739.26557459934,4310.02468842308
3277.2102691039927,2286.607244109658,2441.599488024588
1294.4713478915814,351.63217561118927,1324.8355436338866
680.1581101402963,33.52608527192406,494.6004543819002
172.03969537679492,0.0,683.3186102356077
262.96358613538763,0.0,718.9761818997301
439.1402479069801,116.92943374375827,586.5491367876741
947.8540158277065,430.76473434064405,704.9333187360712
1759.7138457846954,1178.5255863073928,1031.11739767477
2699.286507916472,1812.933364429658,1973.8304982721136
3116.7521950509076,2432.119848518122,1801.0267223120989
5666.593126759748,6078.222791202743,5546.881433954401
7508.710907703869,5723.576068085009,3702.451064654962
7706.726825525717,5735.463734105715,4537.78667720186
9218.441064975148,6351.205654606584,4372.2571348819365
10634.230759943233,8257.293517052487,6707.359639885001
13384.322220456852,11033.516146253125,7967.155261343613
15401.006650289191,13255.092552082628,10022.83471163516
16566.812971793915,13333.793802135571,10616.076968100171
17262.838573667734,15100.891835184153,13819.894701651438
18487.780312087638,17439.357120607896,15480.733445014775
17958.295989516366,17078.609040367613,15858.322323372093
18844.793561218972,17379.889912192877,16920.687409173126
18765.92716925963,17332.469388446814,16567.55438517747
19233.488679513906,17890.833723378462,16807.910750217732
18304.14931937211,17816.16266566063,16910.293143690826
16940.434728372526,17283.897853334034,15593.540917217268
16517.081387503065,17105.467492384265,15746.259838639931
16545.641482896724,17411.299614622476,14571.952399807664
16606.465285110226,17347.669123726668,15068.719107965611
17265.912903272703,17182.29473960853,15464.638014244349
17537.13360235778,17987.18424332927,15134.591348523849
18591.771477153354,18178.546535500853,16227.410604925744
19962.965155487185,18772.49753866151,16049.244460332866
20233.58743130989,19825.9490331593,16818.61763508543
20334.696193908363,20602.152237269733,17863.75725968615
20107.4133121199,19876.69330653796,16826.71183555982
19741.572354334654,19075.328846960765,17890.355803075807
20365.305778717622,19191.931396723692,18257.53201013468
20200.42342495455,18920.70658598695,16889.00235720818
18179.83627459632,16300.838176520045,16351.159535617551
17014.04693805467,16610.28107907103,15148.695160815309
17543.373585709185,13788.91036427848,13124.365519203884
18005.95378146741,13345.39471870464,11768.066219556538
18404.95234373878,13956.923904011071,13149.412806422575
18010.24292227284,13566.978379853768,13951.749712166678
18164.90246853605,14622.585926637123,12832.835454936769
18066.838672750422,15042.058588188429,13088.495251307717
16866.37446073121,14478.202806504016,15210.780658975498
16166.470011125322,14247.626877926497,16006.94147662303
15635.879478912773,14130.881662159172,16199.230787667568
14301.965682141321,12042.361398325284,15556.286846612193
14368.656805966899,14119.157528499238,14610.611208881974
13619.118172197674,13818.934302050515,14217.699716508298
13128.496810418812,12591.010157256245,13540.698435867724
13304.271060766518,12697.328558726816,14998.437142971405
13957.299102843557,14442.22779159454,15322.481161888449
14697.891418481133,15458.192591250427,15467.943711262256
13778.8006438998,15119.246328390926,16289.902153249315
14212.25153208286,15997.104471715202,16321.82950838566
14960.061705755219,16550.958652356057,16558.85609586657
14777.689427673342,15286.444379780365,16173.352932043665
15528.178251559626,14702.558740325634,16481.07814571859
15651.428925263433,14455.271502498377,15653.594927317552
15946.350146410932,14731.1592676648,16263.85867152594
15639.130558730882,17369.908723442622,16240.60182149722
15794.959473958563,16211.963284665637,16086.39839191404
17461.691260208303,17323.046679542043,15063.829003775156
16917.603433668493,16720.83288862449,14628.139436106558
15857.683195513602,16852.354359266963,14096.878229094413
16641.00594374188,16931.003758620842,14565.611329258629
17376.40885001909,17047.987722620594,15456.607409524277
15763.6136568039,16406.731221211263,14146.91912375822
12147.426490866732,13135.769028986633,11316.249678955068
11782.544438107867,11392.408664533143,12522.629034261785
12388.07604569174,11592.29593580625,12297.632881283966
13549.24365285273,13054.344248441153,13251.601122943612
15268.502350566578,13603.472120823944,14011.994192572036
14993.988129191386,13821.26310760983,15477.384947568886
14916.137322561222,13228.482222876295,15926.19601342686
14470.44582966531,14068.9162782086,15456.729192051856
15298.078853394078,15031.14954468285,14566.739305151676
15002.830329650218,16290.997061334672,15666.7925964282
16282.533111011486,17359.250210936116,15896.991559104208
17153.466542556023,17654.521067958412,17260.37962250765
17590.918560617152,17503.491481428777,16936.367545349225
17839.255657918184,17655.774550675123,16803.707671793174
18041.19222183199,18016.787067502464,15347.374332559031
17960.464462784697,17905.340798620062,15236.674054612831
17523.746020995404,16736.392519788722,15108.19785614826
18522.796895192114,17004.33588906941,14975.709277212383
18390.287185362755,17345.61115568559,15109.081504122943
17763.435696265118,16922.09514405619,14862.604476835078
16833.81637796195,17604.722343628306,15559.720674368513
18049.134980380903,18503.32111059835,15750.411247311697
17635.946745684312,18701.183978532372,16266.952175670744
16831.375429971493,18315.15321994123,16544.80330635225
16435.748446558802,17971.542932310156,16213.360776941949
15486.458443262582,17119.30759049917,15774.6798757814
15557.897656948157,16408.750422975114,14843.730188177144
14869.172234412346,16351.033755551967,14936.12461018467
13289.28951443418,14539.5960420061,13892.911514633688
13031.122734622078,12954.51392509232,12942.088264724644
14818.924235967517,14650.579991816692,15006.368271980582
16127.624033182025,15956.338806145319,16028.58205557596
16447.48543440692,17091.52920489303,16483.992919131186
16919.726970165746,17461.5255877504,16663.642964800445
16925.11416595921,18123.665843399707,17037.904581731946
17385.611671768198,18409.80554577889,17045.222940731885
17523.324121627196,18196.999866437367,16972.76268006177
18428.250315692676,19371.84604449756,17387.37746217559
18634.513937405573,19810.101505354138,17709.926820465007
19254.58826609097,19958.30867775002,17803.014646335578
18249.498829373253,19535.624093464525,17437.091493502467
18720.717169166513,19753.802717305374,16646.761177743876
18622.362168369138,19204.462779435627,16184.768778301252
17986.69775266489,19257.037679608424,16343.092199797598
17033.922316636857,18138.725575180226,15706.015974438224
17317.11156961884,18081.946626710498,15841.953611185832
17335.28073569969,16671.064073030935,13649.376532315537
16198.406414719902,15742.126912874437,12525.170212642926
12933.730473009171,14055.813967953569,11443.644437992089
11139.659456958147,12468.146483091989,10782.638687472458
10096.821031328014,9906.934871427171,9338.389417105973
9986.791671993644,9902.742232411229,10260.18144048124
11246.404185991572,9850.253348559107,11943.46697709776
12331.258376614924,10811.303930660122,12001.846720168034
12835.549834878753,10628.884482491098,13706.544106624213
15091.86495903071,12757.076399520465,14351.66022833315
13853.877279818751,15451.848675007966,13729.322198403735
17153.547046240332,18071.311748696342,15174.795203731952
17156.990911145032,17692.359195930847,15388.90955866168
17189.16494492957,17700.45047963878,14742.88699557034
15442.942963271173,16377.361964312,14452.826153384683
14916.656860409876,14207.418633350133,14765.065977326109
13703.19655840473,11914.756659533206,12467.863579627616
13594.386361790923,12054.001651645734,9384.607650848087
13737.846988248646,13132.292136825406,12078.13840556028
15955.548893829437,14868.637541107606,14401.852450980468
16913.15840275533,16128.946487364425,14614.207756687549
17373.46157075855,17645.82776981908,14918.39149309426
17714.053833056776,17747.376790817314,15465.556733069663
18804.908217916494,18204.24169573601,17312.844814062224
18712.30543265209,18405.47550879243,16833.213340625953
18773.381566446362,18960.64026474538,17880.811089453236
18756.309305401704,18672.336150668667,17536.29167687396
18331.099036584663,18751.089691673358,18197.19061182415
18093.817792845522,18695.939665191785,17846.25253635204
18324.516738959595,17595.898540769842,16985.152710467966
17812.026076236096,17265.32083797073,16635.372668650536
18210.108937472225,16696.969094077194,16710.709680224827
18455.200405196487,16643.05640055763,16424.676658227294
18287.730010361945,17164.593676781,16487.622624777887
18523.223422462182,17403.49217823243,16882.466404851064
18545.36723265554,17558.95615068798,16792.60443197753
18803.226430159044,18003.82077794613,16236.380148994916
19321.36648337443,18078.19442655329,16446.494913003153
19220.362869938832,17267.728504530667,16399.8782645421
19025.875163889126,17405.67115657946,15418.912814371384
19650.32491441597,17775.471900418608,15169.37231809694
18275.20453345784,16841.378263981627,13738.753697161766
16686.438018206696,15408.44156378301,13573.412350434244
16878.21878821207,14938.329878037395,12676.96709143254
15902.172374699287,14983.0264598672,10914.67164552506
15409.250756548481,14171.206244255185,10800.0185031919
14219.259837749387,13489.675341483235,10343.586427499691
12645.326028343625,13415.913785943616,5873.732415682966
14146.95435473926,15610.991782017618,9784.872810666817
15671.220257194966,16428.140050788163,12322.173401651686
15218.974171355141,16373.66621826338,13714.124828389977
13682.700114163084,14112.136337805989,11374.709074477014
12339.301593830465,11507.49670702193,10933.831990859257
9986.572255499754,9238.341666507962,8989.091927619342
9544.323321805323,7884.23157430288,6346.312891007445
9222.802975297673,8209.98635385017,6685.759875888905
9213.15069418217,8585.248054114601,7268.339327034426
10130.580624374239,9111.339391657904,10912.601041370466
12263.301433089933,10825.342324838084,10617.775276153989
14567.782923516801,14672.796615710677,13039.920546472003
16109.66596413365,15824.216561940033,13507.565816617082
17938.525088943006,17625.921771287183,15506.173071597854
18548.31669607708,17199.876291978744,13889.317974770867
18425.794785975733,17889.522504964756,15837.840133511889
