kpx_group_1,kpx_group_2,kpx_group_3
2840.557190969445,3520.869443654662,2029.312235524089
2380.7039648893424,2783.9032083901634,781.1269058026586
1804.9344183214992,1965.5288243343666,598.6285302087726
1324.139834420142,1479.56262141465,377.2779340919581
1414.203373624254,1162.9971872242718,235.27012391455253
998.1292406499381,797.0913859589651,48.54556475007826
742.0090140697992,700.9626863375353,21.188889546794783
617.0215263262364,220.20131937811715,42.39415186715107
473.197197062992,179.49602283881498,68.10436631572615
22.77239359691475,41.04040467392741,0.0
92.56577591383206,62.49226469242764,0.0
0.0,151.3817627959678,0.0
233.6448220473601,266.3382351848544,0.0
151.0542081760983,478.3114334803158,331.9869630357137
1684.1238552152765,1850.9106622968065,1180.9102772970507
2966.040518793549,3007.745834626631,1881.3795291552265
3950.338422171695,4772.798084275303,2487.829199915128
5036.096097979476,5832.818240602241,4084.6294741430006
9601.355183017711,11437.05157454224,6473.970859288592
13983.752083512929,14740.927467059184,9894.133577180675
16581.466545725467,17519.311514174995,11646.668967785428
16172.147649392571,17408.678194056243,12013.53325570201
16126.927397913472,17592.49397368842,12372.567312233075
17417.89892939131,19661.070742334618,15386.523813433929
15828.593791811103,17861.715205627224,14363.623070809668
19850.239626690138,19923.716692064594,15303.486552472154
18027.318690824646,18928.948366763394,14702.488800764797
17839.24803794659,18189.290146452124,15000.065388099096
19592.41034314524,19504.68457460661,15009.976201511368
19611.22357258139,19445.52648485556,13894.491335141372
18798.387671688553,19642.24514569531,14370.333927593188
18255.283888389793,18805.322733090663,14255.068144319042
17103.73716115048,17081.288870807624,14336.080875450636
15860.286812567812,16259.193077238666,14753.549076728224
15709.59975116131,16426.98395115304,15217.927303024591
15716.503570940204,16870.92584940719,15163.66187425816
17257.36440245606,18084.444988618754,15028.621984160218
17673.115683373897,18217.92873958519,14417.8063181777
16606.881037357794,18386.941131957636,12757.528090843998
15215.342767865417,17721.70231593773,12632.73155599036
15997.254730481816,16490.621912562798,11974.467857087282
14415.04632090966,16851.873464147702,11100.234182658714
15059.392020812365,17584.48173698746,11377.235257661365
13337.53587212743,14748.82489327295,9313.46059107529
13204.489649193378,12001.31859097932,7116.870169249637
11553.58668884209,10711.773298716666,6024.587996640354
9781.869532236811,9484.76188886299,5287.149829630936
10292.706799662968,9038.434866228214,5079.836101927247
9696.507309996972,9085.840907409836,4549.899532566501
7727.7024597514555,6619.138687673542,4299.40852509996
8746.068360584162,8185.758215026601,4481.417232806149
9118.660825072619,8536.170876642267,4857.310049190754
10508.479434435149,8956.56111962496,5200.754610778213
10103.144111847685,8853.25740775536,5042.854737884873
6596.183190783764,6627.83592071301,3547.552064928819
6138.985764692567,6573.38334168981,3360.1968373406253
7293.279136685938,6511.574176382189,4007.1952673873448
8473.076879309781,8031.651141285586,5427.125241629552
9329.443210608775,9312.713928992784,6764.5919036742525
10522.993180153213,11453.699192520548,8353.35903594473
10355.94466072816,10912.262606167984,9232.473161802916
10179.986989983958,9916.811269190623,9152.688464083283
11180.76555682248,10004.483029539679,9002.25577819734
11731.84933473907,10387.622541246883,9637.362780543126
10378.096128112058,11111.12603576099,9363.921491273586
10737.558683575342,9612.766017852056,8634.363864074272
11394.246564503972,11658.746530738064,9206.790456186864
13282.128797205569,14277.148314066173,11795.865917912792
10945.574570573897,12540.233857438574,10284.079522737758
9790.149119043355,10695.246196695163,7211.601939063078
9226.220497810284,9860.4425402061,7435.420387482283
9247.862496023,10325.257297280505,7238.088127700411
9802.159070008576,10959.668759363298,7302.530390845494
6567.115118283513,6669.9166285792235,5364.909562806915
8499.382483454721,8402.45452344769,6146.441642311062
9393.470531558507,9729.936019134922,5890.99323538248
12034.947677302976,11176.644765710604,5959.018413443333
12606.561773566022,12349.535442922703,7068.391488205903
13689.752278947186,13443.927159405352,8128.908349966984
14891.745994903129,13997.606257145031,8392.696774312422
15187.11038579308,13851.30433047925,8986.224625578228
14362.617609869494,14149.112828789923,9339.268750545556
14650.982360347618,15188.111696527933,10761.560174584103
13042.337059604644,13719.564778165337,9502.094322755209
10916.462606535339,12228.236704896892,9000.523085052355
12214.99078910126,12754.78665446386,10381.454587950906
12473.334339551813,13809.091441192777,11426.486199439489
15540.894696611926,16029.863892104691,12420.48596528954
17048.335335116513,16651.95057545366,14525.041642866952
17907.325039652762,17497.834957476207,15664.328865875405
17569.591626552152,17476.397487287348,17094.026089625797
17270.731621567742,18703.493308790567,17607.08884206624
18478.324963018844,20061.465094089835,17889.630869036282
19001.506532790365,20366.614761714285,17595.67195895485
20075.03630946622,20271.414625601843,17291.745281680876
19936.53785130168,20298.14153747282,17194.31183645528
19614.32063144244,20420.511214811355,17011.62951914749
21114.312755745097,20616.084789925786,16166.899805664263
20827.55738873017,20136.604556864084,15919.4297057833
21484.236809920178,19631.398445994528,13585.306300065837
21173.132972463754,19683.89544669749,11111.834045840822
20578.8986574718,19521.635319001292,14343.95199485084
20288.49162759902,19980.05595443878,12483.553558848138
20386.549686848593,19711.184575021507,9835.493630935638
20105.61438145765,19399.703833082753,9526.258345885322
19635.51021308588,19173.06135282416,10469.069015909754
19602.70237017535,19443.383398744063,14649.825993200988
19578.07637615684,19109.836825628903,15373.762422072765
18805.72397935954,19308.65324432602,15331.936630681384
18584.031524302918,18462.788332515865,15021.288578445565
18102.53105745155,18790.704692801926,14877.689063821475
16372.477430757965,17416.16555919807,14795.30830313732
15861.81575593786,16180.89280289379,13026.165395060663
14721.490091814776,14494.902994213146,13173.084947661768
14031.894528651339,14514.901232922524,12693.066645216812
13205.4558955611,15036.624674292107,12649.768833829768
13507.797467297898,16653.35146361774,12596.344194910613
13880.183221727839,15873.334214250759,12338.446742010656
14267.725397371354,15668.99627607353,11977.273446320334
14548.558745716377,15733.508932773331,13221.18757789652
13578.600045255114,15287.426447546082,10966.846995397147
12996.94859963177,12504.599569729406,8080.875680048481
11278.336731991698,12043.964406625098,7745.343408398981
11148.484015100275,12392.845645438445,7811.6162278829615
11824.352921614167,13155.194194793576,8566.126310911024
11175.695535871599,12446.450629723664,8258.291918251114
10676.33327108474,12823.508687429576,8644.531103928013
11321.165746408948,12396.215852548787,8699.450204731262
10231.293175978755,11809.082303393376,7978.018721232267
8803.335505248438,9595.945249568555,6148.617768630277
7718.80033691967,6637.815590783456,4570.95191051758
8133.486264892217,7273.13648111973,5484.397037566204
9280.490749355155,7780.473365305458,7766.147966342523
9168.375261867752,9040.966270658893,8135.568643550838
9184.083677016768,9345.549193991477,8109.522439644708
9525.91504779186,8361.777399883855,7804.665000495545
9184.369435226668,6803.370126852568,6698.392883541735
9067.2017366457,7299.20491557879,6023.409818993525
9401.079183117083,8617.027494435957,7380.163094664404
9845.801790665058,9791.979022614181,8146.825047321732
10678.240767280384,10082.254908039793,8570.743933598445
10346.791808460775,10013.117575807573,8360.949040841964
8766.308047357526,9019.975747287233,7615.354659579544
9247.64200302285,9145.297570993673,7107.527884753608
11227.980507763186,11187.718981921613,9017.647544241834
8809.684528426074,9507.013248072306,7608.166273014846
9715.788403672172,9755.540573792303,7870.369284450398
10106.300798929406,10260.103957958407,8045.438008960579
10785.288138670678,10452.706029057063,8134.236212999459
10618.212541369321,10282.430209014183,8160.029485629302
10815.720630692675,10966.083302655865,8144.343059238727
11607.502301642084,11741.370535942455,9401.410783342915
13268.731321182948,13974.563795888773,11258.023406728666
13565.117606316644,16047.817955545866,13361.6121932493
14238.62515025724,17232.176870270257,14275.455997739564
14231.67349620451,15847.312133024152,13115.924759846464
14475.446776500632,15431.544884002979,12848.69990425392
14571.148410488024,15807.850058433645,13002.44504582018
14941.24211706588,16404.54157963013,13221.039880621232
15029.398493685261,17442.737156655825,12997.389148444394
15730.645280990106,17631.122814606253,12884.94498254658
15797.057605386617,17258.5947934542,13207.54060171404
15318.409400471837,16588.789106951925,13214.130549590893
14607.455930541486,15271.50360958767,12237.79807872339
13448.344986481856,14047.421733009543,10510.71944520675
11702.540402166038,10317.04255351679,7241.944049134003
9760.043800280386,9580.276181214735,4559.260413220319
8774.873916464172,9564.382362534394,4363.9222594267385
7083.940180389216,7524.743278138126,3430.80544464497
6948.605186117936,5994.584083663339,3098.3059011362666
7246.028038389452,6440.245611509171,3713.680212297798
7954.9027026994645,7097.650912363164,4016.480828693276
8249.68218060287,6204.651120324309,4182.784517066801
8233.930885476044,5861.498024000965,4793.469542949336
9853.732363069115,7736.795970177874,5898.363247584744
10866.762504820997,9019.648166507319,6164.793773001923
10613.528856159912,8352.840345380311,6105.568252958288
10243.252384921294,9499.007817702763,4415.614714139213
8871.756107957684,7643.647143717041,4688.635506634013
8442.57548710365,7058.49069336327,5121.824013775707
7111.345347721438,6534.765066595844,5410.363404888365
6395.924876009288,6670.132176823638,6218.359783152812
6999.81826197146,7072.40037689363,6568.157558200057
7032.872233060666,7806.641280014286,7261.4129307543135
9156.48743280523,9549.896633627837,8659.961277790928
14105.50567268854,14230.562397872205,11800.06740963513
18362.82839909619,17342.412994858238,14219.661628827547
18493.050112263394,18849.21495574176,15883.35474826839
19627.616976046473,19228.463888338534,16371.759590874788
20057.637987671103,19803.621453003692,17174.179867647345
20055.492577231773,19638.99746555451,16811.746803520226
19548.130479310068,19561.805858547297,16929.63763983857
19831.52342881252,19833.989429037443,17018.576746065817
20226.13198678218,19161.180395560208,15575.999055503751
19709.810925230468,19356.437216612714,15352.263505821296
20600.68591545671,19581.289816841763,15019.339309199093
20199.785856211027,19084.764580070947,14607.25999265826
18811.01267110223,18764.895784031418,13781.305821814438
18187.390790816182,18345.995376987703,14044.428009270388
18420.206829399965,18501.79895248647,13944.17036341909
18074.50461148041,18164.64622745966,13393.663466704422
17173.68957225496,17985.359230907645,13395.600111294028
13648.197016700236,13114.064047583905,10114.412257291477
9639.63616709224,9739.810565455358,7200.131121397701
8117.444879109795,8722.369292007912,6343.025987343137
8286.751553325634,8487.25895696886,6492.617411652143
7840.44731950349,9200.41829018194,5317.730742806024
6635.137008866993,8453.223575561426,5923.064469679243
6063.233238790102,7658.6676599985385,5494.585257690173
5299.816374756997,6272.635176203102,4546.942346024855
5821.948423029422,6616.59808406872,5084.998985258726
6523.565810155603,7937.353319547771,5839.339131084043
6275.526884709432,7384.853277407503,4382.901184715106
5383.283711810522,5499.595009752249,3395.567990782848
5289.726196535982,5077.591037082218,2631.537654732744
4427.226923042146,3988.687126743927,2657.380400602265
3597.0321580507766,3624.7924391029355,1721.4073469495272
2238.2627824501647,1997.2860779914288,1430.1192998370088
1244.4612640792993,875.5786886269881,625.0488900398416
1330.2465612243222,971.3973614514903,643.1848024071709
1181.3178981079618,908.8102738999482,932.7629117013936
1194.4600857777812,952.7948774479455,193.272930730244
1210.292256918654,1492.9057936735842,611.0208636306438
2219.149654239711,2339.458728814869,1294.133155341037
1719.5649977045473,2279.307770147347,961.4244398875308
1680.85277686712,2074.296661683177,973.6055326640871
788.8740333231576,933.3312377365833,282.9982399450638
381.2951615161278,1059.185746388528,461.9760236654121
514.3615019111763,1418.5062296712995,511.2200886189112
325.20330150686823,1273.5386534674144,601.8744798570282
0.0,1041.7508099013467,301.9308120234835
0.0,546.9286611930618,219.57396952161392
36.095718383362126,406.9562798184233,192.0883784594953
354.5082504649587,383.2083970293826,347.35284671152715
412.968887272463,258.6905701340115,295.33922486682445
1147.4307738231398,816.4657914087737,218.45542027649668
1066.7436490875546,2199.3218728485726,1073.0135773250372
3854.527866377746,4852.799989258245,1876.9296257426497
5936.701307358435,6742.191515447894,2904.045838401219
6469.41535525005,7331.292908628917,3565.324376512203
6747.794417645665,8602.997570744797,4266.468073412522
14907.620419019957,15608.092622017659,9491.208112621936
17084.52829120277,18084.921166739237,13319.361810405097
18344.604713820332,18813.348076397102,15102.759046570034
20105.967917934508,20104.726701747863,16925.757481527802
19620.083588205536,20628.525743185386,17033.89224537107
20316.824397185606,20454.608582971538,17108.785113497102
20084.948958363813,20064.393498705376,16736.3835187054
20157.68096006714,20126.01396991879,16109.451803213124
19693.791274215124,19793.672711806183,16518.657227269803
18967.833118628947,19313.263946764062,16643.868718222482
18699.976131215535,19134.666767019797,15799.894703206784
18964.570134476024,19382.250224572676,15670.043601439214
17925.164700047033,18932.55810945818,15829.40177938007
18128.43187896248,19255.651895284776,15125.987287679847
18050.344596414037,18723.040308119787,14665.270530734811
18274.9412390665,19009.587896640318,13676.395131714557
18414.79466072094,19300.052921492057,14229.69129354704
18773.470794935583,19073.125281261022,14465.868072070089
18946.948978088334,19231.213491325863,14213.747944331915
19529.253913376542,19160.62394375798,13977.061261699895
19479.801123136265,18957.812272961128,14274.956509668817
19330.65033068187,18624.682266576598,13546.329114093314
19219.52072118706,18529.902487203828,13129.565979630388
18953.469018422493,18788.760238733717,13073.872390642671
18331.45186682479,18552.44494775402,12861.541141378244
18476.408169485418,18912.237839677815,12776.9344645237
18000.20333314438,19311.093339663123,13153.533033721476
18288.730577702652,19295.037032518983,11885.480828873146
17940.55974388473,19145.799651191955,11300.704902802754
16891.022210920633,19324.150276249286,12677.999561701115
16581.73558788576,18659.448749790732,12761.03557834801
15646.753274333894,18747.77471493974,12560.215157249766
15982.437455540245,17896.421963947745,14080.30688784016
12665.674327063922,14497.380254083098,11046.160045879717
10026.396464819658,10359.10554364905,7480.267519074912
8022.863872251165,8650.310699027266,6961.956288528539
8077.81884272538,8913.782166605988,8171.013255386361
8364.451343133962,6884.372922365208,7888.626187869443
9387.128671332632,9402.176571240507,9090.439080428469
11688.997101295514,11425.87780629337,11263.843538672018
12853.976906754335,13371.104147152326,12441.854314134183
13842.06422901272,15232.463537624439,12734.893705407823
16292.941284954892,16748.194817914442,14837.835057408249
17208.108407751464,17826.24138521997,14435.417616112534
17432.038147760493,18235.907582435924,15318.327207486593
16534.74020754501,17523.191464749918,15890.698141781106
15363.340569744378,16615.230804893676,13432.830639568698
15001.213818884622,16120.202405224958,11923.681359189304
16081.234817346556,17529.490472629506,14663.382694795348
15752.03053186377,17621.31020500004,13965.58675062237
15358.167754740842,17515.330185880972,14289.580962277698
16277.960315589933,17200.349558042046,13061.306602028708
16381.440416871856,17252.284571239456,13285.01860196389
15718.468717912674,17476.9957970081,13336.827851410186
15578.487306674664,15744.682725124116,13380.258011919224
11122.586897093839,11199.687193321297,7204.353950389925
6502.661586189618,5996.864274263387,4068.2625350305866
3372.2760571574704,2912.4234002024373,1647.670178316294
1398.6372903297715,1424.6291898075954,926.6424898932884
377.0936307490303,794.8391213491394,291.91570299186566
329.95936046748125,667.205674988465,338.56266267172543
271.73903699594575,430.89405940501337,0.0
320.9077834379299,342.4202423299235,203.45347523339572
54.19621606720743,220.52870199236852,194.9719938200468
115.24298850881186,398.4796338631038,191.94366025398745
0.0,138.93869229925542,309.149411092527
774.6598666542391,941.5471945374471,324.546689744354
3653.860994202377,3848.1289037320603,2692.228014031621
5699.624728487901,6643.082768743019,4066.730044008964
8339.521400208969,8620.89779409955,4401.261398645215
12477.31680027024,11816.78182794303,7419.809268522168
16384.212182090643,17165.099745886833,12500.956075392209
17365.10696411233,17499.496581552812,14483.745177971983
20232.644994918206,18909.408825432194,16755.333946677452
20234.66476177966,19239.21493062721,16055.320110377186
18145.30223816127,17760.925520053683,14870.783229303514
18237.235291188885,18638.255711431615,15021.290882475652
18072.276170326404,18482.75454470799,14014.13681419206
19424.445374094164,19130.267165328143,13431.532307258536
19369.697733029854,18726.379303110796,14027.477411886408
18914.616651593195,19025.617072403355,13546.405588011132
17993.48970480743,19157.85108964557,12100.475461311224
17891.777339583416,19263.20245478236,12215.746388581276
17547.1534019514,18891.756157240456,11637.470583273102
17322.43902220134,18689.91460385661,11994.254583945429
16548.078708247536,18551.1727347319,12751.198669758882
15924.674846023674,18243.027585257678,17114.13043005192
16599.096182372523,18761.13996663417,16398.672361403682
16600.68838285048,18955.56740734314,13863.152463337994
16512.51044061909,17731.975574168515,14061.218040039228
14861.918828257265,14767.357557581287,12735.363923071762
11016.870890449347,11552.789893462535,9752.902730773169
8700.044056624472,10244.179284612146,6907.2037706236015
7830.1323054978175,8311.023161690813,4867.551165669543
4906.021056962333,3933.672492244161,2911.097593396288
2972.144297605517,2027.1697301710926,2224.742807576591
2538.868700501165,1491.015255460741,1671.117217964052
2822.6724661938974,1346.7565436499574,1856.4926172001408
2508.954553269667,1535.0435316389053,1712.4846106800871
2956.5527226055433,1713.4019400492737,2298.477050144308
2764.58313025418,2000.8338937460296,1830.303639404672
3119.3262240392382,1803.1671376152174,2347.21428380592
3231.714837243442,2742.290571501605,3024.722043275085
3536.7080735264635,3400.705159589599,2817.6812578392737
3365.464217004211,2838.5999279681478,2580.668250484047
3448.8601523970287,3002.1887859553303,1792.2604805581643
3315.8886477709216,4712.772852102549,2457.9514049288164
4353.181495994224,4475.528526159532,2279.450410884511
4571.5242666125805,4519.317912996018,2847.827850034825
4959.009015759,5278.621936874867,4431.016406594723
5566.522270594781,7001.240997924015,5436.210387973003
5935.814555636944,6982.068379083086,4935.942301290141
4561.527923090042,4983.559426387463,4316.44488536888
6628.323404618889,5516.530474580394,3669.2869441390417
6425.691184898953,5840.037579154329,3254.6634792690284
5421.266384668925,6342.84053410165,3474.3913280519587
5344.18543856623,5843.725785359478,3123.3601329712983
6198.9912650654505,5463.096208476801,3594.881579707314
5688.5122954022145,5271.53149383896,2850.9635137699383
4467.361943887543,2687.8850309720847,1987.238074595268
11771.832656247885,12053.27867516207,5213.61782256119
10307.6435153558,12132.569992707513,5058.1364497330105
7865.888156413975,8581.524666619245,2719.61007921343
5012.672356565925,4291.4607778415275,2155.955309546709
2982.6749717177127,3336.538787325705,1659.7891509420044
1759.9515531065224,1404.7138836908614,1110.0420868823958
1488.6390469913529,1288.2380358620244,681.5844071438102
923.7544473657515,736.2267410974858,384.2906669279205
812.6926868798586,711.604803742007,347.5134115720915
379.7683226527886,11.53841970618365,307.3391856353589
413.57294908360745,262.3322916888574,215.31881056093616
340.5388586231527,563.551413886397,400.0336315203836
175.7902759289378,354.6423185957002,205.69736552964585
309.9225278357384,304.9317599770301,169.03089403518968
597.265575971509,680.8749226936704,190.61503474020765
828.1670739299739,763.8449218347129,608.2411682106286
3246.95593823185,1902.5960289535033,1792.593215602823
8441.140362668642,6260.557280200618,5971.856833726067
12672.604035230652,12969.111627167722,8355.35252811097
14242.202246618219,14167.35661473065,9175.09532637007
15478.275830277507,14878.930488070104,9648.088664293502
17556.01875311648,16712.2129178565,12348.28927325251
18281.887329022244,18209.4040910287,13921.18379514819
19946.77185893518,19244.004354974815,14974.40418979884
20279.7754500632,20554.87799926629,16697.910237470485
20024.240834373923,20339.348976097797,17091.871506413885
20465.393724983103,20193.134734968487,16486.574371354796
20742.227196997697,19864.954382108303,16235.787151153603
20478.44458782632,19991.952978755387,15102.579993569483
20855.784847658077,20318.540067556423,15325.13295041226
20954.474593306375,20399.822153138306,15061.545690768
18650.492814031466,19354.66900704542,14821.266854273146
17532.96122059771,17961.964207913123,14645.359617174388
17012.837046331482,17956.548744556312,14811.244734399124
17405.488212259985,18848.346243304957,14475.74792832603
18080.42232541336,18659.20044441839,13980.533356139204
17822.402630571836,18606.854495834774,13983.263456737384
16957.782326395063,18534.51458460528,14150.163598089372
15912.198879977934,17214.547494815986,13066.88722479842
15847.731743887747,17179.523149801753,13422.395098352696
15421.98023791322,16718.276936012284,13136.00975672785
15536.94710868383,16284.825352878794,12024.794230152324
15704.027895137737,15793.45742486925,10883.530778381824
15548.704952479025,15364.732920064589,10406.502163451
15965.281520857057,17021.406525231618,12806.5218150951
16923.27737255034,17207.74516271555,11838.124218203777
16670.528235995924,16840.64763619349,11528.216858813736
16168.345221973532,16637.163373166673,10953.401957870616
12046.757726357213,12582.30502993908,10129.3260586809
9924.104175200446,12164.14198990051,8510.214559219296
9994.094767878549,10871.5273489958,9165.808055075277
9714.446917502928,9998.463923366864,8042.195877048861
7626.322889428725,7354.064813596665,7468.159719436327
6493.884827259917,4179.4321596349755,4674.162092537497
4008.1894328556764,3652.54504934267,1838.068176156186
1756.5538024945813,1160.1796512632,648.9210599725409
881.5506777649409,599.5791930928909,290.51477414230936
1253.2775126053737,679.0401093815261,259.7082218240768
2243.759242265012,1095.6575352637851,785.270765675312
1317.7934360439883,677.9208048459259,870.2544059410685
1180.0714710798286,554.2719771940351,1164.7403534683897
1245.857547725614,482.7500351352109,1057.1285627581346
2439.64633717608,3005.586345147098,1712.116294850068
3432.76668010433,3400.9083204233666,1392.902856135098
3000.0989529055796,2565.871369847002,2938.5798403765807
4228.396730271222,2654.7465394408314,6601.356022258584
3825.7960596912635,2769.59006039297,6538.565825849276
3400.7460078098875,2920.5534540616827,5690.162927684092
3397.747996926977,3161.910243412524,4874.448655632587
3432.471086201456,3038.340207915108,4465.076844547984
3028.748729976522,2913.251048831518,4640.754713405025
3110.60646698952,3385.9882549237454,4933.744842682991
3157.8425925236843,3205.8929203318694,4764.977557811015
2586.688470718586,2716.037159312189,4344.619441905722
2487.3827496622157,2280.779339227656,4177.489194516604
2486.8200929028603,2448.267041316754,4012.169972196369
2710.6281892933707,2305.741896113928,3792.279487667376
2344.1573235600486,1777.9877979109863,4105.404232510244
1914.928833648818,1176.1892165227641,2265.0476728451936
1824.3859863322639,1394.9000296521444,2191.157661524806
1435.4773321613736,1558.0825231318213,1542.446473958281
1195.8541998332291,1044.947663136547,1357.9560225731095
801.837288408845,1165.903158096026,1663.7594746315458
768.822230466911,802.7428939000182,1488.233610479535
722.5392835819476,899.5129983387674,1539.3247754392175
775.8092028116874,941.9528448823128,1634.318333776754
936.0962299812612,1251.9530988756705,1735.1076350827818
850.4653341494231,1169.5258888479818,1707.9311886567998
1121.8478052096325,1412.8185226306734,2182.008601242726
1288.9537349360833,1377.9329052212508,2206.0320317365868
1390.1592609845795,1444.8056442214065,2073.846824032106
2116.5678658134825,1877.777376883433,2479.259750193328
2114.6047239214245,1842.8168537695879,2661.136635680825
2092.8208418746995,1462.6021346536832,3145.107346868158
2359.187261104654,1284.0697156834449,3283.541398108797
2184.1681979118384,1098.7654673035852,3924.1331719307
3273.1715938086027,2924.7258597430814,4411.333558072286
4227.77932976974,4789.968870827488,5374.962480524818
4201.429996558298,4760.209596638964,5540.714597796677
5498.753121493979,6360.0168901473235,7909.673449258217
5786.529678927447,6423.4621538728325,7808.418783527413
6524.0376620231555,5210.909874158608,7211.2612189148285
4534.167689394343,4724.011072717508,6295.481087135784
4424.2907975948765,4397.572972665712,6800.11266245827
3598.2781103153907,4010.486981541154,7041.213233866767
3445.540040364653,4603.312563649207,5194.503510873395
2863.199082784511,4033.6857444462257,5669.901883827561
3472.766581356654,4699.724830100693,6404.4166674149
5194.1778671064885,5588.665015691857,7288.802751256604
5508.925043624487,5676.5434300725265,7299.353729394943
3316.887116434119,3915.5469651403614,5650.967199541559
4101.195785726228,3904.4060213210355,8449.454599986331
7514.319116089988,7755.251873767836,10786.08602342558
6971.404606223605,6725.090023377305,10134.146317028692
8129.35296329951,6517.214236088601,9577.944156877546
7340.5207214470865,6954.5970301205625,9743.282820358709
5561.349408393156,6354.730815956229,8722.366430564329
4540.726967846987,4848.940389996227,7045.605857723206
4998.6235128404005,4722.125917026748,9517.76427772296
6576.75608974229,5735.42221376503,9553.068410224072
9759.018131439396,8518.340341409115,9838.077805828376
7843.036085749905,5984.611802961653,10151.70610288087
6322.490750296252,5908.512454310036,11610.000247754686
6179.187798428636,5962.261679345522,9376.758570341482
5860.49607417247,5737.842274934989,9058.76532527207
3731.489673429141,3403.3080894099653,6855.189925363331
3507.2215243782275,3169.930196733269,5093.0736904667
3294.179158887066,2752.983759881835,3151.3065020145023
2614.9566171453666,2261.666834409724,2793.8258212404967
701.0006689825849,1590.3619114681594,902.026686815872
847.543541336521,1035.3693445630365,417.6568637241508
624.4196302261525,723.4658884983221,0.0
0.0,345.6105812892115,0.0
0.0,72.36773840728486,0.0
29.039181836002513,0.0,0.0
0.0,0.0,0.0
120.44829006687957,0.0,0.0
0.0,0.0,27.62560112099456
377.1700956802943,0.0,367.5747894399551
262.83845394120226,329.58659192889763,320.1647159968029
123.07617614224323,0.0,417.1700240426399
1148.2443620641598,977.3726587529287,644.7525258985027
2035.0508829703099,4091.3763100550764,1497.6423164155667
3299.975989843198,5640.131137082364,2213.5672278496704
8153.815555555432,9184.959804008146,6847.966654053626
10133.822970668463,11649.953322661877,10555.025225688554
14611.014287342969,14444.508199091075,14676.377436272243
15120.039800914345,16900.336190923084,15804.710655825167
17235.839658669574,19007.076172783487,16063.71285149509
18063.409425812028,19510.789154776478,15795.26680650097
18364.788423101425,18950.937610027286,14716.571571871316
18021.673567501133,18608.038708817574,14250.914996807933
17478.305804033713,18360.534485965152,14187.410192981904
16575.28829344838,18363.989338019164,14012.410160108131
16206.188539794757,18564.2326723419,11750.925768441186
16011.728258452686,17105.463496335255,10934.618832459715
15599.760411831694,17744.531158088124,13119.508366308684
14471.366536972413,16877.437031120455,13420.16059003186
14743.312714241685,17322.90139920612,14273.982415275435
16143.947519784824,18051.15395014331,14721.256276674614
16081.793151433007,17808.270122075053,14963.478431472176
15136.343331712646,17545.243738692072,15445.298227518451
14901.592859309225,17819.77167845264,15897.486416823984
14386.037906993159,17553.78940505026,15740.787154765032
14553.078541431765,17205.708604058957,14412.51061364081
15398.166437175203,17418.525542646665,13927.60736024256
15297.237620853577,17367.098449061687,14168.647470334272
15346.033342816288,17013.10831866517,12651.285899214576
14291.352460828764,16419.546710420294,11995.734395944264
14733.497467836518,16514.209825391375,10585.739002477878
16001.746649987024,17380.027988815396,10455.638601154296
17154.35062014961,17741.597464859227,12278.03699234666
18019.240026795687,18444.303587556115,12328.75861365828
17899.43393621561,18199.259204998943,11998.274274169646
18073.424995986094,18317.77250741391,12295.07947737726
17880.717003993435,18528.13692282309,12651.645952650206
16550.05250156826,18259.945587669754,12868.756225524265
16263.121205531184,16939.58707519047,13259.88960079328
16395.939141499097,17471.62530281543,14445.97767910591
14998.049209923687,16863.35540578962,14645.31464966779
14935.172431848981,16323.738576462241,14609.012694426016
16293.87265226227,16696.099438442103,14135.454602583191
15804.583873988982,16732.86252064217,14294.786509959931
15825.94647872584,16713.934653011012,14603.809118975658
15798.791656685957,16637.90077400867,14647.127482251652
16170.411973512208,17330.826312966783,14095.445062888706
16091.266656298305,18116.225294976106,13200.05550506699
16695.39802622673,18819.397478514114,13390.820855737053
17234.996226184656,19693.31244963334,13516.260402911044
16699.613656723704,19421.390891776868,10940.338150014686
17078.75618145343,20013.140250123775,9867.0788371247
16615.904731679482,19895.1821259151,8646.412910311905
16565.898810000686,20334.06466929259,6671.740454571791
16705.067157269277,20125.248103102305,6285.568542844914
16793.47013316062,19985.324341664964,5641.055063673358
18377.79084160179,20844.324980731006,6297.204740786485
19160.31088061811,20264.129250139773,5728.499779937177
17887.717692067603,19056.72494585707,8111.679155232577
17089.785326029447,19053.271760841333,8056.862280998056
16826.61338570328,18611.472881218313,8333.91341352192
14396.557282925392,16983.494459092035,8294.116204393196
11533.309607260662,12649.492480058523,6473.34826333123
9272.18393704215,9252.13737278335,6620.130587080472
8385.912921285246,7046.94141051152,5279.75348487519
8532.72857289289,7664.882480360417,3967.857178185535
7076.238291994729,6666.731175740701,2931.436679644903
6742.635010492879,6345.368684224482,2951.8744694442503
6872.01311353509,6480.421581783925,2686.8331940338926
6952.974457007729,6459.947576477235,2758.6074002303426
6590.836089181046,5477.568841918639,3098.9702574592484
7558.44892611458,7255.924879544169,3963.058067000352
9483.314844232358,8841.640860836738,4350.047520603115
9387.929861061808,10645.924581540869,4927.697133865474
9120.046489262613,9306.648942373617,5093.723535348428
8050.063800545594,8612.076709488845,4403.27925318939
6722.2318282294,6557.793468173606,4705.677468743057
9843.362833423114,10067.761198722159,5785.378961263828
11237.989860873133,10911.924289728351,6418.568906221365
11689.62541453902,11358.877726469214,6312.527632945835
12818.576347397835,11333.455405218841,6061.553019392768
12550.415277133634,12096.902394380779,6564.294542016625
11511.156997951945,11428.574851118801,6491.008405889403
11570.233651158289,11211.603767391118,6256.842964583957
11176.857570226408,10267.210550930322,6846.388529090085
10587.211511192772,10265.900558626732,7422.445882083624
9905.314897149276,8689.463180700786,6663.232768487128
6666.872925217047,6689.48998568493,4228.702424588925
4819.305742713315,3961.8716972724133,3239.297537163761
3139.9399446539383,2609.4597489576267,2700.864950992612
3225.9114514821963,2545.6289340475937,2427.5748185707566
4909.869898863187,4137.915934034009,4021.440087543158
5430.699847147527,4203.713793180493,4292.7267982560215
5859.18567813275,5410.303998534062,4666.956220705268
9717.976615627664,11962.043543513377,7944.406382952004
14322.24105998178,14746.820548153753,11711.512246840177
15307.742070716276,16553.035253639944,13424.76745794205
16871.101007502504,16890.351137743397,11694.701971019298
17035.92136343735,15297.640058555926,11649.912067350737
16076.902836270845,15138.978601136338,11822.57349060407
16106.479462918762,15656.808009330776,12363.905014162332
13076.848339598779,11791.563478245107,10916.979938610582
14721.367641253106,14903.604942890039,11960.022502458043
16353.210682733645,16261.485323666291,14028.64212923715
18459.749893018736,18296.377492073138,15079.392991252858
19008.955821460677,19008.918872426795,15991.615362408216
18880.01645831481,18745.48692867963,13180.22597402786
18620.597686897865,18363.132307899366,13616.182101456478
17072.885475156952,16810.07202538364,10530.718237075718
14571.969291568961,15756.732468420956,10400.518885878317
12003.44833520104,13139.114002711523,8807.252197287793
8028.717229831323,10261.670246109743,5483.612601276636
5543.6140347496175,5645.016430055784,4675.75842337653
3833.3618822673325,4665.955053270185,4086.7925161043
4679.534859114101,5146.261954234013,4728.716334973733
5264.488516465801,5375.662744104746,4965.007009196983
6417.241115437376,6899.581882318238,4753.647040565242
6569.575418720401,7118.16011649063,4385.95366113508
10953.360326069336,12375.261592922057,9804.7523798196
15287.16546016932,14992.11743754583,12372.93990653112
17285.93318569681,17070.696269473417,14067.867194197432
18875.605687592284,17608.546569763446,14719.030371578268
18659.418816456287,17437.71648701617,12879.016992585848
18029.72638728752,16914.293957292695,12401.331072604196
18981.59786337313,18235.440116227295,13275.287749316807
20210.15746287328,18501.10252220721,14001.247264172604
19382.551271673758,18891.712462725613,14790.779615871776
19373.49304819899,18124.269305036294,15133.986015104689
19620.072483314987,18100.190627156073,15545.934311443474
18618.45969091938,16669.688815615616,11671.816425666684
15120.11158110652,15508.941413072245,10166.364571215803
12433.634975761453,14154.795699760627,9680.433268616522
12034.260693099079,13059.900376838732,9343.087813994338
10545.001009477448,10826.75596037781,7526.893714291387
7799.710935048999,7927.309318800581,4551.952098109017
6735.112294564456,7931.890128301741,4046.142882791323
4422.237017267579,5246.184786135325,3468.135382641141
3403.345320477134,4283.64614189635,3355.48307461918
4274.932259874659,4168.2458772528,2704.7468126448603
3793.9580750878517,3388.829865116575,2708.740522919222
2576.260767123673,2516.676819064812,1627.6132364091236
2816.5104263954695,3216.2803089975505,1699.0608939816236
4097.325156554117,4211.40584549572,2160.464243806256
4334.148797669878,4629.349925163993,2147.088000133381
4852.498556375129,4780.403188575238,3130.839275672655
5789.086296414423,4516.444257507272,3617.028858728053
6688.752806815696,4669.657083244343,4273.58639259634
5212.120662680018,3399.4999104880867,3419.687364124099
4188.056952382309,2893.6673511064946,2699.473002270586
2321.524679435056,1379.597256757005,1648.390466624296
2974.8584167055765,1499.5286401118549,1614.212858940164
3970.32664954876,2441.887914729679,2717.795756876841
5407.778604103776,3819.6243569980534,4064.737576392123
6110.401837356013,6014.898156315426,5224.812967301709
5611.796797257425,5623.153559104656,4959.986970785558
6501.4060600423445,6751.045013373706,5671.473419813151
7889.755124179071,7172.553496017922,5459.4422374338665
7445.7323590398955,7515.071434068255,4530.547032701208
5752.853997080466,5224.110468948608,3815.622478398111
3227.1184566577786,2920.571695504294,2611.031775236852
2704.8251550615983,2500.6998823219087,2931.9678287028382
2350.1854195363403,2094.59092810646,2570.5662290754544
2233.701597174564,1960.4110206026667,2132.7815077883934
2537.717132986949,1899.6630580041447,1733.831138935391
2087.734299100994,1657.2765389912538,2184.66409235586
2166.953703665732,1620.494331386794,1760.1958904520166
2694.7980779552095,2761.005199600558,2158.789380398017
5630.038876127697,5134.622110961407,2831.219858144566
6347.4051350771115,6323.684895122533,3436.5109539579344
6209.312563014132,5344.578891488623,4667.610672110865
5502.29702528896,4510.541749194498,4059.113146579272
5147.890380907121,4032.301567351106,3771.3833371674727
5732.134035845008,4591.619630613796,3981.6022112840687
7123.168332630717,4673.587116005989,5282.450504360371
7135.822112909921,4796.910215903563,5081.684923263066
8402.946413692594,5605.573614074225,5194.390004374725
10796.200570161865,7700.332853444468,7976.792588020611
11419.204426170736,8735.248329937443,9598.077787456614
12691.074227997962,9899.70304736379,9214.347614797984
13348.680060356342,10264.247302382211,9301.749802432312
12987.459089720314,9408.191961040873,8052.018409983212
10482.414717761112,8688.087094933107,5669.91194785959
6379.9543688880385,6057.979334378965,4369.8439860347335
5221.368845362588,4217.976687053946,3020.335577396416
3988.512122512833,2957.1814803536504,2226.7500320815275
3901.9551756646993,2601.569271447249,2488.562295559204
4033.919097222803,2763.2704388513066,2232.835056706961
4066.0741657582125,2658.243711061673,2559.209664160585
3858.3381022851986,2827.10828420641,2470.842320326391
3193.4562998361866,2376.255529083166,1348.954348068754
4170.535935663058,3478.434640840738,2608.7755793392644
5654.334278218472,5451.035705262546,3237.7546771538105
6483.050051229385,6003.027835731566,3779.192410310838
6402.105676178182,5137.725234140136,3188.085780338625
6122.494455369717,4736.311871850801,3621.6448410697976
6062.272449243276,4570.89712450494,2990.842738475822
5792.339270143934,4362.174980369409,2753.188750739275
2404.467837436273,1422.9603470200454,1635.5128541288082
2028.3222633696894,1574.2778040351438,1317.0087225880216
2659.6441951932784,1723.060359186288,1436.7561945184166
2659.6902413273942,1394.2320718252288,1331.2971314327303
1291.6307594302145,1041.616970880261,890.5013736601674
1188.3971739751296,1002.9220203478795,346.6526885474965
564.8004589788143,366.0621861790133,88.59362270720105
869.1340338355753,371.2482807388134,63.97990045690644
546.7644473185217,167.2735913432071,245.54584783852
293.3208866234883,120.70556203762976,244.6164462783124
84.61010942911064,126.38677462971707,239.15845013310783
58.649518090335434,337.22314169154595,148.9377020344882
155.94653627010823,217.38316937257127,8.32628761865045
0.0,2.0510022978924667,0.0
231.52394830402832,147.42410676720385,0.0
348.6391674417343,202.15154158141257,0.0
302.1384827363375,105.78985009982733,92.50453489119371
914.754887809563,623.6809691857102,350.2448770668589
1276.56392924628,1563.5667940070643,329.09747213740405
1924.019482642214,2758.622063365321,896.2402009711793
5102.020082023302,5733.88163705425,3478.5220699433667
7560.255086759455,9023.662629719109,4704.182422700002
8811.516786258588,9019.105534804945,4993.5538831306685
9068.321925879378,9566.38923359649,5067.528488096943
12762.941542020473,13757.91206945932,8856.126957793655
12197.599382170618,14240.571332597718,8896.898317369078
11611.628066830925,13733.227713048978,9797.085986907045
12778.029688527553,14633.445722304088,9881.761917765973
13757.596586574497,15387.510038790264,9417.526412818792
12793.865166640668,14134.272205293257,7106.650764861682
12019.087106653436,11862.077515402096,5164.885064869268
10231.671411617406,10384.283918856314,5848.282197062496
6684.946092572896,8610.97908911889,4829.0166364365405
4766.564631706792,4833.33212193703,2491.066123798797
4473.6518975993085,4893.722959356488,1718.5441848910318
5436.529422553573,5377.525270065355,2337.3918138163804
5271.173884991994,5669.896548871098,3438.532227497498
5964.340546995573,6268.081264814072,3845.4320789090175
6884.477447319445,6912.817934432494,4453.8808766002185
5646.435352920023,5574.698998425657,4369.972107783544
6186.489522378684,5899.646563592102,3741.4565436750713
7623.7306837722435,6979.593073356565,5100.408245186235
8821.044531289288,8618.55981329949,5751.1756504401765
9868.013388021585,10002.379148889771,7416.842144505442
11410.149352750863,11967.413734882912,6542.291259997915
14545.064014008643,14779.350933756317,9773.673479355926
15801.443587537733,15602.253544021292,9749.836022354631
16150.35940713251,16071.259503433048,9245.124687961194
18050.09775716073,17027.36037367874,12246.326128141674
16243.326660334915,14099.860712928366,8061.242260665529
13626.249998446148,11711.88141616023,6083.583986712773
8418.02196323745,6952.630166138333,3175.829635942109
4924.123485242629,3836.423599859315,2764.872588167661
2039.360768199991,1401.9483546968868,1033.6954512505863
975.1003420033832,489.2853111982235,757.7989140959237
921.6586419619185,358.68606591227854,236.5936871591519
540.6454904841762,69.39329344857691,115.62708910214177
570.039656153111,324.7318926738516,55.77994878228602
510.9775342573423,0.0,451.051247076916
573.914360395737,181.8888255500042,464.8474731985916
763.6823402945319,268.7514145768704,1163.6048509901764
1654.5778094439047,686.0285929565268,2382.197191720669
1663.9845231232246,802.9414397539751,3215.457382149604
1405.256366367368,717.0985768042801,3584.884223789445
1181.8964833223372,859.3367412094344,3351.0152378356656
1087.088294106791,555.8320349830282,2347.1535737649897
902.2809381756833,390.73249454948433,2459.9116296405336
1359.8149840735432,454.30194168483354,1542.389036793581
1182.2714982870677,347.4912285261016,1102.8684550641146
1240.517250360837,0.0,768.3678729574515
1085.4037863125004,42.067915894569715,253.59993251692293
1073.446240551485,0.0,362.7884245315821
1052.655644285574,53.21055888902122,0.0
873.2429378332488,181.48307413443828,0.0
989.2185918422292,289.8492629628638,0.0
973.4784330064758,95.63625971703149,96.58498601456915
742.7424745182608,0.0,114.37017593958592
588.8498534233925,174.77078704349876,100.22806150035852
800.4027794255401,427.78152314747405,187.66850455545256
1355.5787364022117,696.1703678109438,252.9389944829124
1663.1397412221927,1564.5134520207216,556.1477106159881
1286.6614337900269,1528.0831522585765,497.1442248466409
1202.6172493219526,1188.611205229519,609.6950858391212
242.00297509171804,0.0,117.32969151479855
244.9040737988283,169.05542418675964,283.27001659616747
0.0,94.46326901353683,87.276431168824
280.71334795282246,0.0,302.0478567646766
350.68452361197325,0.0,321.8015264482349
417.595941231599,0.0,221.2539457938956
518.9050713989825,166.63223041941532,214.3234160778618
200.55475233075492,96.33930541156899,44.12305117468024
435.42446360768383,120.31586882477612,73.55337336840525
668.6005197231128,130.8994610767905,162.6063895594861
764.3662376849236,285.94037153474045,232.73762707801689
1242.3422676977336,371.4972006957469,177.58238983871922
1374.6504183536995,714.631652240916,143.39254103898745
1678.7076409344786,583.3572924058625,352.3028098386798
1369.20509385562,540.879823946991,209.1845152910544
1553.4905230759068,709.4067690450574,327.5787989027317
1697.7821788049089,776.108032864178,376.7127689757427
1747.3199892974892,716.4457568994111,397.17571926944703
1748.3512221609963,781.8678050683736,302.3300084308771
1662.295990354198,624.8049807422443,288.1128547402648
1415.5273942551185,529.5049104988493,256.9759330557673
1297.694654394179,508.57396992044914,128.76862121871503
688.4890733209033,453.7368626315383,95.0518601347068
227.26159529959745,179.73592787141843,242.01599976130944
156.57548789808604,300.8990659829176,123.47051999090596
43.675486222222645,0.0,176.79318029798117
0.0,0.0,172.64033996636803
0.0,0.0,115.42372279367568
0.0,0.0,13.158189139513985
288.36756579548376,0.42884782879817607,111.4624207012594
90.43020993717688,0.0,81.8619115534113
94.81221550010922,50.28626220116507,0.0
89.4533966614176,0.0,0.0
678.0542582611527,148.04304525100247,37.348017570194045
743.0727027291687,419.3170986728475,73.62303390515245
930.2752512990442,492.98026703572714,387.8355957583084
857.545658267838,639.7335678194016,900.5547518330417
804.8782862476435,133.84121960057033,138.63662815756484
565.1089752430648,0.0020762883388769637,18.204802391936404
859.8690479711196,7.652831905314855,66.38563488129275
724.9392320725974,7.3916127540173235,143.95403838313294
764.8411748489646,56.690309698359975,38.21133760885554
763.4400997249652,1.605297331775489,121.10647932467434
951.228847988981,42.63580895648681,0.0
456.6921594867288,0.0,0.0
236.383415275752,58.99731060008523,139.0178657402798
109.6316331372916,36.53580847024199,10.2307586669984
180.86311217982194,0.0,15.374924303034566
0.0,0.0,121.70129962294504
242.66400870658495,0.0,0.0
23.825855776311343,0.0,79.17929266504336
36.21807756527322,0.0,90.18560024056492
146.19508741718667,0.0,132.61287276595164
181.01965836449665,0.0,198.8324554311357
229.51842656735715,33.40991689250245,245.65427652437572
416.4897504131852,154.64480477292443,159.1865817886487
683.971404453486,229.13126775106505,138.5345063519785
656.9976111020791,400.4132685259532,327.4073159771183
879.6266969591585,416.04835337552794,313.167366532092
1480.861260015841,898.1984792335405,377.88540159251903
2318.1116712048174,1392.1634266731703,983.251602042507
2639.274746172991,1303.02154975528,1679.7945050859903
4815.439803461477,3749.4933434673494,2303.5966687668765
7195.513059937059,6371.175058250748,6665.7618477549
5936.110366038901,5798.264066939508,6743.731506252235
9609.539597513358,6531.052647177519,8598.420535310694
10429.878092568022,8302.462255040333,10531.870996505244
12666.515529304937,9510.034506995127,10805.636781796862
12585.668407145473,8556.303510804306,9815.311116054458
12356.802528472426,9773.245248677687,10682.250346581915
11745.156278536037,9610.169609799788,10766.860529578096
11576.89259967303,9632.957777582298,10084.116596033396
10625.78943263614,8804.018208446498,10542.722424489926
6869.268773618348,7737.337850192274,12257.269642667725
5310.579908863616,4829.553841533402,12089.834385436769
4734.771549397187,3757.6987137429082,9056.104683124888
3966.4302921323338,2592.8352992310924,7391.3050493392575
3367.728962046092,2188.929525354835,5780.122303075941
1394.4041409416404,525.4757739131612,2884.014914914584
1310.3559460181655,992.5814499298775,2322.3560894690027
1242.426051573942,819.7687707663596,2391.3754068168155
1425.2763067810877,776.2372871277422,946.8605372852832
1368.1683568309957,692.2927245258217,782.2977399598867
1133.339148779396,287.76611093861936,763.4842653227313
1176.8417185600758,133.2262101369523,510.1520614063628
818.1595777097119,570.0999343628837,488.5097972273026
1368.279293255569,451.20336087856765,397.75296063517953
1433.3400919560536,758.9574021671448,629.5139284295602
294.49769281861256,36.15103805464275,413.154082906024
89.7695979083787,0.0,193.9806339974608
0.0,0.0,228.97061422616585
0.0,0.0,54.79733410362444
0.0,0.0,36.69034320648209
0.0,0.0,0.0
0.0,337.1798316403165,0.0
34.3982426968294,721.1378504538368,13.450853913804862
0.0,0.0,0.0
0.0,0.0,0.0
0.0,133.41196203381077,371.6315436254805
818.2946919703365,1584.02723678487,1318.0574168498547
548.9350524786885,1404.1100451415869,1279.9691512728652
468.23166940791543,1326.7925957972557,1329.6486331283793
142.89556417925996,1424.012184803881,1357.04695476786
388.5901472292917,1493.020161931587,1622.631278457034
2331.2294681818166,2063.1510918640993,1619.573531768936
2205.271031210251,2079.803896327228,2430.001151817946
2251.6285542022224,2336.213094390445,2676.108305660885
2086.2920803648694,2541.139696642578,2896.096961249781
2576.0393064713226,1767.5409726594007,2246.889371537783
3772.429703984563,2686.9811732968756,3012.532900257464
3996.214846605826,2772.389107711901,3311.351311041321
3688.262687202252,2078.2828498082345,2638.691749366624
3599.88158047503,2629.4638475477664,2509.2805552612363
3454.560646102878,2225.68355600494,1813.5742503218548
1765.1960544353751,1482.1234695606483,1520.0660684131146
1949.0971952829839,1348.0383745307715,1607.4908287112137
1796.27652602785,1090.7114030592409,1064.223521144771
1326.0232871680846,702.4673029253975,802.6960618412247
150.15181698711666,121.94864093730587,32.750931709867174
8.618219887383695,0.0,88.47238687727302
0.0,0.0,99.35232751179048
0.0,0.0,66.2940770486198
20.61353307979995,0.0,17.593343202670063
0.0,0.0,29.93392743423897
0.0,0.0,56.65843361171152
139.72037580833256,0.0,58.37331118125968
131.0896568150056,0.0,30.1424710356508
152.57168529718547,0.0,32.05635174822326
582.9460963619193,232.37245849822833,331.89835056552494
707.1588517866375,379.57913186096386,351.8404749026828
1854.7443203604337,1268.003726204198,2096.7575511019777
2026.451833459441,1402.1209876494431,2047.39099871212
2218.240124359582,1618.2230773760111,2008.9892737313849
3349.7126704290376,2186.9558871613494,2904.092319829725
3722.0455390452985,2453.021010669188,2855.380396247753
6133.740748881112,5421.127896578643,4401.392835166237
7744.915693301406,7306.5741238803685,4991.310980244718
7561.284872746408,6730.743893008878,5350.046919337899
7218.03978031859,6474.5401033169255,4749.517915195229
7335.5348738453995,6075.4489500043,4639.32160965468
6488.600474728966,5744.097535823312,4195.120994113004
6128.771987471063,5182.816982558633,4872.0294272450055
4598.402684793324,3866.621293890317,3221.979695311088
3453.6054484406686,2549.0045255616624,2707.82866907452
2739.959646276151,2629.347386338425,1798.076633493843
1699.1038441387573,1662.363914728159,1359.0715992265302
1080.4355484928178,901.8511580931262,544.9446640726626
428.3977524421032,382.3861129722045,639.8657201126152
198.0715771379707,264.2171904138197,627.7138682423188
288.73663256263654,284.1018187965119,766.8080087664325
945.5965796045834,664.8911700444185,979.96313552134
1183.1212851997193,1681.6642354208623,1115.643363893078
2659.7775437659793,2667.8120023129236,1667.606137753252
3599.0127997211302,2859.9581879803554,2246.42382307683
3929.635320793921,3086.7939158593626,2864.533844079597
3355.0953535202048,2573.930128774763,2646.633460880448
2500.8794265628494,1773.5267525117154,1577.8500854383535
929.5953090630308,235.95214889271037,204.1000777269903
1344.8239071875746,652.9482852129909,793.0928347405589
1170.0347472677704,833.0728045804517,1051.7907828744026
1232.5789129773775,939.8549905743982,1049.6793433394512
2279.051306374333,1676.2167032019831,1411.2646691144491
2828.5999981162695,2086.133477221472,1767.3837178781887
3803.3767131121385,3632.5566910506573,2269.0127627993083
5415.0577023408505,4002.2782790044525,3475.0158471771388
5137.2762697362605,3912.560394669301,2295.518520425344
3963.1807080845037,3378.4569923535446,2198.7816330157475
4784.313946235537,5671.798947492211,2477.557518021501
5268.726447807598,4737.436521865736,3695.072833462693
5254.740723615936,3575.9431055490727,2910.374603548622
6603.971767488504,5533.36756933167,3849.264797089434
7403.563762049703,5882.5794567675875,4397.797281241286
7566.912800776731,6113.388554020222,4163.038977666432
8011.191917133132,7267.614760114787,4793.3009599360585
8837.116378357308,8629.744832896138,8648.838950287456
11027.832429051032,12000.388850028601,9979.905408636989
12574.768311766606,14767.701947262034,12498.396607982071
13525.846742642012,15996.163393816722,12350.38736547997
14148.156013534764,17038.813701075254,12544.556616022714
15913.933199501955,18003.815153972504,13898.835223960628
17952.18732587245,18507.782823632533,15101.661471384474
16484.701474312333,17971.723444286614,15289.142641982638
16211.64761008831,17436.838604678414,14092.754361417372
16020.328658792898,17280.85270355381,13688.44731125341
15721.784499160194,17120.55753365979,13962.397281355508
15852.38374370569,17312.81465110276,13826.259674368524
15057.688053495947,16964.4193019874,13294.10899974719
14792.339280792105,16209.890891640991,11931.964893333014
13969.94931869433,15510.698900176998,11126.565018504623
13512.701475763937,15664.949129962286,11230.323819376212
11384.456604726074,13817.097301305505,10873.344438052734
10423.381535016777,10443.005762539859,9227.056265593636
10398.298751136328,9944.374924576818,8512.448040033256
10204.987090550901,8636.167198840943,7250.807139900505
9228.745971549686,7240.727077698778,5406.178697540062
9235.355480298793,8515.983686904396,7321.018995390157
9369.127540676502,8621.715215930446,7872.747765076951
9336.415652817072,10195.022751411047,8558.582515238946
10029.368081007675,10136.980965907107,9869.735329246532
9186.275639387157,9628.796889750065,6359.025610679312
8555.326220886674,9770.39123265549,7362.445885440593
8735.353195493595,10157.207696986596,7693.53306025108
9839.140249644968,10941.447766286807,6793.628129971084
9942.979973810838,11120.201846153806,7436.457873121326
10184.952914594798,11763.325284246195,7652.634691906484
11619.165694949312,10948.208592162362,9922.841502016898
14208.023098672364,14472.197611859012,11765.006770588743
15774.819323369447,16903.809301829126,12786.41208612358
16098.492722171974,16779.83253814749,12383.406260161792
15184.358138195616,15539.724828446275,12390.541034658156
15752.196162337901,16434.82637771303,13322.914060103554
15376.838110460623,17046.20610186598,12852.86459603647
15366.319744917482,16998.613608989926,12729.711541523018
14541.31639447635,16989.9175718394,13269.347381037123
13670.736677528948,17145.269499660826,13400.204212862716
13152.102184792499,16061.513792510317,13457.23359480248
12716.469125621868,13147.58912144779,11105.900715259795
11632.425463566327,11577.20437093936,11081.738252447003
13321.95007319105,11602.254932597425,10787.952430040648
14051.375871956263,12679.96285493698,11348.030343807755
14508.8962964312,12824.11870984889,12344.698148719564
15032.973191416982,12727.377726569639,12353.690330744974
15018.836489110201,13420.035452727107,13605.769455353286
14854.234244338546,13209.741193191689,13330.888780261224
11240.162642506026,9843.4663461284,9835.662138762009
10624.59691672245,10661.74565070259,10144.394987056708
9999.432991274416,8994.993565280072,7489.341832863061
9862.526553699121,9107.988350651325,7181.448539912845
9905.591344618744,9336.820318902088,7189.445906465278
9087.837856343673,8806.327933092318,5241.539510252242
7059.675203724767,5302.8399636991735,4494.535853370842
5737.03318005773,4187.135607263222,4092.463728474928
5954.269851433429,4043.555056749289,4049.6654320265375
6927.0719259976495,5874.3555876927185,4354.086831247169
7837.223490982819,6697.416544090479,4053.029425515071
8480.462567991166,6892.847825636526,4787.510695259698
10371.060714056403,8712.050824912985,5117.063297295547
9419.701030351936,8850.041723845356,5000.572378288208
9027.024375217648,8311.605606120926,5450.468251898642
8820.122702285424,9354.67761155932,6903.723346870243
8454.931749109972,8325.475799146672,8705.516624234426
10908.934733191381,12801.486476091788,11534.79645348911
14869.613052998837,16086.701602356869,12298.949939885952
15271.468174013673,16373.60771212354,11792.94793467512
15818.466772461967,16205.445634117055,13410.91690662352
12974.005754236168,15586.129543448951,13511.253196491323
15208.61533468763,15523.671697550993,14557.326103990516
16046.840022456792,17324.445420458935,16688.762018265177
17462.077724778734,18588.654998610426,16728.58594585534
16958.78229350665,18612.151789964253,16879.50847970446
18025.758001644637,19294.683451963738,17029.493146338307
18880.58767234968,19791.35456235954,16982.217165206304
20186.92176521338,19773.143666608306,16447.247914792235
19409.42823432114,19666.16514956932,16402.533108557403
19423.35410182431,19699.026459693272,16792.089882890956
19721.82934154698,19829.17060792132,16623.547096817336
19836.019871345667,19835.094153606948,14839.786024769295
19670.22263511384,19762.815892365397,14585.891872932065
19768.009800960466,19637.669834105927,14862.9136695356
19276.233843038663,19504.753552563572,14622.60845729083
18850.4711571287,19110.224482095033,14379.39714358685
19297.359417268992,19072.190692016135,15275.385747077484
17832.37565801509,18880.61170505677,15648.175651253909
17344.05190951529,18349.964285695976,15855.670690022223
17720.199901026095,18725.643317980015,15403.858662350509
17762.62838459485,18441.85844045462,16054.432569252993
17617.31350457761,18411.465887938637,16358.50611981483
17982.57119510868,18717.323092114424,16478.90044359013
18157.841940120285,18622.465456975748,14383.78640127479
19469.590160458494,19182.026207661595,14082.844632692282
19406.914259151126,18823.681623556116,13855.237230826802
19315.96704049667,18917.189832821616,13769.44106718385
19094.230980675977,19070.19763035674,16025.049272173284
18679.92361937431,19112.4076504317,16081.787840165116
20464.157035855344,19334.299714074175,15559.02243174354
20494.646426032603,19375.219135778603,13076.88578060703
20336.874835054048,19464.322756206744,13431.906891457003
20972.26331243537,19858.50071469865,15108.133142772802
20454.267784289208,19562.480099666616,14838.13665414636
21600.0,20193.800244663656,14863.554006522812
20830.449041177282,19908.732531459635,12675.097041050372
20808.631085652152,19841.12023298149,12713.194795918327
20535.685091091964,19712.418981920768,15431.092749842664
20330.262975233283,19628.35384780699,15902.668944902778
19379.263530968314,19109.28121722834,14992.073385100122
18753.58339142297,19110.128305866143,15674.01912326054
18831.461150477564,19123.090493464548,16566.32892255186
18849.974822593405,19856.943797694963,17349.711217606986
18793.94957041634,19436.287312264747,16085.647410935238
17123.19490719894,17531.10212222349,15054.541009250384
16868.39959767893,16382.824574835093,14842.906312039831
15576.037435635231,15460.01093459809,14405.311173738406
14925.507715786869,14247.139744000122,14363.617408126907
13624.952974129892,13737.339786198901,13270.473440897817
14445.553132305567,15129.493003659138,13633.040961312689
14881.555123104148,16394.190074188275,14454.317591201536
16693.417898287185,16624.022278378365,14264.515835816055
16455.497900184484,15799.97620392159,14347.88925443816
16971.73549552715,16703.944230174,13930.055008522628
17754.563767968466,17268.69813608615,14171.22895086472
16215.748235459085,16507.259226853,12744.255360760832
17063.52151190698,18744.965819982688,15427.165950019758
15392.390424345836,17601.97067081538,12478.449744431262
13475.129054817013,13978.339624652519,11714.39115205613
12247.945384071458,11470.974306071495,7976.99841355893
10641.142220853084,12075.763182847353,9460.543990519876
9850.693207762906,9579.070097027314,5832.452696647776
7917.415880998222,7257.9676909049385,4406.479392983719
9647.150496579196,9092.56982300818,6183.092636004495
7380.6488303390815,9546.803217655422,5616.736180028176
8424.1722898989,9198.264056048129,7132.347359017556
10082.808022547822,8382.87316359773,10166.313778497091
10336.074969535863,9901.552400608181,11290.82170761409
5127.179182672895,6098.810420916123,6676.413845792469
3973.176234167052,4317.599922397837,5029.099184728023
918.8019628259092,1573.3128869727245,1556.1328231543127
683.6318605977443,973.9502666149556,343.9792319315978
930.438845481127,864.5425864852808,646.0266363381289
785.809904141175,422.5988869677957,0.0
1490.6951051518108,1681.6427035810093,429.07530381451033
1005.8882027282152,974.4298387789376,886.4157172401522
1261.4907266408459,1257.9416437159177,797.047624001671
1158.621669723189,505.7732980753535,476.09635036196426
1156.0138864608987,709.9560642461148,1228.518914321796
443.97775755734756,281.4982840268211,542.3355312499093
489.49883567627035,286.76385599001736,461.3352698473147
129.5133542578539,0.0,344.6182932308426
238.64511839847918,0.0,70.20573602282045
396.84427099390626,0.0,0.0
454.98775492346994,138.5907550522984,82.77718203024509
288.77354367819544,52.89173375392459,170.17077621947124
379.20531670545654,119.17711158467716,117.13535184815852
647.9600706570236,287.11930401178495,0.0
827.94620203561,493.52516190486347,208.7969552162093
82.46652663202028,423.1419455585464,0.0
408.20885225973143,491.29579215846275,166.2933148679427
471.4697394775433,366.5055124929322,436.4454495353618
916.0897152384816,862.7874031357516,1141.6162636167332
1330.1516518467192,1340.5569071944285,1382.9297584733283
2479.4725739512114,2490.193957730687,1950.8731548513504
3041.6687952313328,3163.9795419839947,2749.819191171307
3440.792705725506,3261.270288504814,2253.2246192471507
4319.536016383973,3916.020509983682,3829.6032458748286
6163.246718061894,6501.955435487136,5585.780944647109
9031.228676669853,9011.109211639654,7399.870610141293
12355.01690711923,12457.473154088751,11100.8310951258
14772.84226842944,15097.019961776561,11273.36038476008
15201.642667534574,14677.695924671052,11770.676122870862
15113.677028999831,15079.826128174684,10101.768082707944
16562.3722024191,17124.073843769405,10859.222366535125
17487.68646283148,17568.777867399833,11879.647863591135
17695.925234171456,17550.615450084588,12263.249150489812
17416.381114529646,17508.746766642267,12287.880830200324
16584.29361486538,17003.006205781072,10712.397271661375
15726.403621712429,16618.19054526062,10128.222831490915
15791.641424656327,16413.15573278148,10122.011635132594
15492.914767524968,16093.667974290056,10557.942361326865
14242.157863968001,15085.799911099806,8960.343208357159
10788.881094380207,10636.673228276706,7587.837653622271
5968.0703777359095,8081.164723449977,5539.33426686609
6177.604678105099,7275.408946518467,4871.312097841722
6549.1916077033175,6836.4077171499275,6324.673754685279
7710.988881811347,8021.272329741916,7915.392045684584
7995.944274865242,8529.113700993708,8264.840354793894
7929.583189459345,8577.026609242714,7279.670668548091
8898.240620151366,9473.55746270398,8150.515862239104
12890.387069068263,11840.088401651223,10550.627821133716
14450.594714355362,13540.25180186387,11582.858055268573
14525.5227674834,13546.67503584139,11292.570040906288
15224.7503217001,13508.032963328804,10878.2805886343
16319.543294485877,15119.063528215502,12000.987167025143
16220.792113630978,15040.714261456105,11316.74703844969
15580.924316105342,14627.56655120164,10244.84391223006
15962.638943671342,15034.8422446997,11038.864055621796
14942.713526951722,14111.081193905367,9917.290313480404
15354.642905955505,14820.31108485656,10997.58152727159
16397.423475948075,15606.162875111553,11363.1166622108
13575.464720579243,14662.610232207993,9348.307847693846
11860.009581811806,11750.796368987001,7639.239804806812
11414.469100827107,10934.729000983818,7439.996550594965
9737.006411502613,10208.852256860771,6857.722720881692
7758.652180009465,9119.054410129194,5258.751354549129
4337.499260001718,6058.492488489806,4296.621803362936
2972.7527976845413,6344.822980479661,2742.1481859186006
2279.875896869268,6379.2382642084385,2655.273591712119
2441.3156074196318,6212.681289687217,2541.081193195397
2385.355671202791,6949.089671031662,2483.9885184995155
2420.361825092393,7090.592796578543,2637.0332484854102
2509.046500851078,6787.141535558176,2566.9510743225246
4191.688787543635,7415.908846023321,3164.1367086451733
8296.0275698411,9919.040905812064,6730.453715562937
10631.835138087661,11727.849828103423,7485.172630612076
11183.953217991275,11509.65097440322,7785.804972263506
10001.866268679712,11270.001879531606,6235.558855682626
12390.735478690513,14559.530630465613,8751.541503982635
10961.33802792456,12512.111821935154,7400.390857116381
11839.102112205679,13946.623566063708,8906.15914735949
11889.483422264642,12899.881663311142,8340.458619083953
11328.546191677096,14531.175836456498,7523.371775390118
11819.032153998538,14616.953093997823,8963.043110102499
10541.304869665692,14529.044053638863,9921.555421485244
10522.244281627569,13826.67464489657,8782.465455978658
9416.586451673975,12073.93944938934,7729.827315959522
11005.71495656677,13786.224096130773,8179.230885927596
9336.934763472918,12145.776818233871,7643.14581411806
9788.435334286345,11260.09707536569,6680.949061269222
9233.797893189054,10583.298540806933,7337.174909090871
9651.152301958353,11792.754539965714,9032.536125780578
9954.813530404368,11223.522161143348,9464.767194284055
9666.421550010578,10675.199370277162,9321.326694157617
11726.292548818197,13591.455002639499,11288.28470305594
13349.666741085168,13763.352823748513,12500.15729866824
9377.351714554086,11067.606506858065,9675.181026467646
8654.680992959562,10273.886620129615,9441.427656305124
8570.554405331688,10337.71327767668,7562.075443124952
7321.444516124121,8426.557582692572,6397.585979221765
6250.426829538647,6298.41295505198,5793.120522151656
5513.722680782295,4470.982233332853,3433.0315364660187
3034.216634397537,1990.1669996560388,2645.538614856536
1198.2063946085204,1409.662999463392,904.6474968738116
1459.836951956874,1175.569167934898,1180.5621765834026
1661.9032230533453,882.1167881408054,1076.9090106496874
1383.299737172952,662.3489144560808,561.8944566295187
1047.8108742718796,1057.5258390636845,658.1515691465861
1453.78579636327,1068.9091073722866,791.6964612538375
1232.239907979927,889.1833190559848,1099.6450757060602
1156.2604539146387,782.6251320821575,2121.278867717456
1669.2448698348196,1398.696621518781,2530.316488309017
1621.07987297322,1639.117994672994,4070.537118030355
1617.8039444556423,1496.3959274317904,3619.985907602671
1317.869351138775,1070.1341519628047,3579.78828477375
1365.3983264145222,1213.1361185512417,3573.489249356804
473.8994704939152,715.4073896852267,3215.3617522434256
685.444732855016,1485.9247111479299,3081.2678438362973
966.48302344324,1910.5347642182082,3455.256107889179
1191.92061131042,2188.636261122364,3564.3496011082766
1026.9260002229632,1450.405526393428,3586.7788537344445
1154.2952421865207,1629.2840087526308,3802.362665375932
1007.5474695497604,947.4283781814642,3131.247392267543
1201.4825800123158,1086.1658844611143,3250.046234312769
1463.2356667472627,1818.212789057987,3642.495407010869
1820.3799068759051,1747.1347702794083,3644.078982005909
1787.8142241438961,1198.396130447513,2990.850535371458
1748.1494960960756,1255.0052554725023,3508.9100599997755
1572.3939462363558,1309.1001324502292,3532.8637266120204
2008.8908531038692,1641.9776949308034,3334.186161476853
2142.1894315589957,1600.9163258058823,4097.159583650488
2715.6766999583456,1424.741320930342,4018.427217004441
3543.2878379998983,2084.7809122021436,4756.601416654978
3184.2799393872806,2605.929274318963,5963.763600981051
3057.4758210033747,2438.323142537168,6290.572376395785
2664.2804466580865,2313.163877586822,5651.690199517084
3042.689621960108,1938.719099021234,5921.902123961864
2450.992861259116,1621.4331293409882,6270.751914100008
2646.318191130986,1521.6615748474062,7212.184119770018
2496.1462575669257,2937.002532548371,8575.165730588815
2654.955338172264,3130.7348437429896,5676.65874355635
2637.330362719841,3055.257882572341,6270.049417943787
2017.245864744151,3185.34968929029,6271.675020744703
2514.2904465518623,3272.5949889970752,7289.829915328484
2436.632827704792,2908.1492770508976,7801.797190976261
2336.134034571884,3013.2751111299895,8341.975270673487
3211.8310340569215,4174.922175288592,9807.94167387927
4085.207273241824,4551.277192106332,10595.939952860248
3984.1263785608135,5096.891612888745,10763.370369553124
3840.937639577068,4075.4581453331907,10689.980762268797
3246.553139039384,2968.5740742671364,9842.251598475712
3258.1171208679,2403.8989203814535,9780.398183508576
3249.0569398217026,2408.1274675315526,8485.78657793589
3683.4655596526627,3385.037184213969,8982.835225900966
3715.7572749630463,2967.5310053788085,8152.644666980969
4635.178807147102,5090.234495125077,9622.64513819049
4442.555878911488,5149.142867923151,9948.086528601203
3682.017383041523,2473.0623872446577,7911.062010555491
4084.650870881181,4344.290142989743,8930.872920712018
4542.932512751675,5579.922845158004,9792.185257621995
3999.05980441856,4282.065771691736,9151.464451804908
3773.632693264453,4496.088847529736,9964.141273206134
3366.232658967018,3130.620942467465,8066.985240521181
2141.9281394671343,1950.3108342131777,6159.668109832804
2092.236173889648,1373.2785147700145,5220.557022426224
1851.1800002313669,1322.4858037534932,4765.736914181058
1729.797241417222,1197.3682688820456,4781.112055287318
1538.5667814488795,977.0258888918271,3541.874622646502
1120.750144920323,1067.7093182342865,3472.3483647024664
1047.0357495684996,1076.4162430566105,3402.2020060851137
1325.041273832819,930.1118575334756,3485.145415136748
1353.0497913797901,1238.237702639927,3803.8153017299846
1308.7897200487616,1351.685991767048,2916.6336700219754
1338.491635155875,1128.7548553406443,2154.2549511979546
592.3181960452716,188.97195236282116,1245.0059861387858
460.9225528854847,156.36088432262946,1725.7569010091593
738.3005570229702,324.9098967182653,1176.6457879001637
1872.853060501041,1187.9766651201705,1381.3860723720074
1610.6823410406703,1257.8337304391973,684.7383553147259
1632.237467993899,1245.7575154347567,640.6320476820136
1679.3212123348887,747.2392099614455,772.3148539482036
1461.4889736947353,662.7193257077307,693.3792674089017
1356.9031321583113,675.8471921503763,768.0003848386139
1470.9542372727904,698.0999575500663,1685.8750943761409
1511.3552091162865,1065.8104428144327,2946.13338511013
1288.056903386055,1077.4873879642792,2899.068316601671
543.8271063968656,419.41162715123664,1264.484977784572
390.0109300261547,148.13680761464116,1134.3145443363292
301.25596025881634,0.0,1035.6661960690956
128.01662394035174,0.0,444.914861405099
341.71735517319587,0.0,522.0733344011278
415.6843240823953,0.0,482.0691449075604
367.84030985173825,0.0,439.22127512602384
228.83367106245404,0.0,278.0078838432382
212.5371584981452,108.62515371545754,333.96496896584046
643.9578309197335,350.2343476145517,1385.7416704281186
905.1965067368931,1040.4437826004562,1622.583660122844
1772.2246736949749,1068.9703117077654,1682.080353919839
791.4624341146841,550.0381785189337,1366.1557519767248
874.316810828768,873.8683431543245,1521.906712298254
1131.6196875794374,883.9224760219047,1909.574077883669
760.5120698502826,443.70099572625367,1099.7609107491792
837.2578275554752,448.3694842472412,2203.448006791679
1088.8703895872281,495.14920048557235,2254.887659417219
1004.4739652645219,576.8384133853891,2055.899480408458
1279.132319340187,532.2609030003708,1753.770925345069
769.9574806200358,601.7877230459158,1265.168913183854
1471.950352708716,1182.6230080907278,993.0868784492908
1349.9210358774992,1469.7828550160168,1617.5681685493985
1180.4200071887906,1521.6850596746508,1588.0825730811991
1864.4011598446355,1203.533571019611,1340.427756598656
1245.8982354478778,971.4759394067129,1834.260589014629
550.4449748120413,816.896411233954,210.7424456086252
203.0814114297218,224.68363743442274,122.22457304209917
141.93420503234927,9.532591363197085,102.52264435087348
396.8207501899525,394.63136320728364,87.90126432191818
502.2180559275545,176.63912404641636,41.15653724286243
593.6346768065972,524.1785965053871,122.60917607194814
847.9218912173121,977.1555262807091,258.282164945434
870.2499481077388,466.66129934543125,217.45713929636983
796.6401505405296,425.35922623069916,64.73926970939719
639.4864311689192,328.9333470504959,22.02720845346926
792.2066865494389,312.58863034030236,0.0
954.9372481976081,344.68668621972716,154.4652554485372
622.2918004680287,158.7106861362359,71.51529355370803
457.557160402607,0.0,84.5758442246887
284.3782366052961,0.0,76.36996618948116
392.33015074406984,0.0,248.3155070865677
355.2844293972306,59.908396513968036,147.7089776179098
584.1956473026041,158.09811441494267,138.61143199338477
405.27950658159375,135.71865015003834,175.67982464091304
484.66600480698304,209.63991833387945,220.37370612924025
384.0206283511717,0.0,179.35057246938095
174.1672963916311,23.523777924358853,0.0
0.0,0.0,0.0
116.14689509313303,0.0,22.316426763322564
96.57349768018443,0.0,128.66807051837276
74.90465318705132,0.0,20.8537066573986
97.85474733343113,0.0,73.5383184447289
56.22019268929297,0.0,0.0
277.7007522076664,0.0,0.0
326.0522521384551,89.60776760001309,0.0
90.38388416218444,14.296169646338896,0.0
326.88306726264346,65.15843169776349,0.0
183.4725233264077,0.0,17.57672372403999
409.10989287930136,8.075707411716603,103.25909311593648
481.1033172531701,0.0,103.65034535549158
382.383108463297,0.0,105.4195779804884
463.10673692154415,0.0,175.106067504175
398.4668311009117,0.0,255.30253215495995
206.44206306109106,0.0,362.20811838031926
519.6356384600091,0.0,266.71251851558105
618.747842352316,0.0,343.49676113906133
620.1177728168477,0.0,63.07079640671478
276.122403039355,0.0,229.68012569391897
383.53000030536845,0.0,277.4494519659839
282.6490473798161,0.0,314.3939976251729
1047.0839272416868,802.8060682876375,440.3271909580063
104.36582011548762,4.199065774177317,0.0
0.0,0.0,0.0
75.8616892349771,66.24915608780812,0.0
0.0,163.72428892052199,23.18689261967914
0.0,0.0,117.439831665123
0.0,0.0,94.96172375936918
0.0,0.0,140.9675858420154
0.0,0.0,52.84813900482971
67.13644681919867,0.0,337.7877909479168
678.9636709822322,931.4245328112805,803.2496160253847
1223.8453958290713,1053.398035666505,929.0219262798972
504.45952447066577,854.9409384062709,599.5685973185005
320.5091693433029,412.9389048235278,472.4938151819856
744.7143391178063,654.1536019463379,721.3688094207566
727.5440772505975,723.4839525965766,659.0784105486124
331.652315447125,208.73436377893248,388.3922928970039
1202.3935023692786,403.5604261190413,646.4269257154334
821.2098762251449,522.9145867602128,290.1742184947182
1099.5830313547738,555.5821266981502,734.528448729051
630.0238738091577,350.9000334095051,499.59928029169777
394.33981281341136,123.60849241856073,613.9411295102099
677.45030525787,99.2683665688969,1034.286836628387
645.4623220130405,145.27390454535868,852.081817932521
666.4626407332557,643.2238347305527,526.6340788696907
759.7488527473893,724.6430798012484,692.8333136330183
442.5568575919133,413.12429025492827,78.23740356917986
131.75590948924398,154.5122752669788,0.0
74.54293581249117,0.0,0.0
0.0,0.0,0.0
0.0,0.0,0.0
0.0,0.0,0.0
0.0,0.0,0.0
0.0,0.0,0.0
0.0,82.52403159262117,0.0
0.0,110.21556591097638,0.0
33.83690617060006,143.0123503678356,0.0
539.3718809894124,252.53530905288844,41.106690741605256
660.3324193778866,328.1431653180567,233.9508630078641
470.45677822375296,252.422527236514,0.0
648.2400752674707,380.80770280178785,0.0
2130.4246215766325,2581.911091027142,497.447860501319
1510.5501822313304,2323.3185816825617,531.6969383244505
1775.5442722788266,1916.8281129990394,386.1408341310915
1674.6753621466971,1731.074085501488,370.25922197020736
1659.92806610496,1764.7292124141572,489.2073913045148
1482.4707174795997,1620.2420907211267,394.4626932418863
596.1783389970707,80.55487702258634,29.828070534771747
180.34551040663862,101.95646906471276,281.84291122201284
175.8494619782756,0.0,206.90234126605804
136.16238185395244,0.0,381.4448610086693
243.72882197074279,0.0,471.8461577620998
102.48755840392386,64.56276595808907,321.476803458036
621.1414088588072,425.12461555663015,332.7435376307275
211.78863250763823,125.13677680274752,261.44799396842984
0.0,140.09915663271877,397.5642839114277
63.98413379496923,342.26313846567183,656.6988270023654
686.4276796241255,414.8936672709866,776.5700520497751
602.5813887342786,489.0303399885715,600.3451299546211
761.0433865884381,614.1308599447677,225.46505167157545
812.9979680066944,521.3078867912074,199.0887604225139
1201.6856329054522,758.0488994262769,433.8304182883798
1744.9979634295971,1967.279813250574,1471.212484365671
2152.028452647821,2736.58175340631,2054.5835218927527
5841.3137292443,6290.207166503097,3054.624867957263
5984.976125754239,5992.946865615543,3228.0005313283527
5494.058409253355,5530.425012937507,3290.118330191917
5529.561523860757,5348.280204737698,3183.3781161116253
4391.4940758532,3810.244552020359,2104.770338068075
2194.8949640639175,1636.018080136596,601.3677918386556
1164.4630761111853,935.6114209804977,243.388634237114
389.02220881110213,292.81921035876405,46.7246222589232
188.65458448200312,177.84215186975766,90.49516545990171
0.0,133.86164364420472,161.61100153421486
121.31729559099634,0.0,64.29531215652675
130.2632610117075,34.32956673270836,144.95215232440793
149.38475881599845,0.0,184.09336362884423
95.94712346394434,111.14411158417417,192.29528874853648
268.32851340791865,0.0,38.764132883442
333.7924448899586,29.914193286212246,26.71456164677528
247.16753128371394,0.0,28.453458175342764
385.5609923828821,0.0,195.90728199803868
1739.280945860626,1058.4133544815195,902.0542623744047
2896.6722174143747,2905.8826802102226,2128.133974317815
3277.1004004356214,2580.823243760255,1947.6653325989944
4832.336699137981,5779.294626720175,4249.3503847121
5712.212852643379,6248.9400241116,5087.101188606646
7508.251148428026,8745.599202116904,5944.94318249111
10062.310807681852,10939.947465109579,8824.120091545508
11496.893053281548,11734.4087452715,10871.61512095806
15036.328767206825,14887.086562209695,12765.939867842828
16287.272950007353,17232.26890351014,12573.470525114884
16024.97283642579,17901.9860915553,14017.406874170292
15837.779434752301,18099.065451692135,11584.288525457556
15934.012684761265,16082.73223236531,10153.242567836522
14861.085890517492,15760.663830288608,11607.259990775625
14610.642259214168,14167.33981974877,13226.009727261597
13529.86211116578,13799.23162140377,13792.953236172689
13193.674462877923,13378.59866142455,13387.247602282252
14375.523891458903,12894.596165925737,12713.402765072024
14465.167284904403,13186.089526614187,12392.043433331231
14135.04043268083,12331.177073310857,11718.248103626174
14324.784043259486,11222.312441941423,11215.918757247186
14148.083994301021,10817.426722932672,11024.950149575276
13792.496833237135,10957.57132566396,10819.651154344276
12786.938990444707,10551.477542701263,10218.667852165603
10784.659860247051,8984.689295944101,5052.321156343901
8110.22441020803,5976.075674847252,2526.234890939807
7085.115847659982,5434.720639565149,2411.383102664383
6148.537727775692,5629.1531400459035,3320.853451057601
6055.144520039159,6313.370101019331,3479.7970387384867
7321.676044897391,7113.484380945734,3954.6558057405696
8667.678527849333,7201.466276898175,4933.701167897867
10409.96165550036,10476.97015932172,8866.303571703307
13321.599665214864,13658.035701082421,12202.780741257724
14600.684512894633,13626.544726428347,12586.257214134075
15388.860748236448,15795.161793162264,12611.152620516616
15032.241450492973,15649.577201150927,13291.319708916692
14640.894707857124,14727.435660305882,13384.352022030209
16488.472572039245,17166.738233597902,14716.073820248126
15803.413741548116,17273.500403505135,14644.806717023455
12579.64302728101,11788.547375685426,11509.014190799126
10192.850345315777,9168.330210810425,8497.870133200544
12427.463928531948,11451.348868144178,10486.354638425131
14888.671165015623,14637.824019850697,11806.288642042176
17122.31873758131,16422.305070788367,13344.276044287111
16889.238257886875,16650.375570115542,14059.073269716757
17372.741310409103,16908.111001266127,12544.384855853146
17158.460227885702,16902.345087219117,12874.580021858712
17132.794081043132,17302.20239054145,12967.15894674798
17377.881761314937,17582.45231162699,13353.468256687209
18099.34516362625,17877.415442098976,14112.498839956006
18276.729944726136,17815.58717785936,13922.058621028673
18284.95149749957,17607.56889281857,13195.340806806951
18412.435381745363,17382.164262854392,14038.804590235655
18642.97598935807,16844.372483607232,14139.22589237129
18406.97191285959,17468.816591954626,14150.030168748644
17656.464326617883,17220.991148175945,13664.72578136392
18411.202975962056,16397.448197332367,13593.48051947773
17905.63089098206,16486.552232758517,13369.863597307878
17953.726646669846,16420.475993537322,10669.890213167197
16684.448331493517,14967.277448071487,10102.74755226964
16266.07409277885,14490.861376990895,11323.658886038227
14716.552996970124,13541.761693154052,10849.542740444544
11817.572967681263,10315.740958672106,8354.333581424398
9713.05941754845,7758.380533226149,7226.57445408994
11403.60742301124,9285.694295563322,7791.864062774984
10979.353670185608,8576.061370696976,7401.755109946294
10845.476676164333,8921.7194846216,8499.638956115066
10835.75096196896,9235.444687877412,8407.30328142646
11073.919544698201,9393.281855233854,8529.438443937544
12130.958485448256,10760.781196810198,9780.258375294836
12651.685067022216,11278.379131249481,10594.632604505028
13427.020969588015,12077.864605086228,11851.699114180048
14288.141335825238,13845.703274237196,12403.708847000062
15599.448566642794,14992.336069320638,13284.393239258128
15991.332111744056,15924.665165449243,13794.701446639936
16951.182076383615,16778.095149901754,13134.532324381153
17017.644509402133,17280.727355674262,13977.296347786929
17240.22640740815,17849.476275877027,14691.30852935071
15871.694320750343,14989.953467063186,12426.63250582964
15339.541143529237,15786.646642114343,13459.58586024818
15652.62480474,15768.760568579588,12499.427696425004
14859.646069113633,15110.995728580243,12619.78197125072
12864.23851250026,13465.680106534499,11721.123273171628
13040.20894531258,15395.740628362857,12311.10377951304
11466.32505111328,11915.981862387911,7976.265607206116
9690.257615740777,11743.562655396836,4519.157167844674
4889.743711866652,4398.523557369236,2403.432855572145
2290.345189935668,1496.3299160226745,1400.8730628247113
1088.6704485441173,1151.6235056762216,1190.4217320466032
279.71196736098,568.4619773729157,594.8761637541302
346.6826831486226,534.2819952650564,784.4677444371312
271.95472245584824,643.3511389018049,573.4301052688612
126.38137112171506,578.5075498958461,620.7256111541132
169.63362105697072,131.811233785348,502.9561110577303
375.65201609254456,90.57601332978854,613.6115498605714
166.8305726260232,309.2540697840517,474.8233610067863
395.67293226886017,341.9301759992658,445.0682728693375
673.2017250667712,375.25576781144474,392.01000804274537
971.881482924207,579.6537467031438,231.57080715000163
1119.3078100905893,648.6938498454031,260.861894204152
1291.750262676856,737.7122763921515,293.04237670546684
1089.6964642773887,662.7120576522226,394.76699976251086
1388.4700431654796,675.4197813131061,229.65605650000933
850.1146311353086,397.68903373260986,246.9784622188068
876.3703314194233,200.94011414551272,97.03691342891987
1616.0297806572048,670.7410658022726,597.1321941907977
2074.5336923340824,809.813692093885,442.2961043320859
1714.136351044613,814.4814051712467,84.40265239167309
1461.1911416492694,940.6240077806857,137.69340998808138
1536.4185283724894,1369.042314144668,588.4953938696624
2123.1757329928273,1571.52164607742,976.764173094698
1805.7523579165909,1253.9968611378588,1119.7129867949982
1627.9644056127702,724.1986825776237,1177.290324955654
1550.8663430491147,638.0019468157583,1444.704663601883
1218.9964559124908,221.5611399182544,1311.693564045784
1322.7991270159243,200.66293365919805,1951.114445022528
1428.3544476207912,195.8929144958248,2329.3072533682894
2221.075511447588,1172.4271686402626,2168.546444806579
1585.1862228964274,723.1500514045157,1560.2287046879926
1831.7697613602916,1622.5519294804492,1910.4980548815483
2455.2381553662017,1485.0613086102653,2230.572325734296
2278.5236726088006,572.2048163407671,2932.695646123101
2395.278387837869,747.6577284795126,2843.8798910644496
2323.90769947118,127.06323620857654,3543.9991287382463
2125.742877590611,88.72952299483404,2791.002210093354
1613.5726298053075,0.0,3132.445521486571
1725.8529795758704,1271.8296736763746,3519.37827422494
2411.585103892687,2436.5359410920537,2566.7575631591058
3190.02207694393,2876.6981276436404,3349.8288910856977
1764.5174763154857,1692.1013184157036,2452.417080973942
1571.5247612913333,933.4803556348771,3977.368158087848
2795.6409076579616,2395.0854241256093,1864.069924685496
1942.9395522837558,2181.083985136031,1576.732941388358
1406.6884456802236,2115.965234887641,1173.0516405811902
340.8359889045021,23.593639239018074,200.52452960882047
576.6042258019016,0.0,233.65723349501368
0.0,0.0,328.2329833297233
0.0,0.0,688.500888467939
0.0,51.98174462325332,597.9146760600271
0.0,141.61406232236655,426.9406592051725
0.0,0.0,273.50526784551096
247.334560271118,187.73482891274682,577.1919571130367
0.0,0.0,353.32822338923256
335.08046516836237,200.8306532794385,578.3578008796422
0.0,0.0,249.7485140671276
0.0,0.0,84.46285098902545
10.356866824222863,0.0,249.8946299214745
0.0,0.0,0.0
0.0,0.0,68.13599623519416
0.0,0.0,0.0
325.8261772897943,0.0,126.67402225627112
132.16657582451413,0.0,113.57744415551498
412.09312527325085,78.9617956357467,220.40972461624372
315.95503793128535,204.184098350392,121.0627503169303
442.3057024705595,125.60144577085865,149.33594104524843
495.25238777038777,203.33466505928808,88.22865561099921
679.2373445122744,171.13195116483104,214.37704259830264
805.5223632605613,327.60862636316494,182.4239454813581
541.0926405375734,236.08182770183942,260.9135834020627
872.9419127284086,1541.4343166021133,305.28828574194307
503.2304855653334,1373.1763214484106,381.2530301567256
690.915979998118,1719.3478173815809,382.7058359622434
2329.252695868417,2098.8089128560605,1873.396235835069
2869.944920785339,3270.252990374066,3037.603284974532
4179.732313147701,4100.00718609236,2923.316474687561
4995.554419191325,5440.357673887629,4055.7963382527646
7877.154898212153,7251.2200659556,4786.822519517664
8339.255851791813,8829.061885225416,7235.284643630939
7820.036049353757,8354.429233000168,6723.148713210555
9562.064891759583,9719.387057206386,9452.2395710656
12554.941779855884,12869.86966014124,10932.31281537596
14951.124814116303,14223.131941806061,13030.666628053132
14393.803025725761,14807.906023990132,13249.6605904128
14885.130557085266,14863.870777148271,12947.31673250517
14353.807902793738,12779.846844590838,11673.091380307353
13537.313899519837,11890.462720510102,11071.602934285407
13765.181446058501,13924.911260594457,12265.385170891304
14955.164652722742,14178.64889125014,13031.653443722133
15147.404422704625,15211.001963025315,12854.393247631748
15591.59918134448,15216.196930905817,12617.623800817852
14924.006244929787,13719.178314635628,13430.328455705983
13907.49004830255,13057.05218968678,12405.261607163304
13376.706921890114,12412.767959622275,11901.019068470385
12959.979314513113,11615.00410619771,10564.24512786457
11773.797007922398,10955.563500065387,10024.79624568046
11470.937759906377,10110.894429603723,8913.325716324167
10903.689731977345,9862.5367453298,7027.127645190983
10929.106298020957,9806.464560894981,6938.211661837566
11397.286019431362,10326.672262555738,7317.690571705424
11610.185724805779,10283.263283310222,7632.696426404628
9627.839946409145,8848.391321219426,7598.71361348362
7697.514693552478,7061.6873384022265,4893.852096987261
4583.0264671184195,5369.2112639358975,2117.6476483891784
4021.374972869944,3791.419710472222,1371.252621808451
3988.57313996216,3932.1749335566446,2157.9081435253784
3674.8813178442033,3796.500848795865,2668.5830977314663
3640.449382866413,2777.163641476394,1485.6566519529315
2901.7778722080957,2144.060745381281,1285.9338940957186
2350.06571115658,1624.8153786715823,1591.991975355408
2306.032290334294,2049.645190055381,1669.7695845801334
2633.0497290608632,2481.1219666392653,994.8832402081316
2652.1338812316885,2025.6841251722835,1478.136715595291
2443.1304005657953,1253.2356478093475,969.1503659197574
1465.1377324553603,775.532692127494,1121.6827500172312
1162.2464036410825,497.45992558557685,259.2927016683471
1194.0326820998796,813.065258496421,651.1786427691966
796.201094395269,306.3591577555702,0.0
0.0,0.0,9.256422876645123
14.507897057699324,0.0,83.5743039061273
24.93519589086996,0.0,98.8004209423376
196.70145182916843,31.213346160066905,0.0
354.2734394679161,191.24258182860206,73.7009648914091
381.59438180271763,293.1809384938237,162.9323474301368
614.8760749519632,714.7551027411299,712.9456930761501
1362.0099731223631,1101.8041366531068,1082.6926680175834
630.6189465149096,1321.0672166333934,805.9556459038057
1948.7617240659167,3117.3967880174337,1015.153306271276
1976.9120672079,3120.647743595925,1981.5253182093195
2989.213465145992,3201.0913256300096,2650.5985694319347
5745.696562530628,4550.098997119648,2607.0987713937866
6025.518473253284,5307.53196215246,3444.6925334987523
7354.487165519074,7394.1265716646085,3762.986599716507
8122.901450778467,9407.142608603719,5621.191403143238
9085.925681444494,10279.567658115497,6527.510915909843
8814.234505731481,9617.59709465776,6597.0020289057065
8361.876011866038,8706.325026114271,5917.601716762218
7730.893292170288,7687.903036698286,5585.537595243526
7067.1452913530275,7580.916469551842,5303.659479415951
7893.91998786672,7572.5047062039575,5766.785051314601
6057.419671847347,6278.277655179394,4171.978813962437
4700.84587780715,3743.980019882925,2985.3095554039005
3104.9114875982364,2455.370518893819,1862.6612816128595
2269.533022857467,1646.5119226463862,1590.2233508044774
2665.082801555619,2078.331217046243,2123.437991118139
3198.1250252437067,3440.0436954192637,2739.6196712428696
4339.5851730707145,3447.8605358017903,3727.571698649173
4562.327586232784,3872.652083331893,4739.370616307645
4146.87319011377,3406.0561032862897,4060.982552350164
4042.176646002385,3729.2877674623214,3916.3843206649153
4317.651879371359,4145.774326176179,5274.101585932954
7775.657034507501,8901.331587245973,7586.922359822379
12146.747036314284,13972.757994281294,9516.816045447056
14816.518498374884,16998.94239438688,11720.578543360456
17091.993855574576,18671.24285630581,13328.343240955975
17292.375376607088,18626.65301715476,15689.25389596738
18596.547198582768,19878.647543099865,16223.159979555225
16304.515510208008,17863.93206272647,14921.283063567678
18420.02386437397,19050.038788968355,15794.246338494131
19884.7191629921,19408.86403177777,15439.160251911891
18437.72028644947,18723.593087509846,14579.754633801
19059.29296196544,19255.476820448246,13953.138527903106
19050.86000809305,19372.380903662015,14096.660033792645
18972.72327389966,18907.92921451361,13078.996961680454
16134.478115593183,17847.96271982552,12691.29777608825
15864.863026740428,17014.95963789588,12588.461932091046
11382.028065530587,12828.99805473268,10259.62733466481
10239.426857340502,12267.360703891865,10185.855483087713
9206.565681089316,11499.90522170692,7764.795251829418
7389.512512989268,11698.37115964932,9623.865850338814
12611.256351723563,14231.042692159988,12081.133488939344
13025.732560290133,14401.249121876344,12641.210631620104
11303.531488268205,11645.766936573826,9837.180845268877
9091.118367621079,10625.360547698074,10048.407541650824
7306.233220703944,9806.99506006052,8272.113512217125
7172.558569073839,9183.786544026354,7318.89803108132
6508.4669888517965,9101.809830489634,7229.188541042702
7237.891855743413,9375.559383039472,6320.334394076645
7870.261742413569,9844.368472796297,8014.831419194548
7778.570319092254,9270.004522821222,7912.440299186206
8155.15625534184,8926.292853670218,7286.554063892542
10156.262078703456,11751.556254243631,5828.80595057259
11050.452483384188,12727.847055650283,7601.501405865333
11095.07608786265,11996.693016183814,7367.285331537906
8941.30992721171,8592.888604389826,6187.530526092566
5288.484852839016,5538.584385459776,4425.972939526979
4927.624138343389,4861.871922670045,3101.069004545486
2133.259236458064,1352.7192594285095,1218.3732511833464
1184.7998746317544,474.3158415491813,682.0965389567959
319.6953611159228,180.4621702604467,385.0326556213505
34.987222341168945,0.0,264.9606040921343
507.48352340520137,130.57283765258398,253.7727278853852
636.9737930085714,247.5792536117534,106.21437310603471
431.43439079054565,208.45296276237036,251.28016781395576
0.0,66.2486017946643,541.5373734704724
0.0,307.3828088216676,864.1519873118594
346.0258755153525,474.4870142999196,1922.2136810150064
490.62219003189017,465.79187354950335,2179.294029378835
768.7557022078457,678.2317386715893,1855.427398158921
306.47280088603816,836.1890707147008,1416.6014331977892
1012.8904221435014,1490.6128896290263,633.250267629713
1529.0998377500184,1422.0626801138915,1428.770031140486
960.4479311680046,984.237986666025,857.0128414436715
1323.4232629878268,1055.26145809409,898.7751814055524
1388.6875187704209,1005.4671338841869,824.3838489591647
2224.364142470576,2120.151235728633,2435.377086145721
4125.7059087664,3655.1844412451064,3466.896969486842
6274.692229008715,6939.959574019488,4056.252530298498
8257.995514670047,9825.427900699631,6304.839364915229
9908.454411853254,13555.819352973536,8947.343222005036
12131.007675025334,13440.356371874997,11448.081426109604
12391.356744232837,14223.534872168746,12389.229989919564
13331.230302169815,15672.907334404455,12976.372969668462
11800.857901227715,14650.48133729271,9200.743848994218
8897.307371972365,10156.821573492403,6777.103412446424
8792.392846085439,8574.464481179266,5748.406644436148
9477.553580382171,8537.154612138342,5902.942291452818
10337.429320182602,8743.259185815023,7835.083141158781
11969.453182592482,11035.427700311,9112.079446469652
12741.326124399182,12163.57488177576,11724.62330822233
15354.295905631872,14842.85737703491,12402.992153579487
16121.394662910507,16713.073461276406,12415.037439738428
17136.530203687875,17329.359425705046,13706.64809059334
17510.236645794,18464.340501067694,15142.97394500893
17645.132369204108,19088.0545947943,16330.41659669312
18267.19164751141,19372.728590016373,16651.90814445322
19266.660544202216,19206.560665694433,16228.654578009442
19245.100176666776,19241.33128707261,16125.6451488693
19112.71275845184,19156.3919522978,16037.2112092853
17983.659597047666,18313.63500601594,16490.04453793928
17019.657826567105,17876.940341957066,16271.288582606345
18111.87164583908,18565.439111272884,15638.893991247964
17521.986408294648,18626.317818374522,15206.169642771589
18216.823027536426,19229.991567003457,14121.643302262524
18647.193629663816,19509.114865625408,14536.58510874993
18443.375428792373,19374.318272534325,14958.66209557159
15597.856354371965,18606.85472768329,12207.92150966726
13751.75203522578,15945.60741860571,9324.51076212004
8856.282749574235,11645.005805367478,8068.977368885066
7472.801115524872,7253.186648893558,5588.3616930341295
6448.070480907566,5787.51395607956,4869.49862685143
5721.5030454773305,4196.303863591382,4648.781358425609
7106.172502506542,5436.037976217067,3902.841277663023
7498.7420035291225,6396.656159466185,5274.403248554768
7117.546755640773,6210.43349703775,4596.686067185911
8553.583611629521,7575.027770674606,5013.289061567788
9708.53110531156,10074.75808085088,8169.715056407583
11648.334134931609,12657.54090762571,11677.17278826138
14848.547647947225,16572.268098861412,15291.44425199476
17334.390691786466,18826.785381211692,17084.710908255496
18550.386592872754,19537.73533225396,17340.89144041323
18763.55205272443,19819.66827861033,17825.54227184439
18656.260734114363,19650.532884984215,16831.5545769797
18404.158174382268,19234.12045871027,15791.665007427786
18686.985864561706,19125.45336343724,16226.92140320891
18123.235436993145,19290.376398388627,15852.200515299455
19036.121427464608,19731.082801059354,15897.234222714857
19605.961367990865,19962.677990460805,15748.08161627528
19694.847806734473,19928.474908391287,15773.056469815305
20188.513954791983,20004.242685878005,16430.535243455288
19914.39163833846,19857.98832061154,16200.667789840663
19292.86859536091,19862.98325107492,16210.703704364068
18313.474891997357,19643.707530892232,16109.86388075933
17039.152536003174,19405.873020793504,15886.83091187754
17075.608817596687,19076.526794954912,15486.705347873056
16672.028063847334,18979.336876778412,15474.805470391722
17092.15970112339,18788.40217154255,15297.72647118182
17243.146039169253,18776.81483856616,15414.640481731089
17015.642431632652,19096.807974018364,14731.14780149188
17060.868963899993,19192.190833937002,14986.268190475186
15892.815237561123,18763.650847776662,15359.63728486906
16774.78114362009,17976.619853459008,15483.544998667814
16024.271933134602,16570.441039087138,14055.037771057809
16506.10296460541,16934.29208562058,14546.66469042459
16086.571418294794,17751.96962581019,11673.197360734455
14094.463000825624,15307.663879471653,8650.925993277076
10712.868623298156,9724.85874851184,6469.972344512823
9718.866753028004,6928.431280149077,4908.04216042437
5837.9227229781445,4974.100950503629,2816.3583270143727
2714.0362455948793,2329.5467556360127,1286.0476612633538
1747.025219317637,743.6953783169724,628.6431558232013
755.428428822144,505.91167788655014,0.0
700.6329242619834,388.0941927550075,143.59054559314802
866.3995337845748,441.0917259978534,128.3681318250699
922.4981678123265,447.713101169944,14.039983475658794
416.2558157110535,420.13716009532493,87.45503053782733
444.0752882969273,561.331024302082,119.42761868439176
454.29457848556456,630.3436885773548,79.10855002629296
98.25868988423487,113.61954076950596,93.17860451467006
366.2624986685295,296.3494541999808,261.34154145034097
1103.5768320229054,1373.9279710154826,484.0740688199952
2539.2909403351223,3317.7174990692656,1696.3219007508917
2887.972112788456,4448.212724241236,1927.507477639443
3515.7067468857094,3860.0934589334765,2341.324017521908
4966.842240063561,5495.631321745454,2729.8416480497026
5818.08409275547,8314.523319854807,5762.62685337582
8052.027773123123,9236.089762956393,7846.625022186766
9669.030823349445,9964.225682359967,9487.677520261484
9425.386735994818,11138.147270709582,9441.400400125856
12405.001772950292,13312.987333144429,9226.42994649424
14296.110528292485,15867.436828873664,13585.337241689003
15336.668143193694,16751.963358370696,13617.1481459878
17649.622838539573,19347.49074190415,15829.836719794965
18402.58104691221,19709.37910187313,15747.82440956412
18319.287829317775,19123.150302873913,13600.935514951923
18598.027048541895,18837.223156985736,11819.273889225258
18782.82729718703,18568.841631103744,9576.57312746977
18020.06316363806,18826.53484031031,7900.988041780742
18380.27527669022,19027.546837482525,4481.620916002771
16834.42655865286,18966.964681171925,8994.309230643505
17151.3636957328,19054.454165998224,9403.794490152142
16255.577912219564,16168.270150853497,9314.055876829145
14931.06326935188,15482.463671816497,11493.80221653394
13413.005028804388,11465.992765182053,9350.508117411317
9405.939147681145,9801.482335999784,8532.411694007871
8603.842349144908,7914.6814749228815,6672.595714580471
7744.314880162197,6003.028290682081,4287.569162847864
5920.471191360655,4180.007276211301,3122.0195469641067
3637.3783123964126,3318.3149918602935,2088.188367344759
3102.3019232677325,2808.010189716738,1511.3969994717777
3098.558039932235,2390.4169548041696,2167.8345849618727
2552.5304772184422,1479.4413869984219,1719.5220418098022
1558.289791259099,975.3472246312998,1777.7845317460851
1299.624577309053,485.4665366886477,1487.0689192473928
760.2818664080622,291.6320059883402,1510.3880994246858
552.2558120614094,364.4688156384738,782.7388821093692
518.4930605957057,1.127592994912881,416.1060506010183
432.6232406189897,0.0,179.08618317569702
375.74272536151346,0.0,349.1540216413516
688.3732976288079,0.0,304.6857843760876
407.16779171096914,41.37138467843485,354.79790283606167
746.4395615184673,93.30674732408117,227.4666029539908
882.2020739349692,161.27662270207267,296.30578587187165
1519.5839426642542,759.4498558962089,985.280994916586
1958.5163567628176,1319.0261527735186,1389.0534440011895
2754.102073399952,2225.9374809457327,2354.5037753886445
3509.975399933545,2909.012286556355,2379.0438553944145
5148.820159355809,4253.527874347936,2848.8580284299487
6297.1693751201165,5250.4354602884005,3965.0462178827656
7260.1750994029835,5219.336212099161,3971.894491600509
7759.415811970764,6305.322597406494,4917.28139399145
7999.5170207652745,5937.158167885938,4879.964538522983
6728.62225547708,4923.782601212768,4271.437533923378
5526.045351549147,5000.09702853371,3563.117587462506
5297.646153594283,5160.285401511714,4800.062002648825
9553.5316659255,9505.191542740473,8338.253917086771
11271.376535746082,12317.661130392351,10534.30990492507
12241.08669851932,14571.347239810018,11264.984174921345
12931.158577935155,14915.533813513312,11302.391984424745
11805.652218129413,13347.885749398627,10938.783087268244
12499.332828615848,13963.212059292908,9944.490343580628
12897.390023350263,15586.093170366195,9480.419625577508
15742.220908427613,16570.026183952916,12142.33723748734
14474.524897576517,15564.135383475472,12547.498779923824
16587.58366859985,17865.018486178666,14222.074445826967
17741.601946919236,18338.459987054328,12948.372497017011
17272.464542979436,18667.63127460446,12934.75180920624
15354.645122038548,17974.578425233933,14719.36994573334
14470.996521738998,18012.028445628875,15963.616617015674
14047.241562337438,16901.78924259956,15928.542903141875
13975.220922497942,18293.443423126533,16033.006711865077
13881.720251732238,17140.558387651898,15040.162730651871
15846.03718933201,17004.401481528395,15716.625034263549
16317.107706288534,17398.221755999544,13999.596613544249
17222.760510748485,19140.565463836792,13368.149274320072
17336.374077916207,18749.76519252174,12479.49126014332
17024.291293623533,18755.957095799833,13099.186291051685
16216.726270714504,18370.97984151034,12842.679847835623
15013.866918667347,17272.65033522313,13236.97199870827
14607.981040962324,16103.18553315685,13498.36481360548
15210.911003053016,15609.488720787476,13140.655260392909
15280.065676520097,15613.143477695923,13439.199644341865
15990.988920858788,16363.67710797392,13290.292057379858
15097.69488878178,15349.927064176218,13554.768584945556
12121.564412624568,12472.824529400947,11288.305980087474
12499.685707379138,10819.451814597174,8051.446643465016
9010.12230405539,8090.907079863788,5810.765603054549
7645.894532125026,5413.291069867337,3883.9882868055606
5047.268889905363,5410.051480389774,4168.957148316665
4243.851297673691,4409.412708309038,3073.1258586797635
3747.817718724556,3908.6492375918892,1334.94753408859
2571.9946390376786,3688.6019434529962,1460.1085822670298
3028.7093273361465,2705.9185958770577,1460.9481965469606
2613.831604818277,2110.687528194907,1797.1403206025975
2764.2591805382813,2644.868801036711,1873.733423245394
2645.5941136115694,2833.9865902645097,2407.0140876378914
2500.1714542452073,2260.3633863404357,1522.0643962466304
2521.247486245304,2109.9474594632043,1024.0837531156294
2066.129933802896,1470.5921828241244,807.5842270955053
1696.263446995686,1380.0461606527233,671.8260183559987
1624.1448412709317,1339.1409640771092,306.742066581297
1594.2486491510688,2244.7331067334485,726.8284435380199
2291.2110998385597,2961.734370738319,1756.5615371630074
2789.074783791701,3508.6107860396774,2225.6672715740774
3743.1891352163166,4235.685052850991,2024.1809428405084
3692.214396534021,4154.325524504911,2888.172824774146
4377.724037069153,5167.9144769558525,3271.646254243793
3846.595118637195,5376.570638488405,3920.013503111082
4307.817817730757,5729.359694482482,4357.1604130761125
4739.15887510211,5556.241438279355,4109.396164455136
4824.98363578471,6005.229243083644,4047.0254945466777
4590.798250289297,5843.578781703149,3576.6722617469013
4804.339801338983,5081.364238886503,3622.219431528317
4738.943026881069,4618.741214765585,3653.0728721720816
4428.620532580545,3542.0158952825577,2460.883080026304
2269.309108997012,1648.2353614088315,1576.4274185983384
1892.806388931115,1278.2361576155852,1374.2898170083934
2314.853967930099,1871.0083823116931,1502.6285000148646
3113.945794557536,2025.6240561834368,1629.9189812218042
3228.822854309955,1847.6519819656817,2177.5339745038464
3594.3131726476204,2243.1784993983074,2379.854172112431
3060.377141844476,1767.2221469037427,2653.585364982147
2521.427816781646,2019.3957085933655,2558.304014210304
2897.0378170485387,2498.6598898062825,1001.7288999612856
1959.982482517167,2205.7181162137763,1204.6702788240448
2166.342121023406,2533.8748344699766,1072.979843320126
1506.3117678428566,2439.450851337552,678.591024496495
1972.347765624805,2462.8462827285075,1224.8445793562476
3147.8076968443793,3225.610678378044,1588.8584711553444
3319.6960606476932,3646.262897628371,1616.133592613346
3138.0420071176395,3806.12206205267,1699.1407719659453
2980.0909727810185,2136.559849708182,1492.849450744685
2716.6471643170894,2541.5585077787364,2039.8484327327976
3525.6652478367237,3024.7184567597105,1469.4475315563875
3632.9531521868676,2840.590277403966,1779.6269715909934
1624.7086286889485,1677.0987013476265,1175.8373793155235
1054.7010424873383,1246.2157577338962,473.1127782384859
1145.5340887265902,1329.5345109760478,499.8971645211743
1725.6654191944422,1954.0136798918911,155.39769476738186
2687.0457075127256,2645.917037213705,607.584150553245
2661.1745721568377,3592.6609418759836,2225.9097146835643
4266.711251938822,5305.913225628976,4058.273552461088
5097.54354474128,6983.251875504952,6337.003443938388
6421.822926742214,7610.114587434509,7559.340939257321
8882.496242964113,7733.031853822465,10736.442453484826
10595.692572698483,11319.137636144736,12051.439713238458
10145.462801200862,12983.080387226913,12381.836126920569
12008.284080985019,12627.997390929353,12898.904653781156
11146.715244592755,11702.620603173158,10866.018814704808
12843.133500264701,13706.287317835498,11543.92036845853
12797.024054364876,15244.740783612382,9868.21870591424
12592.809132551114,15742.120138168555,12761.99518719402
15563.481491630017,16355.186185488572,13877.03604898704
14483.145777227226,15900.678235079322,15335.469416455946
14077.53507489224,15395.760703456694,13550.53384241983
15341.93034400535,16773.126382136157,14320.08982725739
15591.29693216334,16453.298627737782,14245.809952656016
15527.567774201167,14291.38539053758,11943.29560246089
14736.961369336037,14131.305428018622,11839.987839877744
13614.585347460412,13672.734707441601,11246.600489604692
12791.479159758315,11884.941935018824,10794.458431146288
12441.400857339533,12316.34991143463,11592.06122023468
11888.177751497908,11533.872586341104,11003.28695082634
8807.517221851493,8552.027968526347,6315.629624371322
5363.555269332243,4600.163240731966,3987.185843627903
5005.098588912674,3153.9770547108983,5115.964757288288
5529.175282982098,3891.1779452590304,5792.85456106968
5436.099051284802,3818.5019328956955,5976.688018139788
5625.191028378238,4144.6168665994255,5995.352597516092
5261.599049362666,4079.5323956727425,4528.972071131196
3899.720133425028,3427.387812791604,2516.618905612825
2028.6621312919567,1997.5285138951251,889.941930052683
1053.800958557773,1101.2539592636533,688.7716537211519
1093.9649414750795,1307.1693394749343,1300.8545029459642
1346.8044820537057,1913.8046654399504,1308.1300078183651
3188.773982207858,2958.725036468347,1453.3530400620257
1804.2197293764796,1713.0943990776364,1279.271428388363
853.6891250995645,559.9809659420237,430.1578564713881
650.7559470302631,324.6685404465604,259.8242747185108
908.7098534760394,727.1024819699641,143.7841282415401
866.5587649605496,712.8694473832213,162.66592586804725
1057.2603484401661,877.6865748243531,181.1743602315624
1682.8057232612666,1052.8346026169802,84.25810858992759
2011.1022655936401,1484.372418372538,76.50423144858767
2847.8559454773663,2633.8419423827067,534.5086932097807
3869.289173377314,3785.700316258229,869.3565464884675
4061.756281500342,3442.4951607928665,1061.9701319171888
2966.4184188128497,3504.5023771592255,1281.0466721599105
1858.8988541039635,2214.025479163547,1292.749113680052
1870.1050206339066,2336.245682424156,1760.5480260435736
2330.2212183900333,2503.649007093056,1775.0552246886873
2622.191159902335,3189.856480392862,2900.61022540573
2267.0061253067383,4262.881750161475,3522.317584262295
2566.483541244145,4349.949745529917,4010.0202041149055
2661.4248146241553,4918.395439123922,4213.44641537538
2328.2160279152704,4210.433177048321,4196.429226805257
2622.313810470939,3793.425438932345,2949.397720824149
3014.1362037840113,3513.4037123789103,3235.92089543116
3718.2998171994277,4404.167851084282,4309.841024608196
3962.230763156509,4878.5708695516,4362.324977608546
4975.3321859091675,5251.121201086402,3412.2011751009486
4984.014215795251,5181.023224778733,3283.825587120448
4609.168718349581,4872.579296859375,3219.076722261193
1999.555439440181,1790.7465371136789,521.4614635421477
1583.6101160254204,1964.7316635564175,571.7543283763815
2133.9234523161126,1976.764244486815,584.2164744365773
2401.225005698537,1895.2569043096953,784.3899873364543
2807.564259141541,2401.1846142627005,1675.59768056152
2814.044954894388,2585.2119889381383,1652.4157572195188
2910.674844313374,2746.759582891616,1989.1545925405424
3282.064447525525,2720.5166576087604,2159.370850774996
2297.9106995166303,2172.4888867165387,2219.287254967908
2037.0112617134375,2428.407114146715,2238.914526222139
2057.563118670996,2706.4996332093665,2304.268504947678
1946.412337352405,2162.633028719479,2087.629854444905
1321.7165200606878,1855.5611243998142,2461.4108372384626
2629.41963203985,2922.2252065295647,2877.679237485871
2142.5729199995435,2730.5473482540183,2833.817192444419
3801.007230512204,4250.13415096859,3910.319630907672
4276.026331411319,5071.099816013794,3945.484213787885
5307.134292160499,5855.52673356905,6432.331475422287
5308.081272867338,6033.197910330703,5925.051277913749
4931.485326100627,5157.666521267514,5464.309050875102
4213.971697403127,5356.377460878691,6597.765251039556
3555.41154760472,3172.338918391616,4800.27546613137
3479.79905801551,3677.613185072564,4682.356169002852
3684.705155148534,3603.521824844841,6131.205345690547
5735.683874286723,6643.482101224936,7258.761393808288
7149.521833627294,7649.128612017151,9192.176759530808
9816.629251226514,8527.452930649293,12161.946193573667
7274.940638500702,6523.341842563588,11479.516644641992
5926.712550175626,4853.344991154493,11329.36811479416
7798.95815167783,6129.830641302885,13059.259052186537
5582.514258296602,4492.158341258768,11891.857133963762
4137.937219136768,2482.3921261498135,9849.829915253034
5836.799097831566,4177.11152545785,8026.617792564057
3481.77795611274,3886.602685433099,6968.487686332281
1371.5360215609671,1351.4794533442036,4648.107522264745
906.220351291768,332.74217352694404,2830.0242059267066
343.4457836093045,317.6390703915384,712.3371227157927
399.4455465319338,335.2713072378302,783.7055903899919
390.50167503524574,185.48000899038288,824.0925077852983
332.80869294703007,48.07780454274688,848.1216333710829
315.79252098235054,139.54110327096075,779.2617043340576
226.8870201456399,0.0,228.75454040029376
169.15320960374555,241.99231634090808,287.05782873437084
0.0,120.53671307751034,379.2650932979197
186.57022907068762,409.7825223331003,234.8653367588598
235.24007390610234,549.3282990766083,607.4081379789801
973.0517460818687,744.5034965920034,820.7561350454584
2565.0833627207453,1724.0262521409143,2602.704111561912
3224.7247105792667,3695.494972157537,2310.7107891540786
2869.572200575325,2281.649210690509,2105.843335911804
3634.3994127699507,3087.165436719274,2461.1576233487417
4715.362928894529,4214.638802970852,2316.7772378132527
4820.21965056991,4228.515903858159,2446.0502332591414
2140.5900139070654,1528.8640674673868,1502.0228843712384
1407.8781550250844,741.2718589165023,482.2986165051734
1203.0843381971586,340.5754637954881,332.2957907722512
1368.334904922429,429.12994551564174,343.45248629482546
379.31686092745036,239.80264783441882,470.9809675982851
213.15787113484373,125.62764180549097,350.3057895894008
584.4929104993471,99.9229575729152,298.2733631102872
667.9408773291599,126.19558987763789,302.9024280798749
1445.441527841779,1059.666675155908,1251.7885875115007
1448.1395258301243,828.3270062890459,679.242854614387
1323.2953398958853,914.1350105921248,1054.4160702621166
1201.7664284710359,866.9751449508666,1266.9416200482603
2866.053747932129,2495.4522044761934,2133.5220342649936
4695.073377767489,5624.03182524695,4083.053932588906
7956.475085251591,8563.853414650293,5818.214406657631
7942.783283493794,10331.556137052883,5244.594411260806
10709.283984512838,14506.782047067962,7215.526832934755
11736.589493736587,15062.372939818362,9940.685663518168
10886.802089957457,15336.504748654514,8744.613410155413
12804.556873412721,12453.654269687511,8986.22954848842
8771.774683344183,10777.957990834528,6878.552857400567
6927.481655864809,9609.815096953274,4488.421354113095
5797.960546300621,8532.847252581712,4058.004965341231
5921.422084700177,8377.128859721417,4183.77494122879
6710.87787602054,10702.491111078494,5645.169537718123
7028.105744264669,10201.2149272438,5684.147654882707
7525.590966986699,11327.27693198549,6219.26331611065
9785.471590628076,12532.419818059067,8945.865564544618
7353.525067292405,10624.635486626277,8723.956611372678
6990.155906942638,8992.28811737311,5431.082489643824
10375.323838891707,11364.25138825615,10711.609302081377
9257.142225625044,10808.439795700364,8996.712951029374
9698.278992862646,11807.270439057069,10328.373186629393
11892.406917312666,15138.526803341829,14041.231063469791
9662.729768125186,12793.501711561568,8992.084644567738
9146.510419076998,12132.118091360231,8144.069438926177
7598.095874237987,9950.026126525165,6836.997616346323
7618.957860171279,10189.619604924503,6395.555205601358
8575.424917437054,12127.616684528548,7784.78625865044
9673.822994188351,11235.100366759276,8474.515850280377
11416.568760991422,12303.549858751752,10265.226092090274
13442.889756930908,13609.328905866978,12130.461678449416
16167.511276388599,15496.702362907236,12785.335976905422
18388.17483898919,19801.29490361476,13974.416985260952
18572.4341687031,20449.340903574706,13323.739740335704
18979.3820222971,20382.837482107214,13648.350232072844
18735.34580245934,20008.177855234004,13531.38758609463
18200.937738997985,19289.838236101692,12856.733768957683
16525.678724641853,19141.358608624225,13145.5397217274
12756.928780038414,15284.533230235413,9293.34781356056
11392.867158280978,15554.535313918057,9212.37567211598
12624.120381303648,16737.130276156226,9166.26857915796
15319.51526921833,17619.398293145976,12649.963211384347
14982.245503873422,17509.376184651624,11048.294570184433
14584.094549882837,18012.238848627832,10067.555887797684
14345.576493692894,17764.978343821047,9881.066888808322
13700.259151248734,17752.805482232754,7641.972880262188
13315.831551791245,17937.92081256909,8911.442147335205
13911.966953208952,17672.49551245479,7998.0642963968385
13958.554235728137,17213.05290522277,7706.159550627836
13562.41602364471,17202.133190015786,8415.745042356115
13753.432124089994,17713.26470027754,8339.918941435684
14817.843943050319,18156.69443058278,8087.750682286517
15825.697448339735,18487.532537718933,10114.01639445957
16928.83274495056,19091.987311219484,9802.861799915356
16444.325538644713,18349.18934231092,10592.974948098004
15889.98452427383,16822.24486085183,11131.0636635665
14258.674748507763,13895.894898541188,12705.224585789112
13059.305110974894,14157.346792621913,13228.825445675198
10061.140162991178,12592.380594985705,9531.642926045277
9446.824714752749,11624.33370199618,9048.642338842674
8768.95546391469,10084.260398582179,7323.233850257277
8513.688419271512,10565.564085927694,6534.5137208035485
9572.89802557897,12983.083959132799,8331.628428773289
11063.462824367625,12213.469205938663,8851.059759791784
10350.327056087559,11581.505646334024,8187.442208841013
11053.00540206293,10973.706509661048,10625.543700291966
8713.54833072994,11901.757247079873,8525.245831950659
10147.279568428477,13765.191684335083,10775.090065686469
12563.908138967483,15229.200826092585,11653.943695267544
13484.413262469061,15771.386850294515,11228.8038691585
14078.2899440263,15129.993467857767,11547.881713601955
13480.413005656757,13166.968244364702,11922.61046370807
11523.592193310706,10953.487027558745,8081.533572533489
9556.762309205347,10235.807248607089,7978.718347847266
7997.153279556066,10494.271156155159,7557.019685563125
10200.15308222681,11073.258811551259,9351.624395633058
11929.47190245193,12479.432197330425,11226.61025003026
11327.577028158665,11206.104404363163,9791.619850665864
9982.759716510138,10793.997529046641,9455.366460880472
10806.918458046148,11118.091974271088,10526.695137733745
12211.485489803876,12105.53953541305,10444.306623457527
10366.059900639577,10886.800251900959,10650.338559722895
11741.527136272312,14740.335443164868,10268.837650447686
13156.004291572,15359.443369745528,11427.299600619204
12754.385714890263,15626.38227398678,10711.203148313169
11404.177531739126,13266.4118243453,7009.5628731226525
11218.283743303602,12382.99873259727,6178.842545938076
7768.585237957362,8369.287593332234,4091.0810878051193
5925.144344779772,7933.875745766594,3705.739532436519
3502.116814698418,3461.125713020523,1857.704332512807
2001.0388939813765,2769.312569724968,1601.4446697716212
1908.7491276492915,1958.3515028914314,1971.7209979322329
1832.108167740427,2563.5805034207087,1808.758453978032
1940.775745939123,2698.3844580270707,1785.5485909933827
2054.3106305558917,2627.7570261158558,1900.0601636955555
1890.2807564671402,2563.060344893238,1595.1932814229272
1910.7674597887853,2096.7755698549176,1603.871992803201
1249.9297044078141,1283.2591936770295,718.4252232703527
1945.5506562983778,3158.152826728162,2093.548206450841
4248.220884826778,4616.822188369241,3091.3944304472293
4523.571802777921,5734.355083660083,4178.422580831024
6857.526005241631,8333.62800366217,5420.847456880414
7351.320176631714,8230.701444169394,6600.255196683587
7478.178142442236,8178.017607140431,7011.69007210332
6721.527493792866,6804.364354223854,5562.434823517349
5444.759431954275,6825.880802357442,6445.768891394258
6788.397103282399,6977.179967809071,5647.108855222752
6717.859185698884,6343.791901796658,5710.38661992461
5493.8917539305085,6030.7555043436605,4911.2122397634585
5911.773263652488,6449.071577532187,4070.7110987656542
6224.355030469498,7134.124172032017,3301.7271656648327
7087.723520556001,7387.770519558423,4418.188886132677
8669.401878104733,7882.703908719227,6007.195837554453
9927.720982411098,8893.606719570458,6946.822637020132
10265.71069514419,8954.408253696243,7232.691198423906
9478.457739643767,8001.05098855878,6508.743707721672
9524.425611044153,7660.558714106203,6716.287457818782
9504.248428377638,8603.661033843498,8926.483745819472
10202.099620255598,10351.669901970907,9154.092161975668
11888.926501327142,10427.809955367471,9211.793046642695
8972.411208552418,8238.65018851727,9761.556477382444
9148.687519341056,9948.499241949688,10313.337578091505
8496.579349482605,11189.840522785562,8939.72757513726
10278.819163234759,12222.317118194154,11129.344831789547
10305.050700515563,12519.682764291269,11629.828630251925
10633.796456129023,13790.148881037749,10923.488867807024
11438.919268852842,14386.706279934546,10435.68390412634
12984.210520072213,14063.199447947847,9424.76600735947
11589.076207381733,12757.02794870195,10166.556766238107
11143.996612709454,12823.49714453224,9184.102522647509
9875.7087095003,11074.495665934473,7898.159277570038
7754.110783377415,9773.638811065339,5635.5625051634925
7384.231069245609,8847.729552837229,4877.239334281197
7088.2531229475335,9123.73573590467,5077.906852501066
6797.521708372223,8186.250087077047,4051.660627798122
5463.162712072785,6847.571892548004,3642.36091864924
3116.9639722894362,4376.2129563052895,2210.039492546148
2659.8807946234406,3160.6958551768876,1615.1421029969767
2554.4981159470194,3357.198079247068,1485.5906697589714
3441.6451634990985,3456.3988918240707,1525.431165410712
3103.918519747067,3528.303799768587,1647.423614914959
2777.3307443958274,3351.778620383274,1734.507472854641
3111.9762016837262,3701.715406469021,2148.396221553211
3044.8664333684887,4857.180611325938,1896.0710245645428
2607.4124992493958,4346.069745818514,1821.283764999077
820.0213073252747,1305.2593523720911,736.8642983620082
1676.4187857403585,2541.6778175364125,1457.0400201481066
1435.9232424950958,1373.0468284295441,478.3909888042529
1565.5198151534692,1368.2889383661977,436.6403761097558
1054.8180503769706,816.7380198024915,400.3210481977968
1181.0013823454285,882.8359999160206,401.6123153722236
1555.3092186773915,1217.2660984035556,531.1140725716256
1904.9769172080405,1578.9147774074927,792.3092206326818
1018.6970411588634,1147.048491888503,557.9314031608137
1170.2296630791238,865.4566201277856,499.1648533863999
1122.900812775628,968.2633932880201,260.15945790807183
1638.2006142623345,1104.1353459963411,167.96416683456533
1603.2135783705805,1237.3908900290564,137.20363544982274
2146.942239110578,1742.2094136030846,364.3481273760824
2673.2667552409653,2321.138435552656,435.8738171102252
4461.546785991289,4275.701961108586,888.3651916805289
4307.594156218584,4240.09174270985,1006.758602393186
3653.459489051465,3657.4902506405833,1130.8214674958251
2786.0026827547936,2562.780246066619,1131.278474855336
3223.2181581553355,3240.0542256850526,1250.0277217227945
3370.254119739369,3419.579553473419,1756.2285589215455
3452.0313020446642,3563.666156960815,2590.2029876352017
2428.6963177228154,2818.8090234778515,1656.0644017466072
2441.707951960415,2528.3239665700617,2383.3425408779995
2480.517081471594,2785.8261236987482,1731.180850726549
3189.998460537871,3432.0110287103885,1740.1350956442927
2539.807237523598,3106.545280852386,1623.465909693809
2166.6757896332156,1924.1238830981094,1001.6651653335304
1483.207821047444,1387.2242263287833,786.7555082681349
1940.2112772088808,1285.0562133602737,1507.3184288910484
1397.0970234682334,733.2347291902554,777.6190347386656
967.7686829941272,520.1585446007889,273.1306249997341
634.8810168323158,484.0793811356575,293.54596704958186
870.2657272047928,397.7118915980508,294.7959561994233
1099.653562370532,597.7552509744218,667.5351580348481
1118.0730211833738,791.8412675186139,493.452370221076
1090.2802756615436,974.6039652403364,675.5929688884062
1467.9556896536071,1503.2971800678492,871.3494972032262
1955.041315737153,1824.6669790109884,1168.016242380878
1572.3622178842093,1598.3436908743024,1153.2651243915568
1278.7420578195408,1244.2830873800015,1010.8461282589624
560.1840724109156,732.9255992267234,1156.14335616187
1055.517106270629,1144.1424387464076,1385.463512244732
646.9807411851477,938.462103204969,1514.2862508526894
843.965820966095,1149.2067082142134,1747.3450357855663
600.4429615217866,935.2055794416481,1441.9533162044995
519.6851796590352,1023.9388397362175,1079.228851837849
378.5682226836339,665.5368698587843,852.2301584755174
370.77148968770916,449.75845126849345,603.6063197613893
402.15592227983564,207.03511886411422,13.941854954818057
796.1287697157195,248.6801825177292,31.43982442726412
841.4172041221562,553.5382373231869,107.9630988441432
955.0846083756826,570.8866772163708,192.14544441564627
1161.3005985932589,750.1496832869915,242.5721325006697
1311.8080992419507,784.213354176639,230.6727733173012
2204.7650143936025,1362.0752631630123,370.74932159731975
1604.8773426393784,1056.4837471855824,247.75697893078043
1399.4920236817138,1256.252240285818,351.4635213194
1429.309067770679,782.2293113480752,124.65993624647284
1312.5474449279266,875.4353314233822,16.83971311344073
1932.3557048566176,1015.8894337789351,53.85711312194775
1995.424100388594,1172.2066737043472,170.38590088367002
1674.8271168780318,1231.802411561793,221.56891567966687
890.6412003727694,989.9201607949102,55.12908609304634
299.00463140278384,701.6801697519732,10.403594583654757
612.1627377163944,877.5621131660104,279.2052354416349
348.00668490186484,316.7006309226234,322.2766286549769
244.3359607577165,397.27460339870424,445.2438056640652
1679.6662484170631,1483.1908990197257,1104.2070052450124
1740.2026093152886,2374.0210267660414,1487.0158541498563
2468.1911834625607,2577.8926235949216,2178.3228816250185
3827.125562729456,2912.9127217571317,2667.416722406348
2817.766827439945,2121.55280082015,2671.005394366553
2682.052007158857,3060.7220030869553,2893.045166439701
3027.6416968695453,3517.9761142332727,2714.608291135278
4061.4483192601265,4908.406013468372,2868.33486511636
5429.462106817646,6464.450353400505,3813.0927289025967
7969.972254153684,8717.671341654506,5190.684121336712
10479.952347512011,11731.538129087956,7623.372951387648
11496.401580126749,12282.949922626554,7863.081247282986
12387.481422058334,14567.663240959402,8262.184894612958
11979.541197672768,14269.042271406088,7464.971971664995
12655.479186070885,15175.4790329064,8095.162470533192
12458.40098011132,13725.577962920148,7785.570487830919
13817.73791972437,17053.788674044714,9027.79769837742
13087.749408048114,15104.928305025927,7293.409986981201
9812.886225846541,9997.3230362994,3917.6517265648313
5439.150180950141,6568.17712868538,1797.3812276852466
2684.8892023607286,3656.669892310422,1250.7118896351124
1696.8994709822912,1589.6217824172104,899.2456262598836
1886.4772392193154,1838.9046430008584,1112.433886965695
2548.236524169741,2870.9378069082027,1771.8859491850274
4420.352907535274,3758.823802277093,2279.739350442848
4304.6272393421505,4578.070233777039,2695.7652410564583
4270.749875131124,4588.540711968962,2756.2631592345306
4931.554513321843,5266.5487400066195,2965.817888385655
5082.912900769712,5539.26702781765,4124.519916846537
7687.164818549316,8895.684616335133,6246.420996694767
9869.50422270554,11763.599076964685,8251.939309430329
12007.93294004842,14889.76411917559,11144.465141842633
14677.24200295803,16662.93841374687,12577.581078646012
14473.363962951973,16278.523585767198,11782.240669418472
12697.881411432063,15486.205471527395,12484.864748929624
13934.16471632608,15957.498096554944,10082.436137059734
11474.998322592512,14918.467477678754,9542.91058808488
10983.435724389848,14708.17954614408,8375.115012422357
12013.761607935074,14258.75467364755,8294.687858605777
11640.019443317387,12344.000843258316,7634.000810905559
8411.659073880968,8552.011845248553,5570.805023313878
6748.940976805007,6690.435750709974,3196.0205127377444
4066.9664937292837,4408.96824150467,1838.430494779164
3286.740927772661,2178.084745524993,825.6356423094843
1680.9953132124153,1156.7724153167287,667.3097082163116
855.3709254714594,492.27488183897435,614.3793693673766
685.653898280762,453.4467080970587,160.18741533810166
145.44639269425264,297.5811675603574,68.58402704017652
404.66082585222375,249.73837551750046,512.176643110472
471.25001552492074,665.4931798391267,927.7032925681652
1162.1539662121354,1128.1770897492986,1360.375578940156
1770.8527967814841,1802.2223719079743,2285.420464268629
3128.0728734488334,2316.0980224479817,2462.055867475715
5544.395802125161,5074.558718934201,3471.3365673366648
8273.118823211213,7831.166842356854,5455.513681345316
9404.229006667932,8717.646999145636,5281.840278400026
9912.301276713775,10528.434999059997,5961.164884961253
10772.119339325438,11568.60674782526,6513.1668770706765
12727.458065702067,14383.270005290193,10106.7889811881
4096.496849461801,3745.735715438,2622.381765746695
6716.7214239835575,6476.286309232365,3587.355560302996
4982.169249257157,4726.307978083237,1826.0828149144031
2959.8150252490964,3331.67484949372,1264.7496404655772
3759.5951574920987,3956.382646421343,1765.2391587169654
2527.7513599794506,2675.620397800613,1400.572336255812
1550.352669807516,1381.5432233637619,516.7418227206099
543.2069023640046,362.525877367288,53.59009260597847
101.84006104037202,193.63407719295606,0.0
0.0,148.32756248565795,0.0
196.12968334233267,60.01909486855004,0.0
37.199460680703524,33.34116486916166,31.31963819618996
169.53619411488737,70.67223148118556,45.54498740388582
186.43369339827373,275.3090407016473,192.4292555669641
147.22585845100932,298.35117844701614,156.14836788089457
162.85541592310256,109.84080612240248,180.3251631619916
32.59094571846508,207.94869737835975,821.366134481308
253.12353567439771,359.5424681199396,539.6826509959914
306.0466375234956,405.60514158733093,175.6454503183797
676.8403236346851,778.7221356128101,559.7943348368483
966.7763767400235,931.8598288261852,560.9372176419533
1217.1238213382571,1184.6595893084575,629.9897716518648
1322.7175938621804,1270.214907124348,847.33686220157
1389.687022996293,1461.8834514662235,961.1399794621888
3640.7561333930757,3583.927656951501,2059.6591590743847
4809.348610641842,5192.534149724893,5325.717876314319
6691.054143188831,6922.9291307644135,7831.55944292473
7495.990283805265,7684.606656983512,7645.209235695467
8115.047641880018,8097.421284782207,9154.690400439362
8174.783184591472,8191.320734691878,9288.774092938967
8522.4302662005,7920.0847168213595,11821.629967737335
7467.886482184253,7451.092041998119,11843.886824428508
7645.92832929078,6278.271379362976,8380.306442280584
3577.177399554244,4612.820887055215,5564.959680882242
2293.6723616139125,2772.28681708849,3959.474195317165
1855.709215472541,2290.362788619806,3615.760800081081
1348.8556932759514,1937.5817574963844,3191.4550917190154
964.9263880160784,1481.730365703621,3579.342905708816
737.6881642522404,1008.507215701902,2924.198696595688
535.9937573092755,826.0645292022147,2816.7111820286
290.1767591830392,269.9266662120701,2313.0849295006988
136.8499681252121,187.38168207840653,372.4181442525551
243.43108325423208,165.20395373890943,108.2191547245751
253.86588654501998,158.64584844708207,51.64261822108113
347.6615315029618,233.14197554598377,0.0
445.5893656595332,245.47062901791057,0.0
524.12928906416,172.6275132430493,31.14527575988692
527.1163751603999,205.46823155934243,79.91811080380184
934.0801632600122,882.4765293412987,132.35169977265392
1029.8607818188295,778.1834785855527,154.4755909471794
2161.81889955157,1856.64359568794,776.711261224354
3028.442433428246,2668.1404290406554,2022.1604797773389
4225.3778581526085,5054.086308239548,2232.675516941588
5719.2170505695185,6078.545907025821,3045.237847081826
6194.57754226217,6664.008644713645,2989.671423920909
4430.168362170062,4241.2283948327,1880.440960754228
4289.670619208599,3863.320755692664,1604.6773304700196
1826.8362666359183,1141.50958482982,1061.7826297125032
1491.240907247003,992.4781026650659,700.0383207488622
985.7698221450618,649.6088876212101,743.2469278104978
663.5575939228178,744.8985937217864,611.4020730906589
1329.6528966924154,1629.5612272476678,1156.0824018302835
2611.820469326965,1912.6470050093828,1182.5709887831126
3368.371154328744,2279.771972143621,1583.4595296637408
4081.1998140988608,2740.444605544655,2561.779889622794
4100.026148715248,2991.391512015904,3075.5810968575565
5483.954614609347,5632.2958122964055,4615.977868581399
6907.981434585723,7296.639210882829,5741.270954614766
5069.573661045172,6381.461694294004,3569.000980261956
6954.897662493562,8818.042801889802,3876.561108139682
6635.251085815991,7492.714540021617,4003.0649469944265
6809.945360067115,7918.8450635673125,4282.680214017843
6974.249880880838,7870.262002609753,3785.71447086466
6525.308116039815,8341.545998704318,3770.4562040810974
5042.061064177617,5289.266996144103,2859.9090285460697
4519.307797093161,3536.521123782193,1979.733740310015
3471.7411793449633,2844.892918690842,1624.8580744579092
1763.899720952559,1753.4746337868323,1142.3968962172044
1233.7517731023759,1207.8398001072321,708.1664200124137
1405.938020815733,1130.7363379134167,832.1111903206133
976.2423164984339,994.531334412594,652.9244348161593
586.0517853366314,716.2453737019105,405.8662681710856
581.0038957231767,506.859444290528,268.1951895867616
346.5382226999434,112.77815392502265,119.00154343417664
176.72056498280807,99.0249312850798,3.3176854578279684
545.0518471408003,625.1690513355932,269.98413352824286
1052.6120427589883,1126.0342632265479,956.5108407065738
362.16282458803346,665.4005205921982,336.9363327400252
844.3496328386274,582.9822694593335,266.30289961069747
638.2586914585457,807.5969357131447,290.9282784827627
709.7065027873076,440.96573284461556,122.38978780955392
555.1239834535616,574.4143212742591,47.22198050125269
1420.3802234374912,853.2329491262021,856.8029689361623
3706.921940106448,3828.065969598728,2035.440121700362
3555.466847132216,3609.5453808989523,2670.586671674816
5807.305860503332,6356.539116645558,4172.923962378472
9621.375762416781,11178.185139239717,7598.072210751499
11315.494735973367,12631.83465182357,8642.104153553028
11300.93199009788,11568.500523103625,7317.083030326523
9743.081831289268,10315.59159738694,7083.281760723598
8504.119238463183,8696.670494446807,6274.085613422079
7489.8810433266835,6784.167167726678,5359.494529532326
4438.76861366422,4034.596659594741,2961.081881001905
2793.5260235435762,2234.2599874302127,1778.569264295786
1407.9148794072337,1370.3648121682486,685.9055073171003
600.0292641401074,315.8606608967714,126.03496060210168
723.2654763700083,567.5605866531421,178.87604087993796
384.0657092041562,224.60019507831956,148.15323586241485
422.3088983330887,197.84022814456904,128.5401270552866
358.9050237786281,71.55701892988753,284.3689210924724
298.6161096291653,256.88363671947116,386.29979640555496
1028.7714521084365,793.6799107046608,753.2869501937147
1963.4329445670246,1698.7257296389885,1618.7081034335354
2540.357595142512,1945.931752049998,2010.866512564285
3383.2820405041575,3817.3858019304676,2611.8258378783785
3938.0088635891357,4240.053455019378,3126.1414191003632
5500.8997848469935,6685.738013342231,3395.888701889162
6696.730294175226,7450.944869518375,4603.213313206422
6072.748979516487,6641.134337395543,4971.012442786627
5460.12886466343,5324.008784179912,3784.121111345548
2775.868715323822,2517.9779088084892,2055.3326270628504
2824.467574494819,2073.4751794310396,1847.873886730362
3303.6114477065757,2881.941024629413,2782.930173603312
3597.555062698902,2516.2373023368527,2612.8605838300546
3290.491896875487,3032.3718650669975,3039.83749485609
3320.4669935448355,2569.613257031302,2466.154518075162
2616.3787519527086,1670.131242796913,2118.027739804376
1330.0603992191072,495.79265442769054,1142.7710961005014
421.9725791821686,45.371783662630534,464.91106086163785
0.0,0.0,134.23172104701388
101.67005676544042,0.0,5.703251989995813
0.0,0.0,5.464606802456797
0.0,10.753459832487543,0.0
94.22395453714722,252.66823817285257,534.1485822587822
40.51596989173282,69.6845421628891,15.3192277267365
154.10373508185762,196.1978007827088,592.9176415074228
318.4061448999501,123.84669268964572,179.21755420516024
478.1529272864643,349.9955223573762,225.6524454267113
1437.951792547637,886.7456081534303,855.0427259931483
1845.024566111205,1964.2759444496123,2317.107455479574
3302.3367786013,3785.687738242776,2986.609524608241
3499.455575510982,4238.415670680646,2756.5826607910453
2891.0901679561334,3246.015243304945,2563.6942651835034
3432.545345518111,3588.9894940217764,2652.217806995367
2352.3029305431487,2728.8342423263325,1670.0116551239869
2497.8804905072716,2731.3866273484437,2039.87355608428
1768.2496647082944,1319.334858636667,1038.3419257181072
1355.2877698247376,711.6943466106349,682.2866718167811
1343.6652898617847,902.3968242327351,377.607234322344
1338.2988824600973,509.62896396690036,493.4040392610032
711.1014508180185,177.8215340430807,7.332080611156605
669.3006833130245,683.7037183747888,0.0
1039.4731163190272,1031.7608760287603,0.0
665.4797393948635,615.2104792957557,475.5314054486328
563.6966716429719,807.5363411609756,912.3227361519032
395.5961308730676,640.0860046224432,257.6073355459898
243.4232259435437,939.9805025337583,179.51137522491604
414.62808143782524,893.154638385407,64.35677769173783
316.48917298502,721.5852873160025,87.9378788420974
163.4650056954855,540.8924392636771,129.8034055401839
496.94571361397317,561.5430206645507,220.3099348751336
1057.3258575051987,1460.9190164348433,268.2040605510876
1576.8416188933436,2945.5785313307942,527.3879791974272
1792.9801704454144,2505.945622119824,1039.0248159786008
2799.3509586326572,3244.0647402449313,872.5189193228075
3434.1084824935797,3548.288868415314,2720.8540187025146
3536.6039892408653,3749.2570159492916,3375.713612476213
3618.2132967033035,6522.648818225344,3693.075829129387
4195.197199464793,6736.784513119986,4010.5909352923472
4347.607344966717,6189.085088222925,3945.2323506037487
4836.733739128365,6337.372452863828,5413.51691142175
4954.312271460259,6920.804004209321,4261.724055587756
4144.7480519677765,6257.628503861826,3869.771455148159
4000.8741027665023,6645.549466385939,3895.856150454216
3999.7209017127743,6127.432891686289,4102.774905499802
4859.779174063595,7207.743571634789,3948.4582057673065
8690.571894982173,11902.708117901991,8210.812117243915
8627.586016742993,10032.193951112326,9037.104969756574
12664.206171579466,11320.840104038405,13165.774888210988
14635.16461158943,14222.330530376317,10954.9134814934
14075.687243603532,15057.873248944883,8705.82575954527
15588.880902869494,17609.611986744825,12215.498927968982
16215.075824686508,18447.57002190885,14053.485385417904
13030.292975098599,15632.547761602873,13150.138382501227
13226.52412083083,15962.202234980248,14089.508237199305
11389.893218195079,14984.92960799479,13354.644069216123
10762.919352694564,15273.602985995798,13259.520287665537
10514.152936050798,15048.605967874664,10578.317534474152
9637.999712660398,13480.57929510878,9401.057318595662
9937.903407903745,13568.502508810374,10223.597315599754
9439.4668299537,13597.212281719718,9790.362383999947
9687.314985036795,13141.28789384402,9431.34632010222
15403.358428259184,15684.636161297693,12993.23519817278
15646.060239745348,16155.734686033,13141.191005562314
15802.721995748097,17235.283183818632,13229.155077972371
15858.29679512217,16767.05156304924,13871.900795121228
15673.379728431612,15570.604203992758,13358.90568116074
14148.080583468847,14360.161684215018,12856.122672176907
14471.162061015164,14791.379153741073,12157.41336757159
17054.80939035135,16377.321961631505,12616.113234816916
17113.67979102587,15667.10612503986,12530.916358307988
14713.075241178434,14406.715644181213,12428.954071504775
13868.500689127706,15015.021861517404,12190.379017057528
14257.116842945645,14506.930524331898,11733.851996716565
13665.602708667013,14665.762199270637,11611.408166256924
13299.77192981366,13403.436315340443,11466.003318506737
12803.217118429526,11953.642777500729,10571.91995384874
12265.495014691556,11170.677548304886,10546.755489489267
10975.34101940191,11011.326814072389,9995.714530675485
9454.71789769957,7911.738240014614,6067.260054440811
10249.290368287579,10087.748050003727,8196.10761787869
10474.333578736798,10765.548566368261,9234.86772221209
9332.896760510797,9157.92038142414,7400.076692300498
9453.8813805237,10799.328787623974,7823.445865405705
10281.640588654473,10327.128392339373,6899.640908736351
9639.649794821,8976.530428880495,6613.189847485884
6314.295915340229,5443.539526020179,3853.0705012502094
6423.094556117713,5542.149497988497,4254.382845348675
7743.018926298377,7014.858980269278,4224.484926457699
7217.4078318224865,6164.213490350727,4378.533060984074
7271.515627711986,5760.568576316565,3918.726488093656
3613.4081582384156,3063.5485394946604,1182.9170697483482
1894.1713440222254,1821.931430299767,775.5965768318715
1384.7077134109174,980.968066202286,127.19158574213888
614.9485819263065,321.5705468096353,83.49307900283044
209.49598382901934,199.80838758817902,67.73241631365785
64.13093249277148,121.77267748682597,70.91774293457918
0.0,0.0,132.3845088563336
136.6350780116589,336.64230521606777,297.6591717026064
60.96774464895405,285.3503198337684,51.88167441155356
160.71906233740324,328.05462461048876,89.66166555756902
165.04230065035136,248.1399769940617,81.16129472304699
128.8581614753402,277.51663915692757,194.25913108080093
314.8069849901933,263.6297189648782,118.81512603223302
241.34087203106873,341.0807565591666,70.84669658868702
190.06719694408395,331.9942637044948,182.52511648847536
399.14276833669453,531.3836307841099,187.63893964041824
594.8461722819964,549.7670254451119,309.2433233249011
1293.353423061399,781.323607176597,472.115036438596
1073.9790065147643,618.4313496362352,330.29398000935254
1070.7373273731482,612.4303483917669,472.6818300541371
930.5653734028456,577.8161225786804,395.4554028809812
977.3823780962931,637.2163528574366,245.8829760287421
1093.255355134265,579.72941880889,166.941724066608
1002.2304810478515,696.1345664721595,130.48336863410873
1114.1163388280265,1007.2006244196679,184.6445851148662
891.6760558864129,612.3751278487476,232.37809121130408
461.19226947653374,169.6364396999163,184.4804875139629
308.38228135191287,271.1674583542569,147.26821213183229
169.6783988129639,360.36621615756394,220.39912264326503
138.86054286127663,269.7376066694209,202.06350448518367
167.885004473837,506.15703509827983,288.3265281769531
393.87044621545647,543.1186830621258,732.6653227660091
622.8977549956772,526.2933978089613,1015.8119882477506
986.6013709149593,847.7092993716681,813.4164693690041
1272.5021355374997,1378.2058298414158,1173.5719918727268
1314.280143933009,1250.9188045571095,851.9603060981178
1841.759607861055,1586.9193678083518,1336.1889377777952
3093.414453225878,2911.7953256861183,2486.961895451446
3354.1091449583428,3603.189038084447,2436.160110004628
4856.366246996421,5502.632026223508,2817.427157243479
6576.765701843143,7102.944700857043,4164.846648971799
7968.712080036173,8324.932307735007,5715.21031911222
9779.182448934862,12292.610639606595,9612.686599112869
13027.518543543394,15098.888419115738,9477.840401836367
13498.518295832368,15919.061414206239,10625.696093608272
12642.89622554061,14962.546837522257,9446.202941473064
11898.275949222889,12832.647720100176,8234.100725083801
11631.07396543267,12838.893945916772,8649.323956578557
10586.387032010676,12706.65272501954,6914.888148046579
9376.156855496389,12010.80865863691,5988.370376610479
11254.168294718871,13307.090303415967,8165.629672480965
9430.90922619452,11321.58538355569,7747.209707020025
5390.451395828909,5139.632185876255,5613.721615929769
4064.8873585886467,3117.1529721030042,4212.439444401804
4465.682786528724,3354.1795398912923,4569.850110212416
3386.763804565133,2678.2445908517807,2842.1294445172102
3269.49243617472,2400.4871728400417,2144.376495074035
4189.812235232073,2910.9975093378434,2063.71843446297
3102.3186831555718,2366.9184897736322,2071.586687506553
3014.549210274332,2583.073246891551,2071.36522415957
3299.399851930369,2315.561527556716,1656.4410348327451
2665.6847242437975,2225.3022903045376,1045.9080652613818
1363.1548696424657,1673.3699934410959,1341.3778733592803
1694.4684165434146,2103.200330233327,1156.859141833178
2083.934705538609,2253.0779279437793,1092.7740004522027
1818.6426755949387,1933.391550592421,901.8389196180294
1647.599414489417,1701.3099053706305,427.3743835251398
991.4742254044713,701.0199350283482,201.94562191761293
1006.966623281402,765.7794935460336,286.95441404048654
1060.6020289903827,658.5730571630174,357.6697650352802
1021.8998628773131,638.858960698899,191.1769505136949
1083.737332748852,607.2708095185478,414.8720638471576
1077.3463869121479,316.87781040506997,545.233621050416
1396.2088745598528,744.9176235968295,372.28318267040015
1658.8600167539555,1054.6987587806398,368.1124915250757
1692.7354792281033,1215.6095706800893,161.1363090814878
1188.4573528321403,1110.3017566941467,276.16146475348563
1820.2861467779512,2081.2875857224826,611.2936064451779
2340.9698767503696,2623.5638246041244,1114.5299012584646
2540.6326232026163,3255.2229904128544,1707.11605168172
5133.181244406376,5504.351946562059,2596.16382739117
4230.425365076373,5073.241761556648,2147.5705880488586
4837.922102100493,5531.815948445601,2490.0830350189613
4646.419595708727,5581.674337246183,2984.9116532746707
6121.5549844618145,7824.8364098771835,3990.688470167486
7037.619153291267,8686.662776811978,4434.431866950871
7201.637453004295,9006.038080623286,4541.39168300538
7427.253206190736,8851.621431461504,5804.800717914815
7288.899987610091,8377.393009645144,5052.600587779702
7435.677937761859,8786.43485071978,4632.411578379421
7490.179088340661,8802.535241079333,4444.651998415959
5464.844462097,6176.922264822126,3195.763196701373
4910.4775616972065,5387.274687210429,2831.5787725904647
4873.140006176298,5017.484483767367,2564.119537298644
5442.742254120399,4989.8167772947345,2390.1646003697683
6322.200229140122,5157.239299671917,2630.302304639448
6017.404806556314,6081.648212604911,3592.40456124846
7320.4640023678885,7878.07569819034,4721.130978143635
6876.064908670535,8078.795625323542,4748.35673428274
7302.32322432183,8469.488870520783,5047.6893064076885
7752.926034514693,8560.542420573543,5133.309537447311
7481.264985595244,8800.869290515218,4865.332648553414
7445.51786331621,9505.244370270819,6769.663146639688
6837.956374603602,8727.932259734269,6584.059879995465
6934.927653169011,8711.507485285008,5958.569117743491
7035.65724431033,7959.868977413272,5908.583172505255
8009.889752770679,8726.253774398903,7540.95386868127
8220.353550133907,9260.190557192776,6709.44005364228
8360.323822051461,9218.722689075128,7403.737043029076
7712.261174220011,8831.037173800118,5400.480288690619
9349.755110873471,11235.581146234927,8846.162488008591
7578.455948114403,8819.056772774356,5832.810880112558
6884.602076039843,7311.4718123632065,5455.656795286874
6639.304824119994,7238.2582763481305,4605.105079491422
6818.048316469485,7646.0345738692395,5290.858985910792
6823.91327068151,7831.452384492543,3853.9456918668834
6490.069353319267,7331.071304466896,3822.2376773986566
6590.626588407821,7110.058420804709,3881.4619994683976
6774.08380792708,7675.894167442215,3911.100933308932
6692.333538028343,7474.456150404721,3325.232864435928
6357.212352839784,7400.373093859636,3787.9740968377378
6380.550351728148,7142.658723763731,3697.8034746716194
6119.017274090139,6441.287926048632,3676.0370788132336
5788.0422435289265,6421.190498815362,3591.370247071111
4147.672341150344,5151.7767449974235,2524.4895636774863
4310.6897106513225,5082.885277379579,2812.625861104826
2620.6514421116344,3003.8490858108025,2762.9817799738785
2591.213148957035,2702.0622662696696,2521.269763146216
2522.9197871480787,2678.340360221218,2089.751079030371
2470.2020577187263,2756.4483351825816,2048.515932038644
2216.05985342071,2639.1222758711974,1745.7146241618238
2633.410281345522,2744.0950905000295,1957.260862947224
2648.1690363338457,2696.91362351397,1648.6868918409805
2554.740374033596,2632.433560947514,758.613811638131
2921.5818463121536,2928.843411319877,974.9766525773946
3075.599536484556,3338.8686229255873,1174.2027076348295
3859.504554065408,3864.5054947219114,1174.636661402688
4428.320612149957,4142.638574042553,1529.3635082556382
4833.061068556832,5085.922070341064,1853.956337939864
5583.089946859087,5797.880588435258,2727.8750154913264
5176.785658943302,5649.090332203009,2437.285224716796
5077.65627286194,5796.229838292521,2794.82743840933
5828.864058021585,6841.697453656625,2872.2184468508417
6902.235253296228,7808.780015701243,3269.1014764334745
6738.678543680641,8108.154629944349,4244.888317825948
6683.694221386492,8485.540290448958,4127.559462510798
6755.209068023053,7886.71220854324,3846.377728175215
5644.279418407656,7269.473151507017,3910.1969998675727
4938.3800468696245,7327.297359108149,2942.198147995146
4943.084148698752,7426.513495599005,2919.9325635139617
5082.242498505597,7114.12866379705,3741.81951703542
4845.206810923888,7237.148364841603,3536.292823126053
4549.687891391841,7219.981191986729,3491.2646495808804
3516.26531566727,4566.271418472784,4283.2645746327
3440.621025480566,4683.949632807558,2692.612243227731
3389.718976718046,3939.1306110075184,2433.1033945666222
3114.385676739691,3885.4599490631463,2771.759614402282
3643.4386556079585,4844.026744218704,3402.194336072865
3539.931736969124,4425.112504398883,2817.9759186376305
3546.398454058592,3205.8335563910455,3304.642069760219
3391.2066562489836,3586.084867942171,3472.3710570311573
3633.3497650059717,3587.258736480385,3284.914424166144
2860.5408849400083,1929.6024813061335,1556.8816305337623
3139.330757992159,3744.5418421788345,1914.023568194008
2084.9959427550934,2326.254195964164,1274.5508762954917
1402.631762025776,1609.410063435842,1024.3303093407694
1258.8878470520347,1156.7957261515132,895.5726896625633
1268.5124092232857,1173.127820752199,555.3550758325829
1185.4657045604804,1311.4049894744026,554.7920787549217
1371.5270740195897,924.7938503565923,255.67974691185512
1232.842822536878,1235.3313566821573,733.7132629025795
1414.5709522881314,1103.7476459216973,553.6246660920442
3320.0566294771347,2627.315045547809,1180.136700797583
3589.269340088428,3077.790036179372,2125.5966721055684
3213.573283587454,3567.211542200035,1880.9396403019955
4688.592838731681,3305.8950247187254,3066.064403958337
5277.880359671835,4108.969867659195,3366.947061949641
5102.555293001239,3981.7134468915788,3698.552401356898
5118.482692286319,4262.979974841786,2761.9597098356994
5064.438954534671,5193.755028897229,2862.146640750012
4904.6087571663575,5268.23080102257,3512.0866583761303
5836.268381107992,5560.1615784419855,4312.331103357124
6566.816695342549,6211.563950017454,7215.973564257746
6556.091201397316,7063.995399171015,7103.13836185615
8656.192667068814,10016.874449864597,7904.086207311805
10275.555664138665,11592.987318331803,8065.291943522295
10757.23781318746,12284.132787609577,8353.983786410698
12494.68722560054,13208.88950454438,11605.48270930853
13140.842962609497,13241.009835299075,11364.038815060148
13923.46173599875,15398.223427262683,11898.559985387394
14073.682223333146,15973.779907370501,12000.581205436672
13404.976037593487,15789.982329843911,12197.8072081257
13974.94844421065,14752.931194233972,11338.689361516628
12320.66690518179,12597.138799858498,10776.220029693774
11192.542941307342,11263.08697918286,9378.13167022641
8623.170666923774,9489.13658454074,8301.750604675975
7447.278652689266,8368.502806458384,7757.930520627488
5715.239141054255,6263.9928624402055,4988.540020647981
4867.208803831593,5182.2268785425,5413.470967519837
4920.660509524432,4501.069645685644,5534.728136505292
5061.330639978888,5319.380073432018,4870.610462888598
6306.597299986341,6269.302398741709,5071.878168814214
8328.758123556638,8020.325182405793,7444.4519740072865
9783.95576385327,9988.377492298752,9328.326764993535
12353.592462160368,13757.46717395241,11195.168764566766
11977.428991445146,12547.271983618239,10002.26369026898
14131.312938711004,14844.98561187679,14105.37793543556
15043.84760183934,16899.271904051788,13470.803054097856
17293.929350479215,16875.91710307564,13777.531086499746
17917.76265279446,17362.976359086148,13449.844430314895
16758.489870110843,14789.96361060182,11862.04425547888
18057.348000846567,15027.213294468122,12734.140477698202
15158.705880461926,13474.052777908671,10099.294316854608
14456.56883265226,12505.614132022709,9423.076061186288
13205.936646584643,12088.192425489988,9183.509818167444
11575.803359376776,9260.355119532045,6753.452219549824
10557.614806913174,7812.938045418431,5478.297265863781
6340.392901295027,5298.747421575703,3099.607956136302
4856.204861097211,3032.700071770402,1289.6876310037876
2074.0339691976706,876.9168207757189,425.9256008209581
117.51943472252375,0.0,0.0
20.35639796157208,0.0,0.0
102.12986077511975,32.80828894624472,0.0
81.34777725819396,32.911623303301965,80.56872225312259
81.39521077738569,0.0,86.99044305476644
52.47435857906875,6.723460977325487,30.43212695961344
260.9022537599063,0.0,0.7848584141789091
0.0,0.0,123.8012243366835
313.4142281506512,24.6057737493323,285.43077325136767
1291.4541251369897,1331.8859540744584,1553.363060763137
2759.2384509896624,2821.3085794831845,2885.1722966527373
4114.059371213563,4393.86114307611,3631.300694135454
3798.7197485600977,4886.021299893008,3972.13029150798
7657.873626771828,6780.503284863223,4911.808651353908
8816.199607738803,7331.561069714934,5850.999952607126
12774.35917762809,12818.16128174589,9046.595101080227
13069.698952346087,12425.720589729634,9889.379974886037
12237.417122658739,10963.534948926897,7144.812180121278
13591.444959510782,12266.118204538823,9491.282936140571
12284.942484748377,10668.944824493778,8159.718668542168
9598.395245941769,8488.093764775873,5789.187802919233
5897.7519249375,5620.239189103867,2649.387532297073
4564.0746180870265,3874.4502008551967,2306.3200879430824
1877.6058076825186,1474.933535262207,583.7323604463892
348.98734373572927,103.06989562098747,157.82317076301578
0.0,196.32620099802335,0.0
0.0,118.07328300023258,0.0
0.0,130.0578422956794,48.41490986059878
0.0,56.96292371304687,0.0
434.8568949398781,452.3924117450352,200.21039825634847
404.42794084326226,247.38912155892817,266.84854358860264
324.2773529016668,155.53191880564015,298.25009153155185
507.29381375774176,355.0911092366757,452.2957488880502
1301.7636221076527,808.8490218059525,766.818685498026
3303.6532760683826,2905.6782315289684,1990.0703721499635
3959.1182929063048,3080.3252631917644,2055.244659143248
4425.739013867277,4045.9056013066074,2361.707874565671
4358.258449420983,3816.492161291661,2490.733574934928
3445.211309749179,3967.559497392155,3356.868024380032
4131.628100904564,3943.9009686576464,3252.408419799757
3775.2826399429473,3742.9224014337765,3010.019037862231
3220.7764120036654,3055.327342589442,2575.3778437331453
2377.0482223090526,1998.220791755969,1402.7710507477443
1269.592590381732,1348.066399267247,833.9509062933032
1169.1882051813689,751.666810696418,316.2892448447673
936.2868052918071,698.0324646735166,242.7586699124315
662.2521671171806,652.0942051335771,108.53112401399682
321.0355852886937,588.8062969532053,281.99761753137113
165.50652787016202,148.13591906483353,162.69294260293924
97.75364331098426,70.00731956843074,178.8693512859864
75.95461226593989,129.81372693397776,511.2836919068111
0.0,97.1242682606542,356.41027414422945
0.0,77.41200774904908,204.48365780460915
0.0,0.0,138.97667409143142
0.0,0.0,225.34836257630275
0.0,221.94977415511127,286.2106542470368
143.20616240222165,310.1087435050565,149.47266771910287
13.602482953646824,41.48037358909714,106.78267196884018
23.697656119174546,0.0,288.9658139319358
325.4865652359947,357.17949058603546,299.10130523521576
749.4088299778874,416.98691602948804,421.2035098650505
780.184383080262,399.3533486923088,368.9812777977152
1111.7243095260392,623.6986221109656,165.78675167749023
1596.1421434307663,1302.7091064388153,418.6009675189216
1121.6871014646806,888.2266593100519,457.92857760868105
1331.6571392656033,1271.5814459884962,510.99698464066535
1801.3870099557164,1574.5223080656976,743.7987729467894
2210.5859714187086,2230.016597448889,1018.8936356614632
2562.79001361107,2782.6092675890563,1196.3822077970285
4640.021080543372,5159.917248459644,1991.3908712783875
4324.55930852743,5641.673608643112,3376.7869594219524
4008.7700632164633,5396.47117808439,2990.661184450676
2863.078345497641,4524.464777292429,2518.3969416783034
2497.2756532674616,4266.084404842641,2972.921322640748
1607.6451848119768,2988.2822742296776,1695.2662955612527
1040.1020277011555,2241.8225305550263,1640.2946901771631
1330.3165959145358,1863.800713199243,1345.346413213061
2283.366799544963,2815.453531756582,1323.7459117951034
3451.636170596778,4443.929511679169,2183.02401312501
4719.292316834747,6499.213907009161,2584.996295361957
4722.269547771396,6410.9374928100515,1834.6508304935644
5040.683614130797,6908.094827625995,1895.3473564470653
4973.56618707432,7188.3534499199395,1855.6446251989385
3513.8614891496427,4367.248588725721,1312.579552039413
2582.1485305870638,3956.9983972450295,1208.3619785281912
2053.2919532353376,3061.617237175298,1253.7562153381798
1196.070199949825,1715.4607928475536,529.842023647159
1954.749663636641,1238.9783237295728,697.1707254326146
1922.3529756281475,1532.52658704946,740.1207605850202
2289.035942170482,1788.1480252711503,852.7215407156051
2665.183742935519,1865.0190404236018,1329.3842686579244
4616.810488674317,4306.90265665721,2769.565289917489
6173.465334931106,5871.365815034528,3788.2486749167074
6409.378001660871,5649.9609132173455,3612.992039906896
5551.02922246956,3858.192615736916,3018.577738043773
4105.4457351091005,2626.18804085902,1641.5136961120445
3356.3209112234376,2309.865448937712,2066.2585321530632
3400.5755799944823,2462.5422399779477,2671.3459168374866
3981.861436446967,2964.360551331239,3025.324711679916
3021.9570087849947,1859.1758740584173,2069.724648403213
1974.631436678622,1325.3756786860379,1135.136389742244
941.2638262363096,534.8321730208784,1434.0010234974077
1235.001337666159,675.2431175877172,565.1324073161902
572.3615904312433,403.16472859727077,778.4267328961097
207.13120886877547,237.97627719650902,509.7267670053094
907.442517782015,654.5878469413436,791.9881473124389
1065.8681851726947,1086.4260019151907,806.3461193947632
1594.844311618988,1870.910453313165,982.741764039255
1926.6263514580683,2559.180595845174,912.1978443886484
3061.445846700516,3767.760196467278,1968.3235376339696
3999.480497010542,5776.997121756902,1744.018481874395
4807.802871306424,7032.721900607096,2057.0469418800367
4783.362681914817,7011.615666114078,1424.0407720546802
4851.600051858236,6904.654488031477,1571.132041789582
5673.226326571598,7681.243359135812,2153.7876765177816
6264.804996241712,7714.739513259757,2465.188367393535
6221.874150536143,7201.808132113814,2043.9925967760664
6369.644598096898,7128.341108454175,3262.3585440952443
5301.042093475303,6299.594394037258,3460.626527313272
3894.1264541167934,4868.95791984781,2817.0074340463093
3373.123406857576,4048.3003914660217,2680.01350485979
2710.258256945504,3843.4595964812,2860.3849350384694
2354.949940462845,2469.023166776551,2637.870368331008
2182.431844609982,2362.489441102516,2279.451837226116
1717.6746830381608,1791.7690364908383,2160.183892060519
1863.467081553879,1736.3929398844014,2024.2979224684764
1563.3089263019087,2026.8898584919837,1414.9624364381204
1256.914299695421,1688.8133378201123,1198.269768352475
1145.7223153783227,1476.549173958168,375.3950273785369
753.1420909368496,991.5859158425413,235.38433743478947
859.344717993753,1056.7348851494096,198.5959390553452
943.0491879261945,660.9964049842988,469.9925422591151
543.8997635871314,388.5752070085844,264.5493558379921
196.49100164405922,83.2438920125299,337.50335391249774
541.0714102821911,187.26124783373618,397.23487360791233
752.2542260569003,53.34315167535934,0.0
1102.1119155616013,679.2660345225923,257.5496283531847
1908.4420154919449,1042.9796412748615,393.9147140411303
1829.1209600394784,981.4939274521658,133.51869373175504
1956.000718298283,1167.215398349355,679.7385578382622
1964.9240837503485,1078.9429272672307,226.5843841061168
1394.939661027168,920.4808447423891,2.887804165094724
1045.8172085312153,776.277394736985,0.0
613.8825725102714,350.6708249085952,0.0
211.93176192034156,114.25619904618097,105.70146219336984
154.48735592210596,140.4987620365696,84.75668862869581
200.6437105849865,230.19569333566764,149.0521528878313
314.8680804826896,232.35705821526153,146.78091187906958
219.40816677960754,449.1799346470427,159.4130675903324
284.86539906870337,304.63696643333157,312.04546785485087
302.40448877054973,418.9448394441491,170.11287096977097
260.2309983434881,510.5827502482013,307.751252873208
401.0152315561546,660.9364823211531,441.644082914595
919.8015400527217,929.1424738889541,600.4363398206118
2482.644097588607,1883.0753788967047,2887.474241580062
2621.0648502247413,2265.42298967742,2991.5201337801864
2507.3501363746914,3007.2377186838517,2652.521662073203
4283.981328537299,4399.523371370278,3217.578123193128
4174.539384657026,4285.9912424617605,2621.702236109798
4702.428721381333,5114.42781973909,3187.442415223959
5858.591520811002,5467.357328919764,4138.602886469216
7160.404042482362,5253.155028731898,4181.167896416017
6259.944208979689,5173.2219214329,4461.16620468375
7114.707190428742,4970.570172487521,3811.1743914793833
4766.0375073800005,3278.510260694563,2242.963223368756
3883.1013391214583,2420.178721109575,1089.3175507821868
1714.088314738667,622.6451793122345,553.3718406370506
675.867948698768,330.3763935692354,52.52268444321557
127.2052851981239,207.92450717642782,118.296679380939
295.4167249510831,460.1607776787188,88.26278581374844
689.0650049530877,663.0355513010429,123.89604922371852
541.3250948649492,634.4343034551304,330.4036165920629
470.37305164565373,497.1524765742184,276.8236233344903
407.4371319630999,323.8137670979952,342.4122531156071
134.60936967583766,37.58896471263568,244.91832133577788
127.67908901576342,0.0,62.8952801407511
0.0,0.0,0.0
248.63924745303547,0.0,114.08637264784684
397.1541671255443,867.3791761598399,843.8764148763083
493.60307379935966,522.4244029692411,681.5172972158302
850.5449983923176,430.46248813998244,695.67632427457
847.3228637929012,679.043657602761,489.1952788508744
1171.7326237405266,886.7775733046564,498.9642452874238
1345.6584247370565,432.6523984246753,406.02227924056433
1366.7747245953533,718.4069202989843,356.88401980908145
1197.136382317357,617.601276962016,736.4623913125713
1225.4280231310402,783.137438310127,636.3191422494451
1564.3975776264735,782.337034342791,683.1797102448954
1497.6371609342918,878.7814693109651,709.2788811844364
1617.5039966976135,913.2529802294389,759.3608196310985
920.102066795988,867.8382655509577,589.5511081942453
764.311268722289,1023.396775025292,535.7464322657421
136.91248151872168,1203.4576502646441,801.2577104616395
366.7895870444612,1748.4111824928705,687.5214439171051
325.1136236238041,868.211961953647,158.88905341421508
267.87138950281985,277.1924492728278,49.743514627253774
383.3625982791451,351.66228798705737,123.7980865170098
882.669278860016,1052.2447665736897,981.876582123992
2082.6359282196963,2314.2069284776417,3106.271907901338
2744.1040148085076,2716.9831066636557,2562.271761733237
3827.40604796331,3830.966005799617,2491.507321376528
5433.280785087596,6032.29345907016,5293.518053837785
6588.026503696592,6738.3747901304105,5733.88358301192
8603.073146889797,8230.27252170197,7698.140014169795
10501.465087582945,10985.019255730313,9261.686831363058
10955.972412444336,12011.923890277305,9016.363303784
10570.84561032956,12151.616354481848,7850.108758642409
9624.101722907224,12206.502774882403,7455.286627896877
7251.612912796641,10020.97813337112,5736.760039621813
6373.747338218306,9697.371848785879,5128.638012958518
5985.436344826937,8484.691515595574,4019.291778202242
6910.017154639128,9322.718535551696,5539.5073460293615
7615.755121894621,9040.831050328694,5893.524085539653
9130.79528543823,11695.753461219567,7619.871961428176
10789.95302864626,12060.554444394273,9019.770966365964
13178.356719960673,13946.937364407167,9373.989582634613
13640.89624332263,12050.432051512531,11945.807219730952
11296.426712686498,11912.72365613088,10129.559767647828
12005.536329762825,14919.874549831546,11326.100537093504
13309.373489618769,15399.257832956888,13179.164309600374
14823.79006926741,16108.720749543638,13380.595252952964
15763.148913702404,15891.175026399585,11619.315982884307
15204.200421628939,17725.330216406128,11797.859653791307
15360.713451815534,17279.396818823006,11837.40375154771
18198.99927033899,17479.816147734975,14177.061058240122
18244.406094608752,17611.22246112141,16799.026096452057
17383.23140651985,17861.680281123914,16452.60557449031
14941.476710521076,16896.49906991362,14122.709890070442
14381.40047523922,17043.0646151172,14197.654645140605
14525.288308385589,16946.338338503632,13996.391704362868
14139.293691039797,17228.257968372098,13888.61843768057
15871.953347802639,17449.525115663724,13838.897814643691
15644.16888483958,17412.865866039116,12716.309628345844
13833.509110686917,15956.866147460101,11182.493517068277
11068.275496139911,14648.54890100828,9822.585687461118
11278.66687173372,13924.28293887749,9890.245215227264
10970.798803025285,14790.88797516957,9880.353070107183
12523.742299807129,15819.187992734307,10467.920336135076
12510.649633215464,15119.550341347312,12969.971267604797
15972.91680237044,16901.876395402345,14498.464736407215
15796.736028563466,16398.110544291703,14761.483521789209
15150.773852915483,15912.187533176399,15225.5288053146
12989.943044751542,14507.364097447833,14256.310355174615
13808.83959467176,15081.861362010673,14926.887376658902
15425.811762492578,16138.16233344246,14877.096284305726
15524.113189195723,15810.81199598515,14384.382191517554
12212.228700032974,13016.952831816434,11783.142509666428
12775.882517400141,13116.884022622988,11239.723814972833
10374.390180310966,12353.172732482924,10176.95379603475
10304.243332051374,12009.84585343687,9655.805705930185
11284.734888117106,11783.26270617745,11472.83343463714
9408.106480423323,8851.907624535077,5609.889740785568
9406.317924917674,8760.84364402437,6903.799802697043
9111.026367379334,7635.9098427179,7223.752039320431
9575.946036551713,7588.495800179586,7079.094181307227
8190.648069515424,8173.26689394178,7183.399085341611
9411.0102043817,9611.899264155047,7391.734559873348
8724.019834879804,9094.05158044958,6851.513178131839
7070.187433003646,7218.203462686868,5265.142513682288
5510.259376801206,4456.002822560013,3591.748189024274
2877.6987979398054,2293.539025042001,2169.436947738039
2138.0491541386245,1400.1144581217086,1818.654045663288
2177.486076858006,2310.7992875662044,971.0421508273052
2694.6585395285642,3144.8709672149307,2205.955248138293
3618.3463015609245,4320.813090007811,2800.9380200352275
5833.514401342279,7068.330105698296,5235.403123887946
6019.451975926306,7813.276147825168,5913.359453029596
6282.712112142184,7797.572220705266,5442.579884879948
6103.983618216453,8155.239279643039,8944.999538709932
7101.526717385152,8687.26302731283,8363.070831385756
7635.28406758947,8286.831662073257,10691.550349288644
9055.370577063133,9449.533636938117,11457.380645877747
10705.203812945003,11404.118848261109,11803.077283643172
11779.530549588071,12838.338217886821,10536.264162386477
11733.069160872767,13209.888139771596,10520.906158886482
15611.351033058461,15615.564842836533,10545.827673479358
15396.528085971067,15705.151295571923,9653.757795053923
14621.38424350399,15561.539663825828,9104.878078581902
11712.484859117747,13737.816436821337,8138.616490127538
10322.72959005866,12227.430430043967,8148.231333809469
9372.335558179908,11846.096801779768,8060.910476492526
8089.1592655818795,9021.38677986458,7146.466009975456
6257.155409080467,7984.843571561667,4888.476522023419
6032.577106535371,8092.012546979585,4298.343068228207
6298.625993509701,7372.750108737121,4865.387404495644
6796.940901070569,7471.086023919192,5680.09743397396
5613.197853308544,6048.124839661471,5688.638713142544
4733.472958871619,4514.076929954067,5078.454066529925
2584.942304154361,3324.851487703792,4823.198912583064
2503.021821988771,3081.2890335379343,4749.366836938156
2270.838215340646,2412.432115038475,4026.9072729327263
1665.1685805116792,2470.579650653709,3834.577002894247
1275.7312731735792,1088.0324628673484,2774.7906606423053
645.1992956446859,850.7853309483477,1182.838836007248
893.2269111278769,1025.3956960863677,1196.336602925846
798.9288757758673,1112.0900272044876,877.8983035053556
967.41231843939,1654.8656554998588,1001.93699314322
510.80862762461857,1305.1939747230583,920.5990953705336
473.6893136037678,255.81745716292372,978.2646004128392
544.0014799420254,523.7857265251217,458.0741193570846
1086.841421226229,1000.1263620770256,590.9281334960476
1510.5601023102017,1403.672203683511,1316.1331204122505
1563.8489487893748,1286.6857587405204,842.2282493753157
4426.796604566609,3350.9213426984434,1790.36743946699
4532.196247177017,3701.7806236757747,2247.790345991668
7553.886875487334,6170.442307228518,3875.820416508765
8600.719281089736,8381.653131432553,5647.509566817737
12685.40208081018,11750.848880212532,6959.494202603146
13289.164713312115,14368.589257461874,8785.793299228237
12573.900946922575,13867.492374552614,7441.577818054732
11342.467936130775,12188.489053615463,8193.793220412845
10055.003713916292,9802.346932751207,7269.96587611421
8827.711934571349,6858.952348520347,7699.268625079396
7558.94699621514,5904.569650007481,6291.693539983439
7011.551522284145,5635.042143052017,5647.941757988609
6267.8381293867815,6726.056964934042,5687.820296165526
8332.847357071929,6812.248203332573,6711.150114253191
7498.265904030056,6357.235271189264,6366.62660236013
9878.270633797289,8402.890046880239,6775.733124778394
11556.977030537022,10678.966146813435,10418.671505553168
12333.999224940266,12788.296732694651,11551.2798310834
14910.510434527214,14537.937010607035,14533.898323509886
16009.68968991877,16791.062943182566,15871.603874872364
17634.419781900448,18239.546084836402,15801.571330099763
19214.08324375816,18746.80281284541,16599.167712060356
19499.17748175176,18716.239423913208,16500.15395317039
19940.34047561451,18961.28703922605,16010.673823143186
20107.759836467972,19737.57625488989,17039.317418000595
20563.778281677078,19695.893990830016,16875.328118294834
20794.239349604974,19746.240302945294,16484.47011330575
20984.601990510004,20046.625424110392,16513.875131592704
21321.29848088644,19744.844169704164,16105.290556429984
18335.177748904316,18572.671504949387,12733.600800601134
17094.429917937035,17476.208905993695,10954.38676077935
15659.65534836914,16559.68493319252,10902.200366016035
12656.045988468713,14032.450203272716,9068.08960537726
6393.135031307863,6928.486376406832,6074.330192081618
4920.06453677916,6235.446369112119,5757.991944357073
5183.367845118753,5652.913902114029,7727.985715702076
7268.382236101595,6700.684420344433,8297.316086467656
8338.934340657066,9472.579592681408,9501.929895057232
10028.135745192185,12994.129206153113,10171.586015322211
11332.42618276735,13093.38591033155,11333.863324228058
12387.778246517764,13934.149111758408,12824.920497201
11302.666354672014,12236.941754464166,11551.39596835192
11941.643839216618,12536.413404197858,11283.456746108604
12082.682460733815,12338.604398744712,11435.01091352626
12410.627790647899,13311.035354713033,11763.930572750933
14757.37160041542,15061.086555088814,12513.480390260567
13384.93566058448,14429.140950932433,12064.849105993966
13046.694136583825,14097.328271022923,11782.399694866885
16448.334043357652,16641.822771950352,13726.927721888133
16440.55545609082,16462.728087666987,12774.341703082637
16759.963186016976,17267.66658520225,14609.74786543824
18304.08858871984,18707.160284560287,16296.733802188262
19061.32742063335,18816.944353617044,15218.682770264057
19035.219427285672,18518.169584030056,15379.422374972197
18621.817583379518,18373.66944832845,15050.91501014716
18099.401776730374,18335.889894713073,14018.744445134676
16411.412123253558,18378.817047891294,14275.29282139205
15598.333765271178,18575.603288038896,15332.489817871028
15824.039435293165,18124.250915672324,16414.565141633528
16648.99228427239,17989.857081415168,16457.720344335143
16787.643107171672,17809.282772977473,17019.432949726764
16613.673465762913,17509.32453924511,16648.20019934347
17348.90646173368,17093.68732166376,16197.859784320672
16303.966473619477,17319.197109596662,15892.016575354215
16386.117697155416,17376.04090483123,15537.413830943407
16277.73491081199,17095.56520616879,15173.068466806197
17611.652537091868,17961.878597395786,17063.35272239725
17372.825533734664,18816.835238777792,15600.652530224615
18040.197123367398,18773.47881216038,15872.819891528658
17895.55516785657,17818.165888645737,14877.077974572036
17739.966922153162,18096.533492538194,14895.678510543654
15383.475114094128,16645.03831459547,12400.816450654347
16122.659666325364,17416.86966490664,12333.81242057076
14281.481111143983,14950.530330280708,13901.304307842716
13995.638257502755,14507.070485114125,13341.249608007576
12472.076807753647,12694.546014415775,11101.905846356924
12103.97901973039,11607.431845340068,9536.6493709135
9551.914881126542,11879.244873987,6744.122225182496
11954.403099988964,13555.524395592587,7891.004694507344
14482.302555345512,15203.773856963067,8237.461114612284
12914.109698952003,13783.430808155681,8092.055025581005
10362.865460733732,11838.848503626914,7782.143130922065
8715.448079638805,8665.446769362503,6590.974742485809
8506.29122123928,7439.518431045995,6375.812261328817
8197.592616757522,6946.1974974989425,6247.386000435466
8212.07525564913,6637.072316093297,6328.10447514064
8272.096813667657,6552.341757070834,5621.800723795088
9366.280482791419,6594.959241998115,6280.868265324268
9101.791918189367,7188.764277534431,7219.8653221619315
7119.647708133814,4870.573366761512,3513.3475266683595
5170.766082696674,3844.476948585205,3033.7522553863314
4760.673825001248,5169.984967045752,3660.286446555923
5489.392532985546,5696.593183235206,4001.665281372263
6776.438100955923,7510.987157558017,4106.089931845434
5771.652828069317,5916.720024467039,3985.182820028736
5090.126782293115,5877.068775512257,3458.6401726330346
3330.152476342454,3074.46693497389,1564.2832759979428
3115.2587612030306,3186.1061185340413,1443.4737615025422
2801.9529357626584,2476.778928903904,1316.8586703794483
2479.871320138659,2197.8323915847377,1318.313677237835
2328.8876159803267,1893.8693568132448,1259.268424176246
2148.1539669181584,1972.2736475672461,842.4629427660376
1172.9101122569564,402.85808853272385,5.396429258082889
1583.0910962057476,734.7263802358772,145.77240642696864
1251.9293611522485,1110.427470819298,459.0534285707612
514.7835347729348,330.83208241553535,344.9248122219379
486.17219741429676,418.44542999887364,330.68813331433785
551.8877254428421,398.033658581664,264.00235788397566
571.4732082535446,305.6519104172549,325.5719958459441
1151.5490698932406,689.0586868907735,362.41612241354255
2300.806237360648,2067.6247869705803,633.9218116429914
3796.476791057051,3635.2521812663117,2119.65489553204
5901.033046749171,4117.364966973419,2595.541421244036
6814.572301265389,4925.102281819692,3274.350293200856
5570.193205902835,4708.282193568047,4036.047022822117
6023.260543327355,5229.891403406937,5596.532732256876
8509.186277311079,8365.139903887752,7249.966396922383
11097.448402713018,11442.13425541438,10068.944665344
12270.057398026138,13909.703030716966,10311.945012150063
14675.545875393442,15857.729861370903,12173.501421977868
14623.912918316759,15362.68653845765,10799.73341028652
15263.489552918205,16387.34748593788,11001.943271177242
16209.782806007464,16082.041477111112,11189.475581325589
15968.183462167088,14707.09701963364,10978.01838252086
15678.90949775859,13523.413221154184,10654.243983209188
15712.022255804332,13702.991597613767,9658.073084576505
13779.391269657877,13266.166138682996,9242.520264000204
10958.693767536566,10699.760046543257,6570.085187423751
8330.386893423907,8475.239043576177,6862.760609618621
3763.4143478696387,3610.646251468399,3193.391808962065
4183.7300620611695,3543.7452887254262,3669.5613445212434
4211.49271019565,3766.349478254188,4723.387327627769
5178.44457599796,4336.983256173924,4578.852636708817
5142.581429495018,4197.036821812935,3464.460878457377
4572.319242907573,3917.137735932786,4048.641357312094
5548.5677788116245,4396.262264973738,4628.260203350083
5966.781155391131,4587.143176737073,5705.623631133007
4908.69462572526,3892.2112258414663,5274.41895847036
6709.781669057842,7395.427954765652,8101.135348030725
9975.848268825614,9307.280216916892,9910.902201020232
13264.976641081304,13479.40570892947,11464.734638715949
16245.254888940415,17303.907108141233,11950.508634225484
17729.50401217951,16772.52355145059,13700.600259402225
17850.666802930915,16680.729958573647,13670.195623910236
18955.86492060785,18180.441426291716,14428.181436052846
18582.735565802755,17611.92259530894,14417.546035100684
18572.774105979715,17635.351107972165,13857.085234947936
18170.17727076209,17405.217513217325,12971.71386189513
17103.36644296249,16483.440475096915,11874.19508944885
16605.08261353077,15107.630695737498,11899.217468541305
14592.25835183445,15905.75197386273,10261.034856764973
12469.90928828832,13882.642489764567,8311.702644866073
9786.092706831942,10868.463066504193,7177.009402231585
5119.640894920504,4371.381900262901,4360.861938019621
2555.2083122133754,2484.5244914713094,1220.731080042338
1882.591541284572,2258.5751000115365,1365.350423598962
2076.1915383420383,1886.8131145722698,1709.9057872928563
1753.1817654680929,1673.212340129464,1144.7586505633722
1752.1420370793332,1527.9844254326513,1951.9955580486849
2283.598887620082,2473.6942220786937,1932.9760076405853
2444.4247410993676,2767.01216586668,1874.3899063393208
5509.100408298257,6047.835818383088,5691.452214467737
8578.432334173867,6522.04902554252,5304.247504066426
9290.789682800467,9102.557755460663,6771.765264449241
10867.649149716828,9051.01849448544,7077.772228186386
12446.582318254892,11800.219932925102,6208.157264560381
12104.537867884335,10684.41772677899,6297.297517365748
10913.208312066829,9057.949573667716,7611.745199065125
8501.650759430915,7960.670710603833,7469.805165006174
7047.440845927521,6911.709670773892,4737.026446918146
7519.139759326121,6324.111248128924,5657.6372747222695
10781.423689962858,9320.943259214993,6164.980330846499
13170.535512780762,12654.752959473846,9838.786378870856
14869.924106338598,15639.499637462955,11354.65038216125
15199.471401681036,15928.165475837364,11016.683603272591
15510.108717255604,15141.220889599532,11202.638629879291
15734.433032328821,15625.764563975654,11457.502566425515
15266.182326848022,15714.389526949726,10935.042570914797
15391.285335902372,15477.646322308774,10975.88112869451
12716.059938442339,13230.210833675394,8751.60769829428
9810.906384513273,9090.834079056205,5373.758158520271
8817.998262374987,7998.229614774185,5281.4288519576685
7352.381474360068,5788.9938540752655,4043.142011199334
6213.061580055815,5651.2627981836185,3688.823114012942
7117.978398906439,7278.949517983207,4199.278016178334
7225.152197856626,7105.472784311478,5202.098637249939
6472.80428456152,6141.095935686673,5208.865388345533
5958.208615767153,6024.623920849437,5392.630520775124
6249.285780080717,7277.279443579181,6101.414951822687
9762.69659524534,9906.675327903386,8666.31262759516
11328.655415213765,13079.45526509547,10592.287207314292
12866.37662595582,13598.42520766838,12607.461327567937
11517.892795161497,11631.25789467281,10361.93669274364
14731.310355352243,14464.147477258892,12594.063642907062
16605.96031435749,15151.29392922788,13758.904459037542
14289.527582263549,13662.197488504784,11518.780633123946
13982.734041888538,13652.939852133364,10959.428068199666
15816.471725107223,14801.65051231278,11584.344543635156
16674.85259371016,15018.66152835354,13064.188314655154
15944.660337521513,15510.056297772899,11844.442314530035
17008.974160892303,16042.200060084573,13593.852555135049
15594.742779889431,15758.327655680847,13694.755389660597
14956.88488297103,15877.306869352355,13660.007326628684
15208.048146561463,16063.908292042883,13486.028305760972
15240.30710023029,16578.2431458737,14248.271933678252
14981.170630369257,16598.54204743047,14089.122087963036
14950.711579409302,16551.41542910101,13976.006501064616
14884.941706523658,16103.761932931933,14131.322193597582
14373.827014715445,15013.19210950805,13324.648456983025
13467.16908275511,14710.90226671361,13436.61442493105
14671.271007901789,14677.964452408272,14650.664088375364
15303.581141171862,14659.297029739519,15343.29912851716
17624.32943584137,16764.09853028336,16017.65561372655
19838.302432344575,18965.277859956994,16591.606276875747
20221.05584118931,18891.05069402898,13421.50203006248
20801.066753159383,18917.074128249173,13504.242378507635
19831.850352622932,18521.591059668754,14251.00676207783
20194.636984133398,18541.859498141792,15162.189191436746
20496.50914936111,18690.791998638524,16198.488337743387
20814.40690654315,18662.42782529201,16343.83273996831
20687.09977192948,18846.257483498997,16041.077735928233
20596.20019156039,19092.346550965587,15123.12854929314
20005.24168925318,19110.506287220043,14616.113465568786
16644.793869015815,18483.15172052457,13509.116104779629
14089.233980812425,16233.537263777238,13302.097027306669
12135.38282759271,13279.051385496086,13452.59510955401
9329.892147955812,10687.778778554726,11443.264439199222
8411.01729326347,9365.057101044411,10451.26357363049
8776.646509507907,8459.150027679823,9966.534002578604
8036.10792175517,8286.833939820963,9711.389982280463
7847.899401878064,8551.964790102058,9475.099972874865
9009.569407592295,9462.11916981012,10114.447297844685
9484.935057785002,8344.464715750231,10748.1811405948
9542.2271191942,9015.42930762527,10008.87047063785
12606.804702732825,12655.42000955339,11894.48382374516
13752.923964013573,13613.71288634758,12348.138794172231
15226.236277031512,15615.189513223078,11990.787636956282
16991.212637738376,17421.69445626215,13796.361266106784
18931.370102644738,17682.38520907262,13099.035689428689
18857.272115203014,17780.63380167317,13522.774618986296
16579.448177316775,16280.83934050263,11843.511045641142
16232.380960662967,17056.498605162415,11317.298750103218
15382.80309830433,14252.062104891014,10240.67865355622
14110.902873856674,12850.075591858524,8825.604043143105
12070.142236146246,11343.80818327415,7550.191258887184
8167.783168804464,7302.451665978336,4933.15736055995
4542.481041783952,3832.5386529393213,2179.2739560521127
1508.6022465847843,796.4982391005537,427.0161329560249
543.4539722564294,421.7061623220571,209.2712674610901
17.60467183887719,15.551711990905506,113.92359208107324
80.52936673695928,22.262876684675142,221.6329829855731
0.0,148.81813767249963,57.09558926784951
0.0,178.5089774445039,337.6276949259351
0.0,191.92530791684575,187.0216527710093
0.0,41.490610225179395,34.12175230620908
187.9462637169067,0.0,167.67466624384068
1550.9940939822468,709.9734036857543,510.9318691666616
1303.4285672453361,1419.558886780743,1004.3335220735872
1296.7829285422447,1788.200906365443,1018.1116024009856
2547.235976139254,2607.9490820690444,1660.3001321348772
5040.403719532218,5603.7568214473295,3888.0186815056745
4369.299337990244,4143.383925154214,3792.24101855085
5982.107710068793,6660.017291753666,3938.898072806815
6623.547285179588,7939.2999070028945,4482.925323391458
11544.391664453804,13068.646364963719,8069.404927932296
12502.623775670354,13332.18627888089,10541.180089672009
12418.944255466262,13077.633478610944,10117.769575737191
13362.923434018157,14933.667243900969,11159.515287930515
12443.692644529383,15295.463433020093,8122.947363526263
10715.751276460223,11472.22101701556,5696.410053693562
7976.914248649678,8271.51288080397,3473.8931061350986
5132.860887598734,5474.615496776813,2165.4548259295934
3026.1360737177342,3180.519080198211,1764.2264179154456
2180.8165676349413,2270.170516030701,1574.184341716951
2784.7742107995705,2400.9513591662985,1518.0688673937254
2436.9305173823427,1576.6179323454696,1546.0119833453305
3433.3851018054693,2353.736828143161,1334.1704678568824
3592.518286539906,3334.1249873568845,1517.6429813464665
3209.343311186644,2583.450915577144,1731.1473456316571
3121.50309807964,2560.8316560129124,1803.641511351224
3065.1141076715803,2597.063501987878,2167.8379359259725
2392.2948525333863,2225.571166347214,2251.858300365913
2509.0531915967526,2305.6159260669397,2407.550047649859
2156.9107580067885,2037.9531042180959,1275.958058544688
2018.7123769111784,2606.4531774393276,1174.5874764398447
1556.9584716407985,2422.8469521666584,1527.996817168314
1734.4894141612372,2284.977898641456,1588.6991625422531
1228.1356111397547,2171.904259912858,1480.7218686085453
726.4392117906384,569.3260867608368,409.236435835129
549.186343504472,527.4349777330387,195.69436093139555
790.9265897462666,659.9050257227462,74.85882752741783
676.714051415876,378.20388043344104,46.84436408989631
612.4153074749138,258.8804127342178,70.70871733454348
363.29848835445387,114.66914108897268,7.261186216409343
393.4042483851051,108.62798753777594,0.0
212.4031533303256,119.04084663063267,7.731699082711237
0.0,47.28723040303174,0.0
0.0,34.82294355142574,0.0
21.549183414677238,0.0,0.0
0.0,111.4400403178085,0.0
56.389011660565046,50.75795010964737,98.67245191773904
71.98349398689184,212.5054231303096,55.639241649149625
20.93861810531201,199.57043096939918,53.80244650023249
0.0,192.98075791709817,28.366853752029687
0.0,127.52734038253945,79.59276939484859
5.097604719326036,113.5033013657303,185.06431904155804
238.4833688148002,212.53597286918506,161.73474061515412
296.98674738000335,175.16328265785978,57.59638206491192
1546.1878756094395,923.3151682857055,924.4104118515424
2628.1915022487224,3083.8702185533693,1349.0688562574926
2512.1748026762157,2591.7737264471266,1301.584824774488
2240.4228988143636,2223.4535016786785,808.2246188474076
2273.535946343532,1757.7735198299579,600.730653049554
2480.6423973444057,2380.991788219804,1235.8595069167768
2472.8273752492614,1897.9899380862685,749.0127794207077
1890.172349553757,1796.5757778878428,435.2185383360938
1661.386887573588,1203.0420613786432,295.13595419416055
1112.8301820430383,703.049287989211,0.0
940.9662485991008,517.8121036570049,0.0
478.2432670360877,357.4249376102482,130.05471717513416
269.2298575266211,166.8960846088313,219.67446208534875
41.340099082750356,0.0,174.75821776173956
0.0,298.370056032144,112.63048448817273
113.66933352793775,423.75568806621425,189.61933252909247
1005.8092118687176,691.3771208993644,887.3927445893459
2588.505001936358,1743.9966545063521,2426.5667556205817
3969.5601223897356,2677.6010931963165,3482.1047280436774
5137.418485921873,4273.207345631795,5433.309159168993
5369.602014247368,4478.035844360314,5851.977910431636
6192.68384489202,5257.2183658890335,6282.691690557652
8193.208281273493,8125.9742942534385,9071.178510095682
12291.757173978818,12075.455378882181,10835.09491619762
14097.42831071308,13404.910907419167,11958.02907463913
16613.511376311777,16734.039775930116,12895.2563335516
18685.613934129968,18447.253677679033,14948.071213347885
18959.54036951439,18181.396398866094,15448.110962460169
18427.85975004434,17808.53275505866,15573.737806063324
18669.835901667982,18245.785904165317,15330.917679646009
18794.99659694436,18396.171203101803,14900.670546965555
18802.271899008185,17742.944866373633,13755.089507768454
18649.56866822186,17523.79925469553,12523.921181180753
18822.163874352253,18520.117309231908,12679.548516173469
17575.47657423954,16426.384432544448,10670.234733265415
13519.982168187658,14188.910025412391,9914.805332472097
12295.514184166783,13089.87445424295,9456.995232200765
8204.16792195139,8629.206752143104,7521.743290262498
6787.778534962453,6308.3114806440435,6393.927010755934
5902.810998087381,4482.2367430157565,5509.697484166276
6447.121636654775,4923.133763031378,5797.51703320814
6325.158801819581,6035.084181462578,6630.508756604538
5469.613606923436,4735.491394112983,5270.229499623409
5035.07534218128,4410.771546886787,4345.191555452685
6876.922600956304,6895.504250610685,6091.274248376122
7979.085605093196,7999.3641404295795,7177.008975463782
8865.859098365563,8326.851001864774,8173.6304751786065
8127.40133697381,9097.563641043103,8104.705326561889
10480.182321037393,9042.501562899299,7833.1256053986945
10944.302335374896,8829.81514312145,5465.694612248894
7070.48996936091,6866.013701869047,3338.6627186292094
9770.458861631128,7834.103717376317,4197.514557408344
7660.216372073273,6561.934505490228,2978.168763633312
6433.094632131772,6296.912153555506,2998.997839234052
4999.4332932733505,3480.494748485797,2148.1995764940743
2887.2247479292573,3109.142399689657,1673.2444632697216
1639.960829756953,1814.290414214288,944.9015785069072
914.785232369825,766.5994904954997,538.479860596246
987.7544775293809,749.7032837231927,273.890833128886
1116.8533316239425,771.4616147360508,349.1655481710956
886.8910810844951,293.8426467950544,106.99669597424293
438.86586580432856,273.0303348201087,605.0071958947834
0.0,0.0,215.788463343036
0.0,0.0,199.8578925860038
0.0,17.73127758547554,20.057656928553765
1167.6164926876218,1181.593581588469,901.335881209946
1585.2278438606556,1231.013673066197,1081.1869269298
176.993470150844,26.26627190211409,90.80396026009971
0.0,0.0,34.25744588086913
0.0,0.0,8.962272982866693
0.0,52.37399245883684,0.0
317.53331610605426,149.7064825497684,0.0
574.2288574821323,194.91880652080914,80.21561152609452
1195.8176136842187,542.3487263249272,195.19679974700844
1373.647206879152,620.597840042789,152.3364901997514
1772.0707413903099,897.023423359036,262.67122883435377
1557.9919826989803,694.4016378678193,177.3735654187422
1233.6288113717878,688.8882541881361,261.87808877177275
1166.276748674993,859.7994188547167,203.39340401895527
1503.404164242343,915.0207098700756,263.6939931259594
1581.078030164652,837.1709225643383,347.4395396353128
1667.6418764164898,759.375228333232,237.8096177807548
1535.7880265654385,1023.0033736414107,206.63144319804616
615.1409893715594,373.10105129173996,51.697668336997474
327.4227327062409,335.0526763272706,226.6402337417103
221.614177684936,262.25609166844646,310.80773991119804
347.9932662573257,219.44352710843071,357.173299971483
337.1860822358736,218.35945485468508,288.49463870679347
114.19851317831373,59.4580469160332,56.55637737961855
278.32809350398963,249.74512629038566,408.4294959697029
229.19790473097217,232.24165215312968,427.2129906731199
287.4510371041764,168.93624089092506,324.05948762575326
285.7556229318066,533.1126023317241,377.161135545768
455.7197765834808,269.03960838174885,567.0484300220245
500.69982441573814,309.55288308338714,334.78202582716904
669.9783689395505,270.2297490127454,563.9109332626518
713.393482411603,286.52694465617265,156.38178988922417
2105.400233391803,1157.5756495460073,230.6117783326052
1952.8487748369341,1854.372545135666,533.8839503400976
2555.320520208959,2295.8711805399043,1022.0568812201732
6432.299971822495,7366.522066050524,3468.2010412267364
5755.1476055902785,6937.487050242914,3355.8898709673645
4828.245828505861,6057.420366680366,3104.3117499424816
5219.131077759035,8023.615995020876,2551.795248559959
4425.578367553638,7500.031902526608,2365.0518983168768
4152.683427880562,7417.56119194081,2185.856723998192
4397.989133807941,6684.050884185268,2372.066017513482
5344.697242950381,7175.226558833672,3247.2943237217582
5271.794989118492,8320.789454321333,3292.2876506108505
6346.847793013797,9700.95663217596,6218.266177675725
7015.351087300662,13132.233007989893,8237.852382875248
6580.191793652346,11528.299393672738,7918.699631706615
7622.252219157009,10165.619494090783,8582.97159187664
8450.699935677596,11360.266731684836,9655.809183048152
8985.099450716438,15213.938293117177,11548.097981133042
9114.056606973832,13836.791738628881,10431.512718613989
8482.488800417279,13814.669853726971,9532.31721400124
9682.194629707037,15192.06930306264,11883.611969599731
9853.560168105325,13590.158838266136,10764.725960638729
10570.363341455088,12588.44846913415,9316.595041267856
11178.467444496964,13625.10201191213,8579.022595030043
12334.018838507898,14595.182077175818,10257.816549536252
13920.713704306838,16077.77828530928,11343.735658718488
14544.12234879544,16669.063288542216,14031.147275295956
16912.3521549315,17758.6035467509,15333.367169711972
17132.55605811383,18239.526547175614,15283.975200004315
18774.64866016955,18407.288232709434,9656.352237454175
18967.250388616376,18629.766181390754,9033.014644027931
19332.227001620482,18536.35977186546,9050.367549906732
18927.881452371104,18330.259271403807,10669.734239673531
19219.852607068664,17811.018127306084,10196.326944742748
17033.903730323495,16036.372898989885,9727.243337378546
15854.00941783266,15128.089171200862,9727.472605724988
15743.8829735089,14664.166557506689,9416.790559501302
15248.832434915306,14171.833547014943,8926.852232341154
15565.166464658341,14851.69670055133,9348.789354641927
14692.392005324908,14129.165172015484,9062.700665960829
14390.012414908273,14149.08505839768,9137.21324454596
14478.985129126158,13599.495368001273,8664.141922925894
13985.844305445979,12013.529445123679,8462.161095562018
12929.945847864654,11731.505669138716,8534.403753917219
13091.236549987261,10981.578288532844,8593.3169558293
12955.955659437517,10867.959317211202,8952.432739297388
13898.934193743185,11713.649280577281,9471.613070499983
13758.572507936282,11251.83626501125,9399.046617087217
12971.40066362794,10963.41082235457,8353.482326633763
12126.629613154568,10733.722465837209,9879.974673831735
10848.282467466091,10317.434311060544,6944.121562294192
6056.809174670479,4972.782579188806,2687.4075635742915
3508.9988871374753,2483.3352380595393,1504.9426696398789
1083.829610178747,799.7411756149265,140.1163564938943
1019.4132041212299,571.0066703161757,393.4065851027068
1731.6321001135432,1076.8504107809313,814.0815651077794
2739.0258339587162,2375.5022653335172,1183.5654273866403
5626.075107354008,4707.960944494812,2747.262944806724
6798.996171898157,7792.668073677787,5670.705116311855
7086.912214364014,7112.391256405644,5856.867269838825
6284.469089463886,7592.105267875153,6186.392070637484
4792.3362669510125,7042.778289908696,5615.594687256458
5024.567928845898,7531.045674741366,6326.065277465335
5263.519925359639,7471.674998168076,5889.305466499952
4735.215341560698,6437.636431287999,5890.144823515361
4130.721625940415,5225.229140986549,4712.363959515849
1747.2538863900788,2582.106319967414,2471.07562260242
757.2968564723081,1198.9971093115992,1920.726334252824
274.58649941942406,440.28583737689144,905.9676987512466
373.3923801818003,1219.0295891155736,2309.01808406803
868.1287338979979,716.6261295526499,2708.224114879833
1466.0157710487763,971.5920538733182,1911.632912211256
3338.447588185338,2928.932161479306,2370.387078161115
3320.7013911933477,3173.6095146306766,2299.355082023168
3000.194171253728,2916.5386127624433,2085.92262556048
5225.5238139642615,5350.85334652909,2864.0936357957166
7605.120459405451,7973.118948310825,4330.424802977621
8314.970882292337,7638.643482706001,4602.277495911365
8368.177464109987,7570.76689604271,5217.155888609728
7839.143340728146,7151.766971545821,3771.232445436019
5682.996132051985,5146.424702617533,2895.9406590608583
4672.754348757121,3350.666272037994,1797.1405815970656
3197.7682401863785,1886.4684691877476,725.4559029872036
1098.8108043717716,741.2958521594433,579.7415337285988
628.190890348326,206.65834941986301,249.97604036523168
907.0802434652791,742.1017745040344,891.3160702642907
829.2763207085369,745.9385781662419,1027.1978344562522
1155.475875278762,932.6983022626076,1537.8878798644434
1881.9064470726669,1559.1987536362967,1529.9348647885988
2997.914826850459,2345.9111165165427,2827.4910213408284
3523.0595509437626,2360.046632498148,3009.2332830310256
3702.005895705365,2416.3891770946734,3959.207052971553
4507.34492677091,3169.1662953389678,4176.113593244511
5908.370116547993,5510.381270727516,5887.033132624278
7329.396896780995,7615.224197148506,7827.095951676487
7039.492350182002,7488.8597537041005,7684.0801375351075
10795.000399072356,11527.275510622268,7653.8294325622655
9660.382660926078,10746.31847378548,6722.435307162708
11987.101796500443,12948.668718643408,8863.492088480121
13360.941103488609,12804.122365659434,9196.222918651596
12061.544761925948,11673.239528647398,7716.934993059795
12190.98958345515,12024.48272078481,8528.000150671493
13143.619444563676,11917.114195476532,8501.872439784645
12736.783222280652,11388.284411253764,7621.791965875033
9051.177431993088,8748.959125635407,5340.079823054671
7665.247956048859,6868.766793367174,3039.79349533225
3924.265437359477,3312.7345724339534,1114.4167561300003
3773.6253906883226,3126.562838100529,762.3583336672875
1545.5093926388777,610.6171476316367,220.77890132011296
32.82452167349038,22.475771648396467,167.57157520321235
120.83503218117421,0.0,112.70067231038452
216.90675254633885,84.51553203207546,205.48477227407
347.78242142031775,414.2677114565517,348.78435072701507
234.31653263045862,166.38890522715167,177.89776958825544
222.64140166199567,0.0,49.562000205247145
0.0,0.0,0.0
40.178575105246956,118.82283849518336,189.3603307058274
215.40431437311145,305.90740040198546,273.6140868206168
460.61119659784276,500.83908377002444,406.2859805211446
708.9662258157016,720.6101235888557,531.9980550423134
1019.9485340236458,730.0766564152653,632.1574020591603
963.8991385266427,517.2801423447984,521.7983052492197
1044.0888865461059,729.5155370032707,604.068077699646
1776.502325354485,1951.94965929593,1165.0985286038117
3013.6629821403144,3027.0924907086915,2629.8359274962345
4816.324204094093,6027.138546533392,3821.679103566452
4559.2253928555665,4953.907541333369,2979.1984635031704
4789.612391762924,4961.842777951553,2443.170660050835
5137.475347879327,5019.0952065444735,3245.5106689565523
5965.438586244288,4924.124690194344,2476.172484614417
4935.366889159843,4312.210392653775,1515.9488188722846
3347.7663021076287,2810.930192360068,963.2044349103178
2531.308163187972,1714.146640368992,514.4505807292782
1459.9663898234191,795.2728479249549,955.6460231333344
1561.4116257573735,748.9460033511954,1051.7778212024746
2591.873207027696,2044.616391227042,1688.768456868568
2935.520403945788,2303.711272890043,2238.2924925081097
2923.084495922579,1999.5349395859268,1933.0950078866656
2172.5683433603685,1682.7674765734816,1377.5725524461632
2702.236298877581,2192.6343886654786,1991.604448397732
3742.198494151943,2976.006111637435,3908.9728634613
5943.635579079269,5234.295925751635,5083.225069496772
7871.586687683953,8042.201359807722,7907.949775861667
8327.702276798991,8525.816821438211,7328.643592627061
9815.054412920306,11940.101644858069,7788.810516424105
10854.645596940472,13405.910055499462,8744.271116234087
9543.923130305882,11910.416625267864,8777.895452498678
14109.788852349862,14868.330155558879,10057.112002259286
10586.555050968816,11885.196434310517,8910.300019061451
10613.362638669183,11808.017072114668,7745.577907785189
10547.773525031029,10902.527638085436,6856.553613251643
10091.845587389316,8728.159941153237,5476.341941495165
6701.6601507677415,5819.074153880738,4925.831436143906
5294.4631826768855,4837.798606838129,3241.1730283725465
3766.0255835996554,3181.965974051265,1478.7711810309058
1917.1058716967088,1120.512580443491,457.8796266643019
590.8776438919347,472.9437977128251,487.758727856918
143.1287455291741,177.96122598865395,417.0666319208472
130.78585687104214,165.60742982778635,156.65566503338098
80.8815827229914,90.20628470886892,66.82013491132919
507.55576347611316,178.86406447590207,305.6579839008983
751.728780529458,223.51808200179397,350.01595235309003
578.9426997264076,148.2703411915136,425.8616669957922
338.000922532412,126.14454104453148,553.719061528448
577.2307092588795,362.72546679188076,548.0852951603258
246.1566286228346,78.00420324637747,328.1931536360697
311.06686176562334,195.36094832399175,291.5400751403636
1118.448472465201,809.5994397258479,760.4199632016833
1833.0571373986195,1681.417533854903,1094.0636357774702
2475.745552013468,1857.893192116565,1761.143289827931
2509.3099314950346,1953.8706604455494,935.0497524332476
1322.6417065844432,1750.0508841514425,803.4584739202026
968.2856351488398,869.3185781052083,664.4836410016853
2657.73897281421,2139.7460753047358,1267.8109578610165
2740.5585744275772,2180.9679052462875,1046.817575714917
2690.708635931472,1947.900843892253,1133.7289643450465
2398.385383981367,2901.020195893379,2005.6469855098544
1986.1223453679347,2125.9703201941247,1860.5141379625345
1264.8752543706073,1402.443402311483,422.17496095960223
534.9050730610941,227.00165007548202,292.9413950794529
209.4640846698434,187.16734536576277,453.192032488208
127.85076885434657,303.11831089177497,428.4894799771526
240.69741753756398,296.29734237158686,736.9147790982416
292.12655146273994,218.23821685032897,602.7170361831064
157.5846772141961,309.7740712702417,485.5482199190797
175.30024895991394,97.45196949956896,517.3208182101478
157.39775853752099,58.52998438889505,398.54511831851175
343.9534981048003,156.33266393276284,355.3456767904162
239.54533007248924,152.32669131248227,161.1633575342845
328.92222975340894,222.2621995189212,96.1723953935833
330.12613877774606,329.4200557091092,23.68643373248872
394.4525584636449,329.66511992960017,77.00703723600104
698.66285980928,197.20097030260658,124.56946897711586
666.4917441363727,315.2706776302275,125.13911386310556
704.7327131974166,597.9242408809558,158.8928255368991
1021.2034931097434,463.6623236597286,194.6364105757448
789.9462407484144,451.51784323595916,216.1823393502222
844.7493016026975,673.8249497771536,629.802011223365
827.091067279258,705.2412108526098,424.74273063163946
1044.7059887153962,637.129782634843,113.45125234120344
750.4756431191881,702.5209826998667,171.77969088540462
651.732662584506,256.22369805913695,33.406422296745475
549.1163455353637,313.75133950293673,138.4015691521983
563.7523493145487,186.29508840742568,163.9323192859094
314.90019570487505,429.44021043563646,535.7826456623039
340.86131949563,459.328212972244,513.1565327520303
401.7391063452639,796.7771711244415,781.7171330083457
410.580898914984,739.3234518831289,733.1287349158287
308.70018791855625,717.0268779760395,827.5671359967428
278.23717298402244,364.8105928463724,796.0584182374164
363.5567976000835,572.262410537807,725.3071963094708
684.5310894140034,700.5722128551905,704.6728687699417
572.326933357903,579.5837383766378,638.3801020147226
818.1598128968295,657.7232149965919,678.5057733666391
1212.9241628582033,1401.9464645218845,736.6411528415153
1922.596986766975,1882.8625850550025,1010.4814988197892
2480.5253042399627,2968.0703888476696,1436.501334831522
2223.726140322324,2493.4229117135624,1042.0699320466042
2083.464492658109,2519.3195839947102,1214.5821028224043
1863.2358061706368,1373.3977767446486,1214.7278331914997
1076.6380087580628,1104.36019280827,1379.1069875411602
1153.8182486185729,1109.7267187593127,1674.1509641601997
1307.5117253554529,1113.1111045733287,1921.7187001145005
2208.372673183114,1710.5293004588016,1861.7437630214088
3317.4795560426232,3535.3584379873514,2146.313455313444
2625.117397459917,2688.06748830197,2020.238072017744
1356.4566590827403,2046.0282561774677,1704.6096590473685
428.4940715450171,702.4082706705087,667.3659868653083
167.98995633853343,614.1904051303572,540.315263617714
289.9726835886412,771.3850482160577,270.04796600100843
206.3696507273363,632.4776991301851,263.1864244094198
219.0604006990285,603.4395723357072,452.2764271475185
185.79305656137788,427.2783560713707,332.78421592185623
82.59355357909304,206.810959467746,290.4635510098155
55.60254983285495,38.241273235641266,225.0501290611548
0.0,0.0,336.4125483415972
0.0,0.0,176.0474718892152
0.0,25.247663461440496,40.475636308234144
91.69771269261076,0.0,130.11382122372885
385.4516464560882,38.36667445002183,266.7841654229224
1316.5194376815305,778.5010345220439,575.750219925019
1304.7331158083532,552.4878416826721,702.2459644438463
1848.7829892126101,1570.2139225955752,938.4882264084888
660.0090431569663,296.7625978243,230.3736369068596
1314.6456525401995,956.7949155113466,559.3415596400883
2560.939778286642,1413.13838829658,1749.2175727126405
3075.8367943710173,2201.9323880625234,1947.8641171876088
1603.5712866134045,1154.7574154101392,492.52304629605567
1351.9585493494442,698.0369143230637,204.5395272190012
626.9472777593321,301.32217896948146,0.0
514.5573167168969,255.67374205062222,93.82697462027797
129.3896354735282,196.00965964716016,0.0
224.461347910876,197.83049665291173,14.77780845796573
179.19540019170412,47.994965052062085,43.10856294073348
81.11440955396444,13.49531588988868,208.9452418431188
56.43067831905954,0.0,196.52017622824755
40.99520693542817,124.48029714800705,291.1135623616909
0.0,48.38630169508136,357.5430526382779
0.0,26.352092179745362,282.2656409523256
25.029742501980444,1.769914652735487,305.5721987364052
341.8068600370701,228.43852912979222,595.3452149252987
289.56296748682627,92.00665646901197,468.275364384035
195.86398113437696,46.99642645398942,440.9442822065423
409.48846844047563,164.6540956008372,282.39524666347285
827.3733315644882,951.748705872106,511.0606977710635
1569.6452601359545,1660.483502958341,1425.8743118709458
1960.7880527039144,1801.451009356268,754.649649086244
3263.359762557953,2411.416539155429,2366.561954137765
3279.8275428377415,3153.7898138077285,2380.914342582665
3494.0142910263494,2782.8556586861205,1733.9215444133663
2323.6982073855393,1495.6226630532014,570.0337612325164
1291.9956682705943,744.7520393123514,585.0190296473428
1048.0957018723216,533.5216192044359,327.2837881269624
528.519417272971,55.86487452646378,186.58152185949783
370.459196937867,225.55884374904875,42.90455104353585
54.970945380664475,155.72838804703534,37.27331800660084
209.62714738772078,198.0760220028634,156.19341722178606
88.12837240311532,198.41739296445655,158.33118535354208
4.872081026172722,145.62492465747803,191.5530250715288
37.92640289763861,98.87092328137739,126.7700575507453
71.78946000966174,146.4409028179446,162.26757820993606
709.8486470494161,506.54378381478506,959.8872707216244
803.973719574636,1109.8417121818884,903.519237748816
259.5536848463368,140.4605082682493,372.7281300360816
312.26914905573506,288.29877632962837,267.9660715801702
162.173211335431,5.564306192174229,296.04479148581896
251.95114904817035,271.0485976612833,335.3829332571756
311.4216747562396,148.24267750958333,233.5045374697676
598.9552980674649,515.8284759979679,222.64784841713984
763.6707905276633,418.1661926616645,268.80004214767865
1518.863955914207,1399.7955153890246,773.8582480424727
1103.0858304759563,730.9505305476517,517.7176179660848
1640.8554843618513,1731.6479119804455,1273.2207538456144
1848.170548876782,1629.617548844493,1512.4555010406502
1688.5272631181435,1311.3606366029042,1597.3310419089128
1768.6976078691764,1736.3296527045995,1605.5859917050925
1376.102480505452,961.5443375363527,1134.8362910342494
1024.7328300665263,660.8820435979272,530.9627541588048
449.3861375941038,260.20756596332785,203.9807207878568
234.07630624599304,517.5366183897612,118.05020120329137
409.24910044815226,481.51619730518206,104.11651544503486
340.73774191996233,314.47051200330924,66.97792410011881
107.61777652658778,57.892134148507864,97.91808854876945
43.51501966254504,0.0,0.0
22.82494621079043,83.22338926754969,178.207130860216
128.84563691064668,73.51494444424706,155.07601486902493
72.43497727670153,64.4854285499606,184.38267416413893
0.0,0.0,133.93644482954434
165.12861270819474,339.83730708892244,136.18245986382587
626.0226919748237,596.0572334878099,328.5698789556762
761.6127088218461,967.6832880242016,302.0396703576436
1493.735470986687,1104.354326328583,370.78090446227617
3016.6769536480833,3478.2255135823807,2424.8778778631063
5729.07815725428,5636.517836360491,4131.174150001601
5707.664288850121,5662.1800178971525,4001.6352917410895
7560.749609269397,8473.697173336399,7025.092580927788
7182.250738703015,8520.613641095159,6154.652284270396
7152.914807941396,9375.762356072388,5729.503340853682
6957.942178077411,9514.745689082378,4832.392582409483
6296.007481000836,8595.719290082143,4781.301298392861
5996.506863569327,8362.57983211691,4853.033072449838
6073.249812473232,9038.83372586243,4456.91369866156
6607.705385917167,8761.732858980331,5015.606955013204
6418.280756937543,8478.358496009916,4277.993221184386
4163.962398571165,5946.9614402058005,3219.167371755728
4449.063182554344,6425.112738048851,3055.628143047497
3264.370474607821,6199.910674449126,2454.4324318796967
3637.8433912937767,6567.2585385995,2929.047853241894
4375.652585010047,6617.230566216896,3722.657140295625
4317.931025610333,7053.098230482784,4274.524339411403
4455.306172030895,7093.712988494706,5323.675776351607
4978.69640181577,7525.618747695328,5316.938181374092
5953.669971398176,5376.053563565594,4759.143387291711
5220.694287786649,6653.221171778662,4058.378828530362
5190.611304044953,8099.533870640311,6062.155066593188
6025.089445838266,8242.610210812714,6215.971290434462
8518.273384560784,9831.93280215469,6667.9433468153775
9955.990941648668,10811.322264726956,9658.039664462149
10738.095087477526,11384.058528444655,9882.359254093612
8223.389766137829,8469.93756757018,4554.369630623033
8597.997847089975,8514.274923716172,6108.1137647724845
8964.893717871573,9097.441361653991,7150.228479883403
9120.094491373618,9005.068223411981,6801.2710535932765
8678.153389283614,9117.91826273506,6524.808083774944
9756.677234205064,9388.576492351069,6560.116348572603
7839.772609797992,8314.987606752413,4921.091979271313
6507.013109280638,5301.847861499092,2801.736217971151
4274.293892966433,2915.313101616336,2035.1746558290315
1322.6585063526347,1278.220843977249,965.335513176712
262.0554400913488,274.54441860183533,223.40832528895533
0.0,0.0,0.0
0.0,41.51309388859731,0.0
104.51707413071838,0.0,35.49429601408633
44.12666648636012,0.0,206.92731841059444
1000.3155044811039,470.2650660362394,390.0832019715333
1783.8541707827035,1484.9956782035192,792.4036720044464
2158.652224337026,1366.6236343183418,1120.3487116656258
3014.3514674657986,2714.3565770101354,2858.637258367149
3962.0598561888746,3777.3499181532143,3466.701168786239
5200.429570512018,5020.444054430628,3975.3060992815945
7238.0301000748,8017.11930867625,4552.268484960326
9121.997557715507,10185.08612620939,6673.305161664223
9841.900258299667,12723.330720794193,8550.083704127659
12553.325042144883,15126.753821197326,10049.134481583684
13350.261592602457,15278.635422290445,10333.306247356448
14960.746141307578,16115.930179279296,10792.309077578551
13938.559368452676,15103.17168524544,10920.347920352651
12490.903175580665,14243.177446922764,8567.487772573933
10958.716749383435,13177.971914519794,8406.56049115994
8201.503962406285,10012.384134044318,5487.3319785248295
7758.006184649027,7577.239062775524,4956.416323325341
6390.377753795524,7020.697311058252,5110.226999323324
4177.641787355829,5037.44863458946,3860.707708165386
4092.5712263318687,3812.4816326199384,3286.271789223053
4572.787079021571,4398.870584725057,3226.0084036208923
4180.633787463846,4056.4105968555546,3385.346975152092
3847.255759011463,3489.131023177446,3002.531844589176
3976.559666284087,3186.9514999051494,2177.35401069028
3586.610262207077,2715.5684413003264,2189.8841500957847
3791.949997917873,3306.60059339549,2223.8036030502185
3425.7564609604174,3688.3243959593215,2317.2377565042348
4012.342770825958,3816.4899338299488,3412.46882051209
5789.100226565739,6181.788817318538,3972.429972590701
6921.843923133723,7159.224846501436,4489.408658814154
8154.934188636576,8992.384353886615,5508.698460545797
9821.750924262737,10241.110105256572,7586.699648207633
13112.338253217236,13285.987778276613,9846.296677431532
14940.562472773252,15712.608629743769,12043.464064579428
15012.930955085047,15392.26936169079,12425.513264633824
15649.262660796185,16495.913976733813,12327.145583466816
16032.808511169269,16418.5271140905,12987.176776559229
16286.924516110448,15472.19644717438,12984.607403256694
15326.693895339231,14471.255368291606,12479.991989878028
12099.48847344189,11968.85450944668,9470.89155254118
7693.939060151202,7899.889594063702,7263.891095011544
3892.4690328558545,3684.0711116433195,2536.9832151861506
1130.006294401153,751.3662168276377,605.3983576990678
641.1723211341264,453.6441305908655,236.9487009210044
192.27218865527365,145.90786850958543,79.31804724853319
180.06300060705956,131.18858906001282,28.298431655001377
138.139343415763,133.7660851625984,0.0
896.4822413090208,717.3714381706285,853.6444458251319
2047.508311574237,1442.321624933062,1825.8672545412687
2652.7961431506938,1917.1105639573732,2546.3277976641
3292.8776368715257,3060.382776151232,3565.692270354995
4800.044267458726,4730.116065024179,5424.574915049154
5911.503226887535,5355.730999945721,5921.165818440594
5503.755271249131,5499.09019008167,4094.7174969325656
8016.412543742506,7584.846944533329,5955.956759863937
11842.123294346786,10672.371831810768,9436.557420248177
12305.6675427975,10684.533891767001,9497.768955539626
12120.593426534808,10791.56607724587,8951.897510671695
11727.756586065694,10403.511165300668,8667.933805610879
12548.89789001702,11840.743872481298,9380.034302263912
11547.703498961637,11199.400392972982,8009.916204084564
11807.591561614663,10589.367067104855,8037.88622673589
9837.826013989825,9054.866136376522,7047.911226901206
8713.356933252298,7583.1895420830315,5984.686486601734
6036.822890057657,5472.989437251736,3508.5995672618824
3326.696985965155,2465.9387830589862,1852.970391754052
848.551914680002,732.0376636365942,656.9533013226386
98.45152499405658,49.54742374081573,0.0
0.0,0.0,0.0
45.14958529967723,26.063795342051975,0.0
68.21291173111236,0.0,0.0
730.6431141062106,464.8208231656044,818.0964994186737
1490.061657319431,1702.0887109945377,1557.418776692636
3220.908322930181,2345.8240946805863,1985.245695557316
2984.992064637881,2466.426841053611,1738.3702324744925
3847.7434788515657,4466.90578963581,3715.863501803336
4502.913668492143,4288.659612919039,3363.3509604027954
3581.760745891675,4176.621253688241,3040.9435348719926
3861.4370443057246,3498.093053455229,2842.50211362498
3885.050069355057,3597.830770879023,2988.399518230346
2989.9195748795128,2824.9081463399925,2475.320895638852
3939.5177020112465,3487.7488603140278,3217.7933128598365
3758.6896864991463,3749.0949061002066,3057.9929141490707
3529.0181598474005,3197.4116557814646,2514.0184813484057
3759.9427718614334,3127.295261991488,2433.2131297269902
2757.1164000574413,1857.361246574658,1587.9655678235483
2843.311271752245,2859.761545988362,1819.055907844728
3474.611790694742,2948.675790935125,1724.559710374826
1829.1574287707454,1088.1096255309642,427.0015159912949
994.4392401919588,627.5387731083068,254.1692353526804
76.91033671254134,25.26571772710754,75.07230309255245
0.0,0.0,36.423970135042254
40.10717210541894,23.963562309955073,133.5144212843583
0.0,4.743931171295564,0.0
0.0,0.0,205.57094485310816
10.37095528686195,221.5769351426997,0.0
93.3986155978716,0.0,0.0
138.20646381233973,0.0,0.0
168.81845962984255,0.0,0.0
44.06997672593687,0.0,28.63764417396093
318.52590651147113,341.6705548581335,1038.6651357084988
372.8727088986973,141.83820878064424,280.11219978593414
804.5260558928119,519.1751666626536,461.1479672098227
1626.4490807874529,1693.926246089131,1023.6837483525896
3825.4672321881826,2827.315791203613,2056.761408903645
3325.1540055970136,2817.8939330873127,2661.100537194924
4892.8422620504525,3843.3402084763125,3130.2076650945896
5426.111292282313,5052.0509419134805,3661.268230728008
6220.334342283106,5813.383212544431,3658.9756025243983
6535.32930622124,6251.947924684539,3752.019092189749
6813.718632703576,6604.837224982,4714.781084436588
5781.145385396382,4389.212530155834,3493.5825979445563
2309.1572779625326,1555.9046896092723,1124.0860136340268
356.67449893864296,261.5201018690554,78.50327872517323
50.95944022657637,0.0,0.0
0.0,6.488600426714633,0.0
0.0,32.05815082496694,19.221067549091742
122.81114720435849,17.41989474187242,247.29555063095168
0.0,615.8709387568662,491.2122531043611
84.56503303388044,255.8303239294366,0.0
35.901425256577966,276.4475006273066,0.0
0.0,180.39867123185212,69.42240957145846
395.2763677844018,505.2383337991628,199.9412688971872
623.9335680258215,1340.3270270738556,204.6497388407217
1723.0831590383054,1908.3734227962627,471.4980674002719
1684.0507860936941,1675.3408437555427,481.1685472244936
5816.131208909739,7708.942577819148,3765.838743660954
6988.834688422644,8621.429440405771,5240.152975195537
8423.643248686089,8659.505417402861,7626.150921648381
5526.260575168446,4350.8042350868545,2932.7537643300534
5447.077645855234,4593.337625097174,2946.3464593682606
5361.565708659284,4895.890842259244,3099.007462935624
5614.002214176226,4453.429094226791,3128.9098009923523
4934.66836556027,4447.247472283685,2822.4415965827407
4614.699704234941,4238.335538209938,2620.0223020337226
3441.581249428058,2372.865567948301,1568.8967370804974
1563.5084591129344,894.2016266378542,422.2251756217139
1238.8506141714872,556.753381898924,661.9327347358458
669.2456845520755,411.38680370922305,449.1724563252799
374.76636017444207,266.9285805581584,322.98469209877646
641.208189083074,634.0446871934388,574.681799222517
415.4682562732428,377.06185349004045,379.42324899569593
179.0527713930106,420.4902122509986,476.3546516344264
107.25592913975228,193.64140130781811,392.2921585604464
93.9701137582713,17.171322450249313,154.67227433053023
156.74117993081904,38.80374656816267,90.84151794404411
160.725738755599,162.01333679559283,125.30679330838652
231.9096893635234,85.64540362039953,420.3364933321364
917.4051453055628,307.5826098682843,404.5908889391578
3887.271275278156,3819.7862073762008,2284.1992098026944
6927.181831611216,7585.823505755598,4822.373454609397
8706.27820453113,10250.357990717517,6283.7842143708585
8500.386468702118,9951.64490443882,4922.458222670873
5905.712292852527,5010.22968827284,4077.142094860457
7491.077081005355,7445.8719438305325,6678.547713050216
8293.210249125334,8573.103565807143,6054.873130445642
8337.858847282496,10260.406456376078,8066.0361416373
8230.27216024813,8944.060531375384,7991.408887807547
7425.964072725483,8360.80155317831,7046.840482514011
8187.064876476936,8885.934989842739,6696.755865602494
7721.26837186855,7877.79455291988,4922.3948754331095
6972.410834750669,6009.304612365973,3356.1706216923008
5774.085646707683,4256.7768253104105,2591.0639041709424
4605.225315276961,3246.312372661624,1894.9281417099444
3788.3440055429987,2804.7472085198224,1649.7109833014451
3832.244095945215,2631.722724693657,1977.9561491969096
2768.1959490459367,2114.3253374473293,1884.4398680641625
4517.66487163182,4460.832155688453,2066.551869816201
4987.350683039862,4254.935994795757,3096.619923488413
5819.2028905497755,4477.502232045965,2207.361004040069
5067.003335222905,3729.4106067303587,2672.7096857038136
5235.820038630597,4184.274021473027,3136.2954440840936
6612.287038601247,5118.290302075019,5314.265200003931
7501.134129485418,5592.430529805465,6499.268501261619
8551.515814955319,8188.119510300382,8168.392004529314
10817.53625360726,11343.93567072066,10463.07170338324
12408.283078335242,13149.633303490196,12047.31767191708
13096.02773389361,13484.698176870064,11064.046726394872
13507.92139369292,14975.584822999372,11523.402180773684
13298.839943013803,14770.954890605062,11003.24979858259
14449.003479223788,15269.992678299177,11184.68143411958
14959.39337915203,16067.628225256503,10234.13996706533
13338.532300096493,15547.252313206998,9177.794598109942
11607.573363720909,13209.616375444599,7337.162497193438
7526.280315961675,8293.956632009835,6326.759507953486
7477.319111745397,8359.671228536803,7279.744249379742
6263.975671691041,7667.685102094394,5212.066296070434
3857.0882633570795,4131.438622887264,3444.16365108845
2796.903950377414,2388.090282820542,2216.010335077318
2461.375453365635,1924.5918443507678,2547.582037832411
2781.319312406394,2086.890916538495,2963.9512924814967
4241.947072357906,3078.0723934760886,3544.245464710569
4826.123618153097,3983.6917064621716,5030.917325416207
4983.35573103523,4822.698672653585,6117.713212484068
6012.379495113459,4888.067910441142,5545.654116470998
6779.712153229065,5919.418377481439,7490.377292947127
9312.378408832654,8154.005309785435,9308.012755927191
10131.375945090425,9511.833963653833,9476.645112824475
10961.099365458467,11430.890478346591,9899.219830653145
10011.721501901566,10598.493032612005,9015.175847910708
9753.256495102822,11566.499728740508,9181.131071814229
13565.945919160024,13908.797542182287,10325.872827440582
13314.638934572333,12337.794081785123,9039.150502290868
12500.175727449076,11654.94936273479,7072.159766430584
10267.402067628973,8219.716877462786,7157.447547677395
9694.814255223462,7828.818162183797,6258.78465445395
8314.43709771155,7526.906889352843,5852.7043114304415
6271.44281222494,5507.98178831144,3278.31127037977
5025.628143553841,4332.1473315308185,2861.42277026514
2429.316065938616,1463.9818285465012,1085.8694452195143
810.4298166720629,514.2079816217079,776.9175848382406
756.9460575040424,421.91466419627113,605.4404236955908
781.5054923850471,576.8013262915528,665.0835623360836
737.0923628989756,790.3685204132593,893.715285579123
695.0146761800395,519.7463508943482,605.5213652632511
1395.082036744644,627.9474162546172,757.6181258103073
2044.590023882685,1694.035495877041,1796.1021115547558
2973.12313952349,2015.1605646488767,2094.172440784535
4872.269464057329,3573.3996706392863,3834.840955856503
8064.554737433598,6850.263223087604,6894.775738088356
10086.403121701664,9429.057250441574,9301.559141856753
10349.083260275656,10759.277701701654,8819.437722210425
13667.770367007895,14194.78516755361,11028.4307235206
15780.358367907633,15089.652856852477,10572.302973053049
13611.530724450084,13095.012766655473,9932.215413884383
12867.840154540596,12572.710941993686,8629.854365129611
11943.510034315177,11833.920292428244,7117.879129832717
10343.230419151667,9170.884721898352,7352.483085093388
8587.67251724191,8624.767673667346,6713.100291785765
8594.58797596265,8430.227536715467,6417.728644699996
6694.435336284782,5350.5347479331085,4284.07238166167
3514.6544953334715,2865.2284992466884,1550.5528861888645
1469.1736721077343,1103.8944903790361,553.2565392771254
288.29672422091426,323.1276209408935,70.3841657617781
0.0,44.04339758406152,13.244443284721944
0.0,0.0,0.0
0.0,0.0,0.0
0.0,0.0,0.0
49.78446664506845,125.33800921186253,851.1696635929469
1257.218979115631,859.75120217305,1329.324264757624
39.682157640550585,0.0,13.532428948992855
0.0,0.0,129.20360531940457
158.91038196982953,132.07994430644584,84.31347043685689
335.27173576711243,20.44486872577508,226.14196500428983
1053.3528900089925,1103.150695910783,366.8288024521992
1220.35727538377,1107.8621728521493,1408.7595102833548
3498.0859131662473,3579.7859324185774,3249.7615260087687
4169.4185902396375,3569.106287512026,2572.227822360971
2451.2053217800812,3047.967634801029,2163.5057667800334
4094.6407556010977,4016.3370455723903,2963.975807085239
4196.111869489308,3963.2666075394986,3466.492904915912
3657.3390215632376,4010.2226792059905,3504.213198010652
1778.5425700076496,1577.3024022689567,1035.369001710758
2049.7082617710703,1768.403566374472,1374.4427061494405
2113.5856557712646,1284.399783114683,900.6196415964228
875.0930998769436,335.37656206667754,64.67077359692586
537.7502748881765,432.1590042670979,139.75639880394465
475.7805867877123,445.0145338447229,105.73960402154408
152.2844626132878,419.0308900532064,108.64157209899054
0.0,302.17477073381565,199.0018033913645
228.5199262683736,459.74163064266384,291.4311356167018
562.1472121989036,663.9573872280487,355.5564223107763
404.3346402882513,752.6759286411616,245.7158958780443
240.8486571040756,246.30363887765031,140.11072768416457
32.54247778153815,138.47463496422074,82.5621605471571
67.25273113356204,103.45234829679237,32.335136231175724
467.7085264754601,341.1818868988569,200.7705144708432
859.9001279910274,744.9255091004908,407.9429682344624
1404.0836144408133,1627.9586979983483,858.4654021288811
953.5255413276965,800.1893264492595,479.0596154988687
1667.600538410846,1570.633311768296,976.51416773961
1546.3380730451172,1372.1573678239492,903.8882388306176
1384.7321357863764,946.8018595059339,280.7732705395852
1398.0732799504249,1818.069123664371,536.3713424107746
1402.9189288724822,1730.188820347259,471.48990154601296
1576.0656048673686,1985.3284465411105,463.21181214175095
1623.3318394771225,1892.3372382653874,464.47064406212303
1632.6347191301045,2135.1483537949284,506.495023826018
1666.1651106858963,1350.3786228949439,323.64735505871334
1560.3762893064309,1534.4099250485042,346.74755707168566
1332.6446388486202,1154.747922971101,362.237744092292
1077.2745535854942,1143.608659526008,359.6310257406966
963.8966202534241,1161.285280863446,693.8458701689212
779.7674878021134,742.6443660686999,481.9789908929885
635.8131733937975,691.1133026205205,455.5535009798557
512.9632491386275,471.93371404075384,249.52898010923963
233.52077767230926,221.68487706522018,17.362768877977903
273.93710211823475,119.48153351642902,40.586456651976704
256.44377642865913,14.734528596180702,0.0
214.61427240458644,1.0533324308281138,2.520852589397715
175.5858812874013,36.649003433444676,52.558455842047046
583.7513862868353,262.31976440341026,42.814600328292336
240.1840935270264,53.71831857376642,356.50920081189173
660.5006681534289,227.96625082340924,296.28999028882174
743.9601629729885,481.7013770164456,109.8771958063098
810.0420452214,499.8118819516035,233.05038501310923
1136.1144051939125,1105.490077923315,171.0983357477795
2895.3387320321344,3261.224088447161,2087.0899566497114
4015.3637563297593,4706.914404612286,3682.260034274719
3514.2135803368205,2602.471872097135,2409.169598705678
2469.343533014181,1895.2772439226794,977.9745663265112
2143.102755898678,1824.183943776415,1054.3990691861552
794.0743157593331,534.6803219887978,109.45726690311754
814.7814252920869,375.66453063381505,52.75931921274491
727.7491992756044,352.8269182660197,194.45820693838075
623.6456799250277,244.91470986494028,171.35458538126812
148.07417951425222,19.607883902804144,371.758747743034
177.63078457382323,73.25114978567414,686.8403544349738
646.0029432851155,408.66130022632433,601.8080274987763
389.1118861353308,0.0,388.4425625097061
475.2279225392182,161.71679280254105,344.7057258875203
630.7384972777663,323.19878851439256,40.49210240300024
873.3899974701,1058.7184293035054,32.39020894609738
794.7242931223118,968.6596427568172,199.543976782642
788.0588649067904,787.3193210303843,74.89512183087649
661.0397373196951,973.0278631573933,117.4295910530088
660.5992757577064,547.4818294725419,185.48655196430832
473.5570031059631,399.31021414191395,245.3727679661081
949.4832573165647,406.7827064952634,306.7441753037145
944.204474225581,511.51481890499497,625.5809081972976
1966.003143331829,1673.0909182984963,1056.8556407954914
1055.8714604195839,827.8603946666508,441.04338782392455
1077.5376383153762,607.2011700637663,212.15187434414648
1422.6435375351898,558.9398000646743,453.75801600719296
1343.2329197658237,781.3887722636855,307.3299269609155
1344.8035661580752,889.6718316255285,322.77471459812244
886.9736965991117,680.1572803325463,179.47264303657948
950.756313035438,629.7210576056962,139.34180236608813
1047.1823915059208,727.5070134518012,95.02369081990427
590.4925516046258,426.77521543988775,9.966646825463004
620.44012238424,515.713230125253,0.0
256.87772594046953,437.056872156585,101.22554603203834
887.9142959470217,1415.8990641316027,282.72288381252685
519.541301283825,1534.9175030669805,182.88784679636632
745.1403301721311,1404.7546007244878,310.0207213037672
1912.761803878279,1976.1232847007918,438.8064207879516
2358.151615149938,2424.6798775912794,1913.348073612
4931.748027240513,3996.1150497544054,4041.539272940485
5380.981668780279,4468.576720673562,3652.508557710623
6989.32219745022,5904.3481980934475,3563.317144747205
7492.125232750015,8442.843590021843,3719.28467650034
7762.204426229523,7876.844557321899,3660.057345896087
7436.861331019208,7531.113054211612,3749.2761211983952
8857.163658722231,9668.27820804683,6506.872193088882
8488.577742448559,9967.349123393828,6401.719916491843
8647.380390213093,8155.345532691673,7190.912240897716
9993.824051309555,9201.984674150697,8000.816383046581
9008.286593530966,10718.132286577315,8292.997400625749
9799.934236946863,10546.766578883491,7188.647932631789
9409.785916190962,9972.124627440548,7229.493844757022
7213.810181778116,8609.76869436641,7349.80243631094
7499.271518422937,6980.265326870439,6529.848389408294
8324.531383101385,9146.819921682265,7844.680440840324
7632.101824700116,7778.622483595955,6505.689660642538
6858.090062425173,7213.689227052674,5081.885778071631
6054.651242344623,6954.850611234778,7536.931135989681
6976.9532533719475,8680.654837929213,6803.604855549444
8315.597298799159,9577.869139266479,7423.11080881823
8937.60710409678,10495.571412492869,9277.835020579494
8823.524689894968,10054.68237905781,8510.916976515497
9389.649006977743,10427.032321016675,9014.075931918707
9807.055134261938,9935.468596018833,9836.338211053917
11013.546179615285,11025.45341925975,10292.14983319583
12282.353083586391,11600.582394816314,11228.430800580238
11725.972758285592,11893.79434385544,9609.087736619858
12455.071243994596,12257.770343745911,10061.463857146802
13422.509938031895,13651.070042133892,9225.324447827225
14475.88360650684,16027.412067646337,12722.35239866696
18179.071726420087,18769.669705363332,12814.9780634999
16293.689540376106,17388.570915188255,14867.29308512336
16485.043673677894,17711.506456423092,14762.277068365149
16985.148706104213,17588.626755026733,14315.655712755202
18048.296385923386,17256.78902501695,13234.639235343047
17926.31844549715,16874.09638105952,11751.802868774994
18298.210614621108,17180.797625178984,11527.300024428812
15897.535290632884,16846.335420887073,10853.003031367354
15217.93127415769,15468.275324726432,11799.94194046655
14746.197061904593,14378.39782690366,11774.146737449537
13310.43810658803,12976.7115111128,10870.558700243038
12529.395706588646,12266.011417693993,8866.858919737984
12906.60608218556,12036.188344469063,8938.581906770894
13154.023258926294,12708.972611114177,9514.415759814125
10395.680949198118,10090.478162767506,6920.390371860952
9707.041184494312,7745.449550872956,6351.57642869919
8731.06128270892,6700.966078819902,5584.8643170539135
5977.759146165148,4584.810820761591,3235.350944119206
4934.7281357721295,4033.648359457074,1998.3190431497248
4960.959610864761,4508.674646860822,2990.5672339209286
3973.88845189281,4296.884309963039,2591.492591171009
5501.311298204054,5575.976575339802,2853.115745638417
6598.661825670581,6836.799779553744,3047.3682078861066
6264.81790432887,5548.1795165950025,3552.1653276280745
5300.034837784336,4952.804381942843,3783.821966851287
9658.853139257068,11378.06554179049,7916.780056923702
9133.491553608306,10270.460117660876,7325.386442984994
7729.022572595363,8624.046980752784,5757.761510656314
6105.011420212402,6069.128212055909,5091.348689289091
7377.507178483695,6891.487450000947,5263.426249237353
5074.8158852925935,5107.230250073106,3291.10745489776
2817.587250728405,2228.895550878822,1427.1251269805512
1089.7361371630539,470.47925820719263,80.69250260671613
390.21938815305344,143.0070513748715,87.37451763443988
18.765613443315743,0.0,0.0
0.0,0.0,0.0
0.0,0.0,17.047107521789783
45.05607687345717,0.0,22.62996810748381
22.765549021413833,0.0,0.0
0.0,0.0,94.94149362847809
0.0,0.0,172.5225588200707
20.54983128835599,0.0,49.51350641205482
56.90713741048948,0.0,134.02051968563134
150.4336917864905,0.0,0.0
610.1829757262444,139.4979970375484,215.1766364074616
3113.163965462458,2017.9494327807115,2422.141646383485
5867.922204501809,4797.7070918615145,3888.259029856998
6298.459415017186,4961.6581235815365,4297.073016293091
7120.456797933525,7519.943241036847,5457.340196272105
5974.253289891658,6193.309872051145,4961.830360363135
4692.258472295554,4516.176543341072,3443.554827920276
4102.920065550145,4287.623870981808,3855.603035972217
3301.0808176691103,2516.6093949420156,2618.261940886064
2485.3181347286845,2002.6846750849056,1784.0496195921748
1992.857585791511,1708.6746106746932,1290.585828771954
1429.5929067454701,1093.0767534341603,458.3684716215478
471.9720217115919,326.89706382575366,52.45540518921996
346.7531693414504,522.6402802398054,49.49792001022237
461.82628981373335,422.66388911835406,21.673870477791965
210.72244429861564,352.62825695482763,20.70528583641243
130.36285505494195,207.66429340588485,113.9372199886316
218.7010160213285,252.61884870207388,172.7868050203991
181.43207278222894,75.10788845525514,138.26207352332085
172.26255879846948,6.233970460730362,66.96974119452648
172.54345600471387,0.9030171906596465,0.0
81.79144432023182,0.0,0.0
164.6466128381553,0.0,191.84675340862407
226.54749126159544,158.23222252631194,150.16213109527544
171.0877179517547,136.1988389256919,193.1572576582477
432.0565920324102,172.6802101872773,218.51365112072136
755.6363043547058,247.43923118190528,722.2079866554127
1057.0720020292708,879.8905114538027,996.9602220171917
1371.1070453024672,1078.4990750440752,818.941685239922
485.7943540647234,87.09193489022753,129.98404017930108
313.0747881832325,163.21692916697464,33.86870501922101
784.5758384282426,416.76820735538706,164.11237143193418
632.524472217599,195.77095317579787,126.13478565318611
929.4670381699857,462.76862938769216,0.0
593.9827382419365,213.41875587796457,29.018905396566005
449.6407783690603,185.06152869130574,61.05124363607405
257.35873466199354,0.0,0.0
36.46199845991656,0.0,0.0
0.0,25.814163937814765,0.0
0.0,0.0,0.0
0.0,3.0039603259891905,0.0
0.0,0.0,0.0
0.0,0.0,0.0
0.0,0.0,0.0
0.0,0.0,0.0
0.0,0.0,0.0
0.0,0.0,76.78716492551119
0.0,0.0,2.679672322060676
92.28901860460776,62.39717126201277,0.0
1372.6121789972178,1249.9698185918953,624.9040564289834
4482.792832557133,5274.144060499799,3742.883789695055
6765.73127123307,7090.733517510201,5780.610568085966
10316.601181694576,10781.944502466236,6593.405543658899
7815.74659101735,7123.515432691899,5667.268206448245
6981.559525622027,7564.606765216063,5147.286366296671
6774.549790318058,7318.596482852614,4916.309867051291
5779.694804650055,5717.7130411798635,4234.1639576408825
3872.6371316520936,3995.562119191904,3094.307832049039
3672.955275270797,3317.086210084909,2004.3477458491045
2630.9201790073057,1459.0015761673446,945.3247582833902
922.4097668409793,448.2869740951136,250.9941128436365
349.1397973954688,21.225203406879317,75.20205136797374
157.6916476437758,128.60655064861663,256.83353243703345
185.68207797501444,333.3763738050659,473.3664971953372
279.88242232810995,621.0195089520292,521.7786542666795
465.45059062243615,1249.8555680373747,407.6044524385327
1053.6964997800403,2114.107998501481,1207.807469753274
1687.4869854672206,2853.828554727866,3946.296027308083
2380.384127252268,3049.0664268695214,3566.159019695152
2072.1784217432773,3129.9201204458072,2625.9293811869884
1850.3139688205968,3943.9706911326352,2955.7012992924515
2090.171100570106,3497.4192394480574,2447.8370523766444
3191.8262139730123,5267.081219326243,2624.940762051361
4549.5194958811835,5623.9193785576745,2892.261465392137
6229.52527114665,9938.749347172063,4357.146209431106
4566.671267022125,7604.003953798326,3684.390309173864
3434.840034165272,5541.065424373998,2577.6927907167938
4822.8093720026645,6642.654614475265,4056.954444438296
8690.523898119689,10841.753974270885,8017.233113767025
10576.98784354434,11041.282867092603,10376.474322561986
11710.883068950387,13222.536568968515,10051.97822229398
10395.259661293689,13232.260420474135,11295.993313783976
9934.665650035327,12811.24225711674,10458.510855826842
12921.538549453855,15551.275296107056,12537.832755251213
15562.86086182773,16936.070355499658,15102.895783777993
15689.490048940605,17479.969057757873,13747.283253571415
17103.10158747026,17794.848688192804,15919.328693124282
17033.810388268805,18199.987017527474,16832.78469458012
18054.378856068513,18524.438217129544,16148.22723644262
17749.42015758945,18892.38613564163,15716.385860605404
17757.987229747498,18310.323668795805,14917.410458672544
18052.679828991575,18721.731270011787,14105.117406563742
18078.861717733136,18826.279018797584,12206.447870130023
18379.01938792664,18871.375275108305,13674.691834698271
18733.6612013813,18669.531727862326,12919.717062457332
17506.07270694584,18095.018435075457,13804.876969464944
17452.292875925476,18239.35077114941,14185.172915723371
17336.49989098335,18028.513019893755,14657.696863177416
17504.370343880237,17446.118513888014,14786.421453984589
17334.487859447236,17653.38042958242,13930.587428386125
16038.375052544803,16805.32183764705,13603.821832893624
10968.601382496481,12013.641631992352,8200.917749712551
11608.649306751122,13094.932124491632,9822.0944296461
12816.1616221705,13962.500243727794,10194.841361512948
13358.441342907097,14577.009482984718,10167.583479304883
12942.297087692741,15333.516119987667,10596.096907974148
12069.35818043802,13595.117157665418,9871.664072727495
8333.021627829186,9564.210011440811,7266.4335285348625
6720.187920818633,7394.932408341834,6531.380852449025
3320.5345300335885,2846.335797765724,1556.7253688946469
862.8989675444149,608.8140059736355,855.2554007571101
0.0,0.0,21.015323000910588
0.0,41.70274819411445,0.0
0.0,0.0,15.936447784099029
190.56408696768688,173.86288430558577,301.41146132623305
0.0,39.70777071580416,0.0
73.89365466134623,0.0,0.0
0.0,0.0,0.0
13.136007376458519,0.0,10.3827142662375
13.258385808363258,0.0,0.0
85.27822233580457,12.883284156625777,1.985633480338297
355.5311966663594,16.336912290848865,0.0
708.946165488272,445.6428424160117,1.532564635621263
753.2128386631873,425.62510417127373,26.019509925871272
629.6842002092394,334.86021967159246,155.5975075849495
871.985622096812,222.24776553010102,71.8831882783864
693.2260311748078,323.5344166747898,36.25712916927469
860.8732084874902,330.559830478961,0.0
773.4134240747194,319.7095338726346,42.59549662474886
975.5293318669346,430.0776846571491,69.51778538088504
1242.5956237248035,722.7624024364011,0.0
1904.666387278037,1212.1133083841169,174.4865901556361
2652.2224019643527,1821.129712890034,215.9290584811125
1812.535318280143,1824.9838117057093,477.0165038246652
4142.5319583091305,5375.587211738726,1567.7474737046862
4679.785893375027,6690.592943463646,3522.9049627227414
5091.672278792725,6379.380926178043,4028.340541273406
4706.326457449013,5303.115100012878,5469.241743086851
3739.97702727237,4979.963841318902,3585.0026145232464
3378.6357185631373,2323.4589692639793,1983.320471024712
2419.8587270373446,1968.2637672536014,168.99517759042635
3085.4146710225086,2456.2808327865137,1714.6602711604903
5064.588617921444,8073.417718221976,3012.1787134020137
6615.660025605423,7981.677638082506,3551.130920989271
8738.697935837592,10912.042455536017,4365.829006276373
10289.051193766916,12443.13598280274,7893.974166879543
12367.734867303188,14981.429007754925,12200.031043155615
13623.41877488222,15307.49787780141,13318.538916808257
15386.920586117947,15681.433725218569,13467.745257930455
15046.39793534651,15677.50087077001,12551.012301083689
15289.193790310037,16874.95103207294,13161.366951661032
16962.203083947774,18047.296929641423,15165.105738653883
17305.680537664677,18360.510144666005,16287.491311595642
17237.543120186187,18876.876004296202,16980.67034459196
16371.041552510422,18432.307150243792,14064.120157893612
15445.602021239354,17646.958997404963,14130.058912907074
16454.954285694403,17488.606893705262,13884.09576666446
17759.23825708687,17913.576214421195,15293.451851588596
17006.652262910164,17526.398671294726,15632.470342492075
14157.370391207041,15432.041466267281,14419.766861562124
14288.60660557266,14666.84899868848,14181.662860683802
12987.258437000317,14870.210093509717,13285.798684589774
12786.154801631863,15457.571664296516,13310.587235141214
13977.865219054675,15611.655655086106,13039.867937813924
14443.217505089295,15648.784864911002,13859.38476642101
14730.034175406176,15949.48185456312,13098.35471256586
14398.067145516527,16428.54570253113,13215.841120119992
16018.932346751772,17539.283348917743,14469.288539713025
17044.359358562586,17263.014406001927,13242.76956859726
16968.969594611288,17576.42481692851,13969.311086220105
16848.181686469015,18215.536328534497,14379.177316575591
16446.489251841544,17883.755131370057,14367.983128873331
16389.250627357138,18073.126405386,14294.466870631031
16646.44545670363,17227.789019676144,16033.38974103414
16211.645100500402,16834.651767971824,16025.347686439502
16271.46776622999,17330.051690377695,15018.925978681658
15839.803640488435,17377.50414377007,15282.4998198789
16012.269633661475,18148.558365501787,15161.835781258096
16984.859869768952,18367.446174291985,15107.08441375902
16023.098899975477,18607.981004192632,13440.07000123097
15542.9993349814,17834.16679333107,15241.042231474392
14295.374313536817,15875.47868516325,13814.172729337071
14190.717346736508,15243.766895071654,13745.992484858789
13107.080671524845,14118.51852991369,13673.287304833517
9975.199207943902,9958.095822977139,10600.895756858195
9586.016592640617,8631.567880487113,9875.49247498828
9655.91379004566,9412.321523993882,9937.474817874894
10501.575598271389,10545.659701394474,11632.861121518528
10889.856266753608,11295.574671144972,10606.226711270878
10684.258192179592,12111.287725193204,11743.273459194292
8451.720753644906,8247.03149445053,8690.34444256854
5938.43392350134,7530.207342181394,6378.102736458111
7309.985735031483,8874.303935701437,6848.871020144406
11651.939392377111,16839.193414154648,13937.390625553937
15137.025816899137,18730.267159597708,15951.178100494062
15418.498400144947,18944.944830994973,15100.1489318098
15992.010504489,18842.146192345404,16097.57847146416
13970.662710393448,15924.871967201314,12100.661381115306
14715.829669548648,16654.1643397232,12030.941940077182
16044.764001454669,17584.61004869742,13437.59683483849
17265.196525018775,17666.913025517053,15776.587752523084
18174.139409378986,18506.821533628416,13628.620917475228
16727.88548305842,18060.17193752545,16043.838348807656
16991.526945471316,18102.038823084895,14262.657374318307
16969.24900574488,18096.9008765521,14267.844342531827
16886.080340193945,18541.454857228255,14278.948660140702
17102.45588402155,17935.857886531736,14635.256371703385
16835.26349086686,16818.494302933996,14735.64632290784
14792.152009176292,16362.795827671956,14111.357501297922
14464.649382511654,15602.180232045328,14804.273921138883
14812.10947906678,15741.699587163328,14725.662072903076
14336.680233602354,14928.144684565268,14735.36538400592
13896.527103465101,14591.42527411377,14322.102985766409
13625.43944198747,14662.980257646414,14721.876625321926
13795.813658957553,15252.105685844617,14850.615403719945
14099.492082246792,15409.628221665955,14614.448036659333
13635.48662512735,13888.149740893752,13003.71143792632
12429.20783337173,11827.87648231582,11038.946989465603
13983.6639205416,14236.341242846709,13183.793449721128
15545.342527889103,16527.454816841222,14366.25375579793
15686.695449574088,16811.305831102032,14940.056728105064
15870.976899136735,16683.182094747604,15002.74874849394
16138.51445835127,16091.362992471462,13934.614250339422
15963.67455766266,15164.750581505525,13862.044018485749
15745.18417127653,16258.468686509297,15174.44039266488
13353.97430555416,14376.504738795311,12458.292269016438
11598.053180053736,12116.850960476108,9223.005489567677
10325.355533176444,12512.579537982347,9886.99122617217
9256.470286693075,10999.645825814781,7219.970748832886
6576.970072521754,10502.802123247684,7438.045435501879
7061.635279588741,10587.378559975468,9971.185686520772
6281.8959799264885,9241.044706992147,8122.542514301645
6217.3299195735,8504.828495733176,7143.082334737698
7949.718504778071,9762.464163531246,9666.810277737208
8768.713466732184,12567.835541102511,11925.729787306542
9056.675483334542,13924.700006025621,11355.804487745903
9994.626693490782,14183.417162169217,11701.330649124347
12499.502155611748,16919.966112555652,12977.1217429413
14718.128809261718,16081.411874304606,14253.217746906404
15705.740075092193,18326.086344490795,16329.544906579284
16133.469636029895,18200.81561792124,15465.84887962589
16658.734919748684,18404.317892693227,15231.21251221767
17013.966331943877,18481.92067721441,15042.388993018372
16685.307424197956,17778.87663001734,15430.469560152713
17082.580545013,18616.082577655263,14968.665674022915
17044.223845720637,18686.3360548636,14062.007429255158
16685.990814551747,17975.02605491891,14843.034387105889
16781.826150605648,17502.022118373803,15465.958181627024
13937.91378536834,16954.515626620516,13928.22944647763
14477.35566789729,16055.860478978495,14371.228493322707
13550.747335349131,13131.199897047149,12526.57810273301
12461.821874807574,13226.758302889311,11352.459084415204
12499.163252834658,14041.882484766897,11492.488227389504
14043.34016890874,16497.371885996283,13687.3993972791
14462.421695266736,17558.60579301429,14374.72894782626
15731.466696074176,18129.468457138635,15234.724472000811
16167.652446314549,18238.951925026704,16809.670675041896
16941.448543566014,18248.7643107874,15340.717597839954
16355.905674942176,17789.14799189735,15520.925370044137
15767.143792741896,18050.406836197304,15306.5109539146
16478.205345087994,18320.00917442558,15084.073227590046
15681.747503115457,18342.968849677556,16610.76772620034
15806.18318114195,17737.011947127918,15184.632210844156
13699.020591097238,15473.77030451313,11874.985628980856
13918.86919133591,15318.156229374756,12322.344275218386
14015.59355825144,15352.479726985755,12568.682652783393
14394.891717087872,17012.822439216165,13345.809259366104
12645.264095636938,15127.080829074761,11532.841905053428
12582.099836349811,14458.027549022423,12048.977658960372
12717.385075971617,14260.730744800658,11020.761386905604
11214.718532539502,12899.68328894712,8116.2263851179505
8735.544658084604,10840.225090076163,7178.083296957513
5755.6843074193175,7638.7170060679655,6440.551489181592
8856.481953457018,10624.7423424845,8725.374048427906
8280.767497565184,9796.958389712277,8650.576324899917
8396.716728624147,11429.944294531826,9692.627152180205
7234.189740931967,10762.000617320758,8407.511439143294
8327.768596007149,10767.482115854555,9279.31076419916
6779.96362063394,10474.673631475924,7659.582489674737
11172.735308435438,14572.84069915103,12147.530758415323
12744.85740635947,15163.530601950984,13949.648932196127
14535.533005639722,15920.110858287204,11709.101163062982
16190.945678943604,17414.96682627461,13892.985968032675
11733.747903855206,15314.744443374037,13416.658619622376
11512.783765897742,14221.017096454207,11766.710778283485
12441.691147724327,16302.004372146826,12970.185119012394
13984.978760543117,15723.202913722242,14044.9737170879
15169.599977936541,16791.942688698266,14442.31757705457
15246.13900994873,16442.529429517053,14186.322047500733
14629.611116465987,16784.37496264987,14343.001609300323
13772.392279382875,14407.833360775021,14547.085678495409
13644.48479519657,13684.309447361258,13857.5058446167
13205.18190316208,12117.656281106953,13115.731335855826
6447.844735097583,8515.707575298307,4289.968465205187
6370.432935301034,8560.799031522032,4126.822305272075
6679.1980666006175,8223.862891016439,4330.009201144506
7469.427545565989,8786.511545963713,5276.124210791939
7194.377411588213,8005.8673856852065,6929.167198330974
8439.678872467248,8842.313567275542,8146.338678708912
7356.966729780356,8697.415803138942,7582.554807026773
6533.980232377862,8467.408115005923,6612.499619848697
6874.0429581984945,7928.178517653782,7075.927228729237
7025.791405833323,8256.133565954322,7075.582306974628
6270.0617855913915,9052.730849019094,6372.039829829794
7537.306743731708,9051.893618530023,6602.8133883863065
7836.701684755836,10470.145531327631,8394.43282906227
8183.550200018211,9402.34014400522,7951.5395954585265
5616.194063169078,6792.493656407029,5384.833590192777
7922.970051190826,11037.346945066776,7524.950404721036
7317.686459330116,10095.323777738926,7811.512862422073
6573.798891851613,7238.136947602295,5538.400694727815
7469.404762190046,7262.043828304307,7141.833169236212
7245.319975839184,9264.258572133502,5504.851162446038
8417.391630992113,11503.30812417255,8073.622914965159
10003.133019466475,11743.977705469544,7361.583148385014
8557.151755144016,10806.345154872251,7140.971774949186
6432.357097350794,8481.746814822049,6287.293666348926
3194.001512078868,3743.18663343604,2051.519986653507
3728.326535745145,6174.859867332464,3676.721725455502
3001.0354247077908,5556.9198452280725,2734.3391735962614
3252.017707157003,2718.2348934726115,2371.564150372733
3433.520379588967,3079.264414840917,4070.6319754581614
3136.3126488845883,2915.748817512418,3266.8384267527344
1531.8434303687309,1057.9134740818583,2417.383165110716
1335.3395303926795,612.5975001547525,1538.355382007558
916.415734475887,735.8755278229347,1244.267407400869
482.5457007009816,207.59800470123122,418.0627712040886
0.0,463.3736833807592,250.4025797583724
208.36043452678368,75.5410958441319,275.2777066139485
668.9384113547125,681.6053292370271,517.0903129824806
741.2103710142876,557.8802715570918,272.50384531182493
397.94158375360837,757.4802108677186,571.1867557875037
82.44606339547023,109.74900594186866,415.0322092373179
620.1260842532196,361.30555120442165,563.2898941364281
711.6365538558659,554.7629649826355,461.9590209635968
446.54135670958465,497.75588247246975,342.19854979596136
431.36575211804666,481.17741686125794,410.5025547013991
460.0228271478247,289.2111667674738,96.99934350841669
455.0810080802133,192.36596891709635,114.44788001482227
422.76437831814974,123.34628590043022,94.00934344654851
400.0358849157156,283.0843704373891,284.44517657355726
1699.0179193031527,1019.9886921117692,1125.2510682819443
1237.5736898007474,1054.6683848545522,936.2359769631976
1632.5779134900217,812.2322464174204,1133.4828308114145
1967.5027840023806,1120.7237309565817,1265.615768716879
1095.5023881544037,312.98635763599935,378.59213126804
622.303553222561,219.95101960264017,159.63084809164644
427.9960841659228,157.18146642227555,26.62582547353388
507.80889479020254,127.15914779252307,0.0
249.91300252322873,51.481067981522656,0.0
0.0,78.36478474924529,14.96880711581178
32.96845063798571,99.39317019420157,86.10000704273418
1.1666875318563648,67.3072337902316,45.2451218574515
10.838141333445762,1.383711965670635,10.1340798418106
0.0,91.88597568194166,15.67265440064727
0.0,0.0,43.59820757987851
151.2482387525911,40.11883313378585,304.943643612935
37.31963860001223,0.0,209.01605579104336
966.3835147592044,613.2718292018766,389.763843450761
542.8548285138236,555.8031111903517,245.21972011075107
694.0609637674239,783.0065747212873,220.46230355641
1072.6382757985743,844.5646349281669,745.8823084750846
2438.0794757697363,2086.6702842672184,1066.4783728454297
2789.7767304378085,2116.9490812588383,1381.4206629133648
2461.812610737753,2023.6473804126954,1118.9119847909133
2766.979795264642,2434.5441110506513,1697.2231946951526
3159.7813562886167,2249.6309210985014,1935.8625502323987
2958.849528598658,2239.866862260717,1552.6984652493163
2031.9810069022205,1065.4447250267413,751.2024886809011
1161.084275726068,268.4727914246494,189.01861444332377
771.3711662937696,321.85961270439253,160.4747129863679
533.5943938285144,196.43264814435474,25.39513895662788
284.80412406897005,66.33779381193601,95.08031901286576
0.0,57.331631845435595,24.760947389098508
56.88067708776763,66.71719883726936,25.44318387178142
0.0,43.9191436777826,63.83008931787887
9.164115823871946,66.86011406841943,40.82124446521858
0.0,153.91733849882968,76.02173538175299
0.0,62.21308646794389,98.85477751806448
4.437358387022336,79.26328541125154,135.2899149723501
38.754409044305916,0.0,185.4709785518677
40.43880303677248,4.460721083642802,110.98545831200904
15.656436615464244,0.0,133.70467346966015
163.03331287376307,18.226454395006847,36.224112189388805
187.89263962451543,175.79425676042123,79.37649138608413
307.57448723213446,261.93607649662533,16.252852509094797
480.8290004204955,439.6887111578959,97.82251793695757
504.22320882150575,395.2311182278927,57.6262005469176
490.70423602942793,514.6666905339908,137.9509903076738
551.8514666925037,204.23719871056218,92.68408509776536
155.97013755920676,0.0,47.07915772355797
356.69619256632194,38.491990159783995,0.0
335.0210887845074,157.81006462416715,84.11109218623875
325.453350556308,173.70973021799833,12.720253960182312
385.25037586483023,348.39084422499036,0.0
578.1778156418438,306.4995550461517,23.56490774543516
422.0861866423563,417.2838888802447,11.690911357673269
651.2291828452113,623.4891230279508,0.0
392.50733689635297,447.47692852235787,12.19036906520205
271.7825534063803,448.69696080341294,65.35393170430865
289.52239635429913,531.7513195677587,156.9539420163166
212.72053197766425,433.80353209944684,0.0
0.0,115.44757765818571,7.050913313006268
6.49521345373487,128.82266680544706,38.49141249657092
0.0,136.32823146841122,0.0
2.468188157250445,148.83932574347273,62.33992048641931
257.0955174830375,209.51589890230227,126.99088399695444
500.1131347250744,369.79362360629847,0.0
833.1744385236448,583.2357423444713,27.95382573168
762.2258889947628,444.7029075120553,0.0
730.6773982965228,371.67522040100295,0.0
736.1599193038139,303.70439630436294,4.522296157819643
835.0832284174026,308.50945614617245,0.0
1002.9174195788895,595.3997425585704,217.21521894606485
847.9533886058263,563.8218765067601,94.64277243543202
817.3308758982503,609.6427079650767,165.00495297873184
822.5460392025224,401.82162170945537,246.28122252100383
1067.6932911864853,854.3776939916199,256.8145630551428
1687.4610322390697,1102.7237862788795,318.34195854772287
2598.482275054367,2219.7951559715043,814.0060979437415
2459.6446487766225,2006.9687923803574,760.8893457816231
2092.067654228997,2286.6931462001808,615.6864168332846
1696.221366960742,1367.2234137889045,627.9721085650048
1556.4854905213065,1546.2498328233246,1058.05564088525
1520.407114633319,1555.3839811141384,1259.6767319950577
1488.2028947438776,1451.590295340078,899.3676991822102
998.6076044177538,1347.4227557028287,807.9594032329555
1123.146289169387,1471.140903876899,605.7006711274722
1139.7699598662773,1556.2764202206583,421.373096801555
1148.0106288458694,1181.3846970772897,302.73389033113654
893.8608435278795,820.2673392101362,139.9309147725903
1205.5855199134776,1430.971218011688,103.82385663277886
1141.7244097468301,1069.7437823497085,249.60754636723144
1411.3480377642222,1288.2747401937606,56.3164652114759
1587.6916640142656,1397.5487964899964,544.5818257279687
1542.765320746508,1440.4898567694322,403.81924321177576
1178.2962176272085,1042.3141400125555,262.7656941680702
1385.0646661901528,829.3284581591292,50.9731590894391
1074.695328703986,701.1045550949639,5.4110389674910016
1098.010874685334,680.0221825812575,116.34780292602343
1008.7336287280018,781.7956581843205,105.7251374075821
1062.2775099096539,978.1213394165795,0.0
1339.976735314537,1353.8597307716097,58.23687158929378
1450.825745285895,1386.7689672046388,216.84864679074903
1467.3661507414322,1409.999732356631,376.6006555400824
1281.4198517913512,1173.458197685461,396.93697673788336
715.2325876275817,723.8867596130051,126.03181980900156
644.3966293997968,692.5224716110177,272.9142881628346
401.05365632385053,551.5722482648846,169.05905604305696
271.0187205448476,386.67781698839076,120.990376196245
275.150119556199,502.2793584374048,0.0
119.79388390519495,150.2838423585926,97.74093821635368
267.8926334796204,285.5529748054905,95.96623078460992
96.29698478214348,95.67638940456055,106.55114936105436
83.01124621925214,117.05528162522961,0.0
274.7487022759444,241.5768965679161,0.0
479.8519988573114,296.1504112886411,0.0
1149.9845940658915,301.4129270300811,36.506397860906524
922.5403964966954,442.2844283205602,41.20437976606559
410.50068328080886,42.92394676620318,126.57386782410072
600.9028198908256,299.91417978704266,119.96555306795416
498.82168532538003,3.353539224907129,7.276118012440007
201.13990207736364,26.482973104198074,0.0
318.36298051146645,33.42836873337865,38.663726498863866
357.7360452929277,122.38869816801568,42.85050250533634
650.2578680019069,158.2648735034993,43.90561642535841
554.0055750801814,227.84808892518353,45.84334861411095
613.4946296628193,225.55885819902613,70.91834953912608
569.2603320758717,106.13793888092243,55.32057794025727
417.9599629711493,185.91653639983411,68.74254098547738
62.136760750621455,0.0,123.09918069340708
0.0,91.22095894517946,180.1632501134896
11.402828140861676,227.34382521646157,166.56114826854693
76.05342248183923,307.20357917670896,104.00746558590944
3.1472603972849917,265.0423594853602,65.57697048986527
411.3679638048476,726.881737205361,392.5133403907702
2305.0447159972723,4368.269002974328,1658.111226686687
3141.3370316064547,5539.085085439278,3536.4814940190727
4507.874579312412,7776.221524793188,4194.715469264186
5679.034808659525,9588.802330555294,5548.023729445194
7735.30995275405,11030.103017263154,8528.90000978656
10331.17687531252,13633.474438644695,9597.911335392024
10148.185796968666,13498.016403418032,9989.30064090741
8544.267191330542,11429.049299408587,8509.871320491098
8084.628801905933,11124.324842527873,6906.647991213
8591.40500695102,11093.99950152998,9468.841079856682
11745.536553384762,14194.460664003589,9611.130455414375
12929.24336455039,15010.392318138312,11570.060440994092
13422.984806948713,14566.387329446592,10822.831646915238
14505.513944329461,15182.029837117172,12991.637259798656
12263.026192408171,13736.968571540743,11785.752554154227
11552.771128903158,14157.531522597717,10230.873312505002
11060.5927040345,13435.125337649362,9986.641692529272
13543.273299122353,14315.108382971015,12176.266550449694
15477.28203309151,16626.36219658108,15102.755211080905
13925.848864256986,14586.149141176335,13000.496585960684
12796.352120187757,14346.169014134453,12545.64892189517
15769.89341022724,16557.141137869305,14208.09460961866
13094.826864738114,15433.448363943295,13620.762308147623
13654.983763835427,16018.301652808817,13861.195126321782
15482.09968814181,18251.202383882068,15264.81754487059
14535.946233694578,17052.890884002933,14580.395489833883
12628.935092228636,15505.385127545178,13809.15712844289
12036.134579812202,15023.356196990606,13719.801723010549
11002.7814560272,14331.669977063078,13774.385460078804
11144.055371422366,13442.285506124563,12556.76814449722
11743.181899985344,13605.421492334379,13666.913568891236
9575.727026981458,10879.347071457176,8261.463625477876
8739.343067093205,11762.198770635036,7005.979262654313
9236.516526694333,12124.513279479168,8767.22298069927
9376.688491037105,12657.487750452987,9872.016570048889
11531.08031148151,16059.957083249501,10881.46623741489
13135.004663369613,16070.332392906972,12718.763984117344
13062.830181505655,16525.626983491133,12868.953842245908
13787.674113956882,17189.319956831383,12771.143875629832
14452.378830934893,15715.199087162362,12218.125706293233
16722.799550198855,18285.011649089236,15803.910603085018
16117.406464403088,17256.62772804078,14866.958345510442
16183.25298670386,17434.019001233777,16049.227526855995
15210.19039881869,17133.91603401889,15528.88417982309
13971.717495896688,16810.944565214937,15173.820593336368
13484.759160175821,16134.728882877174,15244.851995090425
14125.028880622214,16445.142232492188,12973.49752943959
13065.3564991718,14893.117110150377,11846.02807927984
13701.373117772853,15685.47101993886,13223.680995444493
14381.493779433482,15008.872829202035,14871.153081331491
15316.577712454871,16876.35910165796,15037.084390545082
14931.229720896601,16169.868290374972,16197.51508885521
16177.775146369631,18004.12929567984,15686.173684134312
16116.523113641759,17783.064074710823,15285.353698071607
15894.013736553841,17484.170019605586,15535.347651945123
16577.71281032896,17604.75990921331,15437.944521957525
16941.665065955825,17652.452069364976,15651.840232796389
14910.27100096008,16882.43589600328,14755.762204103992
14884.891679952025,17125.960411019172,14966.097404727732
14396.893156332191,16445.342645976194,15009.02455218668
14285.793710118769,15588.944597087493,15805.610623807535
14437.177765004397,16870.751502673364,16213.886144192778
14550.390338386145,17654.946690240777,15062.711510837433
13004.511107316255,15702.528753684845,13238.4866109644
9834.23186126398,11813.146672762396,12832.157356917482
10507.17786984591,11355.820093834796,11283.380783401177
7704.732950471866,8700.452579949764,8050.921813789637
6503.778220710255,7856.052524805701,7709.997699552273
4742.814178148378,4749.931247696019,5809.77790098108
4774.821636609517,4398.458152016192,5100.977518386499
4406.7257916394765,4872.907326874407,5692.852765787435
4882.531113695066,5747.873967289853,6016.757043527847
6744.3358952021335,6755.070062657043,6247.943711304572
7565.019773681525,7172.27135564651,8428.33909312931
7058.452253551883,8742.175585581797,7233.836629260749
7053.712557581253,8150.006485816611,9253.69159382578
8452.962810228439,9327.53270712551,10195.92908635602
9878.195202152288,10149.38832527943,9689.384861162938
12565.796784028262,12695.534597956044,11800.47407720653
12645.875521194333,12851.164101753564,11671.661478551465
12354.013197366934,13004.560446098842,12067.279021610364
15628.175193441888,16751.337256776384,14441.298575651534
15520.00168986846,17148.287516107004,14014.59181896829
14971.126145237706,16296.561028170672,13834.153773203232
15630.568554225189,16538.935770282817,14356.978204718836
15225.170079658332,16842.88961240472,13127.564631003424
12174.653302878458,13459.36362177071,9487.35887713045
8402.934235645534,10032.512700678431,6881.977662677979
6503.80835106686,7377.399563613139,6054.958338246021
7313.903257221028,10385.000595801632,9042.832277522848
8017.586558042918,9993.970658338205,9885.872816865023
8987.065352307538,10338.56989340479,11417.426130639746
7858.049183994732,9278.502197514694,8895.228462219526
6224.002928353168,10118.759677538545,7278.62331099546
9330.531697543154,13790.180145468657,12409.052139215451
8103.4738645723955,11779.145991968626,11336.606340424152
8585.380048400006,11620.914851423446,10914.212532976424
9773.51274448177,12490.211581490044,11855.026456979587
6089.066296061688,9480.391071886828,8014.378836691891
5555.142518909653,8790.68698963541,5483.289760598716
6159.581428812804,9023.98541127985,6624.01794288627
7926.107566641197,11616.75525361836,8546.350083815396
12765.72266125356,16263.569043064581,11799.93402713967
14227.295220853826,17597.177828342956,12690.006103921412
14876.738147431995,18206.130161200133,15342.063238110162
17002.712356668442,19301.33027161038,16826.77123066837
16577.634190104105,19318.990625600978,16873.757457360276
16315.012320166334,19413.34486360197,18102.78808437532
17728.867928946544,19578.513493473205,17950.64871693549
18178.68582269007,19305.308704452917,18220.179340082297
17722.904881944953,18968.878545419397,18119.711178204667
18472.75410451348,18789.371410518386,18077.685813647306
18172.329579734553,18497.744613435338,16397.19316036346
17772.48271164439,18151.432720095763,15615.316329943094
17857.829814768116,18691.50801204368,15685.01010680587
16752.193239033466,18249.18798272244,15777.030388282095
17013.479894963664,18337.707270218052,15089.524333430536
16117.180510837714,18234.928260976376,14673.400375180749
15843.889932649214,17878.29171922923,14331.427659299256
16401.673759596342,17420.27607617137,14254.426981846282
16049.594990348018,17288.405615999116,13323.40160012815
14818.168007685403,16217.207947063547,14071.260721360675
15052.459140819912,16308.059991992788,14909.387425642954
14730.910288817207,16410.90713920663,15108.80450213098
15129.49524802549,16697.6101728947,16020.11123936299
14882.94475628194,16472.88188373937,16924.90741778136
14901.610870471368,16477.84729396719,16854.519395923387
14898.913114106927,16310.441934209706,17032.793978249138
14468.568048898436,15927.783452143976,16773.263039345697
14874.36448184854,18003.826254996748,17101.017889505376
14777.659270127408,18073.072718308147,17631.89941317069
14601.196592631664,16936.665030188116,16394.643378987483
14458.860436421319,17301.820851890276,16242.69959395252
14256.958172164732,17433.10813376172,16150.706097290038
14283.711220414001,17593.755724907525,15508.947861305089
14492.768252633437,17691.021760995794,15085.034553936532
13943.931462197315,16911.566302936313,13907.085375247732
12554.897287523017,15594.68458376071,13475.713781665752
12117.775963106724,14740.457738425986,13874.682228299976
12218.859988605594,14331.990246504085,14470.14254782232
13747.223335867347,14599.37149114331,14738.712140035132
12389.09489938675,13477.851098053648,14306.730797145025
10271.815682310034,13607.005522636646,12787.887677476228
9608.753662751978,12039.830318436609,10228.02899937097
8780.299914622228,11648.01977098473,10098.471804913312
8976.657265339116,11473.913679864978,9808.171126207631
8237.252887454184,10455.90788311013,9724.394758268489
8065.586848919068,10746.49052499389,9402.169297037197
8676.653531023154,11471.278695585586,8367.586539944728
9626.717129603936,11660.723862996123,8461.90558673962
11602.594936228768,14991.266973214882,11788.56168720279
10875.440924317038,14749.974298580777,13474.668444969988
12962.260934320091,15916.784485814977,13852.13156146839
14929.038663830532,19021.70877470855,16439.80755704735
15132.689756216769,19160.994040098318,17258.985162655088
15739.0802420792,18755.461104818616,16766.2598540178
15955.898402616836,18250.42684069674,16022.893359606294
16438.491271173734,18559.707744747524,15968.598160394396
16291.21014643745,17943.729500785576,16293.03846221201
14815.386804746857,17628.727249444833,15528.585790397015
14346.936986220167,17613.43574801322,15070.054277280018
14609.980717398541,18014.153047898235,16002.9284168372
14323.677318579908,17598.406045738455,15805.914482497226
16193.48614633413,18477.19593060456,12042.620707785463
15980.812536273063,18491.574518775506,11180.810964731776
14595.994543762157,18312.85370760719,14713.889144381126
15539.744201501844,18628.618530728338,14974.154702896116
15484.036443706102,18233.30319821859,16245.844624804922
13723.301203646373,17585.552551312154,15763.19575020429
15163.480910202414,18030.932405475556,15247.03330209194
15222.154365780103,17978.124818932414,16032.838348932935
15132.619499508342,17799.14651296452,15621.516081309812
15328.300223673526,17812.05651869799,15956.714293539517
15918.714356905288,17819.818236354673,16192.2652169657
14430.133158465433,17283.64179169018,17449.966458020175
14085.454094407289,17321.62803089665,17171.418816689995
14902.803603569391,16947.07423001017,15694.304429637465
13054.695246824162,14023.208036654636,14046.115994283387
10350.660679297853,11650.164153078924,10283.272158887205
13432.542962274749,15161.370619258285,12907.76284331772
13771.20957192864,16098.01453876684,13190.75297199793
11024.264436759824,13387.857558659458,8285.316317164858
11078.379699769901,13817.625934690257,10084.291535094791
11755.605125313405,13702.859677856739,10074.32481703005
9777.078747504984,13735.021867642787,10908.766415722892
9782.690267574419,14138.349587081333,7925.918668316309
7135.301066180738,9412.256549652811,6730.431716591807
5946.055955021402,7864.896669137649,7653.699425738291
7776.325247328034,9134.07764742099,9876.31379466382
8909.91412615583,8954.762612915785,8856.222187507678
9340.239505365163,9435.525987425961,9130.737949859693
9059.36710936341,9735.045046209669,10323.571504607164
7622.794736204071,8323.136665024886,8855.717995206933
7405.2683813987915,7121.203324394415,7790.795711844098
6354.098774768559,8070.0709168190515,7250.770447679385
8133.441734048857,10793.539050749801,9095.981879952138
10355.82868782402,12392.859908408042,10033.768760374316
11978.468489855739,14507.242989746832,11744.520567462903
13212.17962571852,14742.693430792697,10321.249315747007
13041.477273931358,13950.648718812112,11351.405854824694
13478.801410568269,14003.834273509054,12846.73372182906
14687.545405992845,15120.278339826898,13533.505747034182
14214.377965783913,15656.580076732927,14154.94286017232
14349.32524634406,15893.756517943799,14511.07130927148
13389.014205069969,15344.75918913197,13079.806233187106
13543.381007156408,15654.419644574407,12417.63917366579
12563.210733717782,14580.239371940359,9519.70634556754
10081.086979458722,12209.03470742421,7913.694457462673
9579.378964080212,10924.662385527465,7050.449981205712
6194.747324920905,6538.234536314505,4944.087838042288
3316.6298406364767,3363.9030414494728,2494.4717185247623
2067.19302206808,1859.7078444103856,2141.31755308353
2171.7468882831154,2210.681978326913,1826.3505314203403
1400.731124038511,1529.4146471187014,1608.00183391119
1900.5276504788146,2389.936007731574,2123.0397047367
2053.188439900483,2806.3138319535756,2213.437931036169
1978.201097235885,2906.3574761628224,2324.1561943714505
1923.401188661078,2028.4269050024561,1840.756664588556
2065.3907253387806,1735.9876777037716,2238.3786073420583
2798.824408997745,2203.850251346486,1970.230035536906
2330.5441802335627,1872.2732371490947,1633.9119863824371
2394.1522479313553,2633.4623611254556,1933.43973301664
5691.4379290330035,6070.854072780328,4004.366110351252
5852.503676784039,5583.691599867813,4244.466875195294
6549.074075131389,7801.305405209968,4260.701165379363
8701.92049906413,9903.576311884264,6979.746062733066
8862.757234091794,9525.051601977008,6534.135651914351
6902.075974984289,8641.708247374887,5752.233249465644
6351.780630945655,8055.424512783726,5567.705405495383
4746.148843544696,4367.720173178655,4078.9286060269656
3548.0064814285006,3560.706882851516,2617.214323096696
3705.162450431226,3440.246461073851,2278.081226215928
3605.9630569424767,3684.5989372235013,1483.7548274763449
3201.3962618779688,3655.650514188949,2993.6014885353343
1934.703834769952,2679.492378721619,1501.5243988535933
1662.5111556449135,3049.231307504994,1191.1661853105034
3640.1224103873337,5001.459023545624,4119.151948284012
3614.926374811115,3643.3469795236165,4102.928643332784
3902.765132689458,3884.449446664581,4189.299747574893
3662.795503609138,3689.9637519140374,4180.364262783237
5191.162305152299,4348.901904911667,4593.467767034178
5467.837267467086,7322.271147862273,6588.76734886149
4017.0041349867524,7888.836613069422,5446.3713590779535
6072.774446696249,7627.365828758522,5368.239497041379
7237.957451109655,10591.593906842882,8155.836587438786
8171.253376723327,9674.862008898068,8593.729364508425
9199.269079710577,14650.819915953602,9339.11874867646
8873.186135651353,13003.104511197833,6548.602688361108
9254.37524846374,13986.90066506288,7583.7446554934095
7359.798615467265,10176.709854109537,4815.088053843851
8225.50968835039,9893.089244294168,5248.271658362631
7598.612655777615,9492.83528297869,6070.823391571637
8083.018705578281,9557.737912608034,6059.407510533498
8487.605894112809,10000.898250490507,5851.385680042159
9078.586581547437,9946.45032563685,6646.793546356762
8039.709397516494,9910.955165180803,6087.665200045281
6911.6489450703,10307.182069299863,5592.6750017010845
5591.357912718199,9628.74579609554,7296.368400507955
6274.103953098434,10709.992070054843,8271.526316611722
6056.2375590362135,11525.365109876082,9430.683797286423
5900.5603743805095,10954.468281660338,9385.074611898695
6771.514823243584,11848.476181549164,10269.833563665865
6793.100470501091,11351.29885847306,9695.161456595051
6798.248809634157,11006.921618209315,10030.925115416978
6783.08972310081,11901.423670951091,10096.10696391764
6331.694225994636,9155.201250890788,8295.580947223245
5198.16626094484,6904.240222749417,7225.744397939947
6288.334182354154,8303.816430680989,7132.284256665156
7181.867217614383,7286.978255838158,5998.361932955084
7269.715371158459,8177.888136357571,6266.737786711339
10479.91720147553,10615.904698657268,7026.519275771067
11344.910973208667,12504.57486498545,9552.835491948
11509.159804526498,13597.142125767612,11528.17590497449
10569.238794531448,12287.20450044677,8980.333050600642
10159.948360002438,11759.22746855411,10654.50754262527
10788.58401358713,12069.09498904932,9356.45864900367
10854.425002787288,12920.639493701834,10258.97515201664
11532.298182563789,13280.95264699971,10363.729796844304
10798.635148732454,13549.108347686453,10933.733744666615
10696.601217021427,12802.781964698994,11257.26958084065
10095.709301626302,13286.620067822963,11497.187313750048
9245.231405515578,12678.248218773439,11405.163032733435
7872.581869593374,9255.651859521182,10156.17323076654
8976.035585618067,8837.246361118287,10338.628573855143
8932.880369635901,10475.85901274398,9400.531686590724
8487.20845012104,8865.59134536674,10000.5649058703
9415.28030403628,11450.504683140281,10485.926533485446
11633.161489722545,12744.832400516803,12885.525985446971
12331.336851798735,13039.04206345397,12979.053107491382
12204.15824291909,13706.387748407837,13354.783659229048
11785.291990649303,13254.206723000405,13320.506394664186
11175.807872928403,14138.856782719042,12444.30645612562
12401.550815545317,14986.103854054665,13323.285867698773
13840.546208683872,17496.075466747687,14905.515728505898
15973.925751460962,17999.62510760366,15171.141431990043
15972.097650575157,18687.847988869293,17004.667881694495
16117.09108536683,18847.816681265944,17032.13030710987
16324.938216472421,18907.983619583578,16831.618960182153
16121.545894881823,18779.580240451618,16396.74563726854
17422.031662308626,18485.17058664418,15999.680609878664
17242.240426862067,18758.458215680672,12280.507676740466
17662.11471771147,18779.0376470287,11289.904795175642
17180.464156895316,18768.051916921897,14367.76958901349
16652.43570336009,18702.604857195765,13885.72470606432
17314.990376461446,18505.334935793042,14001.887090077833
17369.312177533648,18179.46886761077,14502.088051921071
16557.274528672253,17960.225132351035,15081.23493519797
15378.010663007875,17661.05150524694,14309.233181823813
15476.991176392343,17896.414890466946,14870.236767638366
16183.959064392347,18222.112774734247,14782.07538567354
16365.216896736689,18154.313096166905,14305.073545392395
15998.05285877792,18051.45864293742,14235.366720647684
14946.55909685667,17697.981704904352,13920.159863724532
14960.907674338361,16746.61320081294,13981.601301348694
15194.289177529556,16651.35454373734,13445.827064517036
14943.78611395994,16522.592369329886,14765.73557808926
14536.397712677179,15969.963656431739,15237.958570938066
14663.77727431945,15962.315611225555,15498.96437839688
15156.171002072806,16684.99589370013,15064.713488591962
15125.834924636802,16599.108657633158,15618.079663933257
15035.009196927831,17298.267834446346,14315.331129632
15289.03828335273,16694.967390975922,15320.107609101064
15204.662283510565,16623.82243221717,14794.200442424892
15436.39875127905,16704.55290121078,14273.891056867978
15294.293020173043,16256.04109375819,13041.523836095032
15200.645034564517,16409.9366886147,12883.343807795703
14675.059047571369,16303.982297554609,13048.767942592458
14873.22229429369,16605.27508558617,12874.661899231092
13941.766470452067,15767.019132574304,13134.911190697982
13834.593977328886,15738.85017499887,14412.714174402776
13868.981431400347,16473.006956571488,14952.154507701143
13341.375153099605,16386.440683569283,14899.450607447903
13252.349640825905,15238.393200381866,14924.682296943516
12316.287731312288,14690.119259651323,13258.114263271123
11721.121139931778,14257.992067770167,12267.038441545626
12307.304895010499,13359.893438313788,11156.862847211914
11756.794694255968,12233.948577172565,10190.991778148356
11686.378783446344,12232.206817519733,10659.357057748266
12069.488858263903,11701.405806608116,11427.246623645737
7878.121954912162,7938.87085687047,8748.511118446762
8295.162158841564,9314.345218026247,8689.66435131836
11203.320614143346,11786.647986890806,10411.01562496787
13835.46446842232,16126.422267618018,12067.132933253775
15127.061860886994,17214.06378933256,12954.483925406812
14630.425149509649,16329.355802884376,12877.437179699262
15557.634542778276,17708.868334461586,13278.745489857938
14901.176869770808,16898.035462808853,12826.610037668584
14247.894005920158,15964.189545974552,12464.503711220506
14458.130929256364,16446.26433809051,12390.684519162163
14590.076604248,16428.34827512913,12569.29165595362
13300.69478376531,15014.46899478702,11120.083800302828
10228.821077009858,12776.606174086011,10368.632707938226
8893.097515630645,11291.689972392249,8578.126928644564
6603.808171460759,7485.611015864579,5089.989857711875
3249.0017512108066,3119.4953873230256,2508.5518013473634
1757.1010889445852,1492.5989226013328,1347.0076330897073
1906.8434838420774,1099.6032101500195,1511.8315081066232
2127.312027072319,1164.1303838354688,1361.094348888016
1977.0701603814466,1328.153245539096,1616.1004556876956
2761.9954238411924,2246.636272146216,2473.535442688396
3791.1593035207634,2777.27293707288,3887.127861223008
4570.313392012592,3333.2680099350673,5155.194086995251
4953.087103039499,3446.061468046682,5521.206490151797
6250.397957889329,5457.733377143492,6704.401427769067
8579.509790971657,9429.97828688768,8933.963997814863
12026.413852337593,13125.538346265172,12180.615695525285
13867.452615423572,15837.000445441989,15177.225233533843
15265.03014044268,16635.573144666432,15875.6293231841
15492.251826793457,17568.72085367804,16448.171988253165
15836.646667098563,18174.81371074525,15118.449701854406
14868.081000359498,17035.023685436772,14966.5438815066
14400.682967974994,16899.656701646403,14705.459556774656
14359.949249893993,17361.899580737896,15597.787177085018
14688.385940278613,17011.460772499042,16029.876230483273
14155.919125963332,16905.724849026617,15134.178519286612
14144.122265681717,15150.490054976037,11054.33985610612
10513.744271516525,11984.391692571224,10530.636627780725
11223.297902241924,11142.355466269937,9378.370530723356
9153.854339926682,8531.00587914052,8129.795699081703
6003.424285009478,7212.380607955442,6793.914665904585
5707.980234555936,5924.1703759933725,7527.184316948033
6701.837592310736,7124.009366756573,7784.548420724337
5373.664608137555,5365.846836171738,5639.129953107466
5920.934408160988,5425.6461392376095,5794.175386724687
5953.420145759949,5766.391002939058,5269.360409032836
6577.1012956134355,6958.83784100315,5868.290381164622
6140.25276349216,6331.483712133714,5748.701836761317
7542.104595963245,7925.106349957493,7135.702477041067
10600.382090434641,10351.2892105798,8389.1966115017
12037.128764568555,11473.979413953679,8193.94991070354
13660.63504986157,13424.555602601687,9118.997995328074
14646.883681073934,14580.18968238702,9928.21516488997
13934.266069838204,15254.073448245994,10561.113281857854
14356.532654680832,15671.509731300654,11803.279111957474
14405.422420496801,16573.251692214806,12513.970577570182
15075.603818149091,16130.399755877417,11847.070592241053
14136.489459213428,14875.113706173872,12365.195188342846
14190.228301792573,14593.419612638017,12893.208364188573
11417.150088419794,12872.057408294217,10527.619825581003
11596.922966253007,11750.474187894006,9411.998592842565
8569.952528436597,10959.896221334102,7819.2997241387875
6806.406127797579,7611.827883058191,6426.707792913587
5233.266552596289,5632.668641240503,4141.151421127327
3892.55882746616,3227.14960264693,3732.459309230956
2784.545382913347,2862.294661468624,2199.8481019297533
2326.5760304379905,2210.460141731297,1491.4541621851647
2794.0883772483003,3181.1811648875027,1865.2340004847256
2869.8432091199857,2843.269858337055,1955.028765466334
3093.094880744411,2202.662112046094,1874.7887467970188
3025.261315208259,2410.524121673503,2152.461816103385
2083.4962524709786,1666.261492136531,1509.2554393931412
2201.1975104496028,1771.3364405549373,1048.0798176032488
2383.9591408808346,1780.7072270970832,1812.6810585995768
4727.852389665819,4346.961121587494,2797.415754043934
5948.655509495197,6142.368417431754,3947.653900663406
6536.546741696771,8819.091079312795,4778.631820925689
8395.614716786113,10064.522930360416,6431.753060807269
11818.075564407105,12230.03855857403,9661.317679369276
12107.30226151188,15009.268724427578,10978.947127188512
13092.788028138326,15921.822188965949,11798.585427860568
12271.51883834562,15990.313065841945,11805.341736270875
13020.712364259813,16755.787319738214,12423.029479549225
12081.816657841217,15626.8109653326,11032.09603537446
9813.270043407609,12321.78140136256,7922.758871048192
6816.099323066083,10744.772738323212,6391.361267605644
5962.369144191859,7622.398004355059,5254.178898447248
4093.5615750694355,5237.708395026216,2837.197381677898
2842.4419299038063,2685.6821824902877,1838.05816958653
3364.606578274165,3046.46362353519,2263.379099598257
3533.7427616358405,3194.941348343905,2380.3302864028165
1762.93181144161,1684.0101962293675,1530.131183810638
1351.5464099680726,1276.2038200666443,620.5608494736393
998.0178456251705,955.6952065764638,1169.3796082530946
672.276995293409,578.0731576614348,326.2278216486735
182.4497566540882,0.0,26.03977844429357
195.57009583811356,160.48202106238904,47.698322662086944
221.24671701128386,244.43778712397054,116.52570604589351
365.8259699623905,267.4498308510899,0.0
295.6894656935459,188.7480982781976,71.91773346131062
657.6129330507936,293.0358829173122,33.44496418237988
1234.1753130992984,959.6620566007055,254.79158232067732
2392.421180811511,1947.7553751002304,510.9637512219441
1911.8457616765465,1898.6318127643033,474.1116043293703
1486.6993033562162,1179.7321755279,237.13093379698776
624.226867056148,187.99749911030392,134.79941532129513
907.1360384221648,386.75375003298683,131.10882440953876
624.2631557754894,380.2037097202563,0.584658668905861
684.3764794247213,469.14055334923665,90.34600199830145
510.6875565314185,106.20039235026516,42.19046990296332
253.2607926568167,4.225071364621812,4.73868068756765
15.359192030374215,0.0,0.0
0.0,0.0,0.0
0.0,21.86153903243148,0.0
0.0,0.0,0.0
0.0,0.0,0.2513404994585002
0.0,0.0,0.0
0.0,0.0,0.0
0.0,44.43962862284098,76.93919021838555
0.0,0.0,65.59213679190802
116.00728430456167,0.0,20.035515445449416
222.9581792712193,132.83115729855817,0.0
425.4323798678267,290.9854928709514,0.0
718.4079570397516,257.77484138815237,0.0
517.1296889371304,267.5878699795408,0.0
309.93668510120244,302.6353651105768,0.0
518.7870424426678,129.2502837251013,63.65311301278405
333.91261150468824,102.4564228721683,42.299116872657855
457.97684242255593,117.25214772914819,65.38368675690515
429.31545240754986,0.0,37.17169930266424
366.41387385552514,51.5981236023711,17.0460654097464
335.54170295620895,136.2307504937889,19.280294219965764
479.72330135081415,153.89797270065955,28.64856115288169
362.7864599535656,128.07718863276477,7.341422260951369
23.43459936388977,0.0,29.99166791787228
121.23525336602967,0.0,25.326846583290763
84.22103165759624,31.320616204843432,0.0
91.51662639676037,56.141917622534194,0.0
51.50742994126382,121.00488291582282,40.94791390960047
165.23419060660405,95.36751493140545,50.169142643780496
75.9086385404296,92.85864950257185,9.47691892054914
103.13521980996234,4.373698735175722,52.68831867050666
85.63519671635618,0.0,0.0
30.775537336075047,40.85200071311601,0.0
57.16657665546997,94.88011707214973,3.753287462774872
227.94663001340328,18.378838077550853,10.28709536813004
437.85977500044226,92.19299296378173,0.0
537.9821775978737,106.59062624297178,15.020451411154491
602.4782233033332,304.35937333261603,0.0
717.9308109794323,439.1530222567889,28.97467661970149
2094.737234900044,1989.4113875932303,406.8871285120202
1824.1101903212348,1337.374796511787,190.6428074175988
1351.5056944073444,873.517975821593,141.66735455577083
1509.8619288311377,707.9690657532783,322.9217586621692
937.0370491571182,312.62512893079895,76.19993292795493
768.9907495510947,479.0749681456666,43.16892507431106
465.645668873374,263.2616728298033,65.9250888186931
228.91232120654647,150.46545110215138,10.850937748913545
12.39477458758821,99.3613138542203,7.52766289860731
34.613220732118904,37.591626811321746,11.79969594677296
46.802234542366634,0.0,15.76163037900488
16.692754891180225,67.81914906989148,24.114887155575936
7.759926410149497,3.942294546766398,50.327577894103335
96.89892228065683,53.53720248744731,28.524786671103225
72.99860892816466,38.3436590931434,0.0
94.40051948380035,0.0,0.0
25.724299691121004,97.2636663037481,0.0
71.20742927902916,12.898672784068168,0.0
157.26158908092435,10.19748591245662,42.85428609586055
339.93460155858793,82.34702401145154,11.672818970250647
468.4908311707021,134.8605611068948,39.20925828135353
448.7033007006367,0.0,0.0
771.571217888249,236.059360024443,0.0
1124.0295909581403,539.250539148409,0.0
2735.492230013328,3229.834205447583,1829.5351718434097
4656.555608025244,4579.857632842843,2496.229636581812
3437.519185522511,3225.3224032605567,2510.1914568299367
4333.228533260756,3907.331205827479,3261.840321684212
4338.449637198842,3470.0106765807755,2507.194667263592
3063.822737724459,2759.07252787449,2248.2816939448785
1977.2631856410362,2001.1059307619946,1271.3858124966143
1626.4360061981192,1077.0112522438035,629.29304849076
880.2775662291983,409.6348879710659,52.67621900434045
62.82400996190834,99.34060047826463,51.41137434871453
104.78865569533212,106.10497346399286,191.9909632641851
502.8298184114122,349.96048891546184,567.7241831595721
402.70649040753153,328.3120057238892,465.9757147159275
97.12616105392496,120.99673146806532,458.9070671263476
156.48396921787048,94.6932593573557,389.87183033514265
366.6063491049597,130.68433801395187,154.9182746467027
1146.2133748971398,778.185455127289,1030.941081477635
2541.0088241999306,1588.9443920199108,862.9270416603663
1823.5720593073338,1512.5192512914914,836.4689056908666
3439.7592238789402,3337.4110050527324,1972.3235012039268
5378.428757138004,4762.765390081438,2565.588088203232
6093.353485861865,5255.061887967416,2906.04161556652
6531.643313699723,5249.767101996834,3210.111252854701
6695.3893444801,5864.163975783512,4804.3936535345565
7324.429500513392,8626.030119400088,5736.210114138619
7999.753608658967,9777.827529538275,6509.090415310946
9318.71233269318,9625.058980802874,6978.817826068909
9343.421441499342,10238.60918423077,7405.022993802583
8760.79953239853,9748.75901088997,7285.612958851567
8543.29732213963,8767.905126029744,7728.377969456093
7378.872572304391,8664.445807676608,6127.043809370504
5919.510718582702,7234.208113228813,3927.587160254885
4285.395462307979,4990.402149103052,2404.195340300309
2931.0854321692004,2855.5402237999583,2415.765648644429
2310.5610266014514,2323.995189272599,1976.2683063158568
2415.6311866831047,2828.574869811166,1569.412579253794
1707.6208687496946,2575.5327344889424,1271.2974956739906
1247.47538449145,1042.8175379944728,959.8435076201106
899.113070140563,675.94955345482,350.3791818231844
1701.327203611844,1909.374276863521,1311.5122981314223
2233.48035736167,2288.1833109898803,1295.2024485683949
1936.7694969816152,1818.1889894650997,799.4840912375367
2317.4553224589145,4212.11239874505,1341.397627805488
1366.1636313120619,1978.4724275265303,665.395879164773
1285.5397024005922,1502.5902755483244,763.6366575374954
984.4679551630312,879.6919970238303,576.51947175586
965.1001633817898,804.651567777182,174.84537182525506
457.1115050261868,533.0305460164511,92.89733127977246
1211.2760022092432,917.7494447667003,720.0827990579139
1148.1992920162022,1078.6998072589156,1028.3029798474686
792.3876621313658,907.2753847516839,615.6245470321053
830.3959134951892,707.572826291692,173.79501694437465
456.5068423827497,486.6536291203811,50.17937872392587
912.299198034093,622.8132330909979,440.1555108359444
1266.1870203746248,528.4998944112857,436.0996074410374
360.53752640578267,97.55250181172073,24.002629009927883
0.0,0.0,7.90883296193149
0.0,0.0,0.0
0.0,0.0,26.00623230962904
0.0,2.300947576352524,79.93696940879337
10.336997555955321,46.570233712941274,120.47611268170768
0.0,168.6051469195372,154.08075433115897
0.0,124.34011601890039,130.02372516526418
0.0,93.17950234258049,32.49756525517238
18.38653459266356,52.05775276039393,0.0
49.52184464969754,53.11219464185314,7.997191472697056
141.8529267868692,104.12808353401205,0.0
310.06876819858917,218.39826069339537,0.0
535.8688492351642,241.43758819993263,0.0
444.27965283473463,173.9427959352489,48.699761825062055
383.9895211872359,151.3177333623373,0.0
401.32130947532835,158.3446960337153,0.0
367.8951456234591,148.0996492781611,57.370739138092375
171.56246829187296,0.0,67.64178803271601
299.71674580499746,0.0,23.94164088341754
402.7537800176419,45.962976754684156,4.5788731464387045
354.07925402444414,7.382864079559056,52.26182857477298
236.104980853151,128.024558120121,70.79666728894513
341.27371974584184,103.96929611209941,62.662102823819694
310.4697758245868,122.967070176693,36.51170748191296
112.51248101601226,93.37151018915341,50.589416594702655
4.766048467672796,26.654310082190623,57.00931489600422
38.01693325076238,0.0,26.215147249648872
0.0,24.023166462747106,105.7493847065845
61.94586362313382,0.0,123.0818410557738
24.40633193628841,83.74321992381735,192.116834307786
50.73241420030452,131.44587119156967,182.7947829153244
282.9667004325021,233.862497204788,255.7184213385337
0.0,141.00107540450364,151.19614001848566
4.722946665687411,54.08069124366705,0.0
118.76672883344094,274.3213162850614,0.0
236.6937827546047,223.47311942858002,0.0
732.6658323044111,482.9336300281795,0.0
1517.131423082888,703.7827592362722,3.125659004083236
1684.0420173747718,961.1184224239577,314.0456220403139
1443.684835483531,724.9731016065167,121.18036751141145
783.3478305918288,504.101256469353,0.0
386.31521140250186,248.12807886331476,128.85143086278376
453.1978383634899,327.3999548505135,66.19664139862803
561.4874830133746,115.71171582238873,121.98256449450784
720.7708757733539,81.51877031274483,86.15417491668025
519.120321797926,19.886344807767536,0.0
524.0080663489232,68.20607627070919,42.985091852291085
356.2319152422016,96.29730937333397,29.19148399925375
94.75096195642337,24.459724851513016,13.49400955913256
0.0,0.0,23.93391737695548
58.6910747522966,0.0,29.541448793988256
68.39219760663916,70.95313738886594,26.5958450043446
5.3038817228908,29.64961276482687,63.265372320167934
0.0,99.84735025541727,54.85807443446388
0.0,10.179730692492527,11.812594890638174
179.28039023275056,209.11201190738703,254.47277758534813
0.0,57.624109458822154,26.9972474149595
0.0,118.22931409461123,12.334163662667368
6.214961161998508,135.6925689398712,38.217667957486064
134.3408209168424,63.61558612507847,5.361163957240361
305.33049705625643,143.7603758234094,0.0
562.2481285419641,217.43522862483442,0.0
802.6118055098809,501.92418797786183,0.0
788.5962491968801,285.8333040527455,0.0
540.3560642103507,111.39548546332625,12.224071454703823
331.5649190798043,38.753554557416074,28.806493957427094
403.1837200486009,101.43407116281605,32.42799174790656
428.4723987826925,20.379884651091608,243.5771372000019
425.3300501703583,60.149803898777,201.5442054084741
384.66890757739384,153.9993258785231,72.61337238119789
499.78708985501123,276.39104236328944,54.00471939989789
257.0988774115326,217.20737122958437,31.98527737154227
0.0,287.8767162240982,31.242595343231766
86.21880927835315,291.1405728096991,0.0
0.0,279.5124676278252,84.58931331275244
3.1770119206108163,261.230277830717,90.14634227557524
63.42504388621512,87.36902603818436,22.658166849160587
29.71959725056434,96.19883893403684,9.77969231198221
49.19089498900067,51.95598403233403,25.589250244296142
0.0,141.7753057383148,68.2327921888376
38.264348101399825,406.31695463872506,0.0
56.151733467545284,286.9696558162061,6.538274010276024
242.67562996584525,272.6483821439863,18.114939963072523
450.2651834957985,370.0990574583687,8.20338042719041
866.1749546256866,536.1248069759704,95.32952864553572
999.6801194257148,661.6636344399341,182.85308998029456
790.4584936099834,411.0137037454116,123.4400216206804
917.0979286448005,518.186542707477,114.53368672291352
891.4242494725306,232.08740800879116,66.30752286648368
801.3212597629253,125.27616955263679,44.03209436806446
662.1807146798836,118.92170383641385,19.813295953361187
670.8162593264212,253.4372405053459,0.0
842.4207421910835,280.6256017202921,0.0
745.812987539176,275.62466265528235,13.750669388982976
930.4979080599286,376.13167456933394,46.79765629269867
652.3548145106977,120.10911585634764,100.8505294094206
160.96772876967134,0.0,45.35284365081255
122.98303741173817,0.0,67.9166164766607
25.96265697865622,0.0,37.85019804486674
40.60897673092239,97.68740484983167,15.263886603015033
0.0,64.33863919508802,66.19069718156484
31.801403617417655,27.958023966164795,122.4445800632717
127.15182556770469,63.632231959702494,114.01771545899784
178.9135645033325,9.451335607121031,2.4292189670496143
248.3819519557412,0.0,0.0
157.78398282012282,27.24554468074743,0.0
451.83463173590485,235.16103095882443,0.3125486807819007
842.1128905620891,479.4551614464576,51.660789930567525
1403.0990345914645,831.1644112671621,101.557975207383
1483.7770012529068,749.1009078766643,180.42165323930865
1283.4816339641768,694.2162162492149,170.64443410702594
1226.8628453348563,675.9498830519907,160.38664059216498
899.733723906303,498.43149724812093,151.610987598722
671.2014176503211,195.64331414690184,133.17910714281422
776.7912570647471,379.02879169778737,55.63832328430036
839.283831965643,498.30832250041374,0.0
1212.4783720258308,688.5199729383274,69.20750417745371
1320.7679096408608,650.4815851160774,165.18805114373424
1573.370872004463,783.4932616991983,66.97430265565129
1350.6533588210675,542.7185429630586,125.79171290808068
1132.1721107756498,928.7703087889413,188.64981247336283
458.86136219045267,392.83215249433545,291.2338667739431
94.14988871876275,135.61463494147665,259.561578293941
81.39812872486644,91.01249467754926,165.167147250503
57.93584294381537,65.95811531513772,343.2531265674173
143.84942110938587,131.0398465982403,332.4723564804005
190.09549186939924,107.05173832783258,288.6966293344298
130.38912618925664,82.42299558854549,237.61353009671552
76.28641027842102,0.0,8.028389717762012
31.2176783158327,0.0,0.0
141.46476978899318,46.38524729514563,0.0
521.0854052877468,260.287278085324,0.0
557.548312266607,402.4326445451063,116.92015074156244
896.3625519299557,558.9572999161064,131.69147779275232
558.9342695946748,291.0035421322666,2.3368766043429
588.0943638768996,317.74762062710874,0.0
561.99312790296,240.2784524112582,0.0
400.36061612144476,102.96890057183114,0.0
608.6134275934014,127.41196324959358,22.369109139899088
606.9998388507942,62.72108104840584,0.0
622.8334934970071,71.53562175301164,0.0
459.6545292049877,306.37687393882624,0.0
546.6260312543336,197.8695359869461,1.7826681692304214
346.71471567893434,93.79485998431326,10.081884411249511
174.4586190503255,0.0,0.0
66.14952303745343,14.961633091779408,0.0
3.5162606792296316,0.0,0.0
117.12575880985476,231.2618877939959,87.9900507132308
39.93619232451816,170.8398716490152,86.83229297291284
115.61842273538042,271.60112883123855,68.8844624972126
170.44580949675512,198.14340864261237,160.06984248173325
101.64901644784071,94.68683030238958,7.500492897278882
0.0,31.867984328110616,0.0
29.007919435640588,0.0,105.07318218624488
0.0,0.0,90.82397729458974
199.0091899240483,0.0,15.11947093973828
339.42910773708314,0.0,0.0
595.046997245844,78.51954543481813,63.78838398157579
731.2829177681886,109.22904435334866,119.05697962556782
936.246701513423,346.26575337513106,76.45209575290151
1239.979678685117,725.9109923494227,113.51287006605476
952.2471003617858,384.2180879619702,24.049832967119485
970.2938811488347,438.2675192326084,127.1474292866057
1006.8763751919662,535.7683136591131,197.87905046037343
1011.4364738563556,670.2638060295868,174.41634455908434
1016.6973792253791,594.801831240229,249.15637792836068
1163.8090611735483,697.1933410121047,189.80765001115108
848.9275916707521,631.6840861174234,140.70847688504904
452.4396184385439,402.0970649678895,125.87193906530732
357.09779436464925,364.5534399456771,50.93782017708366
233.6006332606071,245.09344877729188,96.68626252245237
164.2673905857651,286.71938962712,148.8275541499252
116.30648050138572,221.29310323302457,211.82082556293457
153.47086692668992,213.47760696221624,0.0
84.52289678761248,60.43658219841927,19.26101797949793
40.74420045492094,21.512910976693583,0.0
81.8748812614412,41.767339937160976,0.0
33.60505535906995,66.39860986487157,0.0
57.15585668839784,34.2463736311834,0.0
229.65623274644244,79.33527173498186,4.536298985881585
645.8381928243914,270.7672018065518,110.1631857991795
1047.145792350191,422.5649192607898,78.55972719375788
1098.692646740279,645.8506821175953,88.97019149768137
749.5501025530375,358.83004121322745,33.913492831845986
651.4211807680729,103.16321501467557,56.81569265716677
484.53513298341556,135.10887946088906,54.739482692607375
500.45446957993886,26.876822394868412,5.896875993299073
622.9075080956101,182.95087329068642,30.33924793613014
632.6260071322356,217.02978588224133,46.78609486166727
476.46381781004476,145.7057981870963,15.305377723127505
381.49654646482855,48.18178023942747,4.463157722438993
330.2514478399007,0.0,0.0
174.61180775175913,56.13774742862306,1.8919503056552192
226.0971280835956,40.03625605945311,0.0
124.84225664325669,81.38916468089866,0.0
7.5168436264010445,178.06850871188686,40.61401772531454
107.96227165029316,191.7905189357021,91.39805432996928
113.17742597270274,180.86819972898707,109.02050122073472
44.83070012226068,74.04949185911046,130.86508220810282
51.221802128140126,45.81204664413419,202.5908920294577
66.12490703615418,57.2258324940993,20.47291396118924
83.74042965734485,65.44690566752965,14.156085505619204
147.51911317042908,33.756690118308484,27.95058353970236
401.3627433369619,196.5071831786072,10.259374855431291
818.0482488036822,283.16100297936794,0.0
809.9414934619714,327.73086815377013,0.0
708.8753896930094,183.67543063918288,0.0
543.9219812138392,243.10843919578846,50.60754086425234
521.4180047428123,59.40541959759849,44.374389872459325
259.2311799979115,22.382399387934292,146.95757027677408
304.1664609428089,0.0,140.97662146712585
380.7099431858329,8.662911301647888,64.38203387953702
355.5436507709211,51.92666026941678,73.08663174174657
412.605000745312,68.84105082447192,155.34163317183558
502.7000901773208,19.3822818590424,114.00043675013532
312.5166106144384,0.0,0.0
120.14723019864961,0.0,0.0
67.17940905087936,0.0,0.0
103.64874698344508,0.0,4.529565791520555
147.14469988127988,0.0,46.80169621467883
248.8805619619043,135.80713280099684,117.9789630089744
186.48304797457968,141.81383540238087,153.86027653226913
219.4987348521865,182.39074798790688,317.33022081922405
494.8557399569912,189.18844460356425,351.4354122501976
150.65954137855215,33.5958259604165,111.3116186948296
116.23585827832548,80.94125914134506,82.54563854071266
98.88429813211994,191.30661991730574,122.61505938762784
240.13873167838673,157.74865179807514,0.0
313.62203736040226,180.57219147433733,0.0
435.8017602731342,187.21860109225202,143.70254124945438
975.403060803889,457.312335478007,180.50227340096336
1679.7410751013404,1076.6535611501863,332.3684829955025
681.4477202874364,138.58248198920467,169.5865277000809
552.1206947435231,0.0,179.75078765707266
674.0767203238083,47.05676578934488,76.5655233966372
721.2841887916818,121.37194970232343,137.01165206122988
577.65485240457,187.09058270583327,121.95696281747252
502.68948762195157,114.77975305526118,162.15589375727347
527.0701885941103,100.9124593443892,166.28472757663224
329.85170431445806,0.0,0.0
421.4500338291033,127.07032649002477,0.0
70.75868306490386,0.0,0.0
0.0,0.0,16.159926556662253
0.0,4.7550489550189,6.706479874865275
30.411765683220366,47.14151025423652,0.0
41.08851515170828,0.0,192.47905459942865
89.1059023323616,0.0,151.93840411869627
107.9738277713819,0.0,204.06136042640225
13.630420459534207,0.0,122.36394514425584
448.8816974106477,148.84955488255858,211.59811296648527
320.65526032923185,192.67659148798361,105.65364099870692
408.81755541020584,189.67265711943782,0.0
588.7382853300286,363.3296886777765,2.663186548569473
889.2348909022518,345.4837425382004,75.10653283516666
582.8203368671662,339.20279047223653,32.85683516012221
391.3391641034728,56.35773100118886,8.002038392799097
1444.2255892675207,556.3685480133545,35.9724101837471
1816.7402204139153,693.5756682278867,22.326242798439367
1426.249448537682,903.0988420281009,32.139836514571456
1616.5339573455217,551.5557387585102,162.222537152512
616.9108185093039,339.1202310616877,230.89293693522808
774.7752516431835,452.2770442855834,134.0340212777465
810.392220966253,498.470404931444,96.3964904048962
585.3260746062429,318.4461893880482,47.56758804612174
497.60770516772703,336.3047471475942,190.7075762555372
262.5633590985739,197.93478840120315,384.05153665314987
347.7917367922422,297.28959694801944,417.314014419042
40.767513228455854,335.6849516450203,423.30305635649376
378.6415979501403,151.24103681132362,457.57706734818754
621.3922774089834,271.89015593808676,427.59108470112153
52.90835416816188,57.993035069809,73.84495832974369
204.39036471048937,407.6386553447191,202.0912789720389
184.1236008382456,467.9965913494852,78.94569665676043
171.23090370084813,555.8296064947657,125.97295700064664
689.8520837686982,595.6103143878192,365.4426655081221
1145.3873831768478,1231.8770863243167,239.215462632351
1396.0781653846973,1427.652170178257,332.13142014706153
1865.11307181435,1180.66265922862,250.9591671418239
1929.9720971672914,1188.527727677954,581.8075849785403
1955.3251021881738,1704.7148852721361,810.2411488046321
3332.595530701622,3590.3766502530084,2441.952394505301
2044.7828291507342,2786.84220809435,1154.2769972598344
1855.5688354474369,2548.8401573632373,1422.1834040047463
2788.112685819692,4576.874847369365,1219.6907012329527
2296.3601142351217,4127.320038945166,977.6540814276578
2440.6393860900494,4176.382927465426,1271.4228241813803
2640.807028553021,4290.684328415764,1323.914542232879
2127.7752429669604,3205.404010876554,966.2098344154372
3336.5884370096037,5580.942528442003,1945.830810605168
3986.418738934152,7826.395884916778,3227.794398858457
4439.1027279903965,7577.212623042288,4443.475358048299
5314.137152259733,7183.064765501725,3691.280140978542
3682.0994294649836,6774.145054979346,4260.598123622457
3058.654731422759,7199.494601791693,3383.7593377230573
4299.224931039455,8358.347291032062,4113.381614833651
6424.133666896246,10285.70473474098,6008.391190324369
7567.620004706255,10524.495926187852,7061.733625947456
6996.431942784093,9634.307713070044,5359.322792203796
5915.358604389246,10053.802249423952,4181.315203677624
6735.395945569674,10818.775243687025,4121.685643026019
8063.27446431869,11092.253319615458,4558.003604106333
8500.697045094166,11163.696282916433,6798.917708147804
9856.29325667929,12469.874983755522,7186.002104470108
9019.484176440274,10951.207786445682,7172.861502421438
8487.730916512126,12159.983935261238,7605.514873509595
9127.865895911456,12817.110547595836,8003.518518511617
10290.825611036566,13152.537759256447,9312.523329604017
9167.156527162293,11870.207351236058,8688.950832623055
8708.141195422073,11520.678043528951,7979.259887651094
8032.700027341833,11163.781606557197,6943.0978091537
7708.443347069111,10059.348096168931,5203.115697942053
6848.886775758588,9496.10961838205,3615.8733633444126
5621.758579833743,8704.869144751885,4809.330606111705
3924.21660474679,7683.630824458808,4996.438174327163
5054.422726520287,8904.619975217498,6444.071194870702
7014.696885871137,11480.10226614653,8903.822595968284
7549.377547506688,8966.184388539068,8441.621957240559
8496.704808631393,11556.099053252781,10539.71383087108
8822.061392949014,13388.395015183938,12149.30245896521
8981.814750098614,13752.473318035238,11358.745212946696
8966.804512603587,12767.356352683135,10601.41213316424
10532.526460495208,14977.121663601632,13027.33667183261
11355.560583812241,15637.123965477906,12735.167350559752
11873.120597425288,16545.21878930019,12906.359239605925
12887.610291388788,17330.987085193556,14033.607542524103
14320.807909943223,17353.331369956053,15190.552868781171
16116.092477069726,18618.36225174601,15533.220514733364
15216.851008059988,18707.701031882854,16622.269381016362
14629.214820652973,18005.987064985013,17028.19840474691
14783.545910988552,17964.46863110437,16813.78798326568
15154.261947259287,18002.466073425414,16584.568840234984
15639.307455008056,18246.956622989994,16641.72343503205
16022.328917921132,18980.653436611876,16362.66538407383
15856.139305393317,18846.078545512646,16144.287125379838
15891.877152231473,17944.014888667694,15566.59789256374
14602.24769371303,16769.035571669712,15967.54390009132
14249.37108576755,16988.54702132503,15490.828175630724
12316.159685526087,16422.46640012901,14074.820733064493
14056.07990013671,16080.83505565907,12236.802274599562
13020.293860111975,14736.980680451663,12692.054852569949
12562.870248066105,14612.05472145853,12995.488077996995
11525.784892766538,12171.16308875218,11777.737696109236
9172.039266969585,8852.399248173699,7943.626487656628
7770.880674241275,7851.955172336628,6409.963668929339
6768.075574450849,6437.470925786964,5108.398893445963
5541.74360892676,5901.157518226416,5257.695907913228
6754.644009072093,7982.929577930163,5197.270008931149
7438.9296326937565,8458.26734778912,6869.669572703084
10352.710791037052,12047.200075139775,8246.80814675528
12032.033704009267,13090.989728637363,10784.587989037407
13839.968313196548,15644.44133409457,11930.684006440186
14377.16224030854,16346.710969116184,12910.149328185837
14063.659860422513,14632.529883463449,12268.55902059325
14331.121846468568,15813.99921039755,12601.506669731458
16096.199705156652,16568.996759453832,13673.437666158994
15232.238591765903,15803.410589919955,11836.539748560908
13178.177228310837,12882.051432105678,9104.612515928611
12123.121549759586,12309.716434300655,8229.307017168096
10648.953221596104,11220.154112962511,6834.988970285762
7311.0903999245475,8978.009833330236,6956.907400290559
6048.312716059031,5250.048723443809,2777.0711128605544
3755.6975043717093,2747.646633648814,1697.4056390021594
1974.554856477732,1610.5777666933448,1094.936592359261
1735.0357297853216,1684.764009736634,818.3161488313789
1576.417396121642,1747.4861535385041,1026.5295965068292
1793.7274578745157,1561.5023719703033,801.2416418759453
1895.7043559434558,1778.0710774919708,1070.8510375211338
1576.8389655839053,1450.7256527279046,1416.474512687348
997.1125388368459,733.9878810328053,745.5885962111497
388.79431394164556,462.3147654199171,489.5361084818221
664.3382554964578,801.6115481600281,659.5211603867381
714.249381948448,716.224628883146,87.7267024483466
795.0854351743423,571.0793896752655,0.0
807.7088884924552,467.13124428063963,163.96430664873932
1450.5493848436781,903.9861064327919,541.299076570449
2007.8618958801017,1692.3891424529415,873.8159719805473
1349.8872221922716,1219.6090116211171,944.7244432155424
2452.9716072488022,2026.5318803413675,1057.3155857096535
3265.292597506299,2219.206161988162,1966.0574143228
2778.4925546165687,1872.8898569625314,1297.6082068985993
2163.6319577960953,1853.8432582410487,1042.1356917794874
1569.1729821719675,1506.7814833693749,986.8015548959308
1615.8724022077429,960.5082500477199,403.0947635612195
885.4244897363908,151.04503787696518,34.276743626075394
258.4392349191096,260.85543016596665,0.0
45.98629579999772,189.29030396747294,28.99412833571397
324.87814352592,287.03852134954474,115.08379226177397
158.982365488603,72.28903936760022,149.07824223596091
182.79777469729893,152.6006236907757,249.84719397185947
166.00664338439327,282.48795392243585,431.5524734956013
506.4307151392244,552.1279851574905,715.9304656121553
395.52779374278765,398.7109274526007,418.39056057940655
198.69092156924103,151.80093925938976,452.0051059304856
147.98805353277672,264.2972333842156,332.22974937094114
0.0,0.0,57.65963508188543
179.31688174185427,0.0,36.60495999995001
393.4681157564068,188.37303801260805,146.6017690893205
928.887115496164,816.4316531702742,456.63247302851846
1859.209281991834,1603.521769359494,825.8621304762788
1647.4966573150937,1550.7073831872754,861.1066668709359
1319.5506244362,911.4349478106303,456.4768717614764
1311.9327504972796,1013.1368206492865,441.6582141005538
845.8641259188215,342.99618817863916,289.3883790338432
638.236304145307,85.17401583646699,197.12588177762947
270.85174240501317,55.20810574524956,0.0
170.10661791295246,121.85425314322225,0.0
484.3703497545825,62.72484228439032,34.00391941451826
191.11329510189142,0.0,0.0
30.29201448979195,0.0,0.0
28.72041533964324,0.0,0.0
28.98829861151878,71.60926902521652,23.03934871719064
0.0,37.49082014572725,0.0
0.0,43.59878827101706,0.0
35.87805276012135,22.897589195548647,0.0
57.20443872683276,0.0,1.550340252780309
60.29130330843596,0.0,0.0
0.0,0.0,0.0
139.86142423351026,79.86472425927704,0.0
207.14330315608976,6.530683827627705,36.36657995454208
820.3425048193993,338.9235852025962,161.18689083446236
1260.5569088050815,797.8609628462541,367.2549330788143
757.4917333657488,334.92394705920435,160.30588749655132
1252.3339499649276,1168.6612780954424,114.90452867000008
1082.4905745240942,1187.6507991146323,62.169243192630304
970.1246273407312,759.492973807362,181.5527604958889
744.008019972115,784.0916764239828,0.0
1371.125473346844,995.0911758620699,282.0362249360219
1201.1707992608572,861.8737479308378,208.1199758791122
982.5752897470206,730.7649842742715,313.460012624506
818.1021596226294,751.7925528720492,441.2259424621246
667.7211027621365,639.1350281564114,622.4436263044923
537.0878034366378,356.5101390327112,341.951645304984
847.7545635199499,644.5198664980297,716.1244048496122
519.0091875357878,438.0929248330174,378.2279997326417
522.6149893655124,551.2449695929662,374.0512699439754
582.5658305328483,345.06768191639605,425.65634172573607
952.8781849293076,1006.5180809370628,564.6294338298989
1189.1480383995915,774.635349716899,375.60852248479097
1324.0793428732472,1005.9351881163021,495.2228208329128
858.1881933407576,721.3595651732822,520.9688792105088
410.6471728418641,298.79588309419586,377.90055677748114
282.1593963653297,356.68802172366986,369.6561887903599
83.14158432081233,74.66193628392378,0.0
229.79757798272632,99.58019615300407,0.0
539.7068308962112,530.1872254122618,14.583814362504748
661.0031426860493,701.994751835373,183.53406360276145
1968.2884949176287,1215.6235801727314,387.7320158880222
2747.188499568866,2382.9752466790806,1309.7897979653949
2535.245445877069,2843.8916831259976,545.3483263937085
2909.2355939711074,2908.252680515137,679.150265777175
2581.6405067499613,2152.9263983631567,550.9291007103604
2695.9087857736245,2529.7666360075777,690.3716899063699
1988.766715404772,1857.8562102713329,764.7378457289752
2317.712460145497,2412.0385468699897,906.801998679008
3230.683168724545,2966.133369601993,1778.5107386525683
4061.927746172594,3296.638699783969,1721.8431787055542
3221.0168776476226,3088.089450430734,1929.722273696104
2698.69494964397,2815.069215771225,1484.408280233143
1946.172480090184,1905.034087378098,1278.4752934206049
2041.8141624298553,2503.7105029034246,1629.7995768883395
2017.3278639973441,1843.7805231015857,1280.0770732102517
1810.8994838317064,1888.9500197794268,1025.8126386988222
1694.2770977234068,1466.6651947968987,926.4539327542658
1581.3392052004122,1174.4502476732425,861.2876854879464
1535.3447442705508,1521.701738602074,988.7940038147292
1429.707189157125,1767.0603479769677,981.0962288380276
1808.1192914322414,1970.7339648759603,990.8825902748696
1804.7067273417508,2068.066172629332,989.464237789253
2929.0657980000274,2428.1787320474336,910.6227852055772
3458.076474244682,2981.2916604108073,1535.557871897977
3512.522223477039,4502.018673051191,1363.3511097733813
3869.6583417033153,5105.045064783421,1459.9897736771834
4147.880964549164,5136.281220168744,2298.8880655603884
4846.4146661017585,6091.454753798194,2531.43986690112
5324.930594357891,5653.470842264266,2654.0906649783046
5105.714832550881,5652.221743889335,3016.200236160314
5247.232378972256,6128.4701404958205,3002.864828453254
5130.496804934398,6159.0686210437425,2830.2358907864354
5193.977437395673,6613.729045560462,2791.690029335172
6377.392488806028,7929.719800927473,2845.275438307357
6114.3405299529195,7480.458697192072,2966.8270805786965
6185.911327610866,7688.697435284845,3615.775981145118
5045.940199351721,6385.605434837535,4279.104327456747
5161.274533795882,5938.0960670346785,2922.36872084272
3647.622059741609,4744.387816296256,3216.910818314993
3988.3091397726303,4746.7007334611735,3179.0240041109955
4459.105691839751,6801.64677652937,4908.541602357894
4717.335599874408,6835.450270695729,5091.353781802061
3832.3357022944133,5150.6996881108425,3199.990591355139
5399.274438215169,7254.173036483186,5033.52815836809
5859.872987568146,7602.546748908099,2571.395291394713
6389.770649110635,7165.522123994075,2159.824236698335
5968.493161769525,7120.60300296749,2617.466652041558
6441.194816279533,7797.372318868361,2325.504711244869
6920.421946681969,8132.36565984142,2312.245485177384
6435.599952467881,7650.8018040057,2419.106452804244
6693.417875967232,8047.8860073416345,2691.677136581362
7104.479728157366,8667.954248321526,3154.8027848463294
5996.990213398905,7538.6801128283,3356.0073629403005
6323.8803072432165,8255.54721268681,4278.290429634245
5871.591796658645,7047.1970626887805,3924.3100625305615
5312.988981294552,7178.400381270491,3752.553938128354
5254.283706092155,6477.088233265079,3677.4834786102974
5867.203951873224,6237.870344046206,4381.329306826402
3355.2425294766426,5032.761342013059,4139.686949701321
2002.3007177557663,2861.1405698640383,3051.1519880814903
1870.500989023615,2681.173670426429,2775.343796982723
1297.5415030602724,2029.7642359615122,1369.478250275249
536.928303067142,862.4804261613924,222.172230079034
89.8412379144213,192.1803254286898,262.63930034241514
144.10136058837938,65.34400893776592,0.0
300.923419368623,194.8149105206225,0.0
405.55972900420943,356.12636270997086,0.0
256.0158215444801,343.5403205491019,146.93801702321073
323.1724228700909,465.6646791746147,181.23264564392275
796.1550163105516,900.1337584070811,354.5505901768587
1091.2175433434704,607.3244348508917,126.31055296867926
857.1004045494043,854.9654780341829,108.95441266469857
395.2775864664487,694.8786068724772,128.73220878126824
670.1630541329353,725.9525815943263,0.0
2998.615459447661,2183.4641782750923,2228.017640303565
3682.2726333607575,2685.951614689761,2743.757630372318
2471.954849470898,1923.82108661854,1745.350358950759
2480.691103871638,1492.347699726163,801.8699917270416
1973.6105095840937,1255.561122589475,973.2648149254125
2136.8353830982646,1362.2338401911613,630.1068081820214
1331.9099181405627,804.9018769116051,71.50920962319336
833.7555426260085,694.360511632785,86.02290207947706
433.95725121049776,525.0673594517751,203.6466187986236
148.04793161474785,107.98593998510995,286.65134053012235
239.17915547396316,125.38582129395748,266.767962945089
262.6084377722302,236.96325299553197,386.14713432637336
318.59956467894756,353.82843298967276,459.6281790410618
191.37817950224076,430.73628386254416,484.899015494932
210.29552062176467,311.2747578568443,407.8423017461466
156.0604195539844,128.78333073647434,263.79565952151665
210.63565197075295,55.05439327632542,146.77991176323982
113.26958093852524,222.30540247420421,64.86775902714514
1.763892781302907,174.1029920350456,0.0
265.48164550565264,209.36093057225898,97.3735983949622
401.26919602321055,264.9442911213602,123.319200790097
585.6482241051024,209.43021779517133,65.29456918549164
787.3018349576964,333.7659879514082,23.355096718349685
612.4565644364792,522.1157456817396,186.8718854794736
683.7665916406269,483.680920244825,31.03477697947377
621.6221362029361,471.3374139750082,208.20971131956685
1230.2025186199212,751.0993470191823,128.49256109816912
3062.9125505815664,2587.716308931156,1162.0634794425853
4676.713234312836,4358.657904853583,2627.8863100759845
6057.688065285088,5344.4181556978265,2685.378232387692
4923.385066252004,4167.5658667395455,2697.9220749364254
5594.447140640254,4504.065098118405,2749.708156510159
4718.918332706922,4565.280282269538,2864.759032024984
3648.9764929664807,3716.4202243159516,3036.868645252792
3545.908034909239,3822.3889217768537,3178.351390002143
2773.0462394120655,2966.880320773188,2433.735154012536
1972.9110969262022,2270.7176461038657,2117.7918990750004
1879.1190720288994,1852.4602505757523,1999.616070647077
2635.1630618397066,2248.164903179112,2702.462443911988
2969.7314095309152,2365.768197682651,2874.8514007957565
3539.1994928961,3178.9934336110355,3418.5395609159336
3088.161838891194,2431.097534150849,2348.560079600092
4196.595463683195,3093.019301835175,3379.35574584112
5836.309035448186,5039.43635930513,3784.857934401961
5875.58375324337,5004.409708060781,3326.285667610642
7094.51326337843,7879.435365664309,4705.575838155713
7402.907894252307,7358.9822013025005,5314.003684660594
7155.548225851918,6296.750174938017,4588.343229131517
9332.095853695299,8140.46778546941,4432.6838778064775
8630.372903531203,7507.54243194559,3952.7157438147474
6140.009367484011,5119.181340967834,3650.2545634955127
5928.790711522183,4391.990882300701,2031.595456517051
5964.033777261054,5141.528406447575,2352.329252027548
4561.483858388776,2410.666711146332,1217.434354594669
2720.041503462823,1961.5856363157372,839.6956737904916
1058.2079013384437,591.9531319669475,45.53259974701638
217.8133593206851,208.59209304188818,0.0
56.759356264855384,89.65396737796907,0.0
3.2280769083389984,185.30049679684407,44.76944551446681
0.31495231399296486,148.8063733047537,31.529480090413056
3.3060297882962573,134.51222271617888,159.20650732229578
101.98137901748692,73.23348339965702,167.45868138391157
65.00776555558171,116.81462427479097,202.14749302392863
331.139530569198,385.3911777479528,504.67783632459737
368.89098944704597,603.6444164180232,579.4299565916256
1256.2592084800613,1416.3182132320924,744.4616847868094
1623.3534578240829,1675.4063861802695,741.5199831300766
2713.235420326241,2728.3245491145026,2242.0447096568782
3317.3789075483974,3388.817374342914,3255.6229355218115
3450.461776680209,3626.8861898817486,3295.7424576232984
5004.4603359668,6256.1386582773,3723.24437883404
5440.7368088362355,6800.879305995689,4376.4470316668
5198.203756686404,6950.96449714228,3655.7341290876375
4494.098462489151,5915.2607767724885,3102.434472667873
3837.618331993467,5444.007581870702,2705.607482904247
2928.7916050029844,5167.375192634711,2578.794998308795
2560.753850259066,3407.2058629574944,2634.732499408045
2597.8057200192184,3398.413437791704,2365.270899372438
4189.037129551517,3792.392895869582,2286.5001774986804
3866.138248859293,3364.884389661743,1879.857663260933
2911.7735199687145,2843.393362395691,1772.5375062849105
1118.737930834929,1223.0295514423954,1393.4789318144972
652.0758484070707,869.1836331707045,572.4182981533452
336.4635313044283,703.673941487023,309.907021386976
325.7931607665872,510.04753533605606,147.8358994269917
240.13813636555935,334.12801263562886,99.91466962915564
255.33632033528735,157.56834131496703,134.7380238506759
179.33767612311334,0.0,211.7467830499158
84.34372385823818,0.0,137.54334883024694
158.24262631249763,31.804370773779652,227.93065776639887
287.2845416864207,207.80321462262503,0.2142946797015784
935.4078561534835,453.32524838376514,0.0
1436.3191630422832,1036.4757175630646,146.28860124845036
1616.5360384395242,912.542771516909,240.23032090105377
1606.060936647526,1029.844067829196,242.56045882018807
1389.7240158437307,837.2835696487996,203.11594665445668
1211.732964917611,879.4161289903061,75.05361506673255
719.8756977547539,592.0367071631804,46.010762423952045
867.8767087203111,529.9233091668772,0.0
737.0679349564779,413.0056066852795,22.23594315957915
750.3595766518113,458.8122958760557,20.8639271316724
676.3116496705861,610.3418376271427,18.66185554947492
589.6103168328003,450.47653059645296,0.0
390.41897947150346,161.19188823631913,0.0
342.89740845497926,149.4715202750773,0.0
159.88413288072772,334.843979215011,47.67894065454109
41.24539304096429,255.78154148271835,49.26774420033875
34.87545946133592,177.2600061215857,87.59870627320429
149.33004499493774,142.2163371155405,90.0468712557824
113.75300832167389,73.69808377945915,124.4848867228107
143.13447214990262,95.6334934045678,87.22553997532246
17.653178242401655,24.44699103086922,17.353003637762317
65.48548808675613,0.0,98.00720594831854
234.27320936660493,134.0147939147962,148.404205766191
213.22260794491604,65.17026624166287,44.8390927624149
331.7677579142103,368.3961307256265,48.27447224594365
1060.6296628831003,789.8267339192629,23.661527279303588
1073.510652588807,1050.2153310834985,305.89607131461185
1615.9390198967642,973.5231500257729,459.2504758209955
2985.1680770829657,3115.707565227891,1185.0319870840935
5682.0563050998235,6281.296737446233,3447.60312091175
7419.307381986442,7885.985443354326,4199.891677497732
8711.910016619648,8068.362178369169,5575.760206416937
10849.79542953533,10174.862911794255,6534.808805004741
12570.270614549805,12735.643459815476,8248.66749433947
12489.17138038002,13401.747828081989,7866.084190393164
13401.82653669216,13549.851132189382,7879.0064121780515
10904.115487327586,12452.39776986482,7153.451380031735
10544.150041029154,10990.192581391904,6858.823334670286
7578.579420876605,9539.193519010543,5886.573413877832
5936.253912729131,6851.009547840644,5009.505843663237
5598.061364714233,4877.774053404969,4920.842571734652
5852.4650900927145,5534.893150655318,5839.043221565547
7928.714452918979,8191.555217612763,5991.725331818004
7244.229771524209,7127.620421168659,5542.316939532659
7123.425367682718,7275.392997801064,6741.07673003305
7791.597687716054,7953.497150498934,6747.567352860559
6849.255662936927,7818.506113135969,6531.9451296664565
8895.647410803003,10017.902210129358,7118.88894268818
9564.251034371813,10601.724415145525,8278.925383917629
9787.988269800351,10774.633877461187,7604.331988524542
11325.475634813574,12569.558503106926,9012.32064395926
10039.52530198118,11666.356114413484,7879.452746607652
9221.512495524727,9688.012273597424,7411.552733262934
7054.594197335672,8246.178314272182,5368.516294010088
6455.956875954397,5971.665913916056,2332.9380738699806
3080.1522772952476,2945.787939305148,1159.380906626609
1637.120768214145,1694.1837731998824,527.0406435849105
1012.278321365769,1110.1243533843651,440.73291092320426
739.9736564693255,787.5389515222946,772.1277690731494
1227.9282679948508,784.3563261149268,1032.8346385857826
1955.9154777944043,1929.8256797595516,1326.0344071271284
2736.163625320876,3372.042041469969,2697.7838732493
2430.1871295523556,2736.4850463407915,2454.1788634799223
2628.774560011847,3178.5320565657967,2546.827477945544
2503.026733263136,2948.840249346953,3257.215695705292
2353.574835218391,3227.534444258263,2111.3147838663954
1883.0013802428282,2175.6595883848017,1034.5647991938993
1441.0897766657854,1550.126500602179,847.2993332927498
1098.0328606983142,1204.4029257967732,1009.2046305591784
1200.718442570275,976.9613827231906,481.1106964698353
804.939996331384,564.6965808899497,139.65995959087883
559.8426422487896,120.07978106313159,35.76195933688586
787.3409758184438,170.82458570918345,51.70271970711808
824.6296046418066,311.5514184854268,188.88229644314367
703.4062761429662,174.8043201475655,155.25941757900426
805.5312173930681,196.47330690809594,141.7883794997123
835.6602932658584,517.0017529255085,204.3285782012608
984.8563356922878,594.2713466289118,176.54525979758108
969.2752906533249,624.5353952742717,192.42940110698945
2133.2484787792832,3836.339907992202,1382.3552684511774
2877.149533239923,3001.9224549827763,1567.4044227592442
3159.201312873097,3523.2348005802305,1937.2363987082824
2868.2253132051064,3317.9246796392563,1488.1738569690597
2524.254922005358,2364.123846790249,1313.6467846693213
1849.052209998065,2288.572253113098,1365.4120844454058
1490.6515255367267,1573.1723609444143,1220.0214268244852
861.0815310351735,789.4447982761989,273.2506025101933
277.5838291900676,176.7434644593116,43.50947571025267
339.12456463777494,193.36347398208244,733.0504863872857
705.8831934315057,381.99850722813284,857.1812520215078
1550.6535642307908,1450.953160232245,2225.9012372668763
1363.1250447997702,1692.149750203484,1150.903112175952
996.9582897285196,1302.7126178216608,394.4949498993173
226.57010511416618,102.30042002011598,10.242780619529494
154.60427413781926,0.0,10.917439276279978
240.34294067439043,99.92164964896163,62.14546933982396
313.7482341096123,118.29629386605802,37.65757013446422
479.102833443844,229.1397485724371,89.71067706428379
619.742601797678,223.41577378224738,64.84061550637365
777.8654362872062,285.9522425366572,118.76497166999629
760.1812979553582,442.3233825126672,103.81996541418448
876.5994242922422,386.3293367166012,263.02282962786126
693.8984049558553,404.26715041484,204.3966240047401
600.4010703363265,270.1385902770206,47.83331078759434
709.0753958452252,289.2772338517776,61.82082416252094
766.1688138969303,380.1588016034647,30.66339444361624
530.2970956085239,339.413459746257,33.15405833889292
506.58418688623465,303.59783836781713,10.051722524175933
448.9832524159959,163.74267784271663,16.490163804122194
224.85718685233422,138.86735562865113,52.63981889378259
180.18340594067644,112.67070718534964,84.38090565649124
162.68463182388052,17.70820245293188,150.54751798014118
94.86277326718935,73.02941885026716,143.25323045910926
114.40058888876868,68.75634764121132,207.60494647378707
0.0,95.43841961883496,116.85588772819284
55.95157730997681,0.0,66.17824599007633
49.38037155732546,0.0,68.44568535299682
87.6038261959568,0.0,48.995422681657885
120.4280448841705,0.0,34.22646142606187
455.52943832147037,129.25799428052125,119.047791309223
254.8537582954452,0.0,85.1982178772251
443.1615493436335,125.9467340094597,0.0
753.8608967961534,307.9490905378586,0.0
751.9689466413699,86.98853970205425,0.0
709.3947224659229,215.67836711867548,28.98666731096956
814.7990857064942,160.42068061117268,101.52727726330352
423.25640810530916,80.10537128977543,5.80293785044416
596.6118241744822,86.84506093502962,1.170356358192506
420.3127858777345,127.68790279612534,40.83073525758255
424.5018104312909,158.66692468447576,50.56899179686708
385.87827020904876,189.05041339870724,40.63965060716284
364.2677706547181,130.57388585887068,35.656667285799244
356.10927056051116,69.53987224145968,38.19171754260603
119.34917953211921,34.71340691873041,47.11187387659383
163.0603764521651,0.0,20.618446918076305
0.0,0.7169453411101898,42.2079666602658
16.93564522950889,0.0,13.639307376334674
0.0,0.0,11.177628050372231
63.582365573513755,18.448506780985596,128.68443464749475
44.53529511205544,0.0,11.992147948804073
110.79303591688898,0.0,21.00115212664485
10.47375188130298,21.39195133945625,0.0
75.62959004432719,15.697111215034113,0.0
192.07680648251068,26.685921459499923,0.0
314.8667710345662,0.0,0.0
733.376134315991,167.08784174080708,0.0
681.9212460387364,286.209234716258,23.102960696128445
601.1143827634148,300.7427222507104,78.43876186172488
895.9376223677766,610.6402819486465,46.51000839881552
690.7634092753406,195.99739073883026,0.0
613.4815002937438,284.414520396956,48.68881840760984
738.6136357475293,138.54830159154082,0.0
942.3904324403534,139.74141879756613,224.1887662871753
964.8380664724059,282.3303063047726,283.5190712822092
1334.4365025130746,447.80231183390686,71.610234417764
1332.30656103151,182.18217382611195,66.32081510437958
1037.5645629901592,125.94734740908336,95.962605381488
298.5470773193557,19.202273906709692,0.0
129.79828091089487,0.0,0.0
17.647706807878322,0.0,0.0
1.1719987475240607,0.0,0.0
43.12716275253278,0.0,10.503925849545702
273.1991078949342,254.65421688837898,97.84539325709962
300.1794939970649,289.78170204244066,139.07698379744022
289.64697530736527,169.58479540507545,3.721202480915649
138.13973093381279,26.181997012884715,87.21550565072567
166.28149022095914,0.0,70.96867133345073
490.40323754421024,360.29826828242955,0.0
1377.6363944268346,704.7570836628821,257.5675837878226
1576.1052354693193,1248.0544297386498,1046.7297070486914
2108.3461211744648,2440.5373874157494,1476.002798578548
2988.763331337684,2741.535040278126,1786.508883204899
3209.871414038329,3213.0433472229533,1840.0833809907947
3776.045528926469,3227.501176481658,2217.8547975148545
3519.3109367971597,2859.943220913712,2129.7702632542014
3624.418734232474,2859.746541805345,1967.247711975684
3606.43492204054,2696.192805856532,1867.8937392458488
2136.8222851441324,1402.693437803723,1049.8330486848229
1471.9647883943205,1007.9265919893188,470.114736977937
817.653229203544,251.34294469418546,99.41445057269026
520.5747929853654,310.3776802084211,37.42469670621175
218.2748790002237,90.01205637538607,50.4916033157708
67.35103657467042,12.935801831576729,9.335131408246792
11.025202005208989,187.74897612625978,6.418128877150093
0.0,112.0055485333759,75.06960950359091
0.0,193.62898548734603,67.1696036270402
0.0,144.41748632776032,207.81327188024025
0.0,70.65808928367676,180.48018669044305
0.0,128.92728790661909,221.05011001966983
0.0,190.84143275763694,547.3263920501474
258.6171288912062,269.1631288626362,433.48481129294646
440.845331666843,287.12050395773383,461.8925066576584
668.0684864962311,390.27905890700316,509.3955492908536
856.0499971323363,476.27452830318833,454.65129967465145
819.6442759945362,329.87344630384774,505.419591464542
614.955344025672,298.0859361455328,521.3506647166363
735.0760205008833,502.87411916284384,429.3791996891168
831.5814787777529,403.6288576689686,502.49179010471227
564.9725022992054,357.33494304548753,493.2473014299382
855.2527333259782,258.44981004577903,383.4128120580113
979.058471465502,534.7050434969364,440.8008601998626
1283.306914032032,836.7292793009749,432.8735848063982
1510.2979162175716,911.5959150474283,252.43148598519784
1671.861282828966,924.7300799251309,219.37091163240828
1790.4159809680666,977.7783357518475,275.7318511604685
1585.7636516296245,1605.9284165068425,948.1187739577632
1412.6159504396733,1254.6340033925144,545.0924838638075
1355.6682822490138,1464.1881299196968,371.97784536745166
1303.97987492669,1225.8138029372367,75.06722395537072
835.6204113652282,584.7452618603446,127.15131313926264
644.21460093291,123.58765345038452,85.62533071109225
253.50333901166013,0.0,72.66726585371077
152.405407771981,0.0,0.0
135.22993097166466,2.5842384665168936,15.831136135496513
305.07881116551414,107.20438285310959,61.64532726515065
156.17045918207452,116.45784786406044,123.67127394283996
435.79855556219127,117.55288424362467,42.2755305142181
497.5504799540373,202.33985178435753,0.0
529.2954904428539,125.05935373411697,0.0
516.9851791144648,91.1512124392959,0.0
588.0992179223639,314.12037534848764,17.020779832668687
2834.0722645507626,3320.614882078585,1981.98942812472
3016.020997770633,3675.2566269904755,1851.1873223934588
3694.711171306131,4471.367187964822,2099.652810838781
4193.163726165891,5678.868127419256,2309.967133535116
4030.337636196354,5343.385731416757,2361.9472714095914
5237.072297030859,6438.643681429961,2760.742111432869
5432.827311384473,4476.212151987538,2022.7743936890167
4319.312869710847,3141.319256975268,1015.349986356186
3204.2740411676436,2261.754234869001,803.8923765941296
1038.683490576825,816.0434073911578,581.5805550599215
1096.760807601694,843.1970148404928,735.695352915714
787.9023656884225,664.7008721915357,737.1015814370311
954.5310375096784,557.0930853768659,933.6764889129828
642.5783359476748,172.28393600651296,823.4089359718172
274.7553434445625,0.0,59.53476900766515
0.0,0.0,78.15816883058204
0.0,0.0,0.0
0.0,0.0,34.825926640273565
139.76578211912093,0.0,0.0
253.74441668440116,0.0,136.2284059187777
769.0195041496956,168.33223538780013,281.1385556416207
1288.2147363580964,599.0313359196582,100.88121615919094
2594.857699831286,2748.094020584476,492.847077499731
3308.8915959722394,4262.425951448319,2791.09426961277
6064.14141698826,8259.215307528695,3644.766116557282
5683.566808765001,7545.698546477244,3962.3860032129305
5317.750013310976,7720.383140127393,3568.8797397659587
4762.6181002876165,6483.697343696265,3179.4238034786704
3953.86994247898,5555.467281886478,2450.700403951394
1688.851829856835,2105.6141275131413,652.1092438109013
1106.9372942484924,900.4432817791547,434.9131684898579
935.3163112839696,875.2095694754203,410.9908690633976
1262.191619264302,1578.4215634732172,692.9738435438011
1661.306324014094,1758.4192620711228,979.2530316590158
1014.7741506265035,728.3216027229763,905.6454028484236
1607.857339779608,2041.9576242318042,1341.8218052895131
2902.884783762431,3203.7631785317108,1855.8078954448804
2797.6987455969065,3168.610177337439,2243.329830329701
2681.418288496063,3159.292765809028,2381.0678253801625
2550.237468100675,2234.8673039098417,2085.290813348171
1431.2646916533022,2246.5327912959942,1435.9898234372652
1225.321672458075,2294.624342171319,1348.0290693316672
1414.8618578121084,2572.7847734128354,1331.1569785046304
1560.4728801530723,2511.265922118573,1709.488334201325
2104.44661306838,3740.1726598522414,2000.2876251931727
2996.2287541366413,4869.233779019412,2286.9136189605065
3415.839337512786,5346.156889841612,1987.3310203290828
2684.399460523197,3334.504152733816,1777.1710164006672
1352.1416431175871,1192.7878351029303,444.2774257449007
1390.4604445256982,1262.5678377238285,516.5196885965574
1302.6078159577992,1051.57692234638,358.2062759603852
645.2754070392443,511.56683013764825,355.9321151191478
519.0009894700684,533.6028946622785,194.0351691367612
475.6430289081018,693.3932246993106,220.4716752999692
523.9626311177273,338.42944086419254,144.9007106377883
515.450651621944,160.1711423275892,84.13968072156048
383.0388424856523,334.5541127129498,97.03674296770602
467.68464896103865,446.87106655639815,101.64723228226283
444.20924394911935,319.8178682047826,129.27400753796567
477.7068145249656,440.02434457584957,163.2795201716225
726.8677041938142,782.8553486980744,420.529475687164
1067.4387256996636,1021.9103756638483,1069.8611163157589
2158.1480463042485,2228.279070108472,2097.648149043121
3044.633089478596,2830.7909342378803,2916.7827293786268
3847.827493448562,3716.9043612814835,3206.8642584220074
3907.5553202057968,4568.891696048604,3032.5053575002976
4550.933039196801,6069.993349468753,3395.5780670156773
4628.991096341246,5861.7039813272295,4938.7738958942255
4783.120567693144,5864.423180937137,3822.7303998284447
4496.982139039099,5057.729404305132,4365.743800539844
3904.0253723212845,5028.04542612042,3480.961087161046
3802.628246363956,4555.077041295854,3790.95011861562
5010.366806809325,5690.22062918644,3095.3743839775275
3622.2066784266776,3816.1641780383475,3193.315260645488
3674.290937030628,3711.881847128347,3170.3051549931088
3740.7730344874435,3650.6776954114976,2926.345909955074
3617.3188796956047,3123.7809518086315,2347.3497040940665
3221.353656071481,2535.555950105909,1507.0057663390642
3054.484246450308,2570.437745041511,1323.649426875468
2970.9486535892543,2616.313199814155,849.093943602274
2191.2170947440577,2073.242859153981,382.4161116505179
1050.051033496453,1183.266805213811,162.31093232413477
816.9631764658146,1136.672385560361,41.610354317409104
474.2899477971094,606.6808547974003,120.26576464685876
244.12978188956848,391.9649048727813,190.92868136459984
257.7537950368635,277.8280451619052,197.14412811280505
167.93500551641563,91.68079164739426,63.67604149203768
198.60006038972472,0.0,193.47234620011932
160.89422280123324,0.0,154.03963942150423
276.6330657378901,0.0,41.36113131259325
721.0832432108951,144.96268144172217,0.0
973.6365131012951,423.71625832495937,0.0
1135.10406516415,568.9648035292837,0.0
1445.1689629286793,885.9502415228734,108.63191281806962
1181.9944782594187,642.7022638784302,13.60734162633327
1282.5268252647888,604.8345846466345,60.51854493918352
3444.3714719751288,3225.5598532388663,1384.552875403848
3453.8867046491305,2861.598480284817,1007.2815479901112
4572.003929095673,3876.475406553613,1648.2989246926293
4377.477214412948,3726.4038708937924,1656.3272258992506
3110.380252567366,1780.7259013318007,1610.818328241227
2828.0705174898276,2192.728810124505,1460.6096601363904
2583.1569406905874,1571.416017342817,1691.3205925713414
2561.3660094441157,1393.3330416319384,1016.8742596843036
810.9354793816238,343.9841122199191,61.740564951098754
903.3677827182227,458.89458730256,0.0
754.8232160795347,556.7444173933883,84.37188835813035
161.30351752163068,174.14998792740917,82.88785015835994
178.25120737889512,0.0,17.88814214359752
420.8494895548207,190.6830374214912,67.18223727105976
478.8403594072629,483.96817224953276,350.447339937842
0.0,0.0,106.03622654042616
71.72394977018743,29.170065866337872,34.844714353806324
226.9001061434384,406.3046676530014,158.74231960898976
0.0,60.18922547448726,38.67395146080728
273.216411228874,46.4762432552129,60.93522161257373
398.5568454675723,183.35854288025246,64.53397074043266
438.88610135842805,178.69879891830442,47.903426353266354
455.16080625753204,200.61471962110554,97.27966703344674
496.6627576315525,233.77231220640112,17.070085794564957
1372.61683285044,1283.816345167423,478.9483621207551
1600.898329134319,1753.2336696477719,724.3763752707537
1016.1713201251447,787.8093689789421,9.080354061481096
1471.6810875817323,910.5895661457057,507.7909130735174
1711.9602996424749,1580.6183640669913,631.2933390292449
1818.5095072410656,1372.8498662134114,695.2908551231927
1724.2152490447725,1343.5516796307438,589.9176277623737
1340.6608223950338,1020.3853392944603,220.22823902940743
844.1640830316626,845.8544600959029,149.64511736083787
207.14710947074124,362.6787049226273,453.6892734721621
283.9726743461148,355.67219235679613,280.36881060594675
99.03882206868926,14.619087701013122,5.468600475058666
228.25947795768627,240.19301278221127,169.37314905125902
175.09693643407275,121.95408409338717,116.0825364431971
289.59814761755536,0.0,54.33545408851897
42.369486835227534,0.0,0.0
185.6476242608651,2.551351346537686,0.0
203.0062943386284,0.0,5.40873304883574
222.98823950631123,322.77326332407284,50.68751705927613
302.0166670214547,144.89998647598523,0.0
429.47680835511187,310.2297632165729,0.0
448.32851277247835,342.91611358534095,0.0
1116.1177436681526,1188.9283053615668,270.55823551006466
1264.4131171257568,1401.4848644659346,489.685270278258
6152.6416190662785,6906.033677602351,3034.122961507021
5913.821138216087,6803.445167842358,3103.9129960520777
5218.472851178068,6799.488404360298,3187.892337685192
4522.482679281171,4835.549887999312,2924.308161233567
3024.661834128161,3757.265598696633,2047.6027923631025
2179.209430961383,2565.378928285827,972.87506187448
1867.3500675182295,1800.8076863023148,730.7972379048682
978.8535341804826,760.0524393774479,152.49096537671136
177.4478502350513,300.1184291921031,45.80445419823997
1157.3766577634083,1043.8455758375242,1241.1887540542791
1261.3216793219124,1338.676490540233,1242.8940450138848
2308.824546661257,2198.2466693169263,1466.4278968675433
2601.8607137149543,2261.8684578232046,1920.9866811406853
2380.292203992603,2352.5072005000857,1537.4699550946166
2770.113815377986,2848.724221576563,1793.9641723374657
2677.6971998376316,2543.69601551877,1697.091962035143
2873.0259978308914,2836.4175695724875,1980.656386336092
3847.661796179652,5130.439291106291,2266.569754884515
5814.4031566618205,7812.393047462907,4382.329056668994
6562.178671128486,8646.737580727295,4155.321722106419
7810.963246454117,9727.047870753997,4693.826275624143
10020.501255104586,12053.318925984586,7167.744137048935
10483.920604087667,12665.869787891526,8615.563672658494
11466.024665051957,13639.030068021955,9062.56817638468
9989.984313742114,11710.08479977445,6151.858304639872
9091.261630754721,10361.260806977927,6130.503225087356
8872.766545166667,11315.397966842913,7003.288362392089
8977.529240231246,11291.205088121886,6724.516950985983
7060.000167443564,8110.65956250717,5323.693410383205
6692.191774944081,7769.218728823533,4260.43052591248
5029.714310321754,7330.940761164868,3349.3157484057574
5563.179681362236,8393.78712487752,3064.14563879774
4441.77037276552,7359.438889679278,2569.63633904268
2198.12946545228,6235.374942363246,2445.877453477329
2563.4964561458005,6202.4266456034975,2915.4474586325287
3899.3930248130673,7281.985660969567,3014.751303337101
4621.115354664526,6897.2465960179425,4395.485812128873
4834.161687939697,7602.119334714806,5237.121447306494
6491.777835330964,9577.116461344369,7313.510368620579
7448.284055209848,10751.847846145698,8306.312300539104
7729.735249837698,11718.679461236545,8743.256023332115
7284.373427986066,9201.556103427876,7025.085783079209
6750.806884476951,6595.9038365109,6494.585859000791
7776.000944960221,8759.292878683302,8518.878444263233
9202.717837239834,10835.85287417966,11060.00491440704
9221.47933733219,10007.553100411153,10835.872888768505
7346.5279664565,8874.882948152168,8749.096028329426
6685.635949614976,8163.534620903373,8571.35159433694
5052.471035694821,5750.086672489614,5008.988937817288
5170.221182559258,6197.156587157138,5452.148570197644
5026.987503254788,6153.548220387922,5799.440647991394
6281.892950605312,8876.199489943232,5439.608647391485
7339.918747793894,8986.390984126238,7062.660011178345
9113.602574331824,10246.222911613022,10368.29996830168
7972.467856234685,9967.221343644662,8951.273416572412
8374.95760186569,10353.361825457929,9418.480390325863
7571.9236395476455,9958.849567858659,9043.302422203384
8110.145889622589,10466.72252131591,8264.065258464425
7837.274113018301,10200.961021429324,7891.321800369178
7618.974179601234,10330.369327184708,8422.641822664626
7890.412594213268,10811.315497090132,9854.54564822166
7601.94772740662,10141.941857354697,9371.013586826955
8992.943157411337,11097.844835134812,12444.330737231743
10050.119187206317,12899.627888300625,12798.14228594575
10740.26473126125,12741.791733160333,12981.635197401529
13218.54589034854,14712.086484339034,14669.094972030509
12874.716857683301,14032.961671160198,11854.426149591496
11989.428327272264,12361.669945792468,12409.051811793845
11703.395163145988,12617.48768182555,11645.771549843916
7857.08621422559,9688.068534226366,8601.46803803991
5926.29436111289,6939.617849243167,6294.084435024789
6141.425165424769,6523.403777758181,5330.138238941935
10339.489577048738,12815.054438519848,9991.221659881112
9569.66925814027,12051.488600174758,9328.970678560294
9780.167868403969,12357.768974494998,9307.6399673426
8965.999053467853,10837.970254471848,7811.391983574354
8777.449131266208,11567.392628683012,7412.682745218017
8241.17224865916,11930.317169420174,8363.179050391243
5049.490825819004,8295.331756409478,6050.665042945304
7297.420879310718,9538.301486550356,5472.912928159949
5067.360928423295,7915.266588910485,5151.962914570755
5923.39296488601,7611.728601210632,3992.327217694056
5772.961217316773,6766.621971907243,6210.952544929461
5852.489908921828,6971.700913514835,5107.791719991903
5919.74265614481,6461.1170533129,5649.119206161514
5593.239130391455,6784.090194588921,6083.59683147309
5967.98553748456,6847.8049288476695,5315.603581672388
6350.247312039884,7735.585938287037,5117.936237529268
6752.895443403973,8020.3706185624405,5432.140938620143
7274.357462807024,8313.613845928672,6693.421769354543
5727.084053357088,7596.0046205673425,5150.426897028937
4964.578843479038,7223.136964249257,5128.801520856656
6397.412792631616,7509.878696284006,5749.183362005181
6905.097666757766,8270.776436307278,5970.79826618034
7018.862012634232,7844.82142385493,7073.2400716415095
6050.768722207757,7521.899158522907,5322.047050340951
3949.763301670923,4524.476175978059,3145.2736116905107
3249.452674640396,4118.6022735027955,2449.7472108505326
3153.3999540835707,4072.993958770241,2178.2365799456447
2966.133632879804,3413.96795073876,1919.4273022316825
4193.380597570025,4158.612040126089,2200.5761351293195
3391.955237006155,4374.352861379572,2329.069168725728
2982.904406450515,4042.458415685856,2339.9105056170283
2501.896153471891,3490.022939294298,2026.383829613476
2738.2793531291018,3877.342373383737,2335.3347716560347
1536.4012246199518,2378.6553268284692,2548.1751759401777
1391.0650542607884,1960.031751789871,2670.451714836809
1486.8768326999523,2225.94978209518,2500.5981090682667
1190.919319649283,1683.1783274543552,2117.608782191249
994.1717788570228,1643.8190103985205,1685.8379731915124
674.3083791386416,1398.6004967903289,1185.5333364522464
579.4876579783296,1302.2994860591891,1178.8253857371749
669.298593336097,949.65752227148,760.9641844024652
675.1743126012949,963.3984094402422,147.21548757966318
911.8132437068786,966.9842348952765,162.83413099972418
1024.3565886523727,846.7901268171246,178.7467366149958
909.8109956344792,875.740811455025,195.51298764897024
947.7704931170813,930.476746217148,136.76427493840907
1107.3830165338763,726.8645680977058,27.48579934046376
1129.7903213935672,1008.4663453489615,83.95438668599316
952.6668790789665,758.3945863141017,87.18872504789051
741.5323501438443,586.8400570390645,87.01887842494959
892.5669813309995,327.5993335290598,14.05278243605177
675.3637214499242,369.58913890635864,98.8784775325241
966.4870738304553,600.4916213774225,57.17829300840611
1080.8068546691409,848.5909544127766,103.77245738096204
1350.435898235214,761.5281575151463,53.46071743462637
1033.1504913674307,569.1968726072222,6.789737124318421
523.8329931747684,507.26092158167387,0.0
206.19263634597084,136.4994829827757,0.0
295.9328361708358,278.3067628537426,0.0
179.5604320705304,80.68406869923447,0.0
169.34822313785688,32.167621480775935,77.287011469
33.15225309403776,29.5333115039139,80.85982443322644
8.48004503027758,0.0,72.69183670143565
12.816229155686319,36.66214913620478,18.96466328329577
59.99871562207708,76.4886276690435,0.0
64.03918534952028,68.7660566700602,18.160593960855262
266.82616273788324,187.68489589822576,0.0
383.345054462288,323.802435037722,34.79698083926433
474.75543315442894,377.1943058106567,32.15880009147845
968.6610780830512,647.0170772368948,78.41766994897334
950.001934322627,519.4811760974134,126.88602144144711
974.2366762251395,791.4596052307905,85.06050524930069
1748.0687340028571,1144.9817877938565,246.71642867674365
1497.255744084331,1148.5911553648139,538.8517872336733
1314.96867865394,562.0954870912534,194.48524706094145
715.8816636830688,483.41562803631257,110.09447994146916
663.3359403918449,315.3986524142248,175.76666960383238
468.91123937945804,324.965852809799,106.9728091915772
778.3844005980575,579.7021938101843,137.91643467360151
456.27645286600847,89.51627601095501,98.42412078689432
69.55876807456386,41.274794540665184,9.468016936866508
21.71626247113265,0.0,30.2435233463112
0.0,0.0,0.0
21.001539365223767,39.486925233416784,0.0
26.690289912847085,7.473708806862263,43.22388945502925
0.0,0.0,0.1094666962296078
0.0,0.0,0.0
16.36307787601697,32.14478268479932,0.0
149.0810072649162,11.162040971431402,0.0
215.5539536551853,131.14200133661944,0.0
176.10372658988405,168.14547726819802,59.541278406782
365.7944739554871,123.96568663630129,87.64798142808446
783.9922199817378,401.84854304295806,69.4113871385708
1287.0613352034861,570.9185527636403,236.05681334862737
1226.961591147915,823.7587586810673,477.0422960973331
1863.3945136095879,1167.1638708872274,514.7685468232415
5824.307951629804,4722.654516034558,2593.307545719925
2951.217204222528,2761.949066434944,1696.9870398149276
2718.5118619036393,3016.9302294617773,1786.9839784652388
2117.1197762397683,2111.863189029586,1589.0502757446966
1992.1139219974334,1449.3423865725813,951.953230682715
1182.5306060002713,921.8635720649115,507.31071188469616
1080.9984374921758,480.9065814271169,461.0990071963448
1241.5589031911884,564.4569170739255,499.0575180863335
647.0391247576142,189.63424589194625,185.72822870593427
358.57935491886377,445.12508522240324,205.1181559161264
346.27701822852964,381.06684174008217,175.59263610499525
416.2067590630597,401.25881354371177,214.3294780629811
71.14515746630168,0.0,114.37506508875126
833.7035252601295,284.06645526238293,407.16002385975855
714.6648265209142,354.97944478871744,172.01929109111444
766.1496454535902,462.73478829567256,440.4273227568377
317.93302594352656,400.61671231131777,406.2384438434314
987.3098453679272,803.3840082360766,295.7292612272106
566.0643251813738,418.26434987170074,128.08844726339632
997.1431857121048,692.21519609585,298.1722528380634
810.9109213045874,366.0182275001296,146.82958386130232
823.3167068109135,223.7267962167243,325.9460804619956
854.3476753151608,193.02682649626448,249.52899830731027
967.6022465032011,377.436823047728,215.59519398675727
1715.1080657215407,1485.903706672557,455.0966146453495
1520.585993105461,996.7042642895748,455.9374924662362
1470.7741732351137,1001.1585854298288,220.6172805718126
888.7511760800071,563.2840364229975,219.40524528287287
861.3944360910634,590.0038046717563,290.1115266070562
634.7304017016293,649.8000760448466,514.6098798453683
858.0418521878747,572.5258819768682,166.3538895038768
754.7218684961495,643.7990307971264,381.9892306233916
499.0592247724219,567.3679924313537,270.1432920688574
209.43903592804227,138.13612026958958,295.7488183333784
147.51482879367293,251.08619679810283,165.00425635813104
183.05848446365212,80.376784095199,0.0
124.80231811599683,32.182933885685955,0.0
176.56413175199972,111.8167780642894,372.3647152569289
562.503154906512,191.19639771237502,388.4342388042732
724.6779569374087,423.599080427942,580.4013145235662
525.4844014565704,479.29861146009006,582.5343598117116
1012.0104083812748,909.8746705041258,941.8993793505716
853.8658983974736,1138.797874191693,1176.4473029395838
1166.4755558876284,1443.1245118134655,1266.943044411308
1506.6996538357332,1634.6934087980355,1192.125124372609
1510.161523123649,1794.7803356116647,973.2589315091192
1564.3295792426054,1585.1176170890917,934.2180317883876
2974.753598985667,3128.6451109272857,1626.141681084234
2818.355384806367,2927.6605022411736,2102.231452087931
2761.277954150738,3043.529394194265,2059.4207903807155
2415.7375315347563,2769.743390785178,2039.9661478130065
2899.417926197807,3495.4256921644555,2256.833866551813
3207.5863968159474,4396.458985689684,2236.244371665808
3019.220136179463,3971.177800718364,2474.8243160106263
5878.831455519563,6695.534973641643,2547.1317259779653
5397.70086074492,6708.01356227424,3194.640149921692
5436.405049903794,6532.494989191773,4217.677537579589
4615.356076766268,6282.787202671747,3754.459311082232
3935.9317659386693,4863.335731274003,3032.191854599647
3288.446147497752,4246.891553266341,2297.580612474418
2740.426136656163,4100.50913017915,2067.592608299504
2032.0377212017193,3867.9513123405113,2384.710360185578
2092.6552705547797,3726.4340556905495,2874.148380116918
2103.060319704171,3990.2215812785353,2890.699834461029
1985.7252452415457,3826.449494440278,2516.1996546570267
1746.9643442634967,3385.037869125542,2648.658646007188
1907.9262362908275,3480.3610939291516,2293.9062698717416
2491.6433169259494,3539.3333917781115,1698.9563525336723
2690.256362436721,3549.5841914448797,1696.1825256260008
2370.5773436888267,3523.73199189707,2066.712284991995
2589.027237748948,2897.14243429048,2041.6783391157871
2133.9981085817426,2250.456839161343,1364.158713527055
2848.758596990973,3555.372688189061,2091.6073490440167
2387.5046403475253,3220.1704680610846,2009.306225367443
2505.7700314452304,3288.1398483352978,2212.796132298617
2805.884397615284,3607.281306303996,2202.5028703076628
2577.1123259201913,3660.790727648997,2128.1851440093924
3536.2908496339523,4001.555664939617,2149.609097396998
3510.0268118375343,3979.751061192585,2279.516378065978
2785.668471369225,3521.978880644866,2171.988705643184
2367.440534456352,3417.043479112697,2373.0112208057035
1309.1207816316612,1923.9803189782117,1164.2370322854786
951.6619733690541,1432.3576210683007,1231.916912204459
796.7359741782292,1249.9964250850137,1185.2033677834906
808.720598545806,1353.669231556159,978.136070922142
762.9450642040733,1280.0184829058064,1977.198297588884
981.6712851665028,1674.6286684480847,2065.494544948621
891.027598546898,1530.2118587806272,1369.1883468672822
1305.7736346884417,1798.1438677701976,2634.1636994786218
1410.3202478433147,1995.729462450066,1329.1551570580746
1643.771673983825,2047.2967357979778,1197.7421291361209
1700.0442607450584,1840.786806146619,988.8561817561368
1388.1933397391037,1211.6775659663706,87.15696034977933
1759.258050358076,1151.305986381295,206.9687340945443
1395.7505040922142,704.7223060029219,182.95701498313736
1275.6865742925586,714.2327099274474,136.88501452945866
1737.925972974801,2032.3150646282625,295.74070622773075
1301.6959825225335,1213.6954523569673,39.67141969284699
1534.3203446898092,1511.4912959848475,464.47981773665686
1421.4925616036983,892.6825606789816,0.0
1456.6471558699532,1388.0157906203303,519.3155643356414
1619.8097188732474,1152.3116450928621,439.9642980348587
1492.7799362955634,724.7366412021969,474.20604008564334
846.5771658455558,123.6319684619935,0.0
181.09501214265262,102.3840979556399,0.0
39.68245352915903,81.8123290929124,0.0
82.1865223453463,18.184083841175273,0.0
25.489874065292856,25.033555980293677,31.04266434656148
22.45073908102362,0.0,85.3701762913606
212.5174016524483,99.11963218782839,90.1831995276537
0.0,44.45079317318198,0.0
0.0,22.245380623920106,37.238445262173926
328.1255688865591,230.02003288312127,240.4400844131817
1058.0706388639908,688.8708859803936,264.13682561932814
1980.7048639379227,2115.8733858330115,1050.6521630589034
4238.91297810823,4877.483061163874,2847.0747284397235
6459.923816241487,5876.3350077531895,4531.7993176105165
9540.321963987151,10350.06348412708,5910.495101801644
10614.324298541846,12104.51219685927,6650.861799468442
12081.542513928722,12440.822543714778,8096.910799690127
12374.764608660933,14369.282238660764,8111.685152408641
13329.93496094988,15212.336852917299,9903.040531953748
14704.762711712225,17753.0798052558,12138.19796166232
15400.595346979808,18511.980347161083,13579.21143738032
16206.7974829354,18782.035253563932,12452.360605417762
15184.310361719685,17569.475198052627,11970.37382304629
16294.834756099091,17951.125065347976,13312.428333749314
15562.191753156285,17321.040652952423,12719.73103565046
12904.992674974026,14834.882592604012,12546.2384735747
12241.632813040476,14697.418180942397,12598.487354048426
12780.152731254784,14484.971719700507,12678.044691001904
11998.810521680667,13301.036011535236,12580.768224444371
13093.514595816501,14437.588688690328,13443.530523150474
11302.401273723563,12826.061741631062,10900.515421424298
12492.810803872513,14274.428562182045,11764.889215594085
13953.41644818677,16566.5447279074,13340.48415828648
16059.791592607278,17224.59398788794,11476.592774528282
15148.73945722561,17279.950354991885,11595.860305242437
15004.57461072683,18337.01496779868,12069.45599098728
16303.24088760292,18777.324532045335,12105.69619354349
15753.592900889238,18619.861535595144,13597.283568370922
14505.935727176156,16713.986102580548,13218.63524849504
13626.780415836482,15061.491628928057,10662.039358602442
11872.226213112965,14370.649654711911,9614.857062572824
18027.528218357234,18381.981692660993,13774.758615393372
16358.214324830702,17997.890112501555,12187.857722136603
16853.590192804586,17332.81180969863,11142.52197653271
17160.160678164204,16678.751756731945,9926.602403505352
17452.30885226876,16459.217524814878,9283.607271263176
17273.252609151696,17852.321063627816,10685.009156631728
14762.129814490845,15763.498062478762,8230.178144832913
10018.273988450512,7220.705066300389,1977.185338488208
3580.5938908834746,4092.090723797063,513.9935023542783
275.2818195717502,390.37332771347246,127.83768185888464
186.03186157256104,469.39585115788634,272.1709215258435
297.6649051791392,187.72639531240324,716.7520473111238
249.85845548241966,319.7759819794569,968.2855810153864
373.0261165052175,576.3337458364487,1026.2203182304436
280.73921576368207,481.44493327633023,649.918083939194
183.33480416401326,380.72335781332555,295.7298643419727
376.3108869244226,580.2239724552427,237.00101635693164
953.2870787148095,617.5470435693135,0.0
1373.9804329597227,930.2423900381227,73.48600050039855
1493.9119117772645,1194.235754680396,195.992797601075
1500.3549907189547,1215.0219177031452,171.86435801241285
1734.4853444410262,1140.9270188209975,206.6377202195856
1754.594898453546,987.0377840070702,500.2031180916697
1984.4315619154804,1342.7607461512507,487.8851630631374
3055.00892543714,3561.493374847542,1460.267242927868
2335.7106628175684,2762.540012907512,1916.743161462556
3259.454235919769,3562.484306244629,2038.2962071130155
4443.381425150217,4242.105559297401,1895.2009810180764
4684.936376502723,4683.132636906475,1875.510015030466
4842.780407059805,5287.52654556053,2852.106033881307
4882.273037183749,6461.118788129711,2950.960796188594
4949.206698515572,6596.225977236044,3637.4676914263378
5062.673728885839,7086.122594363575,3569.7365989471687
4188.460132334256,5658.777465917007,3772.8825100024974
3440.763873463958,4603.806828405601,2917.4931091335134
3426.184664569049,4279.005867718119,2222.410908267281
3420.339422243502,3753.553583361245,2289.4043655540004
2889.895881075856,3433.4865670464555,2311.780384119369
2703.586111731783,3587.90682067143,2324.472134551598
2775.9070437901287,3198.352793781719,2383.4817239537697
2355.8597550726986,2804.687741811579,2165.1687997771355
2371.795148353348,2668.8433025241943,1488.563058891264
2076.5237202812655,2179.3143014907764,1299.01467368444
1899.1118334934906,1808.9479121221352,900.0616683222045
3520.682304603789,2915.0677406351338,646.0138022891157
3542.286355148005,3528.9818827748063,791.4501425714129
3391.572863454279,4101.959101475522,1469.121695581042
2354.877442205685,2536.0268036769467,933.7767443958244
2263.697441551649,2025.7951054632244,1075.7268989659349
2351.3359677155836,2262.0680215683115,1118.9166019635352
2017.6065360676566,1902.7971147314527,924.1348290366598
3450.6641728323166,2812.4924604873445,1207.3656329643527
2823.33354716872,2688.771651783173,1096.180537153139
2520.480652308236,2575.727473685174,875.2910714798578
3202.6973498896414,2458.627811336537,940.6593035920218
2618.461652231419,2425.528063652574,773.6505523016674
1340.4846592456097,1335.8736090016623,836.9605199986527
220.03644477949348,137.63881644359947,294.12904567678305
267.878460880342,140.32145659751166,267.6763154873232
230.10907246968665,164.82463254594165,87.94763164149971
182.6898784045189,56.609976282807736,156.03762925967385
152.32523824667774,120.74494469761433,30.63143684144623
88.31761455889824,0.0,0.0
91.58127228428431,0.0,0.0
66.58030539903092,0.0,0.0
71.69623194923044,42.592969865498176,0.0
243.99223938088585,162.96778085394976,0.0
234.4940172513108,370.55163450339546,0.0
714.4672418289094,629.5831481332359,0.0
1099.3744130245461,980.0612142501626,0.0
1146.180937547127,804.3226601389634,25.993237288307487
1104.7821545645552,792.1640300848335,31.91194915397279
911.2908483289469,429.40116769917813,25.000544235127546
900.6760662189089,260.0309701848342,83.4756063453212
865.3246624977371,329.4193623738089,48.93686954443303
712.8002761680441,318.4636605058682,12.291922682147918
677.1099261791786,304.5480638127085,0.0
716.9139106682147,489.7840591110075,0.0
847.0951958834985,273.6573180450224,0.0
411.8798731646042,49.17895134189965,0.0
258.36878960765625,321.4860331507857,0.0
211.21238080576023,90.9394358493553,0.0
236.26107782380873,81.82893693283513,0.0
161.36920419569375,185.90093772485875,6.135333964302054
70.2810410048272,62.1571835457343,0.0
134.59501522736699,18.61978854999169,0.0
48.23160159646136,0.0,0.0
36.9093264935961,2.224598994264568,106.5480352743464
411.48134869945875,79.64602173781293,25.21004119163188
484.6482639774247,199.69277694088916,3.930292725370985
353.93044475180716,46.821823918189466,0.0
616.8462820415795,342.9422959827542,0.0
793.0709473877602,254.79250186574805,8.875212638087712
868.6805672710145,405.00199137015056,69.40373362281666
737.6183519798794,307.7305560215899,22.008391720794908
915.85226527644,388.95537143864055,69.50769748148902
1014.7713278187908,414.26282601809,80.68280068032975
658.6175427696032,269.8685853396859,0.0
690.7356378480977,248.1496733066799,0.0
1018.9240507431593,233.3539326205648,96.55801806308156
923.4099996248037,282.23270558713324,96.0708915229955
839.6268505767259,274.0075705863333,104.37248017342814
959.4110497001667,590.0263697701965,0.0
959.9656489800788,459.7845730823195,13.446116400362705
339.84010479177675,344.9382739994984,0.0
255.92068776543317,0.0,45.83490009682519
313.86454755089983,104.44554495767248,0.0
218.46743168865393,53.8154456030705,10.684748771409668
133.71414616798634,0.0,0.0
0.0,0.0,64.54638918998008
55.97203749843921,0.0,135.6124456324689
88.99965457631413,219.26980907472344,16.71437126661818
455.8396396366545,280.7055657763167,118.57191049041975
482.46118613277815,337.6965935230319,141.87672747412222
189.24955572655284,29.67032783106451,129.433514349701
178.1791042320109,49.57390011298282,69.35008794728793
333.2064005590078,201.00317458470883,23.00937890328462
289.8617842865171,80.8283093638158,23.65568210044625
856.7412799263088,341.716143531837,134.5152051329922
1117.4307328102336,449.89791576133456,228.6959404654647
3037.5908353736204,2149.239820318231,1113.9971234264094
4996.780972600957,3787.5274738070766,2085.8445650923345
5592.580098316525,4276.715971651623,2243.35198468222
5342.578779193741,4430.724117166261,1826.5971406106005
5508.482040596741,5272.295834239714,1565.8294727976895
4595.708646000257,2631.8141767492466,1361.3281450819322
3166.80377125795,2490.476646376967,1993.723401319288
2930.0120455686992,1854.836721502756,1297.965651291873
1667.397976561596,812.3695991781872,602.7387738068805
1405.0738472399428,865.6719617817485,621.2856248799412
948.3624760109188,482.94312985612225,438.3574941622398
86.11944937828653,156.10421335573216,67.63629084516323
36.289122805833685,28.939627796998167,0.0
0.0,0.0,13.671136115162229
93.61717830459352,0.0,0.0
106.0018791310008,124.38985150206352,123.5926764364944
400.50170213887714,339.2595618261024,145.81128603446015
965.0336336279132,556.7917760301553,111.9660784029939
1076.7931198123488,724.4336710395199,116.91739384499968
626.6560565976218,408.70240316664115,183.2815258280237
824.9049673157839,508.4397948723692,305.64733359256616
1619.285629533937,1095.2123741620137,571.5964637290253
1517.1127792931845,936.7505047173571,660.4803597131862
1431.7732634586966,803.6529464959322,381.16345289984366
1305.2853957538084,622.5566448305032,287.121433298971
1190.6476936221666,794.6462368307142,113.48179650984014
1279.7815855863973,911.0000505153071,330.7833491476918
978.1650817975096,621.6942056849188,67.71413120261062
1345.6048465975402,763.3186271004827,380.6334579943948
1184.5960514690485,1043.7166142541746,312.30639063335707
1111.0580454819665,924.9596590882239,398.8095057877399
1330.3991066736637,1064.8382972360648,107.030785350656
1299.980815737023,1236.6087087613578,130.46585290060284
1072.3071507080567,1332.3045109205207,120.80905230586944
988.6288099074136,1382.7334151446896,147.64583682327594
1601.2213159968933,1836.7696167354957,633.6625812109947
982.70374318142,1621.7636529432234,952.8550725072384
1022.2367666955662,1592.259505444765,936.1966754326378
1142.3227044684222,1874.7934945811014,1221.7299469787224
1733.6213403393208,2289.9854455428826,1008.0042541919836
2063.737592978593,2727.2703898304394,1511.3440969162552
1801.52381822287,2133.3905366445624,1204.1006746925823
1866.8885340356192,2080.7286295997233,1417.7398591166873
2025.2345656497332,2126.914434643458,1382.9438946886917
1863.598204804429,1897.5148450462361,1201.6112674781025
1543.5920613518522,1372.1947444681161,454.9941106793142
1487.7574615707927,1134.4355810715338,611.8828042589417
1319.898763074554,1038.5334216618899,555.8581093964546
1936.7349393435961,1515.062365937308,706.026126275974
1808.0328353176046,1596.318914755937,566.8851831701966
1699.5669446041647,1311.746144459401,719.5083690675694
1398.3204579668932,1243.6401794523397,720.8135935850554
1401.0664216905536,1344.9056909049953,786.5845058929984
1433.8972537251532,1410.436893180543,745.9585494088855
1529.3549895807569,1238.7048041512724,634.2446117036922
1386.681713789515,1271.6830086921245,700.94421559314
958.6590826412732,1298.6364688326425,904.532055151872
929.765093859256,1235.2043259562843,1139.6919347879038
802.8866683647129,1102.303877593296,1088.7306876505745
528.0057677880327,1004.1022780540566,775.7209997838436
130.02564332452042,501.4499683377966,257.9148516906986
110.90487624035188,251.12431036101992,216.27947294522568
128.47620913999899,264.51539475555217,248.72913462277785
187.60682650231058,242.93326320292826,235.9877754428377
238.02280605017526,279.6927718076925,135.10331973052484
508.31927009726894,415.0218170126436,39.22706233498363
755.7932910038771,589.5849170207056,7.235693979170689
1031.7866379061347,924.7117428538244,0.0
1098.6745543137638,877.7812670487776,91.23692836657872
1315.8776274708562,1043.987457209144,66.08177069859236
895.4343956311859,877.6413352172962,82.30117757826463
581.7489405110668,390.9295006135387,0.0
1047.0567922903329,781.7108633986705,96.64798548336756
766.7355863725426,594.4273496953567,29.448220033225446
481.22014038033706,320.93157495865705,30.379426150157936
580.1156811586316,291.77772783561795,13.3280179367367
563.0434638581141,209.90578846666418,20.710261106122235
442.3529344744154,325.3919122053372,63.527895281598646
940.2219163818339,454.88964559566284,49.43006161743082
684.0065012615632,406.10952811026743,33.61417340588223
26.665381370707177,0.0,80.30343483550506
0.0,0.0,78.85337152222414
0.0,0.0,0.0
0.0,0.0,19.19712022319069
0.0,0.0,59.65518020065964
234.14608783000196,180.36923864045676,257.0700133985054
180.26244132221885,194.0153003593038,219.0928178737426
0.0,7.754803022994906,48.28141291688601
58.12037183447506,53.25411227918688,40.12492686052551
91.67150721699134,7.346008777711518,26.97287128346604
437.75130676220704,389.2403578974807,107.0835354203502
720.1646148600996,546.0285242547484,335.5902321222775
1776.6527586622512,1453.5672109469715,914.9306398883036
2669.320717072877,1974.2061582946376,1225.2327478767172
3690.267700322669,3049.6472296587535,2545.223057761638
5385.531551795105,4527.10312375515,3004.311934372161
1683.2095147542823,603.9949186665376,1200.517737391003
1921.678208907973,1071.497066999833,1277.75525689749
2131.025577645717,1157.8577867210754,1463.6921027435246
3047.4451726266952,1874.4070756297062,1292.5639078002196
2745.6370474585274,1696.2862990175104,1225.9756522977025
2328.9752432713813,1078.7467955110951,1051.8821812207534
2121.092991835726,805.5626622006714,687.3957645746971
1399.267893130753,334.2325136873769,247.570428580832
608.8763918259995,184.35245551169982,0.0
52.84853474300708,0.0,0.0
32.50543508562915,0.0,15.396621221126605
14.176473272838532,21.002657090734992,0.0
0.0,0.0,2.042670173254852
0.0,0.0,0.0
83.76874668452128,0.0,76.3840593984127
424.48550174579265,391.8151610511173,494.6352556194152
684.578196902514,414.87548388590733,543.842814195122
218.227709215836,41.54550495639144,109.45700294420438
711.5071650705838,615.4745452074973,286.0637037013282
1655.4812417525736,756.8732565937818,840.3365576505254
2133.825662160938,890.2672418487308,992.3247099891798
3325.452918593931,2832.1390740148177,1794.7243615908153
3696.3356163016488,3302.6884756369623,2358.4589867166337
5716.487640644194,4272.9965818538985,2636.340691971629
6087.820130465822,4999.506735852899,3220.8516213016665
6485.857752509618,6334.676046399391,4070.9977841913897
6568.347755948267,5753.247831040774,3847.11256170816
7924.644026986577,6743.935285400532,3755.789195855461
7200.406637878076,6797.110082139153,4077.82708442546
4807.268250579316,3915.949287142134,1745.449717401386
3932.4227469675325,3066.1755945910186,1544.2066528834127
4220.708900204632,2578.6859701820235,1812.582934307404
2785.7981751962334,1566.9478899799965,1125.8976459508488
642.2384233951452,274.62869700290946,138.3792669606386
161.17454643940263,112.64933101221739,15.10442076729793
89.49432684114956,0.0,0.0
170.20780607776723,0.0,21.067485820347084
83.96396655858123,71.68082738013578,248.60989526516207
284.28592146672565,270.57137245901447,394.618657787498
124.50133430102466,286.4170916643336,0.0
71.39698585908246,0.0,0.0
80.29752679420318,0.0,0.0
194.4052963621399,0.0,0.0
351.95889950552316,161.8032636479053,0.0
371.52953069627506,18.454619342813615,22.810058120691625
463.37189172822383,97.01312396669172,71.66766337767307
400.63402393481124,71.67766846163786,31.89367693074099
490.66209898280846,217.80562040292756,0.0
892.4729009373931,505.7371419517105,13.086485994004288
830.5403433230755,482.1316328610502,110.31046135038748
527.4878092414027,356.8867636659438,0.0
986.7916119069464,622.526619884453,97.88376025697114
1291.8888921665684,1054.5725846329638,110.90090736260171
1452.924969078663,1309.4556700071491,125.6246555199426
1514.6695972779212,1364.5618397527435,47.54301651089819
1244.3938585152573,1195.557888750088,107.22462808621256
1194.7956108530952,1467.9732651575605,193.83317959241435
1049.0197787250913,1167.391531243844,412.9410388489351
931.5401456289472,1240.8546330836427,769.6684776722767
1074.1095741539355,1275.5285087953077,992.6718541685362
1423.3909603855802,1096.285739363775,1256.2621759235644
1155.9793138026491,1184.8240900024052,1244.708873269278
929.4615271084774,899.208712428662,1328.5217975426535
977.8096291191363,1126.4169806182772,1055.8809710045673
1068.045712209312,919.9671565846274,656.1657446463415
1304.7622088048245,1226.1729812746228,428.2559533507489
1322.0728244188767,1038.4883157650097,394.9563136107214
1478.0457803610716,1503.2551973136744,593.8495253569959
1888.061641372589,1505.8637679644378,879.6788972965069
2270.945867958357,1623.16330780714,431.58322810989256
3098.654150706118,2179.270019069279,482.642813462762
1886.807566476267,1480.0918749205607,337.74235708234454
3126.315210102879,2809.5942872349565,603.7716976064144
2596.9802667669933,2191.760867741645,566.4271169715
2397.852077340143,1808.0437385470452,389.9203920135175
2280.2602546247126,1477.743347537844,196.6868574067732
2184.024718246325,1112.1671730230792,179.2331460574221
1743.9894837460538,1010.7548589907559,312.6748131876181
1311.1581737023835,985.0504550223005,95.35020666326552
1361.772359843809,923.3020962343659,48.657013651852985
1585.9107529075354,1019.5279460165308,155.19984983161763
949.2103036051767,1328.8165401956203,269.1680364012381
1242.3289577536398,767.4736574153861,0.0
458.47393381740454,363.43216386432584,0.0
480.40318886047544,790.3911718083937,146.10451565746075
465.33390576806846,937.9072622460594,318.11429453604615
876.8876428861272,1116.0690874881004,578.7794277699156
2056.09626038558,1494.0471362206638,1045.0208091816678
2177.348866947874,2275.111380684105,1751.789516634834
3444.068850049688,3342.737591352151,2715.759386242993
6123.463125787319,9059.994467656568,4567.718793355711
7107.9900180822715,8912.054135616907,4787.77293393977
6522.692342759199,9006.49834740563,4249.428898220197
6114.691066909243,8303.67024106962,3615.880501707348
7725.275755722789,9408.263230729317,4293.951382590003
5699.2150592143535,8000.737852207658,2755.061826563301
2642.187712843439,2441.5919235446872,585.9004791782609
3044.346033795105,5841.609561714647,2107.01228087287
2597.30127605881,2755.4514452380504,1561.2225742649096
3290.2136345635463,3798.297404472163,2071.751965544788
4191.942913074217,4370.573638080755,2569.973484274113
4644.0640558935675,5365.290005280265,3008.7073549116867
4637.675232264703,4398.763212739813,2484.855497737067
4825.963816829014,5040.131085355929,3209.036297312481
5105.017835741784,4804.064047748077,2319.691784634489
5031.505099980426,5403.044268976474,2562.1517717799784
4116.380703054536,5178.685963821714,2252.385148107825
3830.045150183246,3942.703884983779,2350.515967220334
4362.806525967994,3877.8268531584567,2900.211070711547
6455.880147616973,5738.057855381351,3340.4202884766178
7041.366552317802,7152.64317075969,3755.0290668763137
7340.033647084495,8687.596727302813,3880.729475762792
7547.728711666229,9632.208431912557,4743.366132094759
9335.58504331291,11967.189777427904,6632.664224844205
9949.33534128212,13299.62080990527,7970.218397828772
11110.709906870914,14412.091020093618,6378.663317638515
10166.252023669056,10778.287459981817,5118.615168630287
8090.981119244996,7269.236682954288,3686.130293417029
6314.684907549036,5222.409156540844,2940.580549657714
6035.296766019636,5215.214438412057,2750.33537626811
5887.04232519649,4071.133217327128,2478.6489916523906
4909.113446234409,3065.9077310715597,1268.399543477974
2643.4907858683428,1767.6325061430582,950.4918565160048
1069.1580673537383,683.1392039427436,27.819120497768488
844.9490879406178,717.4125984390153,442.51468789908057
672.6371750344715,649.3096763279742,764.7204616074982
784.3913974794104,600.3581971767277,773.982953773491
1029.6824547913266,935.7930573640175,623.5458469729491
596.2067431117468,617.6700156350336,381.7165606354725
218.3009543857349,169.68087282733663,148.89366090935152
94.5635978979192,22.733536103917174,115.97637061093224
106.17135843146754,0.0,104.19125122432236
107.2969561950813,24.541331486060415,28.24278746457612
72.72917396952906,29.93349193682922,14.42325367847065
112.75817983684672,0.0,0.0
141.47924232728468,0.0,0.0
97.66257637552067,72.47039471017433,100.23731518796026
148.21981714491665,83.80194865870624,229.16446303004832
507.3770610505974,601.4347180722276,157.3042465308168
769.3934354647319,804.6669390587789,40.41273754566191
537.3016915950456,549.3671482698254,190.7170756753113
1053.1795965912904,983.6633258940541,17.52074126495281
1765.9376926912512,1216.950223530872,162.0006491977255
1971.3831684186803,1904.9321308768967,282.71663494589615
2344.3856949542146,1853.209601407372,350.3026106558334
4076.9681651544774,3114.3753376583572,932.1294632130124
3877.001601178228,2892.34602097152,955.868157266866
2400.842460249529,2008.1858349817,861.5831084337327
2138.792865452136,1175.3338053017887,554.1554312580804
1731.6328882888888,1317.1088758708086,543.732171635063
981.3402656062514,506.81352904132797,446.64990720076
375.8969942836517,227.13703913589885,95.64361848538935
168.9278931390281,324.5695474747461,132.71044765036794
48.67170065134156,206.18348881525557,63.91354648533863
33.33813254805232,227.38823550628865,162.50041599585165
0.0,95.70919552807996,52.446888117824905
0.0,232.9547305926052,0.0
41.87807979865721,238.94682006867032,36.9742745193171
162.6683972111071,100.07242549288695,0.0
364.817436662966,318.4888163553372,0.0
459.3420388333194,350.1700127954364,59.48145778440677
730.1811168176151,697.1581160226211,132.1008240248546
1538.4341738434596,1184.3969928830754,269.248002258824
1092.3850910009503,1008.3747312397525,252.8888436050506
1766.6697882655728,1526.3545671159748,272.1441264687421
2119.6965965637305,1506.415439594017,315.1843961557891
2122.9028499597703,1481.9338104404849,323.13625804258743
2184.7422796764013,1294.3699700384673,345.7118595139528
1809.533696841268,1369.883618400423,263.2156244825534
1402.3186959195243,1113.5585715994487,304.95235681674507
1888.2899012614103,1043.9532073627859,331.2563820053343
2417.5659789308515,1112.8603018587546,754.2622212634817
2651.403445349244,1774.0854716134977,1614.1294918606584
1658.940454661948,1105.029080489671,691.5836433963406
1892.806868212948,888.4606559258806,832.3041573829256
1851.322261556043,1479.0509004694673,853.3722032050194
2289.381253660408,1865.580053038108,675.1467781928741
1701.8558848422592,1387.9460507983913,763.9315557692114
1471.6556068423852,1462.6267643478764,870.5076948226781
1745.8505709207868,1619.6070984451908,1468.4426518334246
2625.3539408658244,3964.4903756356575,1299.0366724582202
3354.0813874549376,6149.588362544134,2454.3839695387296
5019.288267254569,6923.964395674719,4469.244598757884
5544.077088632898,8332.098704273916,4462.6302053447625
7547.194194646389,9903.379673245245,7032.495174402381
12131.247709929647,14656.361104436988,9153.17066568244
10701.11845079703,14494.652362159006,10397.072750140733
9490.955242787582,12983.993573238002,9015.84122312651
9048.28026068018,12282.969504417873,8443.24613372937
11541.395005563718,13954.86981556212,10221.348791364368
10247.416745721657,11572.994236587781,6848.690181395106
10789.036868596,12145.715824043818,10155.403673524892
7153.474780294306,8858.582709430306,6386.596541775658
5337.984912870051,7224.343741223122,5376.558592385662
5821.954801678336,7366.536577172558,7107.744435496503
4440.158350040823,3798.7285181273114,4189.159538020479
4204.957268009212,4066.647257548197,1099.3713481703674
2616.504422462226,2583.37144203011,898.2185022884141
3957.351786253951,3924.9187524439317,1653.882010551188
6098.5622181903045,9206.12520234928,6375.748231990244
9529.335559249464,11598.663525186877,11495.125514271613
9387.30443662869,13139.105393526846,10104.689554022136
10871.093619043922,11753.41054028311,10593.500411718836
11739.058387462877,13140.743049762319,11765.610491824613
12096.897604622975,13510.24026526495,10586.068089258257
13348.601149049158,14363.117330153236,11169.529499433287
13315.761044719018,14220.651927770827,10415.408748704156
11156.079159159186,12056.444377231604,8093.672747369499
11644.609487547828,11753.197219374733,9958.21367167423
12823.434960278473,12559.745682560264,12297.445742598826
13041.070626575061,13319.532295332541,12468.396308091496
13156.981272122797,13258.72842733599,12436.835907819734
11500.688998951731,12247.1602641054,11167.102119883206
11748.037156429828,13498.75554601226,10754.235610677722
12806.62302658815,14184.626790403332,11251.49306964082
13430.050253817017,15068.764569184596,10787.796718569269
12697.426084294284,13839.748583531842,9699.56761023427
13732.4057181609,13359.615023030947,10611.32728073999
13806.302482248193,14167.429138361274,10668.304480484465
13783.117202961947,14188.570291609434,10648.989901119809
13287.20187519381,13811.713406356941,10981.383856740344
13247.263650346682,14114.067941024314,8775.450718073494
13239.847200730143,13932.123399520631,8685.434676868923
12988.425086283574,13949.086729933193,8861.155050039979
11374.76094669215,12998.305695902216,8405.457184424646
6397.5808450627665,8463.205421982899,7457.481736765844
4868.809217034434,7061.106403340486,4069.2654798323633
3862.2456503168746,5813.90627376882,3285.1456870820475
3480.3420705733943,5843.64266647902,3232.7758281949327
3217.3983744293582,6472.643771358318,2819.531071373965
3027.715320450429,6426.504636504092,2412.225800829566
3114.9707527465043,5832.12493644911,2836.957826759036
3425.5299552838287,5397.167134387733,2687.77083843366
3823.8584024160436,4987.900101583852,2733.828642541383
3980.222100083584,5903.949939916295,2967.472621792053
4998.790178991974,6214.764807621273,3081.622827230343
5079.9068856750255,6098.359119806005,3007.195246846912
5820.885948304599,6517.542809360047,3273.215065237551
5131.952045736329,6449.23247201169,2105.4044288328128
4909.908340215777,6547.0381569129795,1480.5179156047714
5502.474920007674,6334.0719467744475,1560.5453043681116
5373.723182540478,5461.242072640758,1296.448651598564
4722.713949168913,5335.715545031272,1149.0181132354433
3581.2565223238203,4374.830841145092,1659.2616650055677
2831.6414001462254,3071.124762658821,1026.2179277694406
2381.8840453340817,2726.357672106197,573.0345783998584
2959.7606804216684,1881.2805710214463,707.7541775704445
2598.798778721781,1719.1266931867033,971.606882214565
2273.3091763180178,1576.8438319738784,818.4052768699389
2037.1626454132959,2043.4877596304152,1069.7860061248066
1604.87808480151,1629.3001699548663,1385.3198742617465
1792.9816811868416,1939.0464631212667,1202.9048233287383
1559.8003449732453,1358.1174627803268,591.4809253163216
827.0613073384357,1354.2845663760968,281.1448051044448
483.69640781961675,946.405251639288,290.37119705086457
565.2167081994588,779.9582566155507,233.22219764807485
767.0835792968722,1032.4079077819902,305.0206098205787
710.854841737588,926.6245799797852,288.26693463421793
1548.6711071400218,936.9831952356441,397.4380548576218
1624.6839049774767,1188.25419998801,780.2487298310454
2531.851822023419,2310.7373827779356,1301.620268545782
1015.8471744867654,560.1122485101369,725.0076439859912
1416.3093174703279,926.2593152470777,602.4584042206401
1361.284306420618,725.7016971959735,605.4432363099656
1734.4399226877567,1615.9208645471756,1275.8453672474693
1578.218135836828,1355.5185736773078,1162.2210763895007
1636.560429981204,1390.691466608108,1126.8950442755215
1624.7171071809862,1458.1393031688417,727.1254596370098
3639.3164238201293,2594.6345308101613,702.6178189899559
3284.309983035761,2997.7863430680936,1192.6745046712333
3746.000110091926,3550.9284656382924,1162.471500771469
4404.85422063945,4422.89549132038,2393.1847593685834
3659.7822173743994,4620.498909074379,2203.3913489968045
3966.4617285311497,5078.17450710067,1430.442169074316
4565.112186544924,5349.74444403821,1984.8204468455287
4936.822577531022,3932.000829865722,2075.0134383564805
4193.058428736182,4878.712129333418,3279.338745595984
2641.15060450227,2893.8895363960546,1037.8957988926752
6075.72037896467,6612.147336109013,3498.0980125541914
7123.3565088182995,8844.540440713014,4134.061926435203
8787.122491416738,10416.573731134835,3455.2354173970134
8214.279276056299,9025.379316051809,4487.415285393394
6019.898805036762,9589.296517243141,5616.507409900207
7929.62840558424,11283.191229033398,8078.9531444469585
10647.835067703214,12513.644869385804,9210.542935874362
12024.680053352138,14344.08942733559,9975.334773435954
13545.745840943317,15518.007077037331,11293.17497768618
13393.232709348058,16606.626014897767,11007.638682776816
15790.933927799008,17930.531051862585,15233.502376340197
16135.894526582546,18760.423823455894,13107.37331081851
16804.575309450753,18783.02196844643,15125.29782075255
18597.500984036833,19663.95968683889,13585.2168265879
19040.650853853534,19859.201303471164,13825.50955661536
18668.894666545806,19467.215906877114,12811.131569304447
18157.70434115924,19023.030004861736,12878.678353359976
16880.432813986703,18182.181075886674,12946.683116211798
17392.60553750127,18225.490902050857,12148.47196478344
17126.42999156234,18722.999933012386,11381.450517413925
17717.528814863286,18418.80305183576,8115.146949782581
18428.573805743337,18774.985560309455,8526.690241533266
18105.419235994203,19219.6441664572,8809.887956953587
17054.06162514117,19329.510318995406,9486.325148151534
17412.46967282834,18087.39763896184,14365.849965073756
17859.28763995499,19103.637232508063,15001.947546302938
17590.219617879313,19410.0378955968,13735.550227364756
17999.967087633457,19453.524092614414,15015.30738666911
17880.220470373,19039.153881159495,13795.226186146312
14771.330083451952,16694.490547724505,10468.514431037249
13783.599827382119,15591.15685578875,9429.60589106004
12055.057355876768,11878.16886934656,7033.645560790241
11147.563679848285,10844.792921634378,5866.767621881442
10495.783701283028,10000.721990967651,5364.213465547029
9643.957939703789,8683.021073976048,4099.011911440392
8759.323300032469,6453.216577243392,4088.8641724402783
10349.704392709871,9154.270647045909,4379.670196465021
10783.697525997106,7880.989675266759,3726.2705617709007
10143.30903699806,7471.1675422378985,3185.8380558966483
7656.2767439988465,5672.067918044752,2653.899205359932
7105.329121794945,5141.803744847509,2438.84769046092
6450.645159929523,3402.5836226911024,1320.7372451701829
3459.0845012339614,1767.8358307390558,509.8721689193556
173.82972375009933,113.41360066533159,334.39299875371603
11.585136841899,292.7786413318015,355.3531250488185
55.86619946034965,0.0,0.0
0.0,0.0,95.87746868273916
46.449460603320105,0.0,161.30071524503796
46.04358661803809,71.09637505082911,26.20708797767664
9.029653817821487,60.4070498903363,0.0
0.0,0.0,0.0
202.54866528873168,30.625232343960775,0.0
197.45089120884955,351.20640642619406,0.0
179.76332781576772,321.39450831288747,0.0
445.8760958957546,470.64148540233896,0.0
679.799749617692,511.69744979467896,0.0
958.4812119892683,702.8258900628194,0.0
998.8948988576251,826.3798865200869,95.27981108458371
1455.9717717005697,863.693236446933,73.09583375249072
1271.6679040806978,1040.9124015158466,60.38629168809531
2040.3637570626133,1201.929120716455,222.66784248476569
2009.4597324482163,1263.598567213528,94.48636492013172
2141.2260517541204,1232.30183092046,0.0
1731.9925157945208,974.9861366713284,191.51786754052733
1759.9650675730154,943.2700199089761,42.31239602196644
1296.4128858161496,832.1081976540246,8.176097758125247
926.3103990618374,772.1851395202079,136.55464488930713
533.0590276000601,441.25292726868156,112.71821482472104
269.7805761772812,300.5201214781399,36.77805747515252
168.99449305283136,136.0916441587028,64.83474655971607
302.863369654286,238.14223284172112,267.48799270167086
222.64882505058213,313.7533588569223,102.72966992905914
121.08639288744303,141.64424474459219,0.0
381.8844566749504,53.63155021725587,0.0
1105.5380178534233,857.2706847768052,377.96621601617954
1248.247339085521,543.518391087331,617.0983141218848
822.3920200163564,672.3413565452115,1.093081189320095
1087.4923505036886,1073.5577885586852,115.15845389944668
1372.4949401587621,1093.6393128740365,61.071490466044864
1926.0442022081668,1282.6600592615048,468.91490615587486
1874.5056290966602,1500.6635032438946,500.19013801345295
1799.1652023493718,1301.5146854362167,146.52341254595365
1366.3310466208773,561.9759378600576,195.38577946881404
415.1887147805261,267.5712880533009,179.3171062183631
651.8519312550062,375.2478460686867,136.07794269578702
729.3356089930228,511.6197352046755,0.0
829.2404294963417,506.6734268255177,0.0
784.0962758885923,711.7472929623558,0.0
975.2264401371143,755.1345937729839,0.0
1166.015512537718,1180.8420861207676,222.6844283252977
1667.2084258844918,1076.1731518018964,468.54981755354
1527.1080716064232,1398.4790709400017,485.2999742473274
1533.6109201080012,1363.7583875331002,345.400225888772
1365.4681080032556,1078.5331710750145,353.5321942000247
885.2687542022044,945.06315811069,362.0277958288336
682.8749276055555,583.8738969829826,235.0475704579784
722.6451579669443,727.3973971374782,372.30547139439176
805.4890439643318,1004.1491427090784,457.7087091904419
1043.8580313490934,744.8896566605933,122.26973573499544
615.1458243824178,482.39996035496017,108.82005397294716
424.75254497836625,434.1607505029904,0.0
391.2835696061528,327.3433644621555,0.0
438.2881231207192,288.0618786268172,0.0
395.0856768837755,284.16274395423966,0.0
693.1797511025567,361.8429997497935,0.0
1101.860728330389,814.3523211695303,0.0
1446.2325691383344,848.1675687305918,185.9775844317512
1501.3683931792316,694.792412124645,219.69120110633068
5241.5787202668325,5063.697623406505,2582.1745386671173
6463.245095134419,5493.762747522558,2289.735160130548
7013.073634529886,6864.32102135691,3183.61259487839
6546.437636606538,6909.551315402793,3377.91787126419
4721.0833915861085,5216.186070463151,2512.8930832216474
6623.104773828077,6738.894275858512,3195.020874218297
5772.290621068211,5692.80799949106,3029.834425628151
4311.789322228002,4250.246151160569,2221.561768489823
3324.0938559232695,3907.017293634904,2088.8222281174
3033.077736485726,3293.611267044166,1890.1126276534376
3402.778049093004,3256.500336346801,2676.4829974508043
4597.414412591097,4478.271803189687,3338.8177368996494
3866.870489532203,3547.294301718114,2590.0717844486444
5567.896254733886,5587.9736300271525,3825.135792946643
5883.3903861285635,6048.8999443745615,3277.8676617587366
5707.01923779169,6437.743601105075,3103.254817409805
5176.204482358556,6124.411458955634,3008.140663627288
6033.639432287731,5856.584066407752,3485.9484135613434
5876.220442630368,6793.745543940542,3599.67962236985
5640.066909142471,5345.64598423591,2941.169008858601
5116.197255546793,4668.060242492082,3839.204505302918
3633.3324846953024,2784.8072489810374,2565.352053855844
2820.8167646415973,2139.3869796992753,1731.0441604521584
2668.6070303909855,2246.9837267050134,1705.080508007317
1799.6245317954422,1528.6290435495948,567.5636123725056
1727.918164512834,1423.8395640433773,625.2483189636446
1876.9753561524444,1312.7646846639009,718.6169689932176
1791.2167581641995,1654.5779491923138,1560.1370662844224
2063.234483716037,2343.275109209931,1691.2703109549198
2555.437906667823,2828.0363741316696,1860.8762274791
2721.189126093887,3358.7090193400936,1527.9827088533636
2441.5957849595156,3222.9230668188447,1667.5081619976322
3224.204828442923,3953.3325196545206,2507.616810921879
3776.8861125272056,3823.3979296721723,2802.576053439952
3257.18329331049,3930.2976074641806,2335.746933448951
3140.6701152524724,3525.947699890934,2305.741183354235
3353.513873986311,3722.8495257174313,2377.7583826333776
3160.1440498719057,3713.9408457876143,2437.3124880613223
3194.5275010903124,3705.6034260860333,2663.1277014433795
3701.2951027128447,3887.4517280246273,2664.9308428197824
3815.3110173829045,3901.5166218220343,2586.552579988472
3284.242921062981,2879.0770747236916,1885.7787433998888
2432.286659584264,2237.972416557267,1420.8235752083242
2438.9064825968226,2133.2649706002726,1292.3422821170957
2633.804259513131,2217.182164168555,668.12894639188
2781.1446487351177,2632.535778227232,730.9219371013404
2194.4793012339014,1665.3456639482206,420.2389633869851
1867.6130422211295,1733.7188174148291,318.73464505695244
1911.751750910274,1558.126498020861,344.66384098694465
1623.0813741774643,1474.8885264886355,297.7557675820164
1531.8044622202844,1364.5396443644454,184.302363306828
1766.0932750054124,1604.798116810756,94.01093843383158
2256.2956424454533,1508.4110407222222,65.38838080486406
2024.6844162738244,1535.3118946688269,373.2842728743098
1723.8671835083092,1666.530429804995,512.2838412739113
1138.8870740261916,905.0434469424945,94.31519562561904
838.201703687861,537.4248399377475,157.86060081702735
351.13137389705827,237.28269366774563,137.227984472283
409.86356881486165,304.47634229916645,107.0983825317628
44.672205293875706,86.96801948064748,0.0
0.0,0.0,0.0
61.37343735893758,0.0,33.74178519509477
216.31291648528259,53.77821550080274,41.91187167985588
312.2099714652363,444.4112457567294,0.0
249.8958744306085,229.5019168291252,11.734232329475734
371.60230409708356,714.7529583594822,144.07597517429204
585.2025479455071,772.1014649170629,134.07950703714127
2435.9709833857496,1591.7565227864163,153.63948009538925
3683.881533350739,2805.1366744808124,1195.824494595138
3638.675434294864,3447.011200047941,1053.373019661577
7564.280558238284,7069.458644128538,3894.678739948804
9912.561359951153,8381.724914428414,4956.201080780077
9966.1965511513,8479.170400438834,4472.151089033682
10098.619486994941,8628.591029850908,4398.803269381158
8838.120625832455,8526.660036443733,4466.003157182592
6512.680992690362,6347.907524101975,3832.860988827917
6181.0519369325575,5515.231557969667,3276.3377576670964
5554.861905700271,4326.453921182371,2870.3757157899163
6094.929768561549,4826.748906834653,2251.115756287814
3807.1982981509095,1945.6771931650294,1361.4998932651197
77.16125665276836,232.91250079115753,470.2126981563139
150.6407754105449,20.921820336014633,80.96582285250108
129.2418136740021,362.0426057666104,0.0
82.97686747926996,54.71652510394035,0.0717450634133998
100.35722339037225,27.04435605556513,103.73811516705076
335.8739630083864,129.1165788480695,150.28802706357646
71.30112135782966,17.59592426844008,38.48484992006602
0.0,25.99327708964843,1.2433887846711833
163.7215263931709,0.0,8.464621690199293
341.47893539459767,93.02668899863377,0.0
522.517466814011,143.91230847235812,3.7048987083529727
761.8305237354298,325.1494284917708,0.0
836.5184460763376,491.878849173905,26.554237382274827
1014.4423302125929,563.35685897139,22.38085138646625
1544.376806782489,888.0636731676683,116.24630706615496
1547.914032583297,975.5241871436609,131.544812338813
2110.151266369698,1142.1306697498787,56.24120657392639
2246.251814094113,1265.7248446671344,244.1417649545021
2429.8001326465564,1247.33344827193,361.1223817338513
2217.6967739470433,1261.1331752708782,306.3351943121437
2235.691836391703,1265.4925916917155,0.0
2187.0046372892075,1186.2869254291825,198.4591912627704
1781.8800010795155,1047.22536940093,132.7539440832437
305.46182138710924,168.28214915609007,0.0
126.85693955011132,106.18237198368261,35.360882438059164
309.91401288328274,435.02439766080875,182.47037043619176
187.5813007168005,128.57489877479424,160.11741140350105
168.45804433684168,214.5729677959287,76.93030233199444
24.625006432625632,50.65442516048111,153.6195777476399
80.36708880390356,0.0,192.0500266480081
1221.9179255346874,1074.6559354351732,516.2231706110088
1555.4824343366126,1458.966745813378,478.5711260500906
1531.127645135016,892.0493914828007,373.7272494817772
1609.327319657446,1293.4503110057722,525.3601149486428
1973.0876573040246,1430.5783521832425,574.8647457737014
2834.301418188921,2421.748105890574,1047.0115495647935
3378.7615219772183,2783.7551229907876,1320.3385141660258
3320.070202543833,3107.8458542663147,1473.596561610664
2562.1843421343847,1666.2231215968616,1423.522795114893
2277.0213154006665,1891.8567509804898,1599.342904308355
1075.470828490081,648.3717873485533,512.4638237675921
882.6457039188713,238.87165009919997,604.2195138441583
2070.002809938847,1046.790609961577,1012.2199004420894
1399.9512710110241,1246.866763861269,611.0159212101634
963.5420938723146,320.5772421222152,686.3027661041903
1058.0580603319736,845.4030234269878,630.5546656272393
970.166324131299,981.1798327897337,902.3641550929208
828.0012797231728,510.1843172914336,166.79716473756082
164.11883693349128,0.0,449.35535413462776
102.57194227987684,0.0,348.41402441515515
159.41530117183683,109.38204726586993,11.697273691226425
0.0,0.0,1.370749908398637
376.82120136534854,85.5393151208403,135.29366277264683
530.225696771902,361.9032236600757,138.2582920322647
587.2856103686553,285.80207770503677,124.2433840867915
1098.7961623272224,571.0470564427496,148.42769831909382
1282.824673005777,813.0298696276061,264.1721656461648
1659.5444317087752,1198.7813575152397,257.29838428821887
1225.9909312849668,1592.4780399273407,642.1420278622531
1078.8767990582112,971.5920509214341,233.85258050681784
1217.389999195032,1077.8969829170712,288.4825560876069
1377.2615279265096,1557.465016166607,342.2054149959675
5058.371003368593,5242.14781806102,2059.004669937589
4812.708737654125,5635.315873716341,2256.684445345104
6300.1439858289605,6560.3046825790125,3380.050163844887
7114.024288692509,7734.764033592424,4373.441035725565
9100.713166545209,11242.574365816461,8849.959603706862
11043.279400051437,13149.581613722876,8613.55022889109
12473.34736149751,14792.623073785702,9008.916088954911
12958.172122328982,14987.849389885041,9526.848054546112
12098.09630569491,13952.783247379319,8204.345117886589
11850.689850699222,12420.28557487517,10511.600371774874
8768.848564323027,9246.561968745096,9300.69223596876
7304.595169052489,8243.01125096946,8744.619980257205
5806.955061383892,7925.476081692695,6645.190147368136
5729.589366220096,6065.957771233393,6332.378069717877
4037.197746873378,4017.17151755682,4628.528287953935
4311.555469452746,4519.098792355737,5060.29951182307
3372.8456559728997,3774.8691554405596,3613.719528912434
3368.317946948397,3257.6727398608436,3181.633976187883
3275.99196240755,2882.8934033157925,2733.285723733126
2116.358168619951,1711.6730181963715,1405.9339148002853
1454.0139039623143,1325.012786773269,868.3616234312657
1466.2383237015854,828.4741335494656,565.8535951306588
1286.3597502542023,871.2159853706402,247.14778662635177
1327.4105709574465,844.2382281377935,19.50172794793235
739.7850494077875,360.0795143622591,198.16528733224368
520.7743344880759,188.03436309299556,104.35006745442688
681.3688049413605,230.50772017371597,21.63072039723801
664.127110304775,190.49329579232523,48.556058704518215
719.3866077472185,191.4828587934549,66.72691899284861
569.1719693756356,361.7345887969176,79.50134488592275
588.678230354639,255.32184466079377,34.68576471623827
672.0578416301896,224.9506861723091,28.256770117608305
409.0060726461415,343.17087115668596,0.0
619.6718575744372,847.2788162707899,0.0
362.1493804989325,93.50946301159532,0.0
369.2904482927368,158.15380763497296,51.08878237615768
256.3842258387797,301.57072660330135,201.4546061207712
527.5750435376046,333.7290051733765,242.3059073797998
861.9215486581207,721.4465206269884,605.0595191778632
2468.610974093366,2146.070562481111,2335.822762065096
4450.480990706689,4503.9233261516,3853.397784840132
10074.319762265171,11485.643217381246,7010.388964887785
11924.195619211572,14507.979762865582,8041.604055298247
12590.049043722538,15563.303412998846,8802.461724911507
13916.258655289135,14797.085554277926,10840.522548553334
13864.72975830696,13975.01567848147,11214.008580464044
15473.007898998638,17025.99608797616,14904.652288752744
18478.24627131804,18969.871430083735,16025.97539351942
19517.192421108743,19813.25257866815,16848.156471112103
19187.447358620648,19585.37063898861,16701.69926361654
19244.9454549085,19646.006745194998,17197.38436899146
18828.45503892456,19591.097686008223,17221.560363853547
18413.45414710511,19100.62732518994,16792.36432350483
18343.725433597487,18791.860664703814,16339.267394839317
18551.441029157442,18885.145138592296,16586.549483308845
18553.251481094976,18731.90348948086,15950.681109447516
18220.33220488746,18697.882018017688,15313.54382959771
17785.514444549815,18166.866588036773,14971.385053996431
16731.357978904536,16629.374666824635,15488.46549469794
16426.898653983346,16342.172731056773,13970.382265152575
15916.834075311383,15688.537406706502,12693.690062028129
15211.454342276002,15098.299569327535,11587.905863511083
14971.97909160649,14924.41872536752,12993.217697718354
14911.043263669459,14875.46251576903,13357.798855114605
13111.62992819134,13429.7869693167,10549.664961359384
11615.948505952785,11376.530480502857,6965.648511083944
9083.550762133347,8555.97745509862,7221.606539988469
7076.589455401765,6640.185138002429,3947.785398707004
8052.517554488817,6311.5132672127465,2228.2253299521462
7014.003743035669,3735.5562291633537,1976.9899500603328
4636.366163134414,3491.826900428761,1199.1002349406765
2632.646063996429,1612.0974617063134,709.4731026234871
922.0859125162399,656.0131028877836,472.838257315728
1295.4261876390926,902.5875311382663,449.3585956949952
1238.9435586239695,568.8276669939636,357.0404775867989
1191.1579647485955,701.3561372247647,267.2542686170461
1389.9424014717333,812.3785678830706,199.3876430660888
1140.3133587950772,797.1070601108185,245.0198673109608
1120.7602636081392,614.8957353666815,124.0601872235153
780.3058159145786,194.78737588709473,0.0
354.2334177990676,190.67708659312228,69.52801835815826
75.35802137551727,28.240869023092355,65.31147536289556
163.08858780845716,115.89839528143598,128.48849626638895
172.9852603616451,102.66392330733689,196.8130368158533
310.0235664368381,197.0628820869316,297.5035212175911
771.2066896863765,1071.2540028660108,936.6967834266686
2047.8526973476405,1702.7915097883172,1103.3778139334463
1827.2724881511222,1780.237542231438,1585.4604556464362
3482.7081385224737,2649.1905548469463,1443.4313922296717
5044.865954545911,4228.055067117106,2765.07894032217
4951.5212105932205,4411.760821957892,2788.9865435165243
4384.116013180862,4148.07152297584,3140.3910665731223
4724.9829054670645,4826.519302528126,2908.231312619648
4733.763415112547,4976.539413503538,2412.815878898356
4836.642714818989,3978.09816645359,2700.0285170224
4276.909241387477,3555.6884225180584,2070.860939969473
4753.821791584095,4738.950052128498,2826.914783740631
4746.47525899444,5215.2399204476615,2426.5280211871964
5457.8062735905705,5748.475872666994,2535.2953139065
7384.533856639869,6965.780228898121,2342.171054459125
12153.489705636192,10334.111578601945,4815.683860889946
10984.260268268274,9357.86909229929,3918.928845130435
8766.368368563406,7281.497811395585,4208.3664820818485
6993.109038488613,6470.304110316965,2972.419914997042
6043.880620091219,5183.179374079743,3044.1459944912795
4236.758697248371,3811.181732107906,2256.8604073222623
3180.583532502868,2749.9447111928084,1615.9079340616368
2708.6536662356802,2289.6762069308606,1558.1977136524504
2714.010984395043,1850.6401711085382,1698.5352335555872
2579.2247763367554,1608.8711879960258,1655.9875058769153
2434.667681680098,1693.0176432980168,1811.0527214947488
1837.0388444527666,968.9509087091724,1152.785078702071
2421.1296392757904,1031.9110290652245,1259.4490364975911
1477.3732022111315,886.0655761503048,285.93599725536563
509.5843959243668,435.8187833709761,103.9095169876818
434.1023898897381,466.72322378107964,153.7372252382363
713.8105376727875,620.1515367792194,200.2150044753048
1384.8948478754105,925.689689176105,189.59846678833537
1730.9313002348545,1018.2202665382162,290.05658463104623
1607.289814160958,1230.8185478700227,332.6997171413507
1324.5967316222996,767.815775405975,0.0
608.7974243579225,689.5748400314403,21.107359696072383
866.6591260639619,673.4487830737353,80.49496207971237
1271.4924631357746,889.4969752438543,530.1835223958446
1216.0762214144017,961.3216574172221,740.3601113693684
1172.7581854673037,1115.0163705479158,809.393292662791
1322.7280986696228,915.4086148398519,689.7756346464089
1297.2224266613534,590.7713216304968,376.9891514519993
766.5210288712545,556.0871804659693,166.1613546499682
276.4501863915323,335.08501621833545,283.99466779391
31.891291842197163,191.683403122169,262.8118194383409
60.22379127551325,108.31333678249146,92.66066452680374
3.2449481549916186,0.0,78.09039263695823
149.80138380022558,0.0,118.95062004704748
162.05943275153373,37.865553396044675,155.7485511491939
373.9947177570086,32.41543126341387,158.55904449853276
842.0190346514692,370.0482648544824,254.47277751350708
761.9104898186989,440.0322022801529,83.69500766245024
481.0335122821472,127.52105013709497,116.57387662798638
954.0556560453429,557.1544376893281,0.0
1451.8985615643978,822.1928878337627,50.27979323757136
2225.2130469769577,1264.108577571879,455.10044542353467
2788.782063059896,1984.4847195318348,909.7105474307052
2204.71955184805,1841.3846469526923,578.8229647121664
4768.034210133618,2971.495251591943,2165.978273530607
4597.234293707116,2999.076953297807,1668.4195798558303
3373.278737483212,2378.5306516576015,1368.2007226110643
3007.697392465319,1888.2010912684673,1511.6002007602606
3249.887278275899,2067.7101007598544,978.0112451009863
2289.5840418609623,1534.4347391351946,259.0739288069374
2501.0186130517513,1276.4573537018812,297.8978285987426
1660.3844745911913,801.818367839651,123.83442387583922
1125.880048344931,378.2820827776126,0.0
578.8677837939807,252.68841265298718,174.27754151065935
1284.0063408281644,644.4260905004467,708.6550838643009
600.6883682532376,346.010105733165,466.8205702970195
403.1055237708257,471.9825519256586,235.569737978987
698.4340298726936,283.0617077740067,375.7539580731666
385.31557723384185,42.939805974064555,218.988075123137
263.3516734481541,182.14340185427218,0.0
408.13549674311855,122.34547660701648,0.0
282.33829031866185,0.0,0.0
195.2140813362015,252.96600144977964,0.0
481.4167674860131,396.84840215238216,0.0
901.2404606468561,476.03099917950567,0.0
1229.907623602995,597.2998697708543,0.0
1156.4723789183681,885.5622856974181,67.40648095729289
1147.138947814114,967.6751013398829,65.32217429962385
3580.2434017347646,4124.404605270302,1767.399603368604
2833.4703489251474,2834.422298625731,1588.0815715988897
1447.1787200597118,1428.122764075326,837.9970983030639
1017.6026504559804,407.46717146342263,93.24174374905644
724.3401410396007,287.0808854728425,28.25408192215002
659.157892476157,303.58476407939696,62.86561654519752
725.7299754217916,341.7215939107403,79.14206630396994
669.7765330509129,223.95506331653232,24.91352026112645
355.9968683132348,230.9054153724847,24.154631795458045
99.6156565159259,0.0,0.0
81.0284700114344,20.64329539245903,0.0
0.0,0.0,44.31843318667689
65.97706462768004,2.0548332060570047,0.0
27.02452559410039,0.0,4.262769778488484
113.95808454654303,48.676698697256114,0.0
275.3153014735201,78.04132694521337,15.719760776050853
507.3393836142831,97.16764785740696,38.41097305912067
494.96698225337684,194.53511187071246,3.870952176770925
307.77962212214993,146.15070321737755,0.0
722.2877703752231,440.91902576559534,14.804758291405058
2006.1861768517545,1181.8235512275562,395.3817521388827
3456.662191239303,1783.6128745353783,952.3195913798876
3260.0887731329444,1448.5499683739358,880.8243731621063
2911.3775926126464,1693.1852474675711,716.2847032278797
3639.309924431259,2321.1679522212626,945.6851200005078
2780.6270784757594,1674.6112874180337,843.9796074049742
3195.5810727736034,2193.1913785766064,984.4106167119018
3827.89326319785,2989.6491326849805,1414.0786386824882
3273.15752658216,2771.0433722185103,1335.3900567910148
3516.4599555273567,3074.531806487334,1610.114868785622
3211.506889358152,2270.2090227269964,1244.3414893323677
2446.1140499940752,1861.8093551340319,844.6780975370114
1457.1334306434778,1804.5790823895404,580.5620363236366
2280.107094079828,2145.6605213631155,1281.5160114454009
1694.9532746719822,1533.013974761578,1185.8814967960698
4453.977659140212,3744.882972436018,2458.072249943425
2771.5388647079535,1927.0301802829028,1741.3925019402957
2012.9299727953469,1496.405415346317,1399.6657965957577
2356.6248502204626,1627.2104587229528,1061.744625417714
2145.373854557256,1562.0006464900298,1087.9008317608532
2185.2861733517875,1542.7266329078168,789.3829123637606
3100.6722693473,2118.860209201912,1194.7426056231843
1961.6526904051564,1757.815295109273,1194.4384915635426
1658.1431306228255,1252.2377483191374,1123.3221297526163
1786.67801522627,1405.6554324165722,706.5266632276478
1612.648878131006,1139.0808401126499,732.4170451436248
1731.4228624532464,1430.8274453858196,684.960005886015
1462.563286745707,929.5489593398088,324.906125180788
2602.133878950642,1430.0132132526865,1483.5139253044242
1703.9922159331645,1014.0533114850338,973.6797175541408
1667.6934495449505,1067.9862396267013,744.7743946158079
1571.517825187417,850.7743328690256,115.7931954735403
815.7806923154209,773.2983427661643,442.0781278864484
799.3803327314879,734.089437364847,681.668199382454
1009.520239242033,874.5360062695536,609.6236515988641
1059.7500139280405,764.7783975308165,363.5338959604972
890.599774856046,594.0373468977252,180.67888823100785
255.49148066208156,202.8093822441672,14.995764120846191
149.5520384426759,103.40069936784822,0.0
137.1946258709097,76.94568423388856,2.961771602811785
212.52345188538953,29.83733209290739,15.874544277732412
179.08123030373852,180.65096769995935,207.20948179157784
138.0870871785731,160.01354312451014,84.00010480784047
380.44562213909023,229.6915565981549,191.8411241071493
135.46090539556207,27.004014629768655,126.23891921087768
122.43288349936552,28.116662032915798,214.12405949330883
130.93162344053093,135.0115546627311,154.1076472420485
294.43630993825366,207.802274497293,91.43236641011488
1657.5103587333908,1318.1518578416749,156.63321187986418
4870.363891315239,4601.23149070246,1632.014846202869
5765.026946480596,7560.443514503668,3052.613760718661
7165.453300594425,8194.16472731223,3341.35837077887
8142.25685291632,9879.202939027482,5112.225768646035
10534.358347363805,13064.073755308698,7162.163713621209
13671.469685008116,15650.813914275739,12164.490013709144
13043.932344096149,15089.320335090943,11588.823411997948
14270.29972133498,15791.986481864587,12617.402056739522
15364.584457272817,16787.787236539312,13996.947463312432
17322.574988958357,18124.856101417845,13634.1568222804
14489.53864126869,15986.015608692223,9094.193785399377
12013.820254204918,13698.407785476085,7162.417760268826
9805.330663477564,10233.85309451758,5492.363817649279
5500.9751705108,5660.086813455742,3449.9747395428126
4188.639106248884,4408.205868597114,3008.083910303946
1702.3174626772459,1744.2860333854298,1346.9184296128024
1049.466992068626,1489.9702268300532,913.2018322662552
526.3826030444792,998.5096846277448,694.2376637516379
669.7973298213608,1014.2755079416816,433.4781575351605
903.4897512453816,984.2556859320489,112.74336209704668
450.403546427944,813.6196053200374,82.07833102556184
451.14099143112975,853.460631616542,36.50892446469464
817.7911540916641,1145.72449783817,78.85728556218625
1352.7921903330548,1437.7446117964876,224.148475978754
880.9092611919411,1145.6667451489436,272.93530259574896
1045.3587052572034,1205.994965406007,295.9780432133446
1593.7053801810787,1370.1346057007136,191.28247049313632
1172.1402999311076,805.994380036347,408.5088747848427
1142.2846105566398,1028.239070954363,309.5365797337536
1797.937152548117,1159.8109700056825,267.0328415029892
1720.003271716456,1192.7454964811923,275.0945774308126
1406.6726934065543,1287.4259018138998,163.21781308322198
1042.6214830899744,854.8454649674784,95.42571747412222
1173.8059647981986,937.3869215197099,33.399704723243595
1366.8464943229333,936.8847299793083,79.23389699619706
952.3824593353909,666.9895587518871,124.5820078646926
744.910145517734,454.12518878009826,46.41894524491138
543.5300165985446,479.0646558032375,112.8209906237679
458.7700890849859,380.73247396802367,494.1373705243568
160.027164352246,268.6369885179149,386.0641161802375
287.0685185797572,94.13946940780028,301.4300540406367
763.644785474724,333.89349510114897,259.8307541590866
1124.0003921546233,1024.3183998825991,416.4109126094695
646.8616577194273,538.5617502735812,166.09057290475457
1010.70507672369,593.9381021807803,0.0
776.4946896465581,441.1015093195096,0.0
1124.2955832604896,856.2237296882263,67.42913741331066
1482.7248525345196,987.6187767974719,249.80803187132145
1787.1407795863602,1039.0447272296265,396.4470443034383
2484.6818137047967,1112.9848602970278,628.880841310529
2406.393167927,1338.620408570335,581.7985119669881
2141.3169059472834,1021.6009517965092,380.5384312265064
2452.3155132981074,1560.3226779250037,641.4240438442267
1842.7204222579053,576.5119550170949,229.9845983230982
1310.7701152153104,104.86488993139042,311.398124632806
1167.761285675944,228.25059901540456,178.02265303764838
812.453149081817,159.91175196048502,137.09832424604932
979.7783008387098,197.35356451452344,12.869249113842391
916.5975483581551,306.0847530874197,0.0
1444.197657850611,1209.9985159327716,0.0
501.9725900855273,507.55100547307205,788.4815287340946
407.6100589136695,397.1821894641365,546.4132518199054
315.92160139814814,151.71530641623795,598.8820080960089
79.75127935533172,56.15851876710896,0.0
990.3065775809604,854.7460197377794,765.4482753932737
2608.235344376604,2263.145956362599,2449.132435331689
3357.5841470456908,3331.79823881852,2418.370541679198
3976.933263236801,4355.717020682525,2414.536163211841
4136.8111520463135,3242.564036916456,1941.3308297771807
1997.9321252227803,1799.5763482520574,1209.458658390913
3008.8832506143,2051.274672898803,1928.2594644315325
2021.7509819621707,1610.1708067785823,706.8887076546164
1457.9639778340609,594.4393708002973,9.941003592117749
2925.4182031175746,1892.785107887203,1223.3038667294006
5468.315045518906,4379.039044078355,2450.308838591753
3979.299174372547,4444.442776735402,1401.6692888622945
4692.159840906419,5294.271149450884,1808.433576442765
4495.795396481434,4610.20388569642,2086.571708598155
6527.119500196998,6073.1339528653125,3281.985366141364
6531.686027362267,4717.667532786644,2373.005725755811
4321.729867450037,2712.895090977164,2128.03787340318
2622.2925917921193,1659.7039857093525,1173.6165579900828
1713.6917003273093,1147.0756166927422,316.0246403721998
1160.648997437251,1217.8298344067325,276.6460862659593
166.27083574061706,283.79004988208845,116.66764463563804
258.64596172238157,523.2611474462581,485.6114204735861
199.1032433689157,417.6724437767101,31.90713433680417
141.62017780715155,179.66142064742888,0.0
62.35731086300174,374.5734772592498,0.0
98.37988646582367,177.08837038424338,0.0
767.3652197180342,741.3470819247055,352.0929745546268
744.6498992469815,650.5757639501402,90.19990512061484
814.5193569796895,685.6105683314395,259.52636174019455
1256.250449220459,809.4714834842591,307.73239687195974
1392.7635819889401,1325.1857707546305,244.9786665405623
2180.6422523857477,1424.6226256567077,44.30591133212066
1546.5825413852465,1145.6618338100197,154.76473512654738
1563.1122951556104,1226.659207718078,224.9334219958423
1901.5862920803227,1072.0949438944506,52.81329816976948
2579.9885938052435,2541.7188557933373,1096.7230898839605
2335.0645932259563,1372.1554313720592,111.99465782796544
2997.1861134722053,1545.455868969476,620.7616104352664
3242.499694395567,2175.5620156006476,996.9600954964974
3115.6349159019123,1853.2087538153369,1191.2738164442228
3026.1514309393215,2224.761083970468,872.6446083538563
3332.8450211842264,3028.313385710893,1185.848137439602
2978.924092501506,2251.7057319080295,1291.3855692096822
3163.4794474789696,2972.360661754632,1330.001471947225
1812.742697466268,2054.769114324092,1422.0992067300642
2305.6802459361656,2690.7332171945186,1531.3953434251514
3386.952493862723,4711.100877708859,2077.5737382649804
2841.4188250179755,5043.896771390989,1884.465465598463
3177.5279936044726,3276.595990316642,3224.800319018918
3670.8615674991147,4175.608198181945,3117.270079723605
5717.974303629176,8011.958923188913,5540.883848302653
8047.531879256258,10305.729307354419,7226.681059593844
9699.963726791615,11306.74900494036,9003.665923427641
11499.001543111628,13236.35311435103,11914.024493157727
14029.423967604122,15183.777712755733,12849.017586454023
14750.384050114271,15748.285454998988,13605.078230090105
14250.858345896571,14721.56337739896,13542.069513867156
15372.13883868698,14710.73947604403,13731.8133369837
14137.650931862738,14922.915080774483,13698.51188838526
13582.533176441852,14772.933197199169,12709.065242591374
14149.039270245205,14675.760781399067,13703.363723742576
13538.70605476189,14124.932248912939,12286.509704020493
12496.692942044141,12035.25872046122,10401.836464711649
10116.538639860886,9918.119787892256,7650.072875639419
10006.543153400075,10622.687718522975,7788.87532227829
10366.200046729113,10418.866280057471,6107.906188142544
8256.239403065474,7980.066343228852,3294.222462312131
3180.2089869519377,3039.8092299662103,1673.2938936521198
2275.5226476553244,1629.19182746012,929.5144170584168
678.8833831787542,667.9518427725527,563.4193821296717
1439.0735496249363,1408.2202812014566,810.7753156585575
518.0151788110397,547.4553116249109,526.9786770565673
176.09466610446663,92.21918723778907,297.2844288523687
0.0,0.0,101.12264694748082
679.4773254163189,418.30701131405414,79.27702750101409
701.3534195975873,590.9250827895861,162.72143503384424
611.4932151671578,791.8719779624242,410.6647625501064
1078.1226945798508,903.7921721225385,305.6655757482933
2516.702976630643,1620.0912155212804,681.9738730676156
2985.5821597080485,1955.9604737313116,1681.1566026304404
2753.4132965703793,2483.9682310875364,383.35261851513945
3373.152574159114,2466.6396298784052,674.7404679158717
2809.6341311523693,2597.4697518416033,949.5444805676772
3966.225117500814,2125.9957998884865,1224.2745976070178
3506.560791708319,2159.744053289834,928.7164139106378
5784.173261934166,4507.977027235712,2923.0425053396807
5886.754961411088,5276.877527441992,2516.441035321709
3212.3799889846964,2495.576403875228,1248.5123009163058
2441.662097144854,2325.039070014391,753.800986746924
1244.4712838999649,1050.6998530995952,358.6185056864416
1220.7183160875747,662.2726380977668,249.0243267065413
1486.1899332688838,1234.5717440005124,690.928117585983
788.2590079875914,989.3224770734635,660.4902125505654
461.2226424641675,695.8685102080959,1190.604437107862
46.65163790858715,0.0,645.8467474925237
229.04813869579684,41.62477899648337,642.4690666908724
688.2953503193963,551.1548348338144,819.1156654503667
580.728844357923,504.0474485927363,618.6265689035546
1076.1147383653426,837.863382278976,442.9064610026045
1402.8136257325496,1425.1228732182042,430.826582450859
1491.2213402754655,1542.1072461728081,759.9867697987406
1238.2016828431226,826.7427263213681,859.5473499066603
1599.1672306693126,1185.4361314745752,909.1410981234068
1725.6045812310024,1354.196575357703,848.8855089503961
1626.1825958999134,1233.2374867737662,947.4501631407873
1691.8979734348286,1089.8800759512794,781.1841166212832
1802.3388476023993,1210.650596142459,934.6546176091376
2042.6467711819391,1514.49300219174,379.5074326493856
1460.191251753543,1174.0376877525393,480.46639805701454
1735.7956546830187,1057.0390357383426,345.0102461431426
1248.9417574354277,634.084866721291,217.41333400097403
1169.585843935293,688.690134010648,259.53422181855706
1116.0111431751789,550.7372378916954,310.1817566747448
989.6631486480386,214.38650225645054,254.2519707247235
979.9332063855337,262.4501339848904,206.0856236438592
976.5717021457971,706.4107900871344,377.14403804306176
302.02697357546725,302.0644153151343,303.97466599426275
450.5209025256081,436.7380444710858,498.0366942639105
559.8696634837181,699.500588130179,490.5917668776564
479.8580981913302,586.9794463527974,385.418379786965
973.6850706748348,869.2569148586242,1199.707410636525
2290.483096057911,2157.728859518189,1889.8972539941883
3831.537069885209,2920.295625110522,2280.8121105888818
5543.781598408962,5442.735313045,2851.897459929716
6267.178899677572,6640.447215881691,4079.9449380812152
6213.193454130731,6758.659138269441,3512.2904572914736
8102.525689602769,8383.887869652666,5038.09394304912
8305.344115756729,9636.503335002632,5462.7510365185935
8904.497757163712,10154.69886476488,6063.56843759025
9902.908159827544,11926.596958771706,7814.131074839591
12338.064070450631,12674.714755649378,9836.016629503774
15972.126435167313,19516.87499125731,14249.228359448263
15770.716355684635,17915.00100376898,12859.666195003869
16053.656099041593,17561.076418767836,13378.426725133708
15139.436108672033,15737.243529796655,10602.940624161643
14720.145723127922,14278.815989063676,10251.681554998277
11527.38271581785,12146.343650848954,7603.600003461601
9739.795448694707,10718.044838386337,8120.549070943294
8534.182750991326,9218.462400661705,5792.544057786281
7609.514059894813,8157.648145542948,4019.31113621489
5127.368021440078,5629.042176936553,3185.736564558886
3973.0463235941347,4937.584134283716,2458.147785466228
5422.951500157571,5217.839169479972,2734.67833593824
6772.180934098063,5742.591368829865,3622.244903241201
6411.77385092384,5048.699613572893,2981.442575017448
5742.248808980139,4677.258329588201,3779.001689607385
6195.019618415554,4995.705254718772,4387.317792777244
8269.475686258691,6786.318801784524,5643.324527014272
9700.136696593496,9872.997823675585,7176.225010290572
12392.556903444613,13190.505961286937,7271.187106088183
13538.403173460327,14559.215679981298,8426.773641240585
13890.192752679455,15541.682213914257,10064.437987144574
14168.212492724548,16889.125755427485,10654.452341081842
14080.356113208587,17472.63305875131,11770.198572577883
14299.350289002556,16877.97971898084,11817.186314069862
14099.203244536373,15567.480034143846,11359.57268700451
13566.567943085405,15523.762057089223,10619.09548988245
13186.886085783266,14665.378151887848,11183.84145722276
12832.076324676153,14583.27963515715,10846.433875664172
12573.272792751588,14687.829531428044,10330.470114259617
12621.441010862545,14648.749069920419,10364.081167072356
13271.705682839372,14822.773340952888,10149.63792887726
12854.03212219367,14831.346285116406,11201.36534823246
11593.825338951821,12569.37724082764,9601.964358247023
8920.870326336788,10120.54470975606,7908.423660193053
8740.631848634643,8790.51325140296,7724.023291448514
10323.099746758824,9584.230330995819,9645.80095653516
11601.386298843094,10823.046747652892,11624.74805409843
12097.054383744233,11262.211057816789,13723.334210773646
14054.04098770636,13130.728373842514,12962.43698762847
14468.976610305848,13670.954965874995,14411.906713355933
14559.731288801913,14074.729741073006,14513.641282217555
15149.942022811663,14430.000183239013,15897.350232899458
14429.344018719186,14753.61077713559,15242.672837840304
14068.300000936055,14648.584608723144,14215.244167248413
14367.01289208806,15213.957707503145,14664.797485292676
14390.343807422798,14907.584000438685,14511.055745915615
14605.523297642398,15443.461864081666,14112.229572667857
14453.044357751962,14750.714884362822,13541.762453017009
12808.412335863066,11536.990707485662,9725.537301078351
14147.21468072897,13689.87868803479,13318.048147300182
15111.106752171194,14381.591192614313,13823.221097011055
12304.244922676782,10752.601600063272,9547.155858255552
10172.614816483858,9273.1165244629,7969.255827511191
9720.260125560491,10777.91287078722,6010.8601048597175
11473.018706082454,11089.55203922065,4536.654181214366
9861.527333731077,7885.328652189017,4338.588167219298
4538.039348347226,3926.482527341421,2861.602549272827
1636.6467565908047,2021.7469403470952,1347.4220649356043
760.4096274735267,129.61370082915477,343.4242568480332
675.3895369003733,356.32765188735846,670.3405202212404
345.71088686962537,50.66813347372667,595.8545504621571
0.0,0.0,237.1823149931875
418.0002036112851,5.6793238129716315,573.2860122593277
563.8377753924142,919.9384421037878,864.3332471390831
492.17494842554703,930.8281887333372,631.8710934515343
509.0462580668792,1224.9828906556102,770.6834554779252
924.0619656861118,1160.4270824019807,831.9770053051849
1380.92701694827,1150.4065837220792,866.1079063288241
1176.5852854381778,901.5129015927251,452.41408397531023
818.5705842340948,513.5562121679417,387.861332604208
1151.2823557316472,858.2851307797206,442.249635557585
1006.9587846299189,708.8927905314798,174.18988954839483
1696.7872157519955,1096.9841240824933,860.9493251530234
1282.8150588033086,731.1795893691033,779.0840780796823
1359.1815993606797,802.2192255167273,852.9509437795667
1399.7437079669705,609.2493506984877,867.5354567685943
1695.0948393157194,978.3766908466112,769.4744271551091
1285.1679852218201,855.9375858280495,814.2256533036833
1407.9666168462334,967.9031281564131,891.1638387134726
1570.6990221832248,1064.7095204077666,1029.379351327031
1378.6101167820327,1246.0305061463064,645.0659307614774
775.247356948914,537.3379547247384,475.0322578366439
400.48676769721044,356.90752001616414,185.34390789890165
115.84243526177254,212.37896443765115,234.5649839682162
8.478611754564938,126.58200092024482,284.3323137426094
209.10228283208525,186.50526385795015,182.955301618767
77.69524816904492,153.98501301538198,162.65142058086107
153.25480402679207,195.16329037558785,70.83212503750165
478.96240589134203,327.047519298074,68.73325348720523
254.83546036932913,258.4448097191373,0.0
341.6962912341147,344.47958523563085,28.57268324285521
272.99466066456677,78.07207593303968,77.73300193809382
399.53629090199297,190.56405037615903,131.80148651995063
192.56038743024868,215.5681767178754,8.467050682166692
317.1096941964454,259.65046448732676,0.0
240.21379370312297,114.5912396073396,0.0
460.5054653675104,198.09618155405965,66.93535567879867
328.27696268166227,0.0,170.06827622471775
496.02784662488983,111.87444658155516,0.0
839.3396313058724,171.84575903326547,377.4576932131088
1365.05000484436,573.3563557171162,658.7243905944435
1386.6056872125973,1043.43605184413,793.7002034347656
1426.3926762503686,924.3565301447711,774.8020599562782
706.1955879286301,222.9548522598021,228.7048510264353
424.8692937390545,57.716237088899476,196.30345531447009
89.99369276851075,0.0,74.95273551658661
29.945431824856904,0.0,108.23842842169356
393.9661784472862,0.0,65.17434316453783
126.28721545431728,0.0,144.8733264611739
280.7445463659092,0.0,117.95336344042477
190.69055814344736,0.0,252.11124321755463
646.2223438037191,253.08174647755462,228.73347779591148
507.6505316570221,318.1670657242961,410.06245714417634
943.853577772684,622.816756095207,216.5417477229492
1256.0125467555379,1364.4011442373676,1024.0683098749714
984.9113283351575,403.7622715768235,344.367335096354
1112.335243961147,1373.0175633122124,1001.1270397009048
1213.3381757560371,992.1024037442995,872.8981708181547
1161.0127988208787,824.305972273257,831.9308577424547
1202.5294817595995,1150.889412959902,529.464952557612
2566.233872217023,2799.166916758389,2243.535654589931
2439.6287331981875,2346.884430008161,1313.3341199431527
1596.3520408344311,1506.6245426398677,1086.7467375222095
1592.5190148063837,1341.1825036660841,1005.682979817654
1501.1877353616767,1512.1977842390884,512.3970912518471
897.2265442380628,831.5569350292775,0.0
1037.5774662468516,904.1070511330107,23.25771199716681
860.7723784060689,702.6074213252664,0.0
617.4048373670977,676.9039945892755,0.0
373.1562550726935,221.2023579969204,46.20769448130645
384.9934628338643,157.93028306066344,30.53850842302648
848.2133399561908,794.0982318839825,767.8356267243711
974.3650221707468,745.6572204213861,500.0605279310015
810.0798326417778,341.10592187009695,251.5769982490934
416.4756871654847,179.70204777193146,34.59656228728637
1314.6934549147531,1078.71306328873,149.54881897196455
1574.7328388190076,1760.208890559095,524.1942907550481
3321.83727591866,3061.011984363688,1270.195689105894
6209.216542827902,6036.855834819029,3143.969037232758
7027.846465482917,8762.57764657323,5708.50927518701
9015.690617862789,9796.727602461444,6691.739832605087
9200.278954768208,10126.624004912035,7299.289289300874
9338.838211832794,11016.76087569933,7845.505562735634
10059.932225792667,11152.917053671148,7272.932200884872
11651.408369943416,12290.534936530912,9155.980726341377
13664.600665580601,13394.862920805426,11695.09917422304
15805.113651837437,15459.10587138512,12481.853894830492
15552.529010767683,15329.799129747584,14918.623592205706
16909.347303350187,15578.32977413255,13861.138690298354
17724.747040424245,17653.328778670755,17155.92983481733
14505.850941838924,17353.0531042295,14937.859278150254
12815.86140799509,15552.949010032058,12647.90173267735
15864.3161419313,18315.22494441295,11639.172071629651
17811.605609471528,19655.729818198535,13408.381550568154
18355.547275859022,19818.064613810537,12563.076711269476
18589.700662407336,18962.182104487187,13103.175360911544
18697.72355259788,19585.02984627323,12987.968727045803
17876.48634865062,18761.169443003146,12767.17923821619
18388.638289597213,19237.523543849216,11081.10189884914
17206.02652555704,19814.755054616326,11382.281425594663
16895.37667662835,19002.99405418944,11782.618275153403
17153.448974818915,18817.93319145981,11566.542718411223
17223.230727131784,19392.274538299796,14828.03293106302
16664.139203443243,18521.991963796983,13596.549575090989
16835.177583992256,18674.946165606525,14692.783032008016
16904.72112978266,18968.09454394907,15008.721342281937
16128.966532592836,18471.744264732573,13920.601430786555
15700.919440982243,18805.11677771866,13462.37667154602
16976.11295242277,18822.383720116417,15298.10126388476
16678.870838336683,18839.046966300953,14367.372823605276
16504.647043861074,18704.93540081198,12264.142853890256
15565.341874535614,17538.20154262742,11220.16345639636
15629.370961071989,16829.39401260434,13567.902797498671
16028.75310677999,16827.892122158493,12683.761159309475
13756.996284884754,13038.134636575753,10501.877524332343
14761.089207742401,15908.808195484708,11111.804764341492
15276.183796061361,16743.218694811094,12425.429465542447
14986.232840086246,14214.694991560518,12774.80516953298
14417.937363153265,15038.337776202128,12954.453667237012
13328.858826311702,14188.278401681242,11363.036135767894
13464.373984505313,14485.704148162346,12422.728892767682
13940.45902318033,14186.452881173032,12312.869519161492
14322.135533031733,14595.543420064318,12205.958996877793
13454.27060902234,13057.757473330716,11373.162768076574
13131.840788023648,12060.853991911808,10486.179860617656
13367.811774358637,13025.742414426744,10733.127063086376
11972.260553871321,11709.184679600361,9674.991500336037
14041.011665194557,13058.064187381142,10667.428347302515
13928.432921601503,13455.551821466272,11020.531433389631
15354.815925264313,15857.493543481662,11925.06338432449
16039.421398953285,15758.407008697466,12023.409875975954
15929.4502289057,16245.21586325552,12476.417901778605
17939.30734639236,17814.665946425688,13187.461077184558
17615.167448496293,17090.849153259565,12407.503032299392
17845.8596071498,17921.15173169261,14142.845975862989
18647.497784460225,19024.38002411181,11920.237711193393
18162.4845026897,18969.976699753115,11137.336818662809
18241.765174811357,18781.823977313223,10916.6237395501
17443.47350808999,18939.847081424345,11688.42962623106
17521.47846024962,19095.01724226883,11028.669559559612
17260.767038748963,17657.13324194079,12644.034487443214
16588.735736703515,16650.7878014623,12000.615618442613
16607.052165061523,16946.559407666922,12878.272482552364
16934.17883923793,17760.13600835025,13068.963972909329
16852.31463867773,17604.67221409309,12888.46059871556
16106.573836763313,16649.560652688924,12529.563021567888
16739.46385678499,17227.55175340907,10203.463404146529
16752.56320760217,16485.493409161387,11252.007368228404
17091.473030479185,16069.462033532023,10818.488306244322
17527.04840849537,16101.755552647921,10401.20980984978
17693.515039770446,16031.769275346327,10619.74125020376
17578.946754972785,16615.267722508426,10381.547323470126
18122.83984643908,18321.464142581357,11520.681626357173
18063.9186988881,17465.021764235265,11474.32477284395
18191.158508872955,17085.981745214176,11977.602487880762
18175.544150334605,17501.791099816386,12802.342589006255
17351.258083624954,15768.941826748222,13767.750624090291
17508.32570902185,17219.81833278446,14574.137365400613
17083.791481314496,17255.175032641815,14183.113366528863
17140.92839860203,16507.692287572874,14466.98164659484
17033.398880394412,17382.73983128523,14719.517188193702
17536.870498810884,18189.21728614925,15275.45992030098
18552.607595397974,18481.551209491226,15205.293609749217
18624.491443417897,18399.05677004453,14505.048213250766
18205.063665344984,18352.241613465285,14394.679168525152
17881.114963471995,18449.432682747138,14062.10274464862
17451.549309706133,18460.921877917386,14296.97147913354
16064.096576166812,17371.15770419116,13675.253998724293
16927.054982289017,17264.46885895307,12380.749419415688
16357.756315875828,16697.435206674145,12336.316450684562
15284.211354759838,14979.610143100144,11685.536186458809
15237.221361425058,14770.942983550418,12169.769654593105
15479.250475726458,14115.140358764715,11589.127722010518
16012.593472818566,14824.135816803673,10829.602581112766
15981.861573656186,16305.83513509905,11406.0880953856
16158.152945267202,16602.69986687825,11980.09111628249
16942.22370876609,17109.378292548845,12746.10524874875
17645.963630168433,16678.76663741981,14828.891208706542
17070.171463676797,16175.695443441246,15011.06270143488
17224.755708290435,16847.294486903796,14243.688610367775
17304.88933598144,16573.632468264088,15127.670982883616
17766.548381095006,18578.09504062253,15946.019269768783
17988.99663314768,19134.656710479354,15496.42934314656
18612.97247668692,19089.185869037043,15471.561213713856
19377.70100655892,19652.272707688826,16600.117633369435
20096.57750857605,20082.38875459102,16605.194482841664
20301.17521778683,19952.27409844717,17340.124978668682
20138.496369424578,19822.809862393682,16279.244894219211
19298.831612205653,19948.52529188639,16555.65469736559
18600.08931621306,19028.453440463458,16202.788607182889
18239.607074442825,18341.67546417183,14524.513568437756
16926.139688495718,18271.078432928232,14398.58873405848
17204.73259860844,17895.971228197555,14920.864435815252
16911.81672048056,17801.76993254003,14619.676977384042
16856.53143675039,18168.55527924267,14820.752252347647
16311.90972588411,18470.17546671141,15064.343868087795
17501.086070809248,18577.551450299896,15620.354229078745
17490.017116441526,18940.821353441803,16013.29216382364
19068.21917357319,18562.102668893647,15390.084026653976
19387.932890409782,18900.541748524232,16153.353279773788
19508.307542753442,19202.93472996434,17383.266395423052
18617.342340827352,19013.126614455814,16301.324908712431
18348.972339532276,18772.589520767975,16415.480770831993
19289.269719086118,18699.114380656123,16645.971236749792
18993.819830757664,18621.975548248025,16250.336920851089
19553.455017951856,18761.03316063326,16346.2003532648
20512.513361908717,19805.614893967697,16993.609326023176
20354.031487102056,19313.67207189471,15876.125178877955
18827.539119217618,19061.27934581597,15449.897351267417
17554.922583495234,18407.80124105044,13386.061961689533
15094.55911179168,15956.590999310376,10733.372796442954
12665.995741348552,15624.199716493373,8195.14050404423
11446.587490246813,14656.016367092945,6749.526974705195
8533.935279007044,8884.109634737068,4666.619040067079
6109.174085201538,7196.456117502985,2862.219682385182
5389.644450231526,6396.917539175007,2762.84233573184
4748.312401722425,6230.7396545295205,2873.5062939954287
5537.860189028947,6281.515746493371,3476.435361009498
5149.625220221859,5439.078849195945,4059.616997919296
5713.022756770435,7035.160610433418,4766.9566597128105
5867.770154430838,7449.025673401541,5085.111306247337
7794.124131325725,8779.316410333555,5529.656075069361
8619.85220280728,9829.462296643576,5653.142420452556
6539.951282188745,7551.534729069329,3410.8107352231973
7147.349176171889,7970.59399643246,3856.0299944933818
7826.504845780781,9425.533148218308,5572.282661421374
8429.953344636917,10169.424541365097,5632.76119225394
10634.244538579163,12578.599514824227,8114.753533257501
10793.878477844226,12998.318654396131,7047.508731507681
13493.871088960756,15558.025672115156,11007.813007390205
13277.495992575625,14322.977675238682,10627.447207144947
14588.368292295734,16332.490628262016,12321.719848162697
13342.92524505582,13881.749424839632,11317.516062378849
15413.595461890847,15733.841240600765,14403.02167118316
16468.68328716147,18111.909867655326,16237.549860225705
16393.268878025927,18400.85617693482,16423.36869297967
16008.263263335188,18616.485261205045,16265.777065089082
13030.81785326148,15080.41709889918,13152.090558832588
13447.965558777898,14923.861480242269,15151.912087913828
15213.824462222028,17260.9217586591,17450.282777900495
16559.292199556872,17844.146134663464,17654.70250869042
17099.462334339238,17713.697775009656,16245.175483991554
17811.894423896287,18093.371980222422,16614.796355853316
17296.130265117914,17664.4686223624,16214.249534679306
19346.18840726699,17993.5733223327,15964.635686621004
18146.586705062804,18427.435432441118,16171.070840201946
17426.069037038116,18402.245992915497,15942.362397290248
18750.153131853167,18323.78914965519,16612.73511329105
17413.091543413422,18809.746143295004,15974.009837042497
16695.310274699907,17595.833587879733,15941.766595799165
14658.869670299366,14216.503629761912,14478.5110492424
13137.952657554568,13189.725299419755,13625.954588843728
11178.483078338968,12343.896484024679,10023.323994530385
10757.932579210245,10910.532176837576,10419.8104261427
11325.877590216645,12221.30140835748,9837.612176502334
12842.410697606423,14432.132758487382,10540.507829925911
11961.680811489316,12309.754022537276,8711.588634700698
11390.57465698326,12162.150211543716,7956.375260695502
10375.10905819061,10797.494431121042,8085.590352022828
10474.361886184803,11499.890873308335,9229.868833725965
9432.680780233139,10583.100123503655,7719.281485575208
6449.604187064856,10620.470013531687,4914.600531167495
7462.889062964948,8905.40488986245,5806.312989991104
8507.39400153913,8759.808921924972,6362.101896634094
7763.382164523638,7631.038921245232,4496.827016483719
8646.473390144278,7741.243774245534,5926.166411702157
7984.559606151989,6962.931728381957,4786.687301935406
7592.131983226349,6669.319003712132,3466.304138761801
7392.109719868081,6090.610091303791,3988.760827904867
7036.3136924871615,7421.267863366839,6692.160206308787
7991.789760924272,8031.125251969658,6697.439124381106
9589.756556526212,7905.735481408079,6959.172126327322
11961.695075722506,10475.818616329127,10554.308570459025
13809.308287881062,12111.478629739657,12075.001391291768
14353.19280785301,12632.098543112561,13032.866167131047
14367.187007950364,14529.259628780375,14600.071251533458
14489.769640160932,14139.506817877282,12650.184306441994
14394.69109303177,14841.08769610036,14168.132675881112
15607.400491977218,15130.421405542229,14280.406360108149
14814.729863784069,14342.121301310039,12900.513496229682
14759.184323463924,14476.053636430164,11934.147258474386
15810.380915263322,15152.969561279746,12224.857319023173
14681.88161935809,15026.714266064939,11593.616013200535
13854.669598787677,13209.801261538752,11098.733069566626
12830.770295330825,13082.469033408977,11507.375137427627
11575.891487987476,12274.254017152114,11117.231652884924
11438.348728870338,12047.40027891867,10980.306841074776
11626.266835797654,10861.281370285002,10633.2948299012
11904.60217524016,11397.450943142716,10939.1553851199
12450.831250940848,12378.488232423066,12322.533892744204
12588.21043209743,12503.993620528818,12566.674319056869
13652.093311656674,14583.91428401189,13915.181513019426
13938.414963325555,14792.739515566309,14967.449806699606
15022.86481711952,15991.35222950899,15840.147543465184
14895.152826619005,16130.576764534808,15041.437783335074
15227.666496497353,15157.857364738145,13989.861880143388
15396.528821899356,15648.179668154187,13803.776785132724
15100.114738639415,14967.673091105335,13918.105292206144
15154.800167931024,15385.758481870598,14719.025113477712
14958.635293755362,15829.314652836874,14664.553723440304
16012.397134187248,16771.18221147483,14435.554842136427
15756.302753338394,16377.503776843467,12720.86616530719
15482.368071360152,16141.411974143512,12427.717916704123
15774.383833377018,15617.218864690467,11537.30559675136
16109.04194140657,16221.874995579543,12602.573140312234
16445.411059652248,16895.458264133245,13620.371136593763
16653.71617091165,16937.25745338764,13788.701436220934
16637.223654543202,17680.06430063513,14228.086241702023
16421.67666511548,17051.90692084305,14302.94893455695
16258.35794135915,16827.92086040406,14052.106246701098
16565.84526279662,17554.55395907659,13992.189886515476
16805.2095059136,17588.113271736347,13713.840777970574
16552.28216366752,16472.072003896163,13394.718004330856
16983.044833410873,16762.004484228793,14544.730642890392
17005.077220882198,16876.485434805443,13958.076046908538
16802.614718805828,16316.488628861069,12879.51301958287
16794.920103260058,16768.879480177773,13592.590313803668
17128.290402194714,16883.67652831001,14033.464225649454
17075.69066607653,16802.126044150118,14196.94353276034
17170.050646602525,17674.73245980529,15495.566081214502
17221.1797105309,17567.064981775864,15672.255050068983
17619.24888662503,18746.97415832303,15257.70851063347
18513.47944284092,18809.07205730765,15149.081163584398
18066.724685804944,18480.188299000463,14441.018646221402
18482.454922958772,18733.187051064542,14416.045588178273
17793.639860392883,17598.42604561645,13384.425844712969
17686.37206392548,17468.634486560484,11934.810495132697
17744.158564148496,17716.33740531073,12249.679505010834
17738.350300300957,17909.82362336576,13032.54742804481
17003.769917545495,16779.40348971458,12721.10986665922
17347.826309634995,18474.993901577072,13435.553394614948
16620.535860307427,17917.61990011719,13106.394081977864
16100.464962225635,16898.965769163387,13337.94369343516
15575.726532257995,17031.063316567564,13235.201916693366
15378.202978862348,16934.962173569766,13278.933024838238
14947.100251149324,16532.44132687722,12794.453280582818
15525.537188631037,17132.970775328722,13879.155055511355
15782.58962554314,17151.560330930555,13887.178822796668
16141.423809273969,16762.913290169396,13001.692040395084
16256.738574808582,16673.276982588253,13909.848448804389
16237.884867511766,15861.563102517626,13421.28872699814
15680.162444812704,15179.673265777374,13325.150719083873
15507.02170496496,15373.017476231455,13638.325261596538
15325.24637181164,15263.343134912167,14128.670145174445
15792.66076657066,15002.962991801725,14019.100992711448
15467.987937025988,15973.050461562147,14626.627338071949
15307.163280399378,15413.507133435425,14581.494742089952
15554.202654987736,15854.14143156636,14559.02826856064
14971.362787887734,15703.711308570706,14219.68660330772
14719.350376347593,15519.886801074012,14696.899619117155
15107.692132523956,16816.94708340209,14588.223826468738
15602.74024233114,16799.2997426266,13869.504782782651
15637.664483000717,17159.856002716617,13659.781915377283
15867.186471487199,17686.882739240446,13888.208661672432
16139.169213524483,17795.560189419582,14177.378249388148
15994.476557151847,17739.33586161385,14331.526459548144
16126.371167263253,17488.398515231533,14064.171603215796
15846.395489663792,17031.36450394748,13932.628479651376
15389.321319731709,15532.599657582372,12721.822007099348
15162.533984623513,16231.997536088465,12618.420117957636
14889.604822026693,17332.63034508258,13431.153166171953
15678.73194570357,16948.49574072691,12517.078577726226
15221.599953244682,16755.9238323021,14183.446387243925
14439.3542710661,16214.260802542498,14828.639734120808
14442.7297914957,16444.979745788976,16587.294468542514
15019.613589187806,16389.01719171898,17404.626648147703
15170.276385321778,16804.52450677644,17196.58071667983
15703.75462460443,17645.18270641855,16729.661128006195
16799.982235703657,18137.617522512774,17339.613826109042
16807.059431074616,18052.559386999565,17864.86154204416
16760.43126653568,18590.918516893493,16945.939938768723
16982.63146948809,18053.7842431351,17158.04431324509
16538.197306849383,17158.76285229801,15690.864397975176
16851.77755616131,17976.698463031797,16865.928930239366
16225.788603395738,18826.436288383007,17181.21699485917
16590.455393135133,18580.73456434032,14689.216325305557
16084.657964461909,18406.190289411246,12603.08671376622
17524.117483403363,19201.7764023405,12495.047073650445
18602.531873532214,20608.21656144265,15008.809594694843
18179.97033195201,20151.23190662653,14780.193081568028
17063.971032337962,19184.043699578808,13899.277940835622
13066.36506086539,15287.34152367127,12149.96772789433
10704.297180472246,12069.255110177064,9942.30313172241
7447.179875139401,9408.243258580962,8214.270238489213
7497.687214856866,7624.526900181689,7206.208859561696
8745.645650570044,6504.126769631685,7249.565085906102
6393.821076009081,5453.557060473208,5807.625142738482
5767.9349772444975,5114.824481021215,4335.079983453828
7202.326157764961,6341.340181421711,4388.837404388223
8497.83400732272,8801.60371851403,5510.576791174546
7114.55473506903,7334.727658107771,5467.308792630339
7335.475445159881,7702.354650839529,5940.284880929486
8317.592684321053,8704.884374253392,6724.841782169036
7924.159390100614,7850.5324076658,6115.793624420403
6230.817948354601,6431.43860807925,4611.521442936132
6876.276437042466,6412.723548161405,4712.163195870962
5754.284942337215,4681.126136925136,4115.823837670697
5652.4756801557705,3411.5454046748546,3441.010002749241
6814.301256653713,6464.110585766703,5660.055005965235
8817.1475176027,7645.903810767381,7743.396312598529
8578.367253216751,7560.969954216894,4777.851034471217
9369.750034715265,7457.49117485374,5996.772504753479
7487.112718859105,6083.7225844665545,4211.94322741366
6883.928183371023,4676.617771055702,3576.934325606078
5919.701390978459,4164.281350084564,3528.2328071085035
6968.093781262511,5912.651864789603,3543.234339289158
6676.400060660559,5511.678830172642,4096.142414067706
7357.849767071694,6629.449359696431,6244.489799035599
5438.350157133608,5312.924080825468,4442.156570436061
5135.179273433499,4227.984521449954,5053.804637014698
6666.184818590778,4894.226724257264,5429.560312467457
6987.215534698378,7702.709362817269,6274.024981528944
8585.322057193596,8686.092712198157,6881.504425087209
11921.512339253235,11669.779747131504,10144.054765025145
14810.121420536783,13841.376863466226,12509.717070242172
15496.375993345435,15814.345691211704,12901.37742706577
16198.851299377684,15903.883027302754,11640.220109489068
15077.305776592228,14678.89409046825,11858.555316365277
13855.44786019243,15235.60721513109,11859.939253173548
14037.705487931185,15009.064984288563,12271.367318202623
17299.534601986496,17521.17852843433,12531.499857969247
17102.341532073453,17259.46907683128,12937.716759323945
18312.84111903882,18288.537361773626,15436.943125195872
19039.174704372068,18789.390907525056,15936.258516281683
18309.104643375358,17790.21124956779,13805.920419567765
17456.81679196345,16245.589744434876,10386.594350722917
15470.9098229972,14086.51276192795,11068.307675578755
14240.863096440688,12961.686877757082,9139.422779007156
12394.684877616048,11408.828012120857,6290.062464636726
6627.299620122416,6090.18832350584,4685.776325086911
5511.522581219588,5726.259657095151,5318.316165244435
3337.8969273815105,3699.745230387632,3854.72679324642
4068.7472751766613,3754.3054866999205,4733.857183203534
3366.579364735576,3011.917620328659,3646.91390382553
2902.4983093662,2971.6233751716823,2633.855048226692
3119.2069876789164,2770.0127107144926,1753.0661714284893
4312.8729310489925,3388.2987519261715,2719.5036478073694
5369.766464328672,4281.725141001247,2975.3352992066143
5579.816136934671,3816.157023187536,2350.96760342675
5786.909537105685,4043.765262869008,3224.9627367556336
6922.775529206727,5402.342720329104,3716.981645078733
7647.207753167652,7237.8034146131795,4111.874230670192
11034.190252575681,9487.789572465452,5450.647768943737
11629.899275383848,10438.626593090214,7628.686101793782
16205.940107761717,16487.21653692473,10829.361846517242
13982.957058772394,14577.252837147924,8913.568274126175
11056.116300212872,10046.57350563186,5827.595451735562
8311.57703459999,7071.41620844424,3428.26996829045
4196.251483174688,2891.10120615926,1842.6033320919887
1362.3084493423348,647.9691465719875,533.2578410439345
1723.1782208360905,754.8594333847544,1185.4280952011643
1814.371390508995,1553.0811895353577,1327.6554589942384
1983.6188935791486,2077.496538723422,1305.0417160690563
940.325482464029,988.3162078696141,287.0888617221854
930.5342247012834,950.0658312974169,273.0305049059392
0.0,682.8844299043694,140.9986718936069
0.0,225.3118283646242,254.9624256532944
11.048034606605817,217.86058381587014,96.96033612600408
209.9648249340314,201.48034168191936,183.9892846414126
528.4270013379033,751.3332722377975,204.18642327684915
554.5630972193578,426.4784880636974,194.3645487231265
714.2190869675397,648.5650864217652,0.0
434.80752492060424,297.3821938792367,0.0
297.3570879651362,0.0,0.0
517.035477778135,4.721118037359101,122.25832898073982
374.1109140774296,0.0,122.65328825875564
481.54636714520575,0.0,132.24935313125908
582.8329882409973,92.9923581333193,81.7427803888776
522.5854392067195,0.0,199.7427549295776
1318.9856404597467,933.2003403876998,1283.2161392475523
2354.2090021696013,1445.405058676422,1683.093525315019
2329.6784436597472,1784.8211478661422,2561.572987309518
3138.110209096736,2039.4338353784387,3417.680933756209
4392.185914056727,2959.157214773681,3990.024476963881
5517.535089389691,4028.7167068296862,4231.482955878987
5954.004438565805,4844.693261660549,4536.66352474392
7300.7337847756935,7348.451547008686,4991.548413836807
6397.482417195097,5926.083426363273,4905.314164063856
5713.480640081958,5684.616865094367,4216.070074630306
4983.063405658509,4550.419121581557,3636.988637418218
3409.242792881207,2686.0535920240272,2906.142794421954
2005.6646714536453,1452.8739019623847,1840.220973068928
2674.2938763590137,1656.4341216272028,2122.913104013101
2656.122093760542,2258.931033405354,2239.287201531928
3030.1685790456045,1832.1973173282263,1182.4835054035102
3400.2466187376776,3283.1022081076912,2788.511385487647
4632.626062621936,3865.2918059535596,2571.746132312825
8061.453807103538,7670.395747017794,4235.825620296605
8352.040593316622,7366.408318972801,4127.467902868014
6616.494857054111,5222.970295510556,4020.161466726821
9216.82811595973,8431.73748110476,4252.350829659413
9606.988693699974,9479.999524056722,6125.046437760432
14106.586037201041,14802.776304828194,10234.890709170704
17650.23009571953,16547.738254133506,13077.14719231674
17616.786366906214,17167.44418243414,10928.67976010198
16008.520309412817,17395.952067235186,11434.08988769462
14608.846832389814,16360.332264450757,10653.028873660576
12175.914486376867,12533.491051592082,9069.89927641179
6404.101091203153,8042.132585049721,4833.048016561954
5223.729954666807,7676.489037331784,3747.567615382054
4443.169015390927,6308.565640413861,3230.6957232287737
3972.356812138093,4796.824377264067,2710.194621426152
5907.231905475942,6865.2010382063345,3000.7341826011525
5025.401425600384,5474.19844217461,3116.233500420404
4926.701982887571,4246.218858503958,2631.733642861443
5204.396219444747,4082.958219324313,2160.253719397789
6557.641721276329,5339.9792717163755,2924.698864573886
7121.324844561913,6522.0382122136025,4157.369578413706
7530.9926459358285,7056.63123129194,4582.6883962862685
7572.255037688664,7831.060574871926,6142.159548093078
9599.270231736953,10108.709715770072,8167.824679234848
10575.822310298086,10930.0339753882,9535.531239736509
10572.826565439482,11566.836646504125,9683.425744464856
12171.942286713223,13697.010519778672,10581.501377548182
12084.89800207896,12414.5173552146,8609.54021655345
11130.37705017645,11071.22985815105,8028.198298289997
12078.864325661489,13621.613795623914,10374.61357176418
11606.357015202162,11433.255689560621,9421.067471262266
9940.142643681405,9615.27139722263,9417.056800029944
8995.424907444529,9782.784607323882,8979.506921715738
10702.46927373718,11798.435452052372,8255.670142816201
10660.137134492026,12971.916787466009,9984.87136160492
14790.300336408669,16434.38294819279,13021.727897089457
17232.60348054342,18338.566192041213,15111.852753030314
15140.121637047081,18321.329799289604,14260.71320247557
13939.362509439754,17561.74753116243,15105.094789484829
15058.714474058268,17731.25586664364,15454.387806252656
14010.335975088617,16626.73602971758,14827.308178033229
12450.255732101461,16738.548332074093,14143.429759519806
12667.728588023225,15275.391899994662,13777.610202716229
13980.40941011678,16164.482211822262,15169.61295314968
13858.909815863703,17629.27680083646,16343.949898479344
12775.17020115475,18599.67280699488,16861.251452628556
13382.043429470039,18682.916322409954,16927.296237467366
13846.479275024978,18786.049900811227,17322.06691194513
13800.906833483214,18174.11739579157,17187.515689932534
13313.733000334487,17485.93425395617,15281.667399244025
13754.82536300154,18209.006243123466,16153.744666588827
15657.702144849209,19983.89071702837,18361.119499109383
15884.798186850543,19061.038541249494,18266.22401141496
15932.001579377875,19256.169310946705,17825.070129212363
16297.376135940502,18975.521355856246,16735.155049794295
17048.73999687951,18716.249644140527,16568.933452239402
16969.851854989472,18709.093312932644,15413.542495465355
17107.72533624552,18531.553459834606,15622.554650142134
14758.53901930924,18299.455226357597,14287.243071158637
14756.818029511858,16115.681112737942,12204.086638040391
14901.509601996795,16224.47883685428,12057.079284335596
13548.978255906328,16127.646284311915,13453.975118046195
13983.300676862566,15892.846683941918,12737.305815514026
13418.26199122937,15826.951068119166,12631.39891056735
14154.39067143655,16067.446162256607,12211.804235382797
13923.339554407097,16126.843719767272,12300.07091433504
14458.136927406083,15683.895236172815,12692.790154408902
14371.64644915909,16417.764806842973,13080.27058196832
14091.476185486756,15879.953474280712,13420.59857257872
14116.219062545686,15920.381959564727,13559.10933218903
13662.755272847495,16597.565431793846,13269.033108304817
12837.093249680018,16327.180975485784,13349.774453230855
12879.807482974846,13890.096112715411,12724.79623777545
13362.573874887079,13421.198371091476,12980.42151529879
13261.965652238941,14020.315633326805,14240.270767255675
14495.106323026454,14682.0331801664,15016.096001670732
14469.321810926698,15790.65655250454,15126.27203171484
15242.01088705002,15875.657903245608,16352.90812243796
15218.602129628542,16490.879897200048,16963.215644031498
15957.169205020657,17941.349822708155,16566.029292044313
15458.905353982716,17851.27479243921,15931.937120620538
15137.260061408393,18262.854970954213,16190.291995295382
15442.021624478337,18598.88668715146,16244.147258301708
15731.008368260922,18501.842111001544,15975.121670620423
15579.021899749689,17773.972542401807,15976.070245795006
15602.727196547095,17427.393363272535,15356.135132284677
13711.859057094622,15751.193330844744,14142.107273690995
12925.357364072108,14524.508928629813,12898.273332307366
12006.453311328192,11970.795938504776,12177.033028236265
12414.48192221714,11965.372806338499,10855.046085189231
13045.243191133242,12066.239701715083,10504.666820436889
12252.653343437245,11839.766155127892,10576.448896033027
10670.717459995218,9338.432142707059,9524.601393068771
9424.69444751009,8973.9798898197,7613.528395318753
9160.364419963795,10006.6829198832,8596.139501217403
10050.38775297219,10211.833484728066,9385.446144911848
9462.064893898007,9994.018986753621,8740.100372580366
10714.19799003674,11210.007788745077,9500.597325928791
10919.76894061257,11956.124606839772,9731.305218865136
11081.414905790883,12571.125769032,9573.046389216594
10349.020681471857,10558.143878746909,8513.175054178251
10668.574851092399,11116.602506130519,9505.192931296497
11487.508857383576,12172.770821841126,10295.893254643848
12160.471750820054,12754.703505273152,11481.6320309258
13347.32087175769,15758.644129320004,12876.084699162442
13874.226919758345,16112.406847308175,12963.397015653669
13347.369772954642,15625.377521144395,12680.185772169178
12922.45202637271,14927.220188560235,12521.6383073523
12432.07482093359,15000.515850139864,12159.813216343233
12740.176950627156,14008.169712524083,13049.828968301052
12856.097565057464,12649.507097448137,12219.411299236965
12840.998356347749,12549.301845551252,12144.253601037464
11248.829938812856,11245.699493408822,9677.909690098824
11260.539521770652,10635.180259369617,10122.535718169636
10921.57225634718,10444.88349126657,10171.795255598076
12242.383501975726,11059.337230333378,10377.5265226525
12190.855254368102,11119.532415951717,11940.708400604315
11560.348344096286,10608.262028845505,9703.624058520732
12364.262112353068,12181.621261744378,11392.03730876622
12788.149175539758,12814.215019133613,12675.25805548078
12124.18058996697,10816.488105270228,11809.462578840608
10963.727730505363,11264.841039076075,11157.198348532978
9946.021230478593,10109.855164546178,10096.603884133194
10567.357055277262,11300.85955179827,10338.26747651124
12771.527962027316,13528.322528400224,10717.662844965114
12398.049306749892,13098.287229179134,7566.373162608835
12872.410362634677,14836.884116740812,7779.385818765399
12751.05784881896,11450.366608088654,7475.050766970557
12477.858718217245,11073.797760778203,8342.298452392391
11748.57155481027,10663.28437888515,7962.065545544976
11343.291819539649,10460.316398817971,7992.459282898157
9393.046256851105,7908.966230106368,6585.2430068483
8359.70975389252,7122.492684248073,6598.5897945620845
6888.1167888211585,5568.772459117251,5484.024003838849
6149.1323303505105,5003.256149722089,3841.868104046247
5057.963544533813,5169.693933202616,2926.779342531245
4036.055017179428,4133.203649019496,2277.488519481301
2979.2189658814136,2837.999633031026,1695.2686917926053
1802.2225164605331,1832.3522304785881,1229.2333676670942
871.2753165182922,605.9855457270008,812.9041774218474
2597.4351830137193,2621.747745660253,1519.5963964606035
3502.833890246207,3168.983292447262,2616.353015804487
3917.363642416394,4594.895812405923,2553.105975485392
3685.8669764529095,3365.379234610313,1571.1992923949094
3024.6462002689277,3664.399989943993,1428.2841231761174
2843.1314068801294,3569.6337348222046,1331.4483824987688
3262.00454155989,2906.409652040326,1771.4723431757145
2629.525256178947,2523.614996533559,1448.1260289589477
2792.426052551978,2326.799162021389,1366.8295589443446
3596.5915011845345,4055.503657179855,1028.9263369643766
2614.882935930599,2614.9309820948247,1078.3406703864118
2592.092877828551,2453.0010299689534,1082.2388605617973
2780.3577031272685,2174.4654247229496,1298.6818475149514
3035.7976406428,2927.014139151594,1574.2935771343648
3401.017425863236,3606.159873685078,1800.3419507603862
3466.8990895859497,2831.114087155737,1883.685638575869
3014.8948969829316,1833.2807819476716,1217.8574766911472
1786.3967276802364,1427.1205588941139,960.4803634554122
883.618386851364,162.05343982172656,848.7636884375248
195.1620910564291,0.0,198.2724284683762
121.33196341887732,0.0,150.66551298072582
870.2844416733186,276.03073484012805,886.8528999053889
794.3044147875913,0.0,649.3920139180638
575.0616237600806,232.09196848637788,813.7025960177149
1650.2836752373814,1464.435712323076,1204.8097422878454
3230.530339166663,2999.2232894500794,2439.165478636602
4879.354884156199,3872.680714868189,2944.769074986484
6581.003285906253,4637.255333932577,3940.7228132051614
8763.58111224868,7451.907579138449,4589.836618147871
9518.03815226845,7848.262391965547,5746.306291996163
10872.666359283668,9005.862932602646,7485.393516915686
11728.930728464587,10118.855449420407,9082.13970008964
12185.85546712534,12449.511325517451,11201.609488403275
18851.32990637738,17680.885556830413,16663.431296918217
18722.440990527048,18242.12081044429,16588.963479839294
18774.12480332331,18515.091279193333,16427.978162230727
17494.3336579386,18092.86181790772,17422.6757632921
18004.561029182543,18931.66621525597,17713.833390679218
18242.797558111077,17905.366799119452,17613.536370479313
15038.9103580199,15266.021720971106,12175.392051695811
13615.881874812425,14623.375349352113,11422.172299730915
13277.495870747016,14530.761253270124,13232.608419325084
14130.732461311203,15316.381066217491,14598.871338720552
17029.10556325036,17370.461064378993,16520.058623501074
16048.25781605407,16704.147771538155,16405.070233128492
15564.512925007926,15942.711366005478,15280.667712450717
13664.541026718927,13718.453740112493,13204.819021027704
12674.055637092642,12477.189336084217,12678.343976869302
12417.09173189668,11756.338663543278,12449.645460601496
8955.978585209798,7391.918895754016,8063.531057573797
9599.465634411557,10176.070264980193,10384.955576439708
10341.51726407497,9940.803935299713,8626.243188039067
10302.302022654092,10066.6628584291,9261.447816814614
9555.419281541159,9611.755676078836,8324.896767686756
9722.230284204079,11191.22719494218,9877.79967712321
10655.47067229382,11417.498174756129,10191.189993286722
8088.771739646464,8923.228859924227,7488.162501627303
5594.942081150792,5451.210303059191,3619.140649713251
8579.168041403787,9207.908592831973,5376.519579495655
7477.554384676233,10402.535223368413,5507.4044078482
9921.124271827446,10353.639721388843,8934.824344453298
8601.898818125874,9685.861415871948,7628.536116659807
9471.548043187937,11134.935489300102,7803.249777722839
8735.553432024795,11291.825368696382,8192.67193712451
10393.106719291394,10992.501862549207,10414.865971242036
13614.947893725102,14111.503114043684,12813.766952133048
10538.67003072872,11473.895702236614,9204.571763347729
11126.856004052437,10909.570409068923,9545.03120323568
12933.989747953441,12604.394304564823,9801.09911272828
14528.166524936994,14433.447635826393,11606.951342537455
14242.341288804424,14190.504872253841,11403.33594609189
14653.559145130193,12884.057357251546,11514.287312155511
14279.122511315894,13264.892417638719,11878.134046208885
12561.593092167976,11063.427520357462,10346.71574012642
11182.026789831607,13190.543454051116,11682.966795745318
12978.087586924526,14833.348064792888,11137.143291189755
13479.991154630134,14057.810739239461,12492.695477011104
11508.218243199088,9969.711498294972,10004.987501950282
9884.478044883006,8657.805530012192,8099.725962819065
8183.854050463835,7140.545621541078,7666.72723083194
9425.228240958631,7723.171938259413,7177.629229493507
8611.433788942106,7305.601177073193,8016.234993171144
9934.13626844018,9961.74919286549,8365.981235470861
10372.907784365829,11614.091120422183,8126.80338407866
11151.624209274023,12285.370210232963,9746.527202277312
12061.845472246045,12775.679273388172,9855.337725944408
14225.334059249926,14588.166819060534,11168.73663852159
16954.977026988716,17222.122489225734,13896.778983948818
18130.576120932918,18461.206897135995,15786.007257978928
16048.76956379472,17531.80044682016,15925.006625304826
13582.779054138351,15391.523337759694,14201.018217974715
13706.34311425421,13742.17180246725,13560.976226864248
13371.99714083752,13738.99569776579,14657.8770991346
13262.509084608582,13582.036048302516,13398.804615350093
13070.073805941714,13516.247231627769,13222.648308130272
12446.794063816234,12465.256489246118,12279.267015461764
12541.139470923958,12900.01051856063,12139.231998543592
12585.857153103616,12733.813877205628,11743.792587027116
13198.553630824274,15589.950536007078,11741.078063481978
15536.283045193191,17058.390167001344,11422.080294448164
15644.041474881984,15832.514626038339,11462.265090556362
16103.725785590294,15818.585432534683,11443.917668788634
15920.785842390316,15853.022563960953,13090.969260825088
16264.241206566578,16228.16490486152,14512.595243824657
17080.768097092696,17492.843164605732,15991.674586203397
19389.334732409763,18329.37315333837,17501.797653732643
20034.285450217678,18901.41007974372,18086.64183050607
20464.27013204208,18574.86534895603,18481.70218570813
20862.199250941056,18320.137737947247,18602.444481514176
20937.173597535937,18538.075231302755,18914.11883490542
20552.558649985287,18328.74945595085,18688.434289406192
20111.366946447928,18288.193588977258,18483.0739454588
20457.10037963519,18235.60977952732,18160.655179593818
19630.980977858704,19462.735981360813,17360.52720826929
19266.62958448627,19196.970815620192,15846.417365801735
16098.206204979802,18069.732652308685,15533.511297360032
15472.28755321314,15961.207517862946,14755.087027315203
16110.374956436992,16019.602896219905,14501.279715535977
15791.09183547848,16479.71274374045,14146.75573492656
15351.843206809202,15278.183990511074,13895.64779127016
14034.234150988668,13466.641028975964,12569.434350486032
13498.137319765014,13136.142439552854,11786.283157079444
13039.991348727423,13205.329626587107,10935.94993654537
12681.177199468058,12852.276518975696,11618.115110705608
12355.842403828756,12949.727876692506,10718.43295976267
13392.122145023395,14455.692086857014,10083.893987365102
14899.894569343702,15504.980681553752,10369.363051707222
14925.778765082534,15405.553063221354,11938.411140750222
15438.752284163202,16116.116375998849,12261.672637032005
19099.60382068851,19133.842109462905,16880.103895438875
18613.8077144623,18492.836551123433,16051.108771780397
17995.57189455751,18418.056797009216,14829.824126887055
18139.716659666312,18410.745220249944,13755.436436981394
17820.537442666522,17338.376676957472,13191.485625335508
17721.83784278217,16550.214299430056,12879.334145580546
14035.911906592046,12309.560074305951,10198.089226204003
12726.362862766931,10638.6737597935,7633.230001222259
7776.454627928576,6871.034067197113,4310.02468842308
3250.12653999731,2339.948782083956,2441.599488024588
1344.3382072661325,409.57598371542383,1324.8355436338866
722.2180339973105,81.4929383069854,494.6004543819002
221.906554751346,0.0,683.3186102356077
312.8304455099387,0.0,718.9761818997301
489.00710728153115,222.08128934602485,586.5491367876741
995.8542855947701,528.0543186317243,704.9333187360712
1817.4831906238269,1292.4247550040693,1031.11739767477
2704.158794016749,1922.2472335856348,1973.8304982721136
3091.17705849165,2496.1076733243012,1801.0267223120989
5517.7919690687695,6117.137177285244,5546.881433954401
7062.491585568047,5676.213251696821,3702.451064654962
7307.779417633376,5827.25066091831,4537.78667720186
8716.919636754616,6419.595072067992,4372.2571348819365
10099.729758446654,8176.21749577315,6707.359639885001
12717.282591773721,11006.17090498594,7967.155261343613
15056.053304753435,13352.183640035139,10022.83471163516
16056.407363925786,13391.951585639272,10616.076968100171
16662.71024608428,15164.95179933916,13819.894701651438
17875.612488884835,17456.55628145705,15480.733445014775
17562.933360022016,17116.668640548134,15858.322323372093
18254.933895282178,17394.791399324822,16920.687409173126
18355.17103545586,17437.664773821798,16567.55438517747
19258.124709608193,18022.602215976236,16807.910750217732
18277.06559026543,17869.50420363493,16910.293143690826
16990.301587747075,17341.84166143827,15593.540917217268
16559.14131136008,17153.43434541933,15746.259838639931
16595.508342271274,17484.090730425174,14571.952399807664
16656.332144484775,17419.415828291865,15068.719107965611
17315.779762647253,17287.446595210797,15464.638014244349
17585.133872124843,18084.47382762035,15134.591348523849
18649.540821992487,18292.44570419753,16227.410604925744
19967.83744158746,18881.81140781749,16049.244460332866
20208.012294750635,19889.93685796548,16818.61763508543
20185.895036217382,20641.066623352235,17863.75725968615
19661.19398998408,19829.330490149772,16826.71183555982
19342.624946442313,19167.11577377336,17890.355803075807
19863.784350497088,19260.3208141851,18257.53201013468
19665.92242345797,18839.630564707615,16889.00235720818
17512.79664591319,16273.49293525286,16351.159535617551
16669.093592518915,16707.37216702354,15148.695160815309
17032.967977841057,13847.06814778218,13124.365519203884
17405.825453883954,13409.454682859647,11768.066219556538
17792.784520535977,13974.123064860227,13149.412806422575
17614.88029277849,13605.037980034289,13951.749712166678
17575.042802599255,14637.487413769071,12832.835454936769
17656.08253894665,15147.253973563415,13088.495251307717
16891.010490825498,14609.97129910179,15210.780658975498
16139.38628201864,14300.968415900796,16006.94147662303
15685.746338287325,14188.825470263408,16199.230787667568
14344.025605998335,12090.328251360344,15556.286846612193
14418.52366534145,14191.948644301932,14610.611208881974
13668.985031572225,13890.681006615712,14217.699716508298
13178.363669793363,12696.162012858511,13540.698435867724
13352.271330533582,12794.618143017897,14998.437142971405
14015.068447682688,14556.126960291216,15322.481161888449
14702.76370458141,15567.506460406403,15467.943711262256
13753.225507340541,15183.234153197105,16289.902153249315
14063.450374391881,16036.018857797702,16321.82950838566
14513.842383619398,16503.59583596787,16558.85609586657
14378.742019781,15378.23130659296,16173.352932043665
15026.656823339094,14770.948157787041,16481.07814571859
15116.927923766854,14374.195481219038,15653.594927317552
15279.310517727801,14703.814026397615,16263.85867152594
15294.177213195126,17466.999811395133,16240.60182149722
15284.553866090435,16270.121068169337,16086.39839191404
16861.562932624845,17387.10664369705,15063.829003775156
16305.435610465693,16738.032049473644,14628.139436106558
15462.320566019253,16890.413959447484,14096.878229094413
16051.146277805085,16945.905245752787,14565.611329258629
16965.652716215318,17153.183107995577,15456.607409524277
15788.249686898187,16538.499713809037,14146.91912375822
12120.342761760048,13189.110566960931,11316.249678955068
11832.411297482418,11450.352472637378,12522.629034261785
12430.135969548754,11640.262788841312,12297.632881283966
13599.110512227282,13127.135364243848,13251.601122943612
15318.36920994113,13675.218825389142,14011.994192572036
15043.854988565938,13926.414963212095,15477.384947568886
14964.137592328287,13325.771807167375,15926.19601342686
14528.215174504441,14182.815446905277,15456.729192051856
15302.951139494355,15140.463413838826,14566.739305151676
14977.25519309096,16354.984886140852,15666.7925964282
16133.731953320506,17398.16459701862,15896.991559104208
16707.247220420202,17607.158251570225,17260.37962250765
17191.97115272481,17595.27840824137,16936.367545349225
17337.734229697653,17724.16396813653,16803.707671793174
17506.691220335408,17935.71104622313,15347.374332559031
17293.424834101566,17877.995557352875,15236.674054612831
17178.79267545965,16833.483607741233,15108.19785614826
18012.391287323986,17062.49367257311,14975.709277212383
17790.158857779297,17409.671119840597,15109.081504122943
17151.267873062316,16939.294304905347,14862.604476835078
16438.453748467604,17642.781943808826,15559.720674368513
17459.27531444411,18518.222597730295,15750.411247311697
17225.190611880542,18806.379363907356,16266.952175670744
16856.01146006578,18446.921712539002,16544.80330635225
16408.66471745212,18024.884470284454,16213.360776941949
15536.325302637133,17177.251398603406,15774.6798757814
15599.95758080517,16456.71727601018,14843.730188177144
14919.039093786898,16423.824871354664,14936.12461018467
13339.156373808732,14611.342746571298,13892.911514633688
13080.98959399663,13059.665780694586,12942.088264724644
14866.924505734582,14747.869576107772,15006.368271980582
16185.393378021156,16070.237974841995,16028.58205557596
16452.357720507196,17200.84307404901,16483.992919131186
16894.15183360649,17525.51341255658,16663.642964800445
16776.31300826823,18162.58022948221,17037.904581731946
16939.392349632377,18362.442729390703,17045.222940731885
17124.376713734855,18288.78679324996,16972.76268006177
17926.728887472145,19440.235461958968,17387.37746217559
18100.01293590899,19729.025484074802,17709.926820465007
18587.54863740784,19930.963436482834,17803.014646335578
17904.545483837497,19632.715181417036,17437.091493502467
18210.311561298386,19811.960500809073,16646.761177743876
18022.23384078568,19268.522743590634,16184.768778301252
17374.52992946209,19274.23684045758,16343.092199797598
16638.559687142508,18176.785175360747,15706.015974438224
16727.251903682045,18096.848113842443,15841.953611185832
16924.52460189592,16776.25945840592,13649.376532315537
16223.04244481419,15873.89540547221,12525.170212642926
12906.646743902487,14109.155505927867,11443.644437992089
11189.526316332698,12526.090291196224,10782.638687472458
10138.880955185028,9954.901724462232,9338.389417105973
10036.658531368195,9975.533348213923,10260.18144048124
11296.271045366124,9922.000053124304,11943.46697709776
12381.125235989475,10916.455786262388,12001.846720168034
12883.550104645818,10726.174066782178,13706.544106624213
15149.634303869841,12870.975568217142,14351.66022833315
13858.749565919028,15561.162544163943,13729.322198403735
17127.971909681077,18135.29957350252,15174.795203731952
17008.18975345405,17731.27358201335,15388.90955866168
16742.945622793748,17653.087663250593,14742.88699557034
15043.995555378831,16469.148891124594,14452.826153384683
14415.135432189343,14275.80805081154,14765.065977326109
13168.695556908151,11833.680638253867,12467.863579627616
12927.346733107792,12026.65641037855,9384.607650848087
13392.89364271289,13229.383224777917,12078.13840556028
15445.143285961309,14926.795324611307,14401.852450980468
16313.030075171873,16193.006451519432,14614.207756687549
16761.29374755575,17663.026930668235,14918.39149309426
17318.691203562426,17785.436390997835,15465.556733069663
18215.0485519797,18219.143182867956,17312.844814062224
18301.54929884832,18510.670894167415,16833.213340625953
18798.01759654065,19092.408757343153,17880.811089453236
18729.225576295023,18725.677688642965,17536.29167687396
18380.965895959213,18809.033499777594,18197.19061182415
18135.877716702536,18743.90651822685,17846.25253635204
18374.383598334145,17668.68965657254,16985.152710467966
17861.892935610646,17337.067542535926,16635.372668650536
18259.975796846775,16802.12094967946,16710.709680224827
18503.20067496355,16740.34598484871,16424.676658227294
18345.49935520108,17278.49284547768,16487.622624777887
18528.095708562458,17512.80604738841,16882.466404851064
18519.792096096284,17622.94397549416,16792.60443197753
18654.425272468063,18042.735164028632,16236.380148994916
18875.14716123861,18030.831610165103,16446.494913003153
18821.41546204649,17359.51543134326,16399.8782645421
18524.353735668596,17474.06057404087,15418.912814371384
19115.82391291939,17694.395879139272,15169.37231809694
17608.16490477471,16814.03302271444,13738.753697161766
16341.484672670942,15505.53265173552,13573.412350434244
16367.813180343941,14996.487661541096,12676.96709143254
15302.044047115829,15047.086424022207,10914.67164552506
14797.082933345679,14188.40540510434,10800.0185031919
13823.897208255037,13527.734941663755,10343.586427499691
12055.466362406833,13430.815273075565,5873.732415682966
13736.198220935492,15716.187167392603,9784.872810666817
15695.856287289253,16559.908543385936,12322.173401651686
15191.89044224846,16427.00775623768,13714.124828389977
13732.566973537636,14170.080145910224,11374.709074477014
12381.36151768748,11555.46356005699,10933.831990859257
10036.439114874305,9311.132782310657,8989.091927619342
9594.190181179874,7955.978278868079,6346.312891007445
9272.669834672224,8315.138209452436,6685.759875888905
9261.150963949234,8682.537638405682,7268.339327034426
10188.34996921337,9225.23856035458,10912.601041370466
12268.17371919021,10934.65619399406,10617.775276153989
14542.207786957542,14736.784440516856,13039.920546472003
15960.86480644267,15863.130948022534,13507.565816617082
17492.305766807185,17578.558954898996,15506.173071597854
18149.36928818474,17291.66321879134,13889.317974770867
17924.273357755203,17957.911922426163,15837.840133511889
