target,taxonomy,start,end,duration_hours,mean_abs_residual_ratio,max_abs_residual_ratio,mean_label_ratio,mean_scada_ratio,mean_online_rate,mean_scada_ws
kpx_group_2,scada_zero_label_positive,2022-01-31 13:00:00,2022-02-07 11:00:00,167,0.615550266966068,0.8235964814814816,0.615550266966068,0.0,0.7386892880904855,11.487208915502329
kpx_group_3,scada_zero_label_positive,2024-02-12 14:00:00,2024-02-15 09:00:00,68,0.8126309614845939,1.0062225714285713,0.8126309614845939,0.0,0.7583333333333332,12.719172763480394
kpx_group_2,scada_zero_label_positive,2022-02-14 21:00:00,2022-02-17 10:00:00,62,0.654449252538829,0.8008304166666668,0.654449252538829,0.0,0.8225806451612904,11.849103942652329
kpx_group_2,scada_zero_label_positive,2022-02-20 16:00:00,2022-02-23 00:00:00,57,0.5547382277452891,0.7988216203703703,0.5547382277452891,0.0,0.8109161793372319,10.42962962962963
kpx_group_1,scada_zero_label_positive,2022-12-17 16:00:00,2022-12-19 20:00:00,53,0.4748155660377357,0.6361111111111111,0.4748155660377357,0.0,0.6436058700209643,12.253333333333334
kpx_group_1,scada_zero_label_positive,2022-01-16 15:00:00,2022-01-18 13:00:00,47,0.5731373414105594,0.8142222222222223,0.5734545202915681,0.0003171788810086681,0.8315602836879437,9.622104018912529
kpx_group_1,scada_zero_label_positive,2022-12-14 04:00:00,2022-12-15 11:00:00,32,0.4953087543402778,0.6555292592592593,0.4953087543402778,0.0,0.6527777777777777,12.209722222222222
kpx_group_1,scada_under_label,2022-08-03 07:00:00,2022-08-04 10:00:00,28,0.4056755076058201,0.6539010648148148,0.5737674388227514,0.16809193121693117,0.8333333333333331,9.825297619047618
kpx_group_1,scada_under_label,2023-01-20 12:00:00,2023-01-21 12:00:00,25,0.39425504814814816,0.6521359722222222,0.654484677777778,0.2602296296296296,0.8333333333333333,10.556310000000002
kpx_group_1,scada_zero_label_positive,2022-03-04 17:00:00,2022-03-05 16:00:00,24,0.4384144714506173,0.6233888888888889,0.4384144714506173,0.0,0.5,12.038194444444445
kpx_group_2,scada_under_label,2023-01-28 17:00:00,2023-01-29 14:00:00,22,0.3807433964646464,0.5593737962962962,0.6309369991582492,0.25019360269360263,0.8396464646464646,11.689775252525253
kpx_group_1,scada_under_label,2022-12-06 10:00:00,2022-12-07 07:00:00,22,0.27606536826599326,0.4510068055555555,0.6771996275252526,0.4011342592592592,0.8270202020202021,13.110606060606063
kpx_group_2,scada_zero_label_positive,2024-01-23 08:00:00,2024-01-24 04:00:00,21,0.14394562610229272,0.1613713425925926,0.14778821869488531,0.0038425925925925815,0.16666666666666657,13.545497354497357
kpx_group_2,scada_under_label,2023-01-03 19:00:00,2023-01-04 14:00:00,20,0.37586776620370366,0.6532968055555556,0.7416385995370368,0.36577083333333327,0.8375000000000001,12.649899999999999
kpx_group_3,low_online_label_positive,2023-01-27 18:00:00,2023-01-28 13:00:00,20,0.011314154761904704,0.0643884761904761,0.33024210238095236,0.3317547619047619,0.41500000000000015,9.533179129583335
kpx_group_2,scada_under_label,2024-12-28 19:00:00,2024-12-29 12:00:00,18,0.3138429423868313,0.6685438425925925,0.7611757613168724,0.4473328189300412,0.8333333333333335,12.962077160493827
kpx_group_2,scada_zero_label_positive,2022-02-23 20:00:00,2022-02-24 12:00:00,17,0.560171653050109,0.7211491203703704,0.560171653050109,0.0,0.7990196078431374,9.803104575163397
kpx_group_1,scada_under_label,2023-12-24 20:00:00,2023-12-25 12:00:00,17,0.3651523883442266,0.5226028240740741,0.6650216693899783,0.29986928104575167,0.9019607843137254,10.736934640522875
kpx_group_1,scada_under_label,2022-12-13 12:00:00,2022-12-14 03:00:00,16,0.4358863310185185,0.5995604166666666,0.6323446643518519,0.1964583333333333,0.8333333333333334,12.668923611111111
kpx_group_1,scada_under_label,2022-08-11 19:00:00,2022-08-12 10:00:00,16,0.35869730613425926,0.5342806944444444,0.4954970746527778,0.1367997685185185,0.8315972222222223,8.827604166666667
kpx_group_1,scada_under_label,2022-12-22 10:00:00,2022-12-23 01:00:00,16,0.333155703125,0.5019376388888888,0.6836938975694444,0.35053819444444445,0.7934027777777778,14.551664930555555
kpx_group_1,scada_under_label,2022-06-25 19:00:00,2022-06-26 10:00:00,16,0.2982167968749999,0.4919054629629629,0.5853059172453703,0.2870891203703704,0.8194444444444444,10.704513888888888
kpx_group_2,scada_zero_label_positive,2022-11-14 21:00:00,2022-11-15 11:00:00,15,0.7285592623456789,0.8209181481481481,0.7285592623456789,0.0,0.8333333333333336,11.169814814814815
kpx_group_2,scada_zero_label_positive,2022-02-19 22:00:00,2022-02-20 12:00:00,15,0.5472341141975309,0.6957046759259259,0.5472341141975309,0.0,0.8203703703703705,10.193888888888889
kpx_group_1,scada_under_label,2024-07-04 21:00:00,2024-07-05 11:00:00,15,0.37624519135802464,0.558184212962963,0.6398161790123458,0.26357098765432097,0.8814814814814815,12.064944444444446
kpx_group_1,scada_under_label,2022-12-07 21:00:00,2022-12-08 11:00:00,15,0.3154508148148148,0.515425925925926,0.5912039012345679,0.27575308641975305,0.8333333333333336,10.545185185185183
kpx_group_2,moderate_residual,2022-04-14 20:00:00,2022-04-15 10:00:00,15,0.050130018518518484,0.0910643055555555,0.050130018518518484,0.0,0.537037037037037,6.148703703703704
kpx_group_1,scada_under_label,2022-06-26 19:00:00,2022-06-27 08:00:00,14,0.3435416302910052,0.5076354629629629,0.5744609424603174,0.2309193121693121,0.8234126984126986,10.690277777777778
kpx_group_1,moderate_residual,2022-06-30 21:00:00,2022-07-01 10:00:00,14,0.08293971230158727,0.1188352777777778,0.5056844212962963,0.422744708994709,0.8234126984126986,9.600595238095238
kpx_group_2,moderate_residual,2022-08-22 02:00:00,2022-08-22 15:00:00,14,0.055384715608465564,0.0823596296296296,0.055384715608465564,0.0,0.7440476190476192,4.661507936507937
kpx_group_2,scada_zero_label_positive,2022-03-05 02:00:00,2022-03-05 14:00:00,13,0.7874900997150996,0.8169006018518519,0.7874900997150996,0.0,0.8311965811965814,15.896581196581197
kpx_group_1,scada_zero_label_positive,2022-05-25 23:00:00,2022-05-26 11:00:00,13,0.5102280769230769,0.6782953240740741,0.5102280769230769,0.0,0.8333333333333335,9.673290598290597
kpx_group_2,scada_under_label,2024-11-29 22:00:00,2024-11-30 10:00:00,13,0.5021782941595442,0.6109556481481482,0.6987951032763533,0.19661680911680907,0.8333333333333335,12.721549145299146
kpx_group_1,scada_under_label,2022-08-14 19:00:00,2022-08-15 07:00:00,13,0.3839618055555555,0.6036817592592593,0.5166149394586894,0.13265313390313388,0.8333333333333335,9.878846153846155
kpx_group_1,scada_under_label,2023-06-28 22:00:00,2023-06-29 10:00:00,13,0.3557085398860399,0.5152500000000001,0.6249856054131055,0.2692770655270655,0.8974358974358972,10.246055555555555
kpx_group_2,scada_zero_label_positive,2022-06-06 04:00:00,2022-06-06 16:00:00,13,0.3139349928774928,0.4713918055555555,0.3139349928774928,0.0,0.8119658119658121,7.799145299145299
kpx_group_2,moderate_residual,2023-12-16 15:00:00,2023-12-17 03:00:00,13,0.062385024928774874,0.1021642129629629,0.15488146367521363,0.09249643874643872,0.7200854700854701,14.083220085470085
kpx_group_1,moderate_residual,2022-07-29 20:00:00,2022-07-30 08:00:00,13,0.060342371794871744,0.0884371296296296,0.10955533475783469,0.049212962962962944,0.8055555555555556,5.545940170940171
kpx_group_1,moderate_residual,2022-04-17 13:00:00,2022-04-18 01:00:00,13,0.052336328347578315,0.0900735648148148,0.20195883547008542,0.14962250712250708,0.7841880341880342,6.281623931623932
kpx_group_2,scada_under_label,2022-12-28 03:00:00,2022-12-28 14:00:00,12,0.4192251080246913,0.6505112037037037,0.7047999537037039,0.28557484567901237,0.8125,13.36434722222222
kpx_group_1,scada_under_label,2023-07-25 22:00:00,2023-07-26 09:00:00,12,0.35887447530864197,0.4292665740740741,0.5736159876543211,0.21474151234567898,0.8865740740740741,9.382662037037036
kpx_group_1,scada_under_label,2022-01-22 15:00:00,2022-01-23 02:00:00,12,0.3381631327160493,0.4239122685185185,0.5287534104938271,0.19059027777777773,0.8333333333333335,8.87662037037037
kpx_group_1,scada_zero_label_positive,2023-12-17 07:00:00,2023-12-17 18:00:00,12,0.3267602353395061,0.4051023611111111,0.3267602353395061,0.0,0.4837962962962963,11.920250000000001
kpx_group_1,scada_under_label,2024-08-22 23:00:00,2024-08-23 10:00:00,12,0.3102418788580246,0.4615433796296296,0.6441461998456791,0.33390432098765427,0.8750000000000001,11.235319444444444
kpx_group_2,scada_under_label,2024-03-02 20:00:00,2024-03-03 07:00:00,12,0.26668409336419746,0.3820774999999999,0.7413484452160496,0.4746643518518517,0.8333333333333335,14.399243055555553
kpx_group_1,scada_under_label,2022-03-26 02:00:00,2022-03-26 13:00:00,12,0.2435618094135802,0.3526861574074074,0.7099892785493828,0.4664274691358024,0.8333333333333335,13.099537037037038
kpx_group_1,scada_under_label,2022-08-06 23:00:00,2022-08-07 10:00:00,12,0.22920613811728388,0.3418649999999999,0.36844224922839514,0.13923611111111103,0.8333333333333335,8.027083333333332
kpx_group_1,scada_under_label,2022-07-15 00:00:00,2022-07-15 11:00:00,12,0.18841910493827155,0.2756149999999999,0.29953021604938274,0.11111111111111109,0.8333333333333335,7.276157407407408
kpx_group_3,low_online_label_positive,2023-12-06 21:00:00,2023-12-07 08:00:00,12,0.02067363888888885,0.1434741904761905,0.1933586468253968,0.18265476190476185,0.21666666666666667,12.201347188194445
kpx_group_1,scada_zero_label_positive,2022-04-10 00:00:00,2022-04-10 10:00:00,11,0.6463375925925926,0.6555292592592593,0.6463375925925926,0.0,0.6666666666666667,12.81237373737374
kpx_group_1,scada_zero_label_positive,2022-09-06 23:00:00,2022-09-07 09:00:00,11,0.6384242424242426,0.8175701851851852,0.6384242424242426,0.0,0.8308080808080809,11.482575757575757
kpx_group_1,scada_under_label,2023-11-23 02:00:00,2023-11-23 12:00:00,11,0.4170574663299664,0.6635141203703703,0.7751424831649832,0.35808501683501687,0.9015151515151515,13.53823484848485
kpx_group_1,scada_under_label,2023-08-04 00:00:00,2023-08-04 10:00:00,11,0.3704959722222222,0.6331500925925926,0.6215018644781145,0.2510058922558922,0.8939393939393938,10.182876262626262
kpx_group_1,scada_under_label,2023-04-06 02:00:00,2023-04-06 12:00:00,11,0.3698215446127946,0.6732270833333335,0.6789040361952862,0.30908249158249157,0.9015151515151513,11.326381313131312
kpx_group_1,scada_under_label,2022-08-05 20:00:00,2022-08-06 06:00:00,11,0.35687152356902363,0.5534074074074075,0.4937317929292929,0.1368602693602693,0.8333333333333335,8.80808080808081
kpx_group_1,scada_zero_label_positive,2023-11-05 13:00:00,2023-11-05 23:00:00,11,0.29163715488215486,0.6883391666666667,0.29163715488215486,0.0,0.7828282828282828,7.452166666666668
kpx_group_2,scada_zero_label_positive,2022-02-11 20:00:00,2022-02-12 06:00:00,11,0.2538357281144781,0.45599125,0.2538357281144781,0.0,0.7853535353535354,6.857070707070707
kpx_group_1,scada_under_label,2022-04-05 00:00:00,2022-04-05 10:00:00,11,0.2315712836700336,0.5425633333333333,0.7933431691919192,0.5617718855218855,0.8333333333333335,13.381565656565657
kpx_group_1,scada_under_label,2022-07-19 19:00:00,2022-07-20 05:00:00,11,0.2105093897306397,0.3180750462962963,0.36261376683501684,0.15210437710437705,0.8333333333333335,7.849747474747475
kpx_group_1,moderate_residual,2022-04-06 22:00:00,2022-04-07 08:00:00,11,0.08961550505050501,0.1152422222222222,0.5821786363636364,0.49256313131313134,0.8333333333333335,9.41969696969697
kpx_group_1,moderate_residual,2022-07-25 02:00:00,2022-07-25 12:00:00,11,0.05851656986531981,0.0947207407407407,0.09246438131313127,0.033947811447811414,0.7752525252525253,5.168434343434344
kpx_group_2,moderate_residual,2024-10-13 19:00:00,2024-10-14 05:00:00,11,0.05516431818181813,0.0729853703703703,0.059410951178451125,0.004246632996632981,0.5000000000000001,4.89845707070707
kpx_group_2,scada_zero_label_positive,2022-02-23 02:00:00,2022-02-23 11:00:00,10,0.4298102268518519,0.5825438425925926,0.4298102268518519,0.0,0.8138888888888889,8.521944444444443
kpx_group_1,scada_under_label,2023-10-20 05:00:00,2023-10-20 14:00:00,10,0.3418555555555555,0.4856588888888888,0.5674111111111112,0.2255555555555555,0.8916666666666666,10.279377777777778
kpx_group_2,scada_under_label,2024-01-02 00:00:00,2024-01-02 09:00:00,10,0.3281405046296296,0.4376193981481481,0.7745155046296296,0.446375,0.8388888888888889,15.01048888888889
kpx_group_1,scada_under_label,2023-08-03 02:00:00,2023-08-03 11:00:00,10,0.3163299212962962,0.4691919907407407,0.5674780694444443,0.2511481481481481,0.9,9.631702777777779
kpx_group_2,scada_under_label,2023-08-03 23:00:00,2023-08-04 08:00:00,10,0.3023617962962962,0.4774644444444444,0.6231210555555555,0.32075925925925924,0.8333333333333334,10.767552777777777
kpx_group_1,scada_under_label,2022-01-18 22:00:00,2022-01-19 07:00:00,10,0.2410807407407407,0.3894030092592592,0.4190298148148148,0.17794907407407404,0.8333333333333334,7.872222222222223
kpx_group_1,scada_under_label,2022-08-05 03:00:00,2022-08-05 12:00:00,10,0.23666988425925922,0.3153620833333333,0.34041988425925923,0.10374999999999994,0.8277777777777778,7.458888888888889
kpx_group_2,scada_zero_label_positive,2022-01-26 04:00:00,2022-01-26 13:00:00,10,0.23603070833333334,0.3796579166666667,0.23603070833333334,0.0,0.6444444444444443,8.113611111111114
kpx_group_1,scada_under_label,2022-07-17 20:00:00,2022-07-18 05:00:00,10,0.20879887962962956,0.2680638425925926,0.388831287037037,0.18003240740740736,0.8333333333333334,8.253333333333334
kpx_group_2,scada_zero_label_positive,2022-07-30 21:00:00,2022-07-31 06:00:00,10,0.18279824999999997,0.2664970833333333,0.18279824999999997,0.0,0.6444444444444445,5.813888888888888
kpx_group_2,scada_under_label,2022-12-12 17:00:00,2022-12-13 02:00:00,10,0.12373269907407405,0.1286500925925926,0.9046169583333334,0.7808842592592593,0.9694444444444448,16.0225
kpx_group_1,scada_under_label,2024-12-05 19:00:00,2024-12-06 03:00:00,9,0.47754716563786004,0.6402538888888889,0.7215955195473251,0.244048353909465,0.8209876543209876,14.96669135802469
kpx_group_2,scada_under_label,2022-12-23 04:00:00,2022-12-23 12:00:00,9,0.4277200565843622,0.540454212962963,0.8132550360082305,0.3855349794238683,0.8487654320987654,17.00471604938272
kpx_group_1,scada_under_label,2022-12-15 18:00:00,2022-12-16 02:00:00,9,0.410043158436214,0.5018840277777777,0.5868590020576132,0.17681584362139915,0.6666666666666666,13.320358024691359
kpx_group_1,scada_under_label,2024-10-29 22:00:00,2024-10-30 06:00:00,9,0.3465971913580247,0.5717631481481482,0.45033690329218107,0.10373971193415632,0.8333333333333334,8.420080246913578
kpx_group_2,scada_under_label,2023-01-05 04:00:00,2023-01-05 12:00:00,9,0.24308311213991762,0.3478927777777778,0.7444359927983538,0.5013528806584362,0.8333333333333334,13.075206790123458
kpx_group_1,scada_under_label,2024-05-20 01:00:00,2024-05-20 09:00:00,9,0.23840984567901233,0.5160350925925925,0.6727154012345679,0.4343055555555555,0.9012345679012346,10.057922839506173
kpx_group_2,scada_zero_label_positive,2022-02-08 03:00:00,2022-02-08 11:00:00,9,0.22222968621399175,0.3876929629629629,0.22222968621399175,0.0,0.6666666666666666,6.651851851851852
kpx_group_2,scada_zero_label_positive,2022-06-05 17:00:00,2022-06-06 01:00:00,9,0.21144184156378598,0.4466169444444444,0.21144184156378598,0.0,0.6327160493827161,6.391049382716049
kpx_group_1,scada_under_label,2022-04-08 21:00:00,2022-04-09 05:00:00,9,0.12517219135802465,0.1275097685185185,0.8098326851851851,0.6846604938271604,0.8333333333333334,13.89753086419753
kpx_group_1,moderate_residual,2022-04-05 11:00:00,2022-04-05 19:00:00,9,0.10048310699588467,0.1172914351851851,0.6675818724279835,0.5670987654320988,0.8333333333333334,10.622222222222222
kpx_group_1,moderate_residual,2022-04-16 23:00:00,2022-04-17 07:00:00,9,0.09084399691358018,0.1021149999999999,0.5935549022633745,0.5027109053497942,0.8333333333333334,9.654938271604939
kpx_group_1,moderate_residual,2022-07-21 19:00:00,2022-07-22 03:00:00,9,0.0721072685185185,0.1067090740740741,0.11479759773662547,0.04269032921810694,0.7962962962962963,5.566975308641975
kpx_group_1,moderate_residual,2022-04-04 04:00:00,2022-04-04 12:00:00,9,0.07062936213991766,0.0975682407407407,0.36581969135802467,0.29519032921810695,0.7962962962962964,7.6913580246913575
kpx_group_2,moderate_residual,2022-02-11 07:00:00,2022-02-11 15:00:00,9,0.0568360956790123,0.0883859722222222,0.06070955246913575,0.003873456790123445,0.6111111111111112,4.839197530864198
kpx_group_1,moderate_residual,2022-03-18 06:00:00,2022-03-18 14:00:00,9,0.05408803497942382,0.0709766203703703,0.05408803497942382,0.0,0.23456790123456786,7.446604938271605
kpx_group_3,moderate_residual,2023-11-28 08:00:00,2023-11-28 16:00:00,9,0.05210654497354495,0.1191864761904761,0.6633156243386243,0.6448095238095237,0.9518518518518518,9.933620348148148
kpx_group_2,scada_zero_label_positive,2022-06-29 05:00:00,2022-06-29 12:00:00,8,0.7196425462962963,0.7338713425925926,0.7196425462962963,0.0,0.8298611111111112,16.311805555555555
kpx_group_1,scada_under_label,2022-08-08 12:00:00,2022-08-08 19:00:00,8,0.589809212962963,0.6627173611111111,0.7132814351851852,0.12347222222222218,0.8263888888888888,12.971527777777776
kpx_group_1,scada_under_label,2022-08-09 00:00:00,2022-08-09 07:00:00,8,0.4897814930555555,0.5721456944444444,0.6048914467592592,0.11510995370370368,0.8333333333333334,11.058333333333334
kpx_group_1,scada_under_label,2023-07-05 05:00:00,2023-07-05 12:00:00,8,0.4260955208333333,0.5497349074074074,0.719475150462963,0.2933796296296296,0.875,13.880940972222223
kpx_group_1,scada_under_label,2022-12-03 23:00:00,2022-12-04 06:00:00,8,0.42363231481481484,0.531638888888889,0.6823128703703704,0.2586805555555556,0.8333333333333334,12.487152777777778
kpx_group_1,scada_under_label,2022-08-02 19:00:00,2022-08-03 02:00:00,8,0.3582390393518518,0.4976135648148148,0.46185015046296296,0.10361111111111107,0.8333333333333334,9.126388888888888
kpx_group_2,scada_under_label,2023-01-30 03:00:00,2023-01-30 10:00:00,8,0.3472049768518518,0.4647280555555556,0.4463658564814815,0.09916087962962959,0.8020833333333334,9.154968750000002
kpx_group_1,scada_under_label,2022-05-20 01:00:00,2022-05-20 08:00:00,8,0.30261422453703696,0.4257261111111111,0.4913121412037037,0.18869791666666666,0.6770833333333333,8.872569444444444
kpx_group_1,scada_under_label,2022-12-20 08:00:00,2022-12-20 15:00:00,8,0.24214497685185182,0.4232305092592593,0.4949111805555556,0.2527662037037037,0.8194444444444444,8.995517361111112
kpx_group_2,scada_under_label,2023-05-14 23:00:00,2023-05-15 06:00:00,8,0.22878185763888886,0.3662909259259259,0.32826681134259256,0.09948495370370367,0.8333333333333334,7.756274305555555
kpx_group_1,scada_under_label,2022-12-05 03:00:00,2022-12-05 10:00:00,8,0.22657742476851847,0.2634068981481481,0.6938633043981481,0.4672858796296296,0.8333333333333334,10.33576388888889
kpx_group_1,scada_under_label,2022-12-09 12:00:00,2022-12-09 19:00:00,8,0.1960164409722222,0.3325418981481481,0.47448866319444444,0.27847222222222223,0.7395833333333333,9.491319444444445
kpx_group_1,scada_under_label,2022-07-16 02:00:00,2022-07-16 09:00:00,8,0.19533918402777775,0.2567928703703704,0.4132211284722222,0.21788194444444442,0.8333333333333334,8.479166666666668
kpx_group_2,scada_under_label,2022-05-05 01:00:00,2022-05-05 08:00:00,8,0.19083997685185183,0.2652597685185185,0.882269375,0.6914293981481481,0.9548611111111112,13.679861111111112
kpx_group_2,scada_zero_label_positive,2022-04-13 20:00:00,2022-04-14 03:00:00,8,0.18815496527777772,0.3200643055555555,0.18815496527777772,0.0,0.65625,8.288194444444445
kpx_group_1,scada_under_label,2022-01-26 16:00:00,2022-01-26 23:00:00,8,0.17691849537037035,0.2130896759259259,0.324835162037037,0.1479166666666666,0.8125,7.600694444444445
kpx_group_1,scada_under_label,2022-08-19 19:00:00,2022-08-20 02:00:00,8,0.17317598379629623,0.1875428703703703,0.507047511574074,0.3338715277777778,0.6666666666666666,9.546527777777778
kpx_group_1,scada_zero_label_positive,2022-01-26 00:00:00,2022-01-26 07:00:00,8,0.16965753472222217,0.2444006018518518,0.16965753472222217,0.0,0.2881944444444444,8.820138888888888
kpx_group_2,scada_zero_label_positive,2024-01-24 06:00:00,2024-01-24 13:00:00,8,0.14814693287037034,0.1613713425925926,0.14814693287037034,0.0,0.1666666666666666,12.788211805555555
kpx_group_1,moderate_residual,2022-04-10 21:00:00,2022-04-11 04:00:00,8,0.0906109259259259,0.1136184259259258,0.5541699537037037,0.46355902777777774,0.8333333333333334,9.426736111111111
kpx_group_1,moderate_residual,2022-04-04 16:00:00,2022-04-04 23:00:00,8,0.06989467592592588,0.116151574074074,0.4230138888888888,0.35311921296296295,0.8298611111111112,8.064583333333333
kpx_group_1,moderate_residual,2022-03-25 18:00:00,2022-03-26 01:00:00,8,0.06877126157407401,0.1057534259259258,0.40058260416666663,0.3318113425925926,0.8333333333333334,8.648263888888888
kpx_group_1,moderate_residual,2022-03-29 20:00:00,2022-03-30 03:00:00,8,0.06258193287037034,0.0907680092592592,0.40970577546296294,0.3471238425925926,0.8333333333333334,7.89375
kpx_group_2,moderate_residual,2024-10-29 01:00:00,2024-10-29 08:00:00,8,0.05812159143518515,0.0834044907407407,0.14446418402777772,0.08634259259259253,0.8576388888888888,5.928034722222222
kpx_group_2,moderate_residual,2022-06-11 16:00:00,2022-06-11 23:00:00,8,0.05748555555555551,0.0930731018518518,0.05791958333333329,0.000434027777777775,0.7847222222222222,4.823263888888889
kpx_group_1,moderate_residual,2022-10-04 13:00:00,2022-10-04 20:00:00,8,0.05739272569444441,0.0934790277777777,0.14320869791666663,0.08581597222222218,0.8333333333333334,5.998611111111112
kpx_group_1,moderate_residual,2022-11-07 14:00:00,2022-11-07 21:00:00,8,0.049464606481481425,0.0695784722222222,0.27151900462962963,0.22205439814814815,0.8159722222222223,7.147916666666667
kpx_group_3,moderate_residual,2024-07-04 15:00:00,2024-07-04 22:00:00,8,0.048410392857142825,0.0633704285714286,0.3888695476190476,0.3994047619047619,0.9458333333333333,7.0984166208333335
kpx_group_3,moderate_residual,2024-01-03 20:00:00,2024-01-04 03:00:00,8,0.04507726785714284,0.0696481428571429,0.3760421011904762,0.37276785714285715,0.9625,6.478958316666667
kpx_group_3,low_online_label_positive,2023-10-22 18:00:00,2023-10-23 01:00:00,8,0.02832104761904755,0.0505072857142857,0.2873691666666667,0.2770357142857143,0.4,10.862916633333333
kpx_group_1,scada_zero_label_positive,2022-12-07 14:00:00,2022-12-07 20:00:00,7,0.687765257936508,0.7760555555555555,0.687765257936508,0.0,0.8214285714285714,14.061904761904762
kpx_group_1,scada_zero_label_positive,2024-04-24 16:00:00,2024-04-24 22:00:00,7,0.5730739351851852,0.6709298148148148,0.5730739351851852,0.0,0.8333333333333333,9.620325396825397
kpx_group_1,scada_zero_label_positive,2022-12-06 03:00:00,2022-12-06 09:00:00,7,0.5356725066137565,0.6381198611111111,0.5356725066137565,0.0,0.6666666666666666,11.102380952380953
kpx_group_1,scada_under_label,2022-01-22 07:00:00,2022-01-22 13:00:00,7,0.4965486640211641,0.6615453240740742,0.6318066005291005,0.13525793650793647,0.8333333333333333,9.723015873015873
kpx_group_1,scada_under_label,2022-08-15 11:00:00,2022-08-15 17:00:00,7,0.49101671296296295,0.5856730092592592,0.6472071891534392,0.15619047619047619,0.8333333333333333,12.86547619047619
kpx_group_2,scada_zero_label_positive,2022-08-22 16:00:00,2022-08-22 22:00:00,7,0.4590358664021164,0.7532894907407407,0.462878458994709,0.003842592592592586,0.8333333333333333,9.386111111111111
kpx_group_2,scada_under_label,2022-08-09 07:00:00,2022-08-09 13:00:00,7,0.44290838624338624,0.5061008796296296,0.6666253174603174,0.22371693121693118,0.8333333333333333,11.607539682539683
kpx_group_2,scada_under_label,2022-12-04 03:00:00,2022-12-04 09:00:00,7,0.4252229166666666,0.6199551851851851,0.5369160383597883,0.11169312169312165,0.8174603174603174,9.542857142857144
kpx_group_1,scada_under_label,2022-04-20 02:00:00,2022-04-20 08:00:00,7,0.4086606150793651,0.4816691203703703,0.7464979166666666,0.3378373015873016,0.896825396825397,10.091666666666667
kpx_group_1,scada_under_label,2022-05-18 08:00:00,2022-05-18 14:00:00,7,0.36960644841269835,0.5406676388888889,0.633528406084656,0.26392195767195764,0.892857142857143,10.74047619047619
kpx_group_1,scada_under_label,2022-01-21 23:00:00,2022-01-22 05:00:00,7,0.32600007275132276,0.6169922222222222,0.4758876388888889,0.14988756613756607,0.8333333333333333,8.292857142857143
kpx_group_1,scada_under_label,2022-12-05 20:00:00,2022-12-06 02:00:00,7,0.2743210052910053,0.4296744444444444,0.5560471957671957,0.2817261904761904,0.8095238095238095,10.407539682539682
kpx_group_1,scada_zero_label_positive,2022-01-26 09:00:00,2022-01-26 15:00:00,7,0.2300522156084656,0.3622485185185185,0.2300522156084656,0.0,0.4444444444444445,7.719444444444444
kpx_group_2,scada_under_label,2024-03-02 12:00:00,2024-03-02 18:00:00,7,0.2276434854497354,0.4046710648148148,0.5226633267195767,0.29501984126984127,0.8253968253968254,9.908436507936505
kpx_group_1,scada_zero_label_positive,2022-04-13 21:00:00,2022-04-14 03:00:00,7,0.20728613095238094,0.2859151851851851,0.20728613095238094,0.0,0.6746031746031745,8.087698412698412
kpx_group_1,scada_under_label,2022-08-07 17:00:00,2022-08-07 23:00:00,7,0.18370537037037032,0.2926817592592592,0.2875413492063492,0.10383597883597877,0.8333333333333333,7.628174603174604
kpx_group_1,scada_under_label,2022-07-31 00:00:00,2022-07-31 06:00:00,7,0.17322291666666662,0.2256715277777778,0.26793191137566136,0.09470899470899465,0.7896825396825398,7.247619047619048
kpx_group_1,moderate_residual,2022-04-09 16:00:00,2022-04-09 22:00:00,7,0.10927701719576714,0.1183113888888888,0.6992439484126984,0.5899669312169313,0.8333333333333333,10.851587301587301
kpx_group_1,moderate_residual,2024-07-06 04:00:00,2024-07-06 10:00:00,7,0.09191854497354493,0.1166456944444445,0.568386798941799,0.476468253968254,0.8650793650793652,9.514047619047618
kpx_group_1,moderate_residual,2024-11-27 05:00:00,2024-11-27 11:00:00,7,0.09104211640211635,0.1026666666666666,0.6333370899470899,0.5422949735449736,0.8333333333333333,11.48268253968254
kpx_group_1,moderate_residual,2022-03-25 00:00:00,2022-03-25 06:00:00,7,0.08153940476190476,0.1110297222222223,0.5445685052910053,0.46302910052910057,0.8333333333333333,8.760317460317461
kpx_group_2,moderate_residual,2023-01-30 12:00:00,2023-01-30 18:00:00,7,0.08053335317460315,0.1056320833333333,0.22421721560846558,0.14368386243386239,0.75,6.811654761904762
kpx_group_1,moderate_residual,2023-12-09 19:00:00,2023-12-10 01:00:00,7,0.07706022486772482,0.1039644444444444,0.2570271560846561,0.17996693121693116,0.8333333333333333,7.209297619047619
kpx_group_2,moderate_residual,2022-11-16 10:00:00,2022-11-16 16:00:00,7,0.07533702380952378,0.0962061574074074,0.3700923148148148,0.2947552910052909,0.8333333333333333,7.739285714285716
kpx_group_2,moderate_residual,2023-08-28 17:00:00,2023-08-28 23:00:00,7,0.07280994708994706,0.0930731018518518,0.0873337566137566,0.0145238095238095,0.7261904761904762,5.070884920634922
kpx_group_2,moderate_residual,2022-07-04 00:00:00,2022-07-04 06:00:00,7,0.06653097883597878,0.1092743518518518,0.11947410052910047,0.05294312169312164,0.8134920634920635,5.776190476190476
kpx_group_3,moderate_residual,2024-02-18 21:00:00,2024-02-19 03:00:00,7,0.06474343537414962,0.0869363333333333,0.5630792721088435,0.570108843537415,0.9523809523809524,8.223333276190475
kpx_group_2,moderate_residual,2024-10-13 09:00:00,2024-10-13 15:00:00,7,0.060722010582010544,0.0950818518518518,0.06447201058201055,0.00375,0.5317460317460317,4.537936507936508
kpx_group_2,moderate_residual,2023-05-14 13:00:00,2023-05-14 19:00:00,7,0.06038903439153435,0.0897251388888888,0.07575940476190471,0.015370370370370342,0.7698412698412698,4.991916666666667
kpx_group_2,moderate_residual,2024-10-04 02:00:00,2024-10-04 08:00:00,7,0.056148002645502605,0.0843484259259259,0.08417710317460313,0.02802910052910047,0.7857142857142857,4.706964285714284
kpx_group_2,moderate_residual,2022-06-04 20:00:00,2022-06-05 02:00:00,7,0.05605429894179892,0.0863771759259259,0.05605429894179892,0.0,0.5992063492063491,4.480555555555555
kpx_group_2,moderate_residual,2024-03-21 09:00:00,2024-03-21 15:00:00,7,0.05468100529100523,0.0716462037037037,0.059019629629629575,0.0043386243386243145,0.6428571428571429,4.825964285714286
kpx_group_1,moderate_residual,2022-01-20 22:00:00,2022-01-21 04:00:00,7,0.05293853174603169,0.0831267129629629,0.08618588624338618,0.03324735449735447,0.8333333333333333,5.1690476190476184
kpx_group_1,moderate_residual,2022-04-18 03:00:00,2022-04-18 09:00:00,7,0.05148238756613753,0.0720146296296296,0.3034202182539682,0.25193783068783066,0.8333333333333333,7.626190476190476
kpx_group_3,low_online_label_positive,2023-12-22 04:00:00,2023-12-22 10:00:00,7,0.04952438095238091,0.106849619047619,0.2670272789115646,0.23646258503401357,0.2619047619047619,13.656654729761906
kpx_group_1,moderate_residual,2022-10-12 20:00:00,2022-10-13 02:00:00,7,0.04781474867724862,0.0571959259259259,0.07116792328042323,0.023353174603174553,0.6428571428571427,5.134920634920634
kpx_group_2,scada_zero_label_positive,2022-03-10 08:00:00,2022-03-10 13:00:00,6,0.6078767052469135,0.7686900462962963,0.6078767052469135,0.0,0.8333333333333334,9.621759259259258
kpx_group_1,scada_zero_label_positive,2022-01-13 04:00:00,2022-01-13 09:00:00,6,0.5871193981481482,0.5939268981481481,0.5871193981481482,0.0,0.6666666666666666,11.312962962962962
kpx_group_1,scada_under_label,2023-05-06 12:00:00,2023-05-06 17:00:00,6,0.4530691975308642,0.6224234722222222,0.726171049382716,0.2731018518518518,0.8935185185185186,12.502564814814816
kpx_group_2,scada_under_label,2024-11-29 13:00:00,2024-11-29 18:00:00,6,0.4324714891975308,0.6053903703703704,0.6836520447530865,0.2511805555555555,0.8518518518518517,13.378152777777776
kpx_group_2,scada_under_label,2022-02-18 21:00:00,2022-02-19 02:00:00,6,0.41553444444444443,0.5333089814814813,0.6277412345679011,0.2122067901234567,0.8333333333333334,10.308333333333332
kpx_group_1,scada_under_label,2022-10-11 03:00:00,2022-10-11 08:00:00,6,0.37748424382716045,0.4523528240740741,0.5059873302469136,0.12850308641975303,0.6666666666666666,11.962962962962962
kpx_group_1,scada_under_label,2022-06-25 12:00:00,2022-06-25 17:00:00,6,0.3615428858024691,0.5646379166666667,0.47418177469135797,0.11263888888888886,0.8194444444444445,8.870833333333335
kpx_group_1,scada_zero_label_positive,2022-05-01 05:00:00,2022-05-01 10:00:00,6,0.3355765200617283,0.4774181481481481,0.3355765200617283,0.0,0.8333333333333334,7.423611111111111
kpx_group_2,scada_under_label,2022-03-04 20:00:00,2022-03-05 01:00:00,6,0.3264078858024691,0.4040336111111111,0.7952504783950617,0.4688425925925926,0.8333333333333334,16.945370370370373
kpx_group_1,scada_under_label,2024-07-06 15:00:00,2024-07-06 20:00:00,6,0.2694472067901234,0.3738021296296296,0.6501725154320988,0.3807253086419753,0.8518518518518517,12.965967592592591
kpx_group_1,scada_under_label,2022-01-19 16:00:00,2022-01-19 21:00:00,6,0.26460421296296294,0.3271929629629629,0.4355687191358025,0.17096450617283945,0.8333333333333334,8.374537037037038
kpx_group_2,scada_under_label,2022-02-14 15:00:00,2022-02-14 20:00:00,6,0.2548081558641975,0.3685219444444444,0.5236198842592593,0.2688117283950617,0.8333333333333334,9.485185185185184
kpx_group_1,scada_under_label,2022-08-13 21:00:00,2022-08-14 02:00:00,6,0.2509598688271605,0.3115224074074074,0.36682406635802467,0.11586419753086419,0.8333333333333334,7.962962962962963
kpx_group_1,scada_under_label,2022-03-24 12:00:00,2022-03-24 17:00:00,6,0.2378458410493827,0.3386856944444445,0.5230618904320987,0.285216049382716,0.7916666666666666,8.400462962962964
kpx_group_1,scada_under_label,2022-11-16 06:00:00,2022-11-16 11:00:00,6,0.23118681327160492,0.4420570370370371,0.347405949074074,0.11621913580246908,0.8287037037037037,7.98287037037037
kpx_group_2,scada_under_label,2024-12-26 11:00:00,2024-12-26 16:00:00,6,0.22830328703703703,0.3771681481481482,0.49493908950617277,0.26663580246913576,0.7361111111111112,10.474375
kpx_group_1,scada_under_label,2022-12-21 17:00:00,2022-12-21 22:00:00,6,0.22814205246913577,0.3676242592592592,0.47038742283950613,0.24224537037037033,0.7962962962962963,9.152324074074075
kpx_group_2,scada_zero_label_positive,2022-02-07 20:00:00,2022-02-08 01:00:00,6,0.17264278549382714,0.2316783796296296,0.17264278549382714,0.0,0.6666666666666666,6.721296296296297
kpx_group_2,scada_zero_label_positive,2024-01-22 21:00:00,2024-01-23 02:00:00,6,0.1361807947530864,0.149988287037037,0.14530116512345675,0.009120370370370367,0.1666666666666666,13.274050925925925
kpx_group_1,moderate_residual,2024-05-16 06:00:00,2024-05-16 11:00:00,6,0.10812752314814812,0.1157027314814814,0.6851028317901234,0.5769753086419753,0.8379629629629631,11.645782407407408
kpx_group_2,moderate_residual,2024-01-06 11:00:00,2024-01-06 16:00:00,6,0.0866072067901234,0.1081340277777777,0.3065609104938271,0.21995370370370368,0.8472222222222223,6.9621203703703705
kpx_group_2,moderate_residual,2024-01-04 02:00:00,2024-01-04 07:00:00,6,0.08182138888888883,0.1125038888888889,0.4542056481481482,0.3723842592592592,0.8194444444444445,9.117393518518519
kpx_group_1,moderate_residual,2022-04-14 04:00:00,2022-04-14 09:00:00,6,0.07466472222222219,0.1039449537037037,0.16494249999999996,0.09027777777777773,0.8240740740740741,8.280092592592593
kpx_group_2,moderate_residual,2024-07-17 23:00:00,2024-07-18 04:00:00,6,0.06974325617283948,0.0844693055555556,0.3946120833333333,0.32486882716049376,0.8333333333333334,8.633791666666667
kpx_group_2,moderate_residual,2023-07-26 09:00:00,2023-07-26 14:00:00,6,0.06819062499999995,0.1017353703703703,0.2044483410493827,0.1362577160493827,0.824074074074074,6.450120370370372
kpx_group_3,moderate_residual,2024-03-16 20:00:00,2024-03-17 01:00:00,6,0.06536023015873012,0.1090706666666666,0.47716942063492057,0.4761904761904761,0.9888888888888889,7.57177775
kpx_group_1,moderate_residual,2022-04-08 07:00:00,2022-04-08 12:00:00,6,0.06363831790123453,0.0850219444444444,0.26951023148148145,0.2058719135802469,0.8333333333333334,7.1944444444444455
kpx_group_3,moderate_residual,2024-04-15 14:00:00,2024-04-15 19:00:00,6,0.0633881349206349,0.0824781904761904,0.41966115079365074,0.4476190476190476,0.9444444444444445,7.245499955555556
kpx_group_1,moderate_residual,2024-08-22 03:00:00,2024-08-22 08:00:00,6,0.06292097993827159,0.0880867592592593,0.3830058564814815,0.32008487654320983,0.8333333333333334,8.164037037037037
kpx_group_1,moderate_residual,2022-06-10 02:00:00,2022-06-10 07:00:00,6,0.06270808641975306,0.0799766203703704,0.3529858641975309,0.29027777777777775,0.8148148148148149,7.6759259259259265
kpx_group_2,moderate_residual,2024-10-21 20:00:00,2024-10-22 01:00:00,6,0.058651635802469106,0.07877875,0.10222416666666666,0.04357253086419749,0.7453703703703703,5.42838888888889
kpx_group_2,moderate_residual,2022-05-02 07:00:00,2022-05-02 12:00:00,6,0.05748391975308639,0.0782509722222222,0.12141910493827159,0.06393518518518516,0.7453703703703703,5.087037037037037
kpx_group_3,moderate_residual,2024-09-05 14:00:00,2024-09-05 19:00:00,6,0.056802674603174556,0.0780701904761904,0.3902756904761904,0.3817460317460317,0.9722222222222223,7.136388861111111
kpx_group_3,moderate_residual,2023-05-04 23:00:00,2023-05-05 04:00:00,6,0.05579991269841267,0.0774130476190476,0.544205007936508,0.536579365079365,1.0,8.515166594444445
kpx_group_3,moderate_residual,2024-07-27 18:00:00,2024-07-27 23:00:00,6,0.05504777777777772,0.0922135238095237,0.6672566349206349,0.6777777777777777,1.0,9.30349991111111
kpx_group_2,moderate_residual,2024-10-26 07:00:00,2024-10-26 12:00:00,6,0.054881666666666634,0.0857075925925926,0.07220419753086418,0.01732253086419752,0.625,4.766550925925927
kpx_group_2,moderate_residual,2022-02-08 12:00:00,2022-02-08 17:00:00,6,0.05401364197530859,0.0642806944444444,0.05401364197530859,0.0,0.6249999999999999,4.963425925925926
kpx_group_2,moderate_residual,2023-03-23 13:00:00,2023-03-23 18:00:00,6,0.0534071682098765,0.0749941666666666,0.07097661265432094,0.017569444444444433,0.6527777777777778,4.617361111111111
kpx_group_2,moderate_residual,2022-07-20 08:00:00,2022-07-20 13:00:00,6,0.05268128858024688,0.0959118055555555,0.240829436728395,0.18814814814814818,0.8148148148148148,6.153240740740741
kpx_group_2,moderate_residual,2023-11-05 05:00:00,2023-11-05 10:00:00,6,0.04973205246913578,0.0836988425925926,0.050665694444444416,0.0009336419753086333,0.5092592592592592,4.409546296296297
kpx_group_3,moderate_residual,2024-12-03 16:00:00,2024-12-03 21:00:00,6,0.044648452380952365,0.0712430952380952,0.3933749444444445,0.38650793650793647,0.7833333333333335,7.48222216111111
kpx_group_3,low_online_label_positive,2023-11-06 21:00:00,2023-11-07 02:00:00,6,0.025990063492063436,0.0534977619047619,0.21878395238095236,0.22038888888888888,0.34444444444444455,17.203833333333332
kpx_group_3,low_online_label_positive,2023-05-21 03:00:00,2023-05-21 08:00:00,6,0.011628984126984085,0.0338771904761904,0.2252120317460317,0.22180158730158728,0.2388888888888889,13.68516665
kpx_group_3,low_online_label_positive,2023-01-09 03:00:00,2023-01-09 08:00:00,6,0.010166087301587265,0.0352430952380952,0.38591378571428564,0.3762222222222222,0.4277777777777778,12.411833316666666
kpx_group_1,scada_zero_label_positive,2024-04-25 00:00:00,2024-04-25 04:00:00,5,0.6406643240740741,0.722488287037037,0.6406643240740741,0.0,0.8333333333333334,10.036472222222221
kpx_group_3,scada_zero_label_positive,2024-01-12 05:00:00,2024-01-12 09:00:00,5,0.6350015047619048,0.7396872380952382,0.6350015047619048,0.0,0.8000000000000002,8.988416575
kpx_group_2,scada_under_label,2023-01-29 16:00:00,2023-01-29 20:00:00,5,0.511278462962963,0.5899298148148149,0.6612877222222222,0.1500092592592592,0.8333333333333334,11.545538888888888
kpx_group_1,scada_zero_label_positive,2022-06-02 06:00:00,2022-06-02 10:00:00,5,0.44849181481481476,0.642807037037037,0.44849181481481476,0.0,0.8333333333333334,8.673888888888888
kpx_group_2,scada_under_label,2022-05-07 06:00:00,2022-05-07 10:00:00,5,0.3940202685185185,0.645033611111111,0.6390573055555555,0.24503703703703703,0.8333333333333334,11.296111111111111
kpx_group_1,scada_under_label,2023-11-06 14:00:00,2023-11-06 18:00:00,5,0.39177437037037033,0.5435725925925926,0.624728074074074,0.23295370370370366,0.7888888888888889,17.80901111111111
kpx_group_1,scada_under_label,2022-08-01 05:00:00,2022-08-01 09:00:00,5,0.38100760185185184,0.5349239814814816,0.46228537962962957,0.08127777777777771,0.8333333333333334,9.222222222222223
kpx_group_1,scada_zero_label_positive,2023-11-07 04:00:00,2023-11-07 08:00:00,5,0.3643912222222222,0.4760789351851852,0.3643912222222222,0.0,0.5277777777777777,20.156572222222227
kpx_group_2,scada_under_label,2022-02-19 04:00:00,2022-02-19 08:00:00,5,0.3608079907407407,0.5099298148148148,0.5751783611111111,0.21437037037037032,0.8333333333333334,9.887777777777778
kpx_group_1,scada_under_label,2022-04-07 14:00:00,2022-04-07 18:00:00,5,0.3583568240740741,0.4479425000000001,0.6614216388888889,0.3030648148148148,0.8333333333333334,11.676111111111112
kpx_group_2,scada_under_label,2023-11-18 12:00:00,2023-11-18 16:00:00,5,0.3464234907407407,0.6445526388888888,0.7606549722222222,0.4142314814814815,0.861111111111111,15.639044444444446
kpx_group_2,scada_under_label,2022-12-22 16:00:00,2022-12-22 20:00:00,5,0.3449081851851852,0.5240575,0.7575748518518519,0.4126666666666667,0.8777777777777779,13.843755555555555
kpx_group_2,scada_under_label,2022-12-15 00:00:00,2022-12-15 04:00:00,5,0.31680437962962965,0.5733586574074074,0.7147210462962963,0.3979166666666666,0.9111111111111112,11.161111111111111
kpx_group_1,scada_under_label,2022-08-10 22:00:00,2022-08-11 02:00:00,5,0.2985194907407407,0.4556359722222222,0.37764912037037035,0.07912962962962959,0.8333333333333334,8.849999999999998
kpx_group_2,scada_under_label,2024-12-26 00:00:00,2024-12-26 04:00:00,5,0.2983355740740741,0.5095156018518519,0.7642707592592592,0.46593518518518523,0.8666666666666668,14.696272222222223
kpx_group_3,scada_zero_label_positive,2024-02-09 14:00:00,2024-02-09 18:00:00,5,0.2964258666666666,0.3471158095238095,0.2964258666666666,0.0,0.7733333333333334,6.255833308333333
kpx_group_2,scada_under_label,2022-03-14 12:00:00,2022-03-14 16:00:00,5,0.29634396296296295,0.6796535185185185,0.7119087777777777,0.4155648148148147,0.8388888888888889,12.929444444444446
kpx_group_1,scada_under_label,2022-12-07 09:00:00,2022-12-07 13:00:00,5,0.2961641388888889,0.3798801388888888,0.5753122870370371,0.27914814814814815,0.75,12.436666666666664
kpx_group_1,scada_under_label,2022-07-31 20:00:00,2022-08-01 00:00:00,5,0.2955405462962963,0.3743484259259259,0.3875590648148147,0.0920185185185185,0.8333333333333334,8.15388888888889
kpx_group_1,scada_under_label,2022-07-13 22:00:00,2022-07-14 02:00:00,5,0.28466813888888887,0.3863499074074074,0.3756403611111111,0.09097222222222219,0.8333333333333334,8.487777777777778
kpx_group_2,scada_zero_label_positive,2023-03-23 19:00:00,2023-03-23 23:00:00,5,0.26087251851851845,0.371622824074074,0.26087251851851845,0.0,0.7055555555555555,6.879094444444443
kpx_group_2,scada_zero_label_positive,2022-06-13 15:00:00,2022-06-13 19:00:00,5,0.2581941574074074,0.3374737037037037,0.2581941574074074,0.0,0.5666666666666667,6.612777777777778
kpx_group_1,scada_under_label,2023-12-09 11:00:00,2023-12-09 15:00:00,5,0.23514571296296297,0.3042924074074074,0.51893275,0.28378703703703695,0.8166666666666668,9.710738888888889
kpx_group_1,scada_under_label,2023-07-06 11:00:00,2023-07-06 15:00:00,5,0.2314108148148148,0.3823133333333334,0.4821052592592593,0.25069444444444444,0.888888888888889,8.752661111111111
kpx_group_1,scada_under_label,2022-08-09 21:00:00,2022-08-10 01:00:00,5,0.22750243518518518,0.3394892592592592,0.29528947222222224,0.067787037037037,0.8333333333333334,7.659444444444444
kpx_group_1,scada_under_label,2022-08-01 11:00:00,2022-08-01 15:00:00,5,0.21032631481481476,0.244680787037037,0.2808263148148148,0.07049999999999998,0.7777777777777778,7.35
kpx_group_1,scada_under_label,2022-08-01 21:00:00,2022-08-02 01:00:00,5,0.2078656111111111,0.2620375462962963,0.30720820370370366,0.09934259259259257,0.8333333333333334,7.458888888888888
kpx_group_1,scada_under_label,2022-07-14 04:00:00,2022-07-14 08:00:00,5,0.20723342592592586,0.3054074074074073,0.31002046296296293,0.10278703703703698,0.8333333333333334,7.581111111111111
kpx_group_1,scada_under_label,2022-06-26 13:00:00,2022-06-26 17:00:00,5,0.2067716388888889,0.2532373148148149,0.2950216388888889,0.08824999999999997,0.8333333333333334,7.1899999999999995
kpx_group_2,scada_under_label,2022-02-23 12:00:00,2022-02-23 16:00:00,5,0.20552114814814812,0.2910731018518518,0.2970304074074074,0.09150925925925919,0.8333333333333334,7.551666666666667
kpx_group_2,scada_under_label,2024-04-11 23:00:00,2024-04-12 03:00:00,5,0.2027210555555555,0.2650740740740741,0.4729988333333333,0.27027777777777773,0.8333333333333334,8.880761111111111
kpx_group_1,scada_under_label,2022-04-08 13:00:00,2022-04-08 17:00:00,5,0.18526511111111107,0.2327339351851851,0.43389474074074075,0.24862962962962962,0.8333333333333334,8.126111111111111
kpx_group_2,scada_under_label,2022-05-06 04:00:00,2022-05-06 08:00:00,5,0.17690340740740734,0.2703182407407407,0.8739497037037036,0.6970462962962963,0.9611111111111112,13.327222222222224
kpx_group_1,scada_under_label,2022-04-20 11:00:00,2022-04-20 15:00:00,5,0.17584803703703702,0.2747558333333333,0.36680174074074073,0.19095370370370368,0.9222222222222222,7.556666666666667
kpx_group_1,scada_under_label,2022-08-06 13:00:00,2022-08-06 17:00:00,5,0.1628337222222222,0.2465482407407407,0.27064853703703706,0.10781481481481478,0.8222222222222223,6.788333333333334
kpx_group_1,scada_under_label,2022-04-05 20:00:00,2022-04-06 00:00:00,5,0.1485784629629629,0.2488664814814815,0.7706988333333333,0.6221203703703704,0.8333333333333334,12.952222222222224
kpx_group_2,scada_under_label,2022-12-20 01:00:00,2022-12-20 05:00:00,5,0.12635301851851843,0.1298888888888888,0.9137233888888889,0.7873703703703703,0.9722222222222225,14.868888888888886
kpx_group_2,scada_under_label,2022-12-14 12:00:00,2022-12-14 16:00:00,5,0.12624122222222217,0.1282456018518518,0.9139912222222222,0.78775,0.9722222222222225,15.897222222222226
kpx_group_1,scada_under_label,2022-04-12 03:00:00,2022-04-12 07:00:00,5,0.1246779629629629,0.1273094444444443,0.8006964814814814,0.6760185185185186,0.8333333333333334,12.250555555555556
kpx_group_2,moderate_residual,2022-05-18 02:00:00,2022-05-18 06:00:00,5,0.10916453703703706,0.1176710648148148,0.7696275,0.6604629629629629,0.9555555555555557,12.84611111111111
kpx_group_1,moderate_residual,2022-03-27 10:00:00,2022-03-27 14:00:00,5,0.10008382407407398,0.1148786574074074,0.6468245648148148,0.5467407407407407,0.8333333333333334,10.596666666666668
kpx_group_2,moderate_residual,2023-01-04 18:00:00,2023-01-04 22:00:00,5,0.08771803703703698,0.101697361111111,0.43965322222222214,0.3519351851851852,0.8333333333333334,8.615827777777778
kpx_group_1,moderate_residual,2022-08-19 01:00:00,2022-08-19 05:00:00,5,0.08278646296296295,0.0984775925925925,0.4782216481481482,0.3954351851851852,0.6666666666666666,8.583333333333334
kpx_group_3,moderate_residual,2024-11-27 12:00:00,2024-11-27 16:00:00,5,0.08273704761904757,0.1091358571428571,0.56792,0.5599999999999999,0.9933333333333334,8.311666593333333
kpx_group_1,moderate_residual,2024-06-10 21:00:00,2024-06-11 01:00:00,5,0.08156763888888889,0.111512175925926,0.553215787037037,0.47164814814814804,0.8333333333333334,9.503183333333332
kpx_group_1,moderate_residual,2023-11-05 03:00:00,2023-11-05 07:00:00,5,0.08008303703703698,0.0924035185185185,0.08008303703703698,0.0,0.8222222222222223,5.010766666666667
kpx_group_1,moderate_residual,2024-06-11 03:00:00,2024-06-11 07:00:00,5,0.07687925,0.1082202777777778,0.45451813888888887,0.37763888888888886,0.8333333333333334,8.37245
kpx_group_1,moderate_residual,2022-03-26 21:00:00,2022-03-27 01:00:00,5,0.07097680555555548,0.1050755555555554,0.45438421296296294,0.3834074074074074,0.8333333333333334,8.680000000000001
kpx_group_2,moderate_residual,2023-06-03 14:00:00,2023-06-03 18:00:00,5,0.06887593518518512,0.083815324074074,0.24681112037037037,0.17793518518518514,0.888888888888889,6.3374999999999995
kpx_group_1,moderate_residual,2023-01-14 09:00:00,2023-01-14 13:00:00,5,0.06871374999999995,0.1058708796296296,0.1977970833333333,0.12908333333333327,0.8055555555555556,6.851438888888889
kpx_group_2,moderate_residual,2022-02-12 16:00:00,2022-02-12 20:00:00,5,0.06816432407407405,0.0930731018518518,0.06816432407407405,0.0,0.8222222222222223,4.965
kpx_group_1,moderate_residual,2023-10-24 11:00:00,2023-10-24 15:00:00,5,0.0678263055555555,0.0809068981481481,0.11543741666666663,0.04761111111111108,0.7666666666666667,5.341861111111111
kpx_group_2,moderate_residual,2024-03-18 02:00:00,2024-03-18 06:00:00,5,0.0674204629629629,0.0888104166666666,0.07847601851851849,0.01105555555555552,0.788888888888889,4.882444444444444
kpx_group_3,moderate_residual,2024-01-28 22:00:00,2024-01-29 02:00:00,5,0.06653263809523807,0.0956491428571428,0.5307290190476192,0.5238190476190476,0.9933333333333334,7.53466662
kpx_group_3,moderate_residual,2024-08-21 05:00:00,2024-08-21 09:00:00,5,0.06499087619047614,0.0728019999999999,0.26612211428571425,0.2847619047619047,0.8533333333333333,6.13286664
kpx_group_1,moderate_residual,2022-08-18 18:00:00,2022-08-18 22:00:00,5,0.06457573148148145,0.0955955092592592,0.18654795370370364,0.12197222222222218,0.6666666666666666,5.788333333333334
kpx_group_2,moderate_residual,2023-04-02 01:00:00,2023-04-02 05:00:00,5,0.06378118518518516,0.0883859722222222,0.10043859259259258,0.036657407407407375,0.7166666666666666,5.4052999999999995
kpx_group_1,moderate_residual,2022-01-23 03:00:00,2022-01-23 07:00:00,5,0.06343049999999996,0.1051242592592592,0.17449531481481478,0.11106481481481478,0.8333333333333334,5.82
kpx_group_1,moderate_residual,2022-12-25 10:00:00,2022-12-25 14:00:00,5,0.061979333333333296,0.1027553703703703,0.19712748148148146,0.1351481481481481,0.7777777777777778,6.150699999999999
kpx_group_2,moderate_residual,2023-06-23 04:00:00,2023-06-23 08:00:00,5,0.06157105555555552,0.0713659722222222,0.06843216666666664,0.00686111111111108,0.7666666666666667,4.529966666666667
kpx_group_2,moderate_residual,2024-05-29 07:00:00,2024-05-29 11:00:00,5,0.061057120370370296,0.1162392592592592,0.10298304629629622,0.04192592592592588,0.7444444444444444,4.972916666666666
kpx_group_1,moderate_residual,2022-04-11 09:00:00,2022-04-11 13:00:00,5,0.06031072222222218,0.108873287037037,0.35782924074074074,0.29751851851851857,0.8333333333333334,7.638333333333333
kpx_group_1,moderate_residual,2023-03-19 14:00:00,2023-03-19 18:00:00,5,0.06016393518518516,0.0924035185185185,0.09012689814814812,0.02996296296296296,0.7444444444444445,4.954911111111111
kpx_group_1,moderate_residual,2022-07-20 11:00:00,2022-07-20 15:00:00,5,0.060111499999999964,0.0997850925925925,0.07981520370370365,0.01970370370370366,0.6944444444444444,4.742222222222223
kpx_group_2,moderate_residual,2023-11-26 11:00:00,2023-11-26 15:00:00,5,0.059913444444444394,0.0736549537037037,0.09213566666666664,0.032222222222222194,0.7611111111111112,5.049016666666667
kpx_group_2,moderate_residual,2024-03-27 21:00:00,2024-03-28 01:00:00,5,0.05975204629629623,0.1014108333333333,0.3827380092592592,0.3366666666666666,0.8722222222222223,7.819483333333333
kpx_group_3,moderate_residual,2023-10-04 18:00:00,2023-10-04 22:00:00,5,0.05974526666666667,0.118438619047619,0.6260481238095238,0.635647619047619,1.0,9.1084666
kpx_group_3,moderate_residual,2023-01-04 17:00:00,2023-01-04 21:00:00,5,0.05963739999999992,0.0882035238095237,0.4560715714285714,0.4536095238095238,0.9933333333333334,7.214133306666666
kpx_group_3,moderate_residual,2023-07-15 09:00:00,2023-07-15 13:00:00,5,0.058849123809523764,0.0775158095238095,0.4489088761904762,0.4709714285714286,1.0,7.845866600000001
kpx_group_1,moderate_residual,2022-07-19 14:00:00,2022-07-19 18:00:00,5,0.05793606481481477,0.0854731944444444,0.07780643518518517,0.019870370370370323,0.7055555555555555,4.8116666666666665
kpx_group_1,moderate_residual,2022-01-25 16:00:00,2022-01-25 20:00:00,5,0.057584787037037,0.0823596296296296,0.057584787037037,0.0,0.1666666666666666,8.927222222222222
kpx_group_1,moderate_residual,2024-06-08 07:00:00,2024-06-08 11:00:00,5,0.05465351851851846,0.0676184259259259,0.3214035185185185,0.26674999999999993,0.8277777777777778,7.431905555555555
kpx_group_1,moderate_residual,2024-06-09 04:00:00,2024-06-09 08:00:00,5,0.053856833333333284,0.0768036111111111,0.33064387037037035,0.276787037037037,0.8277777777777778,7.510855555555556
kpx_group_2,moderate_residual,2024-10-27 22:00:00,2024-10-28 02:00:00,5,0.053791620370370316,0.0736184259259259,0.08543976851851846,0.03164814814814811,0.8055555555555556,4.726811111111111
kpx_group_2,moderate_residual,2023-02-10 01:00:00,2023-02-10 05:00:00,5,0.05365907407407404,0.0662894907407407,0.05932574074074072,0.00566666666666666,0.49444444444444446,5.027627777777777
kpx_group_3,moderate_residual,2023-03-12 13:00:00,2023-03-12 17:00:00,5,0.052183666666666594,0.069143380952381,0.6841762380952381,0.6656380952380953,0.8666666666666668,13.882466666666668
kpx_group_3,moderate_residual,2023-01-18 18:00:00,2023-01-18 22:00:00,5,0.051595790476190465,0.0780671904761905,0.4242526285714286,0.4353142857142858,0.96,7.187333286666666
kpx_group_2,moderate_residual,2024-11-15 20:00:00,2024-11-16 00:00:00,5,0.05045427777777774,0.0783420833333333,0.06883390740740739,0.0183796296296296,0.711111111111111,4.884572222222222
kpx_group_1,moderate_residual,2022-03-29 14:00:00,2022-03-29 18:00:00,5,0.04852143518518512,0.064246574074074,0.2551140277777778,0.20659259259259258,0.8333333333333334,6.747222222222223
kpx_group_2,moderate_residual,2023-11-10 11:00:00,2023-11-10 15:00:00,5,0.0483281759259259,0.06902,0.12561521296296294,0.077287037037037,0.8277777777777778,5.378722222222223
kpx_group_1,moderate_residual,2022-07-15 16:00:00,2022-07-15 20:00:00,5,0.04825409259259254,0.0674873148148148,0.087448537037037,0.03919444444444441,0.788888888888889,5.156111111111111
kpx_group_3,moderate_residual,2024-03-22 01:00:00,2024-03-22 05:00:00,5,0.047199809523809484,0.0714205714285714,0.2805852571428571,0.2752380952380952,0.9133333333333333,6.057199986666666
kpx_group_3,moderate_residual,2024-07-06 08:00:00,2024-07-06 12:00:00,5,0.046525323809523754,0.092804,0.34697804761904766,0.31333333333333335,0.6866666666666668,8.358916613333331
kpx_group_2,moderate_residual,2024-05-07 06:00:00,2024-05-07 10:00:00,5,0.04617807407407404,0.0829619907407407,0.09548362962962957,0.049305555555555526,0.6833333333333332,4.9302777777777775
kpx_group_2,moderate_residual,2022-06-13 09:00:00,2022-06-13 13:00:00,5,0.046030796296296236,0.0706262037037037,0.0587900555555555,0.01275925925925922,0.6611111111111112,4.650555555555555
kpx_group_2,moderate_residual,2022-10-12 06:00:00,2022-10-12 10:00:00,5,0.04579999999999996,0.0696374074074074,0.04579999999999996,0.0,0.48888888888888893,4.642777777777778
kpx_group_2,moderate_residual,2022-06-22 19:00:00,2022-06-22 23:00:00,5,0.04479307407407405,0.0602631481481481,0.0666912222222222,0.02189814814814814,0.7277777777777779,4.885
kpx_group_2,moderate_residual,2023-04-25 21:00:00,2023-04-26 01:00:00,5,0.04389522222222218,0.0545365277777777,0.29194151851851846,0.24804629629629624,0.8055555555555557,7.405372222222222
kpx_group_3,moderate_residual,2023-11-01 13:00:00,2023-11-01 17:00:00,5,0.04210355238095235,0.0451037619047619,0.42425263809523805,0.43056190476190476,0.9466666666666667,7.826849945000001
kpx_group_2,moderate_residual,2022-06-12 02:00:00,2022-06-12 06:00:00,5,0.04017543518518514,0.0569151851851851,0.04017543518518514,0.0,0.7333333333333334,4.378333333333333
kpx_group_1,moderate_residual,2023-05-18 14:00:00,2023-05-18 18:00:00,5,0.039914212962962915,0.0557938425925925,0.18815495370370366,0.14824074074074073,0.8666666666666668,5.796738888888888
kpx_group_2,moderate_residual,2022-07-27 02:00:00,2022-07-27 06:00:00,5,0.039367453703703634,0.0475409259259259,0.06294152777777773,0.02357407407407406,0.5777777777777777,4.948333333333333
kpx_group_3,low_online_label_positive,2023-04-30 04:00:00,2023-04-30 08:00:00,5,0.015586066666666617,0.0274160476190475,0.27617745714285713,0.2715333333333333,0.2866666666666667,14.535199999999998
kpx_group_3,low_online_label_positive,2023-03-16 02:00:00,2023-03-16 06:00:00,5,0.013620857142857079,0.0324922380952381,0.2621275238095238,0.2508952380952381,0.4000000000000001,8.85713329333333
kpx_group_3,low_online_label_positive,2024-05-16 12:00:00,2024-05-16 16:00:00,5,0.01329944761904756,0.035289238095238,0.20647879999999996,0.20476190476190476,0.49333333333333335,6.329799963888889
kpx_group_2,scada_under_label,2024-05-16 07:00:00,2024-05-16 10:00:00,4,0.5176582754629631,0.5693284722222223,0.6580402199074074,0.1403819444444444,0.8611111111111112,11.021604166666668
kpx_group_1,scada_under_label,2022-12-03 10:00:00,2022-12-03 13:00:00,4,0.5168053125,0.6326919907407408,0.745254386574074,0.22844907407407405,0.8333333333333334,13.039583333333335
kpx_group_1,scada_zero_label_positive,2022-10-10 22:00:00,2022-10-11 01:00:00,4,0.5130738310185186,0.6207105092592593,0.5130738310185186,0.0,0.5555555555555556,17.114583333333332
kpx_group_3,scada_zero_label_positive,2024-12-23 11:00:00,2024-12-23 14:00:00,4,0.5038000119047619,0.5695729523809523,0.5038000119047619,0.0,0.6,10.113298576388889
kpx_group_1,scada_under_label,2023-11-07 09:00:00,2023-11-07 12:00:00,4,0.4962647453703703,0.6395005092592593,0.7757207638888889,0.2794560185185185,0.888888888888889,13.641951388888888
kpx_group_1,scada_zero_label_positive,2022-08-08 00:00:00,2022-08-08 03:00:00,4,0.45565643518518517,0.5035321759259259,0.45565643518518517,0.0,0.6666666666666666,10.43125
kpx_group_1,scada_under_label,2022-09-04 19:00:00,2022-09-04 22:00:00,4,0.4415469097222222,0.549385462962963,0.6240584837962964,0.18251157407407403,0.8333333333333334,10.735416666666667
kpx_group_2,scada_under_label,2024-12-23 13:00:00,2024-12-23 16:00:00,4,0.43871126157407403,0.535024861111111,0.6399612615740741,0.20124999999999996,0.8472222222222223,10.88422222222222
kpx_group_2,scada_zero_label_positive,2023-11-07 04:00:00,2023-11-07 07:00:00,4,0.4362382986111111,0.6314239814814815,0.4362382986111111,0.0,0.6736111111111112,22.973354166666663
kpx_group_2,scada_under_label,2023-11-18 06:00:00,2023-11-18 09:00:00,4,0.4297741203703704,0.6816734722222223,0.8292880092592594,0.3995138888888889,0.9027777777777778,14.790652777777778
kpx_group_1,scada_under_label,2022-08-11 14:00:00,2022-08-11 17:00:00,4,0.39256041666666663,0.4417982407407408,0.5237872685185185,0.13122685185185184,0.8333333333333334,9.686805555555555
kpx_group_1,scada_under_label,2022-11-30 07:00:00,2022-11-30 10:00:00,4,0.39242506944444444,0.5697305092592593,0.5950986805555556,0.2026736111111111,0.8611111111111112,10.825
kpx_group_1,scada_under_label,2024-12-02 17:00:00,2024-12-02 20:00:00,4,0.3834477314814815,0.606462962962963,0.7434130092592592,0.35996527777777776,0.8541666666666667,12.37367361111111
kpx_group_2,scada_under_label,2024-07-17 14:00:00,2024-07-17 17:00:00,4,0.38330738425925925,0.5085731018518518,0.682647662037037,0.2993402777777777,0.8472222222222223,13.205152777777778
kpx_group_1,scada_under_label,2022-12-23 22:00:00,2022-12-24 01:00:00,4,0.3818446527777778,0.5443040740740741,0.5003515972222221,0.1185069444444444,0.6666666666666666,11.231145833333333
kpx_group_1,scada_under_label,2023-04-20 12:00:00,2023-04-20 15:00:00,4,0.38043202546296295,0.4110219444444445,0.614182025462963,0.23374999999999996,0.8819444444444445,10.386243055555555
kpx_group_2,scada_under_label,2022-02-19 18:00:00,2022-02-19 21:00:00,4,0.3639298263888889,0.5128367592592593,0.5087214930555556,0.14479166666666662,0.8333333333333334,9.378472222222221
kpx_group_1,scada_under_label,2024-11-12 06:00:00,2024-11-12 09:00:00,4,0.3234945138888889,0.3852977777777778,0.7000570138888889,0.3765625,0.8819444444444444,10.1699375
kpx_group_1,scada_under_label,2024-12-07 09:00:00,2024-12-07 12:00:00,4,0.3137414814814814,0.3887134722222222,0.5917507407407407,0.2780092592592592,0.8541666666666667,9.769083333333333
kpx_group_2,scada_under_label,2022-02-24 13:00:00,2022-02-24 16:00:00,4,0.31358747685185173,0.4513815740740741,0.6794671064814815,0.3658796296296296,0.8611111111111112,10.995833333333332
kpx_group_1,scada_under_label,2023-01-13 06:00:00,2023-01-13 09:00:00,4,0.31266239583333333,0.5332363425925927,0.5360073032407408,0.22334490740740737,0.8333333333333334,10.12407638888889
kpx_group_1,scada_under_label,2022-12-20 02:00:00,2022-12-20 05:00:00,4,0.3079751388888889,0.5760141203703704,0.7767251388888889,0.46875,0.8125000000000001,13.433576388888888
kpx_group_2,scada_under_label,2023-07-06 17:00:00,2023-07-06 20:00:00,4,0.307707349537037,0.4345073148148148,0.5956008680555556,0.28789351851851847,0.6944444444444444,10.109680555555556
kpx_group_1,scada_zero_label_positive,2023-01-16 17:00:00,2023-01-16 20:00:00,4,0.304663738425926,0.3863537962962963,0.304663738425926,0.0,0.763888888888889,8.434041666666667
kpx_group_2,scada_under_label,2023-11-28 22:00:00,2023-11-29 01:00:00,4,0.2938813425925925,0.3566164814814814,0.6163581944444445,0.3224768518518518,0.8472222222222223,11.061993055555554
kpx_group_1,scada_under_label,2024-11-20 06:00:00,2024-11-20 09:00:00,4,0.2922019907407407,0.5266983333333334,0.5509056944444445,0.25870370370370366,0.8611111111111112,9.038291666666668
kpx_group_2,scada_under_label,2024-07-17 19:00:00,2024-07-17 22:00:00,4,0.28538596064814814,0.4060214351851852,0.4891359606481481,0.20375,0.8402777777777779,9.716236111111112
kpx_group_2,scada_zero_label_positive,2023-12-17 14:00:00,2023-12-17 17:00:00,4,0.28524562499999995,0.3214035185185185,0.28524562499999995,0.0,0.5555555555555556,11.683583333333331
kpx_group_1,scada_under_label,2024-07-21 06:00:00,2024-07-21 09:00:00,4,0.28335892361111104,0.3676871296296295,0.6896783680555556,0.4063194444444444,0.8402777777777779,17.294048611111112
kpx_group_1,scada_under_label,2022-08-02 04:00:00,2022-08-02 07:00:00,4,0.28258589120370364,0.4474230092592592,0.34567616898148146,0.06309027777777776,0.8333333333333334,7.9375
kpx_group_2,scada_under_label,2023-05-01 11:00:00,2023-05-01 14:00:00,4,0.27189533564814816,0.3137948148148148,0.44410598379629623,0.17221064814814813,0.8541666666666667,8.2490625
kpx_group_2,scada_under_label,2024-09-05 11:00:00,2024-09-05 14:00:00,4,0.2670726041666666,0.4460292592592593,0.46084575231481484,0.19377314814814817,0.8402777777777779,9.07675
kpx_group_3,scada_under_label,2024-01-14 01:00:00,2024-01-14 04:00:00,4,0.2555394761904762,0.338196,0.9986466190476191,0.743107142857143,0.95,13.941083333333333
kpx_group_2,scada_zero_label_positive,2022-02-08 19:00:00,2022-02-08 22:00:00,4,0.24892031249999996,0.4037631481481481,0.24892031249999996,0.0,0.6597222222222221,7.102083333333333
kpx_group_2,scada_zero_label_positive,2022-12-24 05:00:00,2022-12-24 08:00:00,4,0.24473537037037033,0.3702836111111111,0.24473537037037033,0.0,0.7708333333333334,6.963659722222222
kpx_group_1,scada_under_label,2022-07-31 15:00:00,2022-07-31 18:00:00,4,0.24254045138888886,0.4126413425925925,0.329438599537037,0.08689814814814813,0.8333333333333334,7.654861111111111
kpx_group_1,scada_under_label,2022-03-05 17:00:00,2022-03-05 20:00:00,4,0.22778119212962955,0.2734990277777777,0.5075497106481481,0.27976851851851847,0.6875,10.2625
kpx_group_1,scada_zero_label_positive,2022-10-18 00:00:00,2022-10-18 03:00:00,4,0.22381067129629628,0.3200643055555555,0.22381067129629628,0.0,0.8333333333333334,6.543055555555556
kpx_group_1,scada_under_label,2022-08-04 12:00:00,2022-08-04 15:00:00,4,0.21150621527777774,0.3204327314814814,0.35605482638888886,0.14454861111111106,0.8333333333333334,7.534027777777778
kpx_group_2,scada_under_label,2024-08-02 04:00:00,2024-08-02 07:00:00,4,0.207769849537037,0.29802875,0.3825036458333333,0.17473379629629626,0.8333333333333334,8.639173611111111
kpx_group_2,scada_under_label,2024-12-26 20:00:00,2024-12-26 23:00:00,4,0.20539839120370368,0.2285019444444445,0.6319261689814816,0.42652777777777773,0.8333333333333334,11.147819444444442
kpx_group_2,scada_under_label,2022-03-10 14:00:00,2022-03-10 17:00:00,4,0.2045376504629629,0.3063055555555555,0.5063779282407407,0.3018402777777778,0.8402777777777778,8.880555555555556
kpx_group_2,scada_under_label,2023-07-26 05:00:00,2023-07-26 08:00:00,4,0.19837962962962957,0.2169293518518518,0.6202083333333333,0.4218287037037037,0.8333333333333334,10.704937500000002
kpx_group_2,scada_under_label,2022-05-04 05:00:00,2022-05-04 08:00:00,4,0.19776108796296288,0.2701388888888889,0.9084671064814813,0.7107060185185186,0.9583333333333335,16.129166666666666
kpx_group_3,scada_zero_label_positive,2024-02-18 13:00:00,2024-02-18 16:00:00,4,0.19318646428571423,0.2555158095238095,0.19318646428571423,0.0,0.6916666666666667,5.3184375
kpx_group_2,scada_under_label,2022-05-03 20:00:00,2022-05-03 23:00:00,4,0.19108809027777776,0.2664746759259259,0.8836922569444444,0.6926041666666667,0.9583333333333335,15.565277777777776
kpx_group_2,scada_under_label,2023-04-15 16:00:00,2023-04-15 19:00:00,4,0.1905405671296296,0.2524639351851852,0.2557836226851851,0.06524305555555553,0.8194444444444445,6.327270833333333
kpx_group_1,scada_under_label,2022-01-27 01:00:00,2022-01-27 04:00:00,4,0.18980104166666664,0.2661491203703703,0.36208113425925925,0.17228009259259255,0.8333333333333334,7.669444444444444
kpx_group_2,scada_under_label,2022-05-20 07:00:00,2022-05-20 10:00:00,4,0.18547806712962964,0.2428737962962963,0.7233252893518518,0.5378472222222223,0.9513888888888891,10.840277777777777
kpx_group_2,scada_zero_label_positive,2024-03-24 07:00:00,2024-03-24 10:00:00,4,0.18444787037037033,0.2524356944444444,0.1894941666666666,0.005046296296296275,0.6874999999999999,6.604027777777778
kpx_group_2,scada_under_label,2023-07-26 00:00:00,2023-07-26 03:00:00,4,0.18271003472222222,0.2217631481481482,0.540024849537037,0.35731481481481475,0.8333333333333334,9.625333333333334
kpx_group_3,scada_under_label,2024-03-15 03:00:00,2024-03-15 06:00:00,4,0.17962330952380956,0.2040170476190477,0.9867661666666667,0.8071428571428572,0.9666666666666668,16.412083333333335
kpx_group_1,scada_under_label,2024-09-05 08:00:00,2024-09-05 11:00:00,4,0.17873525462962958,0.2209054629629629,0.48059868055555566,0.3018634259259259,0.8541666666666666,8.718819444444444
kpx_group_1,scada_under_label,2022-08-19 10:00:00,2022-08-19 13:00:00,4,0.17629410879629628,0.1935097685185185,0.5529144791666667,0.3766203703703703,0.6666666666666666,9.571527777777778
kpx_group_1,scada_under_label,2022-08-13 09:00:00,2022-08-13 12:00:00,4,0.17300390046296293,0.2089951388888888,0.34969371527777776,0.17668981481481477,0.8333333333333334,7.948611111111111
kpx_group_1,scada_under_label,2022-04-06 12:00:00,2022-04-06 15:00:00,4,0.17066837962962958,0.2711978703703703,0.4827748611111111,0.31210648148148146,0.8333333333333334,8.44236111111111
kpx_group_3,scada_under_label,2024-01-02 06:00:00,2024-01-02 09:00:00,4,0.1705122857142857,0.1875930000000001,0.9766075238095238,0.8060952380952381,0.9666666666666668,15.852166666666665
kpx_group_3,scada_under_label,2024-11-29 08:00:00,2024-11-29 11:00:00,4,0.1691646666666666,0.1890636666666666,0.9798789523809524,0.8107142857142857,0.9583333333333334,14.523833333333334
kpx_group_1,scada_under_label,2022-08-02 14:00:00,2022-08-02 17:00:00,4,0.16697319444444442,0.243267037037037,0.24088523148148147,0.07391203703703697,0.826388888888889,6.938888888888889
kpx_group_1,scada_under_label,2022-12-20 17:00:00,2022-12-20 20:00:00,4,0.166373912037037,0.1963016666666666,0.3193947453703703,0.15302083333333333,0.8333333333333334,7.552645833333332
kpx_group_1,scada_under_label,2022-12-24 18:00:00,2022-12-24 21:00:00,4,0.16592751157407404,0.1998094444444444,0.30834649305555556,0.14241898148148147,0.7708333333333334,7.824027777777777
kpx_group_2,scada_under_label,2024-06-19 03:00:00,2024-06-19 06:00:00,4,0.1646358333333333,0.2103991203703703,0.254277037037037,0.08964120370370365,0.8402777777777779,6.366124999999999
kpx_group_3,scada_under_label,2024-01-05 00:00:00,2024-01-05 03:00:00,4,0.16374436904761902,0.1813378571428572,0.9719586547619048,0.8082142857142858,0.9666666666666668,16.470749991666665
kpx_group_2,scada_zero_label_positive,2022-08-31 08:00:00,2022-08-31 11:00:00,4,0.1633801157407407,0.2082426851851852,0.1633801157407407,0.0,0.7916666666666667,5.888888888888888
kpx_group_3,scada_under_label,2023-12-20 18:00:00,2023-12-20 21:00:00,4,0.16283120238095236,0.1670245714285714,0.9705812023809524,0.80775,0.9666666666666668,12.981333308333333
kpx_group_2,scada_under_label,2024-04-20 15:00:00,2024-04-20 18:00:00,4,0.162414224537037,0.2431003703703703,0.2199605208333333,0.05754629629629622,0.763888888888889,6.698493055555557
kpx_group_2,scada_under_label,2022-04-25 00:00:00,2022-04-25 03:00:00,4,0.16237231481481484,0.2571364351851852,0.8793399074074075,0.7169675925925926,0.9652777777777779,13.209027777777779
kpx_group_2,scada_under_label,2022-11-26 01:00:00,2022-11-26 04:00:00,4,0.15643811342592587,0.2513552777777778,0.9007668171296297,0.7443287037037037,0.9652777777777779,16.08958333333333
kpx_group_1,scada_under_label,2022-12-22 03:00:00,2022-12-22 06:00:00,4,0.1499233680555555,0.2288352777777778,0.7388932754629629,0.5889699074074074,0.8333333333333334,12.258166666666666
kpx_group_2,scada_zero_label_positive,2022-01-25 22:00:00,2022-01-26 01:00:00,4,0.14613815972222216,0.1955204629629629,0.14613815972222216,0.0,0.22916666666666663,10.748611111111112
kpx_group_1,scada_zero_label_positive,2022-06-09 04:00:00,2022-06-09 07:00:00,4,0.14379459490740737,0.1740935648148148,0.14379459490740737,0.0,0.6458333333333333,6.20625
kpx_group_1,scada_under_label,2022-08-04 22:00:00,2022-08-05 01:00:00,4,0.14327447916666664,0.1604985185185184,0.22983697916666665,0.08656249999999995,0.8333333333333334,6.91875
kpx_group_2,scada_under_label,2022-12-14 18:00:00,2022-12-14 21:00:00,4,0.12752813657407408,0.1288747685185184,0.9272156365740741,0.7996874999999999,0.9722222222222224,15.633333333333331
kpx_group_1,scada_under_label,2022-04-11 05:00:00,2022-04-11 08:00:00,4,0.1252303819444443,0.1264985185185184,0.8092002893518517,0.6839699074074074,0.8333333333333334,13.043055555555556
kpx_group_1,scada_under_label,2022-04-11 22:00:00,2022-04-12 01:00:00,4,0.1231717824074074,0.1245984259259259,0.7994912268518518,0.6763194444444445,0.8333333333333334,12.14722222222222
kpx_group_2,moderate_residual,2022-12-06 13:00:00,2022-12-06 16:00:00,4,0.1150703009259259,0.1197397685185185,0.8584152083333334,0.7433449074074074,0.9722222222222223,13.231944444444443
kpx_group_2,scada_zero_label_positive,2024-01-25 04:00:00,2024-01-25 07:00:00,4,0.11265862268518514,0.1191871296296296,0.11265862268518514,0.0,0.1666666666666666,10.324326388888888
kpx_group_2,moderate_residual,2022-05-04 13:00:00,2022-05-04 16:00:00,4,0.10864424768518517,0.1115999074074074,0.7571396180555556,0.6484953703703704,0.9722222222222224,11.768055555555554
kpx_group_2,moderate_residual,2022-05-05 22:00:00,2022-05-06 01:00:00,4,0.09825474537037032,0.1082392592592592,0.6578728009259259,0.5596180555555557,0.9722222222222223,10.031944444444445
kpx_group_2,moderate_residual,2022-02-19 14:00:00,2022-02-19 17:00:00,4,0.09612814814814812,0.1109624537037037,0.1841374074074074,0.08800925925925919,0.826388888888889,6.442361111111111
kpx_group_2,moderate_residual,2022-11-14 15:00:00,2022-11-14 18:00:00,4,0.09484393518518512,0.1026169444444444,0.2680036574074074,0.1731597222222222,0.8333333333333334,6.860416666666666
kpx_group_2,moderate_residual,2024-01-13 07:00:00,2024-01-13 10:00:00,4,0.08489596064814812,0.0967163888888889,0.3429978125,0.2581018518518518,0.7986111111111112,7.033604166666667
kpx_group_1,moderate_residual,2022-09-05 15:00:00,2022-09-05 18:00:00,4,0.08464753472222217,0.0983513425925926,0.1519970717592592,0.067349537037037,0.7986111111111113,6.464583333333334
kpx_group_1,moderate_residual,2024-01-25 02:00:00,2024-01-25 05:00:00,4,0.08302924768518512,0.0950818518518518,0.08302924768518512,0.0,0.2708333333333333,9.520513888888889
kpx_group_1,moderate_residual,2024-07-22 11:00:00,2024-07-22 14:00:00,4,0.08177704861111107,0.106585787037037,0.49281871527777776,0.41104166666666664,0.8333333333333334,9.350840277777777
kpx_group_2,moderate_residual,2022-07-21 05:00:00,2022-07-21 08:00:00,4,0.08169005787037031,0.0970906481481481,0.08169005787037031,0.0,0.5833333333333333,5.103472222222222
kpx_group_1,moderate_residual,2022-11-08 23:00:00,2022-11-09 02:00:00,4,0.0815078009259259,0.0957154166666666,0.4894707638888889,0.4079629629629629,0.8333333333333334,8.600694444444445
kpx_group_1,moderate_residual,2022-07-14 11:00:00,2022-07-14 14:00:00,4,0.08105495370370365,0.1015477777777777,0.11064986111111105,0.029594907407407375,0.7430555555555556,5.277083333333334
kpx_group_2,moderate_residual,2023-04-01 20:00:00,2023-04-01 23:00:00,4,0.0805182754629629,0.0997690277777777,0.0805182754629629,0.0,0.6388888888888888,5.164145833333333
kpx_group_1,moderate_residual,2022-03-27 21:00:00,2022-03-28 00:00:00,4,0.07828861111111107,0.1100297222222222,0.30834648148148147,0.23005787037037037,0.8333333333333334,7.575694444444444
kpx_group_1,moderate_residual,2024-01-25 13:00:00,2024-01-25 16:00:00,4,0.07599854166666663,0.0977602314814814,0.07599854166666663,0.0,0.625,6.182569444444445
kpx_group_2,moderate_residual,2022-07-30 17:00:00,2022-07-30 20:00:00,4,0.07532894675925922,0.0964210648148148,0.07532894675925922,0.0,0.5694444444444444,5.0874999999999995
kpx_group_2,moderate_residual,2024-01-01 17:00:00,2024-01-01 20:00:00,4,0.07512085648148145,0.0862397685185185,0.12521344907407403,0.05009259259259255,0.7083333333333334,7.7960972222222225
kpx_group_1,moderate_residual,2022-07-11 11:00:00,2022-07-11 14:00:00,4,0.0749243518518518,0.1124395833333333,0.1273896296296296,0.05246527777777772,0.826388888888889,5.635416666666666
kpx_group_1,moderate_residual,2022-12-21 05:00:00,2022-12-21 08:00:00,4,0.07417518518518515,0.0858318518518518,0.41012425925925927,0.33594907407407404,0.8333333333333334,8.657590277777778
kpx_group_1,moderate_residual,2022-09-05 10:00:00,2022-09-05 13:00:00,4,0.07297246527777772,0.0956647222222222,0.13257894675925924,0.059606481481481455,0.7430555555555556,5.790277777777778
kpx_group_1,moderate_residual,2022-12-24 22:00:00,2022-12-25 01:00:00,4,0.0716369444444444,0.0963888888888888,0.35471564814814815,0.2830787037037037,0.8333333333333334,7.738368055555555
kpx_group_2,moderate_residual,2022-07-14 00:00:00,2022-07-14 03:00:00,4,0.07084673611111107,0.0811452314814814,0.46955043981481476,0.39870370370370367,0.8333333333333334,9.697916666666668
kpx_group_1,moderate_residual,2022-07-13 16:00:00,2022-07-13 19:00:00,4,0.0708018981481481,0.1186281481481481,0.11684356481481481,0.04604166666666662,0.8194444444444445,5.779861111111111
kpx_group_3,moderate_residual,2023-08-28 06:00:00,2023-08-28 09:00:00,4,0.07059399999999996,0.0860902380952381,0.07059399999999996,0.0,0.7250000000000001,4.16375
kpx_group_1,moderate_residual,2022-04-01 23:00:00,2022-04-02 02:00:00,4,0.070398761574074,0.0876155092592592,0.19786403935185182,0.12746527777777772,0.8333333333333334,6.498611111111111
kpx_group_1,moderate_residual,2022-12-04 19:00:00,2022-12-04 22:00:00,4,0.07027363425925923,0.0988118981481481,0.28106067129629625,0.210787037037037,0.8333333333333334,7.149305555555555
kpx_group_1,moderate_residual,2022-07-08 09:00:00,2022-07-08 12:00:00,4,0.06998149305555552,0.1055165740740741,0.31169445601851853,0.2417129629629629,0.6666666666666666,8.976388888888888
kpx_group_2,moderate_residual,2023-10-10 04:00:00,2023-10-10 07:00:00,4,0.06970285879629626,0.1178323611111111,0.24841813657407405,0.17871527777777774,0.8819444444444444,6.278729166666667
kpx_group_1,moderate_residual,2022-04-15 21:00:00,2022-04-16 00:00:00,4,0.06949804398148142,0.1042290277777778,0.11299341435185184,0.04349537037037035,0.8125000000000001,5.727083333333333
kpx_group_1,moderate_residual,2022-12-09 03:00:00,2022-12-09 06:00:00,4,0.06864520833333328,0.0779892592592592,0.4000803935185185,0.33143518518518517,0.8333333333333334,8.122916666666667
kpx_group_3,moderate_residual,2023-06-28 00:00:00,2023-06-28 03:00:00,4,0.06861916666666665,0.1184801904761905,0.5311766904761904,0.521797619047619,0.8583333333333334,9.108666658333334
kpx_group_2,moderate_residual,2022-11-19 09:00:00,2022-11-19 12:00:00,4,0.06858710648148143,0.0912612037037037,0.11165423611111105,0.0430671296296296,0.6458333333333333,5.093055555555555
kpx_group_2,moderate_residual,2022-11-03 14:00:00,2022-11-03 17:00:00,4,0.067688599537037,0.0916856944444444,0.300813599537037,0.233125,0.8472222222222222,7.25625
kpx_group_2,moderate_residual,2022-07-22 00:00:00,2022-07-22 03:00:00,4,0.06729385416666664,0.0897251388888888,0.06729385416666664,0.0,0.6527777777777777,4.908333333333333
kpx_group_1,moderate_residual,2022-04-11 18:00:00,2022-04-11 21:00:00,4,0.06727399305555552,0.1050341203703704,0.5339985300925926,0.466724537037037,0.8333333333333334,9.140277777777778
kpx_group_2,moderate_residual,2022-07-29 21:00:00,2022-07-30 00:00:00,4,0.06656687499999994,0.0767733796296296,0.07097659722222217,0.0044097222222222,0.4722222222222222,4.549305555555555
kpx_group_2,moderate_residual,2024-10-14 21:00:00,2024-10-15 00:00:00,4,0.0662509722222222,0.0858381944444444,0.3426630092592592,0.276412037037037,0.8333333333333334,7.923201388888889
kpx_group_3,moderate_residual,2024-03-01 00:00:00,2024-03-01 03:00:00,4,0.06612153571428565,0.1122536190476189,0.5036278214285713,0.47866666666666663,0.8166666666666668,9.243083291666666
kpx_group_1,moderate_residual,2022-07-07 06:00:00,2022-07-07 09:00:00,4,0.06572223379629627,0.1024264351851852,0.20037501157407403,0.13465277777777773,0.6666666666666666,7.263888888888888
kpx_group_2,moderate_residual,2024-10-17 19:00:00,2024-10-17 22:00:00,4,0.06555471064814809,0.0791257407407407,0.12755702546296294,0.062002314814814746,0.8472222222222223,5.773527777777778
kpx_group_1,moderate_residual,2024-07-07 23:00:00,2024-07-08 02:00:00,4,0.06500244212962958,0.0787875462962962,0.4193311458333333,0.3543287037037037,0.8333333333333334,8.419659722222223
kpx_group_2,moderate_residual,2024-07-04 07:00:00,2024-07-04 10:00:00,4,0.06499731481481474,0.0692972685185184,0.4054371296296296,0.34043981481481483,0.826388888888889,9.23792361111111
kpx_group_2,moderate_residual,2023-03-26 21:00:00,2023-03-27 00:00:00,4,0.0649073958333333,0.0933031018518518,0.12722221064814812,0.062314814814814774,0.763888888888889,6.048354166666667
kpx_group_1,moderate_residual,2022-07-18 06:00:00,2022-07-18 09:00:00,4,0.06475755787037032,0.0872144444444444,0.12471126157407404,0.059953703703703676,0.7847222222222223,5.736111111111111
kpx_group_3,moderate_residual,2024-02-16 20:00:00,2024-02-16 23:00:00,4,0.06395588095238092,0.1152651428571428,0.5222233095238095,0.5653571428571428,0.9916666666666667,7.889083291666667
kpx_group_2,moderate_residual,2024-01-25 08:00:00,2024-01-25 11:00:00,4,0.0637785185185185,0.0682982407407407,0.0637785185185185,0.0,0.26388888888888884,8.959395833333332
kpx_group_2,moderate_residual,2024-07-18 14:00:00,2024-07-18 17:00:00,4,0.06264754629629622,0.0969897685185184,0.45816740740740736,0.41792824074074075,0.9236111111111112,8.956819444444445
kpx_group_2,moderate_residual,2023-06-22 06:00:00,2023-06-22 09:00:00,4,0.06258150462962958,0.0862738888888888,0.2906023379629629,0.22802083333333328,0.6666666666666666,6.176902777777778
kpx_group_2,moderate_residual,2023-02-10 22:00:00,2023-02-11 01:00:00,4,0.06256249999999995,0.0771876388888888,0.16856944444444438,0.10600694444444439,0.7847222222222223,5.910666666666667
kpx_group_3,moderate_residual,2024-11-20 05:00:00,2024-11-20 08:00:00,4,0.06232480952380947,0.074102238095238,0.5654405952380952,0.530952380952381,0.875,7.964916624999999
kpx_group_2,moderate_residual,2023-11-22 13:00:00,2023-11-22 16:00:00,4,0.06228508101851845,0.0773713425925925,0.22749341435185183,0.1652083333333333,0.8333333333333334,7.035055555555556
kpx_group_1,moderate_residual,2022-08-22 15:00:00,2022-08-22 18:00:00,4,0.0619705092592592,0.1113313888888888,0.21694736111111107,0.15497685185185184,0.6666666666666666,6.000694444444445
kpx_group_2,moderate_residual,2024-06-20 21:00:00,2024-06-21 00:00:00,4,0.0615940393518518,0.0903947222222222,0.06712644675925919,0.0055324074074074,0.611111111111111,4.709569444444445
kpx_group_2,moderate_residual,2023-03-29 00:00:00,2023-03-29 03:00:00,4,0.06127509259259255,0.0964210648148148,0.08102046296296292,0.019745370370370347,0.5833333333333333,5.257618055555555
kpx_group_2,moderate_residual,2022-09-13 05:00:00,2022-09-13 08:00:00,4,0.0603776736111111,0.0836988425925926,0.06528508101851847,0.004907407407407375,0.8194444444444445,4.924305555555556
kpx_group_1,moderate_residual,2024-06-09 21:00:00,2024-06-10 00:00:00,4,0.05997672453703703,0.0749834259259259,0.3408216319444444,0.28084490740740736,0.8333333333333334,7.726826388888888
kpx_group_3,moderate_residual,2023-05-28 05:00:00,2023-05-28 08:00:00,4,0.059848369047619,0.0808566190476191,0.5862744404761906,0.5960714285714286,1.0,8.727416608333332
kpx_group_3,moderate_residual,2023-04-20 20:00:00,2023-04-20 23:00:00,4,0.059694357142857125,0.0909984761904763,0.33540752380952377,0.3405595238095238,0.8666666666666667,6.465416658333334
kpx_group_2,moderate_residual,2022-05-17 13:00:00,2022-05-17 16:00:00,4,0.05937877314814812,0.0644522222222222,0.31202923611111105,0.2526504629629629,0.9583333333333333,7.125694444444443
kpx_group_3,low_online_label_positive,2023-12-21 06:00:00,2023-12-21 09:00:00,4,0.059339214285714245,0.108408,0.48606540476190474,0.4267261904761904,0.4833333333333333,14.303833324999998
kpx_group_3,moderate_residual,2023-07-10 06:00:00,2023-07-10 09:00:00,4,0.059294988095238046,0.1042095238095238,0.5310045119047619,0.5128809523809523,0.9,8.024416608333334
kpx_group_2,moderate_residual,2024-03-26 10:00:00,2024-03-26 13:00:00,4,0.05902607638888882,0.0957514814814814,0.11198903935185181,0.05296296296296292,0.7291666666666666,5.6781041666666665
kpx_group_2,moderate_residual,2023-12-18 16:00:00,2023-12-18 19:00:00,4,0.05860429398148145,0.076922037037037,0.17760892361111108,0.1190046296296296,0.8472222222222223,6.3005625
kpx_group_3,moderate_residual,2023-12-29 04:00:00,2023-12-29 07:00:00,4,0.058492238095238076,0.080843619047619,0.5904067619047619,0.5830238095238095,0.9416666666666668,8.245333299999999
kpx_group_2,moderate_residual,2023-12-19 13:00:00,2023-12-19 16:00:00,4,0.058332708333333275,0.1089751388888888,0.16153872685185178,0.10320601851851845,0.861111111111111,5.836166666666667
kpx_group_1,moderate_residual,2024-03-31 12:00:00,2024-03-31 15:00:00,4,0.0581499768518518,0.0788372222222222,0.13559210648148143,0.0774421296296296,0.8541666666666666,5.457777777777778
kpx_group_1,moderate_residual,2022-08-04 16:00:00,2022-08-04 19:00:00,4,0.058084664351851806,0.0733674537037037,0.10897586805555552,0.05089120370370365,0.8055555555555557,5.373611111111112
kpx_group_2,moderate_residual,2022-02-09 23:00:00,2022-02-10 02:00:00,4,0.05791959490740735,0.0997690277777777,0.05791959490740735,0.0,0.6388888888888888,5.041666666666667
kpx_group_2,moderate_residual,2023-02-12 05:00:00,2023-02-12 08:00:00,4,0.05774950231481478,0.1031929629629629,0.3836754282407407,0.3259259259259259,0.923611111111111,7.235319444444444
kpx_group_1,moderate_residual,2022-04-13 11:00:00,2022-04-13 14:00:00,4,0.05754726851851847,0.0837733796296296,0.16773245370370365,0.11018518518518512,0.7986111111111113,7.174305555555556
kpx_group_1,moderate_residual,2022-11-23 13:00:00,2022-11-23 16:00:00,4,0.05727876157407402,0.068200787037037,0.18681579861111108,0.129537037037037,0.8125000000000001,6.367361111111111
kpx_group_2,moderate_residual,2023-10-05 01:00:00,2023-10-05 04:00:00,4,0.05679849537037032,0.0814683333333333,0.4457799768518519,0.3889814814814815,0.9305555555555556,7.9692083333333334
kpx_group_2,moderate_residual,2022-05-15 03:00:00,2022-05-15 06:00:00,4,0.056392916666666605,0.0624575925925925,0.09156652777777773,0.03517361111111107,0.8402777777777778,4.931944444444444
kpx_group_2,moderate_residual,2022-05-24 16:00:00,2022-05-24 19:00:00,4,0.0562983680555555,0.0706656944444444,0.10596271990740737,0.04966435185185181,0.7986111111111112,5.28888888888889
kpx_group_2,moderate_residual,2022-01-20 10:00:00,2022-01-20 13:00:00,4,0.055103553240740705,0.0890555555555555,0.0661220717592592,0.011018518518518476,0.6805555555555555,4.8
kpx_group_2,moderate_residual,2023-02-08 07:00:00,2023-02-08 10:00:00,4,0.05496550925925925,0.0865058333333333,0.2884261574074074,0.2334606481481481,0.8055555555555556,6.8870555555555555
kpx_group_1,moderate_residual,2022-12-10 19:00:00,2022-12-10 22:00:00,4,0.05462026620370363,0.0801052777777777,0.16271054398148144,0.10809027777777774,0.7986111111111112,6.113888888888889
kpx_group_1,moderate_residual,2022-04-16 14:00:00,2022-04-16 17:00:00,4,0.05401035879629628,0.0769849074074074,0.31353582175925926,0.25952546296296297,0.8333333333333334,7.050694444444444
kpx_group_1,moderate_residual,2024-02-06 13:00:00,2024-02-06 16:00:00,4,0.053734652777777725,0.0709766203703703,0.053734652777777725,0.0,0.6666666666666665,5.670486111111112
kpx_group_3,moderate_residual,2023-02-05 17:00:00,2023-02-05 20:00:00,4,0.05360401190476185,0.064901238095238,0.5118924880952381,0.5350714285714286,1.0,7.539166625
kpx_group_1,moderate_residual,2022-07-27 05:00:00,2022-07-27 08:00:00,4,0.053015960648148105,0.0751700925925926,0.11550438657407405,0.06248842592592587,0.8125000000000001,5.523611111111111
kpx_group_2,moderate_residual,2024-10-31 06:00:00,2024-10-31 09:00:00,4,0.05285611111111105,0.0701408333333333,0.055576018518518455,0.0027199074074074,0.6736111111111112,4.467916666666667
kpx_group_3,moderate_residual,2024-08-02 21:00:00,2024-08-03 00:00:00,4,0.05232807142857135,0.0609503809523809,0.42924585714285707,0.4321428571428571,0.9666666666666666,7.584416633333333
kpx_group_2,moderate_residual,2024-10-15 02:00:00,2024-10-15 05:00:00,4,0.05223403935185182,0.0959264351851852,0.19300950231481476,0.14077546296296292,0.8333333333333334,6.706118055555557
kpx_group_2,moderate_residual,2022-02-12 23:00:00,2022-02-13 02:00:00,4,0.05206067129629628,0.0636111111111111,0.05206067129629628,0.0,0.7916666666666667,4.925
kpx_group_2,moderate_residual,2023-04-03 20:00:00,2023-04-03 23:00:00,4,0.05166874999999992,0.066959074074074,0.058254398148148076,0.006585648148148125,0.6041666666666666,4.761138888888889
kpx_group_3,moderate_residual,2024-05-19 03:00:00,2024-05-19 06:00:00,4,0.051465904761904754,0.072404,0.35899623809523806,0.33928571428571425,0.8416666666666667,6.8657499500000005
kpx_group_3,moderate_residual,2023-03-13 08:00:00,2023-03-13 11:00:00,4,0.05145526190476182,0.0907559047619047,0.6005654047619047,0.5944880952380952,0.9333333333333332,9.2036666
kpx_group_2,moderate_residual,2023-09-19 23:00:00,2023-09-20 02:00:00,4,0.050473564814814756,0.062151574074074,0.11851754629629628,0.06804398148148146,0.8680555555555556,5.080979166666666
kpx_group_2,moderate_residual,2023-06-03 02:00:00,2023-06-03 05:00:00,4,0.05016826388888883,0.0790117129629629,0.0634437268518518,0.01327546296296295,0.8055555555555556,4.505458333333333
kpx_group_3,moderate_residual,2024-10-15 20:00:00,2024-10-15 23:00:00,4,0.048672928571428555,0.0592210476190476,0.4805556428571428,0.455952380952381,0.9083333333333333,7.592666608333333
kpx_group_2,moderate_residual,2024-03-05 09:00:00,2024-03-05 12:00:00,4,0.04845748842592588,0.0749941666666666,0.08302924768518513,0.034571759259259226,0.6944444444444445,5.503048611111111
kpx_group_3,moderate_residual,2023-07-06 11:00:00,2023-07-06 14:00:00,4,0.048283083333333296,0.0611744285714285,0.7171315833333334,0.7291071428571428,0.9916666666666667,10.191749966666666
kpx_group_1,moderate_residual,2022-07-28 07:00:00,2022-07-28 10:00:00,4,0.047740752314814755,0.0630662962962962,0.08269445601851848,0.034953703703703626,0.75,5.179166666666667
kpx_group_3,moderate_residual,2024-03-11 12:00:00,2024-03-11 15:00:00,4,0.047005523809523775,0.0561082857142857,0.4177097619047619,0.4392857142857143,0.9833333333333333,6.874833300000001
kpx_group_2,moderate_residual,2022-07-28 08:00:00,2022-07-28 11:00:00,4,0.046807870370370354,0.0776725,0.07633333333333328,0.029525462962962924,0.5833333333333333,4.403472222222222
kpx_group_2,moderate_residual,2022-05-30 22:00:00,2022-05-31 01:00:00,4,0.0462496296296296,0.0590521296296296,0.1319093518518518,0.08565972222222214,0.7083333333333334,5.709027777777778
kpx_group_2,moderate_residual,2022-10-02 04:00:00,2022-10-02 07:00:00,4,0.046201747685185125,0.0569151851851851,0.046201747685185125,0.0,0.49305555555555547,4.284027777777778
kpx_group_3,moderate_residual,2023-01-31 00:00:00,2023-01-31 03:00:00,4,0.046033452380952355,0.0718907142857142,0.5914398571428572,0.5979880952380952,1.0,8.02708325
kpx_group_2,moderate_residual,2022-10-09 11:00:00,2022-10-09 14:00:00,4,0.046018645833333274,0.0581681481481481,0.08855336805555551,0.0425347222222222,0.7291666666666666,4.908333333333333
kpx_group_3,moderate_residual,2024-06-30 19:00:00,2024-06-30 22:00:00,4,0.0458105238095238,0.0549994761904762,0.7606932142857143,0.7571428571428571,1.0,10.272583275
kpx_group_3,moderate_residual,2024-08-23 22:00:00,2024-08-24 01:00:00,4,0.04549272619047615,0.0582887142857142,0.6294917261904762,0.6321428571428571,1.0,9.106916583333332
kpx_group_1,moderate_residual,2022-07-27 22:00:00,2022-07-28 01:00:00,4,0.044692615740740696,0.0624068981481481,0.061602337962962925,0.0169097222222222,0.6527777777777778,4.709722222222222
kpx_group_2,moderate_residual,2024-05-31 07:00:00,2024-05-31 10:00:00,4,0.044559328703703674,0.0602631481481481,0.11165423611111108,0.06709490740740737,0.798611111111111,5.130472222222222
kpx_group_3,moderate_residual,2024-07-19 05:00:00,2024-07-19 08:00:00,4,0.04426891666666663,0.0576320952380952,0.8572864642857143,0.8309523809523809,0.9833333333333333,11.848333308333332
kpx_group_3,low_online_label_positive,2023-01-01 02:00:00,2023-01-01 05:00:00,4,0.04388470238095232,0.1045318095238095,0.2963225595238095,0.3062857142857143,0.32499999999999996,15.125916658333331
kpx_group_2,moderate_residual,2022-11-17 00:00:00,2022-11-17 03:00:00,4,0.04332443287037033,0.0513308796296296,0.4215073032407407,0.37818287037037035,0.9583333333333333,7.793055555555555
kpx_group_3,moderate_residual,2023-06-27 10:00:00,2023-06-27 13:00:00,4,0.043018297619047574,0.0507002380952381,0.8040827023809525,0.8055238095238095,0.975,13.934874991666666
kpx_group_1,moderate_residual,2024-09-19 14:00:00,2024-09-19 17:00:00,4,0.04270077546296293,0.0503167592592592,0.17108040509259256,0.12837962962962957,0.7430555555555556,6.283888888888889
kpx_group_3,moderate_residual,2023-04-11 10:00:00,2023-04-11 13:00:00,4,0.040991726190476155,0.0538235714285714,0.7217804642857143,0.7167380952380952,0.8666666666666666,17.3135
kpx_group_2,moderate_residual,2022-07-28 20:00:00,2022-07-28 23:00:00,4,0.0408450231481481,0.0441929629629629,0.0408450231481481,0.0,0.46527777777777773,4.1722222222222225
kpx_group_3,moderate_residual,2024-07-20 00:00:00,2024-07-20 03:00:00,4,0.040766678571428475,0.0478606666666666,0.6344849642857142,0.6357142857142857,1.0,9.027249908333333
kpx_group_3,moderate_residual,2023-01-13 01:00:00,2023-01-13 04:00:00,4,0.04055461904761898,0.0497794285714285,0.30648121428571423,0.3287142857142857,0.8000000000000002,6.889999941666666
kpx_group_3,moderate_residual,2024-08-21 12:00:00,2024-08-21 15:00:00,4,0.04048121428571427,0.0529634285714285,0.46144361904761905,0.444047619047619,0.9916666666666667,7.689166591666667
kpx_group_2,moderate_residual,2024-02-08 03:00:00,2024-02-08 06:00:00,4,0.03950584490740738,0.0535672685185185,0.03950584490740738,0.0,0.22916666666666663,7.478972222222223
kpx_group_3,moderate_residual,2023-11-09 00:00:00,2023-11-09 03:00:00,4,0.038375940476190425,0.0497363333333333,0.3231827023809523,0.33669047619047615,1.0,6.4465
kpx_group_3,moderate_residual,2024-12-12 20:00:00,2024-12-12 23:00:00,4,0.038337345238095226,0.0603238095238095,0.4287293214285714,0.43690476190476185,0.7666666666666668,7.616166608333334
kpx_group_3,moderate_residual,2023-09-28 09:00:00,2023-09-28 12:00:00,4,0.0378003928571428,0.0458491428571428,0.3221496309523809,0.3072738095238095,0.95,6.426666633333333
kpx_group_3,moderate_residual,2023-12-22 11:00:00,2023-12-22 14:00:00,4,0.03744198809523803,0.0401057619047617,0.6060751785714286,0.6234642857142858,0.8916666666666667,8.608916558333334
kpx_group_3,low_online_label_positive,2024-12-30 05:00:00,2024-12-30 08:00:00,4,0.0322378452380952,0.0777784285714285,0.4412984880952381,0.42142857142857143,0.4666666666666667,12.651145822916666
kpx_group_3,low_online_label_positive,2023-02-28 04:00:00,2023-02-28 07:00:00,4,0.02325038095238092,0.088401,0.27428345238095236,0.2533333333333333,0.27499999999999997,15.99025
kpx_group_3,low_online_label_positive,2023-04-11 02:00:00,2023-04-11 05:00:00,4,0.0111772023809523,0.036099238095238,0.2741112738095238,0.2663095238095238,0.30000000000000004,16.522166666666664
kpx_group_3,low_online_label_positive,2023-02-23 04:00:00,2023-02-23 07:00:00,4,0.008867297619047575,0.0260761904761904,0.37690301190476194,0.36803571428571424,0.4083333333333334,10.64974995
kpx_group_3,low_online_label_positive,2024-03-20 03:00:00,2024-03-20 06:00:00,4,0.007614035714285674,0.0143027619047619,0.1329232976190476,0.13571428571428568,0.475,4.275083316666667
kpx_group_3,scada_zero_label_positive,2024-01-14 11:00:00,2024-01-14 13:00:00,3,0.987397476190476,0.9965804285714284,0.987397476190476,0.0,0.7777777777777778,15.726666666666668
kpx_group_2,scada_zero_label_positive,2022-10-10 23:00:00,2022-10-11 01:00:00,3,0.7541822685185186,0.7747163888888888,0.7541822685185186,0.0,0.8333333333333334,17.17222222222222
kpx_group_2,scada_zero_label_positive,2024-03-15 18:00:00,2024-03-15 20:00:00,3,0.734094537037037,0.7445848148148148,0.734094537037037,0.0,0.8333333333333334,13.546175925925928
kpx_group_2,scada_zero_label_positive,2023-11-14 04:00:00,2023-11-14 06:00:00,3,0.6637875308641975,0.6856608333333333,0.6637875308641975,0.0,0.6851851851851851,16.20650925925926
kpx_group_1,scada_zero_label_positive,2022-08-09 10:00:00,2022-08-09 12:00:00,3,0.6628947376543209,0.6963742592592592,0.6628947376543209,0.0,0.8333333333333334,11.603703703703703
kpx_group_1,scada_zero_label_positive,2022-12-23 19:00:00,2022-12-23 21:00:00,3,0.6483869444444444,0.6528508796296296,0.6483869444444444,0.0,0.6666666666666666,15.79900925925926
kpx_group_1,scada_zero_label_positive,2022-12-23 02:00:00,2022-12-23 04:00:00,3,0.620040925925926,0.6414678240740741,0.620040925925926,0.0,0.6666666666666666,13.509092592592593
kpx_group_1,scada_zero_label_positive,2022-12-19 23:00:00,2022-12-20 01:00:00,3,0.5983908487654321,0.6521812962962963,0.5983908487654321,0.0,0.6666666666666666,11.716851851851851
kpx_group_2,scada_zero_label_positive,2023-07-05 14:00:00,2023-07-05 16:00:00,3,0.5961588734567901,0.7084268981481482,0.5961588734567901,0.0,0.8333333333333334,12.359703703703703
kpx_group_1,scada_zero_label_positive,2023-01-20 06:00:00,2023-01-20 08:00:00,3,0.5695984413580247,0.7070877314814814,0.5695984413580247,0.0,0.6574074074074074,19.725712962962962
kpx_group_1,scada_under_label,2022-06-29 06:00:00,2022-06-29 08:00:00,3,0.5386530092592593,0.5918143055555556,0.692356712962963,0.1537037037037037,0.8333333333333334,12.322222222222223
kpx_group_1,scada_zero_label_positive,2022-08-11 03:00:00,2022-08-11 05:00:00,3,0.5260750462962963,0.6280760185185185,0.5260750462962963,0.0,0.8333333333333334,10.067592592592591
kpx_group_2,scada_under_label,2022-12-23 00:00:00,2022-12-23 02:00:00,3,0.5230397993827162,0.6671456944444446,0.8240428858024691,0.30100308641975304,0.888888888888889,15.74200925925926
kpx_group_1,scada_zero_label_positive,2022-08-08 05:00:00,2022-08-08 07:00:00,3,0.4867923919753086,0.521611111111111,0.4867923919753086,0.0,0.6666666666666666,10.977777777777776
kpx_group_2,scada_under_label,2022-11-26 14:00:00,2022-11-26 16:00:00,3,0.4703615895061728,0.6335545833333333,0.6637875154320988,0.19342592592592592,0.8240740740740741,12.870370370370372
kpx_group_2,scada_under_label,2024-05-05 19:00:00,2024-05-05 21:00:00,3,0.4678492592592592,0.6396408333333332,0.7867690123456791,0.31891975308641973,0.8611111111111112,16.823675925925926
kpx_group_1,scada_zero_label_positive,2023-02-16 21:00:00,2023-02-16 23:00:00,3,0.4678206635802469,0.5410292592592593,0.4678206635802469,0.0,0.8333333333333334,9.974574074074075
kpx_group_1,scada_under_label,2022-08-09 17:00:00,2022-08-09 19:00:00,3,0.44036663580246915,0.4666837037037037,0.5285302160493827,0.08816358024691352,0.8333333333333334,9.777777777777779
kpx_group_2,scada_under_label,2024-01-02 12:00:00,2024-01-02 14:00:00,3,0.4371879475308642,0.6509819907407408,0.8070799228395061,0.369891975308642,0.8888888888888888,13.170842592592592
kpx_group_1,scada_under_label,2022-08-09 13:00:00,2022-08-09 15:00:00,3,0.4337686728395062,0.4513250462962963,0.5167007716049383,0.08293209876543202,0.8333333333333334,9.614814814814816
kpx_group_2,scada_under_label,2022-10-10 15:00:00,2022-10-10 17:00:00,3,0.3898757407407407,0.5316691203703704,0.8514961111111111,0.4616203703703703,0.9166666666666666,17.40833333333333
kpx_group_1,scada_under_label,2022-12-17 03:00:00,2022-12-17 05:00:00,3,0.38727356481481473,0.4175848148148148,0.500853811728395,0.1135802469135802,0.6666666666666666,10.38661111111111
kpx_group_2,scada_under_label,2023-09-20 20:00:00,2023-09-20 22:00:00,3,0.37422092592592593,0.3929658796296295,0.7602085802469135,0.38598765432098764,0.8611111111111112,13.12062037037037
kpx_group_2,scada_under_label,2023-01-28 10:00:00,2023-01-28 12:00:00,3,0.37204694444444447,0.4700048611111111,0.5019697839506173,0.1299228395061728,0.8611111111111112,9.015824074074073
kpx_group_1,scada_under_label,2023-03-08 11:00:00,2023-03-08 13:00:00,3,0.3671005555555555,0.4683537962962963,0.5990604320987654,0.23195987654320985,0.8981481481481483,9.91677777777778
kpx_group_1,scada_under_label,2022-09-23 14:00:00,2022-09-23 16:00:00,3,0.3644931790123456,0.469430787037037,0.5836598456790123,0.21916666666666665,0.851851851851852,10.744444444444445
kpx_group_2,scada_under_label,2022-01-31 05:00:00,2022-01-31 07:00:00,3,0.35375617283950617,0.5072081018518518,0.5216111111111111,0.16785493827160491,0.8703703703703703,8.410185185185185
kpx_group_2,scada_zero_label_positive,2022-05-31 05:00:00,2022-05-31 07:00:00,3,0.352874274691358,0.4151462037037037,0.352874274691358,0.0,0.6666666666666666,8.030555555555557
kpx_group_2,scada_under_label,2024-11-26 04:00:00,2024-11-26 06:00:00,3,0.347001774691358,0.4831286574074073,0.692356712962963,0.34535493827160496,0.8611111111111112,12.553814814814814
kpx_group_2,scada_under_label,2022-02-20 13:00:00,2022-02-20 15:00:00,3,0.3412332716049382,0.4209644444444444,0.47607895061728395,0.13484567901234565,0.8148148148148149,9.33148148148148
kpx_group_1,scada_under_label,2022-08-10 13:00:00,2022-08-10 15:00:00,3,0.34035445987654317,0.4650960185185185,0.43032359567901235,0.08996913580246908,0.8333333333333334,8.857407407407408
kpx_group_2,scada_under_label,2024-04-25 05:00:00,2024-04-25 07:00:00,3,0.3333589969135802,0.5748250462962963,0.5684824537037036,0.23512345679012345,0.8333333333333334,9.800611111111111
kpx_group_2,scada_zero_label_positive,2022-01-19 07:00:00,2022-01-19 09:00:00,3,0.3327865432098765,0.4626871296296296,0.3327865432098765,0.0,0.8333333333333334,6.982407407407408
kpx_group_2,scada_under_label,2023-07-06 13:00:00,2023-07-06 15:00:00,3,0.32987587962962966,0.4126086574074075,0.6091042746913581,0.27922839506172836,0.8148148148148149,10.651907407407407
kpx_group_2,scada_under_label,2022-08-19 07:00:00,2022-08-19 09:00:00,3,0.32801674382716045,0.3667256481481482,0.7876618055555555,0.4596450617283951,0.8703703703703703,13.575925925925928
kpx_group_2,scada_under_label,2023-04-20 15:00:00,2023-04-20 17:00:00,3,0.32481205246913575,0.4350833333333332,0.41001266975308637,0.08520061728395056,0.851851851851852,8.015064814814815
kpx_group_1,scada_under_label,2024-07-06 01:00:00,2024-07-06 03:00:00,3,0.3212154012345679,0.4161949537037037,0.6557524382716049,0.334537037037037,0.8425925925925927,10.535472222222223
kpx_group_1,scada_under_label,2024-05-10 12:00:00,2024-05-10 14:00:00,3,0.3109090277777778,0.3748235648148148,0.4004152006172839,0.08950617283950613,0.8703703703703703,8.194814814814816
kpx_group_1,scada_under_label,2022-09-05 00:00:00,2022-09-05 02:00:00,3,0.3089766049382716,0.4120136574074074,0.40175438271604946,0.09277777777777778,0.8333333333333334,8.712037037037037
kpx_group_2,scada_under_label,2022-05-27 12:00:00,2022-05-27 14:00:00,3,0.3072433487654321,0.372807037037037,0.549064336419753,0.24182098765432092,0.8888888888888888,9.650925925925925
kpx_group_2,scada_under_label,2022-03-16 08:00:00,2022-03-16 10:00:00,3,0.3041377469135802,0.403439074074074,0.4838908333333333,0.17975308641975304,0.8703703703703703,7.921296296296295
kpx_group_2,scada_under_label,2024-12-04 04:00:00,2024-12-04 06:00:00,3,0.30211875000000005,0.4113406481481482,0.613121836419753,0.31100308641975305,0.8425925925925927,11.088675925925926
kpx_group_1,scada_under_label,2022-12-17 08:00:00,2022-12-17 10:00:00,3,0.29257586419753084,0.3915769907407407,0.37006043209876543,0.07748456790123454,0.6666666666666666,9.20962962962963
kpx_group_2,scada_zero_label_positive,2022-10-01 07:00:00,2022-10-01 09:00:00,3,0.2863616049382716,0.4231812962962963,0.2863616049382716,0.0,0.8333333333333334,6.306481481481481
kpx_group_1,scada_under_label,2023-12-08 11:00:00,2023-12-08 13:00:00,3,0.2817207561728395,0.3401037962962963,0.6633411265432098,0.3816203703703703,0.8703703703703703,12.546546296296297
kpx_group_2,scada_under_label,2022-04-18 08:00:00,2022-04-18 10:00:00,3,0.2787883487654321,0.3052860648148148,0.3635877314814815,0.08479938271604937,0.851851851851852,7.007407407407407
kpx_group_1,scada_under_label,2022-08-13 15:00:00,2022-08-13 17:00:00,3,0.27733106481481484,0.3272051851851851,0.37831871913580245,0.1009876543209876,0.8333333333333334,8.25462962962963
kpx_group_2,scada_under_label,2023-12-30 02:00:00,2023-12-30 04:00:00,3,0.2747256327160494,0.3688260185185185,0.7195867438271605,0.4448611111111111,0.851851851851852,11.530962962962965
kpx_group_2,scada_under_label,2023-01-05 14:00:00,2023-01-05 16:00:00,3,0.273519336419753,0.3545175462962962,0.6327631635802469,0.3592438271604938,0.8333333333333334,10.59299074074074
kpx_group_1,scada_under_label,2024-03-02 14:00:00,2024-03-02 16:00:00,3,0.2702894598765431,0.3121817592592593,0.5073264969135802,0.23703703703703702,0.8981481481481483,9.83714814814815
kpx_group_1,scada_under_label,2022-09-05 20:00:00,2022-09-05 22:00:00,3,0.26833626543209876,0.4116925000000001,0.4077807098765432,0.13944444444444434,0.8796296296296297,8.54074074074074
kpx_group_2,scada_under_label,2023-02-20 01:00:00,2023-02-20 03:00:00,3,0.2657456172839506,0.4024337037037037,0.5312085802469135,0.26546296296296296,0.8796296296296297,8.88134259259259
kpx_group_1,scada_under_label,2023-08-22 09:00:00,2023-08-22 11:00:00,3,0.2626494444444444,0.3210077777777778,0.44416179012345675,0.1815123456790123,0.8981481481481483,8.780287037037036
kpx_group_2,scada_under_label,2022-12-28 16:00:00,2022-12-28 18:00:00,3,0.26238223765432095,0.3395477777777777,0.6126754475308641,0.3502932098765432,0.7407407407407408,11.387537037037037
kpx_group_2,scada_under_label,2023-11-24 15:00:00,2023-11-24 17:00:00,3,0.2605144753086419,0.3654376388888888,0.5129064506172839,0.25239197530864194,0.8240740740740741,9.263509259259258
kpx_group_2,scada_zero_label_positive,2023-12-17 06:00:00,2023-12-17 08:00:00,3,0.25846199074074067,0.3649268981481481,0.25846199074074067,0.0,0.7407407407407408,13.83375925925926
kpx_group_2,scada_under_label,2024-12-28 11:00:00,2024-12-28 13:00:00,3,0.25545223765432096,0.3888250462962962,0.7948040895061729,0.5393518518518517,0.8703703703703703,13.628287037037039
kpx_group_1,scada_under_label,2022-08-16 10:00:00,2022-08-16 12:00:00,3,0.2500383487654321,0.3373820833333333,0.46960625,0.2195679012345679,0.7222222222222222,9.474074074074075
kpx_group_1,scada_under_label,2022-07-14 17:00:00,2022-07-14 19:00:00,3,0.24140123456790122,0.2570955092592593,0.3434999999999999,0.10209876543209868,0.8333333333333334,7.207407407407406
kpx_group_2,scada_under_label,2024-07-18 18:00:00,2024-07-18 20:00:00,3,0.23909617283950615,0.2614654166666667,0.6849912345679012,0.445895061728395,0.8796296296296297,13.94187962962963
kpx_group_2,scada_under_label,2024-05-22 21:00:00,2024-05-22 23:00:00,3,0.23821606481481483,0.3537451388888889,0.7548518672839507,0.5166358024691359,0.8703703703703703,13.657046296296294
kpx_group_2,scada_under_label,2023-11-06 08:00:00,2023-11-06 10:00:00,3,0.2374486728395061,0.3514775925925925,0.7713684259259259,0.5339197530864198,0.8703703703703703,15.971314814814813
kpx_group_2,scada_zero_label_positive,2022-02-14 12:00:00,2022-02-14 14:00:00,3,0.2363654783950617,0.3240818518518518,0.2363654783950617,0.0,0.8333333333333334,6.9750000000000005
kpx_group_2,scada_under_label,2022-12-29 11:00:00,2022-12-29 13:00:00,3,0.23323716049382712,0.2743143055555555,0.6466013580246913,0.4133641975308642,0.8703703703703703,10.335685185185184
kpx_group_2,scada_under_label,2023-04-26 05:00:00,2023-04-26 07:00:00,3,0.23188239197530866,0.2618113888888889,0.7180243672839506,0.48614197530864195,0.8333333333333334,12.227120370370372
kpx_group_2,scada_under_label,2024-01-03 14:00:00,2024-01-03 16:00:00,3,0.23119834876543208,0.2389566203703703,0.7260594598765433,0.49486111111111103,0.8333333333333334,12.584175925925928
kpx_group_1,scada_under_label,2022-08-11 06:00:00,2022-08-11 08:00:00,3,0.22803995370370364,0.2965565277777777,0.2847992129629629,0.056759259259259204,0.8333333333333334,7.797222222222223
kpx_group_2,scada_under_label,2022-11-15 12:00:00,2022-11-15 14:00:00,3,0.22803427469135804,0.3085160648148148,0.4142534104938272,0.1862191358024691,0.8240740740740741,7.871296296296296
kpx_group_3,scada_under_label,2024-12-27 06:00:00,2024-12-27 08:00:00,3,0.22802674603174602,0.2724711904761905,0.8058045238095238,0.5777777777777778,0.7444444444444445,14.988749999999998
kpx_group_1,scada_under_label,2022-12-16 04:00:00,2022-12-16 06:00:00,3,0.22766407407407407,0.2775219444444444,0.32028753086419753,0.09262345679012345,0.6666666666666666,8.604944444444444
kpx_group_3,scada_under_label,2024-01-17 01:00:00,2024-01-17 03:00:00,3,0.22627385714285708,0.3411819523809524,0.9736230634920634,0.7473492063492063,0.9555555555555556,11.915444433333334
kpx_group_3,scada_under_label,2024-03-14 01:00:00,2024-03-14 03:00:00,3,0.22269139682539676,0.3198576666666666,0.9623739365079365,0.7396825396825397,0.9444444444444443,13.369222199999998
kpx_group_1,scada_zero_label_positive,2023-02-16 17:00:00,2023-02-16 19:00:00,3,0.22252728395061724,0.3207339351851851,0.22252728395061724,0.0,0.5092592592592592,9.687231481481483
kpx_group_2,scada_zero_label_positive,2024-04-03 08:00:00,2024-04-03 10:00:00,3,0.22215074074074073,0.2598011574074074,0.23100876543209878,0.008858024691358,0.7037037037037036,6.2832592592592595
kpx_group_2,scada_under_label,2022-05-04 01:00:00,2022-05-04 03:00:00,3,0.21919395061728397,0.2697762962962964,0.9010458024691359,0.6818518518518518,0.9537037037037038,16.07777777777778
kpx_group_2,scada_under_label,2024-10-02 05:00:00,2024-10-02 07:00:00,3,0.21553103395061726,0.3392071296296296,0.4276452314814814,0.21211419753086416,0.8796296296296297,7.781712962962963
kpx_group_1,scada_under_label,2022-12-04 23:00:00,2022-12-05 01:00:00,3,0.21307294753086417,0.2406963888888888,0.6535204783950618,0.44044753086419747,0.8333333333333334,9.731481481481483
kpx_group_2,scada_under_label,2024-10-20 21:00:00,2024-10-20 23:00:00,3,0.21111987654320977,0.2770613888888888,0.3327865432098765,0.12166666666666663,0.7407407407407408,7.5466944444444435
kpx_group_1,scada_under_label,2022-04-13 15:00:00,2022-04-13 17:00:00,3,0.20685575617283947,0.2891359722222222,0.3316705709876543,0.12481481481481478,0.8333333333333334,8.44537037037037
kpx_group_2,scada_under_label,2024-07-04 01:00:00,2024-07-04 03:00:00,3,0.20460331790123457,0.3427709722222222,0.4434922067901234,0.23888888888888885,0.8333333333333334,10.152546296296295
kpx_group_2,scada_under_label,2024-01-26 14:00:00,2024-01-26 16:00:00,3,0.20118503086419748,0.2334468981481481,0.3314473765432098,0.1302623456790123,0.8425925925925926,7.726314814814816
kpx_group_2,scada_under_label,2022-05-19 02:00:00,2022-05-19 04:00:00,3,0.2011756018518518,0.2401734722222221,0.7985984413580246,0.5974228395061728,0.9537037037037038,13.426851851851852
kpx_group_1,scada_zero_label_positive,2022-12-17 11:00:00,2022-12-17 13:00:00,3,0.19900942901234564,0.2537748611111111,0.20712671296296295,0.008117283950617267,0.648148148148148,7.6791018518518515
kpx_group_1,low_online_label_positive,2023-12-17 04:00:00,2023-12-17 06:00:00,3,0.19732018518518513,0.2753431018518518,0.24931092592592585,0.051990740740740705,0.49074074074074076,12.981712962962964
kpx_group_1,scada_under_label,2022-12-24 03:00:00,2022-12-24 05:00:00,3,0.1932225462962963,0.1964829629629629,0.3039941512345679,0.11077160493827158,0.6666666666666666,8.368527777777777
kpx_group_1,scada_under_label,2022-08-13 05:00:00,2022-08-13 07:00:00,3,0.19092479938271603,0.2203737962962963,0.3821130709876543,0.19118827160493823,0.8333333333333334,8.218518518518518
kpx_group_1,low_online_label_positive,2023-12-16 18:00:00,2023-12-16 20:00:00,3,0.19045353395061726,0.2368006944444444,0.23391032407407406,0.04345679012345673,0.5648148148148149,14.099675925925924
kpx_group_2,scada_under_label,2024-03-08 04:00:00,2024-03-08 06:00:00,3,0.184931774691358,0.1981208796296296,0.4084502932098765,0.22351851851851853,0.8333333333333334,8.348296296296295
kpx_group_1,scada_under_label,2022-04-06 17:00:00,2022-04-06 19:00:00,3,0.1848719907407407,0.2107729166666666,0.38345223765432096,0.19858024691358023,0.8333333333333334,7.652777777777778
kpx_group_3,scada_under_label,2023-12-01 02:00:00,2023-12-01 04:00:00,3,0.18387117460317456,0.2762486190476191,0.8232521269841269,0.6393809523809524,0.9555555555555556,10.61611108888889
kpx_group_2,scada_under_label,2023-04-26 11:00:00,2023-04-26 13:00:00,3,0.1822272530864197,0.2050984259259259,0.5008537962962963,0.31862654320987654,0.8333333333333334,9.513324074074076
kpx_group_1,scada_under_label,2022-12-04 08:00:00,2022-12-04 10:00:00,3,0.1726192283950617,0.2221793518518519,0.3227426851851852,0.1501234567901234,0.8240740740740741,7.348148148148148
kpx_group_2,scada_under_label,2022-12-18 18:00:00,2022-12-18 20:00:00,3,0.172405787037037,0.2569907407407407,0.9184551697530865,0.7460493827160494,0.9629629629629631,16.162962962962965
kpx_group_1,scada_under_label,2023-08-25 14:00:00,2023-08-25 16:00:00,3,0.17220094135802463,0.1907051851851851,0.2658274845679012,0.09362654320987651,0.8240740740740741,7.038342592592593
kpx_group_3,scada_under_label,2024-01-05 05:00:00,2024-01-05 07:00:00,3,0.17090142857142862,0.2168501428571428,0.9297744444444446,0.7588730158730158,0.9555555555555556,18.122666666666664
kpx_group_1,scada_under_label,2022-12-16 09:00:00,2022-12-16 11:00:00,3,0.16839473765432098,0.1977456018518519,0.25154288580246914,0.0831481481481481,0.6666666666666666,7.745092592592592
kpx_group_2,scada_under_label,2023-03-02 01:00:00,2023-03-02 03:00:00,3,0.1678750771604938,0.2098001851851852,0.26471149691358026,0.09683641975308638,0.8240740740740741,6.464111111111111
kpx_group_2,scada_under_label,2022-05-20 03:00:00,2022-05-20 05:00:00,3,0.16756319444444442,0.2448011574074075,0.8506033179012347,0.6830401234567901,0.9629629629629631,14.172222222222222
kpx_group_1,scada_under_label,2022-12-21 11:00:00,2022-12-21 13:00:00,3,0.16666081790123452,0.1949083796296296,0.39304970679012347,0.22638888888888883,0.7962962962962963,8.26612962962963
kpx_group_3,scada_under_label,2024-01-17 10:00:00,2024-01-17 12:00:00,3,0.16627734920634918,0.1717162857142857,0.994055126984127,0.8277777777777778,0.9666666666666668,14.962666666666669
kpx_group_2,scada_under_label,2023-09-28 03:00:00,2023-09-28 05:00:00,3,0.166075061728395,0.1806978703703703,0.2716306172839506,0.10555555555555553,0.7592592592592592,7.078564814814815
kpx_group_2,scada_under_label,2022-04-14 06:00:00,2022-04-14 08:00:00,3,0.1644223456790123,0.1996379166666666,0.24797172839506168,0.08354938271604934,0.8240740740740741,9.44814814814815
kpx_group_2,scada_under_label,2022-12-07 13:00:00,2022-12-07 15:00:00,3,0.16370824074074067,0.2440613888888887,0.8887699691358025,0.7250617283950618,0.9629629629629631,15.653703703703703
kpx_group_2,scada_zero_label_positive,2024-03-24 22:00:00,2024-03-25 00:00:00,3,0.1609249537037037,0.220295324074074,0.1609249537037037,0.0,0.6388888888888888,6.343907407407407
kpx_group_2,scada_zero_label_positive,2022-03-14 09:00:00,2022-03-14 11:00:00,3,0.15623780864197526,0.2135993981481481,0.15623780864197526,0.0,0.7685185185185186,5.7749999999999995
kpx_group_3,scada_under_label,2024-07-24 03:00:00,2024-07-24 05:00:00,3,0.15352346031746023,0.1696781904761903,0.8693964761904761,0.7158730158730159,0.8555555555555556,13.148000000000001
kpx_group_1,scada_under_label,2022-07-20 08:00:00,2022-07-20 10:00:00,3,0.14874804012345674,0.1772217129629629,0.27944248456790116,0.1306944444444444,0.8333333333333334,7.147222222222222
kpx_group_2,scada_zero_label_positive,2022-05-08 04:00:00,2022-05-08 06:00:00,3,0.14507797839506167,0.1888245833333333,0.14507797839506167,0.0,0.6944444444444443,6.183333333333333
kpx_group_2,scada_zero_label_positive,2022-06-05 07:00:00,2022-06-05 09:00:00,3,0.13994444444444443,0.1673976388888889,0.13994444444444443,0.0,0.7962962962962963,5.837962962962963
kpx_group_1,scada_zero_label_positive,2022-03-20 23:00:00,2022-03-21 01:00:00,3,0.13347174382716046,0.1640497222222222,0.13347174382716046,0.0,0.3333333333333333,7.107407407407408
kpx_group_2,scada_zero_label_positive,2024-03-01 04:00:00,2024-03-01 06:00:00,3,0.12610623456790118,0.1379356944444444,0.12610623456790118,0.0,0.49074074074074076,9.449648148148148
kpx_group_2,scada_zero_label_positive,2022-02-10 03:00:00,2022-02-10 05:00:00,3,0.12476705246913578,0.1372660648148148,0.12476705246913578,0.0,0.6666666666666666,6.092592592592593
kpx_group_2,scada_zero_label_positive,2022-11-07 03:00:00,2022-11-07 05:00:00,3,0.1235316820987654,0.1620409259259259,0.12811501543209872,0.004583333333333333,0.8055555555555557,5.096296296296297
kpx_group_1,scada_under_label,2022-04-09 09:00:00,2022-04-09 11:00:00,3,0.12285444444444442,0.123008287037037,0.7695828395061728,0.6467283950617284,0.8333333333333334,13.675000000000002
kpx_group_1,scada_zero_label_positive,2022-09-18 08:00:00,2022-09-18 10:00:00,3,0.11695515432098762,0.1419531944444444,0.11695515432098762,0.0,0.8333333333333334,5.595370370370371
kpx_group_2,moderate_residual,2022-12-15 22:00:00,2022-12-16 00:00:00,3,0.1159485185185185,0.1190385185185185,0.8483713580246914,0.7324228395061728,0.9629629629629631,13.733333333333334
kpx_group_2,scada_zero_label_positive,2022-09-13 09:00:00,2022-09-13 11:00:00,3,0.1153927932098765,0.1299006018518518,0.1153927932098765,0.0,0.8333333333333334,5.67962962962963
kpx_group_1,moderate_residual,2024-11-27 01:00:00,2024-11-27 03:00:00,3,0.11056433641975301,0.1131525462962962,0.7144532253086421,0.6038888888888888,0.8333333333333334,13.037675925925926
kpx_group_1,moderate_residual,2022-04-16 19:00:00,2022-04-16 21:00:00,3,0.1102111882716049,0.1185765277777777,0.7198099537037037,0.6095987654320988,0.8333333333333334,10.774074074074077
kpx_group_2,moderate_residual,2022-04-24 00:00:00,2022-04-24 02:00:00,3,0.10840270061728395,0.1183898611111111,0.7997144290123458,0.6913117283950618,0.9629629629629629,11.333333333333334
kpx_group_1,moderate_residual,2024-07-21 13:00:00,2024-07-21 15:00:00,3,0.1071718672839506,0.1100043981481481,0.7164619907407408,0.6092901234567901,0.8333333333333334,13.53127777777778
kpx_group_1,moderate_residual,2024-07-07 15:00:00,2024-07-07 17:00:00,3,0.10633691358024687,0.1127256481481481,0.6383430864197531,0.5320061728395061,0.8333333333333334,11.818814814814814
kpx_group_2,moderate_residual,2022-05-19 13:00:00,2022-05-19 15:00:00,3,0.1046754320987654,0.1160077777777778,0.7059717283950618,0.6012962962962963,0.9537037037037037,11.315740740740742
kpx_group_1,moderate_residual,2022-04-08 18:00:00,2022-04-08 20:00:00,3,0.10438109567901227,0.1146408333333333,0.6640107253086419,0.5596296296296296,0.8333333333333334,10.455555555555556
kpx_group_1,moderate_residual,2024-12-06 08:00:00,2024-12-06 10:00:00,3,0.10437280864197528,0.107560925925926,0.6642339197530864,0.5598611111111111,0.8333333333333334,14.255648148148147
kpx_group_1,moderate_residual,2022-03-25 08:00:00,2022-03-25 10:00:00,3,0.10258657407407408,0.1146398611111111,0.6990526234567902,0.5964660493827161,0.8333333333333334,9.95185185185185
kpx_group_1,moderate_residual,2024-12-07 13:00:00,2024-12-07 15:00:00,3,0.10227436728395056,0.1098489351851851,0.6671354783950617,0.5648611111111111,0.8333333333333334,12.188592592592592
kpx_group_3,low_online_label_positive,2024-12-23 05:00:00,2024-12-23 07:00:00,3,0.10123441269841271,0.1033202857142857,0.5996471111111111,0.4984126984126984,0.5666666666666667,13.31888888888889
kpx_group_1,moderate_residual,2022-08-19 07:00:00,2022-08-19 09:00:00,3,0.09865870370370362,0.1009843981481481,0.6265136419753087,0.527854938271605,0.6666666666666666,10.208333333333334
kpx_group_1,moderate_residual,2023-07-26 10:00:00,2023-07-26 12:00:00,3,0.09834421296296293,0.1086296296296296,0.27743371913580245,0.17908950617283947,0.8981481481481483,7.162416666666666
kpx_group_1,moderate_residual,2022-08-10 08:00:00,2022-08-10 10:00:00,3,0.0964717283950617,0.1070916203703703,0.14619395061728394,0.0497222222222222,0.8333333333333334,6.387037037037037
kpx_group_1,moderate_residual,2022-10-11 19:00:00,2022-10-11 21:00:00,3,0.09493324074074072,0.1028250462962963,0.28368324074074075,0.18874999999999997,0.6666666666666666,7.939814814814816
kpx_group_1,moderate_residual,2024-05-16 02:00:00,2024-05-16 04:00:00,3,0.09375341049382711,0.1051188888888888,0.44393859567901234,0.35018518518518515,0.8333333333333334,9.294768518518518
kpx_group_1,moderate_residual,2022-12-09 22:00:00,2022-12-10 00:00:00,3,0.09254402777777776,0.0972446296296296,0.5733927932098766,0.4808487654320987,0.8333333333333334,9.339814814814813
kpx_group_2,moderate_residual,2022-04-27 00:00:00,2022-04-27 02:00:00,3,0.09183706790123454,0.1133026388888889,0.7055253395061728,0.6136882716049382,0.9629629629629631,11.554629629629629
kpx_group_1,moderate_residual,2022-03-24 20:00:00,2022-03-24 22:00:00,3,0.09153655864197524,0.1023265277777777,0.5448235956790123,0.453287037037037,0.8333333333333334,9.093518518518518
kpx_group_1,moderate_residual,2022-09-05 03:00:00,2022-09-05 05:00:00,3,0.088815787037037,0.1146413425925926,0.13168615740740738,0.042870370370370336,0.8333333333333334,5.921296296296297
kpx_group_1,moderate_residual,2022-07-08 14:00:00,2022-07-08 16:00:00,3,0.0887046759259259,0.1048640277777778,0.17833430555555552,0.08962962962962961,0.6574074074074073,6.8194444444444455
kpx_group_2,moderate_residual,2023-11-29 08:00:00,2023-11-29 10:00:00,3,0.08757083333333326,0.0933684259259259,0.5265214506172838,0.43895061728395063,0.8333333333333334,9.99138888888889
kpx_group_1,moderate_residual,2022-08-22 20:00:00,2022-08-22 22:00:00,3,0.08720842592592591,0.0888543055555555,0.5446004012345679,0.45739197530864195,0.6666666666666666,9.08611111111111
kpx_group_3,moderate_residual,2023-12-16 13:00:00,2023-12-16 15:00:00,3,0.08685230158730155,0.1091017619047619,0.4855488730158731,0.4996666666666667,0.8777777777777778,15.741888888888889
kpx_group_1,moderate_residual,2024-01-08 14:00:00,2024-01-08 16:00:00,3,0.08653996913580246,0.1109683333333333,0.26783626543209876,0.1812962962962962,0.8240740740740741,7.149120370370372
kpx_group_3,moderate_residual,2023-04-05 04:00:00,2023-04-05 06:00:00,3,0.08640819047619043,0.0961839523809524,0.532152380952381,0.5596031746031745,1.0,8.221444355555557
kpx_group_2,moderate_residual,2024-11-30 11:00:00,2024-11-30 13:00:00,3,0.08578135802469133,0.0956330555555555,0.5535282716049383,0.46774691358024695,0.7870370370370371,10.131481481481481
kpx_group_1,moderate_residual,2022-08-14 03:00:00,2022-08-14 05:00:00,3,0.0854642592592592,0.1186598611111111,0.1388284567901234,0.05336419753086413,0.8333333333333334,5.880555555555556
kpx_group_3,moderate_residual,2024-03-17 06:00:00,2024-03-17 08:00:00,3,0.08543025396825393,0.1079428571428571,0.7346366031746031,0.6492063492063491,0.8000000000000002,14.750888855555557
kpx_group_2,moderate_residual,2024-05-16 16:00:00,2024-05-16 18:00:00,3,0.08475699074074071,0.0907368518518518,0.43768908950617275,0.3529320987654321,0.8981481481481483,8.069629629629631
kpx_group_1,moderate_residual,2022-04-07 10:00:00,2022-04-07 12:00:00,3,0.08313580246913577,0.0956910185185185,0.5682592592592592,0.4851234567901234,0.8333333333333334,9.433333333333332
kpx_group_3,moderate_residual,2024-07-18 14:00:00,2024-07-18 16:00:00,3,0.08303357142857137,0.1088641428571428,0.4173654126984127,0.3952380952380952,0.8333333333333334,7.032666633333334
kpx_group_1,moderate_residual,2024-05-13 19:00:00,2024-05-13 21:00:00,3,0.0824675154320987,0.1132729166666666,0.34595516975308643,0.26348765432098764,0.9444444444444443,7.500675925925926
kpx_group_2,moderate_residual,2023-12-10 23:00:00,2023-12-11 01:00:00,3,0.08225470679012341,0.1064707407407407,0.16293371913580243,0.08067901234567897,0.9166666666666666,6.172425925925926
kpx_group_2,moderate_residual,2022-05-01 20:00:00,2022-05-01 22:00:00,3,0.08148847222222216,0.1038572222222222,0.6242816820987654,0.5427932098765432,0.9722222222222224,9.975000000000001
kpx_group_1,moderate_residual,2022-11-26 22:00:00,2022-11-27 00:00:00,3,0.08118811728395058,0.1199361574074074,0.1363733024691358,0.05518518518518512,0.8055555555555557,5.796296296296297
kpx_group_1,moderate_residual,2024-07-08 10:00:00,2024-07-08 12:00:00,3,0.0809398919753086,0.0968854629629629,0.5488411265432099,0.46790123456790117,0.8333333333333334,9.778074074074073
kpx_group_2,moderate_residual,2024-05-31 02:00:00,2024-05-31 04:00:00,3,0.08093941358024688,0.1188128703703703,0.21583138888888886,0.13489197530864194,0.8981481481481483,6.1923055555555555
kpx_group_2,moderate_residual,2024-03-01 17:00:00,2024-03-01 19:00:00,3,0.08066228395061724,0.0993718518518518,0.22163450617283945,0.1409722222222222,0.851851851851852,7.478018518518518
kpx_group_2,moderate_residual,2022-12-27 16:00:00,2022-12-27 18:00:00,3,0.07996490740740736,0.1083684259259259,0.2167241666666666,0.13675925925925922,0.7962962962962963,6.3260000000000005
kpx_group_1,moderate_residual,2022-04-18 13:00:00,2022-04-18 15:00:00,3,0.0797976080246913,0.0864415277777777,0.20668032407407402,0.12688271604938264,0.8148148148148149,6.333333333333333
kpx_group_1,moderate_residual,2022-04-12 16:00:00,2022-04-12 18:00:00,3,0.07942950617283946,0.0968275,0.311806049382716,0.23237654320987652,0.8333333333333334,7.05
kpx_group_2,moderate_residual,2023-02-10 17:00:00,2023-02-10 19:00:00,3,0.07739083333333333,0.0877402314814815,0.2336871296296296,0.15629629629629624,0.8055555555555557,6.6727592592592595
kpx_group_3,moderate_residual,2023-07-14 03:00:00,2023-07-14 05:00:00,3,0.07728571428571428,0.0879077619047619,0.5984992380952381,0.6214444444444444,1.0,8.912888800000003
kpx_group_1,moderate_residual,2022-07-17 17:00:00,2022-07-17 19:00:00,3,0.0764915432098765,0.1157568055555555,0.1535594444444444,0.07706790123456787,0.8333333333333334,6.047222222222222
kpx_group_3,moderate_residual,2023-10-20 20:00:00,2023-10-20 22:00:00,3,0.07599765079365074,0.0969533809523809,0.4024431111111111,0.418,0.7444444444444446,8.025888833333333
kpx_group_3,moderate_residual,2023-05-16 23:00:00,2023-05-17 01:00:00,3,0.07580034920634919,0.1025854761904762,0.7938666666666666,0.7745555555555556,0.9444444444444445,14.810444444444444
kpx_group_1,moderate_residual,2024-01-01 18:00:00,2024-01-01 20:00:00,3,0.07513027777777774,0.0888094444444444,0.20935867283950618,0.13422839506172832,0.8425925925925926,7.750287037037038
kpx_group_1,moderate_residual,2023-12-14 12:00:00,2023-12-14 14:00:00,3,0.07506399691358023,0.1103757407407407,0.12632942901234562,0.051265432098765364,0.7870370370370371,5.786175925925925
kpx_group_2,moderate_residual,2022-02-19 10:00:00,2022-02-19 12:00:00,3,0.07465984567901233,0.0925833333333333,0.12141910493827153,0.0467592592592592,0.8333333333333334,5.764814814814815
kpx_group_3,moderate_residual,2024-03-02 06:00:00,2024-03-02 08:00:00,3,0.07446182539682537,0.1052781904761904,0.3983107777777777,0.41517460317460314,0.9888888888888889,6.845888866666667
kpx_group_1,moderate_residual,2023-01-16 14:00:00,2023-01-16 16:00:00,3,0.07432455246913577,0.0863771759259259,0.07432455246913577,0.0,0.4259259259259259,7.394018518518518
kpx_group_3,moderate_residual,2023-04-20 00:00:00,2023-04-20 02:00:00,3,0.0738386031746031,0.1100862380952381,0.515393492063492,0.5158412698412698,1.0,8.464555522222222
kpx_group_2,moderate_residual,2022-06-03 01:00:00,2022-06-03 03:00:00,3,0.07380424382716043,0.0853937499999999,0.3997456018518519,0.3259413580246913,0.8055555555555557,8.305555555555555
kpx_group_1,moderate_residual,2022-08-23 05:00:00,2022-08-23 07:00:00,3,0.07364165123456785,0.0886959259259259,0.33635770061728393,0.26271604938271603,0.6666666666666666,7.0
kpx_group_2,moderate_residual,2022-01-06 12:00:00,2022-01-06 14:00:00,3,0.07312280864197528,0.1096247685185185,0.1553450308641975,0.08222222222222215,0.851851851851852,5.697222222222223
kpx_group_3,moderate_residual,2024-11-04 13:00:00,2024-11-04 15:00:00,3,0.07278330158730156,0.1102205714285714,0.4012952380952381,0.3603174603174602,0.811111111111111,6.962888855555555
kpx_group_1,moderate_residual,2022-04-06 09:00:00,2022-04-06 11:00:00,3,0.07268030864197526,0.0792081018518518,0.1685136419753086,0.09583333333333328,0.7870370370370371,6.279629629629629
kpx_group_2,moderate_residual,2022-03-03 10:00:00,2022-03-03 12:00:00,3,0.07258203703703701,0.1003391666666666,0.12833820987654318,0.05575617283950613,0.8333333333333334,5.408333333333334
kpx_group_2,moderate_residual,2022-12-04 10:00:00,2022-12-04 12:00:00,3,0.07247888888888883,0.0944887962962962,0.15065790123456788,0.07817901234567896,0.7962962962962963,5.612962962962963
kpx_group_2,moderate_residual,2024-01-22 18:00:00,2024-01-22 20:00:00,3,0.07231578703703696,0.0910643055555555,0.07231578703703696,0.0,0.1666666666666666,12.917611111111112
kpx_group_3,moderate_residual,2024-02-11 17:00:00,2024-02-11 19:00:00,3,0.07226131746031737,0.0922305714285713,0.5874796984126984,0.5982539682539683,1.0,8.132111055555557
kpx_group_1,moderate_residual,2022-11-08 05:00:00,2022-11-08 07:00:00,3,0.07219882716049376,0.0926257407407407,0.4908099382716049,0.4186111111111111,0.8333333333333334,8.775
kpx_group_1,moderate_residual,2022-09-18 11:00:00,2022-09-18 13:00:00,3,0.07186938271604933,0.0783420833333333,0.07186938271604933,0.0,0.7962962962962963,4.947222222222223
kpx_group_3,moderate_residual,2023-07-11 19:00:00,2023-07-11 21:00:00,3,0.07133884126984123,0.0784987619047619,0.5321523968253968,0.5511587301587302,1.0,8.422555533333332
kpx_group_2,moderate_residual,2023-09-23 03:00:00,2023-09-23 05:00:00,3,0.07064229938271603,0.0849746759259259,0.15980896604938266,0.0891666666666666,0.8703703703703703,5.504675925925926
kpx_group_1,moderate_residual,2022-03-29 07:00:00,2022-03-29 09:00:00,3,0.07026007716049376,0.098008287037037,0.4885779783950617,0.4183179012345679,0.8333333333333334,8.650925925925925
kpx_group_3,moderate_residual,2023-04-14 09:00:00,2023-04-14 11:00:00,3,0.0701904761904761,0.0759518571428571,0.5206736825396826,0.49139682539682544,0.8555555555555555,7.990555511111111
kpx_group_1,moderate_residual,2022-07-31 12:00:00,2022-07-31 14:00:00,3,0.06995191358024687,0.0816418055555555,0.10066179012345677,0.030709876543209835,0.7407407407407408,5.42962962962963
kpx_group_2,moderate_residual,2024-03-20 02:00:00,2024-03-20 04:00:00,3,0.06991325617283943,0.0799751388888888,0.4126910339506173,0.3427777777777778,0.9166666666666666,8.312074074074074
kpx_group_2,moderate_residual,2022-03-26 15:00:00,2022-03-26 17:00:00,3,0.06973635802469134,0.079479537037037,0.17922709876543208,0.10949074074074074,0.8240740740740741,5.719444444444444
kpx_group_2,moderate_residual,2022-08-31 12:00:00,2022-08-31 14:00:00,3,0.0696109567901234,0.0957514814814814,0.0770029320987654,0.007391975308641967,0.7685185185185185,4.844444444444444
kpx_group_3,moderate_residual,2023-07-13 14:00:00,2023-07-13 16:00:00,3,0.06948788888888884,0.1175539047619047,0.5578646507936508,0.5667460317460318,1.0,8.62966658888889
kpx_group_1,moderate_residual,2022-04-12 12:00:00,2022-04-12 14:00:00,3,0.06942737654320984,0.0891651851851851,0.17632552469135798,0.10689814814814812,0.8240740740740741,5.923148148148147
kpx_group_2,moderate_residual,2023-09-18 04:00:00,2023-09-18 06:00:00,3,0.06915969135802466,0.1165224074074074,0.0966442592592592,0.0274845679012345,0.7407407407407408,5.131398148148148
kpx_group_3,moderate_residual,2024-02-09 20:00:00,2024-02-09 22:00:00,3,0.06913750793650784,0.096847619047619,0.7373914761904762,0.6682539682539682,0.9888888888888889,9.25322221111111
kpx_group_3,moderate_residual,2023-02-12 01:00:00,2023-02-12 03:00:00,3,0.06890442857142853,0.0954611428571428,0.5553393492063492,0.5712222222222222,1.0,8.073888822222221
kpx_group_1,moderate_residual,2023-12-16 10:00:00,2023-12-16 12:00:00,3,0.06870158950617279,0.0984298148148148,0.07655652777777773,0.007854938271604899,0.4444444444444444,13.30488888888889
kpx_group_2,moderate_residual,2024-03-03 08:00:00,2024-03-03 10:00:00,3,0.0685906481481481,0.0864122685185185,0.26247953703703697,0.19388888888888886,0.8333333333333334,7.303259259259259
kpx_group_3,moderate_residual,2024-07-19 00:00:00,2024-07-19 02:00:00,3,0.06830709523809526,0.0950656666666667,0.7160410952380953,0.7111111111111111,1.0,9.724555488888887
kpx_group_2,moderate_residual,2022-09-22 00:00:00,2022-09-22 02:00:00,3,0.06828297839506166,0.0840989351851851,0.12275828703703696,0.05447530864197527,0.8703703703703703,5.537962962962964
kpx_group_1,moderate_residual,2022-07-17 12:00:00,2022-07-17 14:00:00,3,0.06827419753086417,0.0762709722222222,0.10802728395061723,0.03975308641975303,0.7777777777777778,5.162962962962962
kpx_group_2,moderate_residual,2024-08-03 11:00:00,2024-08-03 13:00:00,3,0.06746751543209874,0.0825160648148148,0.26114035493827165,0.19367283950617278,0.8333333333333334,6.644851851851851
kpx_group_2,moderate_residual,2023-10-04 13:00:00,2023-10-04 15:00:00,3,0.0673601388888888,0.0736700925925925,0.09731384259259257,0.029953703703703666,0.75,4.956675925925926
kpx_group_3,moderate_residual,2024-11-22 03:00:00,2024-11-22 05:00:00,3,0.06730726984126979,0.0845694285714285,0.2807689206349206,0.2698412698412698,0.8666666666666667,5.8805555555555555
kpx_group_1,moderate_residual,2022-08-05 14:00:00,2022-08-05 16:00:00,3,0.06716975308641975,0.0686837037037037,0.11449999999999994,0.047330246913580204,0.7685185185185186,5.37962962962963
kpx_group_3,moderate_residual,2024-09-21 03:00:00,2024-09-21 05:00:00,3,0.06711011111111102,0.0978877142857142,0.3542325873015873,0.3523809523809523,0.9555555555555556,6.949333255555556
kpx_group_2,moderate_residual,2022-09-04 11:00:00,2022-09-04 13:00:00,3,0.06698504629629624,0.0874317592592592,0.1718615895061728,0.10487654320987645,0.7870370370370371,5.626851851851852
kpx_group_1,moderate_residual,2023-11-05 10:00:00,2023-11-05 12:00:00,3,0.06651266975308637,0.0883859722222222,0.06651266975308637,0.0,0.7407407407407408,4.855009259259258
kpx_group_1,moderate_residual,2022-07-08 01:00:00,2022-07-08 03:00:00,3,0.06601185185185181,0.087487824074074,0.3539902469135803,0.28797839506172834,0.6666666666666666,9.996296296296295
kpx_group_3,moderate_residual,2023-07-24 05:00:00,2023-07-24 07:00:00,3,0.06593699999999993,0.0919569047619047,0.3879799523809524,0.36769841269841264,0.9666666666666667,7.056444411111111
kpx_group_2,moderate_residual,2024-10-22 18:00:00,2024-10-22 20:00:00,3,0.06589848765432094,0.1019912499999999,0.3573382098765432,0.32229938271604935,0.9629629629629629,7.789500000000001
kpx_group_2,moderate_residual,2024-08-24 08:00:00,2024-08-24 10:00:00,3,0.06573050925925923,0.0838406481481481,0.1736471759259259,0.10791666666666665,0.7870370370370371,5.482601851851851
kpx_group_1,moderate_residual,2022-11-07 23:00:00,2022-11-08 01:00:00,3,0.06566033950617284,0.0931710648148149,0.39505848765432106,0.3293981481481481,0.8333333333333334,8.149074074074074
kpx_group_2,moderate_residual,2024-03-10 12:00:00,2024-03-10 14:00:00,3,0.06555084876543206,0.0790667592592592,0.09575146604938271,0.030200617283950598,0.7037037037037037,5.165074074074075
kpx_group_3,moderate_residual,2024-11-16 20:00:00,2024-11-16 22:00:00,3,0.0654255555555555,0.085688238095238,0.7525433650793651,0.7317460317460318,1.0,10.079999966666668
kpx_group_2,moderate_residual,2024-11-06 08:00:00,2024-11-06 10:00:00,3,0.0652646296296296,0.1039551851851852,0.35957018518518513,0.29430555555555554,0.9351851851851851,7.289805555555556
kpx_group_3,moderate_residual,2024-11-30 16:00:00,2024-11-30 18:00:00,3,0.06475222222222217,0.1117453809523809,0.6793092698412698,0.6349206349206349,0.9333333333333332,9.66677768888889
kpx_group_2,moderate_residual,2024-11-05 20:00:00,2024-11-05 22:00:00,3,0.06447416666666662,0.0858118981481481,0.08526120370370362,0.020787037037037003,0.6296296296296297,4.571481481481482
kpx_group_2,moderate_residual,2022-03-15 08:00:00,2022-03-15 10:00:00,3,0.06398131172839504,0.0783420833333333,0.19998439814814808,0.13600308641975306,0.7037037037037037,5.364814814814815
kpx_group_3,moderate_residual,2023-05-07 02:00:00,2023-05-07 04:00:00,3,0.0637167936507936,0.0769789523809524,0.5073584126984126,0.4913174603174603,0.9888888888888889,8.02355551111111
kpx_group_2,moderate_residual,2022-10-18 01:00:00,2022-10-18 03:00:00,3,0.06363254629629626,0.0740009722222222,0.14909550925925924,0.08546296296296295,0.8240740740740741,5.517592592592592
kpx_group_2,moderate_residual,2022-02-10 06:00:00,2022-02-10 08:00:00,3,0.06361112654320983,0.0796812962962962,0.06361112654320983,0.0,0.6296296296296297,4.767592592592593
kpx_group_3,moderate_residual,2024-03-10 17:00:00,2024-03-10 19:00:00,3,0.06344995238095234,0.080805,0.4458325873015873,0.47936507936507927,0.9888888888888889,7.055333277777778
kpx_group_3,moderate_residual,2024-04-27 02:00:00,2024-04-27 04:00:00,3,0.06342423809523806,0.0869644285714286,0.545697253968254,0.5126984126984127,0.9333333333333335,8.305777744444443
kpx_group_3,moderate_residual,2023-11-10 02:00:00,2023-11-10 04:00:00,3,0.06338211111111107,0.0792165238095238,0.6184721746031746,0.5897777777777778,1.0,8.578111066666667
kpx_group_2,moderate_residual,2022-01-25 17:00:00,2022-01-25 19:00:00,3,0.062495123456790064,0.0676286574074074,0.062495123456790064,0.0,0.1666666666666666,8.842592592592593
kpx_group_2,moderate_residual,2023-12-28 10:00:00,2023-12-28 12:00:00,3,0.062492206790123406,0.0670775,0.4392514660493827,0.37675925925925924,0.9074074074074074,8.375425925925926
kpx_group_1,moderate_residual,2022-08-07 11:00:00,2022-08-07 13:00:00,3,0.06206075617283947,0.0739264351851851,0.10579532407407403,0.04373456790123453,0.8148148148148149,5.487962962962963
kpx_group_3,moderate_residual,2024-12-20 20:00:00,2024-12-20 22:00:00,3,0.06196525396825394,0.0690025238095238,0.4786616666666666,0.45238095238095233,0.7333333333333334,8.284333299999998
kpx_group_1,moderate_residual,2022-04-10 14:00:00,2022-04-10 16:00:00,3,0.06179858024691354,0.1044961111111111,0.22386648148148147,0.16206790123456785,0.8240740740740741,6.264814814814815
kpx_group_3,moderate_residual,2023-04-06 18:00:00,2023-04-06 20:00:00,3,0.06166984126984126,0.0728255714285714,0.6143398412698412,0.5872063492063492,1.0,8.807444377777777
kpx_group_3,moderate_residual,2023-01-13 20:00:00,2023-01-13 22:00:00,3,0.061415714285714205,0.1084596666666666,0.5289383492063492,0.518047619047619,0.9888888888888889,8.138666544444446
kpx_group_2,moderate_residual,2022-02-07 17:00:00,2022-02-07 19:00:00,3,0.0613791358024691,0.0770029166666666,0.0613791358024691,0.0,0.6203703703703703,5.0888888888888895
kpx_group_2,moderate_residual,2023-10-21 15:00:00,2023-10-21 17:00:00,3,0.06105003086419747,0.0776744444444444,0.3026549691358024,0.2416049382716049,0.9166666666666666,6.796722222222222
kpx_group_3,moderate_residual,2024-03-01 23:00:00,2024-03-02 01:00:00,3,0.06017611111111107,0.0723363333333333,0.397392492063492,0.4167936507936507,0.9555555555555556,6.866888844444445
kpx_group_3,moderate_residual,2024-10-01 07:00:00,2024-10-01 09:00:00,3,0.0601396825396825,0.1116059999999999,0.6230636507936508,0.5841269841269842,0.7888888888888891,10.378111066666667
kpx_group_2,moderate_residual,2023-08-15 08:00:00,2023-08-15 10:00:00,3,0.06012182098765426,0.0696281481481481,0.09151070987654318,0.031388888888888834,0.6851851851851851,4.62612962962963
kpx_group_2,moderate_residual,2024-03-12 13:00:00,2024-03-12 15:00:00,3,0.05981952160493823,0.068967824074074,0.07387816358024686,0.014058641975308634,0.5555555555555555,5.018666666666667
kpx_group_1,moderate_residual,2023-08-30 21:00:00,2023-08-30 23:00:00,3,0.059625725308641936,0.0814030092592592,0.11360720679012343,0.05398148148148143,0.8240740740740741,5.780925925925925
kpx_group_3,moderate_residual,2023-04-29 04:00:00,2023-04-29 06:00:00,3,0.05952330158730157,0.0781052857142857,0.20592784126984123,0.21338095238095237,0.8555555555555555,5.473444433333333
kpx_group_2,moderate_residual,2022-07-27 23:00:00,2022-07-28 01:00:00,3,0.05937037037037033,0.0743245833333333,0.05937037037037033,0.0,0.5092592592592592,4.318518518518519
kpx_group_2,moderate_residual,2024-02-15 19:00:00,2024-02-15 21:00:00,3,0.0593248919753086,0.0763830555555555,0.09842983024691353,0.039104938271604904,0.6388888888888887,5.764703703703703
kpx_group_3,moderate_residual,2023-04-26 06:00:00,2023-04-26 08:00:00,3,0.059265825396825296,0.0817027619047618,0.7112200476190477,0.673079365079365,0.9666666666666667,10.381333288888891
kpx_group_2,moderate_residual,2024-12-31 12:00:00,2024-12-31 14:00:00,3,0.059231805555555496,0.0998976388888888,0.33792007716049377,0.2786882716049382,0.9259259259259259,7.247037037037036
kpx_group_2,moderate_residual,2022-07-11 12:00:00,2022-07-11 14:00:00,3,0.059108348765432035,0.0654200925925925,0.16829044753086417,0.10918209876543204,0.8611111111111112,6.189814814814816
kpx_group_1,moderate_residual,2024-02-05 01:00:00,2024-02-05 03:00:00,3,0.05904077160493824,0.0790117129629629,0.09485867283950611,0.035817901234567864,0.648148148148148,7.681574074074074
kpx_group_2,moderate_residual,2022-04-17 14:00:00,2022-04-17 16:00:00,3,0.05899091049382713,0.0763333333333333,0.08414523148148144,0.0251543209876543,0.8148148148148149,4.950925925925926
kpx_group_1,moderate_residual,2022-03-27 06:00:00,2022-03-27 08:00:00,3,0.05883624999999997,0.0862071296296296,0.3780955092592593,0.3192592592592593,0.8333333333333334,7.9944444444444445
kpx_group_2,moderate_residual,2024-11-12 13:00:00,2024-11-12 15:00:00,3,0.058332685185185106,0.0692426851851851,0.12141910493827157,0.06308641975308639,0.851851851851852,5.341296296296297
kpx_group_1,moderate_residual,2022-01-19 10:00:00,2022-01-19 12:00:00,3,0.05831628086419751,0.0806983333333333,0.09151072530864197,0.03319444444444437,0.7407407407407406,5.2592592592592595
kpx_group_1,moderate_residual,2023-12-10 03:00:00,2023-12-10 05:00:00,3,0.058113055555555536,0.0863688888888889,0.15311305555555552,0.09499999999999997,0.8148148148148149,6.067259259259259
kpx_group_2,moderate_residual,2024-12-11 09:00:00,2024-12-11 11:00:00,3,0.058091620370370335,0.0719936574074074,0.06762865740740737,0.009537037037037,0.6851851851851851,4.508055555555555
kpx_group_3,moderate_residual,2023-02-27 22:00:00,2023-02-28 00:00:00,3,0.057837761904761836,0.0590210476190475,0.577148873015873,0.5978888888888889,1.0,8.601888855555556
kpx_group_2,moderate_residual,2022-06-11 12:00:00,2022-06-11 14:00:00,3,0.057584799382716,0.0890555555555555,0.057584799382716,0.0,0.7685185185185185,4.708333333333333
kpx_group_2,moderate_residual,2024-06-16 11:00:00,2024-06-16 13:00:00,3,0.0575277932098765,0.0846544907407407,0.2586852006172839,0.2011574074074074,0.9074074074074074,6.481231481481481
kpx_group_2,moderate_residual,2022-07-31 07:00:00,2022-07-31 09:00:00,3,0.0569152006172839,0.0903947222222222,0.0569152006172839,0.0,0.4814814814814814,4.20925925925926
kpx_group_1,moderate_residual,2024-05-13 03:00:00,2024-05-13 05:00:00,3,0.05690009259259254,0.1084156944444444,0.16583527777777776,0.10893518518518515,0.8703703703703703,5.6603611111111105
kpx_group_3,moderate_residual,2024-06-25 01:00:00,2024-06-25 03:00:00,3,0.05647117460317456,0.0772430952380952,0.3420651746031746,0.3634920634920635,0.9444444444444445,6.6821110555555565
kpx_group_1,moderate_residual,2022-08-12 14:00:00,2022-08-12 16:00:00,3,0.056379459876543164,0.0770029166666666,0.0642806944444444,0.0079012345679012,0.6574074074074073,4.552777777777778
kpx_group_2,moderate_residual,2024-12-13 09:00:00,2024-12-13 11:00:00,3,0.05627160493827157,0.0952709722222222,0.2671666666666666,0.21089506172839503,0.9351851851851851,6.640833333333333
kpx_group_3,moderate_residual,2023-03-06 03:00:00,2023-03-06 05:00:00,3,0.05624377777777773,0.0747498571428572,0.6409704126984127,0.6473809523809524,1.0,8.79966662222222
kpx_group_3,moderate_residual,2024-12-13 23:00:00,2024-12-14 01:00:00,3,0.05608387301587293,0.0847839523809523,0.5163117777777778,0.5158730158730158,0.8000000000000002,8.623666600000002
kpx_group_3,moderate_residual,2023-12-25 16:00:00,2023-12-25 18:00:00,3,0.0556695079365079,0.0753022380952381,0.8101664285714286,0.8046984126984128,1.0,10.611222177777778
kpx_group_3,moderate_residual,2024-08-03 04:00:00,2024-08-03 06:00:00,3,0.055652460317460295,0.0771458571428571,0.45501553968253966,0.45079365079365075,0.9444444444444445,7.6429999777777775
kpx_group_3,moderate_residual,2024-03-30 22:00:00,2024-03-31 00:00:00,3,0.055600333333333335,0.0704180476190476,0.5826586507936509,0.5571428571428572,1.0,8.276888777777778
kpx_group_3,moderate_residual,2024-12-05 05:00:00,2024-12-05 07:00:00,3,0.05559966666666663,0.0939569047619047,0.7429012539682539,0.6873015873015872,0.7888888888888891,13.295555544444445
kpx_group_1,moderate_residual,2022-08-14 13:00:00,2022-08-14 15:00:00,3,0.055598611111111064,0.0636656944444444,0.07700293209876541,0.0214043209876543,0.6851851851851851,4.70925925925926
kpx_group_1,moderate_residual,2023-01-10 16:00:00,2023-01-10 18:00:00,3,0.05541081790123453,0.0575385185185185,0.32943859567901235,0.2740277777777778,0.8333333333333334,7.4361296296296295
kpx_group_2,moderate_residual,2022-02-11 01:00:00,2022-02-11 03:00:00,3,0.05535282407407403,0.0857075925925926,0.05535282407407403,0.0,0.7129629629629629,4.69537037037037
kpx_group_2,moderate_residual,2022-05-16 16:00:00,2022-05-16 18:00:00,3,0.05520452160493824,0.0652139351851851,0.4164853858024691,0.36128086419753086,0.9722222222222224,8.024074074074074
kpx_group_1,moderate_residual,2022-12-16 12:00:00,2022-12-16 14:00:00,3,0.05514733024691353,0.0795511574074074,0.07544054012345676,0.020293209876543167,0.6296296296296297,5.811481481481482
kpx_group_1,moderate_residual,2023-06-09 11:00:00,2023-06-09 13:00:00,3,0.05498455246913577,0.0649502777777777,0.12722220679012342,0.07223765432098764,0.7314814814814814,5.158953703703703
kpx_group_3,moderate_residual,2023-01-30 04:00:00,2023-01-30 06:00:00,3,0.05483942857142853,0.0791844761904762,0.6478576507936508,0.6234285714285716,1.0,8.591777733333332
kpx_group_1,moderate_residual,2024-06-10 10:00:00,2024-06-10 12:00:00,3,0.0546911882716049,0.0732290277777777,0.11516958333333331,0.06047839506172836,0.6759259259259259,5.4962129629629635
kpx_group_1,moderate_residual,2024-10-27 00:00:00,2024-10-27 02:00:00,3,0.054670401234567866,0.0763333333333333,0.05669200617283946,0.0020216049382716,0.7222222222222222,4.706638888888889
kpx_group_3,moderate_residual,2023-08-29 09:00:00,2023-08-29 11:00:00,3,0.05440434920634913,0.0647884761904762,0.6253593968253969,0.6365714285714286,1.0,9.098888888888888
kpx_group_2,moderate_residual,2022-09-21 01:00:00,2022-09-21 03:00:00,3,0.0543302469135802,0.0796812962962962,0.09329629629629622,0.038966049382716035,0.8518518518518517,4.737962962962963
kpx_group_1,moderate_residual,2024-04-05 06:00:00,2024-04-05 08:00:00,3,0.054067746913580204,0.0783348148148148,0.10244737654320986,0.04837962962962957,0.8055555555555557,5.058185185185185
kpx_group_2,moderate_residual,2024-12-19 08:00:00,2024-12-19 10:00:00,3,0.05393242283950613,0.0675424074074074,0.07075341049382713,0.016820987654320968,0.7685185185185186,4.911157407407408
kpx_group_2,moderate_residual,2024-09-11 03:00:00,2024-09-11 05:00:00,3,0.05381075617283946,0.0782231944444444,0.13972124999999994,0.08591049382716043,0.8333333333333334,6.00962962962963
kpx_group_3,moderate_residual,2023-06-28 07:00:00,2023-06-28 09:00:00,3,0.05355806349206346,0.0668611428571429,0.6634686666666666,0.6414126984126984,0.9888888888888889,9.336666622222223
kpx_group_3,moderate_residual,2024-05-06 22:00:00,2024-05-07 00:00:00,3,0.053546888888888866,0.0713824761904762,0.39326015873015874,0.38730158730158726,0.9666666666666667,6.871555511111111
kpx_group_2,moderate_residual,2024-02-08 09:00:00,2024-02-08 11:00:00,3,0.05321635802469133,0.0846549537037037,0.05803117283950613,0.0048148148148148,0.47222222222222215,6.12587962962963
kpx_group_1,moderate_residual,2022-08-06 07:00:00,2022-08-06 09:00:00,3,0.05276787037037033,0.0606656944444444,0.07053021604938266,0.01776234567901233,0.8240740740740741,4.861111111111111
kpx_group_3,moderate_residual,2024-10-01 02:00:00,2024-10-01 04:00:00,3,0.05258579365079363,0.0737323333333334,0.4823348412698412,0.5349206349206349,0.9444444444444445,7.868222200000001
kpx_group_3,moderate_residual,2024-07-31 20:00:00,2024-07-31 22:00:00,3,0.05256976190476187,0.0771589047619047,0.5805924920634921,0.6095238095238095,0.9888888888888889,8.821999966666667
kpx_group_3,moderate_residual,2023-03-02 22:00:00,2023-03-03 00:00:00,3,0.05250860317460317,0.0643188095238095,0.855851619047619,0.8462222222222221,1.0,10.847555522222223
kpx_group_3,moderate_residual,2023-05-16 18:00:00,2023-05-16 20:00:00,3,0.052499412698412705,0.0631122857142857,0.5057513809523809,0.5239523809523808,1.0,8.38566661111111
kpx_group_3,moderate_residual,2023-10-04 07:00:00,2023-10-04 09:00:00,3,0.052492904761904734,0.0803368571428572,0.5548802063492063,0.5279999999999999,0.9333333333333332,9.000888855555557
kpx_group_2,moderate_residual,2023-05-31 06:00:00,2023-05-31 08:00:00,3,0.052477901234567866,0.0569151851851851,0.07834209876543204,0.025864197530864164,0.648148148148148,4.777296296296297
kpx_group_3,moderate_residual,2024-11-21 15:00:00,2024-11-21 17:00:00,3,0.052367904761904734,0.0841964761904762,0.45570425396825404,0.4238095238095238,0.9777777777777779,7.535333311111111
kpx_group_3,moderate_residual,2024-10-23 17:00:00,2024-10-23 19:00:00,3,0.05215038095238093,0.0816320952380952,0.7759599047619048,0.7238095238095239,0.9333333333333335,12.070777777777778
kpx_group_1,moderate_residual,2022-12-05 16:00:00,2022-12-05 18:00:00,3,0.05209874999999997,0.0704624537037037,0.08481479938271601,0.032716049382716,0.6574074074074073,5.467592592592593
kpx_group_3,moderate_residual,2023-07-23 17:00:00,2023-07-23 19:00:00,3,0.052098253968253905,0.0717589047619047,0.421497746031746,0.3914920634920635,1.0,7.4624444
kpx_group_3,moderate_residual,2023-07-07 21:00:00,2023-07-07 23:00:00,3,0.05193799999999993,0.0778611428571428,0.28306466666666663,0.283095238095238,0.8000000000000002,7.181666633333333
kpx_group_2,moderate_residual,2024-03-06 03:00:00,2024-03-06 05:00:00,3,0.05182358024691353,0.0568348148148148,0.06561987654320985,0.013796296296296267,0.45370370370370366,7.448990740740741
kpx_group_3,moderate_residual,2023-03-08 09:00:00,2023-03-08 11:00:00,3,0.0516462857142857,0.0574360952380952,0.4056571428571429,0.3923015873015872,1.0,7.182222166666667
kpx_group_3,moderate_residual,2023-06-08 04:00:00,2023-06-08 06:00:00,3,0.051618380952380895,0.0632827142857143,0.5927599047619047,0.5797460317460318,0.9666666666666667,9.009111033333333
kpx_group_2,moderate_residual,2024-10-02 08:00:00,2024-10-02 10:00:00,3,0.05160299382716047,0.0660506944444444,0.08860916666666663,0.03700617283950613,0.7407407407407408,4.767407407407408
kpx_group_1,moderate_residual,2024-06-08 21:00:00,2024-06-08 23:00:00,3,0.05122677469135803,0.0633645370370371,0.3332329475308642,0.2820061728395062,0.8333333333333334,7.996398148148148
kpx_group_2,moderate_residual,2022-11-11 07:00:00,2022-11-11 09:00:00,3,0.05120435185185184,0.0601398611111111,0.06941422839506166,0.018209876543209835,0.6851851851851851,4.781481481481482
kpx_group_3,moderate_residual,2023-10-31 21:00:00,2023-10-31 23:00:00,3,0.05108120634920633,0.0612591428571428,0.5778375873015872,0.5880793650793651,0.8000000000000002,9.791666597222223
kpx_group_3,moderate_residual,2024-01-04 08:00:00,2024-01-04 10:00:00,3,0.050851126984126936,0.0802180476190476,0.6639278253968254,0.6411428571428571,1.0,8.568111044444445
kpx_group_2,moderate_residual,2024-06-29 20:00:00,2024-06-29 22:00:00,3,0.0508253703703703,0.0737441666666666,0.1091432716049382,0.05831790123456787,0.6574074074074074,5.466296296296296
kpx_group_1,moderate_residual,2022-07-08 20:00:00,2022-07-08 22:00:00,3,0.0507531018518518,0.0604951388888889,0.17387038580246908,0.12311728395061723,0.7407407407407408,6.478703703703704
kpx_group_2,moderate_residual,2023-05-15 16:00:00,2023-05-15 18:00:00,3,0.05054987654320983,0.0655813888888889,0.2778801234567901,0.2273302469135802,0.888888888888889,6.8501111111111115
kpx_group_2,moderate_residual,2023-05-13 05:00:00,2023-05-13 07:00:00,3,0.05041731481481476,0.0716462037037037,0.0694142283950617,0.0189969135802469,0.7777777777777778,4.421648148148148
kpx_group_1,moderate_residual,2022-08-18 06:00:00,2022-08-18 08:00:00,3,0.050205972222222166,0.0687880092592592,0.22810720679012345,0.1779012345679012,0.6666666666666666,6.093518518518518
kpx_group_3,moderate_residual,2023-01-20 17:00:00,2023-01-20 19:00:00,3,0.04946465079365076,0.0621954761904761,0.5720982380952381,0.5579999999999999,0.9666666666666667,8.306444399999998
kpx_group_3,moderate_residual,2023-04-26 01:00:00,2023-04-26 03:00:00,3,0.04931177777777773,0.0547944761904762,0.5064400952380953,0.5192222222222221,1.0,7.8208888777777785
kpx_group_3,moderate_residual,2024-05-20 09:00:00,2024-05-20 11:00:00,3,0.048907603174603104,0.0709303333333333,0.29844611111111113,0.2968253968253968,0.8888888888888888,6.227999977777778
kpx_group_1,moderate_residual,2024-06-10 14:00:00,2024-06-10 16:00:00,3,0.04848864197530859,0.0789839351851851,0.19953802469135798,0.1510493827160493,0.7962962962962964,6.439074074074075
kpx_group_3,moderate_residual,2023-08-10 12:00:00,2023-08-10 14:00:00,3,0.04846165079365077,0.0606621428571428,0.30051228571428573,0.2924920634920634,0.8333333333333334,6.282888866666667
kpx_group_3,moderate_residual,2024-01-28 11:00:00,2024-01-28 13:00:00,3,0.04843176190476183,0.0529949999999999,0.22176842857142853,0.20866666666666664,0.8555555555555555,5.154111077777778
kpx_group_1,moderate_residual,2024-08-20 09:00:00,2024-08-20 11:00:00,3,0.0480672530864197,0.0658206481481481,0.146863549382716,0.09879629629629623,0.7314814814814815,5.395203703703704
kpx_group_3,moderate_residual,2024-11-02 13:00:00,2024-11-02 15:00:00,3,0.0480541428571428,0.0716741904761904,0.37328722222222216,0.373015873015873,0.9888888888888889,6.937333322222222
kpx_group_2,moderate_residual,2022-11-23 00:00:00,2022-11-23 02:00:00,3,0.047987314814814774,0.0810204629629629,0.047987314814814774,0.0,0.40740740740740744,4.375
kpx_group_3,moderate_residual,2023-07-23 22:00:00,2023-07-24 00:00:00,3,0.04785144444444437,0.0492746666666666,0.5957443650793651,0.6107460317460317,1.0,8.943555488888888
kpx_group_3,moderate_residual,2024-08-05 21:00:00,2024-08-05 23:00:00,3,0.04783458730158727,0.0581142857142857,0.23852731746031738,0.2476190476190476,0.8333333333333334,5.900999977777778
kpx_group_3,moderate_residual,2023-02-11 16:00:00,2023-02-11 18:00:00,3,0.047775111111111025,0.0596350952380951,0.4600661587301587,0.5078412698412698,0.9777777777777777,7.379777755555556
kpx_group_1,moderate_residual,2023-05-14 09:00:00,2023-05-14 11:00:00,3,0.04771589506172833,0.0650019444444444,0.07276219135802463,0.025046296296296233,0.6944444444444443,4.612675925925926
kpx_group_3,moderate_residual,2023-02-10 17:00:00,2023-02-10 19:00:00,3,0.04765914285714284,0.0690636666666666,0.1792972380952381,0.1988888888888888,0.8444444444444446,4.9721111
kpx_group_3,moderate_residual,2024-10-30 07:00:00,2024-10-30 09:00:00,3,0.04753117460317457,0.0691248095238095,0.43642006349206347,0.38888888888888884,0.9,7.2756666333333335
kpx_group_3,moderate_residual,2023-09-20 18:00:00,2023-09-20 20:00:00,3,0.047394317460317394,0.0547559047619047,0.4694786984126984,0.5168730158730158,1.0,7.6277777222222225
kpx_group_3,moderate_residual,2023-11-03 22:00:00,2023-11-04 00:00:00,3,0.0473169682539682,0.0501589047619047,0.25781153968253967,0.2396507936507936,0.9888888888888889,6.0511111
kpx_group_3,moderate_residual,2023-08-10 17:00:00,2023-08-10 19:00:00,3,0.04711963492063487,0.069893238095238,0.3301273174603174,0.32960317460317456,0.9666666666666667,6.444666633333334
kpx_group_1,moderate_residual,2022-03-30 08:00:00,2022-03-30 10:00:00,3,0.04711614197530863,0.0581247685185185,0.2718537962962963,0.2247376543209876,0.8333333333333334,6.875925925925926
kpx_group_1,moderate_residual,2024-06-12 11:00:00,2024-06-12 13:00:00,3,0.046989274691357996,0.0676286574074074,0.08235964506172837,0.035370370370370365,0.6851851851851851,4.871453703703703
kpx_group_2,moderate_residual,2023-02-11 09:00:00,2023-02-11 11:00:00,3,0.04698699074074066,0.0721076851851851,0.14686353395061724,0.09987654320987649,0.8333333333333334,5.676388888888888
kpx_group_3,moderate_residual,2023-04-07 01:00:00,2023-04-07 03:00:00,3,0.04673682539682533,0.0528270476190476,0.5360551428571428,0.5595555555555555,1.0,8.117111033333332
kpx_group_3,moderate_residual,2023-01-11 11:00:00,2023-01-11 13:00:00,3,0.046420714285714204,0.0545473809523808,0.7305042698412699,0.7204444444444444,0.9,10.401999966666667
kpx_group_1,moderate_residual,2023-07-26 14:00:00,2023-07-26 16:00:00,3,0.046378657407407375,0.0615531018518518,0.08883236111111108,0.04245370370370367,0.7685185185185185,4.877444444444444
kpx_group_2,moderate_residual,2022-05-11 14:00:00,2022-05-11 16:00:00,3,0.0463589969135802,0.0573869444444444,0.0511120833333333,0.004753086419753067,0.7314814814814815,4.426851851851851
kpx_group_3,moderate_residual,2023-01-21 00:00:00,2023-01-21 02:00:00,3,0.04632046031746031,0.059760380952381,0.42999198412698414,0.41631746031746025,0.9333333333333335,6.813444400000001
kpx_group_3,moderate_residual,2023-02-04 00:00:00,2023-02-04 02:00:00,3,0.04598344444444444,0.0646791904761905,0.529397507936508,0.5753809523809524,1.0,7.811666633333334
kpx_group_3,moderate_residual,2024-10-23 22:00:00,2024-10-24 00:00:00,3,0.045786793650793634,0.0578646666666666,0.4658055238095238,0.47301587301587306,0.9555555555555556,7.436555522222222
kpx_group_2,moderate_residual,2024-10-24 09:00:00,2024-10-24 11:00:00,3,0.04576575617283943,0.0628781481481481,0.13860526234567896,0.09283950617283947,0.7685185185185186,5.0745555555555555
kpx_group_1,moderate_residual,2024-07-22 18:00:00,2024-07-22 20:00:00,3,0.045753734567901196,0.052873287037037,0.2644883024691358,0.21873456790123455,0.8333333333333334,7.081268518518518
kpx_group_2,moderate_residual,2023-09-17 23:00:00,2023-09-18 01:00:00,3,0.045622006172839465,0.05016375,0.05267447530864194,0.007052469135802433,0.7037037037037037,4.54787962962963
kpx_group_3,moderate_residual,2024-08-01 06:00:00,2024-08-01 08:00:00,3,0.0453553809523809,0.0513914761904761,0.614799,0.5952380952380952,1.0,8.906444355555555
kpx_group_3,moderate_residual,2023-06-01 21:00:00,2023-06-01 23:00:00,3,0.04532515873015867,0.0532396190476189,0.39831077777777774,0.40814285714285714,1.0,7.527222166666667
kpx_group_3,moderate_residual,2024-10-22 20:00:00,2024-10-22 22:00:00,3,0.045319619047619,0.0522756666666666,0.4276962539682539,0.47301587301587295,1.0,7.701111022222222
kpx_group_3,moderate_residual,2024-05-18 09:00:00,2024-05-18 11:00:00,3,0.04528020634920634,0.0598546190476191,0.6595659206349206,0.6142857142857142,0.9777777777777777,9.426555522222221
kpx_group_3,moderate_residual,2024-11-17 04:00:00,2024-11-17 06:00:00,3,0.0448979047619047,0.0681112857142857,0.31245012698412694,0.29047619047619044,0.8666666666666667,6.261555544444444
kpx_group_3,moderate_residual,2024-02-10 19:00:00,2024-02-10 21:00:00,3,0.04482104761904754,0.0533949999999999,0.31727117460317455,0.33539682539682536,0.9777777777777779,6.0917777555555555
kpx_group_1,moderate_residual,2022-11-08 11:00:00,2022-11-08 13:00:00,3,0.04481919753086416,0.0558581944444444,0.07097660493827157,0.02615740740740737,0.6666666666666666,4.9064814814814826
kpx_group_3,moderate_residual,2024-09-14 05:00:00,2024-09-14 07:00:00,3,0.04475555555555547,0.0462967619047618,0.2265894603174603,0.2126984126984127,0.8777777777777778,5.852
kpx_group_2,moderate_residual,2024-10-29 10:00:00,2024-10-29 12:00:00,3,0.04463936728395057,0.0609327314814814,0.04463936728395057,0.0,0.5185185185185185,4.5191944444444445
kpx_group_3,moderate_residual,2024-12-09 19:00:00,2024-12-09 21:00:00,3,0.044544714285714236,0.0601814761904761,0.3567578888888889,0.37936507936507935,0.7000000000000001,7.333888822222224
kpx_group_3,moderate_residual,2024-05-04 23:00:00,2024-05-05 01:00:00,3,0.04452899999999993,0.060890238095238,0.27066766666666664,0.27460317460317457,0.8666666666666666,6.1859999666666665
kpx_group_3,moderate_residual,2024-05-18 17:00:00,2024-05-18 19:00:00,3,0.04445212698412696,0.0657884761904762,0.49840501587301594,0.5428571428571428,0.9555555555555556,8.01544438888889
kpx_group_1,moderate_residual,2022-07-01 13:00:00,2022-07-01 15:00:00,3,0.044224182098765365,0.0488801388888888,0.047094552469135735,0.002870370370370367,0.5925925925925926,4.642592592592592
kpx_group_2,moderate_residual,2023-02-26 02:00:00,2023-02-26 04:00:00,3,0.044165200617283906,0.0690009722222222,0.12476705246913576,0.0806018518518518,0.8981481481481483,5.26649074074074
kpx_group_1,moderate_residual,2022-06-19 15:00:00,2022-06-19 17:00:00,3,0.04415612654320983,0.056528287037037,0.0647271141975308,0.020570987654320968,0.6944444444444443,4.516666666666667
kpx_group_2,moderate_residual,2024-06-29 16:00:00,2024-06-29 18:00:00,3,0.0439429783950617,0.0488075,0.06963742283950614,0.025694444444444398,0.7777777777777778,4.831731481481481
kpx_group_3,moderate_residual,2023-04-18 22:00:00,2023-04-19 00:00:00,3,0.04374401587301587,0.0532185238095238,0.5927598888888889,0.5490158730158731,0.9888888888888889,8.671888833333332
kpx_group_2,moderate_residual,2022-02-14 07:00:00,2022-02-14 09:00:00,3,0.043300185185185136,0.0589239814814814,0.043300185185185136,0.0,0.7314814814814815,4.6796296296296305
kpx_group_3,moderate_residual,2023-03-09 20:00:00,2023-03-09 22:00:00,3,0.043212365079364996,0.0573463809523809,0.38155188888888886,0.3614920634920635,0.9777777777777779,6.999222188888889
kpx_group_1,moderate_residual,2023-01-12 11:00:00,2023-01-12 13:00:00,3,0.04312621913580244,0.0478776851851852,0.11159844135802466,0.06847222222222216,0.7685185185185185,5.127675925925926
kpx_group_3,moderate_residual,2023-12-05 02:00:00,2023-12-05 04:00:00,3,0.0430165555555555,0.0500300952380952,0.30395588888888886,0.29031746031746025,0.9222222222222222,6.225444422222222
kpx_group_3,moderate_residual,2023-06-08 17:00:00,2023-06-08 19:00:00,3,0.0428364285714285,0.0480867142857142,0.16116090476190473,0.14158730158730157,0.7888888888888891,5.823888888888888
kpx_group_3,moderate_residual,2023-04-27 21:00:00,2023-04-27 23:00:00,3,0.04238379365079364,0.0606957619047619,0.46075487301587303,0.47982539682539677,1.0,7.7645555111111095
kpx_group_3,moderate_residual,2024-11-28 08:00:00,2024-11-28 10:00:00,3,0.04228071428571426,0.044943380952381,0.8340421111111112,0.8174603174603176,1.0,11.256777711111111
kpx_group_3,moderate_residual,2024-02-19 16:00:00,2024-02-19 18:00:00,3,0.04216858730158727,0.0468245714285714,0.2226867142857142,0.2356031746031745,0.9666666666666667,5.755
kpx_group_2,moderate_residual,2022-08-18 16:00:00,2022-08-18 18:00:00,3,0.04198148148148143,0.0549064351851851,0.0763333333333333,0.034351851851851835,0.8055555555555555,4.952777777777778
kpx_group_3,moderate_residual,2023-06-22 05:00:00,2023-06-22 07:00:00,3,0.041949714285714236,0.0559263333333333,0.28306466666666663,0.2877301587301588,1.0,6.451333322222222
kpx_group_3,moderate_residual,2023-04-10 17:00:00,2023-04-10 19:00:00,3,0.04182087301587297,0.0482345714285714,0.7063989999999999,0.716063492063492,0.9444444444444443,10.835333288888888
kpx_group_3,moderate_residual,2024-03-04 06:00:00,2024-03-04 08:00:00,3,0.04179917460317457,0.0493253333333333,0.4885333333333333,0.4761904761904761,1.0,7.450666577777778
kpx_group_3,moderate_residual,2023-01-17 01:00:00,2023-01-17 03:00:00,3,0.04173633333333337,0.0611097619047619,0.7183368412698412,0.7193333333333333,1.0,9.244111066666667
kpx_group_3,moderate_residual,2024-03-28 01:00:00,2024-03-28 03:00:00,3,0.041055619047618966,0.0450927142857142,0.3046446031746031,0.2936507936507936,0.9111111111111111,6.208444444444443
kpx_group_3,moderate_residual,2024-04-26 05:00:00,2024-04-26 07:00:00,3,0.04089458730158724,0.0541634285714285,0.48692633333333335,0.446031746031746,0.9555555555555556,7.646555533333333
kpx_group_1,moderate_residual,2022-03-21 02:00:00,2022-03-21 04:00:00,3,0.04084503086419747,0.0602631481481481,0.04084503086419747,0.0,0.3333333333333333,5.248148148148148
kpx_group_3,moderate_residual,2024-07-09 06:00:00,2024-07-09 08:00:00,3,0.040748539682539664,0.0513624285714285,0.22085012698412698,0.20317460317460315,0.811111111111111,5.553777766666667
kpx_group_2,moderate_residual,2022-09-13 01:00:00,2022-09-13 03:00:00,3,0.04062183641975307,0.0455321759259259,0.04062183641975307,0.0,0.7962962962962963,4.5509259259259265
kpx_group_3,moderate_residual,2024-05-12 09:00:00,2024-05-12 11:00:00,3,0.04056141269841267,0.0471378571428571,0.356298746031746,0.36984126984126986,0.9555555555555556,6.540444433333334
kpx_group_2,moderate_residual,2023-11-05 01:00:00,2023-11-05 03:00:00,3,0.040502762345679004,0.043835787037037,0.04798733024691357,0.007484567901234567,0.5462962962962963,4.18787037037037
kpx_group_3,moderate_residual,2024-01-03 14:00:00,2024-01-03 16:00:00,3,0.040242952380952296,0.0530777142857142,0.5730165396825396,0.5681587301587301,0.8555555555555556,9.0319999
kpx_group_3,moderate_residual,2023-07-25 16:00:00,2023-07-25 18:00:00,3,0.04023242857142854,0.0495644285714285,0.4233343333333333,0.4305238095238095,1.0,7.44277771111111
kpx_group_3,moderate_residual,2023-04-16 23:00:00,2023-04-17 01:00:00,3,0.040156380952380936,0.0504170476190476,0.3537734285714285,0.37126984126984125,1.0,6.898222211111111
kpx_group_3,moderate_residual,2023-03-01 08:00:00,2023-03-01 10:00:00,3,0.03980768253968244,0.044335857142857,0.45662257142857143,0.4668730158730159,0.9111111111111111,7.8856666
kpx_group_2,moderate_residual,2022-10-13 06:00:00,2022-10-13 08:00:00,3,0.03979206790123454,0.0436018518518518,0.09374268518518514,0.053950617283950564,0.7407407407407408,5.231481481481481
kpx_group_3,moderate_residual,2023-07-14 22:00:00,2023-07-15 00:00:00,3,0.039735015873015804,0.042095238095238,0.7601193015873017,0.7465079365079365,0.9555555555555556,11.29577772222222
kpx_group_3,moderate_residual,2023-11-16 04:00:00,2023-11-16 06:00:00,3,0.0395640793650793,0.0441378571428571,0.7493293174603174,0.7391904761904762,1.0,9.573222044444444
kpx_group_2,moderate_residual,2023-08-25 04:00:00,2023-08-25 06:00:00,3,0.0394842283950617,0.0504410185185185,0.1328021296296296,0.09331790123456786,0.6759259259259259,5.444925925925926
kpx_group_1,moderate_residual,2024-05-28 07:00:00,2024-05-28 09:00:00,3,0.039376049382716,0.0577568055555555,0.226768024691358,0.18739197530864193,0.8240740740740741,6.745361111111111
kpx_group_2,moderate_residual,2024-07-14 05:00:00,2024-07-14 07:00:00,3,0.03910558641975303,0.0468713425925925,0.04821052469135797,0.009104938271604933,0.6018518518518517,4.337740740740742
kpx_group_2,moderate_residual,2022-07-30 10:00:00,2022-07-30 12:00:00,3,0.03883624999999997,0.0395058333333333,0.03883624999999997,0.0,0.5648148148148148,4.652777777777778
kpx_group_3,moderate_residual,2023-09-28 23:00:00,2023-09-29 01:00:00,3,0.03846133333333333,0.0451052857142857,0.3797153015873016,0.3412539682539682,0.8222222222222223,6.806888877777777
kpx_group_1,moderate_residual,2023-05-13 03:00:00,2023-05-13 05:00:00,3,0.03819865740740736,0.0410648148148148,0.12253507716049379,0.08433641975308637,0.8333333333333334,5.656879629629629
kpx_group_3,moderate_residual,2024-06-10 22:00:00,2024-06-11 00:00:00,3,0.037781444444444395,0.0426365714285714,0.6604842063492063,0.6698412698412698,1.0,9.552888811111112
kpx_group_1,moderate_residual,2022-04-02 22:00:00,2022-04-03 00:00:00,3,0.037387098765432066,0.041574074074074,0.21092104938271602,0.1735339506172839,0.8240740740740741,6.689814814814814
kpx_group_2,moderate_residual,2024-07-01 08:00:00,2024-07-01 10:00:00,3,0.03733121913580243,0.0399770833333333,0.09351949074074072,0.05618827160493823,0.7037037037037037,4.646601851851853
kpx_group_1,moderate_residual,2023-06-23 03:00:00,2023-06-23 05:00:00,3,0.037259413580246835,0.046545324074074,0.08838595679012344,0.0511265432098765,0.8425925925925926,4.820777777777778
kpx_group_2,moderate_residual,2023-06-22 11:00:00,2023-06-22 13:00:00,3,0.037255370370370335,0.0401486574074074,0.1475331481481481,0.1102777777777777,0.7129629629629629,5.068898148148148
kpx_group_3,moderate_residual,2024-06-24 17:00:00,2024-06-24 19:00:00,3,0.03628973015873014,0.0409222857142857,0.22613033333333332,0.23968253968253964,0.8999999999999999,5.754999988888888
kpx_group_3,moderate_residual,2023-05-05 06:00:00,2023-05-05 08:00:00,3,0.036279365079365036,0.0413478571428571,0.5877092698412699,0.6013333333333334,1.0,8.80977767777778
kpx_group_3,moderate_residual,2023-05-17 07:00:00,2023-05-17 09:00:00,3,0.036034587301587234,0.0415478571428571,0.2511538888888889,0.26414285714285707,0.9222222222222224,6.619333322222222
kpx_group_3,moderate_residual,2023-05-08 19:00:00,2023-05-08 21:00:00,3,0.035761888888888864,0.0390450952380952,0.28352382539682536,0.3192857142857143,0.8555555555555555,6.190999966666666
kpx_group_1,moderate_residual,2022-09-07 14:00:00,2022-09-07 16:00:00,3,0.03533870370370367,0.0408450462962962,0.04575537037037031,0.010416666666666633,0.7037037037037037,4.322222222222222
kpx_group_1,moderate_residual,2022-03-29 01:00:00,2022-03-29 03:00:00,3,0.035331049382716,0.0373455092592592,0.17900388888888882,0.14367283950617282,0.8333333333333334,6.280555555555555
kpx_group_2,moderate_residual,2023-10-21 01:00:00,2023-10-21 03:00:00,3,0.03517251543209873,0.0364571296296296,0.35332066358024683,0.3181481481481481,0.9629629629629629,7.232518518518519
kpx_group_1,moderate_residual,2022-07-28 21:00:00,2022-07-28 23:00:00,3,0.03503638888888883,0.0415268055555555,0.04932651234567894,0.0142901234567901,0.5925925925925926,4.542592592592594
kpx_group_3,moderate_residual,2024-02-22 00:00:00,2024-02-22 02:00:00,3,0.03466565079365073,0.036502238095238,0.03466565079365073,0.0,0.24444444444444438,9.684722138888889
kpx_group_3,moderate_residual,2024-11-27 08:00:00,2024-11-27 10:00:00,3,0.0346245714285714,0.0368350952380952,0.7640220634920635,0.7523809523809524,0.9888888888888889,10.308999944444444
kpx_group_1,moderate_residual,2024-03-30 11:00:00,2024-03-30 13:00:00,3,0.034610787037037,0.0350492129629629,0.3671588734567901,0.3791975308641975,1.0,7.555685185185186
kpx_group_2,moderate_residual,2024-07-13 22:00:00,2024-07-14 00:00:00,3,0.034149104938271564,0.0401754166666666,0.034149104938271564,0.0,0.3981481481481481,3.9139444444444442
kpx_group_3,moderate_residual,2023-03-15 01:00:00,2023-03-15 03:00:00,3,0.0336865555555555,0.0360626666666666,0.49381353968253977,0.4601269841269841,0.9888888888888889,7.785444377777778
kpx_group_3,moderate_residual,2023-10-25 21:00:00,2023-10-25 23:00:00,3,0.033278873015873,0.0346340952380953,0.37971528571428576,0.3899047619047618,0.6,9.263148074074074
kpx_group_3,moderate_residual,2024-04-07 04:00:00,2024-04-07 06:00:00,3,0.0328424444444444,0.0361593809523809,0.588398,0.5555555555555555,0.9888888888888889,8.254333244444444
kpx_group_1,moderate_residual,2022-05-10 14:00:00,2022-05-10 16:00:00,3,0.032660663580246864,0.0349366666666666,0.0671822685185185,0.03452160493827157,0.6759259259259259,4.469444444444444
kpx_group_3,low_online_label_positive,2023-04-12 04:00:00,2023-04-12 06:00:00,3,0.022392984126984098,0.0401859523809524,0.39096441269841264,0.36857142857142855,0.4000000000000001,12.1553333
kpx_group_3,low_online_label_positive,2023-04-30 00:00:00,2023-04-30 02:00:00,3,0.020448619047619,0.0323127619047619,0.2226867142857142,0.20223809523809522,0.27777777777777773,16.01588887777778
kpx_group_3,low_online_label_positive,2023-11-06 16:00:00,2023-11-06 18:00:00,3,0.020190317460317398,0.0463789523809523,0.2493173015873015,0.22912698412698407,0.43333333333333335,19.759527777777777
kpx_group_3,low_online_label_positive,2024-05-16 04:00:00,2024-05-16 06:00:00,3,0.015968920634920634,0.0347067619047619,0.17424660317460314,0.18253968253968253,0.4444444444444444,5.795444422222222
kpx_group_3,low_online_label_positive,2023-03-01 05:00:00,2023-03-01 07:00:00,3,0.015070999999999909,0.0352601428571427,0.29615036507936504,0.2810793650793651,0.3111111111111111,12.29611111111111
kpx_group_3,low_online_label_positive,2023-03-13 05:00:00,2023-03-13 07:00:00,3,0.012638761904761835,0.0222300952380952,0.3533142857142857,0.357,0.4000000000000001,11.114222177777778
kpx_group_3,low_online_label_positive,2024-03-27 01:00:00,2024-03-27 03:00:00,3,0.008068825396825382,0.0122365714285714,0.12213333333333332,0.12222222222222218,0.5444444444444444,4.293555555555556
kpx_group_2,scada_zero_label_positive,2023-07-05 09:00:00,2023-07-05 10:00:00,2,0.7904517592592593,0.8001608333333332,0.7904517592592593,0.0,0.8333333333333334,15.953125000000002
kpx_group_2,scada_zero_label_positive,2022-08-03 08:00:00,2022-08-03 09:00:00,2,0.7623289583333334,0.7633333333333333,0.7623289583333334,0.0,0.8333333333333334,15.747222222222222
kpx_group_2,scada_zero_label_positive,2022-03-26 02:00:00,2022-03-26 03:00:00,2,0.7613245601851852,0.7727075925925926,0.7613245601851852,0.0,0.8333333333333334,14.584722222222222
kpx_group_1,scada_zero_label_positive,2022-12-03 21:00:00,2022-12-03 22:00:00,2,0.7556330555555556,0.7740468055555556,0.7556330555555556,0.0,0.8333333333333334,12.791666666666664
kpx_group_1,scada_zero_label_positive,2022-06-29 04:00:00,2022-06-29 05:00:00,2,0.6880043981481482,0.6977134722222222,0.6880043981481482,0.0,0.8333333333333334,11.848611111111111
kpx_group_1,scada_zero_label_positive,2022-08-08 22:00:00,2022-08-08 23:00:00,2,0.6792997222222221,0.7070877314814814,0.6792997222222221,0.0,0.8333333333333334,11.744444444444444
kpx_group_2,scada_under_label,2023-07-14 09:00:00,2023-07-14 10:00:00,2,0.6515092592592593,0.6648435648148148,0.7887777777777778,0.1372685185185185,0.8472222222222223,14.758458333333333
kpx_group_1,scada_zero_label_positive,2022-08-15 18:00:00,2022-08-15 19:00:00,2,0.6495029166666666,0.6608859722222222,0.6495029166666666,0.0,0.8194444444444445,15.32638888888889
kpx_group_1,scada_zero_label_positive,2022-12-20 06:00:00,2022-12-20 07:00:00,2,0.6438113888888889,0.6454853703703703,0.6438113888888889,0.0,0.6666666666666666,12.583277777777777
kpx_group_2,scada_under_label,2023-11-21 08:00:00,2023-11-21 09:00:00,2,0.6397507407407408,0.6618523611111111,0.7794035185185185,0.13965277777777774,0.8611111111111112,13.103666666666667
kpx_group_1,scada_zero_label_positive,2022-02-21 17:00:00,2022-02-21 18:00:00,2,0.6347719444444444,0.6387894907407407,0.6347719444444444,0.0,0.6666666666666666,12.534722222222223
kpx_group_1,scada_zero_label_positive,2022-12-13 10:00:00,2022-12-13 11:00:00,2,0.6187017361111111,0.6501725,0.6187017361111111,0.0,0.8333333333333334,12.006944444444443
kpx_group_1,scada_zero_label_positive,2022-10-10 19:00:00,2022-10-10 20:00:00,2,0.6086578935185185,0.6099970833333334,0.6086578935185185,0.0,0.6666666666666666,16.484722222222224
kpx_group_1,scada_zero_label_positive,2022-08-02 02:00:00,2022-08-02 03:00:00,2,0.6059795370370371,0.6347719444444445,0.6059795370370371,0.0,0.8333333333333334,10.404166666666667
kpx_group_2,scada_zero_label_positive,2024-12-26 05:00:00,2024-12-26 06:00:00,2,0.5956008796296297,0.6086579166666667,0.5956008796296297,0.0,0.6666666666666666,14.486
kpx_group_1,scada_zero_label_positive,2022-12-23 11:00:00,2022-12-23 12:00:00,2,0.5922529166666666,0.5992836111111111,0.5922529166666666,0.0,0.6666666666666666,14.392097222222223
kpx_group_2,scada_zero_label_positive,2024-04-24 20:00:00,2024-04-24 21:00:00,2,0.5848874305555556,0.6160233796296296,0.5848874305555556,0.0,0.8333333333333334,11.089763888888887
kpx_group_2,scada_under_label,2022-03-04 17:00:00,2022-03-04 18:00:00,2,0.5749712499999999,0.6337285648148148,0.7609897685185185,0.18601851851851844,0.8472222222222223,12.193055555555553
kpx_group_2,scada_under_label,2023-01-29 22:00:00,2023-01-29 23:00:00,2,0.5733262731481481,0.6001700925925927,0.6843216435185185,0.11099537037037036,0.8333333333333334,13.125027777777778
kpx_group_2,scada_zero_label_positive,2024-12-26 09:00:00,2024-12-26 10:00:00,2,0.568147662037037,0.6039707407407408,0.568147662037037,0.0,0.6666666666666666,13.06776388888889
kpx_group_1,scada_zero_label_positive,2022-08-16 02:00:00,2022-08-16 03:00:00,2,0.5634605092592593,0.5778567129629629,0.5634605092592593,0.0,0.6666666666666666,12.706944444444446
kpx_group_1,scada_zero_label_positive,2022-12-17 06:00:00,2022-12-17 07:00:00,2,0.5627909490740741,0.5959356944444444,0.5627909490740741,0.0,0.6666666666666666,11.48513888888889
kpx_group_1,scada_under_label,2022-08-15 22:00:00,2022-08-15 23:00:00,2,0.5452343981481482,0.6076383796296296,0.72583625,0.1806018518518518,0.8333333333333334,16.445833333333333
kpx_group_1,scada_under_label,2022-12-23 17:00:00,2022-12-23 18:00:00,2,0.5440494675925927,0.545319212962963,0.6548596527777778,0.11081018518518515,0.6666666666666666,16.43888888888889
kpx_group_1,scada_under_label,2022-08-03 04:00:00,2022-08-03 05:00:00,2,0.5424527314814815,0.6292051851851852,0.7228231018518518,0.18037037037037035,0.8333333333333334,12.1375
kpx_group_1,scada_zero_label_positive,2022-08-11 12:00:00,2022-08-11 13:00:00,2,0.5326593518518519,0.5731695833333333,0.5326593518518519,0.0,0.7916666666666667,10.122222222222222
kpx_group_1,scada_under_label,2022-10-10 17:00:00,2022-10-10 18:00:00,2,0.5317814351851852,0.6211539814814815,0.7228231018518518,0.19104166666666667,0.8194444444444444,17.025
kpx_group_1,scada_under_label,2022-08-01 02:00:00,2022-08-01 03:00:00,2,0.4986676388888889,0.5984210648148148,0.6002880092592593,0.10162037037037035,0.8333333333333334,10.623611111111112
kpx_group_2,scada_under_label,2024-12-26 07:00:00,2024-12-26 08:00:00,2,0.4837076157407407,0.4873767129629629,0.5755131712962963,0.0918055555555555,0.6666666666666666,14.156916666666667
kpx_group_1,scada_under_label,2022-12-23 07:00:00,2022-12-23 08:00:00,2,0.48211817129629625,0.5394137499999999,0.6451505787037037,0.1630324074074074,0.6666666666666666,15.126958333333334
kpx_group_1,scada_zero_label_positive,2022-08-10 16:00:00,2022-08-10 17:00:00,2,0.48177048611111106,0.5537514814814815,0.48177048611111106,0.0,0.8333333333333334,9.244444444444444
kpx_group_2,scada_zero_label_positive,2024-05-16 02:00:00,2024-05-16 03:00:00,2,0.46703949074074075,0.5075497222222223,0.46703949074074075,0.0,0.8333333333333334,8.958972222222222
kpx_group_2,scada_under_label,2023-11-14 02:00:00,2023-11-14 03:00:00,2,0.4635726157407407,0.6584546759259259,0.8011652083333334,0.33759259259259256,0.875,15.017972222222223
kpx_group_1,scada_under_label,2024-11-26 21:00:00,2024-11-26 22:00:00,2,0.4524403009259259,0.6566447222222223,0.7867690046296296,0.3343287037037037,0.8333333333333334,14.890777777777778
kpx_group_2,scada_under_label,2023-01-25 06:00:00,2023-01-25 07:00:00,2,0.42913011574074067,0.4806033333333332,0.754963449074074,0.3258333333333333,0.9027777777777778,12.10051388888889
kpx_group_1,scada_under_label,2022-01-16 13:00:00,2022-01-16 14:00:00,2,0.40810673611111103,0.4755950462962962,0.5524122916666667,0.14430555555555552,0.8333333333333334,9.570833333333333
kpx_group_1,scada_under_label,2023-01-20 09:00:00,2023-01-20 10:00:00,2,0.40737645833333325,0.4645789351851851,0.5664736805555555,0.15909722222222214,0.7083333333333333,19.156375
kpx_group_2,scada_under_label,2024-12-06 07:00:00,2024-12-06 08:00:00,2,0.4059739351851851,0.4689941666666666,0.76266375,0.35668981481481477,0.9027777777777778,15.944277777777776
kpx_group_2,scada_under_label,2024-02-12 21:00:00,2024-02-12 22:00:00,2,0.4033106712962963,0.6729834259259259,0.8631023379629629,0.45979166666666665,0.9166666666666667,15.32375
kpx_group_2,scada_under_label,2023-04-19 00:00:00,2023-04-19 01:00:00,2,0.4005236342592593,0.5241374074074074,0.5259634490740741,0.12543981481481475,0.8472222222222223,7.99936111111111
kpx_group_2,scada_under_label,2023-07-14 18:00:00,2023-07-14 19:00:00,2,0.3997307407407407,0.4067733796296296,0.855402037037037,0.4556712962962963,0.9166666666666666,17.101222222222223
kpx_group_1,scada_under_label,2022-12-19 21:00:00,2022-12-19 22:00:00,2,0.39918518518518514,0.4166091666666666,0.48344444444444445,0.08425925925925926,0.6666666666666666,10.866611111111112
kpx_group_2,scada_under_label,2024-12-08 08:00:00,2024-12-08 09:00:00,2,0.39282530092592594,0.537889861111111,0.7901169675925925,0.39729166666666665,0.8333333333333334,15.022666666666666
kpx_group_2,scada_under_label,2022-11-14 19:00:00,2022-11-14 20:00:00,2,0.39007236111111104,0.5809980555555556,0.6304195833333333,0.2403472222222222,0.8472222222222223,10.255555555555556
kpx_group_2,scada_under_label,2023-01-25 10:00:00,2023-01-25 11:00:00,2,0.38994298611111106,0.5896237962962962,0.667581875,0.2776388888888888,0.8888888888888888,10.63615277777778
kpx_group_2,scada_under_label,2024-11-30 20:00:00,2024-11-30 21:00:00,2,0.38743907407407396,0.6495457870370369,0.855402037037037,0.46796296296296297,0.9027777777777779,15.109458333333333
kpx_group_1,scada_under_label,2023-04-30 01:00:00,2023-04-30 02:00:00,2,0.38504775462962954,0.6456106018518518,0.8081959027777778,0.42314814814814816,0.9027777777777778,16.74330555555556
kpx_group_2,scada_zero_label_positive,2023-09-28 01:00:00,2023-09-28 02:00:00,2,0.38467983796296296,0.4271988425925926,0.38467983796296296,0.0,0.8333333333333334,8.278805555555556
kpx_group_1,scada_under_label,2022-01-13 10:00:00,2022-01-13 11:00:00,2,0.3776396064814815,0.3874956018518519,0.5949312731481482,0.21729166666666666,0.7083333333333333,11.140277777777778
kpx_group_2,scada_under_label,2023-11-06 16:00:00,2023-11-06 17:00:00,2,0.37500243055555554,0.4982222222222223,0.6896783564814815,0.3146759259259259,0.9027777777777778,21.21713888888889
kpx_group_3,scada_under_label,2023-12-23 08:00:00,2023-12-23 09:00:00,2,0.36448671428571433,0.3976175238095238,0.5847248095238096,0.2202380952380952,0.8500000000000001,8.2780415125
kpx_group_1,scada_under_label,2024-12-06 11:00:00,2024-12-06 12:00:00,2,0.3630102314814815,0.4485609259259259,0.5493991203703703,0.18638888888888885,0.8333333333333334,11.501166666666668
kpx_group_2,scada_under_label,2023-11-14 07:00:00,2023-11-14 08:00:00,2,0.3608331018518518,0.4291968981481481,0.6498377314814814,0.2890046296296296,0.7222222222222222,13.534694444444444
kpx_group_1,scada_zero_label_positive,2022-04-18 16:00:00,2022-04-18 17:00:00,2,0.35957018518518513,0.3669356944444444,0.35957018518518513,0.0,0.8333333333333334,7.594444444444444
kpx_group_2,scada_under_label,2024-11-30 17:00:00,2024-11-30 18:00:00,2,0.34131627314814816,0.5358493981481482,0.5601125694444444,0.2187962962962963,0.75,10.120875000000002
kpx_group_2,scada_zero_label_positive,2022-11-16 18:00:00,2022-11-16 19:00:00,2,0.3361345138888888,0.5162543981481481,0.3361345138888888,0.0,0.8333333333333334,7.519444444444444
kpx_group_1,scada_under_label,2024-05-16 00:00:00,2024-05-16 01:00:00,2,0.3339554166666666,0.3849351851851852,0.4509693055555555,0.11701388888888885,0.8333333333333334,8.459277777777778
kpx_group_3,scada_under_label,2024-01-11 08:00:00,2024-01-11 09:00:00,2,0.33195411904761907,0.5153468571428572,0.9807398333333333,0.6487857142857143,0.9333333333333333,15.788333333333334
kpx_group_3,scada_under_label,2024-01-04 18:00:00,2024-01-04 19:00:00,2,0.31904009523809523,0.3354275714285714,0.9469924761904762,0.627952380952381,0.9333333333333332,11.749499949999999
kpx_group_1,scada_under_label,2022-12-17 14:00:00,2022-12-17 15:00:00,2,0.3139030092592593,0.365377175925926,0.3806622685185185,0.0667592592592592,0.6666666666666666,9.140208333333334
kpx_group_2,scada_under_label,2023-07-05 17:00:00,2023-07-05 18:00:00,2,0.3138284722222222,0.3869230092592592,0.5416988425925926,0.22787037037037036,0.8472222222222223,10.143152777777777
kpx_group_2,scada_zero_label_positive,2023-05-08 04:00:00,2023-05-08 05:00:00,2,0.3126988425925926,0.3347953240740741,0.3126988425925926,0.0,0.8333333333333334,6.83325
kpx_group_2,scada_under_label,2022-05-03 11:00:00,2022-05-03 12:00:00,2,0.31165400462962956,0.3671267129629629,0.522950300925926,0.21129629629629626,0.8611111111111112,9.165277777777778
kpx_group_2,scada_under_label,2024-04-01 05:00:00,2024-04-01 06:00:00,2,0.3062529398148147,0.3698543055555555,0.47139182870370366,0.16513888888888886,0.8472222222222223,7.749124999999999
kpx_group_2,scada_under_label,2024-07-17 07:00:00,2024-07-17 08:00:00,2,0.3014663888888889,0.4209181481481481,0.5966052777777777,0.29513888888888884,0.8333333333333334,11.233930555555556
kpx_group_2,scada_under_label,2022-08-03 10:00:00,2022-08-03 11:00:00,2,0.30118032407407413,0.3604912500000001,0.7770599537037037,0.4758796296296296,0.9305555555555556,13.613888888888887
kpx_group_1,scada_under_label,2024-11-21 13:00:00,2024-11-21 14:00:00,2,0.29983648148148145,0.3902300000000001,0.6230540740740741,0.3232175925925926,0.8333333333333334,10.201083333333333
kpx_group_2,scada_zero_label_positive,2022-11-17 05:00:00,2022-11-17 06:00:00,2,0.290416412037037,0.3957280555555555,0.29997659722222214,0.00956018518518515,0.8333333333333334,6.4
kpx_group_2,scada_under_label,2023-08-10 11:00:00,2023-08-10 12:00:00,2,0.27944175925925924,0.3323138425925926,0.6916871296296296,0.41224537037037035,0.8611111111111112,11.14726388888889
kpx_group_2,scada_under_label,2022-09-24 08:00:00,2022-09-24 09:00:00,2,0.27812379629629624,0.3017339351851851,0.5775219444444445,0.2993981481481481,0.8611111111111112,9.24861111111111
kpx_group_1,scada_under_label,2023-02-17 00:00:00,2023-02-17 01:00:00,2,0.27388497685185187,0.3627066203703704,0.5058757175925925,0.23199074074074072,0.8333333333333334,9.819958333333332
kpx_group_2,scada_under_label,2023-06-29 20:00:00,2023-06-29 21:00:00,2,0.2710355787037037,0.3655375462962963,0.5021929861111111,0.2311574074074074,0.8888888888888888,8.71936111111111
kpx_group_1,scada_under_label,2022-09-06 08:00:00,2022-09-06 09:00:00,2,0.26508115740740745,0.3005097685185185,0.708761712962963,0.4436805555555555,0.9305555555555556,11.779166666666669
kpx_group_2,scada_under_label,2022-10-07 08:00:00,2022-10-07 09:00:00,2,0.26317812500000004,0.2739561574074074,0.4425994212962963,0.17942129629629625,0.875,8.112499999999999
kpx_group_3,scada_under_label,2024-03-29 02:00:00,2024-03-29 03:00:00,2,0.2609929761904761,0.3284180476190476,0.9514691666666667,0.6904761904761905,0.8999999999999999,15.3645
kpx_group_2,scada_under_label,2022-08-19 11:00:00,2022-08-19 12:00:00,2,0.25917835648148135,0.3398055555555554,0.549733912037037,0.29055555555555557,0.7222222222222222,11.526388888888889
kpx_group_3,scada_under_label,2024-07-30 09:00:00,2024-07-30 10:00:00,2,0.25747116666666653,0.3499248095238094,0.9693759285714285,0.7119047619047619,0.9333333333333333,13.530666666666665
kpx_group_3,scada_under_label,2023-12-25 01:00:00,2023-12-25 02:00:00,2,0.25669547619047617,0.3335002380952381,0.9934811904761904,0.7367857142857143,0.95,13.796
kpx_group_2,scada_under_label,2024-03-08 14:00:00,2024-03-08 15:00:00,2,0.2561695833333333,0.3175326388888889,0.6495029166666666,0.39333333333333326,0.9305555555555556,10.914875000000002
kpx_group_2,scada_under_label,2024-01-03 18:00:00,2024-01-03 19:00:00,2,0.25549782407407406,0.3081886111111111,0.5815394907407407,0.3260416666666667,0.8611111111111112,10.077513888888888
kpx_group_2,scada_under_label,2023-08-10 15:00:00,2023-08-10 16:00:00,2,0.254823587962963,0.354945925925926,0.5236198842592593,0.26879629629629626,0.8472222222222222,9.852736111111112
kpx_group_1,scada_under_label,2022-08-10 18:00:00,2022-08-10 19:00:00,2,0.2530173148148147,0.2905229166666666,0.3739663888888889,0.12094907407407406,0.8333333333333334,8.287500000000001
kpx_group_1,scada_under_label,2022-05-31 07:00:00,2022-05-31 08:00:00,2,0.2529076620370371,0.2635394907407408,0.4760789583333333,0.22317129629629626,0.8888888888888888,8.506944444444445
kpx_group_3,scada_under_label,2023-12-26 00:00:00,2023-12-26 01:00:00,2,0.252255380952381,0.3376430952380952,0.9886601428571429,0.7364047619047619,0.9333333333333332,15.536833333333334
kpx_group_1,scada_under_label,2022-08-11 10:00:00,2022-08-11 11:00:00,2,0.25150414351851846,0.2597626851851852,0.3773143287037037,0.12581018518518516,0.8333333333333334,8.877777777777776
kpx_group_3,scada_under_label,2024-03-17 04:00:00,2024-03-17 05:00:00,2,0.2507318333333334,0.3398897142857143,0.9745413571428572,0.7238095238095238,0.95,14.666499966666667
kpx_group_1,scada_under_label,2024-07-28 16:00:00,2024-07-28 17:00:00,2,0.2490499537037037,0.2972997222222223,0.6274064351851851,0.37835648148148143,0.8333333333333334,11.397819444444444
kpx_group_2,scada_under_label,2022-05-19 07:00:00,2022-05-19 08:00:00,2,0.24799854166666663,0.2500258333333334,0.8266096527777778,0.5786111111111112,0.9444444444444444,14.940277777777776
kpx_group_2,scada_under_label,2023-12-11 14:00:00,2023-12-11 15:00:00,2,0.24733162037037035,0.3110618981481481,0.5477251388888889,0.3003935185185185,0.8333333333333334,10.251166666666668
kpx_group_2,scada_under_label,2022-03-27 23:00:00,2022-03-28 00:00:00,2,0.24501120370370366,0.3418269907407407,0.3227426851851852,0.0777314814814814,0.8611111111111112,6.927777777777778
kpx_group_2,scada_zero_label_positive,2023-06-22 02:00:00,2023-06-22 03:00:00,2,0.24339620370370368,0.2618099537037037,0.24339620370370368,0.0,0.6666666666666666,5.799263888888889
kpx_group_2,scada_under_label,2022-01-01 05:00:00,2022-01-01 06:00:00,2,0.2432239351851851,0.2725219444444444,0.597274861111111,0.3540509259259259,0.9166666666666667,8.698611111111111
kpx_group_2,scada_under_label,2023-05-21 02:00:00,2023-05-21 03:00:00,2,0.2420346064814815,0.25185625,0.8369883101851852,0.5949537037037037,0.9444444444444444,16.729944444444445
kpx_group_2,scada_under_label,2024-08-29 20:00:00,2024-08-29 21:00:00,2,0.24009405092592595,0.3085214351851852,0.5855570138888889,0.3454629629629629,0.8333333333333334,10.383902777777777
kpx_group_1,scada_zero_label_positive,2022-08-19 15:00:00,2022-08-19 16:00:00,2,0.23803946759259254,0.2497573148148148,0.23803946759259254,0.0,0.3333333333333333,8.341666666666665
kpx_group_2,scada_zero_label_positive,2022-12-11 05:00:00,2022-12-11 06:00:00,2,0.23703509259259253,0.2638187037037037,0.23703509259259253,0.0,0.8333333333333334,6.448611111111111
kpx_group_2,scada_under_label,2024-10-22 12:00:00,2024-10-22 13:00:00,2,0.23607675925925914,0.3251320833333332,0.3769795370370369,0.14090277777777774,0.8333333333333334,8.54236111111111
kpx_group_2,low_online_label_positive,2024-10-21 01:00:00,2024-10-21 02:00:00,2,0.2333226157407407,0.2571749537037037,0.2859152083333333,0.05259259259259255,0.5555555555555556,7.457763888888889
kpx_group_2,scada_under_label,2024-04-09 04:00:00,2024-04-09 05:00:00,2,0.23321319444444435,0.2850262962962962,0.5651344907407407,0.33192129629629624,0.8472222222222223,9.526194444444446
kpx_group_2,scada_under_label,2022-09-19 13:00:00,2022-09-19 14:00:00,2,0.2329807638888888,0.2490424074074073,0.7154576157407406,0.48247685185185185,0.9166666666666666,10.994444444444444
kpx_group_2,scada_under_label,2022-12-27 21:00:00,2022-12-27 22:00:00,2,0.23257018518518513,0.3264731944444444,0.40409796296296296,0.1715277777777777,0.8333333333333334,7.712930555555555
kpx_group_1,scada_under_label,2022-12-28 19:00:00,2022-12-28 20:00:00,2,0.23230898148148146,0.2408304166666667,0.7111052777777778,0.4787962962962963,0.8611111111111112,11.692930555555556
kpx_group_1,scada_under_label,2022-05-26 12:00:00,2022-05-26 13:00:00,2,0.2319597916666666,0.2438927777777777,0.34383479166666664,0.11187499999999995,0.8333333333333334,7.673611111111111
kpx_group_1,scada_zero_label_positive,2022-03-24 10:00:00,2022-03-24 11:00:00,2,0.23100877314814816,0.2758713425925926,0.23100877314814816,0.0,0.6527777777777777,5.680555555555555
kpx_group_2,scada_under_label,2023-02-16 21:00:00,2023-02-16 22:00:00,2,0.23070469907407404,0.3066033333333333,0.34584358796296294,0.11513888888888885,0.8055555555555556,10.519583333333333
kpx_group_1,scada_zero_label_positive,2022-11-26 17:00:00,2022-11-26 18:00:00,2,0.2283177314814814,0.3642573148148147,0.2423918055555555,0.01407407407407405,0.8333333333333334,6.965277777777778
kpx_group_2,scada_under_label,2024-09-14 06:00:00,2024-09-14 07:00:00,2,0.228116712962963,0.2852456018518519,0.2758713425925926,0.047754629629629605,0.8333333333333334,7.6459166666666665
kpx_group_1,scada_under_label,2022-04-18 18:00:00,2022-04-18 19:00:00,2,0.22768518518518516,0.2383109259259259,0.31805555555555554,0.0903703703703703,0.8472222222222223,7.236111111111111
kpx_group_1,scada_under_label,2023-01-10 19:00:00,2023-01-10 20:00:00,2,0.22670662037037037,0.2907222222222222,0.5477251388888889,0.3210185185185185,0.8333333333333334,8.989708333333335
kpx_group_2,scada_under_label,2022-05-16 02:00:00,2022-05-16 03:00:00,2,0.22649511574074072,0.2458976388888888,0.7897821527777777,0.5632870370370371,0.9444444444444444,11.831944444444446
kpx_group_2,scada_under_label,2024-05-16 00:00:00,2024-05-16 01:00:00,2,0.22132018518518515,0.2946656944444444,0.49951462962962967,0.2781944444444444,0.875,8.923499999999999
kpx_group_2,scada_under_label,2022-05-03 16:00:00,2022-05-03 17:00:00,2,0.2191910416666666,0.2372607407407406,0.7901169675925925,0.570925925925926,0.9444444444444444,12.200000000000001
kpx_group_2,scada_under_label,2023-04-13 14:00:00,2023-04-13 15:00:00,2,0.21820004629629625,0.2825993981481482,0.5430380092592593,0.32483796296296297,0.9027777777777778,9.344375
kpx_group_2,scada_under_label,2024-06-29 23:00:00,2024-06-30 00:00:00,2,0.21475486111111108,0.2170077777777778,0.3234122685185185,0.10865740740740734,0.8333333333333334,7.821513888888889
kpx_group_2,scada_under_label,2023-04-26 15:00:00,2023-04-26 16:00:00,2,0.2125794212962963,0.2201013425925926,0.3913757175925926,0.17879629629629626,0.8055555555555556,8.116791666666666
kpx_group_1,low_online_label_positive,2022-08-19 17:00:00,2022-08-19 18:00:00,2,0.21143738425925926,0.2785838425925926,0.3217383101851852,0.11030092592592586,0.5277777777777777,7.654166666666666
kpx_group_2,scada_under_label,2024-10-24 03:00:00,2024-10-24 04:00:00,2,0.21050317129629625,0.2562519444444444,0.3113596527777778,0.1008564814814814,0.875,6.932638888888889
kpx_group_2,scada_under_label,2022-12-06 00:00:00,2022-12-06 01:00:00,2,0.2103599074074073,0.215975648148148,0.7174663888888888,0.5071064814814815,0.9166666666666666,10.616666666666667
kpx_group_2,scada_under_label,2024-04-07 06:00:00,2024-04-07 07:00:00,2,0.2094181481481481,0.2529006018518518,0.4646959259259259,0.2552777777777777,0.9027777777777778,7.887180555555556
kpx_group_1,scada_under_label,2024-07-22 07:00:00,2024-07-22 08:00:00,2,0.20718030092592593,0.2242558333333333,0.6434765972222223,0.43629629629629624,0.8333333333333334,11.29313888888889
kpx_group_3,scada_under_label,2024-12-28 23:00:00,2024-12-29 00:00:00,2,0.2047714285714286,0.2724711904761905,0.8047714285714286,0.6,0.7333333333333334,15.799999999999999
kpx_group_2,scada_under_label,2022-05-14 15:00:00,2022-05-14 16:00:00,2,0.20342446759259256,0.2650931018518518,0.43222076388888886,0.22879629629629625,0.8888888888888888,8.366666666666667
kpx_group_2,scada_under_label,2022-07-01 01:00:00,2022-07-01 02:00:00,2,0.2027365972222222,0.2060999074074074,0.7295190046296296,0.5267824074074074,0.9444444444444444,12.040277777777778
kpx_group_2,scada_under_label,2022-08-09 15:00:00,2022-08-09 16:00:00,2,0.2026715277777778,0.214738287037037,0.6096622685185186,0.4069907407407407,0.8472222222222223,10.347222222222223
kpx_group_2,scada_under_label,2023-09-21 09:00:00,2023-09-21 10:00:00,2,0.2019836805555556,0.2746720370370371,0.3026549768518519,0.10067129629629624,0.8611111111111112,6.651361111111111
kpx_group_2,scada_under_label,2024-07-10 07:00:00,2024-07-10 08:00:00,2,0.20187474537037037,0.2042909259259259,0.2681710416666667,0.06629629629629624,0.8472222222222223,7.217388888888888
kpx_group_2,scada_under_label,2022-12-24 21:00:00,2022-12-24 22:00:00,2,0.19874902777777775,0.2059259259259259,0.3093508796296296,0.11060185185185181,0.8888888888888888,6.7166250000000005
kpx_group_2,scada_under_label,2024-12-29 15:00:00,2024-12-29 16:00:00,2,0.19856310185185186,0.2288762037037037,0.6367806944444445,0.4382175925925925,0.8472222222222223,10.153375
kpx_group_1,scada_under_label,2022-12-17 00:00:00,2022-12-17 01:00:00,2,0.19812208333333334,0.2094366666666667,0.2919415277777778,0.09381944444444446,0.6666666666666666,8.316430555555556
kpx_group_2,scada_under_label,2022-04-17 05:00:00,2022-04-17 06:00:00,2,0.19800168981481475,0.2153143055555555,0.6163581712962962,0.41835648148148147,0.9166666666666666,9.008333333333333
kpx_group_2,scada_under_label,2022-05-04 22:00:00,2022-05-04 23:00:00,2,0.1974868518518518,0.2673523611111111,0.9002646296296297,0.7027777777777777,0.9444444444444445,14.176388888888887
kpx_group_2,scada_under_label,2022-05-26 10:00:00,2022-05-26 11:00:00,2,0.19624928240740735,0.2491267129629629,0.23201317129629626,0.0357638888888888,0.8194444444444445,6.241666666666667
kpx_group_3,scada_under_label,2024-12-07 22:00:00,2024-12-07 23:00:00,2,0.19389776190476182,0.2618235714285714,0.7224691904761904,0.5285714285714286,0.75,11.432499966666668
kpx_group_2,scada_under_label,2022-09-19 18:00:00,2022-09-19 19:00:00,2,0.19371953703703704,0.2247139351851852,0.3163815740740741,0.122662037037037,0.8333333333333334,6.861111111111111
kpx_group_2,scada_under_label,2022-11-25 22:00:00,2022-11-25 23:00:00,2,0.1931727546296296,0.2595696759259259,0.9036125694444446,0.7104398148148148,0.9583333333333335,18.37916666666667
kpx_group_1,scada_under_label,2022-05-06 05:00:00,2022-05-06 06:00:00,2,0.19210990740740735,0.2585599537037036,0.9210219444444445,0.728912037037037,0.9583333333333333,13.050000000000002
kpx_group_2,scada_under_label,2022-11-29 11:00:00,2022-11-29 12:00:00,2,0.19004143518518518,0.2355516666666667,0.24272662037037035,0.0526851851851851,0.8333333333333334,6.156944444444445
kpx_group_2,scada_zero_label_positive,2022-12-24 10:00:00,2022-12-24 11:00:00,2,0.189733912037037,0.2725233796296296,0.1998728009259259,0.01013888888888885,0.8055555555555556,6.337694444444445
kpx_group_1,scada_under_label,2024-07-21 11:00:00,2024-07-21 12:00:00,2,0.188850625,0.2522850925925926,0.7238274768518518,0.5349768518518518,0.8333333333333334,17.474625
kpx_group_3,scada_under_label,2024-01-09 02:00:00,2024-01-09 03:00:00,2,0.18864461904761898,0.2078095238095237,0.8825970000000001,0.693952380952381,0.8333333333333333,15.837833333333336
kpx_group_2,scada_under_label,2022-08-08 14:00:00,2022-08-08 15:00:00,2,0.1882551157407407,0.2557573148148148,0.7804078935185185,0.5921527777777778,0.8472222222222223,15.322222222222223
kpx_group_2,scada_under_label,2022-12-14 04:00:00,2022-12-14 05:00:00,2,0.18810136574074066,0.2546179166666666,0.854397662037037,0.6662962962962964,0.9583333333333335,15.722222222222221
kpx_group_2,scada_under_label,2024-01-31 05:00:00,2024-01-31 06:00:00,2,0.1858011805555555,0.2463221296296296,0.6987178472222222,0.5129166666666667,0.9583333333333335,11.119472222222223
kpx_group_2,scada_under_label,2022-05-14 06:00:00,2022-05-14 07:00:00,2,0.18560624999999994,0.1920219444444444,0.6434766203703703,0.45787037037037037,0.9444444444444444,9.830555555555556
kpx_group_2,scada_under_label,2022-05-18 23:00:00,2022-05-19 00:00:00,2,0.18444907407407402,0.2389502777777777,0.8205833333333333,0.6361342592592593,0.9444444444444444,13.997222222222222
kpx_group_2,scada_under_label,2022-05-01 01:00:00,2022-05-01 02:00:00,2,0.18388085648148145,0.2411759259259259,0.4211725231481481,0.23729166666666665,0.8611111111111112,7.558333333333334
kpx_group_2,scada_under_label,2023-08-03 12:00:00,2023-08-03 13:00:00,2,0.18384333333333336,0.1850258333333334,0.34048685185185185,0.1566435185185185,0.888888888888889,7.8358888888888885
kpx_group_2,scada_under_label,2023-03-19 00:00:00,2023-03-19 01:00:00,2,0.18326460648148146,0.2287158796296296,0.245070162037037,0.0618055555555555,0.8333333333333334,7.033944444444444
kpx_group_2,scada_under_label,2023-07-14 21:00:00,2023-07-14 22:00:00,2,0.18178192129629625,0.2424946296296295,0.8225921064814814,0.6408101851851852,0.9583333333333333,13.594305555555554
kpx_group_1,scada_under_label,2023-12-09 17:00:00,2023-12-09 18:00:00,2,0.18149657407407405,0.2184770833333333,0.42117249999999995,0.2396759259259259,0.8333333333333334,8.580625000000001
kpx_group_1,scada_under_label,2022-08-22 23:00:00,2022-08-23 00:00:00,2,0.18072490740740735,0.181660324074074,0.5423684259259258,0.3616435185185185,0.6666666666666666,8.994444444444444
kpx_group_2,scada_zero_label_positive,2024-05-28 00:00:00,2024-05-28 01:00:00,2,0.18045467592592584,0.2283304166666666,0.18045467592592584,0.0,0.7916666666666667,5.439805555555555
kpx_group_1,scada_under_label,2022-07-14 21:00:00,2022-07-14 22:00:00,2,0.18033356481481475,0.1879298148148147,0.2598011574074074,0.07946759259259255,0.8333333333333334,6.834722222222223
kpx_group_1,scada_under_label,2023-12-19 15:00:00,2023-12-19 16:00:00,2,0.18003557870370368,0.1814897685185185,0.22230409722222222,0.04226851851851845,0.8333333333333334,6.669972222222222
kpx_group_2,scada_zero_label_positive,2023-10-27 13:00:00,2023-10-27 14:00:00,2,0.1794503009259259,0.1975292592592592,0.1794503009259259,0.0,0.7916666666666667,5.743013888888889
kpx_group_2,scada_under_label,2022-11-15 23:00:00,2022-11-16 00:00:00,2,0.1789602777777777,0.2348684259259258,0.7489371296296297,0.5699768518518518,0.8333333333333334,11.991666666666667
kpx_group_2,scada_under_label,2024-03-17 13:00:00,2024-03-17 14:00:00,2,0.17895516203703699,0.1901335185185185,0.2738625694444444,0.09490740740740736,0.8055555555555556,6.527861111111111
kpx_group_2,scada_under_label,2024-06-18 03:00:00,2024-06-18 04:00:00,2,0.1785986805555555,0.2284254166666666,0.2865847916666666,0.10798611111111106,0.875,6.995722222222222
kpx_group_3,scada_under_label,2024-11-29 13:00:00,2024-11-29 14:00:00,2,0.1774230476190476,0.195752380952381,0.9321849523809524,0.7547619047619047,0.95,14.535166666666665
kpx_group_2,scada_under_label,2022-08-26 03:00:00,2022-08-26 04:00:00,2,0.17696782407407405,0.22902875,0.6223844907407408,0.4454166666666666,0.9444444444444445,9.318055555555555
kpx_group_2,scada_under_label,2024-03-03 11:00:00,2024-03-03 12:00:00,2,0.1764183796296295,0.1857626851851851,0.5654693055555555,0.3890509259259259,0.8194444444444445,10.347527777777778
kpx_group_1,scada_under_label,2024-07-06 22:00:00,2024-07-06 23:00:00,2,0.17529923611111106,0.222864537037037,0.7003918287037036,0.5250925925925926,0.8333333333333334,17.300541666666668
kpx_group_2,scada_under_label,2023-02-10 20:00:00,2023-02-10 21:00:00,2,0.1745338657407407,0.1754415277777778,0.5283070138888889,0.35377314814814814,0.8333333333333334,8.914000000000001
kpx_group_3,scada_under_label,2024-11-04 02:00:00,2024-11-04 03:00:00,2,0.1741779523809524,0.1748370952380953,1.0003684285714285,0.8261904761904761,0.9666666666666668,15.460833333333333
kpx_group_2,scada_under_label,2023-02-23 08:00:00,2023-02-23 09:00:00,2,0.17388011574074075,0.2238655092592593,0.6531856712962963,0.47930555555555554,0.9583333333333335,9.85911111111111
kpx_group_3,scada_under_label,2023-11-22 23:00:00,2023-11-23 00:00:00,2,0.17352607142857146,0.1842135238095238,0.9852165476190478,0.8116904761904762,0.9666666666666668,12.864333333333335
kpx_group_3,scada_under_label,2023-11-18 14:00:00,2023-11-18 15:00:00,2,0.1711684047619047,0.1855318095238095,0.9480255476190476,0.7768571428571429,0.95,13.260833333333334
kpx_group_2,scada_under_label,2024-01-26 00:00:00,2024-01-26 01:00:00,2,0.17105041666666665,0.2085272685185185,0.3963976388888889,0.2253472222222222,0.7638888888888888,7.287736111111111
kpx_group_3,scada_under_label,2024-11-28 05:00:00,2024-11-28 06:00:00,2,0.1707343333333333,0.1735188095238095,0.9969248095238094,0.8261904761904761,0.9666666666666668,15.230166666666667
kpx_group_3,scada_under_label,2024-05-05 20:00:00,2024-05-05 21:00:00,2,0.17073433333333327,0.1727709047619047,0.9969248095238095,0.8261904761904761,0.9666666666666668,14.739833333333332
kpx_group_3,scada_under_label,2024-11-26 16:00:00,2024-11-26 17:00:00,2,0.1701408571428571,0.1725343333333333,0.8653789523809523,0.6952380952380952,0.9166666666666667,16.91133333333333
kpx_group_2,scada_under_label,2022-05-04 19:00:00,2022-05-04 20:00:00,2,0.1698002083333333,0.2164079166666667,0.8235965046296296,0.6537962962962963,0.9583333333333335,12.941666666666666
kpx_group_2,scada_under_label,2023-01-04 23:00:00,2023-01-05 00:00:00,2,0.1695835648148148,0.1847845833333333,0.526967824074074,0.35738425925925926,0.8333333333333334,9.402250000000002
kpx_group_1,scada_under_label,2022-10-16 16:00:00,2022-10-16 17:00:00,2,0.16946759259259256,0.1998167592592592,0.2226388888888889,0.053171296296296244,0.8333333333333334,6.7652777777777775
kpx_group_2,scada_zero_label_positive,2022-03-26 18:00:00,2022-03-26 19:00:00,2,0.1690716203703703,0.183467824074074,0.1690716203703703,0.0,0.8055555555555556,5.644444444444445
kpx_group_3,scada_under_label,2024-11-04 07:00:00,2024-11-04 08:00:00,2,0.16848019047619045,0.1743047619047619,0.9518135238095238,0.7833333333333333,0.9666666666666668,13.189666666666666
kpx_group_3,scada_under_label,2024-01-11 16:00:00,2024-01-11 17:00:00,2,0.16821528571428565,0.1775549047619047,0.9903819523809523,0.8221666666666667,0.9666666666666668,15.613833333333334
kpx_group_2,scada_under_label,2023-05-01 08:00:00,2023-05-01 09:00:00,2,0.16763326388888883,0.1899707407407407,0.31571196759259257,0.14807870370370368,0.8333333333333333,6.828430555555556
kpx_group_3,scada_under_label,2024-03-03 00:00:00,2024-03-03 01:00:00,2,0.16733933333333328,0.1709794285714285,0.9697202857142857,0.8023809523809524,0.9666666666666668,14.711166666666667
kpx_group_3,scada_under_label,2024-01-11 20:00:00,2024-01-11 21:00:00,2,0.1668340714285714,0.1679498571428571,0.9717864523809523,0.8049523809523809,0.9666666666666668,15.4205
kpx_group_2,scada_under_label,2024-12-11 03:00:00,2024-12-11 04:00:00,2,0.1658698842592592,0.178967824074074,0.39003655092592593,0.22416666666666665,0.875,7.428444444444445
kpx_group_2,scada_under_label,2022-12-08 11:00:00,2022-12-08 12:00:00,2,0.16573270833333337,0.2022100462962963,0.29395030092592594,0.12821759259259255,0.875,6.81111111111111
kpx_group_2,scada_zero_label_positive,2024-11-06 02:00:00,2024-11-06 03:00:00,2,0.16438449074074069,0.2169473611111111,0.16438449074074069,0.0,0.8333333333333334,5.602236111111111
kpx_group_2,scada_zero_label_positive,2023-01-16 13:00:00,2023-01-16 14:00:00,2,0.1640497222222222,0.223643287037037,0.1640497222222222,0.0,0.6666666666666667,7.643541666666666
kpx_group_2,scada_zero_label_positive,2023-03-18 19:00:00,2023-03-18 20:00:00,2,0.16304532407407407,0.1747631481481481,0.16304532407407407,0.0,0.8333333333333334,6.231458333333332
kpx_group_1,scada_under_label,2022-01-20 03:00:00,2022-01-20 04:00:00,2,0.16285305555555551,0.1662918981481481,0.27486694444444437,0.11201388888888886,0.8333333333333334,7.3902777777777775
kpx_group_2,scada_under_label,2024-01-03 22:00:00,2024-01-03 23:00:00,2,0.16263134259259254,0.1797719444444444,0.3619137499999999,0.19928240740740738,0.8333333333333334,8.076194444444443
kpx_group_3,scada_under_label,2024-01-12 14:00:00,2024-01-12 15:00:00,2,0.1623651666666666,0.1869599047619047,0.2679127857142857,0.105547619047619,0.8166666666666668,6.035666645833334
kpx_group_3,scada_under_label,2024-11-29 22:00:00,2024-11-29 23:00:00,2,0.1622120238095237,0.1654486190476189,0.9122120238095237,0.75,0.9666666666666668,12.398499999999999
kpx_group_2,scada_under_label,2024-12-19 04:00:00,2024-12-19 05:00:00,2,0.16219298611111105,0.1772918981481481,0.2159429861111111,0.05374999999999995,0.8333333333333335,6.329152777777778
kpx_group_3,scada_under_label,2024-03-19 16:00:00,2024-03-19 17:00:00,2,0.16198597619047617,0.1621824761904761,0.9215097857142855,0.7595238095238095,0.9666666666666668,12.290999983333336
kpx_group_3,scada_under_label,2024-03-13 22:00:00,2024-03-13 23:00:00,2,0.16125916666666656,0.1657062857142855,0.9731639285714286,0.8119047619047619,0.9666666666666668,14.026833333333334
kpx_group_3,scada_under_label,2023-12-09 02:00:00,2023-12-09 03:00:00,2,0.16066842857142843,0.1614571428571428,0.9480255714285712,0.7873571428571429,0.9666666666666668,15.294
kpx_group_2,scada_under_label,2023-12-31 13:00:00,2023-12-31 14:00:00,2,0.15909405092592588,0.1745906481481481,0.21025145833333336,0.05115740740740735,0.8333333333333335,7.395958333333334
kpx_group_3,scada_under_label,2023-11-23 04:00:00,2023-11-23 05:00:00,2,0.15836892857142854,0.1670596666666667,0.9394165476190476,0.781047619047619,0.9666666666666668,16.1705
kpx_group_1,scada_under_label,2022-01-20 08:00:00,2022-01-20 09:00:00,2,0.1583486805555555,0.1746018518518518,0.24841812499999993,0.0900694444444444,0.6666666666666666,7.041666666666666
kpx_group_2,scada_under_label,2023-10-21 13:00:00,2023-10-21 14:00:00,2,0.1581118518518518,0.1594819907407407,0.5185979629629629,0.36048611111111106,0.9027777777777778,8.961944444444445
kpx_group_2,scada_under_label,2022-05-17 00:00:00,2022-05-17 01:00:00,2,0.1576922453703703,0.1822426851851851,0.5560950231481481,0.3984027777777778,0.9444444444444444,9.527777777777779
kpx_group_2,scada_zero_label_positive,2022-11-18 08:00:00,2022-11-18 09:00:00,2,0.1576886111111111,0.2142690277777778,0.1576886111111111,0.0,0.8194444444444445,5.191666666666667
kpx_group_3,scada_under_label,2023-12-04 02:00:00,2023-12-04 03:00:00,2,0.15733559523809526,0.1660230476190476,0.9197879761904761,0.7624523809523809,0.9666666666666668,10.850333299999999
kpx_group_3,scada_under_label,2023-12-21 18:00:00,2023-12-21 19:00:00,2,0.15716566666666665,0.1802255714285714,0.9070466190476191,0.7498809523809524,0.9666666666666668,11.110166633333336
kpx_group_1,scada_under_label,2022-08-06 19:00:00,2022-08-06 20:00:00,2,0.1569190972222222,0.1728201851851852,0.2507616898148148,0.09384259259259255,0.8333333333333334,7.1
kpx_group_1,scada_under_label,2022-04-09 14:00:00,2022-04-09 15:00:00,2,0.15674196759259254,0.1862368518518518,0.6883391898148148,0.5315972222222222,0.8333333333333334,11.41111111111111
kpx_group_3,scada_under_label,2023-11-23 22:00:00,2023-11-23 23:00:00,2,0.1566433571428571,0.1799834761904761,0.8223338333333333,0.6656904761904762,0.9666666666666668,13.834999983333333
kpx_group_1,scada_under_label,2022-08-06 10:00:00,2022-08-06 11:00:00,2,0.15559648148148145,0.1723045833333333,0.23837425925925926,0.08277777777777776,0.8055555555555556,6.608333333333333
kpx_group_3,scada_under_label,2023-11-18 19:00:00,2023-11-18 20:00:00,2,0.1551403333333333,0.1607107619047618,0.9263308095238094,0.7711904761904762,0.9666666666666668,14.155333333333333
kpx_group_3,scada_under_label,2023-11-29 22:00:00,2023-11-29 23:00:00,2,0.15504861904761905,0.1599303333333334,0.924953380952381,0.7699047619047619,0.9666666666666668,12.976333333333333
kpx_group_3,scada_under_label,2023-12-25 05:00:00,2023-12-25 06:00:00,2,0.15472230952380944,0.162438619047619,0.8894842142857143,0.7347619047619047,0.9666666666666668,11.024833316666665
kpx_group_2,scada_under_label,2024-04-12 05:00:00,2024-04-12 06:00:00,2,0.1540024537037037,0.1768060648148148,0.3779839351851852,0.22398148148148145,0.8333333333333334,7.951152777777779
kpx_group_2,scada_under_label,2022-11-07 15:00:00,2022-11-07 16:00:00,2,0.15369004629629623,0.1561364351851851,0.2279956018518518,0.0743055555555555,0.8333333333333334,6.809722222222222
kpx_group_2,scada_under_label,2023-11-29 16:00:00,2023-11-29 17:00:00,2,0.15362840277777773,0.1846744444444444,0.48846636574074076,0.334837962962963,0.8333333333333334,9.430861111111112
kpx_group_2,scada_under_label,2023-04-26 02:00:00,2023-04-26 03:00:00,2,0.1535036574074074,0.1864956018518519,0.45565643518518517,0.30215277777777777,0.8333333333333334,9.272111111111112
kpx_group_1,scada_zero_label_positive,2022-08-14 11:00:00,2022-08-14 12:00:00,2,0.15272442129629624,0.1886954166666666,0.1754327546296296,0.0227083333333333,0.8194444444444445,5.956944444444444
kpx_group_2,scada_zero_label_positive,2024-03-01 10:00:00,2024-03-01 11:00:00,2,0.15266666666666662,0.1586929629629629,0.15266666666666662,0.0,0.43055555555555547,8.38925
kpx_group_3,scada_under_label,2023-11-23 07:00:00,2023-11-23 08:00:00,2,0.1525253095238095,0.1636155238095238,0.9621443571428572,0.8096190476190476,0.9666666666666668,15.622833333333336
kpx_group_2,scada_under_label,2023-03-13 14:00:00,2023-03-13 15:00:00,2,0.15243275462962963,0.1648801388888889,0.25812719907407405,0.1056944444444444,0.8333333333333334,6.484500000000001
kpx_group_2,scada_zero_label_positive,2022-08-24 10:00:00,2022-08-24 11:00:00,2,0.1519444444444444,0.1928420833333333,0.15902777777777777,0.0070833333333333,0.8055555555555556,5.906944444444445
kpx_group_2,scada_under_label,2022-12-28 00:00:00,2022-12-28 01:00:00,2,0.1516759259259259,0.17923,0.3689444444444444,0.21726851851851844,0.8333333333333334,7.656319444444445
kpx_group_2,scada_zero_label_positive,2022-07-21 20:00:00,2022-07-21 21:00:00,2,0.15166229166666662,0.1607017592592592,0.15166229166666662,0.0,0.6805555555555555,5.9222222222222225
kpx_group_1,low_online_label_positive,2022-12-21 14:00:00,2022-12-21 15:00:00,2,0.151598449074074,0.1891388888888888,0.28122807870370364,0.1296296296296296,0.5555555555555556,6.146569444444444
kpx_group_2,scada_under_label,2022-05-21 10:00:00,2022-05-21 11:00:00,2,0.1514519907407407,0.164795787037037,0.22966958333333332,0.07821759259259255,0.7916666666666667,6.338888888888889
kpx_group_1,scada_under_label,2022-07-08 04:00:00,2022-07-08 05:00:00,2,0.15128898148148145,0.15775,0.4754093518518518,0.32412037037037034,0.6666666666666666,11.445833333333333
kpx_group_2,scada_under_label,2024-05-09 05:00:00,2024-05-09 06:00:00,2,0.15124782407407406,0.1619395833333333,0.37798393518518514,0.2267361111111111,0.9305555555555556,7.238333333333333
kpx_group_1,scada_under_label,2022-08-20 04:00:00,2022-08-20 05:00:00,2,0.15076803240740738,0.1565,0.46636988425925924,0.31560185185185186,0.6666666666666666,8.093055555555555
kpx_group_1,scada_under_label,2022-07-08 07:00:00,2022-07-08 08:00:00,2,0.1501774074074074,0.1582329629629629,0.47105703703703705,0.32087962962962957,0.6666666666666666,11.26111111111111
kpx_group_2,scada_zero_label_positive,2022-05-31 11:00:00,2022-05-31 12:00:00,2,0.1500660416666666,0.1854766203703703,0.16036696759259256,0.0103009259259259,0.6527777777777777,6.001388888888888
kpx_group_2,scada_under_label,2022-06-13 20:00:00,2022-06-13 21:00:00,2,0.15002849537037033,0.1560121759259259,0.20690349537037034,0.056874999999999946,0.6527777777777778,6.513888888888889
kpx_group_2,scada_zero_label_positive,2022-01-30 09:00:00,2022-01-30 10:00:00,2,0.14931872685185185,0.1513275,0.14931872685185185,0.0,0.7222222222222223,5.25
kpx_group_1,scada_under_label,2022-01-19 23:00:00,2022-01-20 00:00:00,2,0.14907189814814809,0.1639376388888889,0.2825672685185185,0.1334953703703703,0.8333333333333334,7.298611111111111
kpx_group_1,scada_under_label,2023-12-16 16:00:00,2023-12-16 17:00:00,2,0.14872173611111106,0.1498767129629629,0.19284210648148145,0.044120370370370296,0.6388888888888888,14.06273611111111
kpx_group_1,scada_zero_label_positive,2024-01-25 11:00:00,2024-01-25 12:00:00,2,0.14864912037037037,0.1968596296296296,0.14864912037037037,0.0,0.5138888888888888,8.131097222222222
kpx_group_2,scada_zero_label_positive,2024-04-25 11:00:00,2024-04-25 12:00:00,2,0.1485416666666666,0.1827982407407407,0.15902777777777774,0.0104861111111111,0.6805555555555555,5.783736111111111
kpx_group_3,scada_under_label,2024-03-19 20:00:00,2024-03-19 21:00:00,2,0.14824961904761905,0.1516150476190477,0.8553924761904762,0.7071428571428571,0.9666666666666668,10.761833266666667
kpx_group_3,scada_under_label,2023-12-26 06:00:00,2023-12-26 07:00:00,2,0.14705038095238093,0.1539047619047618,0.8588360952380953,0.7117857142857142,0.9166666666666667,14.559666666666667
kpx_group_2,scada_under_label,2023-06-04 10:00:00,2023-06-04 11:00:00,2,0.1455687268518518,0.1613265277777777,0.24473539351851853,0.09916666666666665,0.7916666666666667,6.086486111111111
kpx_group_2,scada_zero_label_positive,2022-04-26 05:00:00,2022-04-26 06:00:00,2,0.14530115740740734,0.1459707407407407,0.14530115740740734,0.0,0.5277777777777777,5.876388888888889
kpx_group_2,scada_zero_label_positive,2024-01-24 19:00:00,2024-01-24 20:00:00,2,0.14429678240740734,0.1466403703703703,0.14429678240740734,0.0,0.1666666666666666,11.379833333333334
kpx_group_1,scada_under_label,2024-08-03 11:00:00,2024-08-03 12:00:00,2,0.14428240740740733,0.1555964814814814,0.31805555555555554,0.1737731481481481,0.875,7.2549166666666665
kpx_group_2,scada_zero_label_positive,2024-03-18 00:00:00,2024-03-18 01:00:00,2,0.1429576157407407,0.1680672685185185,0.1429576157407407,0.0,0.8194444444444445,5.682888888888889
kpx_group_1,scada_under_label,2022-04-13 19:00:00,2022-04-13 20:00:00,2,0.14237840277777775,0.1598752314814815,0.2340219212962963,0.09164351851851846,0.7777777777777778,8.352777777777778
kpx_group_3,scada_under_label,2023-12-22 00:00:00,2023-12-22 01:00:00,2,0.14235011904761904,0.1498992380952382,0.7224691666666667,0.5801190476190476,0.7166666666666666,13.768833333333333
kpx_group_3,scada_under_label,2024-12-25 21:00:00,2024-12-25 22:00:00,2,0.14179347619047616,0.150647619047619,0.7727458571428572,0.6309523809523809,0.75,14.953958333333334
kpx_group_2,scada_under_label,2024-05-13 02:00:00,2024-05-13 03:00:00,2,0.1415567824074074,0.1554415277777778,0.243061412037037,0.1015046296296296,0.8333333333333334,6.4291527777777775
kpx_group_3,scada_under_label,2024-12-27 22:00:00,2024-12-27 23:00:00,2,0.1394125238095237,0.151298238095238,0.7727458571428572,0.6333333333333333,0.7666666666666667,12.947708312500001
kpx_group_3,scada_under_label,2024-12-15 03:00:00,2024-12-15 04:00:00,2,0.13910826190476194,0.1404561428571429,0.8033939761904763,0.6642857142857143,0.75,15.653833333333335
kpx_group_1,scada_under_label,2022-05-14 15:00:00,2022-05-14 16:00:00,2,0.1388864583333333,0.1479581018518518,0.423516087962963,0.28462962962962957,0.9444444444444444,8.293055555555554
kpx_group_2,scada_zero_label_positive,2022-10-24 03:00:00,2022-10-24 04:00:00,2,0.13796759259259256,0.140008287037037,0.15266666666666664,0.01469907407407405,0.8333333333333334,5.531944444444444
kpx_group_3,scada_under_label,2023-12-17 20:00:00,2023-12-17 21:00:00,2,0.13693157142857135,0.1418345714285714,0.8774315714285714,0.7404999999999999,0.9666666666666668,13.29916665
kpx_group_2,scada_zero_label_positive,2022-02-10 23:00:00,2022-02-11 00:00:00,2,0.1369312731481481,0.1406140277777777,0.1369312731481481,0.0,0.8333333333333334,5.9625
kpx_group_3,scada_under_label,2024-12-21 21:00:00,2024-12-21 22:00:00,2,0.1359879761904761,0.1495067619047618,0.7431308333333333,0.6071428571428572,0.7666666666666667,10.828833283333333
kpx_group_3,scada_under_label,2024-12-25 17:00:00,2024-12-25 18:00:00,2,0.13563507142857134,0.1383899523809523,0.7975398333333332,0.6619047619047619,0.7666666666666667,14.94625
kpx_group_2,scada_under_label,2022-07-20 06:00:00,2022-07-20 07:00:00,2,0.1355338657407407,0.1419741666666666,0.3947236805555555,0.2591898148148148,0.9444444444444444,7.652777777777779
kpx_group_2,scada_zero_label_positive,2023-03-02 04:00:00,2023-03-02 05:00:00,2,0.135315787037037,0.1874853703703703,0.1486491203703703,0.0133333333333333,0.736111111111111,5.379972222222222
kpx_group_2,scada_under_label,2022-01-01 22:00:00,2022-01-01 23:00:00,2,0.1352217361111111,0.1499761111111111,0.2946198842592592,0.1593981481481481,0.9027777777777777,6.7444444444444445
kpx_group_2,scada_zero_label_positive,2022-11-23 17:00:00,2022-11-23 18:00:00,2,0.1352029861111111,0.1473099537037037,0.1429576157407407,0.0077546296296296,0.736111111111111,5.122222222222222
kpx_group_1,scada_zero_label_positive,2023-03-18 18:00:00,2023-03-18 19:00:00,2,0.13479752314814808,0.1350073148148148,0.1476447453703703,0.0128472222222222,0.8194444444444445,5.668541666666666
kpx_group_3,scada_under_label,2024-12-14 22:00:00,2024-12-14 23:00:00,2,0.13431678571428574,0.137760380952381,0.8009834523809525,0.6666666666666666,0.7666666666666667,13.655833333333334
kpx_group_2,scada_zero_label_positive,2023-10-28 06:00:00,2023-10-28 07:00:00,2,0.13425291666666667,0.1519970833333333,0.13425291666666667,0.0,0.7638888888888888,5.131444444444444
kpx_group_3,scada_under_label,2024-05-27 02:00:00,2024-05-27 03:00:00,2,0.13372530952380957,0.1380140476190476,0.7527729285714286,0.6190476190476191,0.7166666666666667,15.745833333333335
kpx_group_2,scada_under_label,2023-10-05 05:00:00,2023-10-05 06:00:00,2,0.13335331018518515,0.1438206481481481,0.2102514583333333,0.0768981481481481,0.8333333333333334,6.001402777777779
kpx_group_2,scada_zero_label_positive,2022-07-28 03:00:00,2022-07-28 04:00:00,2,0.1330879629629629,0.144631574074074,0.14630555555555552,0.01321759259259255,0.6666666666666666,5.231944444444444
kpx_group_1,scada_zero_label_positive,2023-03-02 15:00:00,2023-03-02 16:00:00,2,0.13293081018518516,0.1548489351851852,0.1580234027777777,0.0250925925925925,0.8194444444444445,5.887444444444445
kpx_group_2,scada_zero_label_positive,2023-12-14 16:00:00,2023-12-14 17:00:00,2,0.13291374999999994,0.1406140277777777,0.13291374999999994,0.0,0.5972222222222221,5.9126666666666665
kpx_group_2,scada_zero_label_positive,2022-11-14 13:00:00,2022-11-14 14:00:00,2,0.13257893518518515,0.1573537962962963,0.13257893518518515,0.0,0.8333333333333334,5.72638888888889
kpx_group_2,scada_under_label,2023-12-28 20:00:00,2023-12-28 21:00:00,2,0.13211379629629624,0.1428094444444444,0.38334064814814817,0.2512268518518518,0.9305555555555556,7.70175
kpx_group_3,scada_under_label,2023-12-16 23:00:00,2023-12-17 00:00:00,2,0.1318032619047618,0.1348335714285713,0.7128270714285714,0.5810238095238096,0.9166666666666667,15.363166666666666
kpx_group_2,scada_zero_label_positive,2023-02-16 19:00:00,2023-02-16 20:00:00,2,0.1315745601851851,0.1593625925925925,0.1315745601851851,0.0,0.23611111111111105,10.368222222222222
kpx_group_2,scada_zero_label_positive,2024-10-21 07:00:00,2024-10-21 08:00:00,2,0.1312397685185185,0.1312397685185185,0.1312397685185185,0.0,0.5555555555555556,5.535458333333334
kpx_group_2,scada_under_label,2023-06-22 04:00:00,2023-06-22 05:00:00,2,0.13043249999999995,0.1340677314814814,0.2845760185185185,0.15414351851851843,0.6666666666666666,6.196930555555555
kpx_group_3,scada_under_label,2024-12-02 22:00:00,2024-12-02 23:00:00,2,0.1290606428571428,0.1363619047619046,0.7052511190476191,0.5761904761904761,0.7666666666666667,10.329999950000001
kpx_group_1,scada_under_label,2022-07-07 23:00:00,2022-07-08 00:00:00,2,0.1288065509259259,0.1294634722222222,0.3776491435185185,0.2488425925925926,0.6666666666666666,10.459722222222222
kpx_group_3,scada_under_label,2024-12-26 22:00:00,2024-12-26 23:00:00,2,0.12865914285714286,0.1294365714285715,0.7834210476190477,0.6547619047619048,0.7666666666666667,11.83
kpx_group_3,scada_under_label,2023-12-02 08:00:00,2023-12-02 09:00:00,2,0.12860976190476187,0.1322280476190476,0.8168240476190476,0.6882142857142857,0.8333333333333334,13.685500000000001
kpx_group_2,scada_under_label,2022-04-24 03:00:00,2022-04-24 04:00:00,2,0.12850828703703704,0.1296676388888888,0.9263786574074073,0.7978703703703703,0.9722222222222222,13.70277777777778
kpx_group_2,scada_under_label,2024-01-04 08:00:00,2024-01-04 09:00:00,2,0.1283686805555555,0.1355774999999999,0.6495029398148148,0.5211342592592593,0.8333333333333334,10.444222222222223
kpx_group_2,scada_under_label,2022-04-24 06:00:00,2022-04-24 07:00:00,2,0.12759456018518506,0.1285745833333332,0.9079649305555556,0.7803703703703704,0.9722222222222224,14.440277777777778
kpx_group_2,scada_zero_label_positive,2022-04-16 07:00:00,2022-04-16 08:00:00,2,0.12755701388888885,0.1412836111111111,0.12755701388888885,0.0,0.7916666666666667,4.925000000000001
kpx_group_2,scada_under_label,2022-12-13 04:00:00,2022-12-13 05:00:00,2,0.1270372916666666,0.1300404629629629,0.9086345138888889,0.7815972222222223,0.9722222222222224,16.863888888888887
kpx_group_2,scada_zero_label_positive,2022-11-03 12:00:00,2022-11-03 13:00:00,2,0.12683356481481478,0.1331408333333333,0.1389400462962963,0.01210648148148145,0.7916666666666667,5.8680555555555545
kpx_group_2,scada_zero_label_positive,2022-11-01 15:00:00,2022-11-01 16:00:00,2,0.12420907407407404,0.1299006018518518,0.12420907407407404,0.0,0.6944444444444444,5.783333333333333
kpx_group_2,scada_under_label,2022-11-30 00:00:00,2022-11-30 01:00:00,2,0.12328824074074066,0.1257899537037036,0.9173391666666666,0.794050925925926,0.9722222222222224,16.141666666666666
kpx_group_2,scada_zero_label_positive,2022-07-30 01:00:00,2022-07-30 02:00:00,2,0.1232046759259259,0.1419531944444444,0.1232046759259259,0.0,0.5555555555555556,5.358333333333333
kpx_group_2,scada_zero_label_positive,2023-12-19 08:00:00,2023-12-19 09:00:00,2,0.12320467592592585,0.1345877314814814,0.12320467592592585,0.0,0.8194444444444445,5.2499166666666675
kpx_group_1,scada_zero_label_positive,2022-12-24 06:00:00,2022-12-24 07:00:00,2,0.12296270833333325,0.1507714351851851,0.1409488194444444,0.01798611111111105,0.5555555555555555,7.101805555555555
kpx_group_2,scada_under_label,2022-05-19 10:00:00,2022-05-19 11:00:00,2,0.1229186111111111,0.123037037037037,0.7807426851851853,0.6578240740740742,0.9444444444444444,13.691666666666666
kpx_group_1,scada_zero_label_positive,2023-11-05 08:00:00,2023-11-05 09:00:00,2,0.12019152777777775,0.1218655092592592,0.12019152777777775,0.0,0.8194444444444445,5.441972222222223
kpx_group_2,scada_zero_label_positive,2024-08-31 08:00:00,2024-08-31 09:00:00,2,0.11977291666666665,0.1486072222222222,0.13458773148148145,0.0148148148148148,0.75,5.104958333333332
kpx_group_1,scada_zero_label_positive,2022-12-24 10:00:00,2022-12-24 11:00:00,2,0.1186734722222222,0.1391568981481481,0.1436271759259259,0.02495370370370365,0.6527777777777777,6.654555555555556
kpx_group_3,moderate_residual,2024-03-20 01:00:00,2024-03-20 02:00:00,2,0.11863909523809515,0.1188691904761904,0.6043533809523809,0.4857142857142857,0.7833333333333334,9.06366665
kpx_group_2,moderate_residual,2022-12-22 21:00:00,2022-12-22 22:00:00,2,0.1186230555555555,0.1190433796296295,0.8222573148148148,0.7036342592592593,0.9305555555555557,14.724847222222223
kpx_group_1,moderate_residual,2024-11-26 16:00:00,2024-11-26 17:00:00,2,0.11732942129629614,0.1189463888888887,0.8620979398148148,0.7447685185185186,0.9722222222222223,17.16990277777778
kpx_group_2,scada_zero_label_positive,2023-02-10 15:00:00,2023-02-10 16:00:00,2,0.11715423611111106,0.1197592592592592,0.14027923611111104,0.02312499999999995,0.6388888888888888,5.753541666666667
kpx_group_2,moderate_residual,2022-12-07 22:00:00,2022-12-07 23:00:00,2,0.1170482407407406,0.1185760185185184,0.831631574074074,0.7145833333333333,0.9722222222222224,12.445833333333333
kpx_group_2,moderate_residual,2022-05-19 05:00:00,2022-05-19 06:00:00,2,0.115940787037037,0.1192626851851852,0.8165657870370371,0.700625,0.9722222222222224,14.077777777777778
kpx_group_2,moderate_residual,2022-05-03 09:00:00,2022-05-03 10:00:00,2,0.11544275462962965,0.117040462962963,0.8212529398148148,0.7058101851851852,0.9722222222222224,11.840277777777779
kpx_group_2,moderate_residual,2022-04-26 21:00:00,2022-04-26 22:00:00,2,0.1149371527777778,0.1153708796296296,0.8061871527777777,0.6912499999999999,0.9722222222222224,13.091666666666669
kpx_group_1,moderate_residual,2022-04-06 01:00:00,2022-04-06 02:00:00,2,0.1148253009259259,0.1177821759259259,0.7455891898148148,0.6307638888888889,0.8333333333333334,11.75277777777778
kpx_group_1,moderate_residual,2024-07-07 10:00:00,2024-07-07 11:00:00,2,0.114092824074074,0.1181963888888888,0.7241622685185185,0.6100694444444444,0.8333333333333334,11.817055555555555
kpx_group_3,moderate_residual,2023-12-17 09:00:00,2023-12-17 10:00:00,2,0.1138095238095237,0.1160130476190475,0.6542857142857142,0.5404761904761906,0.7666666666666667,13.837291666666667
kpx_group_2,moderate_residual,2022-12-15 16:00:00,2022-12-15 17:00:00,2,0.1136596064814813,0.1171608333333332,0.830627199074074,0.7169675925925927,0.9722222222222224,12.305555555555557
kpx_group_2,scada_zero_label_positive,2022-05-21 12:00:00,2022-05-21 13:00:00,2,0.11349537037037034,0.1392748611111111,0.12722222222222218,0.01372685185185185,0.7916666666666667,5.236111111111111
kpx_group_1,moderate_residual,2022-11-30 03:00:00,2022-11-30 04:00:00,2,0.1130706712962962,0.1131749537037036,0.7392280787037037,0.6261574074074074,0.9722222222222224,12.27638888888889
kpx_group_2,moderate_residual,2022-12-15 19:00:00,2022-12-15 20:00:00,2,0.113053611111111,0.117410324074074,0.8413406481481481,0.7282870370370371,0.9722222222222224,13.663888888888888
kpx_group_2,moderate_residual,2023-11-29 05:00:00,2023-11-29 06:00:00,2,0.11298976851851844,0.1152914351851851,0.6846564351851852,0.5716666666666667,0.8333333333333334,12.473166666666668
kpx_group_1,moderate_residual,2024-07-07 00:00:00,2024-07-07 01:00:00,2,0.11275608796296295,0.1128503703703703,0.7445847916666667,0.6318287037037037,0.8333333333333334,15.60559722222222
kpx_group_2,moderate_residual,2023-11-21 22:00:00,2023-11-21 23:00:00,2,0.1126362037037036,0.1152982407407406,0.8189093518518518,0.7062731481481481,0.9722222222222223,13.559958333333334
kpx_group_1,scada_zero_label_positive,2022-06-10 00:00:00,2022-06-10 01:00:00,2,0.11243909722222215,0.1305701851851851,0.12387428240740735,0.01143518518518515,0.6805555555555556,5.884722222222223
kpx_group_2,moderate_residual,2022-11-26 12:00:00,2022-11-26 13:00:00,2,0.1115206944444444,0.1185253240740741,0.8751549537037038,0.7636342592592593,0.9722222222222223,15.577777777777778
kpx_group_2,moderate_residual,2023-02-11 18:00:00,2023-02-11 19:00:00,2,0.11143761574074071,0.1132275925925926,0.7532894675925925,0.6418518518518519,0.9027777777777778,10.540041666666665
kpx_group_2,scada_zero_label_positive,2022-07-22 04:00:00,2022-07-22 05:00:00,2,0.11081724537037035,0.1185175462962963,0.11081724537037035,0.0,0.7777777777777778,5.676388888888889
kpx_group_1,low_online_label_positive,2023-12-16 14:00:00,2023-12-16 15:00:00,2,0.1100655555555555,0.123959074074074,0.15601462962962953,0.04594907407407405,0.5416666666666666,14.09623611111111
kpx_group_2,moderate_residual,2022-12-13 20:00:00,2022-12-13 21:00:00,2,0.1098959722222222,0.1117977777777777,0.7405672685185185,0.6306712962962964,0.9722222222222224,11.970833333333335
kpx_group_2,moderate_residual,2022-04-24 22:00:00,2022-04-24 23:00:00,2,0.1097804629629629,0.1158640277777778,0.8222573148148148,0.7124768518518518,0.9583333333333335,11.92222222222222
kpx_group_2,scada_zero_label_positive,2024-01-24 16:00:00,2024-01-24 17:00:00,2,0.1094780787037037,0.1185175462962963,0.1094780787037037,0.0,0.1666666666666666,9.679902777777778
kpx_group_2,moderate_residual,2022-05-18 21:00:00,2022-05-18 22:00:00,2,0.10921127314814805,0.1162431944444444,0.7958084953703704,0.6865972222222223,0.9583333333333335,12.84861111111111
kpx_group_1,moderate_residual,2024-12-07 17:00:00,2024-12-07 18:00:00,2,0.1081549768518518,0.1137690277777777,0.6970438657407407,0.5888888888888889,0.8333333333333334,12.199124999999999
kpx_group_2,moderate_residual,2022-05-20 01:00:00,2022-05-20 02:00:00,2,0.10755724537037034,0.1156705555555555,0.7817470601851852,0.6741898148148149,0.9722222222222223,12.576388888888888
kpx_group_2,moderate_residual,2024-04-12 07:00:00,2024-04-12 08:00:00,2,0.10734236111111109,0.1153313888888889,0.2618099537037037,0.15446759259259255,0.8333333333333334,6.825347222222222
kpx_group_1,moderate_residual,2022-12-08 22:00:00,2022-12-08 23:00:00,2,0.1071108564814814,0.1115725925925925,0.6434765972222223,0.5363657407407407,0.8333333333333334,9.815277777777776
kpx_group_2,moderate_residual,2024-12-08 10:00:00,2024-12-08 11:00:00,2,0.10654557870370371,0.1147626851851851,0.6836520601851852,0.5771064814814815,0.8333333333333334,11.574569444444446
kpx_group_3,moderate_residual,2024-11-26 13:00:00,2024-11-26 14:00:00,2,0.10640549999999994,0.1168049999999999,0.8157909761904762,0.8261904761904763,0.8833333333333333,17.351666666666667
kpx_group_2,moderate_residual,2024-03-02 10:00:00,2024-03-02 11:00:00,2,0.10624608796296285,0.1093640277777777,0.5694868287037037,0.46324074074074073,0.9305555555555556,9.83861111111111
kpx_group_2,moderate_residual,2022-05-19 22:00:00,2022-05-19 23:00:00,2,0.10522659722222215,0.1097660648148147,0.7516154861111111,0.6463888888888889,0.9583333333333335,12.343055555555555
kpx_group_2,moderate_residual,2024-07-18 11:00:00,2024-07-18 12:00:00,2,0.1044495601851851,0.1072392592592592,0.6659078935185185,0.5614583333333334,0.8333333333333334,11.967444444444446
kpx_group_1,moderate_residual,2022-04-09 12:00:00,2022-04-09 13:00:00,2,0.1043420833333332,0.111406898148148,0.7398976388888889,0.6355555555555557,0.8333333333333334,12.131944444444443
kpx_group_3,moderate_residual,2024-09-22 21:00:00,2024-09-22 22:00:00,2,0.10429271428571425,0.1118185238095238,0.44009323809523804,0.4476190476190476,1.0,7.4116666166666665
kpx_group_3,low_online_label_positive,2023-01-20 09:00:00,2023-01-20 10:00:00,2,0.10328221428571424,0.1169834761904762,0.30889173809523807,0.29519047619047617,0.48333333333333334,16.18733333333333
kpx_group_1,moderate_residual,2022-05-19 14:00:00,2022-05-19 15:00:00,2,0.10322344907407405,0.1033796296296296,0.6883391898148148,0.5851157407407408,0.8333333333333334,11.441666666666666
kpx_group_2,moderate_residual,2023-11-07 20:00:00,2023-11-07 21:00:00,2,0.10317618055555544,0.1041710648148147,0.5524122916666666,0.4492361111111111,0.9444444444444444,8.548763888888889
kpx_group_3,low_online_label_positive,2024-12-30 00:00:00,2024-12-30 01:00:00,2,0.1028576428571428,0.1053273333333333,0.5933338333333333,0.49047619047619045,0.5666666666666667,13.721458333333334
kpx_group_2,moderate_residual,2023-11-29 02:00:00,2023-11-29 03:00:00,2,0.102064074074074,0.1069327314814814,0.6709298148148148,0.5688657407407407,0.8333333333333334,11.902916666666668
kpx_group_2,moderate_residual,2022-11-16 01:00:00,2022-11-16 02:00:00,2,0.10204240740740735,0.1037656018518518,0.6839868518518519,0.5819444444444445,0.8333333333333334,11.280555555555555
kpx_group_1,moderate_residual,2022-11-09 06:00:00,2022-11-09 07:00:00,2,0.1019008333333333,0.1102724074074074,0.6441462037037038,0.5422453703703705,0.8333333333333334,9.641666666666667
kpx_group_2,moderate_residual,2022-06-01 02:00:00,2022-06-01 03:00:00,2,0.1019008333333333,0.1102860648148148,0.5805350925925925,0.4786342592592592,0.8333333333333334,10.340277777777779
kpx_group_2,moderate_residual,2022-12-22 14:00:00,2022-12-22 15:00:00,2,0.1014149768518518,0.1159376388888888,0.7894473842592593,0.6880324074074073,0.9583333333333333,11.690597222222223
kpx_group_2,moderate_residual,2024-04-20 19:00:00,2024-04-20 20:00:00,2,0.10129629629629625,0.113614537037037,0.2544444444444444,0.1531481481481481,0.8055555555555556,7.142375
kpx_group_2,moderate_residual,2022-11-16 04:00:00,2022-11-16 05:00:00,2,0.1011291435185185,0.1016963888888888,0.6699254398148149,0.5687962962962962,0.8333333333333334,10.870833333333335
kpx_group_2,moderate_residual,2022-05-28 07:00:00,2022-05-28 08:00:00,2,0.1010299768518518,0.1076057407407407,0.6906827546296296,0.5896527777777778,0.8333333333333334,11.57638888888889
kpx_group_1,moderate_residual,2024-07-22 00:00:00,2024-07-22 01:00:00,2,0.1009892824074074,0.1012758333333333,0.6930263194444445,0.592037037037037,0.8333333333333334,11.168194444444444
kpx_group_1,moderate_residual,2024-07-21 21:00:00,2024-07-21 22:00:00,2,0.1007183101851851,0.1078649999999999,0.6267368287037037,0.5260185185185186,0.8333333333333334,10.546666666666667
kpx_group_3,moderate_residual,2023-12-21 22:00:00,2023-12-21 23:00:00,2,0.0999974999999999,0.1004195714285713,0.6646165476190475,0.5646190476190476,0.8000000000000002,10.265
kpx_group_1,moderate_residual,2024-12-02 21:00:00,2024-12-02 22:00:00,2,0.09998708333333335,0.1070048611111111,0.695704675925926,0.5957175925925926,0.8333333333333334,10.569277777777778
kpx_group_1,moderate_residual,2023-11-23 20:00:00,2023-11-23 21:00:00,2,0.09960842592592585,0.1109068981481481,0.6853260185185185,0.5857175925925926,0.8611111111111112,11.297152777777779
kpx_group_1,moderate_residual,2022-12-25 20:00:00,2022-12-25 21:00:00,2,0.09929361111111105,0.0994658796296296,0.7362149074074074,0.6369212962962963,0.9722222222222223,9.663555555555556
kpx_group_2,moderate_residual,2023-03-04 02:00:00,2023-03-04 03:00:00,2,0.0987729166666666,0.1148601388888888,0.17275439814814808,0.07398148148148145,0.9027777777777778,5.674986111111112
kpx_group_1,moderate_residual,2022-03-27 18:00:00,2022-03-27 19:00:00,2,0.09871270833333334,0.1175852777777778,0.6371154861111111,0.5384027777777778,0.8333333333333334,10.7625
kpx_group_3,moderate_residual,2024-07-21 11:00:00,2024-07-21 12:00:00,2,0.09833733333333325,0.1150877142857143,0.616750380952381,0.6,0.7333333333333334,17.111166666666666
kpx_group_2,scada_zero_label_positive,2023-03-30 14:00:00,2023-03-30 15:00:00,2,0.09679969907407404,0.1104824537037037,0.10679969907407405,0.01,0.6805555555555556,5.397930555555556
kpx_group_2,moderate_residual,2023-03-24 00:00:00,2023-03-24 01:00:00,2,0.09675583333333329,0.0990993981481481,0.09675583333333329,0.0,0.6805555555555555,5.073430555555555
kpx_group_1,low_online_label_positive,2024-01-25 07:00:00,2024-01-25 08:00:00,2,0.0962665509259259,0.1128762037037037,0.1797850694444444,0.08351851851851845,0.3333333333333333,10.830333333333334
kpx_group_2,moderate_residual,2023-06-20 09:00:00,2023-06-20 10:00:00,2,0.0961976157407407,0.1080268055555555,0.15233187499999995,0.05613425925925925,0.5972222222222221,5.129819444444445
kpx_group_1,moderate_residual,2024-11-12 10:00:00,2024-11-12 11:00:00,2,0.096123287037037,0.1034668518518518,0.20422513888888885,0.10810185185185184,0.8888888888888888,6.375361111111111
kpx_group_1,moderate_residual,2022-04-20 09:00:00,2022-04-20 10:00:00,2,0.0960550694444444,0.1033148148148148,0.3264254398148148,0.23037037037037034,0.9444444444444444,7.170833333333334
kpx_group_1,moderate_residual,2024-12-07 20:00:00,2024-12-07 21:00:00,2,0.095524375,0.0984868518518519,0.6756169675925926,0.5800925925925926,0.9027777777777779,10.367277777777776
kpx_group_2,moderate_residual,2024-03-01 07:00:00,2024-03-01 08:00:00,2,0.0954946296296296,0.1063050462962963,0.25109648148148145,0.1556018518518518,0.7916666666666667,11.092513888888888
kpx_group_1,moderate_residual,2022-07-20 06:00:00,2022-07-20 07:00:00,2,0.09495516203703705,0.1081340277777778,0.2038903472222222,0.10893518518518515,0.8333333333333334,6.534722222222222
kpx_group_2,moderate_residual,2024-04-24 23:00:00,2024-04-25 00:00:00,2,0.094467824074074,0.0978464814814814,0.7178011574074075,0.6233333333333333,0.9027777777777779,11.395333333333333
kpx_group_2,moderate_residual,2022-09-23 12:00:00,2022-09-23 13:00:00,2,0.09438497685185185,0.0974132407407407,0.4549868287037037,0.36060185185185184,0.8333333333333334,9.256944444444443
kpx_group_2,moderate_residual,2023-10-26 18:00:00,2023-10-26 19:00:00,2,0.0943715972222222,0.1192636574074074,0.25578363425925926,0.16141203703703694,0.875,6.681444444444444
kpx_group_1,moderate_residual,2022-05-25 08:00:00,2022-05-25 09:00:00,2,0.09433627314814814,0.1107738888888889,0.146975162037037,0.052638888888888846,0.8333333333333334,5.934722222222224
kpx_group_1,moderate_residual,2022-07-17 06:00:00,2022-07-17 07:00:00,2,0.09431115740740735,0.116697361111111,0.1931768981481481,0.0988657407407407,0.8333333333333334,6.591666666666667
kpx_group_2,moderate_residual,2023-11-13 06:00:00,2023-11-13 07:00:00,2,0.0938620833333333,0.0964941666666666,0.6829824537037037,0.5891203703703703,0.9722222222222223,9.950138888888889
kpx_group_2,moderate_residual,2024-03-31 08:00:00,2024-03-31 09:00:00,2,0.0935509259259259,0.1044775925925926,0.2099166666666666,0.1163657407407407,0.8611111111111112,6.002680555555556
kpx_group_1,moderate_residual,2024-07-22 05:00:00,2024-07-22 06:00:00,2,0.09345101851851835,0.1103942592592591,0.5899093518518518,0.49645833333333333,0.8333333333333334,10.08361111111111
kpx_group_2,moderate_residual,2023-05-21 19:00:00,2023-05-21 20:00:00,2,0.09322053240740735,0.0958708796296295,0.6304196064814815,0.5371990740740741,0.9583333333333335,9.737694444444443
kpx_group_2,moderate_residual,2022-04-24 19:00:00,2022-04-24 20:00:00,2,0.09301023148148145,0.1064463888888889,0.6766213425925925,0.5836111111111111,0.9722222222222224,10.0
kpx_group_2,moderate_residual,2022-02-18 19:00:00,2022-02-18 20:00:00,2,0.09264374999999994,0.101844537037037,0.1389400462962963,0.04629629629629625,0.8333333333333334,5.897222222222222
kpx_group_2,moderate_residual,2024-01-24 21:00:00,2024-01-24 22:00:00,2,0.09240351851851844,0.0977602314814814,0.09240351851851844,0.0,0.1666666666666666,8.965291666666666
kpx_group_2,moderate_residual,2024-07-17 09:00:00,2024-07-17 10:00:00,2,0.0920977083333333,0.1018635648148148,0.6849912268518519,0.5928935185185185,0.8888888888888888,11.733944444444447
kpx_group_2,scada_zero_label_positive,2022-04-29 16:00:00,2022-04-29 17:00:00,2,0.09202534722222215,0.1068201851851851,0.11818275462962954,0.0261574074074074,0.7222222222222222,5.252777777777778
kpx_group_2,moderate_residual,2024-03-03 13:00:00,2024-03-03 14:00:00,2,0.09189108796296294,0.0979824537037037,0.5570994212962963,0.46520833333333333,0.8333333333333334,10.717444444444444
kpx_group_3,moderate_residual,2023-04-04 21:00:00,2023-04-04 22:00:00,2,0.09181276190476184,0.1035699047619047,0.35331428571428564,0.36507142857142855,0.9166666666666667,6.58749995
kpx_group_2,moderate_residual,2022-11-05 14:00:00,2022-11-05 15:00:00,2,0.0915940509259259,0.1088688888888889,0.24205701388888884,0.15046296296296297,0.9027777777777778,6.379166666666667
kpx_group_2,moderate_residual,2022-01-30 00:00:00,2022-01-30 01:00:00,2,0.09133601851851844,0.1188367592592592,0.2115906481481481,0.1202546296296296,0.9166666666666667,6.331944444444444
kpx_group_1,moderate_residual,2022-01-20 01:00:00,2022-01-20 02:00:00,2,0.0911396296296296,0.0933338425925926,0.23870907407407405,0.14756944444444442,0.8333333333333334,6.995833333333332
kpx_group_1,moderate_residual,2024-07-07 05:00:00,2024-07-07 06:00:00,2,0.0908016666666666,0.1028664814814814,0.6076535185185186,0.5168518518518519,0.8333333333333334,10.786527777777778
kpx_group_1,moderate_residual,2022-03-25 12:00:00,2022-03-25 13:00:00,2,0.0907872685185185,0.1066954166666666,0.17710671296296296,0.0863194444444444,0.8194444444444445,5.781944444444445
kpx_group_3,low_online_label_positive,2023-11-19 06:00:00,2023-11-19 07:00:00,2,0.0904175476190476,0.1012997619047619,0.3650225476190476,0.37590476190476185,0.5166666666666666,20.54483333333333
kpx_group_1,moderate_residual,2024-06-10 07:00:00,2024-06-10 08:00:00,2,0.08982652777777775,0.0991311111111111,0.42251171296296297,0.33268518518518514,0.8333333333333334,7.790305555555555
kpx_group_1,moderate_residual,2023-01-21 13:00:00,2023-01-21 14:00:00,2,0.0890981944444444,0.0937197685185185,0.29495467592592595,0.20585648148148145,0.8333333333333334,7.467958333333334
kpx_group_1,moderate_residual,2024-01-03 11:00:00,2024-01-03 12:00:00,2,0.0890360648148148,0.0920160648148148,0.5828786574074074,0.49384259259259256,0.9722222222222223,9.413972222222224
kpx_group_2,moderate_residual,2022-06-02 04:00:00,2022-06-02 05:00:00,2,0.08894152777777775,0.1036486574074074,0.5018581944444445,0.41291666666666665,0.8333333333333334,9.093055555555555
kpx_group_2,moderate_residual,2023-02-01 20:00:00,2023-02-01 21:00:00,2,0.0885480092592592,0.1056759259259259,0.1838026388888889,0.0952546296296296,0.8611111111111112,5.780583333333334
kpx_group_1,moderate_residual,2022-12-25 05:00:00,2022-12-25 06:00:00,2,0.08849097222222216,0.1005102314814814,0.5651344907407407,0.47664351851851855,0.8333333333333334,9.134124999999997
kpx_group_1,moderate_residual,2022-08-07 15:00:00,2022-08-07 16:00:00,2,0.08816009259259255,0.0894761111111111,0.1543406481481481,0.06618055555555549,0.8333333333333334,6.115277777777777
kpx_group_1,moderate_residual,2024-10-26 11:00:00,2024-10-26 12:00:00,2,0.08771636574074071,0.0984298148148148,0.08771636574074071,0.0,0.8055555555555556,5.195513888888889
kpx_group_2,moderate_residual,2023-12-23 21:00:00,2023-12-23 22:00:00,2,0.0874437268518519,0.1007709722222223,0.6582076157407408,0.5707638888888888,0.9722222222222223,9.651180555555555
kpx_group_2,moderate_residual,2024-03-08 17:00:00,2024-03-08 18:00:00,2,0.08734039351851845,0.1129161574074073,0.3398172453703703,0.2524768518518518,0.8611111111111112,7.324513888888888
kpx_group_2,moderate_residual,2022-11-02 17:00:00,2022-11-02 18:00:00,2,0.08732749999999995,0.1122690277777777,0.14496638888888885,0.05763888888888885,0.8333333333333334,5.963888888888889
kpx_group_2,moderate_residual,2022-06-01 05:00:00,2022-06-01 06:00:00,2,0.08726949074074064,0.0940297222222221,0.5175935648148148,0.430324074074074,0.8333333333333334,9.540277777777778
kpx_group_1,moderate_residual,2022-07-17 09:00:00,2022-07-17 10:00:00,2,0.08725851851851846,0.0874853703703703,0.1811242592592592,0.0938657407407407,0.8333333333333334,6.320833333333333
kpx_group_2,moderate_residual,2023-09-28 08:00:00,2023-09-28 09:00:00,2,0.08708942129629624,0.087910324074074,0.2611403472222221,0.1740509259259259,0.8055555555555556,7.172541666666667
kpx_group_2,moderate_residual,2024-01-24 14:00:00,2024-01-24 15:00:00,2,0.08637719907407404,0.0924035185185185,0.08637719907407404,0.0,0.1666666666666666,8.53961111111111
kpx_group_2,moderate_residual,2023-05-12 12:00:00,2023-05-12 13:00:00,2,0.08636793981481475,0.0893879166666666,0.13090497685185182,0.044537037037037,0.8472222222222223,5.923541666666666
kpx_group_2,moderate_residual,2022-11-09 16:00:00,2022-11-09 17:00:00,2,0.0861162268518518,0.1086188888888888,0.25243567129629624,0.1663194444444444,0.8333333333333334,6.762499999999999
kpx_group_2,moderate_residual,2024-04-09 06:00:00,2024-04-09 07:00:00,2,0.0860796759259259,0.0972349074074073,0.5621213425925926,0.4760416666666667,0.8333333333333334,9.422930555555556
kpx_group_2,moderate_residual,2022-11-16 07:00:00,2022-11-16 08:00:00,2,0.085865,0.103282638888889,0.5691520370370371,0.483287037037037,0.8333333333333334,9.184722222222222
kpx_group_1,moderate_residual,2022-09-18 06:00:00,2022-09-18 07:00:00,2,0.0853728009259259,0.0883859722222222,0.0853728009259259,0.0,0.8333333333333334,5.259722222222223
kpx_group_3,moderate_residual,2023-03-13 03:00:00,2023-03-13 04:00:00,2,0.0851616428571428,0.1049724285714285,0.6818345952380953,0.6620238095238096,0.8500000000000001,12.1413333
kpx_group_2,moderate_residual,2022-05-28 04:00:00,2022-05-28 05:00:00,2,0.08494030092592589,0.085738287037037,0.5005190046296296,0.41557870370370364,0.8333333333333334,9.356944444444444
kpx_group_3,moderate_residual,2024-11-26 07:00:00,2024-11-26 08:00:00,2,0.0849177857142857,0.0867839523809523,0.5409909761904763,0.5428571428571428,1.0,8.509666616666667
kpx_group_2,moderate_residual,2022-05-17 06:00:00,2022-05-17 07:00:00,2,0.08475828703703694,0.0875287499999999,0.5765175462962963,0.49175925925925923,0.9444444444444444,9.752777777777778
kpx_group_2,moderate_residual,2022-06-06 20:00:00,2022-06-06 21:00:00,2,0.08436842592592589,0.0870468055555555,0.08436842592592589,0.0,0.6805555555555556,4.531944444444445
kpx_group_2,moderate_residual,2022-12-29 15:00:00,2022-12-29 16:00:00,2,0.08406578703703699,0.1031242592592592,0.4667046759259259,0.38263888888888886,0.8888888888888888,8.671930555555555
kpx_group_3,moderate_residual,2024-01-11 06:00:00,2024-01-11 07:00:00,2,0.08375814285714285,0.1193273333333333,0.8660676666666667,0.7823095238095238,0.85,14.349666666666668
kpx_group_2,moderate_residual,2024-12-10 17:00:00,2024-12-10 18:00:00,2,0.0834110648148148,0.0836500925925926,0.1376008796296296,0.0541898148148148,0.875,5.505472222222222
kpx_group_3,moderate_residual,2023-01-26 00:00:00,2023-01-26 01:00:00,2,0.08324961904761899,0.0974305714285714,0.5038,0.4896190476190476,0.8000000000000002,8.186333266666667
kpx_group_2,moderate_residual,2022-04-27 22:00:00,2022-04-27 23:00:00,2,0.08314546296296291,0.0960428703703703,0.5326593518518519,0.4495138888888889,0.9722222222222223,9.120833333333332
kpx_group_2,moderate_residual,2022-07-14 15:00:00,2022-07-14 16:00:00,2,0.0829327546296296,0.0863508796296296,0.20723831018518515,0.1243055555555555,0.8194444444444445,6.6625
kpx_group_2,moderate_residual,2023-08-25 08:00:00,2023-08-25 09:00:00,2,0.0826561805555555,0.0834917129629629,0.5202719212962963,0.4376157407407407,0.8333333333333334,9.557305555555555
kpx_group_2,moderate_residual,2022-05-22 12:00:00,2022-05-22 13:00:00,2,0.08264935185185181,0.1095643055555555,0.3957280555555555,0.3130787037037036,0.9166666666666667,7.805555555555555
kpx_group_2,moderate_residual,2024-11-17 06:00:00,2024-11-17 07:00:00,2,0.0825828472222222,0.0964210648148148,0.167397662037037,0.0848148148148148,0.8055555555555556,5.516958333333333
kpx_group_3,moderate_residual,2024-05-31 23:00:00,2024-06-01 00:00:00,2,0.08242907142857135,0.097055619047619,0.5544210714285714,0.569047619047619,1.0,8.494333266666667
kpx_group_1,moderate_residual,2022-12-27 12:00:00,2022-12-27 13:00:00,2,0.0819717361111111,0.1127231944444444,0.27553655092592594,0.19356481481481475,0.8333333333333334,6.549930555555555
kpx_group_2,moderate_residual,2022-05-16 08:00:00,2022-05-16 09:00:00,2,0.08163645833333324,0.091315324074074,0.5252938657407407,0.4436574074074074,0.9722222222222224,9.036111111111111
kpx_group_1,moderate_residual,2022-01-25 22:00:00,2022-01-25 23:00:00,2,0.0813552546296296,0.0944122685185185,0.0813552546296296,0.0,0.1666666666666666,8.856944444444444
kpx_group_1,moderate_residual,2022-03-26 14:00:00,2022-03-26 15:00:00,2,0.08080652777777769,0.0972324537037036,0.46034356481481475,0.379537037037037,0.8333333333333334,8.959722222222222
kpx_group_2,moderate_residual,2024-08-20 07:00:00,2024-08-20 08:00:00,2,0.08068567129629625,0.0970906481481481,0.08068567129629625,0.0,0.5555555555555556,4.838180555555557
kpx_group_3,moderate_residual,2024-12-24 01:00:00,2024-12-24 02:00:00,2,0.08067469047619036,0.1194777142857141,0.7259127857142857,0.6452380952380953,0.7833333333333334,12.107499979166668
kpx_group_2,moderate_residual,2023-08-04 09:00:00,2023-08-04 10:00:00,2,0.08064106481481476,0.095217824074074,0.30265495370370366,0.22201388888888884,0.8333333333333334,7.5234305555555565
kpx_group_3,moderate_residual,2024-11-20 21:00:00,2024-11-20 22:00:00,2,0.08059949999999995,0.093445619047619,0.6866556428571429,0.6738095238095239,0.9666666666666666,9.050666583333333
kpx_group_2,moderate_residual,2022-07-03 21:00:00,2022-07-03 22:00:00,2,0.08042155092592584,0.1071203703703703,0.10713451388888885,0.026712962962962897,0.8055555555555557,5.5777777777777775
kpx_group_2,moderate_residual,2022-12-16 11:00:00,2022-12-16 12:00:00,2,0.08041349537037035,0.0895925925925926,0.4646959027777778,0.3842824074074074,0.9305555555555556,7.9625
kpx_group_3,moderate_residual,2024-02-19 06:00:00,2024-02-19 07:00:00,2,0.08027242857142855,0.0955579047619048,0.48658195238095237,0.4063095238095238,0.8999999999999999,7.440999933333334
kpx_group_3,moderate_residual,2024-05-23 20:00:00,2024-05-23 21:00:00,2,0.08020249999999995,0.0933583809523809,0.34160602380952376,0.3547619047619048,0.8500000000000001,6.73666665
kpx_group_2,moderate_residual,2023-04-03 12:00:00,2023-04-03 13:00:00,2,0.08013085648148141,0.1004064351851851,0.10311696759259256,0.02298611111111105,0.8472222222222223,5.181861111111111
kpx_group_2,moderate_residual,2024-12-13 14:00:00,2024-12-13 15:00:00,2,0.0799410416666666,0.0921340277777777,0.14128363425925924,0.06134259259259255,0.8333333333333334,5.665541666666667
kpx_group_2,moderate_residual,2024-10-16 00:00:00,2024-10-16 01:00:00,2,0.07993446759259255,0.0881506018518518,0.1938465046296296,0.11391203703703699,0.8472222222222222,5.5018472222222226
kpx_group_1,moderate_residual,2024-06-16 15:00:00,2024-06-16 16:00:00,2,0.0789424768518518,0.1003947222222222,0.19250729166666664,0.1135648148148148,0.875,5.9978333333333325
kpx_group_2,moderate_residual,2022-03-22 05:00:00,2022-03-22 06:00:00,2,0.07890888888888885,0.10154875,0.14664037037037037,0.06773148148148139,0.8472222222222223,5.658333333333333
kpx_group_2,moderate_residual,2022-04-19 13:00:00,2022-04-19 14:00:00,2,0.0788949768518518,0.0965843055555555,0.1657236805555555,0.08682870370370366,0.8611111111111112,5.684722222222222
kpx_group_2,moderate_residual,2023-02-08 04:00:00,2023-02-08 05:00:00,2,0.07845490740740729,0.0851374074074073,0.4975058333333333,0.4190509259259259,0.8333333333333334,8.653458333333333
kpx_group_2,moderate_residual,2023-10-02 02:00:00,2023-10-02 03:00:00,2,0.07844224537037031,0.0840862499999999,0.12990057870370364,0.051458333333333245,0.8055555555555556,5.079375000000001
kpx_group_1,moderate_residual,2024-10-15 13:00:00,2024-10-15 14:00:00,2,0.07839131944444434,0.0890326388888888,0.26348391203703697,0.1850925925925926,0.8611111111111112,6.366666666666665
kpx_group_3,moderate_residual,2023-11-19 19:00:00,2023-11-19 20:00:00,2,0.078291738095238,0.1119979999999999,0.8388631666666666,0.7605714285714286,0.9833333333333334,13.640666666666666
kpx_group_2,moderate_residual,2023-05-18 23:00:00,2023-05-19 00:00:00,2,0.0781515509259259,0.1116418055555555,0.25310525462962963,0.1749537037037037,0.9027777777777778,6.857222222222223
kpx_group_2,moderate_residual,2022-06-06 02:00:00,2022-06-06 03:00:00,2,0.07800731481481475,0.0957514814814814,0.07800731481481475,0.0,0.6527777777777778,5.177777777777778
kpx_group_2,moderate_residual,2024-04-06 14:00:00,2024-04-06 15:00:00,2,0.0779493287037037,0.1030462962962963,0.1961900694444444,0.1182407407407407,0.8611111111111112,5.936138888888889
kpx_group_2,moderate_residual,2022-05-16 00:00:00,2022-05-16 01:00:00,2,0.07777729166666655,0.0951388888888888,0.5999532175925926,0.522175925925926,0.9722222222222224,9.613888888888889
kpx_group_1,moderate_residual,2022-03-20 21:00:00,2022-03-20 22:00:00,2,0.0776725231481481,0.0977602314814814,0.0776725231481481,0.0,0.3333333333333333,6.863888888888889
kpx_group_2,moderate_residual,2024-07-18 06:00:00,2024-07-18 07:00:00,2,0.0775699305555555,0.0814342129629629,0.5450467824074074,0.46747685185185184,0.8333333333333334,10.112638888888888
kpx_group_2,moderate_residual,2024-01-25 00:00:00,2024-01-25 01:00:00,2,0.07733773148148144,0.0870468055555555,0.07733773148148144,0.0,0.1666666666666666,8.561125
kpx_group_2,moderate_residual,2024-06-13 07:00:00,2024-06-13 08:00:00,2,0.0773377314814814,0.0877163888888888,0.0773377314814814,0.0,0.7361111111111112,4.397972222222222
kpx_group_2,moderate_residual,2022-11-15 15:00:00,2022-11-15 16:00:00,2,0.07729655092592586,0.0849064351851851,0.39338451388888884,0.31608796296296293,0.8333333333333334,7.656944444444445
kpx_group_2,moderate_residual,2024-08-01 11:00:00,2024-08-01 12:00:00,2,0.07703437499999995,0.0957792592592592,0.2146038194444444,0.1375694444444444,0.8333333333333334,6.537680555555555
kpx_group_3,moderate_residual,2023-06-03 21:00:00,2023-06-03 22:00:00,2,0.07682707142857145,0.079748380952381,0.40944511904761904,0.4065238095238095,1.0,7.443999966666667
kpx_group_1,moderate_residual,2022-11-08 20:00:00,2022-11-08 21:00:00,2,0.07659502314814814,0.0822943518518519,0.4097894675925926,0.33319444444444446,0.8333333333333334,8.304166666666667
kpx_group_1,moderate_residual,2024-05-27 19:00:00,2024-05-27 20:00:00,2,0.07657138888888886,0.1153469907407407,0.34182601851851846,0.2652546296296296,0.9166666666666667,7.757680555555555
kpx_group_2,moderate_residual,2024-04-11 21:00:00,2024-04-11 22:00:00,2,0.07599439814814815,0.1087002777777778,0.21393421296296294,0.13793981481481477,0.8055555555555556,6.823027777777777
kpx_group_3,moderate_residual,2024-07-10 02:00:00,2024-07-10 03:00:00,2,0.0757368571428571,0.0910807142857142,0.4528345714285714,0.5285714285714286,0.9833333333333334,7.890833233333332
kpx_group_3,moderate_residual,2023-04-20 08:00:00,2023-04-20 09:00:00,2,0.075550619047619,0.0818285714285714,0.5685398571428572,0.5622619047619047,0.8999999999999999,11.210166633333333
kpx_group_2,moderate_residual,2023-12-14 14:00:00,2023-12-14 15:00:00,2,0.07530384259259255,0.0977602314814814,0.08972513888888885,0.01442129629629625,0.5833333333333334,5.0784166666666675
kpx_group_2,moderate_residual,2024-12-29 13:00:00,2024-12-29 14:00:00,2,0.07517081018518515,0.0972841203703703,0.46000877314814814,0.3848379629629629,0.8333333333333334,8.61848611111111
kpx_group_2,moderate_residual,2022-05-19 17:00:00,2022-05-19 18:00:00,2,0.07506287037037035,0.0776890740740741,0.5614517592592593,0.48638888888888887,0.9722222222222224,9.583333333333332
kpx_group_2,moderate_residual,2023-10-20 10:00:00,2023-10-20 11:00:00,2,0.0749814814814814,0.0769298148148147,0.5343333333333333,0.4593518518518518,0.9305555555555556,9.218833333333334
kpx_group_3,moderate_residual,2024-05-09 17:00:00,2024-05-09 18:00:00,2,0.07460800000000005,0.0806175238095239,0.7393428571428572,0.7333333333333334,1.0,10.100166616666666
kpx_group_2,moderate_residual,2023-05-09 11:00:00,2023-05-09 12:00:00,2,0.07430238425925925,0.0769585648148148,0.0830292361111111,0.00872685185185185,0.763888888888889,4.785472222222222
kpx_group_3,moderate_residual,2023-11-29 16:00:00,2023-11-29 17:00:00,2,0.0741751904761905,0.0791112857142857,0.5578646666666667,0.5529285714285714,1.0,8.000166583333334
kpx_group_1,moderate_residual,2024-07-08 04:00:00,2024-07-08 05:00:00,2,0.07409673611111114,0.0754551851851852,0.44092543981481486,0.3668287037037037,0.8333333333333334,8.712333333333333
kpx_group_2,moderate_residual,2023-05-30 04:00:00,2023-05-30 05:00:00,2,0.07400488425925919,0.1090229166666666,0.11349562499999995,0.0394907407407407,0.7916666666666667,4.953666666666667
kpx_group_1,moderate_residual,2022-07-21 04:00:00,2022-07-21 05:00:00,2,0.07400414351851844,0.0857431944444444,0.15467543981481474,0.0806712962962963,0.8333333333333334,6.268055555555556
kpx_group_2,moderate_residual,2022-05-31 03:00:00,2022-05-31 04:00:00,2,0.07393398148148139,0.0751915277777777,0.2276608333333333,0.1537268518518518,0.763888888888889,6.840277777777778
kpx_group_1,moderate_residual,2022-11-26 19:00:00,2022-11-26 20:00:00,2,0.07390449074074071,0.0989970833333333,0.10746930555555555,0.03356481481481475,0.8333333333333334,5.480555555555555
kpx_group_2,moderate_residual,2022-11-15 21:00:00,2022-11-15 22:00:00,2,0.07350168981481475,0.0842928703703703,0.5336637268518518,0.460162037037037,0.8333333333333334,9.126388888888888
kpx_group_2,moderate_residual,2023-04-07 10:00:00,2023-04-07 11:00:00,2,0.073397662037037,0.0934132407407407,0.19284210648148142,0.11944444444444445,0.8888888888888888,5.829152777777778
kpx_group_3,moderate_residual,2023-11-19 14:00:00,2023-11-19 15:00:00,2,0.07339247619047615,0.0770521428571429,0.7224691904761905,0.7188095238095238,0.95,15.419333333333334
kpx_group_1,moderate_residual,2022-06-09 02:00:00,2022-06-09 03:00:00,2,0.07311719907407405,0.0816900462962963,0.0893903472222222,0.0162731481481481,0.6388888888888888,5.40138888888889
kpx_group_1,moderate_residual,2024-06-10 02:00:00,2024-06-10 03:00:00,2,0.07305115740740735,0.0765428703703703,0.5015233796296296,0.4284722222222222,0.8333333333333334,8.743736111111112
kpx_group_1,moderate_residual,2024-11-20 14:00:00,2024-11-20 15:00:00,2,0.07282870370370365,0.0856583796296296,0.15266666666666662,0.0798379629629629,0.763888888888889,5.62001388888889
kpx_group_3,moderate_residual,2023-11-30 11:00:00,2023-11-30 12:00:00,2,0.07281304761904756,0.0851929999999999,0.5799037619047619,0.5675238095238095,0.9833333333333334,8.043166633333332
kpx_group_1,moderate_residual,2022-07-30 18:00:00,2022-07-30 19:00:00,2,0.07278923611111104,0.0810005092592592,0.1181827546296296,0.045393518518518444,0.736111111111111,5.6625
kpx_group_2,moderate_residual,2022-10-04 16:00:00,2022-10-04 17:00:00,2,0.0726130555555555,0.087565787037037,0.15099268518518516,0.07837962962962955,0.8472222222222223,6.002777777777778
kpx_group_3,moderate_residual,2023-02-23 08:00:00,2023-02-23 09:00:00,2,0.0723205714285714,0.0811148095238095,0.46867519047619044,0.4598809523809524,0.7833333333333334,8.655999933333334
kpx_group_1,moderate_residual,2022-02-03 11:00:00,2022-02-03 12:00:00,2,0.07211525462962955,0.0923104166666666,0.26917543981481473,0.1970601851851852,0.75,6.305555555555556
kpx_group_1,moderate_residual,2024-07-04 19:00:00,2024-07-04 20:00:00,2,0.07211379629629625,0.098237824074074,0.19250731481481476,0.1203935185185185,0.9027777777777777,6.161333333333334
kpx_group_1,moderate_residual,2022-07-31 07:00:00,2022-07-31 08:00:00,2,0.07208162037037036,0.092738287037037,0.09608624999999996,0.024004629629629598,0.6805555555555556,5.102777777777778
kpx_group_2,moderate_residual,2023-04-26 17:00:00,2023-04-26 18:00:00,2,0.07189497685185181,0.077844537037037,0.11483479166666666,0.04293981481481475,0.7222222222222223,5.682791666666667
kpx_group_1,moderate_residual,2024-05-20 12:00:00,2024-05-20 13:00:00,2,0.07189326388888885,0.0824030092592592,0.2745321527777777,0.20263888888888887,0.9027777777777778,6.987819444444444
kpx_group_1,moderate_residual,2022-04-07 19:00:00,2022-04-07 20:00:00,2,0.07185062499999995,0.0825482407407406,0.5457163657407407,0.4738657407407407,0.8333333333333334,10.176388888888889
kpx_group_2,moderate_residual,2022-11-15 18:00:00,2022-11-15 19:00:00,2,0.07170150462962956,0.0909127777777777,0.4543172453703703,0.38261574074074073,0.8333333333333334,8.327777777777778
kpx_group_1,moderate_residual,2022-12-05 11:00:00,2022-12-05 12:00:00,2,0.07144004629629624,0.1003381944444444,0.2025511574074074,0.1311111111111111,0.8333333333333334,6.45
kpx_group_1,moderate_residual,2024-08-02 15:00:00,2024-08-02 16:00:00,2,0.0711369444444444,0.0715199999999999,0.1352573148148148,0.06412037037037036,0.8055555555555557,5.58011111111111
kpx_group_2,moderate_residual,2023-03-27 23:00:00,2023-03-28 00:00:00,2,0.07101706018518515,0.0756705555555555,0.43222076388888886,0.3612037037037037,0.8333333333333334,8.152680555555555
kpx_group_2,moderate_residual,2024-12-11 05:00:00,2024-12-11 06:00:00,2,0.0710102546296296,0.0891856944444444,0.14864914351851843,0.07763888888888884,0.8333333333333334,5.519986111111112
kpx_group_2,moderate_residual,2023-09-20 16:00:00,2023-09-20 17:00:00,2,0.07099585648148145,0.1095755555555555,0.19518567129629624,0.12418981481481475,0.8888888888888888,6.546944444444444
kpx_group_1,moderate_residual,2022-11-09 09:00:00,2022-11-09 10:00:00,2,0.0709527314814815,0.0870165740740741,0.3984064351851852,0.3274537037037037,0.8333333333333334,8.120833333333334
kpx_group_2,moderate_residual,2023-05-30 22:00:00,2023-05-30 23:00:00,2,0.07087937499999995,0.1001130555555555,0.1409488194444444,0.0700694444444444,0.7083333333333333,5.791361111111111
kpx_group_2,moderate_residual,2022-11-07 01:00:00,2022-11-07 02:00:00,2,0.0708752546296296,0.0846856944444444,0.1834678472222222,0.11259259259259255,0.875,5.9875
kpx_group_2,moderate_residual,2024-05-24 06:00:00,2024-05-24 07:00:00,2,0.07086233796296296,0.0861486574074074,0.11583918981481481,0.04497685185185185,0.6805555555555556,4.7424583333333326
kpx_group_2,moderate_residual,2024-05-12 20:00:00,2024-05-12 21:00:00,2,0.07064180555555549,0.0823596296296296,0.07064180555555549,0.0,0.6944444444444444,4.408805555555555
kpx_group_2,moderate_residual,2022-01-31 11:00:00,2022-01-31 12:00:00,2,0.0706237731481481,0.090295787037037,0.3230774768518518,0.2524537037037037,0.9305555555555556,7.079166666666667
kpx_group_1,moderate_residual,2024-12-03 13:00:00,2024-12-03 14:00:00,2,0.0706042824074074,0.0727762962962963,0.49884502314814816,0.4282407407407407,0.8333333333333334,8.51661111111111
kpx_group_2,moderate_residual,2023-01-05 22:00:00,2023-01-05 23:00:00,2,0.0705660416666666,0.0858518518518518,0.20489474537037028,0.13432870370370364,0.9305555555555556,6.081666666666667
kpx_group_1,moderate_residual,2022-07-22 05:00:00,2022-07-22 06:00:00,2,0.07047807870370365,0.1023167592592592,0.10311696759259256,0.03263888888888885,0.7083333333333334,5.3180555555555555
kpx_group_3,moderate_residual,2024-03-29 08:00:00,2024-03-29 09:00:00,2,0.07038695238095236,0.0811879523809523,0.7417533809523809,0.730952380952381,1.0,9.706999883333333
kpx_group_1,moderate_residual,2024-10-22 14:00:00,2024-10-22 15:00:00,2,0.07000777777777775,0.1046198611111111,0.35588740740740743,0.2858796296296296,0.8194444444444445,7.9431111111111115
kpx_group_2,moderate_residual,2022-03-09 04:00:00,2022-03-09 05:00:00,2,0.0700051157407407,0.1035589814814814,0.125213449074074,0.0552083333333333,0.8611111111111112,5.45
kpx_group_2,moderate_residual,2022-03-01 14:00:00,2022-03-01 15:00:00,2,0.0698123842592592,0.0730804166666666,0.4553216435185185,0.3855092592592593,0.9444444444444445,7.927777777777777
kpx_group_1,moderate_residual,2024-07-08 07:00:00,2024-07-08 08:00:00,2,0.06972270833333336,0.09916375,0.4178245601851852,0.34810185185185183,0.8333333333333334,8.230944444444445
kpx_group_2,moderate_residual,2022-05-08 07:00:00,2022-05-08 08:00:00,2,0.06963743055555555,0.0836988425925926,0.06963743055555555,0.0,0.5972222222222222,4.709722222222222
kpx_group_2,moderate_residual,2023-04-16 03:00:00,2023-04-16 04:00:00,2,0.06962037037037035,0.0953596296296296,0.3307777777777777,0.26115740740740734,0.9305555555555556,6.928430555555556
kpx_group_3,moderate_residual,2024-07-09 23:00:00,2024-07-10 00:00:00,2,0.06934988095238095,0.0905814761904762,0.39980302380952376,0.37857142857142856,0.95,7.237999883333334
kpx_group_1,moderate_residual,2022-07-23 20:00:00,2022-07-23 21:00:00,2,0.0690087731481481,0.0912841203703703,0.11650877314814809,0.04749999999999995,0.7777777777777778,5.648611111111111
kpx_group_1,moderate_residual,2024-03-26 19:00:00,2024-03-26 20:00:00,2,0.06890643518518515,0.0706632407407407,0.0930731018518518,0.02416666666666665,0.8333333333333334,5.860763888888888
kpx_group_1,moderate_residual,2022-04-12 08:00:00,2022-04-12 09:00:00,2,0.06861525462962956,0.1035399537037036,0.43456432870370365,0.36594907407407407,0.8333333333333334,8.354166666666666
kpx_group_1,moderate_residual,2022-11-30 11:00:00,2022-11-30 12:00:00,2,0.06833113425925924,0.0817826388888889,0.37798391203703696,0.3096527777777778,0.9166666666666666,7.387500000000001
kpx_group_3,moderate_residual,2024-12-28 20:00:00,2024-12-28 21:00:00,2,0.06825664285714285,0.0943879523809524,0.656351880952381,0.5880952380952381,0.7333333333333334,10.884374937500002
kpx_group_3,moderate_residual,2023-01-07 02:00:00,2023-01-07 03:00:00,2,0.06820778571428565,0.084043619047619,0.3853398333333333,0.45354761904761903,0.8166666666666667,7.310999950000001
kpx_group_1,moderate_residual,2024-09-01 15:00:00,2024-09-01 16:00:00,2,0.0681871296296296,0.0799361574074074,0.1573537962962963,0.08916666666666659,0.8472222222222223,5.6545000000000005
kpx_group_2,moderate_residual,2022-02-23 18:00:00,2022-02-23 19:00:00,2,0.06812743055555555,0.0924035185185185,0.08537280092592589,0.01724537037037035,0.6805555555555556,5.3486111111111105
kpx_group_2,moderate_residual,2022-01-09 06:00:00,2022-01-09 07:00:00,2,0.0680087499999999,0.0853513425925925,0.3137031944444444,0.2456944444444444,0.8472222222222223,6.875
kpx_group_2,moderate_residual,2024-08-20 10:00:00,2024-08-20 11:00:00,2,0.06796344907407399,0.0796812962962962,0.06796344907407399,0.0,0.5138888888888888,4.394527777777777
kpx_group_2,moderate_residual,2023-02-01 17:00:00,2023-02-01 18:00:00,2,0.067824074074074,0.1045877314814814,0.2226388888888888,0.1548148148148148,0.8472222222222222,6.129305555555556
kpx_group_3,moderate_residual,2023-01-19 09:00:00,2023-01-19 10:00:00,2,0.06769876190476184,0.0768501428571428,0.5482225714285714,0.48052380952380946,0.8833333333333333,8.435166650000001
kpx_group_2,moderate_residual,2023-06-04 12:00:00,2023-06-04 13:00:00,2,0.06768981481481476,0.0934629629629629,0.15266666666666664,0.0849768518518518,0.8333333333333335,5.485013888888888
kpx_group_1,moderate_residual,2023-11-14 17:00:00,2023-11-14 18:00:00,2,0.06766715277777775,0.0781413425925925,0.5704912268518518,0.502824074074074,0.9722222222222223,8.780305555555556
kpx_group_2,moderate_residual,2022-02-12 07:00:00,2022-02-12 08:00:00,2,0.06762865740740735,0.0863771759259259,0.06762865740740735,0.0,0.625,4.722222222222222
kpx_group_2,moderate_residual,2024-03-12 06:00:00,2024-03-12 07:00:00,2,0.06759187499999995,0.0729118055555555,0.10479094907407405,0.03719907407407405,0.7361111111111112,4.980138888888889
kpx_group_3,moderate_residual,2023-01-24 08:00:00,2023-01-24 09:00:00,2,0.06758721428571425,0.0828581428571428,0.702151880952381,0.6868809523809524,0.9333333333333332,10.32299995
kpx_group_2,moderate_residual,2023-05-30 19:00:00,2023-05-30 20:00:00,2,0.06752754629629626,0.0930731018518518,0.07097662037037031,0.00344907407407405,0.5833333333333333,5.193888888888889
kpx_group_1,moderate_residual,2022-11-16 12:00:00,2022-11-16 13:00:00,2,0.0675158333333333,0.0794156944444444,0.41179824074074073,0.3442824074074074,0.875,8.054166666666667
kpx_group_2,moderate_residual,2024-04-08 02:00:00,2024-04-08 03:00:00,2,0.0673140972222222,0.0756043055555555,0.16840206018518517,0.10108796296296291,0.8888888888888888,5.621972222222222
kpx_group_2,moderate_residual,2024-02-09 14:00:00,2024-02-09 15:00:00,2,0.06719981481481474,0.0694079166666666,0.3086812962962963,0.24148148148148146,0.8888888888888888,7.46775
kpx_group_2,moderate_residual,2024-11-22 06:00:00,2024-11-22 07:00:00,2,0.0671827546296296,0.08258625,0.2199605324074074,0.15277777777777773,0.8333333333333333,6.143736111111112
kpx_group_3,moderate_residual,2024-05-06 15:00:00,2024-05-06 16:00:00,2,0.06712733333333334,0.0965092857142857,0.565096238095238,0.5357142857142857,0.9833333333333334,8.227166633333333
kpx_group_2,moderate_residual,2022-05-22 21:00:00,2022-05-22 22:00:00,2,0.06695905092592586,0.0810204629629629,0.06695905092592586,0.0,0.6527777777777778,4.231944444444444
kpx_group_3,moderate_residual,2024-06-30 01:00:00,2024-06-30 02:00:00,2,0.06669071428571426,0.0884781904761904,0.6356902380952381,0.7023809523809523,1.0,9.46349995
kpx_group_2,moderate_residual,2023-07-24 12:00:00,2023-07-24 13:00:00,2,0.06660673611111109,0.0716247685185185,0.16438451388888886,0.09777777777777774,0.8194444444444445,6.302236111111111
kpx_group_2,moderate_residual,2022-07-11 20:00:00,2022-07-11 21:00:00,2,0.0665475231481481,0.086893287037037,0.09675585648148145,0.0302083333333333,0.6527777777777778,4.559722222222223
kpx_group_2,moderate_residual,2022-11-17 07:00:00,2022-11-17 08:00:00,2,0.0665258333333333,0.0763333333333333,0.07800731481481474,0.01148148148148145,0.7916666666666667,4.680555555555555
kpx_group_3,moderate_residual,2024-08-22 10:00:00,2024-08-22 11:00:00,2,0.0659694285714285,0.0819288095238095,0.36261204761904753,0.37857142857142856,0.8166666666666667,7.984999950000001
kpx_group_3,moderate_residual,2023-11-30 22:00:00,2023-11-30 23:00:00,2,0.06595590476190474,0.0674205714285715,0.7245353333333333,0.726,0.9833333333333334,9.19466665
kpx_group_2,moderate_residual,2024-07-04 04:00:00,2024-07-04 05:00:00,2,0.06591398148148145,0.0668757407407407,0.3863537962962963,0.32043981481481476,0.8333333333333334,9.305472222222221
kpx_group_1,moderate_residual,2022-10-24 07:00:00,2022-10-24 08:00:00,2,0.0659130092592592,0.0848693981481481,0.25042689814814817,0.18451388888888887,0.8055555555555556,6.633333333333334
kpx_group_1,moderate_residual,2024-07-30 17:00:00,2024-07-30 18:00:00,2,0.06537182870370364,0.0943308796296296,0.5631257175925926,0.5341666666666667,0.8333333333333334,8.365430555555555
kpx_group_3,moderate_residual,2023-04-10 07:00:00,2023-04-10 08:00:00,2,0.06536166666666665,0.0981694285714286,0.653597,0.6864047619047619,0.8,12.992166666666666
kpx_group_2,moderate_residual,2023-09-26 02:00:00,2023-09-26 03:00:00,2,0.06523710648148145,0.078807037037037,0.09776025462962955,0.0325231481481481,0.5833333333333333,3.9270416666666668
kpx_group_2,moderate_residual,2024-03-21 06:00:00,2024-03-21 07:00:00,2,0.0652297685185185,0.0856271759259259,0.09608624999999996,0.03085648148148145,0.8333333333333334,5.31175
kpx_group_2,moderate_residual,2024-08-07 08:00:00,2024-08-07 09:00:00,2,0.06475608796296291,0.0982909259259259,0.12755701388888885,0.0628009259259259,0.763888888888889,5.160041666666666
kpx_group_2,moderate_residual,2023-03-28 13:00:00,2023-03-28 14:00:00,2,0.0643935185185185,0.0857075925925926,0.0699722222222222,0.0055787037037037,0.5833333333333333,5.0144166666666665
kpx_group_3,moderate_residual,2023-07-02 05:00:00,2023-07-02 06:00:00,2,0.06434938095238095,0.0656300952380952,0.6012541428571428,0.5369047619047619,1.0,8.969166633333334
kpx_group_2,moderate_residual,2023-05-14 21:00:00,2023-05-14 22:00:00,2,0.06427363425925925,0.0781608333333333,0.1124912268518518,0.04821759259259255,0.8194444444444445,5.807458333333333
kpx_group_2,moderate_residual,2022-12-24 01:00:00,2022-12-24 02:00:00,2,0.064152037037037,0.0857889814814814,0.4419298148148148,0.3777777777777777,0.9583333333333335,8.602152777777778
kpx_group_1,moderate_residual,2023-10-25 16:00:00,2023-10-25 17:00:00,2,0.0640821296296296,0.0812607407407407,0.0877163888888888,0.0236342592592592,0.7777777777777778,4.848541666666667
kpx_group_3,moderate_residual,2023-11-30 07:00:00,2023-11-30 08:00:00,2,0.06397592857142854,0.0902972380952381,0.5000120238095238,0.5263333333333333,0.9666666666666666,7.217999966666667
kpx_group_3,moderate_residual,2024-06-29 22:00:00,2024-06-29 23:00:00,2,0.0639328333333333,0.0857102857142857,0.22107969047619047,0.24285714285714283,0.7833333333333334,5.596499966666666
kpx_group_2,moderate_residual,2024-01-03 20:00:00,2024-01-03 21:00:00,2,0.0639322453703703,0.0886993055555555,0.48277483796296294,0.4188425925925926,0.9027777777777778,9.019916666666667
kpx_group_2,moderate_residual,2023-05-01 16:00:00,2023-05-01 17:00:00,2,0.0639261574074074,0.0773065277777778,0.2852456018518518,0.2213194444444444,0.9444444444444444,6.694652777777778
kpx_group_3,moderate_residual,2023-06-26 11:00:00,2023-06-26 12:00:00,2,0.06391752380952376,0.0848851904761904,0.3705323333333333,0.39149999999999996,1.0,7.2018333000000005
kpx_group_3,moderate_residual,2023-01-02 09:00:00,2023-01-02 10:00:00,2,0.0636390952380952,0.0810210476190476,0.6697819523809523,0.6061428571428571,1.0,8.825166633333334
kpx_group_2,moderate_residual,2024-05-19 08:00:00,2024-05-19 09:00:00,2,0.06348342592592585,0.0953065277777777,0.13190935185185185,0.06842592592592589,0.638888888888889,4.748750000000001
kpx_group_2,moderate_residual,2024-02-12 03:00:00,2024-02-12 04:00:00,2,0.063450787037037,0.0955999074074074,0.2537748611111111,0.19032407407407403,0.9027777777777778,6.515513888888888
kpx_group_3,moderate_residual,2024-07-24 09:00:00,2024-07-24 10:00:00,2,0.0633117857142857,0.0668491428571428,0.5988435952380953,0.6023809523809524,0.7666666666666668,11.724749983333336
kpx_group_1,moderate_residual,2022-07-28 03:00:00,2022-07-28 04:00:00,2,0.0632227083333333,0.0693820833333333,0.125213449074074,0.0619907407407407,0.8055555555555556,5.8375
kpx_group_1,moderate_residual,2022-12-20 21:00:00,2022-12-20 22:00:00,2,0.06321759259259255,0.0758045833333333,0.12722222222222215,0.0640046296296296,0.7916666666666667,5.93475
kpx_group_2,moderate_residual,2022-05-28 01:00:00,2022-05-28 02:00:00,2,0.06321541666666665,0.0653830555555555,0.44159504629629626,0.37837962962962957,0.8333333333333334,8.784722222222223
kpx_group_3,moderate_residual,2024-03-30 01:00:00,2024-03-30 02:00:00,2,0.06321402380952375,0.0829543809523809,0.4394045,0.3761904761904762,0.8833333333333333,7.128833266666668
kpx_group_2,moderate_residual,2023-07-25 11:00:00,2023-07-25 12:00:00,2,0.06290789351851846,0.0817353703703703,0.20790789351851846,0.145,0.9027777777777778,6.3185
kpx_group_2,moderate_residual,2022-11-07 13:00:00,2022-11-07 14:00:00,2,0.06288157407407399,0.0792081018518518,0.10010379629629625,0.03722222222222215,0.6944444444444445,5.3069444444444445
kpx_group_1,moderate_residual,2022-10-11 16:00:00,2022-10-11 17:00:00,2,0.06276317129629624,0.0703255555555555,0.15567983796296295,0.09291666666666665,0.6666666666666666,6.426388888888889
kpx_group_3,moderate_residual,2023-02-06 00:00:00,2023-02-06 01:00:00,2,0.062497,0.0825839523809524,0.38465114285714286,0.40473809523809523,0.9000000000000001,6.415666616666667
kpx_group_3,low_online_label_positive,2024-01-24 01:00:00,2024-01-24 02:00:00,2,0.0624827142857142,0.0714777142857142,0.3199112857142856,0.25742857142857134,0.35,12.136833333333332
kpx_group_3,moderate_residual,2023-05-01 06:00:00,2023-05-01 07:00:00,2,0.06235890476190475,0.0703062857142857,0.41323309523809526,0.40528571428571425,0.8000000000000002,8.04249995
kpx_group_2,moderate_residual,2023-12-24 06:00:00,2023-12-24 07:00:00,2,0.0623459953703703,0.0727490277777777,0.08771636574074071,0.0253703703703703,0.7916666666666666,5.004819444444445
kpx_group_2,moderate_residual,2023-08-02 11:00:00,2023-08-02 12:00:00,2,0.06222807870370364,0.0739366666666666,0.14764474537037037,0.0854166666666666,0.8611111111111112,5.987416666666666
kpx_group_3,moderate_residual,2023-01-09 12:00:00,2023-01-09 13:00:00,2,0.06220152380952369,0.0872967619047618,0.39257142857142857,0.3674761904761904,0.95,7.001666666666667
kpx_group_1,moderate_residual,2024-09-28 11:00:00,2024-09-28 12:00:00,2,0.06217421296296295,0.0744649074074074,0.1915029166666666,0.12932870370370364,0.7777777777777777,6.4245
kpx_group_3,moderate_residual,2024-01-23 00:00:00,2024-01-23 01:00:00,2,0.06213457142857145,0.0931669047619048,0.5640631428571429,0.5019285714285714,0.7333333333333334,11.717833316666667
kpx_group_3,moderate_residual,2023-11-27 03:00:00,2023-11-27 04:00:00,2,0.06202330952380955,0.0660450952380953,0.39704811904761905,0.4590714285714286,0.9833333333333334,7.045333316666666
kpx_group_3,moderate_residual,2023-07-01 19:00:00,2023-07-01 20:00:00,2,0.0619152857142856,0.0863303333333332,0.3967037619047619,0.4586190476190476,1.0,7.5113333
kpx_group_3,moderate_residual,2023-11-16 17:00:00,2023-11-16 18:00:00,2,0.061894238095238,0.0813919999999999,0.4865819523809524,0.5484761904761905,1.0,7.717333216666667
kpx_group_1,moderate_residual,2022-04-06 06:00:00,2022-04-06 07:00:00,2,0.06188671296296295,0.0799181481481481,0.3907061574074074,0.32881944444444444,0.8333333333333334,8.183333333333334
kpx_group_2,moderate_residual,2022-11-09 11:00:00,2022-11-09 12:00:00,2,0.06183942129629625,0.0619658796296296,0.15936256944444438,0.09752314814814811,0.8611111111111112,5.852777777777778
kpx_group_2,moderate_residual,2024-02-29 23:00:00,2024-03-01 00:00:00,2,0.06181384259259255,0.0897251388888888,0.1694064351851851,0.10759259259259255,0.6111111111111112,10.684347222222222
kpx_group_3,moderate_residual,2024-11-03 19:00:00,2024-11-03 20:00:00,2,0.0616561428571428,0.0641192857142857,0.5192962380952382,0.5809523809523809,1.0,7.908999966666666
kpx_group_2,moderate_residual,2023-10-07 21:00:00,2023-10-07 22:00:00,2,0.06156555555555555,0.0676286574074074,0.06695907407407405,0.0053935185185185,0.7361111111111112,5.057277777777777
kpx_group_3,moderate_residual,2024-05-24 01:00:00,2024-05-24 02:00:00,2,0.06156240476190471,0.0762235714285714,0.47418497619047617,0.4595238095238095,0.9666666666666668,7.75133325
kpx_group_3,moderate_residual,2024-03-23 00:00:00,2024-03-23 01:00:00,2,0.06150978571428575,0.0728872380952381,0.6529082619047619,0.6642857142857143,1.0,9.06166655
kpx_group_3,moderate_residual,2023-12-04 21:00:00,2023-12-04 22:00:00,2,0.061450619047619004,0.0825669047619047,0.4497353333333333,0.42861904761904757,1.0,6.965499966666666
kpx_group_3,moderate_residual,2024-04-06 19:00:00,2024-04-06 20:00:00,2,0.0613834523809523,0.0649303333333333,0.40290226190476186,0.4642857142857143,0.9333333333333333,6.9648333000000004
kpx_group_3,moderate_residual,2024-05-29 21:00:00,2024-05-29 22:00:00,2,0.06137092857142855,0.0805303333333333,0.5148195476190476,0.5761904761904761,1.0,8.312499916666667
kpx_group_2,moderate_residual,2023-03-28 02:00:00,2023-03-28 03:00:00,2,0.0613508796296296,0.0705969907407407,0.10579532407407405,0.0444444444444444,0.6388888888888888,5.361861111111111
kpx_group_3,moderate_residual,2024-05-22 19:00:00,2024-05-22 20:00:00,2,0.0613202857142857,0.0728280476190476,0.574394,0.6357142857142857,1.0,8.926666633333333
kpx_group_2,moderate_residual,2024-03-01 02:00:00,2024-03-01 03:00:00,2,0.06126754629629625,0.0636111111111111,0.06126754629629625,0.0,0.375,8.555694444444445
kpx_group_2,moderate_residual,2024-03-05 14:00:00,2024-03-05 15:00:00,2,0.06122027777777771,0.0744741666666666,0.27520175925925916,0.21398148148148144,0.9583333333333335,7.56775
kpx_group_3,moderate_residual,2024-03-19 22:00:00,2024-03-19 23:00:00,2,0.0610511428571428,0.0743388571428571,0.6394781904761905,0.6261904761904762,1.0,8.89666665
kpx_group_2,moderate_residual,2024-04-14 12:00:00,2024-04-14 13:00:00,2,0.06101168981481475,0.0796812962962962,0.0662894675925925,0.00527777777777775,0.5138888888888888,4.551597222222222
kpx_group_1,moderate_residual,2024-04-24 12:00:00,2024-04-24 13:00:00,2,0.0609327546296296,0.0662894907407407,0.0609327546296296,0.0,0.5277777777777778,4.376486111111111
kpx_group_2,moderate_residual,2024-01-16 02:00:00,2024-01-16 03:00:00,2,0.0608859722222222,0.0818908333333333,0.21560819444444446,0.15472222222222215,0.875,6.217416666666667
kpx_group_2,moderate_residual,2023-01-04 15:00:00,2023-01-04 16:00:00,2,0.060854791666666644,0.0732422222222222,0.4459473842592592,0.38509259259259254,0.8055555555555556,8.93525
kpx_group_2,moderate_residual,2023-09-29 02:00:00,2023-09-29 03:00:00,2,0.0608023842592592,0.0775389814814814,0.08939034722222214,0.02858796296296295,0.7916666666666666,4.850444444444445
kpx_group_1,moderate_residual,2023-09-14 15:00:00,2023-09-14 16:00:00,2,0.060773634259259246,0.0859322685185185,0.11885233796296296,0.058078703703703646,0.8472222222222223,5.4952499999999995
kpx_group_2,moderate_residual,2023-05-14 04:00:00,2023-05-14 05:00:00,2,0.06073951388888885,0.0739381018518518,0.06863303240740735,0.0078935185185185,0.7222222222222221,4.433305555555556
kpx_group_3,moderate_residual,2024-07-25 05:00:00,2024-07-25 06:00:00,2,0.0607102857142857,0.0669533809523809,0.6511864761904762,0.5904761904761905,1.0,9.255499966666667
kpx_group_3,moderate_residual,2024-11-29 19:00:00,2024-11-29 20:00:00,2,0.060664666666666645,0.0781433809523809,0.5991879523809525,0.6166666666666667,1.0,8.685999966666667
kpx_group_2,moderate_residual,2024-09-21 03:00:00,2024-09-21 04:00:00,2,0.0605845601851851,0.074159861111111,0.39572807870370363,0.3821527777777778,0.9444444444444445,7.801180555555556
kpx_group_3,moderate_residual,2024-07-28 02:00:00,2024-07-28 03:00:00,2,0.0605168095238095,0.0714235714285714,0.6394781904761905,0.6285714285714286,1.0,8.964999916666667
kpx_group_2,moderate_residual,2024-01-10 05:00:00,2024-01-10 06:00:00,2,0.060494398148148096,0.0654322685185185,0.10579532407407405,0.04530092592592585,0.8194444444444444,5.360680555555556
kpx_group_3,moderate_residual,2023-01-05 15:00:00,2023-01-05 16:00:00,2,0.060384214285714194,0.0751192857142856,0.5361699285714285,0.4757857142857143,0.9833333333333334,7.67883325
kpx_group_1,moderate_residual,2024-08-03 13:00:00,2024-08-03 14:00:00,2,0.06015668981481475,0.0611525462962962,0.11115206018518514,0.05099537037037035,0.75,5.068125
kpx_group_3,moderate_residual,2023-05-21 01:00:00,2023-05-21 02:00:00,2,0.06013859523809515,0.0739629047619047,0.6064195476190476,0.5925952380952381,0.6666666666666667,16.014666666666667
kpx_group_2,moderate_residual,2023-06-20 06:00:00,2023-06-20 07:00:00,2,0.06008624999999995,0.0766491203703703,0.07064180555555549,0.01055555555555555,0.5277777777777777,5.0973194444444445
kpx_group_3,moderate_residual,2023-06-09 07:00:00,2023-06-09 08:00:00,2,0.05997419047619045,0.0665734285714286,0.324043619047619,0.3306428571428571,0.8000000000000002,7.221083316666666
kpx_group_2,moderate_residual,2022-08-31 06:00:00,2022-08-31 07:00:00,2,0.059593564814814745,0.0783420833333333,0.059593564814814745,0.0,0.5555555555555555,4.306944444444444
kpx_group_3,moderate_residual,2024-12-13 18:00:00,2024-12-13 19:00:00,2,0.05938847619047615,0.0789373333333333,0.43045114285714287,0.44999999999999996,0.8000000000000002,7.6478333
kpx_group_3,moderate_residual,2024-03-28 15:00:00,2024-03-28 16:00:00,2,0.0593288333333333,0.0761092857142857,0.48313835714285713,0.42380952380952375,0.9833333333333334,7.765999983333333
kpx_group_1,moderate_residual,2024-01-24 18:00:00,2024-01-24 19:00:00,2,0.059258773148148106,0.0810204629629629,0.059258773148148106,0.0,0.2361111111111111,10.190833333333334
kpx_group_2,moderate_residual,2023-10-11 11:00:00,2023-10-11 12:00:00,2,0.059258773148148106,0.0883859722222222,0.059258773148148106,0.0,0.6527777777777778,4.606277777777778
kpx_group_1,moderate_residual,2022-08-06 21:00:00,2022-08-06 22:00:00,2,0.0592370833333333,0.0774907407407407,0.10412134259259255,0.04488425925925925,0.7777777777777779,5.4847222222222225
kpx_group_1,moderate_residual,2022-10-13 06:00:00,2022-10-13 07:00:00,2,0.0591837268518518,0.064844537037037,0.08872076388888885,0.029537037037037,0.6666666666666666,5.3125
kpx_group_1,moderate_residual,2022-06-27 12:00:00,2022-06-27 13:00:00,2,0.0591695833333333,0.0601768981481481,0.15333624999999995,0.09416666666666665,0.7916666666666667,5.856944444444444
kpx_group_3,moderate_residual,2023-08-10 07:00:00,2023-08-10 08:00:00,2,0.05914285714285705,0.0751939999999999,0.39394885714285716,0.41000000000000003,1.0,7.233833316666667
kpx_group_3,moderate_residual,2024-09-28 01:00:00,2024-09-28 02:00:00,2,0.058993476190476096,0.0792751904761904,0.23209923809523808,0.2523809523809524,0.9000000000000001,5.764500000000001
kpx_group_2,moderate_residual,2022-08-04 15:00:00,2022-08-04 16:00:00,2,0.05885939814814815,0.0626213425925926,0.1342529166666666,0.07539351851851844,0.8472222222222223,5.384722222222223
kpx_group_1,moderate_residual,2023-12-11 09:00:00,2023-12-11 10:00:00,2,0.058737337962962904,0.0607212499999999,0.3639225231481481,0.3051851851851852,0.8333333333333334,7.7762361111111105
kpx_group_1,moderate_residual,2022-08-05 18:00:00,2022-08-05 19:00:00,2,0.05859456018518509,0.0646588888888888,0.1064649305555555,0.0478703703703703,0.8055555555555556,5.544444444444444
kpx_group_2,moderate_residual,2022-08-24 12:00:00,2022-08-24 13:00:00,2,0.05858918981481476,0.0830292592592592,0.05858918981481476,0.0,0.4861111111111111,4.1499999999999995
kpx_group_3,moderate_residual,2023-05-17 04:00:00,2023-05-17 05:00:00,2,0.058547119047619,0.0853789523809523,0.6498090238095238,0.5912619047619048,0.8166666666666668,11.400499966666665
kpx_group_2,moderate_residual,2024-03-03 19:00:00,2024-03-03 20:00:00,2,0.05837256944444445,0.0694210648148148,0.49348831018518524,0.43511574074074066,0.8888888888888888,9.572930555555557
kpx_group_3,moderate_residual,2024-01-17 13:00:00,2024-01-17 14:00:00,2,0.05826366666666655,0.0735694285714284,0.7352105238095238,0.7199047619047619,1.0,9.868499933333334
kpx_group_1,moderate_residual,2024-05-31 12:00:00,2024-05-31 13:00:00,2,0.0581164583333333,0.0696374074074074,0.0669590509259259,0.00884259259259255,0.6527777777777778,4.593166666666667
kpx_group_2,moderate_residual,2023-05-09 03:00:00,2023-05-09 04:00:00,2,0.05794567129629625,0.0766174537037037,0.37028363425925925,0.31233796296296296,0.9722222222222224,7.1693750000000005
kpx_group_3,moderate_residual,2023-11-20 17:00:00,2023-11-20 18:00:00,2,0.057887952380952346,0.0762917142857143,0.4934691904761905,0.5513571428571429,1.0,7.684833283333333
kpx_group_3,moderate_residual,2024-01-07 17:00:00,2024-01-07 18:00:00,2,0.0578431190476189,0.0600215714285713,0.6925097857142857,0.6346666666666667,0.9833333333333334,9.289999983333333
kpx_group_2,moderate_residual,2023-07-13 11:00:00,2023-07-13 12:00:00,2,0.0577373148148148,0.061045787037037,0.11583916666666665,0.0581018518518518,0.7777777777777779,4.942375
kpx_group_2,moderate_residual,2024-09-06 00:00:00,2024-09-06 01:00:00,2,0.0577139583333333,0.08199125,0.09776025462962955,0.040046296296296253,0.7916666666666667,4.898944444444444
kpx_group_2,moderate_residual,2024-04-09 20:00:00,2024-04-09 21:00:00,2,0.05763888888888885,0.0597017592592592,0.06361111111111109,0.0059722222222222,0.6944444444444444,4.9855
kpx_group_3,moderate_residual,2023-02-28 08:00:00,2023-02-28 09:00:00,2,0.057391476190476146,0.0812275714285714,0.4294180476190476,0.4868095238095238,0.6,18.87533333333333
kpx_group_3,moderate_residual,2023-06-01 04:00:00,2023-06-01 05:00:00,2,0.0573478809523809,0.0635634285714285,0.33230826190476187,0.33852380952380945,0.8000000000000002,7.245999983333334
kpx_group_2,moderate_residual,2024-07-02 10:00:00,2024-07-02 11:00:00,2,0.057289467592592555,0.0695823611111111,0.12353946759259254,0.06624999999999995,0.888888888888889,6.005819444444444
kpx_group_2,moderate_residual,2023-07-25 15:00:00,2023-07-25 16:00:00,2,0.05725999999999995,0.0616462037037037,0.25779240740740733,0.20053240740740735,0.8333333333333334,7.257208333333333
kpx_group_3,moderate_residual,2024-11-12 01:00:00,2024-11-12 02:00:00,2,0.0571564047619047,0.0750967619047618,0.6642721666666667,0.7214285714285714,1.0,9.401166616666666
kpx_group_2,moderate_residual,2022-05-12 19:00:00,2022-05-12 20:00:00,2,0.057022893518518455,0.0666076851851851,0.0646154861111111,0.00759259259259255,0.5694444444444444,4.602777777777778
kpx_group_2,moderate_residual,2023-04-02 09:00:00,2023-04-02 10:00:00,2,0.057016574074074046,0.0789478703703703,0.2306739814814815,0.1736574074074074,0.9583333333333335,6.42275
kpx_group_2,moderate_residual,2024-08-06 00:00:00,2024-08-06 01:00:00,2,0.05698560185185185,0.0808050462962963,0.09742541666666665,0.0404398148148148,0.8472222222222223,4.873180555555556
kpx_group_2,moderate_residual,2022-05-10 12:00:00,2022-05-10 13:00:00,2,0.0569152083333333,0.0749941666666666,0.0569152083333333,0.0,0.4444444444444444,4.420833333333334
kpx_group_3,moderate_residual,2024-01-23 09:00:00,2024-01-23 10:00:00,2,0.05681378571428565,0.0651559047619047,0.20730526190476187,0.2641190476190476,0.48333333333333334,11.112833266666666
kpx_group_3,moderate_residual,2023-11-14 23:00:00,2023-11-15 00:00:00,2,0.05671128571428565,0.0615172857142856,0.4266631428571428,0.4218571428571428,1.0,7.009666616666667
kpx_group_3,moderate_residual,2024-07-08 05:00:00,2024-07-08 06:00:00,2,0.05670126190476185,0.0591208095238095,0.4404375952380951,0.44285714285714284,1.0,7.5373333166666665
kpx_group_3,moderate_residual,2023-12-06 11:00:00,2023-12-06 12:00:00,2,0.0566744523809524,0.0816481428571429,0.6646165476190476,0.6396428571428572,1.0,8.734499966666666
kpx_group_2,moderate_residual,2024-12-12 05:00:00,2024-12-12 06:00:00,2,0.05663085648148145,0.0795760185185185,0.10947807870370371,0.05284722222222215,0.8055555555555556,6.627777777777777
kpx_group_2,moderate_residual,2023-04-23 06:00:00,2023-04-23 07:00:00,2,0.056580416666666605,0.072315787037037,0.056580416666666605,0.0,0.5833333333333333,4.135597222222223
kpx_group_2,moderate_residual,2023-05-23 21:00:00,2023-05-23 22:00:00,2,0.05658039351851845,0.0569151851851851,0.05658039351851845,0.0,0.6805555555555556,4.162208333333334
kpx_group_1,moderate_residual,2024-10-28 11:00:00,2024-10-28 12:00:00,2,0.05634965277777775,0.0786003703703703,0.17442835648148144,0.11807870370370364,0.8472222222222223,6.0609722222222215
kpx_group_3,moderate_residual,2023-07-10 21:00:00,2023-07-10 22:00:00,2,0.0562503809523809,0.0581418571428571,0.5609639047619047,0.6172142857142857,1.0,8.615999966666667
kpx_group_2,moderate_residual,2023-04-16 18:00:00,2023-04-16 19:00:00,2,0.0562443981481481,0.0776700925925925,0.06126754629629625,0.0050231481481481,0.5972222222222222,4.374319444444445
kpx_group_2,moderate_residual,2022-12-21 16:00:00,2022-12-21 17:00:00,2,0.05620638888888885,0.0736774074074074,0.42150731481481485,0.3653009259259259,0.9305555555555556,7.670597222222223
kpx_group_3,moderate_residual,2024-02-17 08:00:00,2024-02-17 09:00:00,2,0.05618169047619045,0.0639448571428571,0.6904435952380953,0.6342619047619047,1.0,9.004166616666666
kpx_group_3,moderate_residual,2024-10-30 04:00:00,2024-10-30 05:00:00,2,0.05616742857142855,0.0662576666666666,0.46764209523809525,0.5238095238095238,0.9333333333333333,7.518166616666667
kpx_group_3,moderate_residual,2023-11-16 20:00:00,2023-11-16 21:00:00,2,0.056074166666666606,0.0789974761904761,0.8199233095238094,0.7969999999999999,1.0,10.838833300000001
kpx_group_3,moderate_residual,2023-01-23 06:00:00,2023-01-23 07:00:00,2,0.055997976190476154,0.0732641428571428,0.6690932142857143,0.6130952380952381,0.95,9.053333316666667
kpx_group_2,moderate_residual,2022-11-23 13:00:00,2022-11-23 14:00:00,2,0.05591081018518515,0.0682982407407407,0.05591081018518515,0.0,0.6805555555555556,4.425
kpx_group_2,moderate_residual,2022-04-26 14:00:00,2022-04-26 15:00:00,2,0.055887662037037,0.0647880092592592,0.08771636574074071,0.03182870370370365,0.7361111111111112,4.725
kpx_group_2,moderate_residual,2022-06-01 12:00:00,2022-06-01 13:00:00,2,0.05587743055555555,0.0616462037037037,0.3779839120370371,0.3221064814814814,0.8333333333333334,8.079166666666666
kpx_group_3,moderate_residual,2024-07-30 20:00:00,2024-07-30 21:00:00,2,0.0558731904761904,0.0742225714285713,0.8054601428571428,0.8238095238095238,1.0,10.847833283333333
kpx_group_2,moderate_residual,2022-05-17 03:00:00,2022-05-17 04:00:00,2,0.0558715972222222,0.0616130555555556,0.4847836342592593,0.42891203703703706,0.9722222222222224,8.643055555555556
kpx_group_3,moderate_residual,2023-10-15 05:00:00,2023-10-15 06:00:00,2,0.0556844761904761,0.0801779523809523,0.516197,0.5406904761904763,1.0,7.83949985
kpx_group_1,moderate_residual,2024-02-08 10:00:00,2024-02-08 11:00:00,2,0.05567057870370365,0.070307037037037,0.0729853935185185,0.0173148148148148,0.6805555555555556,7.423819444444444
kpx_group_3,moderate_residual,2023-04-29 17:00:00,2023-04-29 18:00:00,2,0.0556213095238094,0.0715152857142856,0.5706060238095239,0.5865,0.75,14.079499983333331
kpx_group_2,moderate_residual,2024-09-17 07:00:00,2024-09-17 08:00:00,2,0.0556040509259259,0.0596496296296296,0.0672938657407407,0.0116898148148148,0.6944444444444444,4.3185972222222215
kpx_group_2,moderate_residual,2023-03-08 17:00:00,2023-03-08 18:00:00,2,0.0555996527777777,0.0569151851851851,0.0599283564814814,0.0043287037037037,0.6527777777777777,4.114513888888888
kpx_group_1,moderate_residual,2022-01-18 20:00:00,2022-01-18 21:00:00,2,0.05553946759259255,0.0685428703703703,0.14262280092592589,0.08708333333333329,0.8333333333333334,5.894444444444444
kpx_group_2,moderate_residual,2022-03-28 06:00:00,2022-03-28 07:00:00,2,0.05521393518518515,0.0622719444444444,0.0659546759259259,0.0107407407407407,0.7777777777777779,4.4944444444444445
kpx_group_3,moderate_residual,2023-12-30 14:00:00,2023-12-30 15:00:00,2,0.05520699999999995,0.0601689047619047,0.21212633333333336,0.2673333333333333,0.8166666666666667,5.29066665
kpx_group_3,moderate_residual,2023-11-03 13:00:00,2023-11-03 14:00:00,2,0.0551779523809523,0.0718781904761904,0.5096541428571428,0.4544761904761905,1.0,8.171666566666666
kpx_group_3,moderate_residual,2023-03-10 20:00:00,2023-03-10 21:00:00,2,0.0551100238095238,0.0669549047619048,0.40772330952380953,0.4628333333333333,1.0,7.44199995
kpx_group_2,moderate_residual,2024-09-05 21:00:00,2024-09-05 22:00:00,2,0.05510770833333325,0.0743801388888888,0.26214474537037036,0.207037037037037,0.9305555555555556,6.525083333333333
kpx_group_3,moderate_residual,2023-01-06 21:00:00,2023-01-06 22:00:00,2,0.055098999999999995,0.080191,0.4752180476190476,0.4201190476190476,1.0,7.49449995
kpx_group_2,moderate_residual,2024-11-13 04:00:00,2024-11-13 05:00:00,2,0.05499196759259255,0.066959074074074,0.071311412037037,0.0163194444444444,0.8194444444444445,4.98325
kpx_group_2,moderate_residual,2024-09-30 00:00:00,2024-09-30 01:00:00,2,0.054920324074074045,0.0703348148148148,0.06762865740740735,0.0127083333333333,0.5694444444444444,4.789902777777778
kpx_group_3,moderate_residual,2023-06-07 11:00:00,2023-06-07 12:00:00,2,0.05490152380952375,0.0660576666666666,0.37983009523809524,0.3249285714285714,0.9666666666666666,6.90066665
kpx_group_1,moderate_residual,2023-03-23 12:00:00,2023-03-23 13:00:00,2,0.05483504629629625,0.0616925,0.06930263888888885,0.014467592592592551,0.8194444444444445,5.026388888888889
kpx_group_3,moderate_residual,2023-10-05 20:00:00,2023-10-05 21:00:00,2,0.05477569047619045,0.0625599047619047,0.4118556428571428,0.4040714285714285,0.9666666666666666,7.2078333
kpx_group_3,moderate_residual,2024-03-23 09:00:00,2024-03-23 10:00:00,2,0.0547423571428571,0.0568340952380952,0.4142661666666666,0.3595238095238095,0.9166666666666667,6.69716665
kpx_group_3,moderate_residual,2023-08-03 08:00:00,2023-08-03 09:00:00,2,0.054717547619047596,0.0752606666666666,0.6467097857142857,0.6261666666666668,1.0,9.311166533333335
kpx_group_2,moderate_residual,2022-05-27 22:00:00,2022-05-27 23:00:00,2,0.054653263888888845,0.0719098611111111,0.35421344907407404,0.2995601851851851,0.8333333333333334,8.243055555555555
kpx_group_2,moderate_residual,2023-10-08 04:00:00,2023-10-08 05:00:00,2,0.054571643518518495,0.0555760185185185,0.054571643518518495,0.0,0.7638888888888888,4.7295
kpx_group_2,moderate_residual,2022-11-20 02:00:00,2022-11-20 03:00:00,2,0.05457164351851845,0.0602631481481481,0.05457164351851845,0.0,0.6805555555555556,4.590277777777779
kpx_group_2,moderate_residual,2023-02-20 18:00:00,2023-02-20 19:00:00,2,0.05449293981481475,0.0562193055555555,0.09909942129629624,0.04460648148148145,0.7777777777777779,5.010013888888889
kpx_group_1,moderate_residual,2024-08-21 20:00:00,2024-08-21 21:00:00,2,0.054412037037036995,0.0563279629629629,0.33077777777777784,0.2763657407407407,0.8333333333333334,8.10875
kpx_group_3,moderate_residual,2023-09-19 04:00:00,2023-09-19 05:00:00,2,0.05440952380952375,0.0616120476190475,0.5468450952380952,0.5540476190476191,0.8000000000000002,9.695499883333332
kpx_group_2,moderate_residual,2023-03-17 07:00:00,2023-03-17 08:00:00,2,0.05426046296296295,0.0656198611111111,0.05858916666666665,0.0043287037037037,0.8333333333333334,4.814958333333333
kpx_group_1,moderate_residual,2024-01-24 21:00:00,2024-01-24 22:00:00,2,0.0542368518518518,0.0582543981481481,0.0542368518518518,0.0,0.19444444444444442,8.629416666666666
kpx_group_2,moderate_residual,2023-05-18 20:00:00,2023-05-18 21:00:00,2,0.05422585648148145,0.0696374074074074,0.06762863425925925,0.01340277777777775,0.5833333333333333,4.737263888888888
kpx_group_2,moderate_residual,2024-03-08 21:00:00,2024-03-08 22:00:00,2,0.05415643518518515,0.0579410185185185,0.1948508796296296,0.1406944444444444,0.8888888888888888,6.127666666666667
kpx_group_3,moderate_residual,2024-10-19 08:00:00,2024-10-19 09:00:00,2,0.05410726190476185,0.0629784285714285,0.21970226190476191,0.2738095238095237,0.8500000000000001,5.575833333333334
kpx_group_3,moderate_residual,2024-07-07 20:00:00,2024-07-07 21:00:00,2,0.0540365714285714,0.0705784285714286,0.5230841904761905,0.46904761904761905,1.0,8.3406666
kpx_group_3,moderate_residual,2023-04-07 06:00:00,2023-04-07 07:00:00,2,0.05398773809523805,0.0583263333333333,0.43010678571428573,0.3761190476190476,0.9333333333333333,7.141833283333334
kpx_group_2,moderate_residual,2022-04-18 13:00:00,2022-04-18 14:00:00,2,0.053969050925925854,0.0571155092592592,0.15936256944444438,0.10539351851851844,0.9027777777777778,5.640277777777778
kpx_group_2,moderate_residual,2023-01-26 14:00:00,2023-01-26 15:00:00,2,0.053945648148148104,0.0640214351851851,0.2685058333333333,0.21456018518518516,0.9583333333333333,6.826361111111112
kpx_group_2,low_online_label_positive,2023-12-16 11:00:00,2023-12-16 12:00:00,2,0.053830393518518455,0.0606642129629629,0.11383039351851845,0.06,0.5694444444444444,14.665611111111112
kpx_group_3,moderate_residual,2023-10-21 00:00:00,2023-10-21 01:00:00,2,0.0537817142857142,0.0629513809523809,0.42218647619047617,0.3684047619047619,0.6833333333333333,8.678166616666667
kpx_group_1,moderate_residual,2024-08-21 14:00:00,2024-08-21 15:00:00,2,0.053748541666666594,0.0756242592592592,0.2731929861111111,0.21944444444444444,0.8333333333333334,6.857666666666667
kpx_group_1,moderate_residual,2023-09-26 02:00:00,2023-09-26 03:00:00,2,0.05367155092592585,0.0650117129629629,0.1262178472222222,0.07254629629629625,0.7222222222222221,5.34525
kpx_group_3,moderate_residual,2023-08-30 08:00:00,2023-08-30 09:00:00,2,0.0536142857142857,0.0567373333333333,0.324043619047619,0.32716666666666666,1.0,6.6225000000000005
kpx_group_3,moderate_residual,2024-07-19 17:00:00,2024-07-19 18:00:00,2,0.053545357142857145,0.0641994761904762,0.26550226190476184,0.319047619047619,0.95,6.2616666500000004
kpx_group_3,moderate_residual,2024-03-30 18:00:00,2024-03-30 19:00:00,2,0.05334438095238085,0.0679729523809523,0.4710857142857143,0.4857142857142857,1.0,7.396166616666667
kpx_group_3,moderate_residual,2024-06-12 09:00:00,2024-06-12 10:00:00,2,0.05331428571428565,0.0649674285714285,0.3533142857142857,0.3,0.8166666666666667,6.6933332666666665
kpx_group_2,moderate_residual,2023-10-10 12:00:00,2023-10-10 13:00:00,2,0.05330652777777775,0.0679770833333333,0.11048245370370365,0.05717592592592585,0.7361111111111112,5.147083333333333
kpx_group_3,moderate_residual,2023-07-24 02:00:00,2023-07-24 03:00:00,2,0.05330026190476185,0.0653398571428571,0.28823007142857143,0.2761904761904762,1.0,6.7045
kpx_group_2,moderate_residual,2024-09-03 11:00:00,2024-09-03 12:00:00,2,0.0532478009259259,0.0675999074074074,0.07901168981481475,0.02576388888888885,0.8472222222222223,5.069277777777778
kpx_group_3,moderate_residual,2023-06-22 09:00:00,2023-06-22 10:00:00,2,0.0531899761904762,0.0678972380952381,0.46075488095238093,0.4460476190476191,0.9833333333333334,7.643333283333334
kpx_group_3,moderate_residual,2023-11-23 12:00:00,2023-11-23 13:00:00,2,0.0531576428571429,0.0594821904761905,0.6904435952380952,0.6841190476190476,1.0,9.52416665
kpx_group_3,moderate_residual,2024-07-02 22:00:00,2024-07-02 23:00:00,2,0.0531037619047619,0.0720882380952381,0.2183248095238095,0.2714285714285714,0.6666666666666666,5.493166616666667
kpx_group_2,moderate_residual,2023-03-27 02:00:00,2023-03-27 03:00:00,2,0.05298974537037035,0.0620448148148148,0.112156412037037,0.059166666666666645,0.8055555555555556,5.5055
kpx_group_3,moderate_residual,2023-05-04 06:00:00,2023-05-04 07:00:00,2,0.0529313333333333,0.0695162857142857,0.4008360952380952,0.3479047619047619,0.9833333333333334,7.253999966666667
kpx_group_2,moderate_residual,2022-07-30 07:00:00,2022-07-30 08:00:00,2,0.05289766203703695,0.0589239814814814,0.05289766203703695,0.0,0.4027777777777778,5.276388888888889
kpx_group_2,moderate_residual,2023-12-03 09:00:00,2023-12-03 10:00:00,2,0.05288159722222215,0.0752514814814814,0.1637149305555555,0.11083333333333324,0.7361111111111112,5.646277777777778
kpx_group_2,moderate_residual,2024-04-15 01:00:00,2024-04-15 02:00:00,2,0.052862824074074,0.0618888888888888,0.23469152777777774,0.18182870370370366,0.8611111111111112,6.0479722222222225
kpx_group_1,moderate_residual,2022-06-22 17:00:00,2022-06-22 18:00:00,2,0.052836018518518504,0.0616023611111111,0.05892398148148145,0.00608796296296295,0.625,4.356944444444444
kpx_group_2,moderate_residual,2022-06-10 06:00:00,2022-06-10 07:00:00,2,0.05282601851851845,0.0716462037037037,0.1764371296296296,0.1236111111111111,0.8055555555555556,5.5152777777777775
kpx_group_3,moderate_residual,2024-01-13 22:00:00,2024-01-13 23:00:00,2,0.05277519047619035,0.0544827142857141,0.650153380952381,0.7029285714285713,1.0,8.784333283333334
kpx_group_3,moderate_residual,2023-11-13 16:00:00,2023-11-13 17:00:00,2,0.0526959761904762,0.0747468571428571,0.6415443571428572,0.6635952380952381,1.0,8.68599995
kpx_group_3,moderate_residual,2024-12-28 00:00:00,2024-12-28 01:00:00,2,0.05263859523809515,0.0633573809523808,0.5964330714285714,0.5857142857142857,0.8000000000000002,9.618124958333333
kpx_group_2,moderate_residual,2024-10-26 22:00:00,2024-10-26 23:00:00,2,0.05256287037037035,0.0622719444444444,0.05256287037037035,0.0,0.6388888888888888,4.525652777777777
kpx_group_3,moderate_residual,2024-12-25 19:00:00,2024-12-25 20:00:00,2,0.05242104761904765,0.053757380952381,0.7465744285714286,0.7452380952380953,0.7833333333333334,16.244374999999998
kpx_group_3,moderate_residual,2023-06-02 08:00:00,2023-06-02 09:00:00,2,0.0523265714285714,0.0733037619047619,0.3157789523809523,0.26345238095238094,0.8333333333333335,6.514499983333334
kpx_group_1,moderate_residual,2024-04-05 03:00:00,2024-04-05 04:00:00,2,0.0522860416666666,0.0603791203703703,0.061267523148148095,0.00898148148148145,0.763888888888889,4.422180555555556
kpx_group_3,moderate_residual,2024-12-17 03:00:00,2024-12-17 04:00:00,2,0.052224571428571454,0.0594406190476191,0.5881684285714286,0.5809523809523809,0.8000000000000002,8.984499916666666
kpx_group_2,moderate_residual,2022-05-31 19:00:00,2022-05-31 20:00:00,2,0.052125972222222205,0.0539098611111111,0.3331213425925925,0.28099537037037037,0.8333333333333334,7.868055555555555
kpx_group_3,moderate_residual,2023-11-17 06:00:00,2023-11-17 07:00:00,2,0.05203785714285715,0.0628290952380952,0.37604209523809523,0.38683333333333325,1.0,6.714166616666667
kpx_group_3,moderate_residual,2024-01-04 05:00:00,2024-01-04 06:00:00,2,0.0520185476190476,0.0571799523809524,0.5867909761904762,0.6388095238095238,1.0,7.8726665833333325
kpx_group_1,moderate_residual,2023-04-17 11:00:00,2023-04-17 12:00:00,2,0.052017777777777746,0.0575224074074074,0.09842981481481475,0.046412037037037,0.7777777777777779,4.899527777777777
kpx_group_3,moderate_residual,2024-07-06 05:00:00,2024-07-06 06:00:00,2,0.051898238095238095,0.0634375714285715,0.7923744285714286,0.7404761904761905,0.95,10.485499966666666
kpx_group_2,moderate_residual,2022-05-09 04:00:00,2022-05-09 05:00:00,2,0.05178143518518515,0.072315787037037,0.05490643518518515,0.003125,0.6388888888888888,4.5569444444444445
kpx_group_3,moderate_residual,2024-03-27 21:00:00,2024-03-27 22:00:00,2,0.05170276190476185,0.0681924761904761,0.4025579047619047,0.419047619047619,1.0,7.150999966666667
kpx_group_2,moderate_residual,2022-02-09 04:00:00,2022-02-09 05:00:00,2,0.05155849537037035,0.0575848148148148,0.05155849537037035,0.0,0.6666666666666666,4.756944444444445
kpx_group_1,moderate_residual,2022-01-27 05:00:00,2022-01-27 06:00:00,2,0.051540694444444396,0.0608533333333333,0.16304532407407402,0.1115046296296296,0.8333333333333334,5.784722222222221
kpx_group_3,moderate_residual,2024-07-03 08:00:00,2024-07-03 09:00:00,2,0.051474690476190396,0.0661814761904761,0.4924360714285715,0.5071428571428571,0.8000000000000002,9.29720825
kpx_group_3,moderate_residual,2024-07-16 23:00:00,2024-07-17 00:00:00,2,0.05144711904761905,0.0586085238095238,0.3619233095238095,0.3547619047619047,1.0,7.1698333000000005
kpx_group_3,moderate_residual,2023-03-31 05:00:00,2023-03-31 06:00:00,2,0.0513212857142857,0.0530175238095238,0.3949819523809524,0.39328571428571424,1.0,6.858999983333334
kpx_group_3,moderate_residual,2024-06-17 15:00:00,2024-06-17 16:00:00,2,0.0513117857142857,0.0698105238095238,0.3219774523809523,0.3404761904761905,0.8666666666666666,6.5136666000000005
kpx_group_1,moderate_residual,2024-09-16 11:00:00,2024-09-16 12:00:00,2,0.05130361111111105,0.0602631481481481,0.06528509259259255,0.01398148148148145,0.7083333333333333,4.392944444444445
kpx_group_2,moderate_residual,2022-10-08 21:00:00,2022-10-08 22:00:00,2,0.05127849537037035,0.0696374074074074,0.0796812731481481,0.02840277777777775,0.6944444444444444,4.656944444444445
kpx_group_3,moderate_residual,2024-12-21 08:00:00,2024-12-21 09:00:00,2,0.05109223809523805,0.0514085238095238,0.46936390476190476,0.46904761904761905,0.7833333333333334,8.382999916666666
kpx_group_1,moderate_residual,2024-02-29 20:00:00,2024-02-29 21:00:00,2,0.05103777777777775,0.0645784722222222,0.06059796296296295,0.00956018518518515,0.5694444444444444,6.987722222222223
kpx_group_1,moderate_residual,2022-10-11 23:00:00,2022-10-12 00:00:00,2,0.0509917129629629,0.0694122685185185,0.17409356481481475,0.1231018518518518,0.6666666666666666,6.841666666666667
kpx_group_2,moderate_residual,2024-10-26 19:00:00,2024-10-26 20:00:00,2,0.05074951388888885,0.0589239814814814,0.0783421064814814,0.02759259259259255,0.6944444444444444,5.010930555555555
kpx_group_3,moderate_residual,2024-06-08 21:00:00,2024-06-08 22:00:00,2,0.0507313333333333,0.0660671904761904,0.2730781904761905,0.32380952380952377,0.9166666666666667,6.130833316666666
kpx_group_3,moderate_residual,2023-03-06 22:00:00,2023-03-06 23:00:00,2,0.05070599999999995,0.0581117619047619,0.8595248095238095,0.8521190476190477,1.0,11.081666649999999
kpx_group_2,moderate_residual,2023-01-07 19:00:00,2023-01-07 20:00:00,2,0.0506562037037037,0.0592285648148148,0.2785497222222222,0.2278935185185185,0.9166666666666666,6.833458333333334
kpx_group_3,moderate_residual,2023-12-16 17:00:00,2023-12-16 18:00:00,2,0.05060852380952375,0.0509754285714285,0.4962240476190476,0.4958571428571429,1.0,12.612666666666666
kpx_group_2,moderate_residual,2023-11-15 10:00:00,2023-11-15 11:00:00,2,0.05050657407407405,0.0602631481481481,0.15099268518518516,0.1004861111111111,0.6805555555555556,5.450875
kpx_group_2,moderate_residual,2022-01-01 20:00:00,2022-01-01 21:00:00,2,0.050366736111111046,0.0642422222222222,0.1104824768518518,0.060115740740740706,0.875,5.158333333333333
kpx_group_3,moderate_residual,2023-02-19 11:00:00,2023-02-19 12:00:00,2,0.0502674047619047,0.0546631428571428,0.8027052619047619,0.7983095238095238,0.9666666666666668,14.0925
kpx_group_2,moderate_residual,2022-08-10 04:00:00,2022-08-10 05:00:00,2,0.050053356481481445,0.0572529166666666,0.11081724537037034,0.06076388888888885,0.6944444444444444,5.159722222222222
kpx_group_2,moderate_residual,2024-04-08 15:00:00,2024-04-08 16:00:00,2,0.0500433796296296,0.0624756481481481,0.10110819444444441,0.051064814814814743,0.8333333333333334,5.380972222222223
kpx_group_1,moderate_residual,2023-02-03 08:00:00,2023-02-03 09:00:00,2,0.0500372916666666,0.0607314814814814,0.06260673611111105,0.0125694444444444,0.8055555555555556,4.637277777777777
kpx_group_1,moderate_residual,2022-01-18 14:00:00,2022-01-18 15:00:00,2,0.049999027777777746,0.0695385185185185,0.08671199074074071,0.0367129629629629,0.6805555555555556,5.230555555555555
kpx_group_2,moderate_residual,2022-03-06 10:00:00,2022-03-06 11:00:00,2,0.0499412731481481,0.0585677314814814,0.3501959027777777,0.30025462962962957,0.875,7.3388888888888895
kpx_group_2,moderate_residual,2023-11-04 05:00:00,2023-11-04 06:00:00,2,0.04991032407407405,0.0604147222222222,0.08972513888888885,0.03981481481481475,0.763888888888889,4.825916666666667
kpx_group_2,moderate_residual,2022-02-09 08:00:00,2022-02-09 09:00:00,2,0.04988451388888885,0.0662894907407407,0.04988451388888885,0.0,0.6527777777777777,4.831944444444444
kpx_group_2,moderate_residual,2022-10-05 17:00:00,2022-10-05 18:00:00,2,0.0498845138888888,0.0589239814814814,0.0498845138888888,0.0,0.6805555555555556,4.677777777777778
kpx_group_2,moderate_residual,2023-03-02 06:00:00,2023-03-02 07:00:00,2,0.0498844907407407,0.0515584722222222,0.0498844907407407,0.0,0.6527777777777778,4.326708333333334
kpx_group_3,moderate_residual,2023-11-17 15:00:00,2023-11-17 16:00:00,2,0.0498706904761904,0.051492238095238,0.38224059523809517,0.38061904761904763,1.0,6.6831666499999995
kpx_group_3,moderate_residual,2023-10-15 10:00:00,2023-10-15 11:00:00,2,0.0497496428571428,0.0627358571428571,0.5148195476190476,0.5018333333333334,0.95,7.896999933333333
kpx_group_1,moderate_residual,2022-12-10 04:00:00,2022-12-10 05:00:00,2,0.04974465277777775,0.05610625,0.23201317129629626,0.1822685185185185,0.8333333333333334,6.661111111111111
kpx_group_3,moderate_residual,2024-01-12 18:00:00,2024-01-12 19:00:00,2,0.049708261904761894,0.0559383333333333,0.47900602380952373,0.5287142857142857,1.0,7.392999966666666
kpx_group_3,moderate_residual,2024-12-02 02:00:00,2024-12-02 03:00:00,2,0.0496541428571428,0.0507589047619047,0.4717744285714286,0.5214285714285714,0.8000000000000002,8.29649995
kpx_group_2,moderate_residual,2023-10-12 05:00:00,2023-10-12 06:00:00,2,0.04961548611111105,0.0609327314814814,0.06461548611111105,0.015,0.75,4.416555555555556
kpx_group_2,moderate_residual,2022-03-06 17:00:00,2022-03-06 18:00:00,2,0.049456388888888855,0.0643708796296296,0.05892398148148145,0.00946759259259255,0.7083333333333333,4.606944444444445
kpx_group_3,moderate_residual,2024-05-05 11:00:00,2024-05-05 12:00:00,2,0.049445119047619,0.0536110476190476,0.5719834523809524,0.6214285714285714,0.9833333333333334,8.789999916666668
kpx_group_3,moderate_residual,2024-11-21 02:00:00,2024-11-21 03:00:00,2,0.049431571428571346,0.0676180476190475,0.6246706666666667,0.6428571428571428,0.9166666666666667,8.303499983333333
kpx_group_3,moderate_residual,2023-06-02 02:00:00,2023-06-02 03:00:00,2,0.04935964285714285,0.0593132857142857,0.2892631666666666,0.2793095238095238,0.9833333333333334,6.523166633333333
kpx_group_3,moderate_residual,2023-12-20 08:00:00,2023-12-20 09:00:00,2,0.04928245238095245,0.051950380952381,0.7575939761904762,0.7602619047619048,1.0,9.574666516666664
kpx_group_3,moderate_residual,2024-07-08 02:00:00,2024-07-08 03:00:00,2,0.0492626428571428,0.0605784285714285,0.3529699285714285,0.3642857142857143,1.0,7.015999966666666
kpx_group_3,moderate_residual,2023-03-14 10:00:00,2023-03-14 11:00:00,2,0.049195738095238056,0.0604250476190475,0.650842119047619,0.6620714285714285,1.0,8.870833233333332
kpx_group_2,moderate_residual,2023-11-04 12:00:00,2023-11-04 13:00:00,2,0.0491937268518518,0.0532597685185185,0.06662428240740735,0.0174305555555555,0.8333333333333334,4.871097222222222
kpx_group_3,moderate_residual,2023-04-19 21:00:00,2023-04-19 22:00:00,2,0.0491095238095238,0.0499127619047619,0.5430571428571429,0.5921666666666667,1.0,8.695666600000001
kpx_group_2,moderate_residual,2024-10-15 10:00:00,2024-10-15 11:00:00,2,0.0491084259259259,0.0537621759259259,0.16371490740740735,0.11460648148148145,0.8055555555555556,6.295166666666667
kpx_group_3,moderate_residual,2024-07-18 00:00:00,2024-07-18 01:00:00,2,0.04900702380952375,0.0539659047619047,0.3998030238095238,0.40476190476190477,1.0,7.306499933333333
kpx_group_3,moderate_residual,2024-07-06 22:00:00,2024-07-06 23:00:00,2,0.04897742857142845,0.0551308095238094,0.5847248095238096,0.5785714285714285,0.6333333333333333,17.35216666666667
kpx_group_3,moderate_residual,2023-02-16 21:00:00,2023-02-16 22:00:00,2,0.048861666666666595,0.0498827142857142,0.6133067619047619,0.6122857142857143,1.0,9.30349985
kpx_group_2,moderate_residual,2024-04-09 11:00:00,2024-04-09 12:00:00,2,0.048802384259259146,0.061295324074074,0.2293347916666666,0.1805324074074074,0.9027777777777778,6.715013888888889
kpx_group_3,low_online_label_positive,2023-04-20 05:00:00,2023-04-20 06:00:00,2,0.04877795238095235,0.0652481428571428,0.24139699999999994,0.19261904761904758,0.25,16.629833333333334
kpx_group_1,moderate_residual,2023-07-22 09:00:00,2023-07-22 10:00:00,2,0.04871173611111105,0.0592568055555555,0.05591081018518515,0.00719907407407405,0.611111111111111,4.272347222222222
kpx_group_1,moderate_residual,2024-05-13 00:00:00,2024-05-13 01:00:00,2,0.04867446759259255,0.056844537037037,0.24774854166666666,0.19907407407407401,0.9444444444444444,6.675847222222223
kpx_group_1,moderate_residual,2022-12-08 12:00:00,2022-12-08 13:00:00,2,0.04862865740740735,0.0632904629629629,0.1884897685185185,0.13986111111111105,0.8333333333333334,6.320833333333334
kpx_group_3,moderate_residual,2023-04-29 10:00:00,2023-04-29 11:00:00,2,0.0485606666666666,0.0607959999999999,0.570606,0.6191666666666666,1.0,8.7709999
kpx_group_3,moderate_residual,2023-12-30 17:00:00,2023-12-30 18:00:00,2,0.0485198095238095,0.058694238095238,0.4549007619047619,0.4063809523809524,0.9666666666666666,7.447166650000001
kpx_group_3,moderate_residual,2023-01-01 12:00:00,2023-01-01 13:00:00,2,0.04846790476190466,0.0518280476190475,0.7138601428571428,0.7104999999999999,1.0,9.060333199999999
kpx_group_3,moderate_residual,2024-11-26 01:00:00,2024-11-26 02:00:00,2,0.0484586666666667,0.0662787142857143,0.6801127619047619,0.7285714285714286,1.0,9.449999883333334
kpx_group_1,moderate_residual,2022-07-21 07:00:00,2022-07-21 08:00:00,2,0.04840398148148145,0.0494994907407407,0.0903947222222222,0.04199074074074065,0.8055555555555557,5.505555555555556
kpx_group_2,moderate_residual,2024-04-30 10:00:00,2024-04-30 11:00:00,2,0.04838937499999996,0.0495497222222222,0.08704678240740735,0.0386574074074074,0.6388888888888888,4.610986111111111
kpx_group_2,moderate_residual,2024-06-17 12:00:00,2024-06-17 13:00:00,2,0.04838303240740735,0.0612777777777777,0.09407747685185179,0.04569444444444445,0.6666666666666667,4.71638888888889
kpx_group_2,moderate_residual,2023-12-31 11:00:00,2023-12-31 12:00:00,2,0.048373287037037,0.0606174537037037,0.07064180555555555,0.02226851851851845,0.7361111111111112,5.732708333333333
kpx_group_3,moderate_residual,2024-03-01 20:00:00,2024-03-01 21:00:00,2,0.0483716904761904,0.0485569047619047,0.2923624047619047,0.292547619047619,0.9333333333333332,6.136666633333334
kpx_group_3,moderate_residual,2024-04-25 02:00:00,2024-04-25 03:00:00,2,0.04834785714285715,0.0632450952380953,0.7541503809523808,0.769047619047619,1.0,9.66949995
kpx_group_3,moderate_residual,2024-05-27 21:00:00,2024-05-27 22:00:00,2,0.048326809523809494,0.0610676666666666,0.4008360952380952,0.38809523809523805,0.8666666666666666,6.943499900000001
kpx_group_2,moderate_residual,2022-07-14 05:00:00,2022-07-14 06:00:00,2,0.04831847222222215,0.0576574074074073,0.2966286574074074,0.24831018518518516,0.8333333333333334,7.906944444444445
kpx_group_2,moderate_residual,2023-02-09 18:00:00,2023-02-09 19:00:00,2,0.04831361111111105,0.0618708796296296,0.06227194444444441,0.0139583333333333,0.6527777777777778,4.829347222222222
kpx_group_1,moderate_residual,2023-12-19 11:00:00,2023-12-19 12:00:00,2,0.0482668055555555,0.0488425925925925,0.08972513888888886,0.0414583333333333,0.8194444444444444,5.337208333333333
kpx_group_3,moderate_residual,2023-11-22 21:00:00,2023-11-22 22:00:00,2,0.0482235714285714,0.0609148095238095,0.7186811904761905,0.766904761904762,1.0,9.178999933333333
kpx_group_2,moderate_residual,2023-10-05 23:00:00,2023-10-06 00:00:00,2,0.04822293981481475,0.0517704629629629,0.20690349537037028,0.1586805555555555,0.9166666666666667,6.069819444444445
kpx_group_3,moderate_residual,2023-01-05 20:00:00,2023-01-05 21:00:00,2,0.0481832142857142,0.0582095238095237,0.38224059523809517,0.3722142857142857,0.9666666666666666,6.661
kpx_group_3,moderate_residual,2023-04-07 09:00:00,2023-04-07 10:00:00,2,0.0481458571428571,0.0486410952380952,0.30097142857142856,0.30047619047619045,0.9000000000000001,6.189999983333333
kpx_group_2,moderate_residual,2023-02-08 01:00:00,2023-02-08 02:00:00,2,0.0481388888888889,0.0635931018518519,0.2989722222222222,0.2508333333333333,0.8333333333333334,7.116944444444444
kpx_group_3,moderate_residual,2024-10-18 18:00:00,2024-10-18 19:00:00,2,0.04811126190476185,0.0586345714285714,0.16804811904761902,0.1785714285714285,0.8833333333333333,5.878833333333333
kpx_group_3,moderate_residual,2023-04-11 19:00:00,2023-04-11 20:00:00,2,0.0480874523809523,0.0544165238095237,0.6105518809523809,0.6168809523809524,0.7333333333333333,12.346499999999999
kpx_group_3,moderate_residual,2023-09-30 04:00:00,2023-09-30 05:00:00,2,0.04806640476190475,0.0651172857142857,0.6422330714285714,0.5941666666666666,0.9166666666666667,9.20766665
kpx_group_2,moderate_residual,2024-08-28 01:00:00,2024-08-28 02:00:00,2,0.0480160879629629,0.0633830555555555,0.21996053240740737,0.1719444444444444,0.9583333333333335,6.459513888888889
kpx_group_3,moderate_residual,2024-11-30 09:00:00,2024-11-30 10:00:00,2,0.0480100238095238,0.0541313333333334,0.7486405952380952,0.7547619047619047,0.9333333333333333,11.154666599999999
kpx_group_1,moderate_residual,2023-08-02 05:00:00,2023-08-02 06:00:00,2,0.04790983796296295,0.0581198611111111,0.2889283564814814,0.24101851851851852,0.8333333333333334,7.948291666666667
kpx_group_3,moderate_residual,2023-01-23 02:00:00,2023-01-23 03:00:00,2,0.047812285714285696,0.0655162857142857,0.3515924761904761,0.3994047619047619,1.0,6.7041666666666675
kpx_group_3,moderate_residual,2024-02-01 01:00:00,2024-02-01 02:00:00,2,0.04770826190476185,0.0496726666666666,0.2851308333333332,0.28709523809523807,0.9,5.859999983333334
kpx_group_2,moderate_residual,2024-11-15 12:00:00,2024-11-15 13:00:00,2,0.0477076157407407,0.0624693055555555,0.0729853935185185,0.02527777777777775,0.8055555555555556,5.094861111111111
kpx_group_1,moderate_residual,2024-01-15 14:00:00,2024-01-15 15:00:00,2,0.0476800694444444,0.0627314814814814,0.19284210648148145,0.145162037037037,0.8333333333333334,6.600250000000001
kpx_group_3,moderate_residual,2023-07-24 10:00:00,2023-07-24 11:00:00,2,0.04748471428571425,0.0530295714285714,0.2045503809523809,0.21009523809523806,1.0,5.5888333333333335
kpx_group_3,moderate_residual,2023-04-28 18:00:00,2023-04-28 19:00:00,2,0.0474787142857142,0.0532290952380951,0.6319022380952382,0.6793809523809524,1.0,9.05649995
kpx_group_3,moderate_residual,2024-04-18 22:00:00,2024-04-18 23:00:00,2,0.04745664285714285,0.047598,0.20730526190476184,0.2547619047619047,0.7666666666666667,5.411499983333334
kpx_group_2,moderate_residual,2022-07-27 08:00:00,2022-07-27 09:00:00,2,0.0474266666666666,0.0575312037037036,0.1560146296296296,0.1085879629629629,0.7777777777777779,5.415277777777778
kpx_group_3,moderate_residual,2024-02-18 10:00:00,2024-02-18 11:00:00,2,0.04730226190476185,0.0603674285714285,0.3856842142857143,0.3726190476190476,0.9833333333333334,6.809499983333334
kpx_group_3,moderate_residual,2023-03-13 18:00:00,2023-03-13 19:00:00,2,0.0472836904761904,0.049301238095238,0.5413353571428572,0.5886190476190476,1.0,7.898333283333333
kpx_group_2,moderate_residual,2024-10-17 06:00:00,2024-10-17 07:00:00,2,0.0472651157407407,0.0627777777777777,0.16036696759259256,0.1131018518518518,0.8472222222222222,5.334513888888889
kpx_group_3,moderate_residual,2023-03-20 23:00:00,2023-03-21 00:00:00,2,0.0472243095238095,0.0594140476190476,0.43389473809523804,0.4811190476190476,1.0,7.483833283333333
kpx_group_3,moderate_residual,2024-12-21 13:00:00,2024-12-21 14:00:00,2,0.047207023809523754,0.0589463809523809,0.4855488809523809,0.4738095238095238,0.7833333333333334,8.702666633333333
kpx_group_3,moderate_residual,2024-01-15 21:00:00,2024-01-15 22:00:00,2,0.0469368333333333,0.0586280476190476,0.467642119047619,0.4793333333333334,0.95,6.879999933333332
kpx_group_2,moderate_residual,2024-11-20 12:00:00,2024-11-20 13:00:00,2,0.04682601851851845,0.0494975462962962,0.055576018518518455,0.00874999999999995,0.6944444444444444,4.574583333333333
kpx_group_3,moderate_residual,2023-12-06 04:00:00,2023-12-06 05:00:00,2,0.04681730952380945,0.0576015238095237,0.6666826904761904,0.7135,1.0,8.8383333
kpx_group_2,moderate_residual,2022-11-05 05:00:00,2022-11-05 06:00:00,2,0.04679143518518515,0.0610497222222222,0.19183773148148145,0.14504629629629626,0.9444444444444445,6.031944444444445
kpx_group_2,moderate_residual,2023-10-28 04:00:00,2023-10-28 05:00:00,2,0.0467390509259259,0.0560497222222222,0.3123640509259259,0.26562499999999994,0.9027777777777778,6.925375000000001
kpx_group_3,moderate_residual,2023-05-06 02:00:00,2023-05-06 03:00:00,2,0.0467243095238095,0.0553122857142857,0.2775548809523809,0.2861428571428571,1.0,6.488666616666666
kpx_group_3,moderate_residual,2023-03-12 10:00:00,2023-03-12 11:00:00,2,0.04667771428571425,0.0536872380952381,0.5230841904761905,0.5697619047619047,1.0,8.089166616666667
kpx_group_1,moderate_residual,2024-05-04 07:00:00,2024-05-04 08:00:00,2,0.04656798611111105,0.059844074074074,0.0569152083333333,0.01034722222222215,0.7222222222222223,4.367458333333333
kpx_group_1,moderate_residual,2024-06-10 18:00:00,2024-06-10 19:00:00,2,0.0464517592592592,0.0487646296296296,0.27520175925925927,0.22874999999999995,0.8333333333333334,7.205791666666667
kpx_group_3,moderate_residual,2023-06-29 20:00:00,2023-06-29 21:00:00,2,0.046435071428571395,0.0539784285714285,0.4325173095238095,0.47895238095238096,1.0,7.8834999166666675
kpx_group_3,moderate_residual,2024-05-06 02:00:00,2024-05-06 03:00:00,2,0.0463894761904761,0.0566095238095237,0.7221248095238095,0.7119047619047619,1.0,9.713166600000001
kpx_group_3,moderate_residual,2024-12-01 23:00:00,2024-12-02 00:00:00,2,0.0462310714285714,0.0579579047619047,0.3736315952380952,0.3619047619047619,0.8666666666666667,7.515333233333334
kpx_group_2,moderate_residual,2024-02-15 16:00:00,2024-02-15 17:00:00,2,0.0462017592592592,0.0542368518518518,0.0462017592592592,0.0,0.6666666666666667,4.901638888888889
kpx_group_3,moderate_residual,2023-11-30 04:00:00,2023-11-30 05:00:00,2,0.04619347619047615,0.0568591428571428,0.4194315714285714,0.3732380952380952,0.8666666666666667,6.580666600000001
kpx_group_2,moderate_residual,2024-09-11 00:00:00,2024-09-11 01:00:00,2,0.046183240740740705,0.0589322685185185,0.13525731481481473,0.08907407407407406,0.8333333333333334,6.073375
kpx_group_1,moderate_residual,2022-10-05 01:00:00,2022-10-05 02:00:00,2,0.0461586342592592,0.0617519444444444,0.15400585648148146,0.1078472222222222,0.8333333333333334,6.129166666666666
kpx_group_2,moderate_residual,2024-11-25 20:00:00,2024-11-25 21:00:00,2,0.046061157407407405,0.0464546759259259,0.301315787037037,0.25525462962962964,0.9027777777777779,7.366888888888889
kpx_group_3,moderate_residual,2023-06-03 18:00:00,2023-06-03 19:00:00,2,0.0460553809523809,0.0469418571428571,0.21281504761904763,0.2119285714285714,0.9666666666666666,5.578833333333334
kpx_group_1,moderate_residual,2024-11-20 10:00:00,2024-11-20 11:00:00,2,0.04600974537037035,0.0571832407407407,0.14429678240740734,0.098287037037037,0.7638888888888888,5.718152777777778
kpx_group_3,moderate_residual,2024-07-28 06:00:00,2024-07-28 07:00:00,2,0.045947857142857054,0.0523057619047618,0.7293563809523809,0.7357142857142858,1.0,9.727999866666666
kpx_group_3,moderate_residual,2024-07-22 15:00:00,2024-07-22 16:00:00,2,0.0459283333333333,0.0459408571428571,0.47211880952380947,0.4261904761904762,0.9833333333333334,7.653666616666667
kpx_group_2,moderate_residual,2024-06-04 04:00:00,2024-06-04 05:00:00,2,0.0459056944444444,0.0523055555555555,0.0579195833333333,0.01201388888888885,0.6805555555555556,4.345916666666667
kpx_group_3,moderate_residual,2023-02-27 18:00:00,2023-02-27 19:00:00,2,0.04590199999999995,0.0494631428571428,0.46626466666666666,0.5121666666666667,1.0,7.46066665
kpx_group_2,moderate_residual,2023-12-31 15:00:00,2023-12-31 16:00:00,2,0.04586696759259255,0.0542368518518518,0.04586696759259255,0.0,0.7777777777777778,5.107847222222222
kpx_group_3,moderate_residual,2024-02-12 11:00:00,2024-02-12 12:00:00,2,0.0458604047619047,0.0557333333333333,0.5499443571428572,0.5400714285714285,0.9833333333333334,7.7869999666666665
kpx_group_2,moderate_residual,2023-07-04 21:00:00,2023-07-04 22:00:00,2,0.04579555555555555,0.0526374074074074,0.1556798148148148,0.1098842592592592,0.9305555555555556,5.711611111111111
kpx_group_2,moderate_residual,2024-05-09 03:00:00,2024-05-09 04:00:00,2,0.045760972222222196,0.0486028240740741,0.2919415277777778,0.24618055555555557,0.9722222222222223,6.741777777777778
kpx_group_3,moderate_residual,2023-04-10 11:00:00,2023-04-10 12:00:00,2,0.0457571428571429,0.0462751904761905,0.586446619047619,0.5859285714285714,1.0,8.483166666666667
kpx_group_2,moderate_residual,2024-06-01 08:00:00,2024-06-01 09:00:00,2,0.04570078703703695,0.0612699999999999,0.08838597222222215,0.04268518518518515,0.6666666666666666,4.599777777777778
kpx_group_1,moderate_residual,2022-11-13 23:00:00,2022-11-14 00:00:00,2,0.045620624999999956,0.0599468981481481,0.0880511805555555,0.04243055555555555,0.75,4.9527777777777775
kpx_group_3,moderate_residual,2023-01-11 16:00:00,2023-01-11 17:00:00,2,0.04561754761904755,0.047644619047619,0.5361699285714285,0.5341428571428571,1.0,7.872999966666667
kpx_group_1,moderate_residual,2023-08-02 08:00:00,2023-08-02 09:00:00,2,0.0455450694444444,0.052180787037037,0.24038303240740735,0.19483796296296296,0.8333333333333334,7.200986111111111
kpx_group_1,moderate_residual,2023-01-23 12:00:00,2023-01-23 13:00:00,2,0.045513888888888854,0.0597797222222222,0.24808333333333332,0.2025694444444444,0.9166666666666667,6.502986111111111
kpx_group_3,moderate_residual,2024-03-08 14:00:00,2024-03-08 15:00:00,2,0.04541552380952375,0.0464831904761904,0.6060751904761905,0.6071428571428571,0.9833333333333334,8.431666583333332
kpx_group_3,moderate_residual,2023-03-03 13:00:00,2023-03-03 14:00:00,2,0.045198738095238056,0.0526400952380952,0.6539413571428572,0.6465,1.0,8.975666533333333
kpx_group_3,moderate_residual,2023-04-06 02:00:00,2023-04-06 03:00:00,2,0.045104761904761856,0.0468260476190475,0.6412,0.596095238095238,0.9166666666666667,9.247333233333332
kpx_group_2,moderate_residual,2022-10-01 10:00:00,2022-10-01 11:00:00,2,0.04509379629629625,0.0515584722222222,0.05858916666666665,0.01349537037037035,0.6388888888888888,4.268055555555556
kpx_group_2,moderate_residual,2024-08-29 15:00:00,2024-08-29 16:00:00,2,0.045082847222222194,0.0497617129629629,0.37597516203703696,0.3712962962962963,0.9861111111111112,8.124166666666666
kpx_group_3,moderate_residual,2023-01-24 04:00:00,2023-01-24 05:00:00,2,0.04508269047619045,0.0454420952380952,0.6832120238095238,0.6835714285714286,0.9833333333333334,9.122166633333334
kpx_group_3,moderate_residual,2024-12-08 19:00:00,2024-12-08 20:00:00,2,0.044982452380952304,0.0457764285714285,0.28650826190476186,0.2857142857142857,0.7666666666666668,6.5018333166666675
kpx_group_3,moderate_residual,2024-07-09 00:00:00,2024-07-09 01:00:00,2,0.0449679047619047,0.0582756666666666,0.1883654285714285,0.2333333333333333,0.65,5.190333316666667
kpx_group_1,moderate_residual,2022-04-16 07:00:00,2022-04-16 08:00:00,2,0.0448598842592592,0.0590750462962962,0.06863303240740735,0.0237731481481481,0.5972222222222222,4.906944444444445
kpx_group_2,moderate_residual,2023-10-05 16:00:00,2023-10-05 17:00:00,2,0.044770972222222205,0.0512237037037037,0.08537282407407401,0.0406018518518518,0.7500000000000001,4.845166666666667
kpx_group_3,moderate_residual,2023-07-12 05:00:00,2023-07-12 06:00:00,2,0.044666904761904755,0.0533944761904761,0.607452619047619,0.5627857142857142,1.0,8.868833266666666
kpx_group_1,moderate_residual,2024-06-21 11:00:00,2024-06-21 12:00:00,2,0.0446020833333333,0.0548372222222222,0.08805115740740735,0.04344907407407406,0.6666666666666667,4.763305555555555
kpx_group_3,moderate_residual,2023-04-05 09:00:00,2023-04-05 10:00:00,2,0.0445774523809523,0.0454160476190476,0.5540766904761905,0.5532380952380952,0.9833333333333334,8.863666583333334
kpx_group_1,moderate_residual,2022-08-14 17:00:00,2022-08-14 18:00:00,2,0.044555810185185105,0.0557451388888888,0.05624562499999995,0.01168981481481475,0.6944444444444444,4.513888888888889
kpx_group_1,moderate_residual,2024-10-26 16:00:00,2024-10-26 17:00:00,2,0.0445277777777777,0.0468713425925925,0.0445277777777777,0.0,0.625,4.376180555555555
kpx_group_3,moderate_residual,2023-03-01 20:00:00,2023-03-01 21:00:00,2,0.04452683333333325,0.0474721904761904,0.3953263095238094,0.3923809523809524,1.0,6.7733333
kpx_group_3,moderate_residual,2024-04-19 08:00:00,2024-04-19 09:00:00,2,0.0445198095238095,0.0573493809523809,0.4080676666666666,0.39523809523809517,0.9666666666666666,7.181166616666666
kpx_group_2,moderate_residual,2024-08-07 05:00:00,2024-08-07 06:00:00,2,0.044421550925925854,0.0573367592592592,0.11349562499999995,0.06907407407407405,0.8194444444444445,5.0478749999999994
kpx_group_3,moderate_residual,2024-01-08 17:00:00,2024-01-08 18:00:00,2,0.04438571428571425,0.0472160476190476,0.5953999999999999,0.6397857142857143,1.0,8.102166633333333
kpx_group_3,moderate_residual,2023-07-07 00:00:00,2023-07-07 01:00:00,2,0.044376928571428456,0.0528305714285713,0.683900738095238,0.6395238095238096,1.0,9.632499983333334
kpx_group_1,moderate_residual,2022-07-24 08:00:00,2022-07-24 09:00:00,2,0.0443657407407407,0.0490341203703703,0.07633333333333331,0.03196759259259255,0.7777777777777779,5.125
kpx_group_1,moderate_residual,2024-03-13 16:00:00,2024-03-13 17:00:00,2,0.044348449074073995,0.0553508796296296,0.38300585648148144,0.33865740740740735,0.9305555555555557,7.323388888888889
kpx_group_3,moderate_residual,2024-12-25 11:00:00,2024-12-25 12:00:00,2,0.04434235714285705,0.0498255714285713,0.689754880952381,0.6952380952380952,0.8000000000000002,10.737916645833334
kpx_group_3,moderate_residual,2024-12-01 08:00:00,2024-12-01 09:00:00,2,0.044253142857142796,0.0508380952380952,0.3633007619047619,0.319047619047619,0.7333333333333334,7.2688333
kpx_group_3,moderate_residual,2024-05-05 07:00:00,2024-05-05 08:00:00,2,0.04422607142857135,0.0565473809523809,0.27101202380952377,0.2833333333333333,0.8666666666666667,5.997999966666667
kpx_group_3,moderate_residual,2024-06-01 02:00:00,2024-06-01 03:00:00,2,0.044177452380952345,0.0443198095238095,0.626048119047619,0.6261904761904762,1.0,8.907666566666666
kpx_group_3,moderate_residual,2024-08-02 07:00:00,2024-08-02 08:00:00,2,0.0441624047619047,0.0474115238095237,0.27273383333333334,0.22857142857142856,0.8,6.045666649999999
kpx_group_3,moderate_residual,2024-11-30 03:00:00,2024-11-30 04:00:00,2,0.044137357142857145,0.0468721904761905,0.8305985,0.8333333333333334,1.0,10.317833233333333
kpx_group_3,moderate_residual,2023-12-22 16:00:00,2023-12-22 17:00:00,2,0.04412454761904755,0.0521127619047619,0.5795594047619047,0.5875476190476191,1.0,7.848833233333334
kpx_group_3,moderate_residual,2024-05-14 04:00:00,2024-05-14 05:00:00,2,0.044100738095238054,0.0561363333333333,0.5726721666666666,0.5285714285714285,0.9833333333333334,8.430833283333333
kpx_group_3,moderate_residual,2023-12-21 00:00:00,2023-12-21 01:00:00,2,0.043968904761904695,0.0490831904761904,0.8440285714285714,0.8491428571428572,0.9333333333333333,11.884166650000001
kpx_group_1,moderate_residual,2022-08-24 15:00:00,2022-08-24 16:00:00,2,0.04390326388888885,0.0576749537037037,0.0488801157407407,0.00497685185185185,0.4722222222222222,3.3805555555555555
kpx_group_3,moderate_residual,2023-05-05 15:00:00,2023-05-05 16:00:00,2,0.0437709285714285,0.0542400952380951,0.6367233095238095,0.5929523809523809,0.8666666666666667,10.302999866666665
kpx_group_2,moderate_residual,2022-08-06 07:00:00,2022-08-06 08:00:00,2,0.04372562499999995,0.0447475462962962,0.16404969907407405,0.120324074074074,0.9166666666666666,5.733333333333334
kpx_group_3,moderate_residual,2024-06-10 03:00:00,2024-06-10 04:00:00,2,0.04372330952380945,0.0527829523809523,0.4814165476190476,0.4904761904761905,1.0,7.870999966666668
kpx_group_2,moderate_residual,2022-04-19 08:00:00,2022-04-19 09:00:00,2,0.043647662037037,0.0495497222222222,0.16739766203703704,0.12375,0.6944444444444444,5.266666666666667
kpx_group_3,moderate_residual,2024-06-24 13:00:00,2024-06-24 14:00:00,2,0.04362607142857135,0.0549924761904761,0.29339550000000003,0.3047619047619048,0.9833333333333334,6.168833333333334
kpx_group_3,moderate_residual,2024-04-01 16:00:00,2024-04-01 17:00:00,2,0.04341904761904765,0.0484350952380953,0.47831728571428567,0.4833333333333333,0.95,7.304833283333334
kpx_group_1,moderate_residual,2022-03-26 17:00:00,2022-03-26 18:00:00,2,0.04333016203703695,0.0510341203703703,0.1466403472222222,0.10331018518518514,0.8194444444444445,6.094444444444445
kpx_group_3,moderate_residual,2023-06-28 17:00:00,2023-06-28 18:00:00,2,0.04321302380952375,0.0461669047619047,0.5509774523809524,0.5941904761904762,0.9666666666666666,8.903333283333334
kpx_group_1,moderate_residual,2024-08-31 08:00:00,2024-08-31 09:00:00,2,0.043149606481481445,0.05302875,0.076668125,0.0335185185185185,0.6527777777777778,4.566638888888889
kpx_group_3,moderate_residual,2023-03-14 22:00:00,2023-03-14 23:00:00,2,0.0429859523809524,0.0430270476190476,0.5179188095238094,0.5609047619047619,1.0,7.751666616666666
kpx_group_3,moderate_residual,2024-05-05 03:00:00,2024-05-05 04:00:00,2,0.04290576190476185,0.0442045238095238,0.4108225714285715,0.40952380952380946,1.0,7.2546666166666665
kpx_group_3,moderate_residual,2023-11-17 10:00:00,2023-11-17 11:00:00,2,0.042895238095238,0.0543047619047618,0.2028285714285714,0.2142380952380952,0.9166666666666667,4.9784999999999995
kpx_group_1,moderate_residual,2023-09-24 02:00:00,2023-09-24 03:00:00,2,0.0428940046296296,0.0510448148148148,0.16338011574074074,0.12048611111111104,0.9166666666666666,5.8512361111111115
kpx_group_3,moderate_residual,2023-02-17 00:00:00,2023-02-17 01:00:00,2,0.0428864761904762,0.053749380952381,0.6894105238095238,0.678547619047619,0.95,9.730999933333333
kpx_group_3,moderate_residual,2024-05-06 07:00:00,2024-05-06 08:00:00,2,0.042884714285714304,0.0476561428571428,0.8047714285714285,0.8,1.0,10.572666616666666
kpx_group_2,moderate_residual,2023-03-22 14:00:00,2023-03-22 15:00:00,2,0.042848680555555504,0.0482105092592592,0.07666812499999995,0.0338194444444444,0.6388888888888888,4.654736111111111
kpx_group_1,moderate_residual,2023-09-17 12:00:00,2023-09-17 13:00:00,2,0.0428187268518518,0.0502193055555555,0.047540949074074,0.0047222222222222,0.736111111111111,4.158972222222222
kpx_group_3,moderate_residual,2023-12-27 23:00:00,2023-12-28 00:00:00,2,0.0427872380952381,0.0536882380952381,0.3464270476190475,0.38921428571428573,0.9666666666666666,6.694499966666667
kpx_group_3,moderate_residual,2024-03-12 02:00:00,2024-03-12 03:00:00,2,0.04277942857142859,0.0534375714285714,0.3667443809523809,0.4095238095238095,0.9833333333333334,6.620999966666666
kpx_group_3,moderate_residual,2024-01-02 21:00:00,2024-01-02 22:00:00,2,0.042730571428571396,0.0537087619047619,0.2469067619047619,0.2359285714285714,0.9333333333333333,5.610333333333334
kpx_group_3,moderate_residual,2023-02-20 15:00:00,2023-02-20 16:00:00,2,0.042698,0.0465388571428572,0.32886466666666664,0.2861666666666666,0.9166666666666667,6.2015
kpx_group_1,moderate_residual,2023-12-11 06:00:00,2023-12-11 07:00:00,2,0.04269736111111105,0.0550418981481481,0.26783624999999994,0.22513888888888886,0.8333333333333334,7.273083333333334
kpx_group_3,moderate_residual,2023-07-05 20:00:00,2023-07-05 21:00:00,2,0.04269297619047615,0.0472907142857143,0.4476691666666667,0.40497619047619043,1.0,7.6349999666666655
kpx_group_3,moderate_residual,2023-07-12 08:00:00,2023-07-12 09:00:00,2,0.0425518809523809,0.0449248095238095,0.48451578571428566,0.4821428571428571,1.0,7.995166616666667
kpx_group_3,moderate_residual,2024-06-10 07:00:00,2024-06-10 08:00:00,2,0.0425248095238095,0.0509734285714286,0.4996676666666667,0.4571428571428572,1.0,8.14166665
kpx_group_3,moderate_residual,2023-08-30 12:00:00,2023-08-30 13:00:00,2,0.0424809523809523,0.0425784285714285,0.22521204761904762,0.22530952380952374,1.0,5.856833316666666
kpx_group_2,moderate_residual,2024-11-15 09:00:00,2024-11-15 10:00:00,2,0.042370601851851805,0.0524614814814814,0.06896782407407405,0.0265972222222222,0.7777777777777778,4.861513888888888
kpx_group_2,moderate_residual,2023-03-30 17:00:00,2023-03-30 18:00:00,2,0.04228143518518515,0.0490594444444444,0.06762865740740735,0.0253472222222222,0.5694444444444444,4.681625
kpx_group_2,moderate_residual,2022-07-25 05:00:00,2022-07-25 06:00:00,2,0.04224365740740735,0.0498396759259259,0.0642806944444444,0.022037037037037,0.7638888888888888,4.551388888888889
kpx_group_3,moderate_residual,2024-07-21 08:00:00,2024-07-21 09:00:00,2,0.042239095238095145,0.0438847142857142,0.7434751904761905,0.7857142857142857,0.8666666666666666,16.339666666666666
kpx_group_3,moderate_residual,2024-07-06 18:00:00,2024-07-06 19:00:00,2,0.0422190476190476,0.0437263333333334,0.8991263333333332,0.8976190476190476,0.95,15.177166666666666
kpx_group_2,moderate_residual,2022-05-10 15:00:00,2022-05-10 16:00:00,2,0.0421842129629629,0.0435233796296296,0.0421842129629629,0.0,0.5972222222222222,4.238888888888889
kpx_group_3,moderate_residual,2024-12-23 00:00:00,2024-12-23 01:00:00,2,0.0421789523809523,0.0427719523809523,0.519640619047619,0.519047619047619,0.6,9.856874979166667
kpx_group_3,moderate_residual,2023-11-06 13:00:00,2023-11-06 14:00:00,2,0.04217819047619045,0.0513092857142857,0.528249619047619,0.4860714285714286,0.7,19.285833333333336
kpx_group_3,moderate_residual,2024-08-03 11:00:00,2024-08-03 12:00:00,2,0.04214485714285705,0.0526847142857142,0.24690676190476185,0.20476190476190476,0.7,5.637499999999999
kpx_group_2,moderate_residual,2022-05-18 15:00:00,2022-05-18 16:00:00,2,0.0420304398148148,0.0443040740740741,0.37061840277777774,0.32858796296296294,0.9722222222222223,7.699999999999999
kpx_group_1,moderate_residual,2023-11-20 13:00:00,2023-11-20 14:00:00,2,0.042010254629629554,0.0448625925925925,0.04687136574074065,0.0048611111111111,0.6666666666666666,4.4382777777777775
kpx_group_3,moderate_residual,2023-01-29 05:00:00,2023-01-29 06:00:00,2,0.041995976190476195,0.0431258095238095,0.7052511190476191,0.7063809523809523,0.8000000000000002,10.466166616666666
kpx_group_3,moderate_residual,2024-11-02 10:00:00,2024-11-02 11:00:00,2,0.0418591666666666,0.0493634285714285,0.6394782142857143,0.5976190476190476,1.0,8.778166583333334
kpx_group_2,moderate_residual,2023-10-01 11:00:00,2023-10-01 12:00:00,2,0.04184942129629625,0.0495497222222222,0.04184942129629625,0.0,0.6527777777777778,4.191916666666667
kpx_group_3,moderate_residual,2024-07-25 01:00:00,2024-07-25 02:00:00,2,0.0417754523809523,0.0522045238095237,0.8133804523809525,0.8238095238095238,1.0,10.922833283333333
kpx_group_3,moderate_residual,2023-04-14 06:00:00,2023-04-14 07:00:00,2,0.041703761904761896,0.0497654285714286,0.8219894761904762,0.7802857142857142,1.0,10.241499949999998
kpx_group_3,moderate_residual,2024-03-09 23:00:00,2024-03-10 00:00:00,2,0.041549357142857096,0.0506325714285714,0.7290120238095238,0.7380952380952381,1.0,9.2098333
kpx_group_3,moderate_residual,2024-04-15 21:00:00,2024-04-15 22:00:00,2,0.04153883333333335,0.0447278095238095,0.8698556428571429,0.8666666666666667,1.0,10.983999983333334
kpx_group_3,moderate_residual,2023-12-23 15:00:00,2023-12-23 16:00:00,2,0.041508261904761895,0.0468982380952381,0.3119909761904762,0.31738095238095243,0.9666666666666666,5.681166666666666
kpx_group_3,moderate_residual,2024-05-11 08:00:00,2024-05-11 09:00:00,2,0.041460666666666604,0.0463549047619047,0.5929894761904762,0.588095238095238,0.6666666666666667,14.026166666666668
kpx_group_2,moderate_residual,2023-04-04 02:00:00,2023-04-04 03:00:00,2,0.0413764583333333,0.0424483333333333,0.15936256944444438,0.1179861111111111,0.6944444444444444,5.264180555555556
kpx_group_3,moderate_residual,2023-08-25 06:00:00,2023-08-25 07:00:00,2,0.04136942857142855,0.0458215714285714,0.33196390476190474,0.3733333333333333,0.7833333333333334,7.43249995
kpx_group_2,moderate_residual,2023-12-19 00:00:00,2023-12-19 01:00:00,2,0.0413654861111111,0.0472548611111111,0.0773377083333333,0.03597222222222215,0.7638888888888888,4.959805555555556
kpx_group_2,moderate_residual,2024-06-16 00:00:00,2024-06-16 01:00:00,2,0.04134916666666665,0.0461101388888889,0.29729824074074074,0.2559490740740741,0.9583333333333335,6.999416666666667
kpx_group_2,moderate_residual,2022-12-20 21:00:00,2022-12-20 22:00:00,2,0.04133187499999995,0.0485950462962962,0.0632763194444444,0.0219444444444444,0.8055555555555557,4.445833333333334
kpx_group_1,moderate_residual,2022-04-15 15:00:00,2022-04-15 16:00:00,2,0.04131872685185185,0.0425312037037037,0.10479094907407399,0.06347222222222215,0.8194444444444445,5.5875
kpx_group_1,moderate_residual,2022-05-09 02:00:00,2022-05-09 03:00:00,2,0.04119370370370365,0.0417075925925925,0.08570759259259256,0.04451388888888885,0.8055555555555556,4.879166666666667
kpx_group_3,moderate_residual,2024-01-02 00:00:00,2024-01-02 01:00:00,2,0.0410761904761905,0.0471263333333333,0.7300450952380952,0.7360952380952381,1.0,9.673333266666667
kpx_group_2,moderate_residual,2022-01-01 10:00:00,2022-01-01 11:00:00,2,0.0410731018518518,0.0506052777777777,0.0739897685185185,0.0329166666666666,0.75,4.729166666666666
kpx_group_1,moderate_residual,2023-10-23 14:00:00,2023-10-23 15:00:00,2,0.04088888888888885,0.0508547685185185,0.050888888888888845,0.00999999999999995,0.611111111111111,4.580819444444445
kpx_group_3,moderate_residual,2024-05-17 02:00:00,2024-05-17 03:00:00,2,0.040810023809523754,0.0462085238095237,0.5303157857142857,0.5357142857142857,0.8000000000000002,9.198166666666667
kpx_group_3,moderate_residual,2023-04-05 20:00:00,2023-04-05 21:00:00,2,0.040803738095238046,0.0466746666666666,0.3901608809523809,0.34935714285714287,1.0,7.27133325
kpx_group_1,moderate_residual,2024-03-23 11:00:00,2024-03-23 12:00:00,2,0.04070930555555555,0.046865,0.14864912037037037,0.1079398148148148,0.875,5.595430555555556
kpx_group_2,moderate_residual,2023-11-25 08:00:00,2023-11-25 09:00:00,2,0.0406091666666666,0.0456330555555555,0.09709064814814815,0.056481481481481445,0.8333333333333333,5.030763888888888
kpx_group_3,moderate_residual,2024-03-30 12:00:00,2024-03-30 13:00:00,2,0.040602999999999945,0.0419609047619047,0.41564361904761904,0.41428571428571426,1.0,7.056833299999999
kpx_group_3,moderate_residual,2023-04-13 14:00:00,2023-04-13 15:00:00,2,0.0405576428571428,0.0469553809523809,0.6188165476190476,0.6252142857142857,1.0,8.922833316666665
kpx_group_3,moderate_residual,2023-05-18 07:00:00,2023-05-18 08:00:00,2,0.0405373571428571,0.0440957619047619,0.1453203095238095,0.1417619047619047,0.75,4.867333316666667
kpx_group_3,moderate_residual,2023-04-08 11:00:00,2023-04-08 12:00:00,2,0.040462404761904804,0.0508410952380953,0.7159263095238095,0.7055476190476191,1.0,10.777999966666668
kpx_group_3,moderate_residual,2023-10-20 17:00:00,2023-10-20 18:00:00,2,0.040448119047619,0.0434120476190476,0.3646782142857143,0.36171428571428565,0.8000000000000002,7.612833283333334
kpx_group_3,moderate_residual,2024-07-29 12:00:00,2024-07-29 13:00:00,2,0.04038947619047615,0.0433904761904762,0.8089037619047619,0.8119047619047619,0.9666666666666668,12.312999983333334
kpx_group_3,moderate_residual,2024-08-22 20:00:00,2024-08-22 21:00:00,2,0.0403072857142857,0.0433463809523809,0.7744676666666666,0.7714285714285714,1.0,10.600499933333332
kpx_group_3,moderate_residual,2024-01-09 07:00:00,2024-01-09 08:00:00,2,0.0402458571428571,0.0478230476190476,0.5537323333333333,0.5613095238095238,0.8666666666666667,8.474666583333335
kpx_group_2,moderate_residual,2023-05-22 02:00:00,2023-05-22 03:00:00,2,0.040219560185185146,0.0436116203703703,0.06829826388888885,0.0280787037037037,0.6527777777777778,4.388833333333333
kpx_group_3,moderate_residual,2024-05-11 18:00:00,2024-05-11 19:00:00,2,0.04016140476190465,0.0485393333333332,0.6274255476190476,0.6190476190476191,1.0,8.897833316666667
kpx_group_3,moderate_residual,2023-10-27 11:00:00,2023-10-27 12:00:00,2,0.0400210714285714,0.0477453809523809,0.35124811904761905,0.34352380952380945,0.8000000000000002,7.286041645833333
kpx_group_3,moderate_residual,2024-03-28 23:00:00,2024-03-29 00:00:00,2,0.0400145238095237,0.0452200476190475,0.7861759523809524,0.8261904761904761,1.0,10.316666600000001
kpx_group_3,moderate_residual,2024-12-03 02:00:00,2024-12-03 03:00:00,2,0.039876190476190454,0.0418977619047619,0.19249776190476187,0.19047619047619047,0.7333333333333334,5.585166650000001
kpx_group_1,moderate_residual,2024-07-10 07:00:00,2024-07-10 08:00:00,2,0.0398192129629629,0.041643287037037,0.48344444444444445,0.4816203703703703,1.0,8.218958333333333
kpx_group_3,moderate_residual,2024-03-08 03:00:00,2024-03-08 04:00:00,2,0.039757880952380906,0.047297238095238,0.531348880952381,0.5238095238095237,0.9833333333333334,8.414166616666666
kpx_group_2,moderate_residual,2024-10-02 02:00:00,2024-10-02 03:00:00,2,0.03971247685185175,0.0468859722222221,0.4670394675925926,0.474212962962963,1.0,8.519833333333334
kpx_group_1,moderate_residual,2023-06-29 11:00:00,2023-06-29 12:00:00,2,0.03963062499999995,0.0428245833333333,0.1041213657407407,0.0644907407407407,0.8472222222222223,5.333222222222222
kpx_group_3,moderate_residual,2023-02-04 06:00:00,2023-02-04 07:00:00,2,0.03960149999999995,0.0455067619047619,0.5957443571428571,0.556142857142857,1.0,8.090333283333333
kpx_group_2,moderate_residual,2024-09-06 22:00:00,2024-09-06 23:00:00,2,0.0395058333333333,0.0475409259259259,0.0395058333333333,0.0,0.41666666666666663,4.211388888888889
kpx_group_3,moderate_residual,2024-05-29 01:00:00,2024-05-29 02:00:00,2,0.039466666666666594,0.0411418571428571,0.2486285714285714,0.28809523809523807,0.8666666666666667,5.624333316666666
kpx_group_3,moderate_residual,2023-03-11 11:00:00,2023-03-11 12:00:00,2,0.0394626428571428,0.048103238095238,0.42149773809523805,0.4128571428571428,0.9833333333333334,7.0916666
kpx_group_3,moderate_residual,2023-10-14 19:00:00,2023-10-14 20:00:00,2,0.0394290714285714,0.0450025238095238,0.2438075,0.24938095238095234,1.0,5.948166649999999
kpx_group_1,moderate_residual,2022-03-30 16:00:00,2022-03-30 17:00:00,2,0.039426666666666596,0.0463450462962962,0.1750979629629629,0.13567129629629626,0.75,5.840277777777778
kpx_group_3,moderate_residual,2023-10-05 03:00:00,2023-10-05 04:00:00,2,0.03938697619047615,0.0469599047619047,0.3405729285714285,0.33299999999999996,0.9333333333333333,6.538499933333334
kpx_group_3,moderate_residual,2024-03-07 18:00:00,2024-03-07 19:00:00,2,0.03933783333333325,0.0413573809523809,0.28685264285714285,0.32619047619047614,0.8166666666666667,8.446666616666668
kpx_group_3,moderate_residual,2023-02-17 07:00:00,2023-02-17 08:00:00,2,0.039333833333333304,0.0469353333333333,0.42976240476190475,0.39042857142857146,1.0,7.139499983333334
kpx_group_2,moderate_residual,2022-01-05 02:00:00,2022-01-05 03:00:00,2,0.039305324074074055,0.0415146296296296,0.0455321759259259,0.00622685185185185,0.6944444444444444,4.844444444444444
kpx_group_3,moderate_residual,2024-01-28 19:00:00,2024-01-28 20:00:00,2,0.0392947380952381,0.0448145238095238,0.18113383333333333,0.22042857142857145,0.8666666666666667,5.096166666666667
kpx_group_3,moderate_residual,2023-06-30 01:00:00,2023-06-30 02:00:00,2,0.039145095238095146,0.0416661428571428,0.4945022380952381,0.45535714285714285,0.8000000000000002,9.235666616666666
kpx_group_2,moderate_residual,2023-10-06 03:00:00,2023-10-06 04:00:00,2,0.03898124999999995,0.0396988425925925,0.0455321759259259,0.006550925925925899,0.7500000000000001,4.3032916666666665
kpx_group_3,moderate_residual,2023-06-07 23:00:00,2023-06-08 00:00:00,2,0.03897416666666665,0.0449583809523809,0.6363789285714285,0.5974047619047619,1.0,9.383166583333335
kpx_group_3,moderate_residual,2023-01-17 19:00:00,2023-01-17 20:00:00,2,0.03895438095238095,0.0419523809523809,0.5709503809523809,0.609904761904762,1.0,7.868999966666667
kpx_group_2,moderate_residual,2024-10-10 02:00:00,2024-10-10 03:00:00,2,0.038836249999999954,0.0475409259259259,0.038836249999999954,0.0,0.7083333333333334,4.3925
kpx_group_2,moderate_residual,2023-10-03 08:00:00,2023-10-03 09:00:00,2,0.03883624999999995,0.0401754166666666,0.03883624999999995,0.0,0.4444444444444444,4.523444444444445
kpx_group_3,moderate_residual,2023-10-16 22:00:00,2023-10-16 23:00:00,2,0.038826571428571446,0.038845619047619,0.5823142857142858,0.5823333333333334,0.8000000000000002,9.754166533333333
kpx_group_3,moderate_residual,2023-05-05 18:00:00,2023-05-05 19:00:00,2,0.03880576190476185,0.0396035238095238,0.24449623809523807,0.20569047619047615,0.8666666666666667,6.047166633333333
kpx_group_2,moderate_residual,2022-01-21 22:00:00,2022-01-21 23:00:00,2,0.0387553703703703,0.0464283796296296,0.14329240740740734,0.104537037037037,0.8194444444444444,5.584722222222222
kpx_group_3,moderate_residual,2024-02-17 17:00:00,2024-02-17 18:00:00,2,0.038696738095238,0.0420827142857141,0.48382707142857145,0.5225238095238095,1.0,7.52799995
kpx_group_2,moderate_residual,2024-11-06 00:00:00,2024-11-06 01:00:00,2,0.038569699074074,0.0420005092592592,0.0753289583333333,0.03675925925925925,0.763888888888889,4.752333333333333
kpx_group_1,moderate_residual,2023-10-01 15:00:00,2023-10-01 16:00:00,2,0.0385275231481481,0.0426695833333333,0.0646154861111111,0.0260879629629629,0.7083333333333333,4.565513888888889
kpx_group_3,moderate_residual,2024-11-02 07:00:00,2024-11-02 08:00:00,2,0.03850926190476185,0.0405533809523809,0.7210917380952381,0.719047619047619,1.0,9.408666466666666
kpx_group_2,moderate_residual,2024-05-08 18:00:00,2024-05-08 19:00:00,2,0.0385014583333333,0.03883625,0.0385014583333333,0.0,0.7083333333333334,4.229666666666667
kpx_group_3,moderate_residual,2023-12-13 02:00:00,2023-12-13 03:00:00,2,0.03848997619047615,0.0456997619047619,0.18767669047619046,0.22616666666666665,0.6833333333333333,6.333999966666666
kpx_group_1,moderate_residual,2022-06-02 13:00:00,2022-06-02 14:00:00,2,0.03842078703703695,0.045582824074074,0.16103652777777777,0.1226157407407407,0.8611111111111112,5.669444444444444
kpx_group_1,moderate_residual,2024-03-06 00:00:00,2024-03-06 01:00:00,2,0.0383991203703703,0.0462275925925925,0.0786768981481481,0.040277777777777704,0.6805555555555556,6.779736111111111
kpx_group_3,moderate_residual,2023-06-09 01:00:00,2023-06-09 02:00:00,2,0.038280452380952304,0.039852619047619,0.36192330952380947,0.3236428571428571,0.8000000000000002,7.8674999
kpx_group_2,moderate_residual,2023-09-02 22:00:00,2023-09-02 23:00:00,2,0.038232708333333296,0.0389683333333333,0.03950585648148145,0.0012731481481481,0.6111111111111112,4.067069444444444
kpx_group_1,moderate_residual,2023-06-03 02:00:00,2023-06-03 03:00:00,2,0.0381666666666666,0.0401754166666666,0.0381666666666666,0.0,0.6666666666666666,4.097
kpx_group_3,moderate_residual,2024-01-01 21:00:00,2024-01-01 22:00:00,2,0.038157380952380957,0.0400947142857143,0.5244616666666666,0.5626190476190476,0.9833333333333334,8.403166566666666
kpx_group_3,moderate_residual,2023-01-27 16:00:00,2023-01-27 17:00:00,2,0.03811628571428565,0.0395288095238095,0.6091744285714286,0.6077619047619047,0.7500000000000001,9.913499983333335
kpx_group_3,moderate_residual,2023-06-08 22:00:00,2023-06-08 23:00:00,2,0.0381095238095238,0.0407674285714286,0.3794857142857142,0.41759523809523813,0.8000000000000002,8.0408333
kpx_group_3,moderate_residual,2023-04-06 10:00:00,2023-04-06 11:00:00,2,0.03810749999999995,0.0417794285714285,0.717648119047619,0.7139761904761905,1.0,9.476166633333335
kpx_group_3,moderate_residual,2023-10-19 14:00:00,2023-10-19 15:00:00,2,0.03809071428571425,0.0387393333333333,0.45042404761904764,0.41233333333333333,0.8000000000000002,8.718833283333334
kpx_group_3,moderate_residual,2023-05-21 12:00:00,2023-05-21 13:00:00,2,0.03795464285714285,0.0433894761904762,0.22211278571428572,0.227547619047619,0.7833333333333334,6.5846666166666665
kpx_group_2,moderate_residual,2023-06-02 15:00:00,2023-06-02 16:00:00,2,0.03794493055555555,0.0428537962962963,0.15701900462962962,0.11907407407407405,0.6388888888888888,5.01925
kpx_group_3,moderate_residual,2024-11-25 09:00:00,2024-11-25 10:00:00,2,0.037839595238095144,0.0392781904761904,0.0895338333333333,0.08809523809523805,0.55,4.075
kpx_group_2,moderate_residual,2023-03-26 05:00:00,2023-03-26 06:00:00,2,0.0378111574074074,0.0397685185185185,0.186815787037037,0.1490046296296296,0.9166666666666667,5.8760416666666675
kpx_group_3,moderate_residual,2023-03-03 23:00:00,2023-03-04 00:00:00,2,0.0378100238095238,0.0386927142857143,0.42976240476190475,0.3919523809523809,1.0,7.068166633333333
kpx_group_3,moderate_residual,2023-12-18 09:00:00,2023-12-18 10:00:00,2,0.037787738095238096,0.0437338571428571,0.5819699285714286,0.5760238095238095,0.9833333333333334,7.789499950000001
kpx_group_3,moderate_residual,2023-11-06 08:00:00,2023-11-06 09:00:00,2,0.037787238095238054,0.0419243333333333,0.7500180476190477,0.7458809523809524,0.8000000000000002,13.359833316666668
kpx_group_3,moderate_residual,2024-01-07 06:00:00,2024-01-07 07:00:00,2,0.0377862142857142,0.0438917142857142,0.34987069047619046,0.35597619047619045,1.0,6.23216665
kpx_group_3,low_online_label_positive,2023-02-01 02:00:00,2023-02-01 03:00:00,2,0.0377192857142857,0.0551097619047619,0.3064811904761905,0.2687619047619047,0.3333333333333333,13.315333333333333
kpx_group_1,moderate_residual,2024-05-07 08:00:00,2024-05-07 09:00:00,2,0.03759259259259255,0.0435233796296296,0.06361111111111109,0.0260185185185185,0.6944444444444444,4.590986111111111
kpx_group_3,moderate_residual,2023-04-05 15:00:00,2023-04-05 16:00:00,2,0.037575928571428455,0.0385057619047618,0.7903082619047619,0.7912380952380953,0.9333333333333333,12.547
kpx_group_2,moderate_residual,2024-05-13 06:00:00,2024-05-13 07:00:00,2,0.0374929398148148,0.03883625,0.08001608796296295,0.04252314814814815,0.6944444444444445,4.594777777777778
kpx_group_3,moderate_residual,2023-05-07 14:00:00,2023-05-07 15:00:00,2,0.037444380952380896,0.0432691904761904,0.38189623809523804,0.37607142857142856,1.0,7.0398332833333335
kpx_group_3,moderate_residual,2023-08-22 14:00:00,2023-08-22 15:00:00,2,0.0373173095238095,0.0443293333333333,0.3801744523809524,0.34285714285714286,1.0,7.061499983333334
kpx_group_1,moderate_residual,2024-04-30 12:00:00,2024-04-30 13:00:00,2,0.037268773148148096,0.0439961111111111,0.0816900694444444,0.04442129629629625,0.7083333333333333,4.7567361111111115
kpx_group_3,low_online_label_positive,2023-01-20 04:00:00,2023-01-20 05:00:00,2,0.03717795238095235,0.058649619047619,0.2479398571428571,0.2107619047619047,0.26666666666666666,16.639833333333332
kpx_group_2,moderate_residual,2022-05-11 10:00:00,2022-05-11 11:00:00,2,0.03706506944444435,0.0408450462962962,0.0435234027777777,0.0064583333333333,0.6944444444444445,4.3291666666666675
kpx_group_2,moderate_residual,2024-04-20 08:00:00,2024-04-20 09:00:00,2,0.03706090277777775,0.0393031018518518,0.0542368287037037,0.0171759259259259,0.5277777777777778,4.692305555555556
kpx_group_3,moderate_residual,2023-02-22 18:00:00,2023-02-22 19:00:00,2,0.0370305714285714,0.0414616666666666,0.6102075238095238,0.6472380952380952,1.0,8.405833266666667
kpx_group_3,moderate_residual,2023-03-07 10:00:00,2023-03-07 11:00:00,2,0.036996738095238,0.0372410952380951,0.6415443571428572,0.604547619047619,1.0,8.89716665
kpx_group_2,moderate_residual,2022-01-28 13:00:00,2022-01-28 14:00:00,2,0.0369895138888888,0.0376013425925925,0.06863303240740734,0.03164351851851845,0.7222222222222222,4.769444444444444
kpx_group_3,moderate_residual,2023-09-26 03:00:00,2023-09-26 04:00:00,2,0.03698497619047615,0.0371017619047619,0.0943548809523809,0.0942380952380952,0.6833333333333332,4.079166666666666
kpx_group_2,moderate_residual,2022-08-31 18:00:00,2022-08-31 19:00:00,2,0.0368274768518518,0.0435233796296296,0.0368274768518518,0.0,0.6527777777777778,4.123611111111111
kpx_group_3,moderate_residual,2023-04-08 01:00:00,2023-04-08 02:00:00,2,0.0368032619047618,0.0420416190476189,0.8436842142857143,0.8068809523809524,1.0,11.019833216666667
kpx_group_3,moderate_residual,2023-11-09 10:00:00,2023-11-09 11:00:00,2,0.0367676666666666,0.0434636666666666,0.6050420952380953,0.6117380952380953,0.8500000000000001,9.412666583333333
kpx_group_3,moderate_residual,2023-07-06 21:00:00,2023-07-06 22:00:00,2,0.03665414285714285,0.0381529047619048,0.8230225714285715,0.8215238095238095,0.9333333333333333,11.475374949999999
kpx_group_2,moderate_residual,2022-10-08 09:00:00,2022-10-08 10:00:00,2,0.0365575231481481,0.0369571296296296,0.0428538194444444,0.00629629629629625,0.6388888888888888,4.402777777777779
kpx_group_3,moderate_residual,2023-05-01 00:00:00,2023-05-01 01:00:00,2,0.036541857142857154,0.0392646666666667,0.6845894761904763,0.648047619047619,1.0,9.825499966666667
kpx_group_3,moderate_residual,2023-01-11 19:00:00,2023-01-11 20:00:00,2,0.0365348333333333,0.0430095238095238,0.6081413571428571,0.6016666666666666,1.0,8.322666633333334
kpx_group_3,moderate_residual,2023-08-11 01:00:00,2023-08-11 02:00:00,2,0.03648973809523805,0.0397814761904762,0.631557880952381,0.668047619047619,0.9333333333333333,9.395166583333333
kpx_group_3,moderate_residual,2023-08-24 18:00:00,2023-08-24 19:00:00,2,0.036457380952380894,0.0383413333333333,0.07128271428571425,0.0731666666666666,0.5833333333333333,4.459999983333333
kpx_group_3,moderate_residual,2023-01-06 06:00:00,2023-01-06 07:00:00,2,0.0363661666666666,0.0415824761904761,0.5709503571428571,0.5761666666666667,0.8000000000000002,9.420833216666669
kpx_group_1,moderate_residual,2024-06-03 22:00:00,2024-06-03 23:00:00,2,0.03636159722222225,0.0420268055555556,0.233352337962963,0.19699074074074063,0.8333333333333334,6.94725
kpx_group_1,moderate_residual,2022-08-24 12:00:00,2022-08-24 13:00:00,2,0.036355509259259206,0.0394766203703703,0.0676286574074074,0.0312731481481481,0.5833333333333334,3.8166666666666664
kpx_group_3,moderate_residual,2024-08-06 17:00:00,2024-08-06 18:00:00,2,0.0363353571428571,0.0372671904761904,0.11811578571428566,0.119047619047619,0.6166666666666667,4.738166666666666
kpx_group_3,moderate_residual,2024-12-22 04:00:00,2024-12-22 05:00:00,2,0.0363142857142857,0.0411198095238095,0.5857579047619048,0.5809523809523809,0.7833333333333334,8.98366665
kpx_group_2,moderate_residual,2022-04-30 01:00:00,2022-04-30 02:00:00,2,0.03629166666666665,0.0417821759259259,0.03816666666666665,0.001875,0.5833333333333333,4.365277777777778
kpx_group_2,moderate_residual,2022-11-02 14:00:00,2022-11-02 15:00:00,2,0.036281921296296246,0.0416481481481481,0.07834210648148145,0.042060185185185145,0.8333333333333334,5.074999999999999
kpx_group_3,moderate_residual,2024-09-18 19:00:00,2024-09-18 20:00:00,2,0.0362255714285714,0.0385513809523809,0.161849619047619,0.1595238095238095,0.7333333333333334,5.260166666666667
kpx_group_2,moderate_residual,2023-11-04 15:00:00,2023-11-04 16:00:00,2,0.036181273148148105,0.0392529166666666,0.08604238425925925,0.04986111111111105,0.8472222222222223,5.086652777777777
kpx_group_3,moderate_residual,2024-03-19 12:00:00,2024-03-19 13:00:00,2,0.0361443571428571,0.0395689047619047,0.7004300714285714,0.6642857142857143,1.0,9.22899995
kpx_group_1,moderate_residual,2022-09-12 03:00:00,2022-09-12 04:00:00,2,0.036006087962962896,0.0376642129629629,0.09575145833333329,0.059745370370370296,0.875,5.126388888888888
kpx_group_3,moderate_residual,2024-11-21 05:00:00,2024-11-21 06:00:00,2,0.0359523809523809,0.0397423333333333,0.49071428571428566,0.4547619047619047,0.9333333333333333,7.682499916666666
kpx_group_3,moderate_residual,2023-02-18 11:00:00,2023-02-18 12:00:00,2,0.035891476190476154,0.0384185238095238,0.2816872380952381,0.28421428571428575,1.0,6.381
kpx_group_1,moderate_residual,2022-01-21 08:00:00,2022-01-21 09:00:00,2,0.035843333333333297,0.0376296296296296,0.07332018518518515,0.037476851851851845,0.8333333333333334,5.204166666666667
kpx_group_3,moderate_residual,2024-03-28 18:00:00,2024-03-28 19:00:00,2,0.0358430952380952,0.0372420952380952,0.32955338095238096,0.3309523809523809,1.0,6.766166666666667
kpx_group_1,moderate_residual,2023-04-17 15:00:00,2023-04-17 16:00:00,2,0.035799953703703646,0.0363269907407407,0.09943421296296295,0.0636342592592592,0.8333333333333335,5.065430555555555
kpx_group_2,moderate_residual,2024-07-02 06:00:00,2024-07-02 07:00:00,2,0.035785810185185105,0.0382889814814814,0.06863303240740735,0.03284722222222215,0.625,4.814152777777777
kpx_group_3,moderate_residual,2024-07-04 07:00:00,2024-07-04 08:00:00,2,0.0357543809523809,0.0376170476190476,0.5399579047619048,0.5380952380952381,0.9666666666666666,8.521666549999999
kpx_group_3,moderate_residual,2023-12-24 21:00:00,2023-12-24 22:00:00,2,0.03553483333333325,0.0386486190476189,0.7176481190476192,0.7207619047619047,1.0,8.841999916666666
kpx_group_3,moderate_residual,2024-09-22 09:00:00,2024-09-22 10:00:00,2,0.035469190476190446,0.0381624285714286,0.30269323809523807,0.3,0.9666666666666668,6.528666666666666
kpx_group_3,moderate_residual,2023-07-06 03:00:00,2023-07-06 04:00:00,2,0.035455619047619,0.0388470952380952,0.1835443809523809,0.21899999999999994,0.8833333333333333,5.52866665
kpx_group_2,moderate_residual,2023-08-15 19:00:00,2023-08-15 20:00:00,2,0.03545490740740735,0.035488287037037,0.039505833333333296,0.0040509259259259,0.6249999999999999,4.028083333333332
kpx_group_2,moderate_residual,2023-04-20 21:00:00,2023-04-20 22:00:00,2,0.0350986805555555,0.0380428703703703,0.23000437499999998,0.22706018518518517,0.9027777777777779,6.122013888888889
kpx_group_3,moderate_residual,2024-03-10 02:00:00,2024-03-10 03:00:00,2,0.0349659285714285,0.0387919999999999,0.38258497619047616,0.3476190476190476,0.95,6.600666666666666
kpx_group_3,moderate_residual,2024-01-01 17:00:00,2024-01-01 18:00:00,2,0.0349573809523809,0.039502238095238,0.2699789523809523,0.2745238095238095,0.8500000000000001,6.988666666666667
kpx_group_1,moderate_residual,2022-10-12 09:00:00,2022-10-12 10:00:00,2,0.03486013888888885,0.0376311111111111,0.05490643518518515,0.02004629629629625,0.5,4.8180555555555555
kpx_group_2,moderate_residual,2024-04-20 13:00:00,2024-04-20 14:00:00,2,0.034818726851851806,0.0361579166666666,0.034818726851851806,0.0,0.4722222222222221,4.085555555555556
kpx_group_3,moderate_residual,2024-03-02 10:00:00,2024-03-02 11:00:00,2,0.0347799523809523,0.0392601428571427,0.7173037619047619,0.6825238095238095,1.0,9.261999983333334
kpx_group_3,moderate_residual,2023-10-27 05:00:00,2023-10-27 06:00:00,2,0.034694714285714204,0.0387518571428571,0.4469804285714285,0.41228571428571426,0.8000000000000002,8.310416583333334
kpx_group_3,moderate_residual,2024-01-26 02:00:00,2024-01-26 03:00:00,2,0.0346543809523809,0.0385117619047619,0.5186075238095238,0.5532619047619047,1.0,7.438666533333334
kpx_group_3,moderate_residual,2023-06-16 19:00:00,2023-06-16 20:00:00,2,0.03459973809523805,0.0376947142857142,0.38499549999999993,0.4195952380952381,1.0,7.381166633333333
kpx_group_2,moderate_residual,2022-07-22 15:00:00,2022-07-22 16:00:00,2,0.034558958333333306,0.0356383796296296,0.0368274768518518,0.0022685185185185,0.5,3.791666666666667
kpx_group_3,moderate_residual,2024-08-21 19:00:00,2024-08-21 20:00:00,2,0.03447669047619045,0.0348380952380952,0.32266616666666664,0.35714285714285715,0.9833333333333334,6.62899995
kpx_group_1,moderate_residual,2024-06-05 00:00:00,2024-06-05 01:00:00,2,0.0344349537037037,0.0372173611111111,0.058254398148148145,0.0238194444444444,0.5972222222222221,4.664375
kpx_group_2,moderate_residual,2022-07-26 22:00:00,2022-07-26 23:00:00,2,0.03423245370370365,0.0381666666666666,0.04687134259259255,0.01263888888888885,0.75,4.247222222222223
kpx_group_2,moderate_residual,2022-06-05 15:00:00,2022-06-05 16:00:00,2,0.03414912037037035,0.0368275,0.03414912037037035,0.0,0.4305555555555556,3.8194444444444446
kpx_group_1,moderate_residual,2022-04-15 06:00:00,2022-04-15 07:00:00,2,0.0341491203703703,0.0341491203703703,0.0341491203703703,0.0,0.45833333333333337,6.579166666666667
kpx_group_1,moderate_residual,2022-06-30 16:00:00,2022-06-30 17:00:00,2,0.0340874768518518,0.0344502777777777,0.10378655092592586,0.069699074074074,0.8055555555555557,5.613888888888889
kpx_group_3,moderate_residual,2024-07-22 05:00:00,2024-07-22 06:00:00,2,0.03405364285714285,0.0349313333333334,0.7324556428571428,0.7333333333333334,1.0,9.881999933333333
kpx_group_1,moderate_residual,2023-01-14 04:00:00,2023-01-14 05:00:00,2,0.03385428240740735,0.037152037037037,0.1044561342592592,0.0706018518518518,0.8194444444444445,5.52025
kpx_group_3,moderate_residual,2023-05-28 13:00:00,2023-05-28 14:00:00,2,0.03383107142857135,0.0347518571428571,0.6504977380952381,0.6166666666666667,1.0,9.453499933333333
kpx_group_3,moderate_residual,2024-11-20 18:00:00,2024-11-20 19:00:00,2,0.03380702380952375,0.0348380952380952,0.3495263095238095,0.3833333333333333,0.95,6.695333333333334
kpx_group_3,moderate_residual,2023-06-17 08:00:00,2023-06-17 09:00:00,2,0.03379773809523805,0.0372360952380952,0.27101202380952377,0.2372142857142857,0.7166666666666668,6.925166616666667
kpx_group_3,moderate_residual,2024-04-15 08:00:00,2024-04-15 09:00:00,2,0.033747380952380904,0.0342075238095238,0.31474585714285713,0.3142857142857143,0.9833333333333334,6.505833316666667
kpx_group_3,moderate_residual,2023-01-25 13:00:00,2023-01-25 14:00:00,2,0.0337368333333333,0.0345393333333333,0.4201203095238095,0.45385714285714285,0.8000000000000002,7.4787499375
kpx_group_3,moderate_residual,2024-07-20 11:00:00,2024-07-20 12:00:00,2,0.0335644047619047,0.0359579047619047,0.6188165476190476,0.6523809523809523,1.0,8.974166583333336
kpx_group_3,moderate_residual,2023-07-18 10:00:00,2023-07-18 11:00:00,2,0.0334731666666666,0.036299238095238,0.46385411904761903,0.4303809523809524,1.0,7.9976666000000005
kpx_group_3,moderate_residual,2024-08-22 17:00:00,2024-08-22 18:00:00,2,0.03344811904761895,0.0349563809523809,0.5451233095238095,0.5785714285714285,1.0,8.461166633333333
kpx_group_2,moderate_residual,2022-11-28 00:00:00,2022-11-28 01:00:00,2,0.0334239814814814,0.0347241666666666,0.1098128703703703,0.07638888888888885,0.7777777777777778,5.001388888888888
kpx_group_3,moderate_residual,2023-07-02 00:00:00,2023-07-02 01:00:00,2,0.03336692857142855,0.0344872380952381,0.7472631666666667,0.7461428571428571,1.0,10.148333316666665
kpx_group_1,moderate_residual,2023-06-02 23:00:00,2023-06-03 00:00:00,2,0.033325787037036994,0.0340506944444444,0.0438581944444444,0.01053240740740735,0.6944444444444444,4.163083333333334
kpx_group_3,moderate_residual,2024-10-03 20:00:00,2024-10-03 21:00:00,2,0.03316642857142855,0.0363208095238095,0.1587503809523809,0.16190476190476183,0.8166666666666667,5.234333333333333
kpx_group_1,moderate_residual,2023-07-07 04:00:00,2023-07-07 05:00:00,2,0.03294712962962955,0.0333367592592592,0.19250731481481476,0.15956018518518517,0.9722222222222223,6.137305555555555
kpx_group_3,moderate_residual,2024-01-16 20:00:00,2024-01-16 21:00:00,2,0.032884476190476145,0.0334205714285714,0.4266631428571428,0.459547619047619,0.9666666666666666,7.252833333333333
kpx_group_2,moderate_residual,2024-04-02 17:00:00,2024-04-02 18:00:00,2,0.0328104398148148,0.0328109259259259,0.0689678472222222,0.0361574074074074,0.6666666666666666,4.400222222222223
kpx_group_3,moderate_residual,2024-12-18 07:00:00,2024-12-18 08:00:00,2,0.03279247619047615,0.035454619047619,0.17114738095238097,0.1738095238095238,0.6833333333333333,5.023666666666667
kpx_group_3,moderate_residual,2024-06-09 07:00:00,2024-06-09 08:00:00,2,0.0326741904761904,0.0342626666666666,0.1849218095238095,0.1833333333333333,0.7999999999999999,5.321166666666667
kpx_group_1,moderate_residual,2022-09-09 13:00:00,2022-09-09 14:00:00,2,0.0324581018518518,0.0348893981481481,0.07097662037037035,0.03851851851851845,0.8611111111111112,4.701388888888888
kpx_group_3,moderate_residual,2024-06-24 05:00:00,2024-06-24 06:00:00,2,0.0324395952380952,0.0340340952380952,0.4349278333333333,0.43333333333333335,1.0,7.4421666166666665
kpx_group_3,moderate_residual,2024-06-24 01:00:00,2024-06-24 02:00:00,2,0.0324250476190476,0.0328430952380952,0.20041804761904758,0.2,0.6166666666666667,5.252666666666666
kpx_group_1,moderate_residual,2022-09-13 08:00:00,2022-09-13 09:00:00,2,0.032369398148148154,0.0329951388888889,0.10579532407407405,0.0734259259259259,0.9166666666666666,5.330555555555556
kpx_group_2,moderate_residual,2022-12-26 06:00:00,2022-12-26 07:00:00,2,0.03235722222222215,0.0343162962962962,0.1560146296296296,0.12365740740740734,0.8611111111111112,5.4551388888888885
kpx_group_1,moderate_residual,2023-01-10 11:00:00,2023-01-10 12:00:00,2,0.03227071759259255,0.0329634722222222,0.09909942129629626,0.06682870370370364,0.8333333333333334,5.3990833333333335
kpx_group_2,moderate_residual,2022-06-03 23:00:00,2022-06-04 00:00:00,2,0.03212134259259255,0.0330721296296296,0.08503800925925925,0.052916666666666654,0.6944444444444444,5.229166666666667
kpx_group_2,moderate_residual,2022-11-24 03:00:00,2022-11-24 04:00:00,2,0.0320877314814814,0.0321403703703703,0.03917106481481475,0.0070833333333333,0.7222222222222221,4.194444444444445
kpx_group_1,moderate_residual,2022-06-22 14:00:00,2022-06-22 15:00:00,2,0.032084328703703646,0.0327144444444444,0.07231581018518515,0.040231481481481396,0.7361111111111112,4.675
kpx_group_3,moderate_residual,2024-12-09 16:00:00,2024-12-09 17:00:00,2,0.03188019047619045,0.0324039999999999,0.28478647619047615,0.31666666666666665,0.7500000000000001,6.394999983333333
kpx_group_3,moderate_residual,2024-05-20 00:00:00,2024-05-20 01:00:00,2,0.03186816666666665,0.033452619047619,0.7847985,0.8166666666666667,1.0,10.442666633333333
kpx_group_1,moderate_residual,2022-11-24 15:00:00,2022-11-24 16:00:00,2,0.03179969907407405,0.0321286574074074,0.043188587962962904,0.01138888888888885,0.7222222222222222,4.298611111111111
kpx_group_1,moderate_residual,2023-09-13 05:00:00,2023-09-13 06:00:00,2,0.0317370833333333,0.0325306944444444,0.072315787037037,0.040578703703703645,0.8611111111111112,4.698180555555556
kpx_group_2,moderate_residual,2022-12-16 14:00:00,2022-12-16 15:00:00,2,0.0314093518518518,0.0326871296296296,0.055576018518518455,0.02416666666666665,0.5972222222222222,4.561111111111111
kpx_group_2,moderate_residual,2023-07-20 04:00:00,2023-07-20 05:00:00,2,0.03122270833333325,0.0321739814814814,0.0425190046296296,0.011296296296296249,0.6666666666666666,4.284319444444444
kpx_group_3,moderate_residual,2024-07-25 23:00:00,2024-07-26 00:00:00,2,0.031178452380952352,0.0320912380952381,0.09194435714285709,0.0928571428571428,0.5666666666666667,4.3678333333333335
kpx_group_3,moderate_residual,2023-04-13 11:00:00,2023-04-13 12:00:00,2,0.0310303333333333,0.0316912380952381,0.5864466190476191,0.5857857142857144,0.8000000000000002,10.091833300000001
kpx_group_3,moderate_residual,2023-09-24 04:00:00,2023-09-24 05:00:00,2,0.03098871428571425,0.0311924761904762,0.2248676666666666,0.22507142857142856,0.9833333333333334,5.632833333333334
kpx_group_1,moderate_residual,2024-03-29 08:00:00,2024-03-29 09:00:00,2,0.03044518518518515,0.0304999999999999,0.6712646296296296,0.6713194444444445,1.0,10.335875000000001
kpx_group_3,low_online_label_positive,2024-01-24 13:00:00,2024-01-24 14:00:00,2,0.01687895238095235,0.025845619047619,0.1487639047619047,0.1656428571428571,0.5333333333333333,6.055166633333334
kpx_group_3,low_online_label_positive,2024-08-02 16:00:00,2024-08-02 17:00:00,2,0.010871666666666599,0.0116661428571428,0.10158647619047614,0.1023809523809523,0.55,4.347333333333333
kpx_group_3,low_online_label_positive,2023-10-21 23:00:00,2023-10-22 00:00:00,2,0.0090132857142857,0.0166220476190476,0.140843619047619,0.1484523809523809,0.5,5.9205
kpx_group_3,low_online_label_positive,2023-05-09 05:00:00,2023-05-09 06:00:00,2,0.008645380952380901,0.0126491428571428,0.12052633333333329,0.11188095238095234,0.5333333333333333,5.217666666666667
kpx_group_3,low_online_label_positive,2023-10-23 04:00:00,2023-10-23 05:00:00,2,0.0071806904761904,0.007898238095238,0.11088421428571424,0.11016666666666661,0.4000000000000001,7.462833316666668
kpx_group_3,scada_zero_label_positive,2023-12-26 10:00:00,2023-12-26 10:00:00,1,0.8960270476190476,0.8960270476190476,0.8960270476190476,0.0,0.8000000000000002,11.834583333333333
kpx_group_2,scada_zero_label_positive,2023-11-14 01:00:00,2023-11-14 01:00:00,1,0.8175701851851852,0.8175701851851852,0.8175701851851852,0.0,0.8333333333333334,14.119
kpx_group_2,scada_zero_label_positive,2022-12-23 03:00:00,2022-12-23 03:00:00,1,0.813552638888889,0.813552638888889,0.813552638888889,0.0,0.8333333333333334,16.681250000000002
kpx_group_1,scada_zero_label_positive,2022-01-22 06:00:00,2022-01-22 06:00:00,1,0.8108742592592592,0.8108742592592592,0.8108742592592592,0.0,0.8333333333333334,11.872222222222222
kpx_group_2,scada_zero_label_positive,2024-12-28 18:00:00,2024-12-28 18:00:00,1,0.8088655092592593,0.8088655092592593,0.8088655092592593,0.0,0.8333333333333334,14.310555555555554
kpx_group_2,scada_zero_label_positive,2023-07-14 08:00:00,2023-07-14 08:00:00,1,0.8081959259259259,0.8081959259259259,0.8081959259259259,0.0,0.8333333333333334,15.386388888888888
kpx_group_1,scada_zero_label_positive,2022-12-03 14:00:00,2022-12-03 14:00:00,1,0.798152037037037,0.798152037037037,0.798152037037037,0.0,0.8333333333333334,13.744444444444444
kpx_group_1,scada_zero_label_positive,2024-02-13 18:00:00,2024-02-13 18:00:00,1,0.7934649074074074,0.7934649074074074,0.7934649074074074,0.0,0.8333333333333334,14.48277777777778
kpx_group_2,scada_zero_label_positive,2022-03-04 19:00:00,2022-03-04 19:00:00,1,0.7927953240740742,0.7927953240740742,0.7927953240740742,0.0,0.8333333333333334,13.15
kpx_group_2,scada_zero_label_positive,2022-12-04 00:00:00,2022-12-04 00:00:00,1,0.7860993981481481,0.7860993981481481,0.7860993981481481,0.0,0.8333333333333334,15.875
kpx_group_2,scada_zero_label_positive,2024-12-08 07:00:00,2024-12-08 07:00:00,1,0.7767251388888888,0.7767251388888888,0.7767251388888888,0.0,0.8333333333333334,13.862194444444446
kpx_group_2,scada_zero_label_positive,2022-02-19 03:00:00,2022-02-19 03:00:00,1,0.7753859722222222,0.7753859722222222,0.7753859722222222,0.0,0.8333333333333334,13.197222222222225
kpx_group_2,scada_zero_label_positive,2022-12-03 14:00:00,2022-12-03 14:00:00,1,0.7660117129629629,0.7660117129629629,0.7660117129629629,0.0,0.8333333333333334,13.605555555555556
kpx_group_2,scada_zero_label_positive,2022-08-08 13:00:00,2022-08-08 13:00:00,1,0.7653420833333333,0.7653420833333333,0.7653420833333333,0.0,0.8333333333333334,14.594444444444443
kpx_group_2,scada_zero_label_positive,2024-03-15 09:00:00,2024-03-15 09:00:00,1,0.7613245833333334,0.7613245833333334,0.7613245833333334,0.0,0.8333333333333334,14.8675
kpx_group_2,scada_zero_label_positive,2022-12-04 02:00:00,2022-12-04 02:00:00,1,0.753959074074074,0.753959074074074,0.753959074074074,0.0,0.8333333333333334,13.84722222222222
kpx_group_1,scada_zero_label_positive,2024-11-26 20:00:00,2024-11-26 20:00:00,1,0.7526198611111111,0.7526198611111111,0.7526198611111111,0.0,0.8333333333333334,13.435416666666669
kpx_group_2,scada_zero_label_positive,2024-03-11 08:00:00,2024-03-11 08:00:00,1,0.7519502777777778,0.7519502777777778,0.7519502777777778,0.0,0.8333333333333334,12.739111111111107
kpx_group_2,scada_zero_label_positive,2024-11-30 19:00:00,2024-11-30 19:00:00,1,0.7472631481481482,0.7472631481481482,0.7472631481481482,0.0,0.8333333333333334,13.118916666666664
kpx_group_3,scada_under_label,2024-01-12 04:00:00,2024-01-12 04:00:00,1,0.7349674285714285,0.7349674285714285,0.8540150476190476,0.119047619047619,0.8000000000000002,10.925166666666668
kpx_group_1,scada_zero_label_positive,2022-12-03 09:00:00,2022-12-03 09:00:00,1,0.7338713425925926,0.7338713425925926,0.7338713425925926,0.0,0.8333333333333334,11.975
kpx_group_2,scada_zero_label_positive,2024-04-25 04:00:00,2024-04-25 04:00:00,1,0.7265058333333333,0.7265058333333333,0.7265058333333333,0.0,0.8333333333333334,12.704416666666669
kpx_group_1,scada_zero_label_positive,2022-08-15 21:00:00,2022-08-15 21:00:00,1,0.72583625,0.72583625,0.72583625,0.0,0.8333333333333334,14.891666666666666
kpx_group_2,scada_zero_label_positive,2024-01-06 00:00:00,2024-01-06 00:00:00,1,0.72583625,0.72583625,0.72583625,0.0,0.8333333333333334,13.396611111111111
kpx_group_1,scada_zero_label_positive,2022-08-16 00:00:00,2022-08-16 00:00:00,1,0.7231579166666666,0.7231579166666666,0.7231579166666666,0.0,0.8333333333333334,15.369444444444444
kpx_group_2,scada_zero_label_positive,2023-11-18 03:00:00,2023-11-18 03:00:00,1,0.7218187037037037,0.7218187037037037,0.7218187037037037,0.0,0.8333333333333334,13.66777777777778
kpx_group_1,scada_zero_label_positive,2022-08-01 04:00:00,2022-08-01 04:00:00,1,0.7111052777777778,0.7111052777777778,0.7111052777777778,0.0,0.8333333333333334,11.925
kpx_group_1,scada_zero_label_positive,2023-11-23 01:00:00,2023-11-23 01:00:00,1,0.7111052777777778,0.7111052777777778,0.7111052777777778,0.0,0.8333333333333334,11.8055
kpx_group_2,scada_zero_label_positive,2023-01-25 08:00:00,2023-01-25 08:00:00,1,0.7090964814814815,0.7090964814814815,0.7090964814814815,0.0,0.8333333333333334,11.149027777777777
kpx_group_1,scada_zero_label_positive,2023-11-18 07:00:00,2023-11-18 07:00:00,1,0.7010613888888889,0.7010613888888889,0.7010613888888889,0.0,0.8333333333333334,11.287166666666666
kpx_group_1,scada_zero_label_positive,2023-01-24 21:00:00,2023-01-24 21:00:00,1,0.6997222222222222,0.6997222222222222,0.6997222222222222,0.0,0.8333333333333334,11.787611111111111
kpx_group_2,scada_zero_label_positive,2023-01-29 21:00:00,2023-01-29 21:00:00,1,0.6950350925925926,0.6950350925925926,0.6950350925925926,0.0,0.8333333333333334,13.812027777777775
kpx_group_1,scada_zero_label_positive,2022-08-15 08:00:00,2022-08-15 08:00:00,1,0.690347962962963,0.690347962962963,0.690347962962963,0.0,0.8333333333333334,12.927777777777775
kpx_group_1,scada_zero_label_positive,2022-08-03 06:00:00,2022-08-03 06:00:00,1,0.6829824537037037,0.6829824537037037,0.6829824537037037,0.0,0.8333333333333334,11.27222222222222
kpx_group_1,scada_zero_label_positive,2023-11-06 20:00:00,2023-11-06 20:00:00,1,0.6809737037037037,0.6809737037037037,0.6809737037037037,0.0,0.8333333333333334,17.945083333333333
kpx_group_2,scada_under_label,2022-11-25 18:00:00,2022-11-25 18:00:00,1,0.6793518518518519,0.6793518518518519,0.8269444444444445,0.1475925925925925,0.8611111111111112,17.047222222222224
kpx_group_1,scada_zero_label_positive,2022-08-03 03:00:00,2022-08-03 03:00:00,1,0.6789649074074074,0.6789649074074074,0.6789649074074074,0.0,0.8333333333333334,11.697222222222225
kpx_group_1,scada_zero_label_positive,2024-03-15 15:00:00,2024-03-15 15:00:00,1,0.6789649074074074,0.6789649074074074,0.6789649074074074,0.0,0.8333333333333334,13.186277777777777
kpx_group_1,scada_zero_label_positive,2022-08-08 20:00:00,2022-08-08 20:00:00,1,0.6749473611111111,0.6749473611111111,0.6749473611111111,0.0,0.8333333333333334,11.947222222222225
kpx_group_2,scada_zero_label_positive,2023-01-20 08:00:00,2023-01-20 08:00:00,1,0.6722690277777778,0.6722690277777778,0.6722690277777778,0.0,0.7777777777777778,19.82638888888889
kpx_group_2,scada_zero_label_positive,2022-08-09 06:00:00,2022-08-09 06:00:00,1,0.6709298148148148,0.6709298148148148,0.6709298148148148,0.0,0.8333333333333334,11.425000000000002
kpx_group_2,scada_under_label,2023-11-14 00:00:00,2023-11-14 00:00:00,1,0.6690653240740742,0.6690653240740742,0.8122134722222223,0.1431481481481481,0.8611111111111112,13.762305555555557
kpx_group_1,scada_zero_label_positive,2022-10-03 22:00:00,2022-10-03 22:00:00,1,0.6682514814814815,0.6682514814814815,0.6682514814814815,0.0,0.8333333333333334,11.661111111111111
kpx_group_2,scada_under_label,2022-12-04 01:00:00,2022-12-04 01:00:00,1,0.6671257407407408,0.6671257407407408,0.7921257407407408,0.125,0.8333333333333334,15.727777777777776
kpx_group_1,scada_zero_label_positive,2023-12-08 03:00:00,2023-12-08 03:00:00,1,0.6655731018518519,0.6655731018518519,0.6655731018518519,0.0,0.8333333333333334,10.634666666666666
kpx_group_1,scada_zero_label_positive,2022-08-15 10:00:00,2022-08-15 10:00:00,1,0.6649035185185185,0.6649035185185185,0.6649035185185185,0.0,0.8333333333333334,13.191666666666668
kpx_group_1,scada_zero_label_positive,2023-08-03 01:00:00,2023-08-03 01:00:00,1,0.6582075925925925,0.6582075925925925,0.6582075925925925,0.0,0.8333333333333334,10.144
kpx_group_2,scada_under_label,2024-03-15 08:00:00,2024-03-15 08:00:00,1,0.6581281481481481,0.6581281481481481,0.8075262962962962,0.1493981481481481,0.8611111111111112,16.4465
kpx_group_1,scada_zero_label_positive,2022-12-23 16:00:00,2022-12-23 16:00:00,1,0.651511712962963,0.651511712962963,0.651511712962963,0.0,0.6666666666666666,16.574388888888887
kpx_group_2,scada_under_label,2024-03-17 03:00:00,2024-03-17 03:00:00,1,0.6464722222222221,0.6464722222222221,0.7760555555555555,0.1295833333333333,0.8333333333333334,17.60672222222222
kpx_group_1,scada_zero_label_positive,2022-12-23 14:00:00,2022-12-23 14:00:00,1,0.6461549537037037,0.6461549537037037,0.6461549537037037,0.0,0.6666666666666666,15.154555555555556
kpx_group_2,scada_under_label,2024-12-08 06:00:00,2024-12-08 06:00:00,1,0.6439356944444444,0.6439356944444444,0.79949125,0.1555555555555555,0.8611111111111112,13.541694444444444
kpx_group_2,scada_zero_label_positive,2022-05-07 05:00:00,2022-05-07 05:00:00,1,0.6434766203703703,0.6434766203703703,0.6434766203703703,0.0,0.8333333333333334,10.916666666666666
kpx_group_1,scada_zero_label_positive,2023-01-20 11:00:00,2023-01-20 11:00:00,1,0.6421374074074074,0.6421374074074074,0.6421374074074074,0.0,0.7222222222222222,16.530166666666666
kpx_group_1,scada_zero_label_positive,2022-11-30 06:00:00,2022-11-30 06:00:00,1,0.6414678240740741,0.6414678240740741,0.6414678240740741,0.0,0.8333333333333334,12.783333333333331
kpx_group_2,scada_under_label,2022-08-09 05:00:00,2022-08-09 05:00:00,1,0.640479537037037,0.640479537037037,0.7840906481481481,0.1436111111111111,0.8611111111111112,13.469444444444443
kpx_group_1,scada_zero_label_positive,2022-12-23 06:00:00,2022-12-23 06:00:00,1,0.6387894907407407,0.6387894907407407,0.6387894907407407,0.0,0.6666666666666666,14.399083333333335
kpx_group_1,scada_zero_label_positive,2023-11-18 00:00:00,2023-11-18 00:00:00,1,0.6387894907407407,0.6387894907407407,0.6387894907407407,0.0,0.8333333333333334,10.67861111111111
kpx_group_1,scada_zero_label_positive,2023-06-28 21:00:00,2023-06-28 21:00:00,1,0.6374502777777777,0.6374502777777777,0.6374502777777777,0.0,0.8333333333333334,9.96375
kpx_group_2,scada_zero_label_positive,2024-11-29 21:00:00,2024-11-29 21:00:00,1,0.6347719444444445,0.6347719444444445,0.6347719444444445,0.0,0.6666666666666666,13.805083333333334
kpx_group_2,scada_zero_label_positive,2023-01-30 00:00:00,2023-01-30 00:00:00,1,0.6294151851851852,0.6294151851851852,0.6294151851851852,0.0,0.8333333333333334,12.3835
kpx_group_1,scada_zero_label_positive,2022-12-23 09:00:00,2022-12-23 09:00:00,1,0.6267368518518518,0.6267368518518518,0.6267368518518518,0.0,0.6666666666666666,15.255416666666669
kpx_group_1,scada_zero_label_positive,2023-01-13 05:00:00,2023-01-13 05:00:00,1,0.6193713425925926,0.6193713425925926,0.6193713425925926,0.0,0.8333333333333334,11.100083333333332
kpx_group_2,scada_zero_label_positive,2022-08-19 10:00:00,2022-08-19 10:00:00,1,0.6187017592592593,0.6187017592592593,0.6187017592592593,0.0,0.6944444444444443,13.247222222222222
kpx_group_2,scada_under_label,2022-12-22 01:00:00,2022-12-22 01:00:00,1,0.6173352777777777,0.6173352777777777,0.7552982407407407,0.1379629629629629,0.8611111111111112,12.881833333333333
kpx_group_1,scada_zero_label_positive,2023-08-10 12:00:00,2023-08-10 12:00:00,1,0.6133450462962963,0.6133450462962963,0.6133450462962963,0.0,0.8055555555555557,13.04302777777778
kpx_group_1,scada_zero_label_positive,2023-08-03 23:00:00,2023-08-03 23:00:00,1,0.61133625,0.61133625,0.61133625,0.0,0.8333333333333334,10.074333333333334
kpx_group_2,scada_zero_label_positive,2024-12-23 17:00:00,2024-12-23 17:00:00,1,0.6079882870370371,0.6079882870370371,0.6079882870370371,0.0,0.8333333333333334,10.542888888888887
kpx_group_2,scada_under_label,2022-06-29 04:00:00,2022-06-29 04:00:00,1,0.6062051851851851,0.6062051851851851,0.7445848148148148,0.1383796296296296,0.8611111111111112,13.755555555555556
kpx_group_1,scada_zero_label_positive,2022-08-09 08:00:00,2022-08-09 08:00:00,1,0.605979537037037,0.605979537037037,0.605979537037037,0.0,0.8333333333333334,10.644444444444444
kpx_group_1,scada_zero_label_positive,2023-11-06 13:00:00,2023-11-06 13:00:00,1,0.605979537037037,0.605979537037037,0.605979537037037,0.0,0.6944444444444445,17.388722222222224
kpx_group_2,scada_zero_label_positive,2023-01-30 02:00:00,2023-01-30 02:00:00,1,0.6039707407407408,0.6039707407407408,0.6039707407407408,0.0,0.8333333333333334,12.212083333333332
kpx_group_1,scada_zero_label_positive,2022-05-18 07:00:00,2022-05-18 07:00:00,1,0.6033011574074074,0.6033011574074074,0.6033011574074074,0.0,0.7222222222222222,10.286111111111111
kpx_group_1,scada_zero_label_positive,2023-08-29 18:00:00,2023-08-29 18:00:00,1,0.5999531944444444,0.5999531944444444,0.5999531944444444,0.0,0.8333333333333334,9.868222222222222
kpx_group_2,scada_zero_label_positive,2024-12-23 19:00:00,2024-12-23 19:00:00,1,0.5939268981481481,0.5939268981481481,0.5939268981481481,0.0,0.8333333333333334,9.872666666666667
kpx_group_3,scada_under_label,2024-01-14 14:00:00,2024-01-14 14:00:00,1,0.5813859523809524,0.5813859523809524,0.8953383333333333,0.3139523809523809,0.8666666666666667,11.794333291666666
kpx_group_2,scada_under_label,2022-03-05 15:00:00,2022-03-05 15:00:00,1,0.5779498148148149,0.5779498148148149,0.6776257407407408,0.0996759259259259,0.8333333333333334,11.083333333333334
kpx_group_2,scada_under_label,2023-11-18 04:00:00,2023-11-18 04:00:00,1,0.5746037962962963,0.5746037962962963,0.6916871296296296,0.1170833333333333,0.8333333333333334,13.081333333333331
kpx_group_2,scada_zero_label_positive,2023-01-29 15:00:00,2023-01-29 15:00:00,1,0.5718304166666667,0.5718304166666667,0.5718304166666667,0.0,0.8333333333333334,10.982805555555556
kpx_group_1,scada_zero_label_positive,2024-10-30 07:00:00,2024-10-30 07:00:00,1,0.5684824537037036,0.5684824537037036,0.5684824537037036,0.0,0.8333333333333334,8.943972222222223
kpx_group_1,scada_zero_label_positive,2024-01-08 12:00:00,2024-01-08 12:00:00,1,0.5671432870370371,0.5671432870370371,0.5671432870370371,0.0,0.8333333333333334,9.05188888888889
kpx_group_1,scada_under_label,2024-03-15 16:00:00,2024-03-15 16:00:00,1,0.5639819907407407,0.5639819907407407,0.6722690277777778,0.108287037037037,0.8333333333333334,12.750861111111112
kpx_group_1,scada_zero_label_positive,2022-12-15 17:00:00,2022-12-15 17:00:00,1,0.5637953240740741,0.5637953240740741,0.5637953240740741,0.0,0.6666666666666666,10.439527777777776
kpx_group_1,scada_zero_label_positive,2022-02-21 15:00:00,2022-02-21 15:00:00,1,0.5624561574074074,0.5624561574074074,0.5624561574074074,0.0,0.6666666666666666,10.497222222222222
kpx_group_2,scada_zero_label_positive,2024-07-04 00:00:00,2024-07-04 00:00:00,1,0.5577690277777778,0.5577690277777778,0.5577690277777778,0.0,0.8333333333333334,12.651666666666666
kpx_group_1,scada_zero_label_positive,2022-08-16 05:00:00,2022-08-16 05:00:00,1,0.5570993981481481,0.5570993981481481,0.5570993981481481,0.0,0.6666666666666666,11.988888888888887
kpx_group_2,scada_zero_label_positive,2022-01-31 08:00:00,2022-01-31 08:00:00,1,0.5550906481481481,0.5550906481481481,0.5550906481481481,0.0,0.8333333333333334,8.483333333333334
kpx_group_1,scada_under_label,2022-08-16 01:00:00,2022-08-16 01:00:00,1,0.5536803240740741,0.5536803240740741,0.681643287037037,0.1279629629629629,0.7777777777777778,14.65
kpx_group_1,scada_under_label,2022-08-09 09:00:00,2022-08-09 09:00:00,1,0.5523537962962963,0.5523537962962963,0.6662426851851853,0.1138888888888888,0.8333333333333334,12.1
kpx_group_2,scada_zero_label_positive,2024-11-29 19:00:00,2024-11-29 19:00:00,1,0.5510731018518519,0.5510731018518519,0.5510731018518519,0.0,0.6666666666666666,11.29413888888889
kpx_group_2,scada_zero_label_positive,2022-04-17 07:00:00,2022-04-17 07:00:00,1,0.5437075925925926,0.5437075925925926,0.5437075925925926,0.0,0.8333333333333334,8.436111111111112
kpx_group_1,scada_under_label,2022-12-23 15:00:00,2022-12-23 15:00:00,1,0.5408455092592593,0.5408455092592593,0.6495029166666667,0.1086574074074074,0.6666666666666666,15.67761111111111
kpx_group_1,scada_zero_label_positive,2022-08-08 11:00:00,2022-08-08 11:00:00,1,0.5376812962962962,0.5376812962962962,0.5376812962962962,0.0,0.6666666666666666,11.733333333333334
kpx_group_2,scada_zero_label_positive,2023-11-14 09:00:00,2023-11-14 09:00:00,1,0.5363420833333333,0.5363420833333333,0.5363420833333333,0.0,0.6666666666666666,11.05238888888889
kpx_group_1,scada_under_label,2022-12-23 13:00:00,2022-12-23 13:00:00,1,0.529622824074074,0.529622824074074,0.6387894907407407,0.1091666666666666,0.6666666666666666,14.563388888888888
kpx_group_1,scada_under_label,2022-02-21 16:00:00,2022-02-21 16:00:00,1,0.529373287037037,0.529373287037037,0.6367806944444444,0.1074074074074074,0.6666666666666666,11.727777777777776
kpx_group_2,scada_zero_label_positive,2023-07-06 16:00:00,2023-07-06 16:00:00,1,0.5289766203703704,0.5289766203703704,0.5289766203703704,0.0,0.6666666666666666,10.00088888888889
kpx_group_1,scada_under_label,2024-02-13 17:00:00,2024-02-13 17:00:00,1,0.5277256481481482,0.5277256481481482,0.8383275,0.3106018518518518,0.888888888888889,16.118638888888892
kpx_group_2,scada_under_label,2024-12-28 17:00:00,2024-12-28 17:00:00,1,0.5272772685185184,0.5272772685185184,0.8416754166666666,0.3143981481481481,0.888888888888889,13.43302777777778
kpx_group_1,scada_zero_label_positive,2022-05-14 14:00:00,2022-05-14 14:00:00,1,0.5242894907407407,0.5242894907407407,0.5242894907407407,0.0,0.8333333333333334,10.216666666666669
kpx_group_2,scada_zero_label_positive,2023-08-10 13:00:00,2023-08-10 13:00:00,1,0.5242894907407407,0.5242894907407407,0.5242894907407407,0.0,0.8333333333333334,8.46813888888889
kpx_group_1,scada_zero_label_positive,2022-12-15 15:00:00,2022-12-15 15:00:00,1,0.5236198611111111,0.5236198611111111,0.5236198611111111,0.0,0.6666666666666666,10.355555555555556
kpx_group_1,scada_zero_label_positive,2022-09-04 23:00:00,2022-09-04 23:00:00,1,0.5229502777777778,0.5229502777777778,0.5229502777777778,0.0,0.8333333333333334,9.808333333333334
kpx_group_1,scada_under_label,2022-12-23 05:00:00,2022-12-23 05:00:00,1,0.5214127777777777,0.5214127777777777,0.6267368518518518,0.105324074074074,0.6666666666666666,13.129416666666666
kpx_group_1,scada_zero_label_positive,2022-12-15 13:00:00,2022-12-15 13:00:00,1,0.5196023611111111,0.5196023611111111,0.5196023611111111,0.0,0.6666666666666666,10.825
kpx_group_2,scada_zero_label_positive,2022-09-19 17:00:00,2022-09-19 17:00:00,1,0.5189327314814814,0.5189327314814814,0.5189327314814814,0.0,0.8333333333333334,8.208333333333334
kpx_group_1,scada_zero_label_positive,2022-08-08 09:00:00,2022-08-08 09:00:00,1,0.5182631481481481,0.5182631481481481,0.5182631481481481,0.0,0.6666666666666666,11.625
kpx_group_1,scada_zero_label_positive,2022-11-16 05:00:00,2022-11-16 05:00:00,1,0.5175935648148149,0.5175935648148149,0.5175935648148149,0.0,0.8333333333333334,10.252777777777778
kpx_group_1,scada_under_label,2024-04-24 23:00:00,2024-04-24 23:00:00,1,0.5173499074074074,0.5173499074074074,0.6314239814814815,0.114074074074074,0.8333333333333334,9.909638888888889
kpx_group_2,scada_under_label,2024-01-11 20:00:00,2024-01-11 20:00:00,1,0.5173260185185184,0.5173260185185184,0.831631574074074,0.3143055555555555,0.888888888888889,15.509388888888887
kpx_group_1,scada_zero_label_positive,2022-12-16 03:00:00,2022-12-16 03:00:00,1,0.5169239814814816,0.5169239814814816,0.5169239814814816,0.0,0.6666666666666666,10.329611111111111
kpx_group_1,scada_zero_label_positive,2023-08-22 08:00:00,2023-08-22 08:00:00,1,0.5162543981481481,0.5162543981481481,0.5162543981481481,0.0,0.8333333333333334,9.668861111111111
kpx_group_2,scada_under_label,2022-11-28 20:00:00,2022-11-28 20:00:00,1,0.5153815740740739,0.5153815740740739,0.831631574074074,0.31625,0.888888888888889,14.825
kpx_group_2,scada_zero_label_positive,2024-03-11 14:00:00,2024-03-11 14:00:00,1,0.5149151851851852,0.5149151851851852,0.5149151851851852,0.0,0.8333333333333334,9.5935
kpx_group_1,scada_under_label,2022-02-21 19:00:00,2022-02-21 19:00:00,1,0.514741712962963,0.514741712962963,0.6193713425925926,0.1046296296296296,0.6666666666666666,11.791666666666666
kpx_group_1,scada_zero_label_positive,2022-09-23 13:00:00,2022-09-23 13:00:00,1,0.5135760185185185,0.5135760185185185,0.5135760185185185,0.0,0.8333333333333334,9.605555555555556
kpx_group_2,scada_zero_label_positive,2022-12-25 07:00:00,2022-12-25 07:00:00,1,0.5122368518518519,0.5122368518518519,0.5122368518518519,0.0,0.8055555555555557,9.858
kpx_group_1,scada_under_label,2022-05-19 00:00:00,2022-05-19 00:00:00,1,0.5120687037037037,0.5120687037037037,0.6327631481481482,0.1206944444444444,0.7222222222222222,11.683333333333335
kpx_group_2,scada_under_label,2022-04-05 05:00:00,2022-04-05 05:00:00,1,0.5087231944444444,0.5087231944444444,0.8102046759259258,0.3014814814814814,0.888888888888889,16.416666666666668
kpx_group_2,scada_zero_label_positive,2023-12-11 13:00:00,2023-12-11 13:00:00,1,0.5075497222222223,0.5075497222222223,0.5075497222222223,0.0,0.8333333333333334,10.025722222222225
kpx_group_1,scada_under_label,2024-07-03 20:00:00,2024-07-03 20:00:00,1,0.5071325462962962,0.5071325462962962,0.789447361111111,0.2823148148148148,0.8611111111111112,14.377638888888889
kpx_group_1,scada_under_label,2022-05-26 21:00:00,2022-05-26 21:00:00,1,0.5069166666666667,0.5069166666666667,0.6106666666666667,0.10375,0.8333333333333334,11.202777777777778
kpx_group_2,scada_under_label,2024-12-17 10:00:00,2024-12-17 10:00:00,1,0.5068113888888889,0.5068113888888889,0.6247280555555556,0.1179166666666666,0.8333333333333334,9.831166666666666
kpx_group_3,scada_under_label,2024-01-11 05:00:00,2024-01-11 05:00:00,1,0.5056511428571427,0.5056511428571427,1.0062225714285713,0.5005714285714286,0.9,14.493333333333332
kpx_group_1,scada_zero_label_positive,2022-08-11 18:00:00,2022-08-11 18:00:00,1,0.5001842129629629,0.5001842129629629,0.5001842129629629,0.0,0.8333333333333334,9.352777777777778
kpx_group_1,scada_under_label,2024-03-15 14:00:00,2024-03-15 14:00:00,1,0.4996140277777778,0.4996140277777778,0.7512806944444445,0.2516666666666666,0.8611111111111112,13.959916666666668
kpx_group_3,scada_under_label,2024-11-26 22:00:00,2024-11-26 22:00:00,1,0.4952029999999999,0.4952029999999999,0.995203,0.5,0.9,16.057333333333336
kpx_group_1,scada_zero_label_positive,2022-08-09 16:00:00,2022-08-09 16:00:00,1,0.4941579166666666,0.4941579166666666,0.4941579166666666,0.0,0.8333333333333334,9.425
kpx_group_1,scada_under_label,2022-04-06 03:00:00,2022-04-06 03:00:00,1,0.4936125925925925,0.4936125925925925,0.7445848148148148,0.2509722222222222,0.8333333333333334,11.594444444444443
kpx_group_1,scada_zero_label_positive,2022-07-31 19:00:00,2022-07-31 19:00:00,1,0.4935058333333333,0.4935058333333333,0.5229502777777778,0.0294444444444444,0.8333333333333334,9.372222222222222
kpx_group_1,scada_zero_label_positive,2022-07-14 03:00:00,2022-07-14 03:00:00,1,0.491479537037037,0.491479537037037,0.491479537037037,0.0,0.8333333333333334,9.461111111111112
kpx_group_1,scada_zero_label_positive,2024-07-06 14:00:00,2024-07-06 14:00:00,1,0.4888011574074073,0.4888011574074073,0.4888011574074073,0.0,0.6666666666666666,9.986472222222224
kpx_group_1,scada_under_label,2023-01-20 05:00:00,2023-01-20 05:00:00,1,0.4886520370370369,0.4886520370370369,0.8108742592592592,0.3222222222222222,0.8611111111111112,17.618555555555556
kpx_group_1,scada_under_label,2023-01-24 20:00:00,2023-01-24 20:00:00,1,0.4870794444444444,0.4870794444444444,0.6012924074074074,0.1142129629629629,0.8611111111111112,10.831027777777775
kpx_group_1,scada_under_label,2022-08-15 20:00:00,2022-08-15 20:00:00,1,0.4868581944444445,0.4868581944444445,0.7244970833333334,0.2376388888888889,0.8333333333333334,15.641666666666666
kpx_group_2,scada_zero_label_positive,2024-10-20 20:00:00,2024-10-20 20:00:00,1,0.4854531944444444,0.4854531944444444,0.4854531944444444,0.0,0.8333333333333334,8.77511111111111
kpx_group_2,scada_zero_label_positive,2023-08-03 22:00:00,2023-08-03 22:00:00,1,0.4834444444444444,0.4834444444444444,0.4834444444444444,0.0,0.8333333333333334,9.27613888888889
kpx_group_1,scada_under_label,2023-01-24 22:00:00,2023-01-24 22:00:00,1,0.482111111111111,0.482111111111111,0.7887777777777777,0.3066666666666666,0.888888888888889,12.54738888888889
kpx_group_2,scada_under_label,2024-11-29 20:00:00,2024-11-29 20:00:00,1,0.480381574074074,0.480381574074074,0.5771871296296296,0.0968055555555555,0.6666666666666666,11.78886111111111
kpx_group_2,scada_zero_label_positive,2022-05-27 15:00:00,2022-05-27 15:00:00,1,0.4800964814814815,0.4800964814814815,0.4800964814814815,0.0,0.8333333333333334,9.558333333333334
kpx_group_2,scada_under_label,2024-12-23 18:00:00,2024-12-23 18:00:00,1,0.4758762037037037,0.4758762037037037,0.7010613888888889,0.2251851851851851,0.8333333333333334,12.144333333333334
kpx_group_2,scada_under_label,2023-01-26 00:00:00,2023-01-26 00:00:00,1,0.4721101388888888,0.4721101388888888,0.7164619907407407,0.2443518518518518,0.888888888888889,10.81563888888889
kpx_group_2,scada_under_label,2023-11-22 08:00:00,2023-11-22 08:00:00,1,0.4713976388888888,0.4713976388888888,0.5872309722222222,0.1158333333333333,0.8611111111111112,9.893888888888888
kpx_group_1,scada_zero_label_positive,2022-05-26 20:00:00,2022-05-26 20:00:00,1,0.4700526388888889,0.4700526388888889,0.4700526388888889,0.0,0.8333333333333334,8.861111111111112
kpx_group_1,scada_under_label,2022-12-15 16:00:00,2022-12-15 16:00:00,1,0.4690233796296296,0.4690233796296296,0.5651344907407407,0.0961111111111111,0.6666666666666666,10.813888888888888
kpx_group_2,scada_under_label,2024-04-25 03:00:00,2024-04-25 03:00:00,1,0.4680516666666666,0.4680516666666666,0.7285146296296295,0.2604629629629629,0.888888888888889,11.665888888888889
kpx_group_3,scada_under_label,2024-01-14 10:00:00,2024-01-14 10:00:00,1,0.4668345714285715,0.4668345714285715,0.9435488571428572,0.4767142857142857,0.8666666666666667,15.330166666666663
kpx_group_3,scada_under_label,2024-12-23 10:00:00,2024-12-23 10:00:00,1,0.4668180476190476,0.4668180476190476,0.5668180476190476,0.1,0.6,11.233333333333334
kpx_group_1,scada_under_label,2022-12-23 10:00:00,2022-12-23 10:00:00,1,0.4660424074074074,0.4660424074074074,0.5631257407407407,0.0970833333333333,0.6666666666666666,13.318194444444444
kpx_group_3,scada_under_label,2023-12-22 19:00:00,2023-12-22 19:00:00,1,0.4647057619047619,0.4647057619047619,0.9380390952380953,0.4733333333333333,0.9,11.363999933333334
kpx_group_2,scada_zero_label_positive,2022-08-03 20:00:00,2022-08-03 20:00:00,1,0.4640262962962963,0.4640262962962963,0.4640262962962963,0.0,0.8333333333333334,8.891666666666666
kpx_group_1,scada_under_label,2022-01-01 01:00:00,2022-01-01 01:00:00,1,0.4629361574074074,0.4629361574074074,0.5557602314814815,0.092824074074074,1.0,8.233333333333334
kpx_group_1,scada_zero_label_positive,2022-08-16 07:00:00,2022-08-16 07:00:00,1,0.4626871296296296,0.4626871296296296,0.4626871296296296,0.0,0.6666666666666666,9.716666666666669
kpx_group_1,scada_zero_label_positive,2022-08-09 20:00:00,2022-08-09 20:00:00,1,0.4586695833333333,0.4586695833333333,0.4586695833333333,0.0,0.8333333333333334,8.950000000000001
kpx_group_1,scada_zero_label_positive,2022-06-26 18:00:00,2022-06-26 18:00:00,1,0.4579999999999999,0.4579999999999999,0.4579999999999999,0.0,0.7222222222222222,9.541666666666666
kpx_group_1,scada_under_label,2022-08-15 09:00:00,2022-08-15 09:00:00,1,0.4565121759259259,0.4565121759259259,0.6876695833333334,0.2311574074074074,0.8333333333333334,13.233333333333334
kpx_group_1,scada_zero_label_positive,2022-08-16 09:00:00,2022-08-16 09:00:00,1,0.4553216203703704,0.4553216203703704,0.4553216203703704,0.0,0.6666666666666666,9.658333333333331
kpx_group_1,scada_under_label,2023-08-03 00:00:00,2023-08-03 00:00:00,1,0.4551223148148148,0.4551223148148148,0.6789649074074074,0.2238425925925926,0.888888888888889,10.316305555555555
kpx_group_2,scada_under_label,2023-11-07 08:00:00,2023-11-07 08:00:00,1,0.4543923148148148,0.4543923148148148,0.5838830555555555,0.1294907407407407,0.7222222222222222,18.443638888888888
kpx_group_2,scada_zero_label_positive,2023-05-01 10:00:00,2023-05-01 10:00:00,1,0.4519737037037037,0.4519737037037037,0.4519737037037037,0.0,0.8333333333333334,7.979166666666667
kpx_group_2,scada_under_label,2022-03-26 01:00:00,2022-03-26 01:00:00,1,0.4516340277777777,0.4516340277777777,0.6943655092592592,0.2427314814814815,0.8611111111111112,12.291666666666666
kpx_group_2,scada_zero_label_positive,2023-02-16 23:00:00,2023-02-16 23:00:00,1,0.4452777777777778,0.4452777777777778,0.4452777777777778,0.0,0.8333333333333334,10.070083333333336
kpx_group_1,scada_under_label,2022-08-16 04:00:00,2022-08-16 04:00:00,1,0.4451710648148148,0.4451710648148148,0.5416988425925926,0.0965277777777777,0.6666666666666666,11.766666666666666
kpx_group_1,scada_under_label,2022-08-16 06:00:00,2022-08-16 06:00:00,1,0.4398167592592592,0.4398167592592592,0.5262982407407407,0.0864814814814814,0.6666666666666666,10.844444444444443
kpx_group_1,scada_under_label,2023-11-06 12:00:00,2023-11-06 12:00:00,1,0.4373888888888889,0.4373888888888889,0.7251666666666667,0.2877777777777778,0.888888888888889,17.13013888888889
kpx_group_2,scada_under_label,2024-01-04 16:00:00,2024-01-04 16:00:00,1,0.4373499074074073,0.4373499074074073,0.6950350925925926,0.2576851851851852,0.7777777777777778,11.862083333333333
kpx_group_2,scada_under_label,2022-01-19 06:00:00,2022-01-19 06:00:00,1,0.4347812037037036,0.4347812037037036,0.6856608333333333,0.2508796296296296,0.888888888888889,9.94722222222222
kpx_group_1,scada_under_label,2022-05-26 19:00:00,2022-05-26 19:00:00,1,0.433017037037037,0.433017037037037,0.5149151851851852,0.0818981481481481,0.8611111111111112,9.447222222222225
kpx_group_2,scada_under_label,2022-05-07 04:00:00,2022-05-07 04:00:00,1,0.4319264351851852,0.4319264351851852,0.6977134722222222,0.265787037037037,0.888888888888889,11.180555555555555
kpx_group_2,scada_zero_label_positive,2023-11-24 12:00:00,2023-11-24 12:00:00,1,0.4312163888888888,0.4312163888888888,0.4312163888888888,0.0,0.8333333333333334,8.389972222222221
kpx_group_2,scada_zero_label_positive,2022-12-05 09:00:00,2022-12-05 09:00:00,1,0.4251900462962962,0.4251900462962962,0.4251900462962962,0.0,0.8333333333333334,7.647222222222222
kpx_group_1,scada_zero_label_positive,2022-12-24 02:00:00,2022-12-24 02:00:00,1,0.424520462962963,0.424520462962963,0.424520462962963,0.0,0.6666666666666666,9.572388888888888
kpx_group_1,scada_under_label,2022-10-10 21:00:00,2022-10-10 21:00:00,1,0.4221018518518518,0.4221018518518518,0.6742777777777778,0.2521759259259259,0.75,17.92222222222222
kpx_group_1,scada_under_label,2022-12-15 14:00:00,2022-12-15 14:00:00,1,0.4178499074074074,0.4178499074074074,0.5169239814814816,0.099074074074074,0.6666666666666666,10.544444444444444
kpx_group_2,scada_zero_label_positive,2024-06-18 02:00:00,2024-06-18 02:00:00,1,0.4178245833333333,0.4178245833333333,0.4178245833333333,0.0,0.8333333333333334,7.857222222222222
kpx_group_1,scada_zero_label_positive,2022-08-04 11:00:00,2022-08-04 11:00:00,1,0.4164853703703704,0.4164853703703704,0.4164853703703704,0.0,0.8333333333333334,7.627777777777777
kpx_group_1,scada_under_label,2022-08-08 10:00:00,2022-08-08 10:00:00,1,0.4149244444444445,0.4149244444444445,0.502192962962963,0.0872685185185185,0.6666666666666666,11.080555555555556
kpx_group_2,scada_under_label,2023-03-03 23:00:00,2023-03-03 23:00:00,1,0.4142733796296295,0.4142733796296295,0.6669122685185185,0.2526388888888889,0.888888888888889,9.589
kpx_group_2,scada_zero_label_positive,2022-05-01 05:00:00,2022-05-01 05:00:00,1,0.412467824074074,0.412467824074074,0.412467824074074,0.0,0.8333333333333334,7.397222222222223
kpx_group_1,scada_under_label,2022-08-08 21:00:00,2022-08-08 21:00:00,1,0.4104619907407407,0.4104619907407407,0.6274064351851851,0.2169444444444444,0.8333333333333334,11.3
kpx_group_1,scada_under_label,2022-08-08 08:00:00,2022-08-08 08:00:00,1,0.4104361574074074,0.4104361574074074,0.4921491203703704,0.0817129629629629,0.6666666666666666,11.300000000000002
kpx_group_1,scada_under_label,2022-08-16 08:00:00,2022-08-16 08:00:00,1,0.4082943518518518,0.4082943518518518,0.4787573148148148,0.0704629629629629,0.6666666666666666,10.172222222222222
kpx_group_1,scada_under_label,2023-02-16 20:00:00,2023-02-16 20:00:00,1,0.4063801388888888,0.4063801388888888,0.4941579166666666,0.0877777777777777,0.6666666666666666,11.748222222222225
kpx_group_1,scada_under_label,2024-07-05 23:00:00,2024-07-05 23:00:00,1,0.4003537962962963,0.4003537962962963,0.6153537962962963,0.215,0.8611111111111112,9.931277777777778
kpx_group_1,scada_zero_label_positive,2022-08-01 10:00:00,2022-08-01 10:00:00,1,0.3990760185185185,0.3990760185185185,0.3990760185185185,0.0,0.8333333333333334,8.619444444444445
kpx_group_2,scada_under_label,2024-03-15 21:00:00,2024-03-15 21:00:00,1,0.3987972685185185,0.3987972685185185,0.7720380092592593,0.3732407407407407,0.9166666666666666,12.447361111111112
kpx_group_1,scada_zero_label_positive,2024-08-03 10:00:00,2024-08-03 10:00:00,1,0.3970672685185185,0.3970672685185185,0.3970672685185185,0.0,0.8333333333333334,8.046166666666666
kpx_group_2,scada_under_label,2024-01-05 23:00:00,2024-01-05 23:00:00,1,0.396319675925926,0.396319675925926,0.8450233796296297,0.4487037037037037,0.9166666666666666,13.70075
kpx_group_2,scada_zero_label_positive,2023-04-26 14:00:00,2023-04-26 14:00:00,1,0.3943888888888888,0.3943888888888888,0.3943888888888888,0.0,0.8333333333333334,8.287194444444445
kpx_group_2,scada_under_label,2023-01-30 01:00:00,2023-01-30 01:00:00,1,0.3914303240740741,0.3914303240740741,0.5925877314814815,0.2011574074074074,0.8333333333333334,11.703527777777778
kpx_group_2,scada_under_label,2022-04-05 03:00:00,2022-04-05 03:00:00,1,0.3871705555555555,0.3871705555555555,0.8744853703703703,0.4873148148148148,0.9166666666666666,17.894444444444446
kpx_group_2,scada_zero_label_positive,2022-11-03 05:00:00,2022-11-03 05:00:00,1,0.3863537962962963,0.3863537962962963,0.3863537962962963,0.0,0.8333333333333334,7.405555555555555
kpx_group_3,scada_under_label,2023-12-02 17:00:00,2023-12-02 17:00:00,1,0.3845804285714285,0.3845804285714285,0.9311518571428572,0.5465714285714286,0.9333333333333332,14.711666666666666
kpx_group_2,scada_zero_label_positive,2022-11-03 07:00:00,2022-11-03 07:00:00,1,0.3843450462962962,0.3843450462962962,0.3843450462962962,0.0,0.8333333333333334,7.308333333333333
kpx_group_1,scada_under_label,2022-09-06 22:00:00,2022-09-06 22:00:00,1,0.3824868518518519,0.3824868518518519,0.804847962962963,0.4223611111111111,0.9166666666666666,13.522222222222224
kpx_group_2,scada_under_label,2022-12-03 23:00:00,2022-12-03 23:00:00,1,0.3815599537037037,0.3815599537037037,0.7961432870370371,0.4145833333333333,0.9166666666666666,14.722222222222223
kpx_group_2,scada_under_label,2024-12-02 19:00:00,2024-12-02 19:00:00,1,0.3794483333333333,0.3794483333333333,0.798152037037037,0.4187037037037037,0.888888888888889,13.678305555555555
kpx_group_2,scada_under_label,2022-01-01 01:00:00,2022-01-01 01:00:00,1,0.3788537962962963,0.3788537962962963,0.4499649074074074,0.0711111111111111,1.0,7.8
kpx_group_1,scada_under_label,2022-12-03 08:00:00,2022-12-03 08:00:00,1,0.37775875,0.37775875,0.8162309722222222,0.4384722222222222,0.9166666666666666,12.491666666666667
kpx_group_2,scada_under_label,2022-12-25 10:00:00,2022-12-25 10:00:00,1,0.3756003703703704,0.3756003703703704,0.4640262962962963,0.0884259259259259,0.8333333333333334,7.885499999999999
kpx_group_2,scada_under_label,2023-07-05 13:00:00,2023-07-05 13:00:00,1,0.3728493981481481,0.3728493981481481,0.7988216203703703,0.4259722222222222,0.9166666666666666,16.852333333333334
kpx_group_3,scada_under_label,2024-12-08 09:00:00,2024-12-08 09:00:00,1,0.3714656666666666,0.3714656666666666,0.723846619047619,0.3523809523809524,0.7000000000000001,11.505333299999998
kpx_group_2,scada_under_label,2022-04-11 04:00:00,2022-04-11 04:00:00,1,0.3710799074074074,0.3710799074074074,0.8028391666666667,0.4317592592592592,0.9166666666666666,12.105555555555554
kpx_group_2,scada_under_label,2024-03-11 15:00:00,2024-03-11 15:00:00,1,0.3700911111111111,0.3700911111111111,0.4640262962962963,0.0939351851851851,0.8611111111111112,8.988750000000001
kpx_group_2,scada_under_label,2022-03-14 19:00:00,2022-03-14 19:00:00,1,0.3691881018518519,0.3691881018518519,0.8276140277777778,0.4584259259259259,0.9166666666666666,13.938888888888888
kpx_group_1,scada_zero_label_positive,2023-12-18 04:00:00,2023-12-18 04:00:00,1,0.3642573148148147,0.3642573148148147,0.3642573148148147,0.0,0.7222222222222222,12.139416666666667
kpx_group_2,scada_under_label,2022-07-31 21:00:00,2022-07-31 21:00:00,1,0.3629619907407407,0.3629619907407407,0.5637953240740741,0.2008333333333333,0.8888888888888888,9.172222222222222
kpx_group_1,scada_under_label,2022-10-03 23:00:00,2022-10-03 23:00:00,1,0.3588265277777778,0.3588265277777778,0.7151228240740741,0.3562962962962963,0.8333333333333334,12.661111111111111
kpx_group_2,scada_under_label,2022-11-06 05:00:00,2022-11-06 05:00:00,1,0.3588094444444444,0.3588094444444444,0.7218187037037037,0.3630092592592592,0.9166666666666666,10.258333333333333
kpx_group_2,scada_under_label,2024-01-06 01:00:00,2024-01-06 01:00:00,1,0.3570813888888888,0.3570813888888888,0.8095350925925925,0.4524537037037037,0.9166666666666666,13.537527777777775
kpx_group_2,scada_under_label,2022-01-14 09:00:00,2022-01-14 09:00:00,1,0.35574125,0.35574125,0.4178245833333333,0.0620833333333333,0.8611111111111112,8.130555555555555
kpx_group_1,scada_zero_label_positive,2022-08-10 02:00:00,2022-08-10 02:00:00,1,0.3548830555555555,0.3548830555555555,0.3548830555555555,0.0,0.8333333333333334,8.269444444444444
kpx_group_1,scada_under_label,2023-12-08 02:00:00,2023-12-08 02:00:00,1,0.3543543055555556,0.3543543055555556,0.5624561574074074,0.2081018518518518,0.888888888888889,9.428361111111112
kpx_group_2,scada_zero_label_positive,2024-10-24 02:00:00,2024-10-24 02:00:00,1,0.3542134722222222,0.3542134722222222,0.3542134722222222,0.0,0.8333333333333334,7.229555555555556
kpx_group_1,scada_under_label,2022-11-16 04:00:00,2022-11-16 04:00:00,1,0.3534366666666666,0.3534366666666666,0.6046403703703703,0.2512037037037037,0.888888888888889,10.391666666666666
kpx_group_2,scada_zero_label_positive,2023-10-01 23:00:00,2023-10-01 23:00:00,1,0.3528742592592592,0.3528742592592592,0.3528742592592592,0.0,0.8333333333333334,6.79688888888889
kpx_group_2,scada_under_label,2022-10-07 01:00:00,2022-10-07 01:00:00,1,0.3520380092592593,0.3520380092592593,0.5175935648148149,0.1655555555555555,0.7222222222222222,8.369444444444445
kpx_group_3,scada_under_label,2023-11-23 02:00:00,2023-11-23 02:00:00,1,0.3510255714285715,0.3510255714285715,0.9807398571428572,0.6297142857142857,0.9333333333333332,15.02
kpx_group_2,scada_under_label,2022-10-20 04:00:00,2022-10-20 04:00:00,1,0.3503026388888889,0.3503026388888889,0.4446081944444444,0.0943055555555555,0.8611111111111112,7.758333333333334
kpx_group_3,scada_under_label,2024-11-27 01:00:00,2024-11-27 01:00:00,1,0.3492952380952381,0.3492952380952381,0.9683428571428572,0.6190476190476191,0.9333333333333332,14.732666666666669
kpx_group_3,scada_under_label,2024-05-22 18:00:00,2024-05-22 18:00:00,1,0.3477664285714286,0.3477664285714286,0.4001473809523809,0.0523809523809523,0.8333333333333334,7.838249966666667
kpx_group_2,scada_under_label,2022-01-29 09:00:00,2022-01-29 09:00:00,1,0.3472334259259259,0.3472334259259259,0.7044093518518518,0.3571759259259259,0.9166666666666666,10.469444444444443
kpx_group_1,scada_under_label,2022-12-15 12:00:00,2022-12-15 12:00:00,1,0.3463825462962963,0.3463825462962963,0.4205029166666666,0.0741203703703703,0.6666666666666666,9.255555555555556
kpx_group_1,low_online_label_positive,2022-10-11 02:00:00,2022-10-11 02:00:00,1,0.3460136574074074,0.3460136574074074,0.4017543981481482,0.0557407407407407,0.5,13.89722222222222
kpx_group_2,scada_under_label,2024-03-04 00:00:00,2024-03-04 00:00:00,1,0.3455146296296297,0.3455146296296297,0.7794035185185186,0.4338888888888889,0.9166666666666666,13.527194444444444
kpx_group_2,scada_zero_label_positive,2022-01-19 22:00:00,2022-01-19 22:00:00,1,0.3435,0.3435,0.3435,0.0,0.8333333333333334,7.422222222222222
kpx_group_2,scada_under_label,2024-12-05 09:00:00,2024-12-05 09:00:00,1,0.3432324537037037,0.3432324537037037,0.7211491203703704,0.3779166666666667,0.888888888888889,12.735527777777778
kpx_group_1,scada_zero_label_positive,2022-08-11 09:00:00,2022-08-11 09:00:00,1,0.340152037037037,0.340152037037037,0.340152037037037,0.0,0.8333333333333334,8.700000000000001
kpx_group_3,scada_under_label,2024-01-17 05:00:00,2024-01-17 05:00:00,1,0.3390977619047619,0.3390977619047619,0.971097761904762,0.632,0.9333333333333332,11.735333333333337
kpx_group_3,scada_under_label,2024-01-11 03:00:00,2024-01-11 03:00:00,1,0.338936857142857,0.338936857142857,1.0062225714285713,0.6672857142857143,0.9333333333333332,13.807666666666668
kpx_group_1,scada_under_label,2022-08-08 04:00:00,2022-08-08 04:00:00,1,0.3379195833333333,0.3379195833333333,0.4077806944444444,0.0698611111111111,0.6666666666666666,9.805555555555555
kpx_group_2,scada_under_label,2023-11-18 02:00:00,2023-11-18 02:00:00,1,0.3369975462962963,0.3369975462962963,0.6970438425925927,0.3600462962962963,0.9166666666666666,12.398805555555557
kpx_group_1,scada_under_label,2022-06-29 03:00:00,2022-06-29 03:00:00,1,0.3344824537037037,0.3344824537037037,0.7211491203703704,0.3866666666666666,0.9166666666666666,11.97222222222222
kpx_group_3,scada_under_label,2023-12-26 03:00:00,2023-12-26 03:00:00,1,0.3337303333333333,0.3337303333333333,0.9938255714285714,0.6600952380952381,0.9333333333333332,15.830666666666666
kpx_group_3,scada_under_label,2024-01-14 08:00:00,2024-01-14 08:00:00,1,0.3325619047619047,0.3325619047619047,0.9945142857142856,0.661952380952381,0.9333333333333332,13.170000000000002
kpx_group_3,scada_under_label,2023-11-19 04:00:00,2023-11-19 04:00:00,1,0.3323654285714285,0.3323654285714285,0.940794,0.6084285714285714,0.9333333333333332,12.87
kpx_group_3,scada_under_label,2024-03-11 02:00:00,2024-03-11 02:00:00,1,0.3312320952380952,0.3312320952380952,0.9931368571428572,0.6619047619047619,0.9333333333333332,12.460666666666668
kpx_group_3,scada_under_label,2023-11-18 22:00:00,2023-11-18 22:00:00,1,0.3276862380952381,0.3276862380952381,0.9924481428571428,0.6647619047619048,0.9333333333333332,15.051666666666668
kpx_group_3,scada_under_label,2024-11-28 03:00:00,2024-11-28 03:00:00,1,0.327551857142857,0.327551857142857,0.970409,0.6428571428571429,0.9333333333333332,13.8593333
kpx_group_2,scada_under_label,2024-04-24 22:00:00,2024-04-24 22:00:00,1,0.3257529166666667,0.3257529166666667,0.6495029166666667,0.32375,0.8333333333333334,11.228694444444445
kpx_group_2,scada_under_label,2022-03-25 23:00:00,2022-03-25 23:00:00,1,0.3246583796296295,0.3246583796296295,0.4794268981481481,0.1547685185185185,0.888888888888889,8.822222222222223
kpx_group_1,scada_under_label,2024-08-03 09:00:00,2024-08-03 09:00:00,1,0.3244907407407407,0.3244907407407407,0.5088888888888888,0.1843981481481481,0.888888888888889,8.788277777777777
kpx_group_3,scada_under_label,2024-11-04 00:00:00,2024-11-04 00:00:00,1,0.3243448571428571,0.3243448571428571,0.986249619047619,0.6619047619047619,0.9333333333333332,14.606000000000002
kpx_group_2,scada_under_label,2022-12-25 06:00:00,2022-12-25 06:00:00,1,0.3242475462962962,0.3242475462962962,0.6588771759259259,0.3346296296296296,0.9166666666666666,10.401055555555557
kpx_group_2,scada_zero_label_positive,2023-08-10 17:00:00,2023-08-10 17:00:00,1,0.3240818518518518,0.3240818518518518,0.3240818518518518,0.0,0.611111111111111,7.559750000000001
kpx_group_1,scada_zero_label_positive,2023-12-18 00:00:00,2023-12-18 00:00:00,1,0.3234122685185185,0.3234122685185185,0.3234122685185185,0.0,0.3333333333333333,11.102583333333332
kpx_group_3,scada_under_label,2024-03-10 22:00:00,2024-03-10 22:00:00,1,0.3233603809523809,0.3233603809523809,0.961455619047619,0.638095238095238,0.9333333333333332,12.509
kpx_group_1,scada_zero_label_positive,2022-06-25 18:00:00,2022-06-25 18:00:00,1,0.3220731018518519,0.3220731018518519,0.3220731018518519,0.0,0.6666666666666666,7.8805555555555555
kpx_group_2,scada_zero_label_positive,2024-11-20 09:00:00,2024-11-20 09:00:00,1,0.3220731018518519,0.3220731018518519,0.3220731018518519,0.0,0.8333333333333334,7.034694444444444
kpx_group_2,scada_under_label,2024-12-23 20:00:00,2024-12-23 20:00:00,1,0.3213869444444444,0.3213869444444444,0.6823128703703704,0.3609259259259259,0.888888888888889,10.486861111111113
kpx_group_2,scada_under_label,2022-08-03 19:00:00,2022-08-03 19:00:00,1,0.3211184259259259,0.3211184259259259,0.5423684259259259,0.22125,0.888888888888889,9.161111111111111
kpx_group_2,scada_zero_label_positive,2022-10-07 00:00:00,2022-10-07 00:00:00,1,0.3207339351851851,0.3207339351851851,0.3207339351851851,0.0,0.8055555555555557,6.772222222222222
kpx_group_1,scada_under_label,2022-03-23 17:00:00,2022-03-23 17:00:00,1,0.3195784722222222,0.3195784722222222,0.5289766203703704,0.2093981481481481,0.8333333333333334,8.174999999999999
kpx_group_2,scada_zero_label_positive,2022-05-14 01:00:00,2022-05-14 01:00:00,1,0.3173859722222222,0.3173859722222222,0.3173859722222222,0.0,0.6944444444444443,7.647222222222222
kpx_group_2,scada_under_label,2022-01-26 03:00:00,2022-01-26 03:00:00,1,0.3165706481481481,0.3165706481481481,0.3830058333333333,0.0664351851851851,0.6388888888888888,12.455555555555556
kpx_group_1,scada_zero_label_positive,2022-07-14 16:00:00,2022-07-14 16:00:00,1,0.3153771759259259,0.3153771759259259,0.3153771759259259,0.0,0.8333333333333334,6.986111111111111
kpx_group_3,scada_under_label,2023-11-29 02:00:00,2023-11-29 02:00:00,1,0.314394,0.314394,0.9015368571428573,0.5871428571428572,0.9333333333333332,11.415333333333336
kpx_group_1,scada_zero_label_positive,2022-12-17 02:00:00,2022-12-17 02:00:00,1,0.3126988425925926,0.3126988425925926,0.3126988425925926,0.0,0.6666666666666666,8.240527777777777
kpx_group_2,scada_under_label,2023-01-20 14:00:00,2023-01-20 14:00:00,1,0.3122305092592593,0.3122305092592593,0.6782953240740741,0.3660648148148148,0.9166666666666666,11.339611111111113
kpx_group_3,scada_zero_label_positive,2023-06-27 20:00:00,2023-06-27 20:00:00,1,0.3119909999999999,0.3119909999999999,0.3119909999999999,0.0,0.8000000000000002,7.286666666666666
kpx_group_3,scada_under_label,2024-02-09 19:00:00,2024-02-09 19:00:00,1,0.3109373333333333,0.3109373333333333,0.4545563809523809,0.1436190476190476,0.8333333333333334,8.041666583333333
kpx_group_2,scada_under_label,2022-09-07 08:00:00,2022-09-07 08:00:00,1,0.3106208796296296,0.3106208796296296,0.6468245833333334,0.3362037037037037,0.9166666666666666,9.488888888888887
kpx_group_1,scada_zero_label_positive,2022-06-30 06:00:00,2022-06-30 06:00:00,1,0.3093508796296296,0.3093508796296296,0.3093508796296296,0.0,0.8333333333333334,7.666666666666667
kpx_group_1,scada_zero_label_positive,2023-12-17 20:00:00,2023-12-17 20:00:00,1,0.3093508796296296,0.3093508796296296,0.3093508796296296,0.0,0.3888888888888888,11.694
kpx_group_2,scada_zero_label_positive,2024-04-01 07:00:00,2024-04-01 07:00:00,1,0.308011712962963,0.308011712962963,0.308011712962963,0.0,0.8333333333333334,6.587694444444445
kpx_group_1,scada_under_label,2023-06-28 20:00:00,2023-06-28 20:00:00,1,0.3074551851851851,0.3074551851851851,0.6809737037037037,0.3735185185185185,0.9166666666666666,10.134777777777778
kpx_group_2,scada_under_label,2023-04-02 07:00:00,2023-04-02 07:00:00,1,0.3060399537037037,0.3060399537037037,0.38233625,0.0762962962962962,0.8611111111111112,8.042361111111111
kpx_group_2,scada_under_label,2022-10-01 06:00:00,2022-10-01 06:00:00,1,0.3053440740740741,0.3053440740740741,0.4646959259259259,0.1593518518518518,0.8611111111111112,7.836111111111112
kpx_group_1,scada_under_label,2022-11-30 05:00:00,2022-11-30 05:00:00,1,0.3040453240740741,0.3040453240740741,0.6655731018518519,0.3615277777777778,0.9166666666666666,11.769444444444444
kpx_group_3,scada_under_label,2023-11-18 09:00:00,2023-11-18 09:00:00,1,0.3015624285714285,0.3015624285714285,0.9008481428571428,0.5992857142857143,0.9,14.072666666666668
kpx_group_1,scada_under_label,2024-07-08 15:00:00,2024-07-08 15:00:00,1,0.3014122685185185,0.3014122685185185,0.6541900462962963,0.3527777777777778,0.75,14.10552777777778
kpx_group_3,scada_under_label,2023-01-25 15:00:00,2023-01-25 15:00:00,1,0.2991829523809524,0.2991829523809524,0.619849619047619,0.3206666666666666,0.8000000000000002,9.3434166
kpx_group_2,scada_under_label,2022-04-07 20:00:00,2022-04-07 20:00:00,1,0.2990238888888888,0.2990238888888888,0.4740701851851852,0.1750462962962962,0.888888888888889,8.244444444444445
kpx_group_2,scada_under_label,2023-12-17 13:00:00,2023-12-17 13:00:00,1,0.2979766203703703,0.2979766203703703,0.3763099537037037,0.0783333333333333,0.75,13.220166666666666
kpx_group_2,scada_under_label,2023-01-20 09:00:00,2023-01-20 09:00:00,1,0.2955760185185185,0.2955760185185185,0.7552982407407407,0.4597222222222222,0.861111111111111,18.202
kpx_group_1,scada_under_label,2022-10-03 21:00:00,2022-10-03 21:00:00,1,0.2954278703703704,0.2954278703703704,0.5135760185185185,0.2181481481481481,0.888888888888889,9.641666666666667
kpx_group_1,scada_under_label,2022-01-13 03:00:00,2022-01-13 03:00:00,1,0.2949839351851852,0.2949839351851852,0.5879006018518519,0.2929166666666666,0.6666666666666666,11.008333333333333
kpx_group_1,scada_under_label,2024-07-04 18:00:00,2024-07-04 18:00:00,1,0.2943265277777778,0.2943265277777778,0.3461783796296296,0.0518518518518518,0.8611111111111112,7.728416666666667
kpx_group_2,scada_under_label,2022-12-27 19:00:00,2022-12-27 19:00:00,1,0.2937002777777777,0.2937002777777777,0.4466169444444444,0.1529166666666666,0.8333333333333334,8.215166666666667
kpx_group_3,scada_under_label,2024-01-11 11:00:00,2024-01-11 11:00:00,1,0.293051619047619,0.293051619047619,0.8209563809523809,0.5279047619047619,0.7333333333333334,16.182000000000002
kpx_group_3,scada_under_label,2024-02-12 13:00:00,2024-02-12 13:00:00,1,0.2929368571428571,0.2929368571428571,0.5482225714285714,0.2552857142857143,0.8666666666666667,8.023916558333333
kpx_group_3,scada_under_label,2024-03-15 21:00:00,2024-03-15 21:00:00,1,0.2928751904761905,0.2928751904761905,0.7500180476190477,0.4571428571428571,0.9,9.759666633333334
kpx_group_2,scada_under_label,2023-09-18 03:00:00,2023-09-18 03:00:00,1,0.2927636574074074,0.2927636574074074,0.3508655092592592,0.0581018518518518,0.8333333333333334,7.956916666666667
kpx_group_2,scada_under_label,2024-01-03 12:00:00,2024-01-03 12:00:00,1,0.2914849074074074,0.2914849074074074,0.5711608333333333,0.2796759259259259,0.8333333333333334,10.191722222222223
kpx_group_1,scada_under_label,2022-03-24 09:00:00,2022-03-24 09:00:00,1,0.2904614814814814,0.2904614814814814,0.5276374074074074,0.2371759259259259,0.7222222222222222,8.041666666666666
kpx_group_1,scada_zero_label_positive,2022-10-11 09:00:00,2022-10-11 09:00:00,1,0.2903703703703703,0.2903703703703703,0.3180555555555555,0.0276851851851851,0.6666666666666666,8.338888888888889
kpx_group_2,scada_under_label,2022-12-25 22:00:00,2022-12-25 22:00:00,1,0.2902607407407407,0.2902607407407407,0.579195925925926,0.2889351851851852,0.9166666666666666,9.223083333333332
kpx_group_2,scada_under_label,2023-12-17 09:00:00,2023-12-17 09:00:00,1,0.2899010648148148,0.2899010648148148,0.3568918055555555,0.0669907407407407,0.8333333333333334,14.710722222222222
kpx_group_2,scada_zero_label_positive,2023-10-18 06:00:00,2023-10-18 06:00:00,1,0.2872543981481481,0.2872543981481481,0.2872543981481481,0.0,0.8333333333333334,6.367750000000001
kpx_group_1,scada_zero_label_positive,2024-05-05 08:00:00,2024-05-05 08:00:00,1,0.2865848148148148,0.2865848148148148,0.2865848148148148,0.0,0.8333333333333334,6.967583333333333
kpx_group_2,scada_under_label,2022-07-08 09:00:00,2022-07-08 09:00:00,1,0.2865253240740741,0.2865253240740741,0.5825438425925926,0.2960185185185185,0.9166666666666666,10.172222222222222
kpx_group_3,scada_under_label,2023-12-26 11:00:00,2023-12-26 11:00:00,1,0.2848220476190475,0.2848220476190475,0.864345857142857,0.5795238095238096,0.9333333333333332,11.685999958333332
kpx_group_1,scada_under_label,2022-04-06 05:00:00,2022-04-06 05:00:00,1,0.2844122685185186,0.2844122685185186,0.5396900462962964,0.2552777777777777,0.8333333333333334,9.261111111111113
kpx_group_1,scada_under_label,2023-11-14 09:00:00,2023-11-14 09:00:00,1,0.2836759259259259,0.2836759259259259,0.8651111111111112,0.5814351851851852,0.9444444444444444,10.935444444444444
kpx_group_1,low_online_label_positive,2023-12-17 19:00:00,2023-12-17 19:00:00,1,0.2819970833333333,0.2819970833333333,0.3428304166666666,0.0608333333333333,0.4166666666666667,11.590638888888888
kpx_group_3,scada_under_label,2024-03-29 22:00:00,2024-03-29 22:00:00,1,0.2811117619047619,0.2811117619047619,0.900159380952381,0.6190476190476191,0.9,15.217
kpx_group_1,scada_zero_label_positive,2022-01-20 07:00:00,2022-01-20 07:00:00,1,0.2805584722222222,0.2805584722222222,0.2805584722222222,0.0,0.611111111111111,7.480555555555555
kpx_group_1,scada_zero_label_positive,2023-12-18 07:00:00,2023-12-18 07:00:00,1,0.2798888888888889,0.2798888888888889,0.2798888888888889,0.0,0.4444444444444444,10.7755
kpx_group_1,scada_under_label,2023-12-17 21:00:00,2023-12-17 21:00:00,1,0.2753328240740741,0.2753328240740741,0.3327865277777778,0.0574537037037037,0.6666666666666666,12.733305555555557
kpx_group_2,scada_under_label,2022-12-21 13:00:00,2022-12-21 13:00:00,1,0.2736866666666666,0.2736866666666666,0.642807037037037,0.3691203703703704,0.9166666666666666,9.883333333333336
kpx_group_1,low_online_label_positive,2022-08-19 14:00:00,2022-08-19 14:00:00,1,0.2731164814814815,0.2731164814814815,0.4486257407407408,0.1755092592592592,0.5555555555555555,10.58611111111111
kpx_group_2,scada_zero_label_positive,2024-12-19 03:00:00,2024-12-19 03:00:00,1,0.2725233796296296,0.2725233796296296,0.2725233796296296,0.0,0.8333333333333334,6.607638888888889
kpx_group_2,scada_under_label,2022-10-02 18:00:00,2022-10-02 18:00:00,1,0.2719785648148148,0.2719785648148148,0.30466375,0.0326851851851851,0.7777777777777778,6.986111111111111
kpx_group_1,scada_zero_label_positive,2022-08-01 01:00:00,2022-08-01 01:00:00,1,0.2705808796296296,0.2705808796296296,0.2899327314814814,0.0193518518518518,0.8333333333333334,7.180555555555556
kpx_group_3,scada_under_label,2024-05-17 07:00:00,2024-05-17 07:00:00,1,0.2703458571428571,0.2703458571428571,0.7989172857142857,0.5285714285714286,0.7333333333333334,15.268
kpx_group_3,scada_under_label,2024-12-27 04:00:00,2024-12-27 04:00:00,1,0.2703458571428571,0.2703458571428571,0.7989172857142857,0.5285714285714286,0.7333333333333334,13.050833333333337
kpx_group_2,scada_under_label,2022-03-10 07:00:00,2022-03-10 07:00:00,1,0.2696954166666666,0.2696954166666666,0.873815787037037,0.6041203703703704,0.9444444444444444,12.083333333333334
kpx_group_1,low_online_label_positive,2023-12-17 23:00:00,2023-12-17 23:00:00,1,0.2696881018518519,0.2696881018518519,0.3314473611111111,0.0617592592592592,0.3611111111111111,11.505055555555556
kpx_group_2,scada_zero_label_positive,2023-01-07 17:00:00,2023-01-07 17:00:00,1,0.2685058333333333,0.2685058333333333,0.2685058333333333,0.0,0.7777777777777778,6.454166666666667
kpx_group_3,scada_under_label,2024-12-15 07:00:00,2024-12-15 07:00:00,1,0.2682205714285715,0.2682205714285715,0.7920300952380953,0.5238095238095238,0.7333333333333334,14.838333333333331
kpx_group_2,scada_under_label,2022-01-19 21:00:00,2022-01-19 21:00:00,1,0.267341111111111,0.267341111111111,0.4258596296296296,0.1585185185185185,0.8333333333333334,7.955555555555556
kpx_group_1,low_online_label_positive,2023-12-18 01:00:00,2023-12-18 01:00:00,1,0.266172037037037,0.266172037037037,0.3214035185185185,0.0552314814814814,0.3333333333333333,11.140305555555557
kpx_group_1,scada_under_label,2022-04-10 11:00:00,2022-04-10 11:00:00,1,0.2661691203703704,0.2661691203703704,0.5497339351851852,0.2835648148148148,0.6944444444444443,10.075
kpx_group_3,scada_under_label,2024-12-28 04:00:00,2024-12-28 04:00:00,1,0.2659178095238095,0.2659178095238095,0.7706797142857142,0.5047619047619047,0.7333333333333334,12.6025
kpx_group_1,scada_under_label,2023-08-29 17:00:00,2023-08-29 17:00:00,1,0.2656159722222223,0.2656159722222223,0.5396900462962964,0.2740740740740741,0.9166666666666666,9.165805555555556
kpx_group_2,scada_under_label,2024-03-11 09:00:00,2024-03-11 09:00:00,1,0.2655540740740741,0.2655540740740741,0.7184707407407408,0.4529166666666667,0.9444444444444444,11.182944444444445
kpx_group_1,scada_under_label,2022-03-24 19:00:00,2022-03-24 19:00:00,1,0.2653986574074074,0.2653986574074074,0.3796579166666667,0.1142592592592592,0.8333333333333334,7.855555555555555
kpx_group_2,scada_under_label,2022-11-25 16:00:00,2022-11-25 16:00:00,1,0.265356712962963,0.265356712962963,0.8959122685185186,0.6305555555555555,0.9444444444444444,15.830555555555556
kpx_group_1,scada_zero_label_positive,2022-11-29 14:00:00,2022-11-29 14:00:00,1,0.2651579166666666,0.2651579166666666,0.2651579166666666,0.0,0.8333333333333334,7.130555555555556
kpx_group_1,scada_under_label,2023-12-07 22:00:00,2023-12-07 22:00:00,1,0.2641052777777778,0.2641052777777778,0.4057719444444445,0.1416666666666666,0.888888888888889,7.693444444444445
kpx_group_2,scada_under_label,2023-05-17 12:00:00,2023-05-17 12:00:00,1,0.263422037037037,0.263422037037037,0.6012924074074074,0.3378703703703704,0.9166666666666666,9.742083333333332
kpx_group_1,scada_under_label,2023-12-18 05:00:00,2023-12-18 05:00:00,1,0.2626456944444444,0.2626456944444444,0.3153771759259259,0.0527314814814814,0.638888888888889,11.70338888888889
kpx_group_2,scada_under_label,2023-07-14 16:00:00,2023-07-14 16:00:00,1,0.2624517592592592,0.2624517592592592,0.8731462037037037,0.6106944444444444,0.9444444444444444,17.10913888888889
kpx_group_2,scada_under_label,2023-01-02 09:00:00,2023-01-02 09:00:00,1,0.2612027314814815,0.2612027314814815,0.8182397685185185,0.557037037037037,0.9444444444444444,11.74388888888889
kpx_group_1,scada_under_label,2023-11-03 11:00:00,2023-11-03 11:00:00,1,0.2605511574074074,0.2605511574074074,0.8831900462962963,0.6226388888888889,0.9444444444444444,13.78986111111111
kpx_group_1,low_online_label_positive,2023-12-18 03:00:00,2023-12-18 03:00:00,1,0.2603986574074073,0.2603986574074073,0.3160468055555555,0.0556481481481481,0.5277777777777778,11.28013888888889
kpx_group_3,scada_under_label,2024-10-23 05:00:00,2024-10-23 05:00:00,1,0.2599178095238096,0.2599178095238096,0.8361082857142857,0.5761904761904761,0.8333333333333334,16.25466666666667
kpx_group_2,scada_under_label,2022-09-18 18:00:00,2022-09-18 18:00:00,1,0.2585048611111111,0.2585048611111111,0.5778567129629629,0.3193518518518518,0.9166666666666666,9.183333333333334
kpx_group_2,scada_under_label,2022-04-27 03:00:00,2022-04-27 03:00:00,1,0.2578913425925926,0.2578913425925926,0.3461783796296296,0.088287037037037,0.8611111111111112,6.95
kpx_group_1,scada_under_label,2024-05-11 02:00:00,2024-05-11 02:00:00,1,0.2576963888888889,0.2576963888888889,0.4499649074074074,0.1922685185185185,0.888888888888889,9.387138888888888
kpx_group_1,scada_under_label,2024-10-23 07:00:00,2024-10-23 07:00:00,1,0.2576081944444445,0.2576081944444445,0.8389970833333333,0.5813888888888888,0.9166666666666666,16.339861111111112
kpx_group_2,scada_under_label,2022-12-05 10:00:00,2022-12-05 10:00:00,1,0.2573557407407407,0.2573557407407407,0.3019853703703704,0.0446296296296296,0.8333333333333334,6.922222222222222
kpx_group_3,scada_under_label,2023-12-06 17:00:00,2023-12-06 17:00:00,1,0.2569218095238095,0.2569218095238095,0.8719218095238095,0.615,0.8666666666666667,12.0083333
kpx_group_2,scada_under_label,2024-03-03 15:00:00,2024-03-03 15:00:00,1,0.2566851851851852,0.2566851851851852,0.4834444444444444,0.2267592592592592,0.8333333333333334,10.068
kpx_group_2,scada_under_label,2023-12-11 12:00:00,2023-12-11 12:00:00,1,0.2534122685185185,0.2534122685185185,0.5142456018518519,0.2608333333333333,0.9166666666666666,9.14161111111111
kpx_group_2,scada_under_label,2022-08-03 07:00:00,2022-08-03 07:00:00,1,0.2528723148148148,0.2528723148148148,0.8443537962962964,0.5914814814814815,0.9444444444444444,14.902777777777777
kpx_group_1,scada_under_label,2024-01-08 11:00:00,2024-01-08 11:00:00,1,0.25273,0.25273,0.4640262962962963,0.2112962962962963,0.9166666666666666,8.45725
kpx_group_2,scada_zero_label_positive,2022-10-20 05:00:00,2022-10-20 05:00:00,1,0.2524356944444444,0.2524356944444444,0.2524356944444444,0.0,0.8333333333333334,6.272222222222222
kpx_group_2,scada_under_label,2022-05-04 10:00:00,2022-05-04 10:00:00,1,0.2524283796296297,0.2524283796296297,0.8550672685185186,0.6026388888888888,0.9444444444444444,14.116666666666667
kpx_group_2,scada_under_label,2023-11-18 20:00:00,2023-11-18 20:00:00,1,0.2523440740740741,0.2523440740740741,0.8336403703703704,0.5812962962962963,0.9444444444444444,16.81825
kpx_group_2,scada_under_label,2023-11-26 10:00:00,2023-11-26 10:00:00,1,0.2518620833333333,0.2518620833333333,0.3140380092592592,0.0621759259259259,0.8611111111111112,6.825694444444444
kpx_group_2,scada_under_label,2023-07-05 11:00:00,2023-07-05 11:00:00,1,0.2517202777777777,0.2517202777777777,0.7968128703703703,0.5450925925925926,0.9444444444444444,19.933111111111117
kpx_group_2,scada_under_label,2022-02-19 13:00:00,2022-02-19 13:00:00,1,0.2502850925925926,0.2502850925925926,0.2879239814814815,0.0376388888888888,0.8333333333333334,7.333333333333333
kpx_group_3,scada_under_label,2024-12-04 23:00:00,2024-12-04 23:00:00,1,0.249743380952381,0.249743380952381,0.7830767142857143,0.5333333333333333,0.7333333333333334,12.577666666666667
kpx_group_3,scada_zero_label_positive,2024-05-22 15:00:00,2024-05-22 15:00:00,1,0.2493172857142856,0.2493172857142856,0.2493172857142856,0.0,0.8000000000000002,6.476666666666667
kpx_group_2,scada_under_label,2022-10-11 02:00:00,2022-10-11 02:00:00,1,0.2490005092592592,0.2490005092592592,0.8376579166666667,0.5886574074074075,0.9444444444444444,14.938888888888888
kpx_group_2,scada_under_label,2022-04-26 20:00:00,2022-04-26 20:00:00,1,0.2471647222222223,0.2471647222222223,0.8222573148148149,0.5750925925925926,0.9444444444444444,13.875
kpx_group_2,scada_under_label,2022-11-26 11:00:00,2022-11-26 11:00:00,1,0.2470872222222222,0.2470872222222222,0.8617631481481481,0.6146759259259259,0.9444444444444444,14.738888888888887
kpx_group_1,scada_under_label,2024-07-06 13:00:00,2024-07-06 13:00:00,1,0.2470073148148148,0.2470073148148148,0.5296462037037037,0.2826388888888889,0.7777777777777778,9.89863888888889
kpx_group_2,scada_under_label,2022-04-06 16:00:00,2022-04-06 16:00:00,1,0.2468630555555555,0.2468630555555555,0.3863537962962963,0.1394907407407407,0.888888888888889,7.452777777777778
kpx_group_2,scada_under_label,2022-11-16 03:00:00,2022-11-16 03:00:00,1,0.246680787037037,0.246680787037037,0.7305233796296297,0.4838425925925926,0.8333333333333334,12.113888888888887
kpx_group_1,scada_under_label,2024-04-24 15:00:00,2024-04-24 15:00:00,1,0.2464727314814815,0.2464727314814815,0.3033245833333333,0.0568518518518518,0.8333333333333334,7.2907222222222225
kpx_group_2,scada_under_label,2023-01-05 02:00:00,2023-01-05 02:00:00,1,0.2461496296296296,0.2461496296296296,0.7573070370370371,0.5111574074074074,0.8333333333333334,13.215944444444444
kpx_group_1,scada_under_label,2022-12-03 20:00:00,2022-12-03 20:00:00,1,0.2460628703703702,0.2460628703703702,0.8095350925925925,0.5634722222222223,0.9444444444444444,11.944444444444445
kpx_group_2,scada_under_label,2024-01-05 17:00:00,2024-01-05 17:00:00,1,0.2459502777777777,0.2459502777777777,0.7901169444444445,0.5441666666666667,0.9166666666666666,12.243416666666668
kpx_group_3,scada_under_label,2024-12-17 05:00:00,2024-12-17 05:00:00,1,0.2446646666666667,0.2446646666666667,0.7018075238095238,0.4571428571428571,0.7333333333333334,10.2349999
kpx_group_2,scada_under_label,2022-12-25 08:00:00,2022-12-25 08:00:00,1,0.2441379166666667,0.2441379166666667,0.5383508796296297,0.2942129629629629,0.9166666666666666,9.25725
kpx_group_1,scada_under_label,2024-07-28 03:00:00,2024-07-28 03:00:00,1,0.243746574074074,0.243746574074074,0.4466169444444444,0.2028703703703703,0.8611111111111112,8.615916666666665
kpx_group_2,scada_under_label,2024-07-21 12:00:00,2024-07-21 12:00:00,1,0.2436500925925925,0.2436500925925925,0.7934649074074074,0.5498148148148149,0.9444444444444444,16.09241666666667
kpx_group_1,scada_under_label,2022-05-18 06:00:00,2022-05-18 06:00:00,1,0.2434702777777776,0.2434702777777776,0.8095350925925925,0.5660648148148149,0.9444444444444444,11.172222222222222
kpx_group_2,scada_under_label,2023-10-21 00:00:00,2023-10-21 00:00:00,1,0.2431442592592593,0.2431442592592593,0.7921257407407408,0.5489814814814815,0.9444444444444444,10.857833333333334
kpx_group_1,scada_under_label,2023-11-06 22:00:00,2023-11-06 22:00:00,1,0.242873287037037,0.242873287037037,0.8530584722222222,0.6101851851851852,0.9444444444444444,16.762722222222223
kpx_group_2,scada_under_label,2023-03-31 07:00:00,2023-03-31 07:00:00,1,0.2425341203703703,0.2425341203703703,0.30466375,0.0621296296296296,0.8333333333333334,6.454944444444446
kpx_group_2,scada_under_label,2022-09-06 09:00:00,2022-09-06 09:00:00,1,0.2423484259259259,0.2423484259259259,0.7137836111111111,0.4714351851851852,0.888888888888889,11.25
kpx_group_2,scada_under_label,2023-07-05 08:00:00,2023-07-05 08:00:00,1,0.2421720370370371,0.2421720370370371,0.7921257407407408,0.5499537037037037,0.9444444444444444,13.615388888888887
kpx_group_1,scada_under_label,2024-02-13 19:00:00,2024-02-13 19:00:00,1,0.2418333333333332,0.2418333333333332,0.7887777777777777,0.5469444444444445,0.8611111111111112,13.759750000000002
kpx_group_2,scada_zero_label_positive,2022-01-20 08:00:00,2022-01-20 08:00:00,1,0.2417222222222222,0.2417222222222222,0.2417222222222222,0.0,0.8333333333333334,6.405555555555555
kpx_group_2,scada_under_label,2022-05-18 13:00:00,2022-05-18 13:00:00,1,0.2412343981481481,0.2412343981481481,0.8148918055555556,0.5736574074074074,0.9444444444444444,13.469444444444443
kpx_group_1,scada_under_label,2024-07-22 10:00:00,2024-07-22 10:00:00,1,0.2405969907407407,0.2405969907407407,0.7198099537037037,0.4792129629629629,0.8333333333333334,12.237111111111112
kpx_group_2,scada_under_label,2023-01-20 07:00:00,2023-01-20 07:00:00,1,0.2405472685185185,0.2405472685185185,0.7847602314814814,0.544212962962963,0.9166666666666666,20.452694444444443
kpx_group_1,scada_zero_label_positive,2023-12-17 02:00:00,2023-12-17 02:00:00,1,0.2403830555555555,0.2403830555555555,0.2403830555555555,0.0,0.5,13.285472222222223
kpx_group_2,scada_zero_label_positive,2022-05-01 11:00:00,2022-05-01 11:00:00,1,0.2397134722222222,0.2397134722222222,0.2397134722222222,0.0,0.8333333333333334,6.394444444444445
kpx_group_2,scada_under_label,2022-11-16 06:00:00,2022-11-16 06:00:00,1,0.2395960185185185,0.2395960185185185,0.7492719444444444,0.5096759259259259,0.8333333333333334,11.77777777777778
kpx_group_2,scada_under_label,2022-05-18 07:00:00,2022-05-18 07:00:00,1,0.2395194907407406,0.2395194907407406,0.7974824537037036,0.557962962962963,0.9444444444444444,13.375
kpx_group_2,scada_under_label,2023-11-21 20:00:00,2023-11-21 20:00:00,1,0.2394473611111109,0.2394473611111109,0.789447361111111,0.55,0.9444444444444444,13.204999999999998
kpx_group_2,scada_under_label,2022-01-14 07:00:00,2022-01-14 07:00:00,1,0.2393947222222222,0.2393947222222222,0.7010613888888889,0.4616666666666666,0.9166666666666666,10.880555555555556
kpx_group_2,scada_under_label,2022-05-20 00:00:00,2022-05-20 00:00:00,1,0.2389678240740741,0.2389678240740741,0.7686900462962963,0.5297222222222222,0.9444444444444444,12.97222222222222
kpx_group_2,scada_under_label,2023-12-09 17:00:00,2023-12-09 17:00:00,1,0.2388493981481481,0.2388493981481481,0.378988287037037,0.1401388888888889,0.888888888888889,7.687194444444444
kpx_group_2,scada_under_label,2022-05-27 16:00:00,2022-05-27 16:00:00,1,0.2382163888888889,0.2382163888888889,0.4821052777777778,0.2438888888888888,0.8333333333333334,9.4
kpx_group_2,scada_under_label,2023-11-29 04:00:00,2023-11-29 04:00:00,1,0.238143287037037,0.238143287037037,0.7198099537037037,0.4816666666666667,0.8333333333333334,13.050222222222224
kpx_group_1,scada_under_label,2022-03-27 15:00:00,2022-03-27 15:00:00,1,0.2378537962962963,0.2378537962962963,0.6789649074074074,0.4411111111111111,0.8333333333333334,11.3
kpx_group_2,scada_zero_label_positive,2024-10-21 00:00:00,2024-10-21 00:00:00,1,0.2377046759259259,0.2377046759259259,0.2377046759259259,0.0,0.5833333333333334,6.909166666666667
kpx_group_1,scada_under_label,2024-07-22 02:00:00,2024-07-22 02:00:00,1,0.2374361574074073,0.2374361574074073,0.7338713425925926,0.4964351851851852,0.8333333333333334,11.39525
kpx_group_2,scada_under_label,2024-07-21 09:00:00,2024-07-21 09:00:00,1,0.2369332407407407,0.2369332407407407,0.7586462037037037,0.521712962962963,0.9444444444444444,16.129361111111113
kpx_group_2,low_online_label_positive,2022-01-26 02:00:00,2022-01-26 02:00:00,1,0.2348401388888888,0.2348401388888888,0.2899327314814814,0.0550925925925925,0.4722222222222221,12.225
kpx_group_1,scada_under_label,2022-03-25 07:00:00,2022-03-25 07:00:00,1,0.2347485185185185,0.2347485185185185,0.7439151851851852,0.5091666666666667,0.8333333333333334,10.341666666666669
kpx_group_2,scada_under_label,2022-12-17 12:00:00,2022-12-17 12:00:00,1,0.233807037037037,0.233807037037037,0.2865848148148148,0.0527777777777777,0.7777777777777778,6.827777777777778
kpx_group_2,scada_under_label,2024-04-25 10:00:00,2024-04-25 10:00:00,1,0.2328966666666666,0.2328966666666666,0.2986374074074074,0.0657407407407407,0.6944444444444443,6.879305555555557
kpx_group_1,scada_under_label,2022-04-09 23:00:00,2022-04-09 23:00:00,1,0.2326325462962962,0.2326325462962962,0.7385584722222222,0.5059259259259259,0.8055555555555557,12.1
kpx_group_1,scada_zero_label_positive,2024-03-20 14:00:00,2024-03-20 14:00:00,1,0.2316783796296296,0.2316783796296296,0.2316783796296296,0.0,0.7222222222222222,7.3395
kpx_group_2,scada_under_label,2023-05-21 07:00:00,2023-05-21 07:00:00,1,0.2312889814814814,0.2312889814814814,0.7934649074074074,0.5621759259259259,0.9444444444444444,12.916611111111113
kpx_group_2,scada_under_label,2022-03-03 09:00:00,2022-03-03 09:00:00,1,0.2304931944444444,0.2304931944444444,0.3970672685185185,0.166574074074074,0.888888888888889,7.419444444444444
kpx_group_1,scada_under_label,2022-12-22 08:00:00,2022-12-22 08:00:00,1,0.2298172685185185,0.2298172685185185,0.6896783796296296,0.4598611111111111,0.8333333333333334,11.929638888888888
kpx_group_2,scada_zero_label_positive,2024-03-20 08:00:00,2024-03-20 08:00:00,1,0.2296695833333333,0.2296695833333333,0.2296695833333333,0.0,0.8333333333333334,6.4197500000000005
kpx_group_1,scada_under_label,2023-11-18 06:00:00,2023-11-18 06:00:00,1,0.2295121759259259,0.2295121759259259,0.7003918055555556,0.4708796296296296,0.9444444444444444,12.178638888888887
kpx_group_2,scada_zero_label_positive,2022-05-31 09:00:00,2022-05-31 09:00:00,1,0.2276608333333333,0.2276608333333333,0.2276608333333333,0.0,0.6666666666666666,7.066666666666666
kpx_group_2,scada_under_label,2024-07-18 10:00:00,2024-07-18 10:00:00,1,0.22733625,0.22733625,0.7003918055555556,0.4730555555555555,0.8333333333333334,12.528805555555556
kpx_group_3,scada_under_label,2023-11-03 09:00:00,2023-11-03 09:00:00,1,0.2271859523809524,0.2271859523809524,0.7775669047619048,0.5503809523809524,0.8666666666666667,13.23275
kpx_group_2,scada_under_label,2022-05-18 09:00:00,2022-05-18 09:00:00,1,0.2271481481481482,0.2271481481481482,0.7378888888888889,0.5107407407407407,0.9444444444444444,12.18611111111111
kpx_group_2,scada_under_label,2022-12-13 12:00:00,2022-12-13 12:00:00,1,0.227025324074074,0.227025324074074,0.7860993981481481,0.5590740740740741,0.9444444444444444,12.541666666666666
kpx_group_2,scada_zero_label_positive,2023-03-28 15:00:00,2023-03-28 15:00:00,1,0.22699125,0.22699125,0.22699125,0.0,0.6666666666666666,7.096888888888889
kpx_group_2,scada_under_label,2022-04-26 23:00:00,2022-04-26 23:00:00,1,0.2269142129629628,0.2269142129629628,0.7479327314814814,0.5210185185185185,0.9444444444444444,11.758333333333336
kpx_group_2,scada_under_label,2022-05-14 00:00:00,2022-05-14 00:00:00,1,0.2268469907407407,0.2268469907407407,0.2745321759259259,0.0476851851851851,0.8055555555555557,7.461111111111111
kpx_group_1,scada_under_label,2024-12-06 07:00:00,2024-12-06 07:00:00,1,0.2266125925925926,0.2266125925925926,0.693695925925926,0.4670833333333333,0.8333333333333334,14.514861111111111
kpx_group_1,scada_under_label,2022-08-13 19:00:00,2022-08-13 19:00:00,1,0.2265852777777777,0.2265852777777777,0.3227426851851852,0.0961574074074074,0.8333333333333334,7.966666666666666
kpx_group_1,scada_under_label,2024-10-30 08:00:00,2024-10-30 08:00:00,1,0.2264990277777777,0.2264990277777777,0.3475175462962963,0.1210185185185185,0.8333333333333334,7.402166666666666
kpx_group_1,scada_under_label,2024-07-21 16:00:00,2024-07-21 16:00:00,1,0.2263581944444444,0.2263581944444444,0.7117748611111111,0.4854166666666666,0.8333333333333334,13.193194444444444
kpx_group_2,scada_under_label,2024-10-23 20:00:00,2024-10-23 20:00:00,1,0.2263113888888888,0.2263113888888888,0.4211724999999999,0.1948611111111111,0.8611111111111112,7.864527777777778
kpx_group_2,scada_under_label,2022-05-18 11:00:00,2022-05-18 11:00:00,1,0.2260716203703704,0.2260716203703704,0.7606549537037037,0.5345833333333333,0.9444444444444444,11.816666666666668
kpx_group_1,scada_under_label,2024-07-07 18:00:00,2024-07-07 18:00:00,1,0.2259195833333332,0.2259195833333332,0.6749473611111111,0.4490277777777778,0.8333333333333334,11.843472222222225
kpx_group_2,scada_under_label,2024-07-18 13:00:00,2024-07-18 13:00:00,1,0.2258523611111111,0.2258523611111111,0.7104356944444444,0.4845833333333333,0.8333333333333334,13.731361111111111
kpx_group_1,scada_under_label,2022-12-22 01:00:00,2022-12-22 01:00:00,1,0.2257782870370369,0.2257782870370369,0.6849912499999999,0.459212962962963,0.8333333333333334,13.277194444444444
kpx_group_1,scada_under_label,2023-12-16 22:00:00,2023-12-16 22:00:00,1,0.2252738888888889,0.2252738888888889,0.2832368518518519,0.0579629629629629,0.638888888888889,14.520666666666664
kpx_group_2,scada_under_label,2023-10-20 22:00:00,2023-10-20 22:00:00,1,0.2251725,0.2251725,0.2685058333333333,0.0433333333333333,0.8055555555555555,6.484000000000001
kpx_group_1,scada_under_label,2022-04-26 01:00:00,2022-04-26 01:00:00,1,0.2245536111111111,0.2245536111111111,0.3388128703703704,0.1142592592592592,0.888888888888889,7.538888888888889
kpx_group_2,scada_under_label,2024-10-23 14:00:00,2024-10-23 14:00:00,1,0.2241149999999998,0.2241149999999998,0.8108742592592592,0.5867592592592593,0.9166666666666666,16.247194444444442
kpx_group_1,scada_under_label,2022-03-29 06:00:00,2022-03-29 06:00:00,1,0.2234478703703703,0.2234478703703703,0.6729386111111111,0.4494907407407407,0.8333333333333334,9.741666666666664
kpx_group_1,scada_under_label,2022-12-10 01:00:00,2022-12-10 01:00:00,1,0.2232685185185186,0.2232685185185186,0.5979444444444445,0.3746759259259259,0.8333333333333334,9.205555555555556
kpx_group_1,scada_under_label,2024-07-28 11:00:00,2024-07-28 11:00:00,1,0.2229531944444444,0.2229531944444444,0.4218420833333333,0.1988888888888889,0.9166666666666666,7.9935
kpx_group_2,scada_under_label,2022-05-19 21:00:00,2022-05-19 21:00:00,1,0.2229454166666666,0.2229454166666666,0.7338713425925926,0.5109259259259259,0.9444444444444444,12.097222222222223
kpx_group_1,scada_under_label,2024-12-06 05:00:00,2024-12-06 05:00:00,1,0.2227426851851851,0.2227426851851851,0.7044093518518518,0.4816666666666667,0.8333333333333334,14.795305555555556
kpx_group_2,scada_under_label,2022-05-06 02:00:00,2022-05-06 02:00:00,1,0.2223932870370369,0.2223932870370369,0.7325321759259259,0.5101388888888889,0.9444444444444444,11.041666666666666
kpx_group_2,scada_under_label,2024-07-08 14:00:00,2024-07-08 14:00:00,1,0.2210043981481481,0.2210043981481481,0.7325321759259259,0.5115277777777778,0.9166666666666666,17.078805555555558
kpx_group_3,scada_under_label,2023-12-17 18:00:00,2023-12-17 18:00:00,1,0.2209107619047619,0.2209107619047619,0.708006,0.4870952380952381,0.7666666666666666,13.529999966666669
kpx_group_2,scada_under_label,2022-05-19 19:00:00,2022-05-19 19:00:00,1,0.2208050462962962,0.2208050462962962,0.7653420833333333,0.544537037037037,0.9444444444444444,12.06111111111111
kpx_group_1,scada_under_label,2024-07-21 20:00:00,2024-07-21 20:00:00,1,0.2202124537037036,0.2202124537037036,0.68900875,0.4687962962962963,0.8333333333333334,11.51425
kpx_group_2,scada_under_label,2023-06-02 14:00:00,2023-06-02 14:00:00,1,0.2194176388888889,0.2194176388888889,0.3649268981481481,0.1455092592592592,0.8611111111111112,7.325083333333333
kpx_group_3,scada_under_label,2023-11-30 03:00:00,2023-11-30 03:00:00,1,0.2193563809523809,0.2193563809523809,0.9256420952380952,0.7062857142857143,0.9666666666666668,11.813666666666668
kpx_group_2,scada_under_label,2022-05-16 05:00:00,2022-05-16 05:00:00,1,0.2193523611111111,0.2193523611111111,0.7358801388888889,0.5165277777777778,0.9444444444444444,11.319444444444445
kpx_group_2,scada_zero_label_positive,2024-05-12 23:00:00,2024-05-12 23:00:00,1,0.2182865277777777,0.2182865277777777,0.2182865277777777,0.0,0.8333333333333334,5.9062777777777775
kpx_group_1,scada_under_label,2022-04-10 13:00:00,2022-04-10 13:00:00,1,0.2182451388888888,0.2182451388888888,0.452643287037037,0.2343981481481481,0.8333333333333334,8.133333333333333
kpx_group_1,scada_under_label,2022-05-14 13:00:00,2022-05-14 13:00:00,1,0.2181725,0.2181725,0.6628947222222222,0.4447222222222222,0.9444444444444444,11.361111111111107
kpx_group_3,scada_under_label,2023-11-14 04:00:00,2023-11-14 04:00:00,1,0.218051619047619,0.218051619047619,0.9518135238095238,0.7337619047619047,0.9,13.529000000000002
kpx_group_1,scada_under_label,2022-11-29 15:00:00,2022-11-29 15:00:00,1,0.2179917129629629,0.2179917129629629,0.4794268981481481,0.2614351851851851,0.8611111111111112,8.816666666666666
kpx_group_1,scada_under_label,2023-12-16 13:00:00,2023-12-16 13:00:00,1,0.2176749537037037,0.2176749537037037,0.2584619907407408,0.040787037037037,0.7222222222222222,16.43386111111111
kpx_group_2,scada_under_label,2024-03-15 17:00:00,2024-03-15 17:00:00,1,0.2175360648148148,0.2175360648148148,0.7037397685185185,0.4862037037037037,0.9166666666666666,11.354444444444445
kpx_group_1,scada_under_label,2024-05-20 11:00:00,2024-05-20 11:00:00,1,0.21727,0.21727,0.3629181481481481,0.1456481481481481,0.888888888888889,7.795333333333332
kpx_group_2,scada_under_label,2023-03-01 23:00:00,2023-03-01 23:00:00,1,0.2172568055555556,0.2172568055555556,0.3408216203703704,0.1235648148148148,0.8611111111111112,7.194055555555557
kpx_group_3,scada_under_label,2024-11-12 08:00:00,2024-11-12 08:00:00,1,0.215843619047619,0.215843619047619,0.958700761904762,0.7428571428571429,0.9333333333333332,12.4423333
kpx_group_3,scada_under_label,2023-12-25 08:00:00,2023-12-25 08:00:00,1,0.2155664285714286,0.2155664285714286,0.9366616666666668,0.7210952380952381,0.9666666666666668,11.925666666666666
kpx_group_2,scada_zero_label_positive,2023-05-01 15:00:00,2023-05-01 15:00:00,1,0.2149386111111111,0.2149386111111111,0.2149386111111111,0.0,0.7777777777777778,5.6681388888888895
kpx_group_1,scada_under_label,2024-03-01 03:00:00,2024-03-01 03:00:00,1,0.2148269907407407,0.2148269907407407,0.3314473611111111,0.1166203703703703,0.8333333333333334,9.592611111111111
kpx_group_2,scada_under_label,2022-05-16 07:00:00,2022-05-16 07:00:00,1,0.214011712962963,0.214011712962963,0.7151228240740741,0.5011111111111111,0.9444444444444444,11.008333333333333
kpx_group_1,scada_under_label,2022-12-25 07:00:00,2022-12-25 07:00:00,1,0.2137568055555555,0.2137568055555555,0.6334327314814815,0.4196759259259259,0.8333333333333334,9.520138888888887
kpx_group_2,scada_under_label,2023-12-17 11:00:00,2023-12-17 11:00:00,1,0.213267037037037,0.213267037037037,0.4258596296296296,0.2125925925925925,0.8333333333333334,15.340972222222222
kpx_group_1,low_online_label_positive,2023-12-17 01:00:00,2023-12-17 01:00:00,1,0.2132280555555555,0.2132280555555555,0.2685058333333333,0.0552777777777777,0.5833333333333334,13.923222222222222
kpx_group_1,scada_under_label,2023-01-21 15:00:00,2023-01-21 15:00:00,1,0.2131228240740741,0.2131228240740741,0.3461783796296296,0.1330555555555555,0.8611111111111112,7.695166666666666
kpx_group_2,scada_under_label,2024-12-24 09:00:00,2024-12-24 09:00:00,1,0.2128776851851851,0.2128776851851851,0.5423684259259259,0.3294907407407407,0.9444444444444444,8.998166666666666
kpx_group_2,scada_under_label,2023-02-19 23:00:00,2023-02-19 23:00:00,1,0.2125838425925925,0.2125838425925925,0.6849912499999999,0.4724074074074074,0.9166666666666666,10.922083333333331
kpx_group_2,scada_under_label,2022-05-18 20:00:00,2022-05-18 20:00:00,1,0.212565324074074,0.212565324074074,0.7104356944444444,0.4978703703703703,0.9444444444444444,11.43611111111111
kpx_group_3,scada_under_label,2023-12-28 18:00:00,2023-12-28 18:00:00,1,0.212047619047619,0.212047619047619,0.7851428571428571,0.5730952380952381,0.9333333333333332,9.917666633333331
kpx_group_2,scada_under_label,2022-11-03 11:00:00,2022-11-03 11:00:00,1,0.2119376388888888,0.2119376388888888,0.257122824074074,0.0451851851851851,0.8055555555555555,6.825
kpx_group_1,scada_under_label,2023-12-11 14:00:00,2023-12-11 14:00:00,1,0.2117129629629629,0.2117129629629629,0.4452777777777778,0.2335648148148148,0.8333333333333334,8.70336111111111
kpx_group_2,scada_zero_label_positive,2022-04-27 20:00:00,2022-04-27 20:00:00,1,0.2115906481481481,0.2115906481481481,0.2115906481481481,0.0,0.75,5.730555555555555
kpx_group_2,scada_zero_label_positive,2023-12-18 13:00:00,2023-12-18 13:00:00,1,0.2115906481481481,0.2115906481481481,0.2115906481481481,0.0,0.7777777777777778,6.34013888888889
kpx_group_2,scada_under_label,2024-11-20 08:00:00,2024-11-20 08:00:00,1,0.2114605092592592,0.2114605092592592,0.5443771759259259,0.3329166666666667,0.9166666666666666,8.762944444444445
kpx_group_1,scada_under_label,2022-10-11 18:00:00,2022-10-11 18:00:00,1,0.2114122685185185,0.2114122685185185,0.2725233796296296,0.0611111111111111,0.6666666666666666,8.002777777777778
kpx_group_1,scada_under_label,2024-07-22 04:00:00,2024-07-22 04:00:00,1,0.2110555555555555,0.2110555555555555,0.6488333333333333,0.4377777777777777,0.8333333333333334,10.628027777777778
kpx_group_2,scada_under_label,2023-04-07 09:00:00,2023-04-07 09:00:00,1,0.2105316666666666,0.2105316666666666,0.454652037037037,0.2441203703703703,0.8888888888888888,7.825638888888889
kpx_group_2,scada_under_label,2023-11-29 07:00:00,2023-11-29 07:00:00,1,0.2104770833333333,0.2104770833333333,0.6033011574074074,0.392824074074074,0.8333333333333334,10.898055555555556
kpx_group_1,scada_zero_label_positive,2024-01-25 09:00:00,2024-01-25 09:00:00,1,0.2095818518518518,0.2095818518518518,0.2095818518518518,0.0,0.5833333333333334,9.875722222222224
kpx_group_2,scada_under_label,2023-11-13 08:00:00,2023-11-13 08:00:00,1,0.2095468055555555,0.2095468055555555,0.7231579166666666,0.5136111111111111,0.9444444444444444,10.654833333333334
kpx_group_3,scada_under_label,2023-06-27 19:00:00,2023-06-27 19:00:00,1,0.2094977619047618,0.2094977619047618,0.6177834761904761,0.4082857142857143,0.9,10.065166625
kpx_group_1,scada_under_label,2022-03-25 11:00:00,2022-03-25 11:00:00,1,0.2091661574074073,0.2091661574074073,0.5999531944444444,0.390787037037037,0.8333333333333334,9.266666666666666
kpx_group_1,scada_under_label,2022-08-19 06:00:00,2022-08-19 06:00:00,1,0.2085194907407407,0.2085194907407407,0.644815787037037,0.4362962962962963,0.6666666666666666,10.730555555555554
kpx_group_2,scada_under_label,2022-04-26 02:00:00,2022-04-26 02:00:00,1,0.2074600462962963,0.2074600462962963,0.4064415277777778,0.1989814814814814,0.8333333333333334,7.808333333333334
kpx_group_2,scada_zero_label_positive,2023-03-29 19:00:00,2023-03-29 19:00:00,1,0.2062339351851852,0.2062339351851852,0.2062339351851852,0.0,0.8333333333333334,6.347888888888889
kpx_group_3,scada_under_label,2024-11-29 06:00:00,2024-11-29 06:00:00,1,0.2058676666666666,0.2058676666666666,0.977296238095238,0.7714285714285715,0.9333333333333332,13.031333333333334
kpx_group_1,scada_under_label,2024-03-28 04:00:00,2024-03-28 04:00:00,1,0.2057173611111111,0.2057173611111111,0.2999766203703704,0.0942592592592592,0.888888888888889,7.255916666666667
kpx_group_1,scada_under_label,2023-12-08 04:00:00,2023-12-08 04:00:00,1,0.2054975462962962,0.2054975462962962,0.6588771759259259,0.4533796296296296,0.888888888888889,10.238333333333332
kpx_group_1,scada_under_label,2024-12-02 23:00:00,2024-12-02 23:00:00,1,0.2052553703703703,0.2052553703703703,0.6267368518518518,0.4214814814814814,0.8333333333333334,9.611166666666668
kpx_group_2,scada_zero_label_positive,2022-09-07 09:00:00,2022-09-07 09:00:00,1,0.2048947222222222,0.2048947222222222,0.2048947222222222,0.0,0.8333333333333334,5.780555555555555
kpx_group_2,scada_under_label,2024-05-16 04:00:00,2024-05-16 04:00:00,1,0.2035940740740741,0.2035940740740741,0.4519737037037037,0.2483796296296296,0.9166666666666666,8.933777777777777
kpx_group_1,scada_zero_label_positive,2024-01-25 17:00:00,2024-01-25 17:00:00,1,0.2035555555555555,0.2035555555555555,0.2035555555555555,0.0,0.6666666666666666,6.964555555555556
kpx_group_2,scada_under_label,2023-12-07 07:00:00,2023-12-07 07:00:00,1,0.2032480555555555,0.2032480555555555,0.605979537037037,0.4027314814814814,0.9444444444444444,9.944444444444445
kpx_group_1,scada_under_label,2022-12-21 09:00:00,2022-12-21 09:00:00,1,0.2030560648148148,0.2030560648148148,0.6086579166666667,0.4056018518518518,0.8333333333333334,10.017194444444446
kpx_group_2,scada_under_label,2024-07-18 08:00:00,2024-07-18 08:00:00,1,0.2019322685185185,0.2019322685185185,0.6227193055555555,0.420787037037037,0.8333333333333334,11.091833333333334
kpx_group_2,scada_under_label,2024-01-04 13:00:00,2024-01-04 13:00:00,1,0.2019074074074074,0.2019074074074074,0.6233888888888889,0.4214814814814814,0.8333333333333334,10.90461111111111
kpx_group_2,scada_under_label,2024-12-20 19:00:00,2024-12-20 19:00:00,1,0.2017237037037037,0.2017237037037037,0.6682514814814815,0.4665277777777777,0.9444444444444444,10.248277777777778
kpx_group_3,scada_under_label,2024-12-14 16:00:00,2024-12-14 16:00:00,1,0.2015498571428571,0.2015498571428571,0.625359380952381,0.4238095238095238,0.7333333333333334,9.486666566666669
kpx_group_2,scada_under_label,2022-10-20 20:00:00,2022-10-20 20:00:00,1,0.2014151851851852,0.2014151851851852,0.7439151851851852,0.5425,0.9166666666666666,10.072222222222225
kpx_group_1,scada_under_label,2022-07-14 10:00:00,2022-07-14 10:00:00,1,0.201180787037037,0.201180787037037,0.2725233796296296,0.0713425925925926,0.8333333333333334,6.780555555555555
kpx_group_2,scada_zero_label_positive,2024-10-14 19:00:00,2024-10-14 19:00:00,1,0.20077875,0.20077875,0.2122602314814815,0.0114814814814814,0.8333333333333334,6.9425
kpx_group_2,scada_under_label,2024-01-04 11:00:00,2024-01-04 11:00:00,1,0.2005974537037037,0.2005974537037037,0.6287456018518519,0.4281481481481481,0.8333333333333334,10.432638888888889
kpx_group_2,scada_under_label,2023-11-24 23:00:00,2023-11-24 23:00:00,1,0.2005438425925926,0.2005438425925926,0.3408216203703704,0.1402777777777777,0.8888888888888888,7.19325
kpx_group_2,scada_under_label,2022-11-16 09:00:00,2022-11-16 09:00:00,1,0.2002860648148148,0.2002860648148148,0.6146842129629629,0.4143981481481481,0.8333333333333334,9.425
kpx_group_2,scada_under_label,2024-01-25 19:00:00,2024-01-25 19:00:00,1,0.2002139351851851,0.2002139351851851,0.415815787037037,0.2156018518518518,0.7222222222222222,8.884694444444444
kpx_group_2,scada_zero_label_positive,2023-04-02 06:00:00,2023-04-02 06:00:00,1,0.2002075925925926,0.2002075925925926,0.2002075925925926,0.0,0.75,6.650222222222222
kpx_group_2,scada_under_label,2022-05-17 05:00:00,2022-05-17 05:00:00,1,0.1994902314814814,0.1994902314814814,0.6635643055555556,0.4640740740740741,0.9444444444444444,11.175
kpx_group_3,scada_under_label,2024-05-27 00:00:00,2024-05-27 00:00:00,1,0.1992340952380953,0.1992340952380953,0.8801864761904763,0.680952380952381,0.9,12.728
kpx_group_1,scada_under_label,2024-07-21 18:00:00,2024-07-21 18:00:00,1,0.1979956018518519,0.1979956018518519,0.6414678240740741,0.4434722222222222,0.8333333333333334,11.427277777777777
kpx_group_1,scada_under_label,2022-07-17 08:00:00,2022-07-17 08:00:00,1,0.1978966666666666,0.1978966666666666,0.2986374074074074,0.1007407407407407,0.8333333333333334,7.636111111111112
kpx_group_2,scada_under_label,2022-05-01 04:00:00,2022-05-01 04:00:00,1,0.1975692129629629,0.1975692129629629,0.2999766203703704,0.1024074074074074,0.8611111111111112,6.811111111111111
kpx_group_1,scada_under_label,2024-05-27 12:00:00,2024-05-27 12:00:00,1,0.1974834259259258,0.1974834259259258,0.6153537962962963,0.4178703703703704,0.888888888888889,11.11186111111111
kpx_group_2,scada_under_label,2022-12-10 00:00:00,2022-12-10 00:00:00,1,0.1973387037037037,0.1973387037037037,0.8175701851851852,0.6202314814814814,0.9166666666666666,11.502777777777778
kpx_group_1,scada_under_label,2022-08-10 03:00:00,2022-08-10 03:00:00,1,0.1972553703703703,0.1972553703703703,0.295959074074074,0.0987037037037037,0.8333333333333334,7.683333333333334
kpx_group_3,scada_under_label,2023-12-25 12:00:00,2023-12-25 12:00:00,1,0.1967939999999999,0.1967939999999999,0.8753654285714285,0.6785714285714286,0.9666666666666668,11.763
kpx_group_1,scada_under_label,2023-10-20 21:00:00,2023-10-20 21:00:00,1,0.1965150925925926,0.1965150925925926,0.5865613888888889,0.3900462962962963,0.9444444444444444,8.890555555555556
kpx_group_3,scada_under_label,2023-11-28 01:00:00,2023-11-28 01:00:00,1,0.1955774285714286,0.1955774285714286,0.8388631428571429,0.6432857142857142,0.9333333333333332,11.635999933333332
kpx_group_1,scada_under_label,2023-12-17 00:00:00,2023-12-17 00:00:00,1,0.1951661574074074,0.1951661574074074,0.3073420833333333,0.1121759259259259,0.8055555555555557,15.147472222222222
kpx_group_2,scada_zero_label_positive,2022-05-14 03:00:00,2022-05-14 03:00:00,1,0.1948508796296296,0.1948508796296296,0.1948508796296296,0.0,0.7222222222222222,6.513888888888888
kpx_group_3,scada_under_label,2024-01-26 23:00:00,2024-01-26 23:00:00,1,0.194744857142857,0.194744857142857,0.8292210476190476,0.6344761904761905,0.9666666666666668,9.771
kpx_group_2,scada_under_label,2024-09-20 21:00:00,2024-09-20 21:00:00,1,0.19470125,0.19470125,0.2263216203703703,0.0316203703703703,0.75,6.139555555555556
kpx_group_1,scada_under_label,2022-08-23 02:00:00,2022-08-23 02:00:00,1,0.1946905555555556,0.1946905555555556,0.575847962962963,0.3811574074074074,0.6666666666666666,9.730555555555556
kpx_group_1,scada_under_label,2022-06-27 23:00:00,2022-06-27 23:00:00,1,0.1942037037037036,0.1942037037037036,0.6488333333333333,0.4546296296296296,0.9444444444444444,10.502777777777778
kpx_group_1,scada_under_label,2022-12-25 09:00:00,2022-12-25 09:00:00,1,0.1935662962962962,0.1935662962962962,0.6173625925925925,0.4237962962962963,0.8333333333333334,9.666611111111113
kpx_group_2,scada_zero_label_positive,2024-10-24 08:00:00,2024-10-24 08:00:00,1,0.1935117129629629,0.1935117129629629,0.1935117129629629,0.0,0.8055555555555557,5.739527777777778
kpx_group_2,scada_under_label,2024-10-20 19:00:00,2024-10-20 19:00:00,1,0.1934527314814815,0.1934527314814815,0.5892397685185186,0.395787037037037,0.9166666666666666,9.436916666666669
kpx_group_1,scada_under_label,2024-01-08 13:00:00,2024-01-08 13:00:00,1,0.1933698611111111,0.1933698611111111,0.3582309722222222,0.1648611111111111,0.8333333333333334,7.626388888888889
kpx_group_2,scada_under_label,2024-12-26 18:00:00,2024-12-26 18:00:00,1,0.1924293518518519,0.1924293518518519,0.6093275,0.4168981481481481,0.8611111111111112,10.511194444444444
kpx_group_1,scada_under_label,2022-12-25 04:00:00,2022-12-25 04:00:00,1,0.1918586574074074,0.1918586574074074,0.5062105092592593,0.3143518518518518,0.8333333333333334,8.568277777777778
kpx_group_2,scada_zero_label_positive,2024-04-25 09:00:00,2024-04-25 09:00:00,1,0.1915029166666666,0.1915029166666666,0.1915029166666666,0.0,0.6666666666666666,6.67038888888889
kpx_group_1,scada_zero_label_positive,2022-07-08 13:00:00,2022-07-08 13:00:00,1,0.1914098611111111,0.1914098611111111,0.2189561574074074,0.0275462962962962,0.6666666666666666,7.4944444444444445
kpx_group_2,scada_under_label,2022-01-20 07:00:00,2022-01-20 07:00:00,1,0.1913192129629629,0.1913192129629629,0.2999766203703704,0.1086574074074074,0.75,6.977777777777778
kpx_group_2,scada_under_label,2024-03-11 17:00:00,2024-03-11 17:00:00,1,0.1910511574074073,0.1910511574074073,0.2598011574074074,0.06875,0.8611111111111112,6.872222222222223
kpx_group_2,scada_under_label,2024-09-28 01:00:00,2024-09-28 01:00:00,1,0.1908187037037037,0.1908187037037037,0.2510964814814815,0.0602777777777777,0.8333333333333334,7.190138888888889
kpx_group_2,scada_under_label,2023-10-21 06:00:00,2023-10-21 06:00:00,1,0.19066375,0.19066375,0.3301081944444444,0.1394444444444444,0.888888888888889,7.025916666666667
kpx_group_1,scada_under_label,2022-05-29 10:00:00,2022-05-29 10:00:00,1,0.1905628703703704,0.1905628703703704,0.2243128703703704,0.03375,0.8611111111111112,6.558333333333333
kpx_group_1,scada_under_label,2022-05-22 14:00:00,2022-05-22 14:00:00,1,0.1901764351851851,0.1901764351851851,0.3033245833333333,0.1131481481481481,0.8333333333333334,7.086111111111111
kpx_group_1,scada_under_label,2023-12-17 03:00:00,2023-12-17 03:00:00,1,0.1893986574074074,0.1893986574074074,0.22699125,0.0375925925925925,0.6111111111111112,13.307250000000002
kpx_group_2,scada_under_label,2024-07-18 05:00:00,2024-07-18 05:00:00,1,0.1893133333333332,0.1893133333333332,0.5785262962962963,0.389212962962963,0.8333333333333334,10.181722222222222
kpx_group_2,scada_under_label,2024-10-17 23:00:00,2024-10-17 23:00:00,1,0.1884239814814814,0.1884239814814814,0.2370350925925926,0.0486111111111111,0.6666666666666666,6.086972222222222
kpx_group_2,scada_under_label,2023-07-15 01:00:00,2023-07-15 01:00:00,1,0.188180324074074,0.188180324074074,0.6053099537037037,0.4171296296296296,0.9166666666666666,9.11638888888889
kpx_group_1,scada_under_label,2023-08-10 11:00:00,2023-08-10 11:00:00,1,0.1881408333333333,0.1881408333333333,0.6026315740740741,0.4144907407407407,0.9444444444444444,11.241138888888887
kpx_group_2,scada_under_label,2022-04-26 04:00:00,2022-04-26 04:00:00,1,0.1879030092592592,0.1879030092592592,0.3870233796296296,0.1991203703703703,0.8611111111111112,7.836111111111111
kpx_group_2,scada_under_label,2024-01-08 08:00:00,2024-01-08 08:00:00,1,0.1874317592592592,0.1874317592592592,0.5356725,0.3482407407407407,0.9444444444444444,9.038333333333334
kpx_group_1,scada_under_label,2023-08-22 07:00:00,2023-08-22 07:00:00,1,0.1868835185185184,0.1868835185185184,0.6963742592592592,0.5094907407407407,0.9444444444444444,10.709
kpx_group_1,scada_under_label,2022-12-10 03:00:00,2022-12-10 03:00:00,1,0.1864395833333332,0.1864395833333332,0.5162543981481481,0.3298148148148148,0.8333333333333334,8.791666666666666
kpx_group_2,scada_under_label,2022-08-04 14:00:00,2022-08-04 14:00:00,1,0.1862724074074074,0.1862724074074074,0.2638187037037037,0.0775462962962963,0.7777777777777778,6.577777777777778
kpx_group_1,scada_zero_label_positive,2022-04-19 13:00:00,2022-04-19 13:00:00,1,0.1861462037037037,0.1861462037037037,0.1861462037037037,0.0,0.8333333333333334,6.2444444444444445
kpx_group_2,scada_zero_label_positive,2022-05-01 09:00:00,2022-05-01 09:00:00,1,0.1861462037037037,0.1861462037037037,0.1861462037037037,0.0,0.8333333333333334,5.8500000000000005
kpx_group_2,scada_under_label,2024-04-24 19:00:00,2024-04-24 19:00:00,1,0.1856939351851851,0.1856939351851851,0.5999531944444444,0.4142592592592592,0.9444444444444444,9.974
kpx_group_3,scada_under_label,2023-12-01 06:00:00,2023-12-01 06:00:00,1,0.1854952380952381,0.1854952380952381,0.9552571428571428,0.7697619047619048,0.9666666666666668,11.8313333
kpx_group_2,scada_under_label,2023-06-16 08:00:00,2023-06-16 08:00:00,1,0.1853771759259259,0.1853771759259259,0.3153771759259259,0.13,0.8611111111111112,6.680583333333334
kpx_group_2,scada_under_label,2022-05-01 08:00:00,2022-05-01 08:00:00,1,0.1839410185185185,0.1839410185185185,0.3066725,0.1227314814814814,0.8333333333333334,6.6194444444444445
kpx_group_2,scada_under_label,2022-06-13 14:00:00,2022-06-13 14:00:00,1,0.1838737962962963,0.1838737962962963,0.2149386111111111,0.0310648148148148,0.7777777777777778,6.302777777777777
kpx_group_3,low_online_label_positive,2024-12-22 22:00:00,2024-12-22 22:00:00,1,0.1837403333333334,0.1837403333333334,0.5599308095238096,0.3761904761904762,0.5,10.58083325
kpx_group_1,scada_under_label,2022-12-09 21:00:00,2022-12-09 21:00:00,1,0.1836598611111111,0.1836598611111111,0.5624561574074074,0.3787962962962963,0.8333333333333334,9.33611111111111
kpx_group_3,scada_under_label,2023-11-18 12:00:00,2023-11-18 12:00:00,1,0.183651619047619,0.183651619047619,0.9779849523809524,0.7943333333333333,0.9666666666666668,14.568666666666669
kpx_group_2,scada_under_label,2023-11-22 17:00:00,2023-11-22 17:00:00,1,0.1835804166666666,0.1835804166666666,0.2664970833333333,0.0829166666666666,0.8333333333333334,6.948444444444444
kpx_group_2,scada_under_label,2023-05-16 12:00:00,2023-05-16 12:00:00,1,0.1835692129629629,0.1835692129629629,0.6434766203703703,0.4599074074074074,0.9444444444444444,10.348166666666666
kpx_group_2,scada_under_label,2024-03-01 14:00:00,2024-03-01 14:00:00,1,0.183479537037037,0.183479537037037,0.2879239814814815,0.1044444444444444,0.7777777777777778,9.1755
kpx_group_1,scada_under_label,2022-12-24 08:00:00,2022-12-24 08:00:00,1,0.1829015740740741,0.1829015740740741,0.2149386111111111,0.032037037037037,0.6666666666666666,8.011416666666667
kpx_group_3,scada_under_label,2024-07-05 06:00:00,2024-07-05 06:00:00,1,0.1824300952380951,0.1824300952380951,0.8967158095238095,0.7142857142857143,0.8666666666666667,17.073666666666668
kpx_group_3,scada_under_label,2024-08-23 10:00:00,2024-08-23 10:00:00,1,0.1821553809523809,0.1821553809523809,0.9297744285714286,0.7476190476190476,0.9666666666666668,12.958666666666666
kpx_group_2,scada_under_label,2023-11-03 13:00:00,2023-11-03 13:00:00,1,0.1816905555555555,0.1816905555555555,0.6267368518518518,0.4450462962962963,0.9444444444444444,10.09897222222222
kpx_group_2,scada_zero_label_positive,2023-01-30 11:00:00,2023-01-30 11:00:00,1,0.181459074074074,0.181459074074074,0.181459074074074,0.0,0.6666666666666666,6.261666666666667
kpx_group_2,scada_under_label,2022-08-03 21:00:00,2022-08-03 21:00:00,1,0.18123,0.18123,0.7439151851851852,0.5626851851851852,0.9166666666666666,11.055555555555555
kpx_group_1,scada_under_label,2022-07-24 00:00:00,2022-07-24 00:00:00,1,0.1806510648148148,0.1806510648148148,0.2805584722222222,0.0999074074074074,0.8333333333333334,7.519444444444445
kpx_group_1,scada_zero_label_positive,2023-07-26 17:00:00,2023-07-26 17:00:00,1,0.1804210648148148,0.1804210648148148,0.1981988425925926,0.0177777777777777,0.8055555555555557,6.231833333333333
kpx_group_2,scada_zero_label_positive,2023-02-08 19:00:00,2023-02-08 19:00:00,1,0.1803825462962963,0.1803825462962963,0.2042251388888888,0.0238425925925925,0.8333333333333334,6.415888888888889
kpx_group_1,scada_under_label,2022-05-19 11:00:00,2022-05-19 11:00:00,1,0.1801968981481481,0.1801968981481481,0.5497339351851852,0.369537037037037,0.6944444444444443,10.891666666666666
kpx_group_1,scada_zero_label_positive,2024-01-15 13:00:00,2024-01-15 13:00:00,1,0.1801198611111111,0.1801198611111111,0.1801198611111111,0.0,0.8333333333333334,6.406666666666667
kpx_group_1,scada_under_label,2024-08-21 13:00:00,2024-08-21 13:00:00,1,0.1800604166666667,0.1800604166666667,0.5396900462962964,0.3596296296296296,0.8333333333333334,9.076916666666667
kpx_group_2,scada_under_label,2023-01-19 10:00:00,2023-01-19 10:00:00,1,0.1799151851851851,0.1799151851851851,0.5785262962962963,0.3986111111111111,0.888888888888889,9.050805555555556
kpx_group_2,scada_zero_label_positive,2023-07-13 13:00:00,2023-07-13 13:00:00,1,0.1795672685185185,0.1795672685185185,0.2062339351851852,0.0266666666666666,0.8611111111111112,6.940333333333334
kpx_group_1,scada_under_label,2024-07-21 23:00:00,2024-07-21 23:00:00,1,0.1795594444444445,0.1795594444444445,0.5818742592592593,0.4023148148148148,0.8333333333333334,9.896083333333332
kpx_group_2,scada_under_label,2023-07-06 05:00:00,2023-07-06 05:00:00,1,0.1790623611111111,0.1790623611111111,0.5952660648148148,0.4162037037037037,0.9444444444444444,9.165944444444444
kpx_group_2,scada_under_label,2024-05-14 05:00:00,2024-05-14 05:00:00,1,0.1789931944444444,0.1789931944444444,0.5497339351851852,0.3707407407407407,0.9444444444444444,8.885527777777778
kpx_group_2,scada_under_label,2023-11-22 12:00:00,2023-11-22 12:00:00,1,0.1789054629629629,0.1789054629629629,0.2115906481481481,0.0326851851851851,0.8333333333333334,6.739861111111111
kpx_group_3,scada_under_label,2024-11-04 05:00:00,2024-11-04 05:00:00,1,0.1788511428571428,0.1788511428571428,0.9931368571428572,0.8142857142857143,0.9666666666666668,15.148666666666664
kpx_group_2,scada_zero_label_positive,2023-06-20 08:00:00,2023-06-20 08:00:00,1,0.1787806944444444,0.1787806944444444,0.1787806944444444,0.0,0.8333333333333334,6.609083333333333
kpx_group_2,scada_zero_label_positive,2024-03-10 06:00:00,2024-03-10 06:00:00,1,0.1787806944444444,0.1787806944444444,0.1787806944444444,0.0,0.8333333333333334,5.931527777777777
kpx_group_2,scada_under_label,2022-11-15 20:00:00,2022-11-15 20:00:00,1,0.178684212962963,0.178684212962963,0.5892397685185186,0.4105555555555555,0.8333333333333334,10.013888888888888
kpx_group_2,scada_under_label,2022-01-20 09:00:00,2022-01-20 09:00:00,1,0.1785248611111111,0.1785248611111111,0.2156081944444444,0.0370833333333333,0.8333333333333334,6.23888888888889
kpx_group_1,scada_zero_label_positive,2024-10-30 09:00:00,2024-10-30 09:00:00,1,0.1780068055555555,0.1780068055555555,0.2008771759259259,0.0228703703703703,0.8333333333333334,6.045416666666667
kpx_group_2,scada_under_label,2022-05-17 22:00:00,2022-05-17 22:00:00,1,0.1777568055555555,0.1777568055555555,0.5443771759259259,0.3666203703703704,0.9444444444444444,9.341666666666669
kpx_group_1,scada_under_label,2022-12-25 02:00:00,2022-12-25 02:00:00,1,0.1774405555555555,0.1774405555555555,0.6140146296296296,0.436574074074074,0.8333333333333334,9.549583333333333
kpx_group_2,scada_under_label,2023-07-25 22:00:00,2023-07-25 22:00:00,1,0.1773927777777778,0.1773927777777778,0.5055409259259259,0.3281481481481481,0.8333333333333334,9.438833333333331
kpx_group_2,scada_under_label,2022-11-19 08:00:00,2022-11-19 08:00:00,1,0.1768952314814814,0.1768952314814814,0.2283304166666666,0.0514351851851851,0.7777777777777778,6.9750000000000005
kpx_group_1,scada_under_label,2022-12-09 02:00:00,2022-12-09 02:00:00,1,0.1764561574074073,0.1764561574074073,0.5370117129629629,0.3605555555555556,0.8333333333333334,9.141666666666667
kpx_group_2,scada_under_label,2022-04-23 06:00:00,2022-04-23 06:00:00,1,0.175315787037037,0.175315787037037,0.3394824537037037,0.1641666666666666,0.8611111111111112,6.861111111111112
kpx_group_3,scada_under_label,2023-12-25 22:00:00,2023-12-25 22:00:00,1,0.1750746666666667,0.1750746666666667,0.8960270476190476,0.7209523809523809,0.9666666666666668,11.388666666666666
kpx_group_2,scada_under_label,2023-09-23 00:00:00,2023-09-23 00:00:00,1,0.1750175462962963,0.1750175462962963,0.220295324074074,0.0452777777777777,0.8333333333333334,5.916305555555556
kpx_group_3,scada_under_label,2024-07-23 13:00:00,2024-07-23 13:00:00,1,0.1746596666666666,0.1746596666666666,0.9841834761904762,0.8095238095238095,0.9666666666666668,16.338
kpx_group_1,scada_under_label,2022-12-09 00:00:00,2022-12-09 00:00:00,1,0.1746125925925925,0.1746125925925925,0.5155848148148148,0.3409722222222222,0.8333333333333334,8.991666666666667
kpx_group_3,scada_under_label,2024-07-21 10:00:00,2024-07-21 10:00:00,1,0.1744821904761905,0.1744821904761905,0.9697202857142856,0.7952380952380952,0.9666666666666668,15.82
kpx_group_2,scada_under_label,2023-04-21 21:00:00,2023-04-21 21:00:00,1,0.1744044907407407,0.1744044907407407,0.2156081944444444,0.0412037037037037,0.8611111111111112,6.156694444444445
kpx_group_3,scada_under_label,2024-05-23 04:00:00,2024-05-23 04:00:00,1,0.1737934761904762,0.1737934761904762,0.9690315714285714,0.7952380952380952,0.9666666666666668,13.026333333333334
kpx_group_2,scada_under_label,2023-09-18 08:00:00,2023-09-18 08:00:00,1,0.1735350925925926,0.1735350925925926,0.2115906481481481,0.0380555555555555,0.8333333333333334,6.698555555555555
kpx_group_1,scada_under_label,2022-04-07 09:00:00,2022-04-07 09:00:00,1,0.1729376388888888,0.1729376388888888,0.5370117129629629,0.364074074074074,0.8333333333333334,8.916666666666666
kpx_group_2,scada_under_label,2023-01-08 02:00:00,2023-01-08 02:00:00,1,0.1728747685185184,0.1728747685185184,0.5162543981481481,0.3433796296296296,0.9444444444444444,8.420916666666667
kpx_group_3,scada_under_label,2024-05-11 23:00:00,2024-05-11 23:00:00,1,0.1727709047619047,0.1727709047619047,0.9965804285714284,0.8238095238095238,0.9666666666666668,12.910333333333334
kpx_group_2,scada_under_label,2023-01-04 17:00:00,2023-01-04 17:00:00,1,0.1727163888888889,0.1727163888888889,0.4693830555555556,0.2966666666666667,0.8333333333333334,8.570055555555555
kpx_group_2,scada_under_label,2023-01-16 15:00:00,2023-01-16 15:00:00,1,0.1722918981481481,0.1722918981481481,0.2089122685185185,0.0366203703703703,0.7777777777777778,7.748861111111111
kpx_group_3,scada_under_label,2024-05-18 06:00:00,2024-05-18 06:00:00,1,0.1722386190476189,0.1722386190476189,0.953191,0.780952380952381,0.9,14.785333333333334
kpx_group_2,scada_under_label,2022-05-06 23:00:00,2022-05-06 23:00:00,1,0.1721008796296296,0.1721008796296296,0.6019619907407407,0.4298611111111111,0.9444444444444444,9.475
kpx_group_1,scada_under_label,2022-03-27 02:00:00,2022-03-27 02:00:00,1,0.1716588888888888,0.1716588888888888,0.5028625925925926,0.3312037037037037,0.8333333333333334,8.933333333333332
kpx_group_3,scada_under_label,2023-12-06 06:00:00,2023-12-06 06:00:00,1,0.1716541428571428,0.1716541428571428,0.9676541428571428,0.796,0.9333333333333332,11.355333333333334
kpx_group_1,scada_under_label,2023-05-08 04:00:00,2023-05-08 04:00:00,1,0.1711774074074074,0.1711774074074074,0.2102514814814814,0.039074074074074,0.8333333333333334,5.898111111111111
kpx_group_3,scada_under_label,2024-03-11 06:00:00,2024-03-11 06:00:00,1,0.1710977619047619,0.1710977619047619,0.971097761904762,0.8,0.9333333333333332,12.409333333333334
kpx_group_2,scada_zero_label_positive,2023-11-25 06:00:00,2023-11-25 06:00:00,1,0.170930324074074,0.170930324074074,0.1981988425925926,0.0272685185185185,0.8333333333333334,6.419361111111112
kpx_group_3,scada_under_label,2024-05-22 23:00:00,2024-05-22 23:00:00,1,0.1708400952380953,0.1708400952380953,0.8946496190476191,0.7238095238095238,0.9,13.423666633333331
kpx_group_2,scada_zero_label_positive,2023-12-31 17:00:00,2023-12-31 17:00:00,1,0.1707456018518518,0.1707456018518518,0.1707456018518518,0.0,0.8055555555555557,6.749138888888889
kpx_group_3,scada_under_label,2024-01-08 22:00:00,2024-01-08 22:00:00,1,0.1703724285714285,0.1703724285714285,1.0034676666666666,0.8330952380952381,0.9666666666666668,14.302333333333332
kpx_group_3,scada_under_label,2024-01-13 03:00:00,2024-01-13 03:00:00,1,0.1701579047619047,0.1701579047619047,0.7885864761904762,0.6184285714285714,0.9666666666666668,9.768999966666668
kpx_group_3,scada_under_label,2024-01-04 21:00:00,2024-01-04 21:00:00,1,0.170156380952381,0.170156380952381,1.004156380952381,0.834,0.9666666666666668,13.878333333333332
kpx_group_3,scada_under_label,2024-05-29 23:00:00,2024-05-29 23:00:00,1,0.1698135238095238,0.1698135238095238,0.7555278095238096,0.5857142857142857,0.9666666666666668,10.381999933333333
kpx_group_3,scada_under_label,2024-07-29 05:00:00,2024-07-29 05:00:00,1,0.1697794285714284,0.1697794285714284,0.9745413333333331,0.8047619047619048,0.9666666666666668,15.555333333333335
kpx_group_2,scada_under_label,2023-11-14 10:00:00,2023-11-14 10:00:00,1,0.1695005092592592,0.1695005092592592,0.4051023611111111,0.2356018518518518,0.861111111111111,8.321555555555555
kpx_group_3,scada_under_label,2024-10-01 05:00:00,2024-10-01 05:00:00,1,0.1694586666666666,0.1694586666666666,0.7266015238095238,0.5571428571428572,0.7666666666666667,11.432333299999998
kpx_group_3,scada_under_label,2023-11-21 21:00:00,2023-11-21 21:00:00,1,0.1693724285714285,0.1693724285714285,1.0034676666666666,0.8340952380952381,0.9666666666666668,13.455333333333334
kpx_group_3,scada_under_label,2023-12-02 11:00:00,2023-12-02 11:00:00,1,0.1692365714285714,0.1692365714285714,0.9352841904761904,0.7660476190476191,0.9666666666666668,13.176666666666668
kpx_group_1,scada_under_label,2022-05-01 04:00:00,2022-05-01 04:00:00,1,0.1691535185185185,0.1691535185185185,0.3595701851851852,0.1904166666666666,0.9166666666666666,7.727777777777778
kpx_group_3,scada_under_label,2024-03-17 09:00:00,2024-03-17 09:00:00,1,0.1691498571428571,0.1691498571428571,0.9786736666666668,0.8095238095238095,0.9666666666666668,14.877666666666668
kpx_group_1,scada_zero_label_positive,2022-05-25 07:00:00,2022-05-25 07:00:00,1,0.1687368518518518,0.1687368518518518,0.1687368518518518,0.0,0.8333333333333334,6.338888888888889
kpx_group_3,scada_under_label,2024-07-21 01:00:00,2024-07-21 01:00:00,1,0.1686977619047618,0.1686977619047618,0.9972691904761904,0.8285714285714286,0.9666666666666668,15.44
kpx_group_3,scada_under_label,2024-01-08 20:00:00,2024-01-08 20:00:00,1,0.1685804285714285,0.1685804285714285,0.9965804285714284,0.828,0.9666666666666668,13.922
kpx_group_3,scada_under_label,2024-11-29 03:00:00,2024-11-29 03:00:00,1,0.1685202857142856,0.1685202857142856,0.982806,0.8142857142857143,0.9666666666666668,14.947666666666665
kpx_group_3,scada_under_label,2023-11-21 00:00:00,2023-11-21 00:00:00,1,0.1684125238095238,0.1684125238095238,0.903603,0.7351904761904762,0.9666666666666668,10.255999966666666
kpx_group_3,scada_under_label,2023-12-21 04:00:00,2023-12-21 04:00:00,1,0.1680089999999999,0.1680089999999999,0.8657232857142857,0.6977142857142857,0.8333333333333334,13.894333266666669
kpx_group_3,scada_under_label,2024-01-02 11:00:00,2024-01-02 11:00:00,1,0.1679473809523809,0.1679473809523809,1.002090238095238,0.8341428571428572,0.9666666666666668,16.578
kpx_group_1,scada_under_label,2022-06-29 16:00:00,2022-06-29 16:00:00,1,0.1678840277777778,0.1678840277777778,0.5671432870370371,0.3992592592592592,0.9444444444444444,9.552777777777775
kpx_group_1,scada_under_label,2022-10-04 12:00:00,2022-10-04 12:00:00,1,0.1678294444444444,0.1678294444444444,0.2705146296296296,0.1026851851851851,0.888888888888889,7.291666666666667
kpx_group_3,scada_under_label,2024-03-03 04:00:00,2024-03-03 04:00:00,1,0.1675358571428572,0.1675358571428572,0.9580120476190476,0.7904761904761904,0.9333333333333332,13.766666666666667
kpx_group_2,scada_zero_label_positive,2022-01-30 02:00:00,2022-01-30 02:00:00,1,0.1673976388888889,0.1673976388888889,0.1673976388888889,0.0,0.8333333333333334,6.019444444444445
kpx_group_2,scada_under_label,2024-03-20 07:00:00,2024-03-20 07:00:00,1,0.1673893981481481,0.1673893981481481,0.2524356944444444,0.0850462962962963,0.8611111111111112,6.638527777777777
kpx_group_3,scada_under_label,2024-11-12 03:00:00,2024-11-12 03:00:00,1,0.1673373333333333,0.1673373333333333,0.8863849523809524,0.719047619047619,0.9666666666666668,11.0076666
kpx_group_3,scada_under_label,2024-03-11 00:00:00,2024-03-11 00:00:00,1,0.1672019999999999,0.1672019999999999,0.986249619047619,0.819047619047619,0.9666666666666668,13.019333333333334
kpx_group_2,scada_under_label,2023-04-07 07:00:00,2023-04-07 07:00:00,1,0.166631574074074,0.166631574074074,0.5135760185185185,0.3469444444444444,0.888888888888889,8.39161111111111
kpx_group_2,scada_under_label,2024-03-28 07:00:00,2024-03-28 07:00:00,1,0.1665887037037037,0.1665887037037037,0.5122368518518519,0.3456481481481481,0.8333333333333334,9.681138888888889
kpx_group_3,scada_under_label,2024-11-20 02:00:00,2024-11-20 02:00:00,1,0.1664541428571428,0.1664541428571428,0.9807398571428572,0.8142857142857143,0.9666666666666668,12.894
kpx_group_3,scada_under_label,2024-03-14 06:00:00,2024-03-14 06:00:00,1,0.1663358571428571,0.1663358571428571,0.971097761904762,0.8047619047619048,0.9333333333333332,12.185666666666668
kpx_group_2,scada_under_label,2023-06-28 18:00:00,2023-06-28 18:00:00,1,0.1662962962962962,0.1662962962962962,0.6361111111111111,0.4698148148148148,0.9444444444444444,10.014
kpx_group_3,scada_under_label,2024-07-23 20:00:00,2024-07-23 20:00:00,1,0.166158380952381,0.166158380952381,0.9566345714285714,0.7904761904761904,0.9666666666666668,13.343333333333334
kpx_group_3,scada_under_label,2024-03-29 18:00:00,2024-03-29 18:00:00,1,0.166099238095238,0.166099238095238,0.9518135238095238,0.7857142857142857,0.9666666666666668,14.891666666666666
kpx_group_3,scada_under_label,2024-03-15 08:00:00,2024-03-15 08:00:00,1,0.1660019999999999,0.1660019999999999,0.9993353333333334,0.8333333333333334,0.9666666666666668,15.075
kpx_group_3,scada_under_label,2023-12-02 19:00:00,2023-12-02 19:00:00,1,0.1659619047619047,0.1659619047619047,0.9683428571428572,0.8023809523809524,0.9666666666666668,12.904666666666666
kpx_group_3,scada_under_label,2024-12-06 03:00:00,2024-12-06 03:00:00,1,0.1658375714285714,0.1658375714285714,0.7086947142857143,0.5428571428571428,0.7000000000000001,12.838666633333332
kpx_group_3,scada_under_label,2024-03-15 01:00:00,2024-03-15 01:00:00,1,0.1651950000000001,0.1651950000000001,0.989004523809524,0.8238095238095238,0.9333333333333332,14.356666666666667
kpx_group_3,scada_under_label,2024-07-21 06:00:00,2024-07-21 06:00:00,1,0.1647940000000001,0.1647940000000001,0.6790797142857143,0.5142857142857142,0.6333333333333333,19.20733333333333
kpx_group_3,scada_under_label,2023-11-30 20:00:00,2023-11-30 20:00:00,1,0.1647889523809523,0.1647889523809523,0.961455619047619,0.7966666666666666,0.9666666666666668,13.44
kpx_group_3,scada_under_label,2024-07-18 19:00:00,2024-07-18 19:00:00,1,0.1647218095238095,0.1647218095238095,0.9504360952380952,0.7857142857142857,0.9666666666666668,13.7053333
kpx_group_2,scada_under_label,2023-12-18 00:00:00,2023-12-18 00:00:00,1,0.1646500925925925,0.1646500925925925,0.5008537962962962,0.3362037037037037,0.8333333333333334,12.38977777777778
kpx_group_2,scada_under_label,2022-05-19 16:00:00,2022-05-19 16:00:00,1,0.1644887962962962,0.1644887962962962,0.5550906481481481,0.3906018518518518,0.9444444444444444,9.34722222222222
kpx_group_2,scada_under_label,2022-09-23 11:00:00,2022-09-23 11:00:00,1,0.1644293518518518,0.1644293518518518,0.2785497222222222,0.1141203703703703,0.8333333333333334,7.475
kpx_group_2,scada_under_label,2022-09-06 12:00:00,2022-09-06 12:00:00,1,0.1641661574074074,0.1641661574074074,0.5363420833333333,0.3721759259259259,0.9166666666666666,8.85
kpx_group_2,scada_under_label,2022-04-17 08:00:00,2022-04-17 08:00:00,1,0.1641471759259259,0.1641471759259259,0.2711842129629629,0.107037037037037,0.9166666666666666,6.513888888888888
kpx_group_2,low_online_label_positive,2023-07-12 10:00:00,2023-07-12 10:00:00,1,0.1639376388888889,0.1639376388888889,0.308011712962963,0.144074074074074,0.5833333333333334,4.628333333333333
kpx_group_3,scada_under_label,2023-12-25 19:00:00,2023-12-25 19:00:00,1,0.1638736666666667,0.1638736666666667,0.9655879523809524,0.8017142857142857,0.9666666666666668,12.351666666666668
kpx_group_2,scada_under_label,2022-11-23 16:00:00,2022-11-23 16:00:00,1,0.1638265277777778,0.1638265277777778,0.2062339351851852,0.0424074074074074,0.8055555555555557,5.808333333333333
kpx_group_3,scada_under_label,2024-11-28 18:00:00,2024-11-28 18:00:00,1,0.1637373333333334,0.1637373333333334,0.9256420952380952,0.7619047619047619,0.9666666666666668,13.0613333
kpx_group_1,scada_under_label,2022-08-22 19:00:00,2022-08-22 19:00:00,1,0.1636954166666666,0.1636954166666666,0.4667046759259259,0.3030092592592592,0.6666666666666666,8.158333333333333
kpx_group_1,scada_under_label,2022-04-06 08:00:00,2022-04-06 08:00:00,1,0.1636661574074074,0.1636661574074074,0.3327865277777778,0.1691203703703703,0.8333333333333334,7.913888888888889
kpx_group_3,scada_under_label,2023-12-18 06:00:00,2023-12-18 06:00:00,1,0.1636190476190476,0.1636190476190476,0.916,0.7523809523809524,0.9666666666666668,11.267999933333334
kpx_group_3,scada_under_label,2023-01-25 20:00:00,2023-01-25 20:00:00,1,0.163605,0.163605,0.6597954761904762,0.4961904761904762,0.6666666666666666,11.730583333333334
kpx_group_3,scada_under_label,2024-05-17 14:00:00,2024-05-17 14:00:00,1,0.1635308095238095,0.1635308095238095,0.5206736666666667,0.3571428571428571,0.9,7.982999866666667
kpx_group_1,scada_under_label,2024-05-27 21:00:00,2024-05-27 21:00:00,1,0.1631837037037036,0.1631837037037036,0.5403596296296296,0.3771759259259259,0.888888888888889,9.485083333333334
kpx_group_2,scada_under_label,2022-03-03 13:00:00,2022-03-03 13:00:00,1,0.1628757407407407,0.1628757407407407,0.2705146296296296,0.1076388888888889,0.8333333333333334,6.663888888888889
kpx_group_2,scada_under_label,2024-03-03 18:00:00,2024-03-03 18:00:00,1,0.1624531944444444,0.1624531944444444,0.4727309722222222,0.3102777777777777,0.8055555555555557,9.665111111111113
kpx_group_2,scada_under_label,2023-07-13 14:00:00,2023-07-13 14:00:00,1,0.1623167592592592,0.1623167592592592,0.3990760185185185,0.2367592592592592,0.8611111111111112,8.456638888888888
kpx_group_2,scada_under_label,2022-12-24 09:00:00,2022-12-24 09:00:00,1,0.1622470833333333,0.1622470833333333,0.2537748611111111,0.0915277777777777,0.7777777777777778,6.832194444444444
kpx_group_1,scada_under_label,2022-08-23 04:00:00,2022-08-23 04:00:00,1,0.1619990277777778,0.1619990277777778,0.5510731018518519,0.389074074074074,0.6388888888888888,9.9
kpx_group_1,scada_under_label,2022-12-01 15:00:00,2022-12-01 15:00:00,1,0.1619181481481482,0.1619181481481482,0.5283070370370371,0.3663888888888889,0.8333333333333334,10.041666666666666
kpx_group_3,scada_under_label,2024-03-04 04:00:00,2024-03-04 04:00:00,1,0.1618065238095238,0.1618065238095238,0.8237112857142858,0.6619047619047619,0.9666666666666668,10.1576666
kpx_group_2,scada_under_label,2024-03-04 12:00:00,2024-03-04 12:00:00,1,0.1617494907407407,0.1617494907407407,0.3582309722222222,0.1964814814814814,0.9166666666666666,7.513055555555556
kpx_group_2,scada_under_label,2023-11-29 13:00:00,2023-11-29 13:00:00,1,0.1614278703703704,0.1614278703703704,0.4754093518518519,0.3139814814814815,0.8055555555555557,9.393527777777775
kpx_group_1,scada_under_label,2022-12-08 21:00:00,2022-12-08 21:00:00,1,0.161401574074074,0.161401574074074,0.4948275,0.3334259259259259,0.8333333333333334,8.883333333333333
kpx_group_2,scada_zero_label_positive,2022-07-21 04:00:00,2022-07-21 04:00:00,1,0.1613713425925926,0.1613713425925926,0.1613713425925926,0.0,0.5,6.2
kpx_group_2,scada_under_label,2022-01-20 00:00:00,2022-01-20 00:00:00,1,0.1607071296296296,0.1607071296296296,0.2403830555555555,0.0796759259259259,0.8611111111111112,6.661111111111111
kpx_group_2,scada_zero_label_positive,2024-03-05 13:00:00,2024-03-05 13:00:00,1,0.1607017592592592,0.1607017592592592,0.1607017592592592,0.0,0.8333333333333334,6.556583333333333
kpx_group_2,scada_zero_label_positive,2023-10-27 10:00:00,2023-10-27 10:00:00,1,0.16052875,0.16052875,0.1740935648148148,0.0135648148148148,0.7777777777777778,5.784027777777777
kpx_group_3,scada_under_label,2024-05-18 04:00:00,2024-05-18 04:00:00,1,0.1602556190476189,0.1602556190476189,0.9745413333333331,0.8142857142857143,0.9666666666666668,14.3273333
kpx_group_2,scada_under_label,2022-05-18 18:00:00,2022-05-18 18:00:00,1,0.1600925925925926,0.1600925925925926,0.5725,0.4124074074074074,0.9444444444444444,9.841666666666669
kpx_group_1,scada_under_label,2022-07-22 04:00:00,2022-07-22 04:00:00,1,0.1600399537037037,0.1600399537037037,0.2296695833333333,0.0696296296296296,0.8055555555555557,6.819444444444444
kpx_group_3,scada_under_label,2024-04-25 05:00:00,2024-04-25 05:00:00,1,0.1600360952380952,0.1600360952380952,0.845750380952381,0.6857142857142857,0.9666666666666668,10.648333333333332
kpx_group_1,scada_zero_label_positive,2022-12-04 14:00:00,2022-12-04 14:00:00,1,0.1600321759259259,0.1600321759259259,0.1600321759259259,0.0,0.6666666666666666,6.588888888888889
kpx_group_3,scada_under_label,2023-12-26 09:00:00,2023-12-26 09:00:00,1,0.1598380952380951,0.1598380952380951,0.876742857142857,0.7169047619047619,0.9333333333333332,12.563833333333331
kpx_group_3,scada_under_label,2023-11-23 11:00:00,2023-11-23 11:00:00,1,0.1597453809523809,0.1597453809523809,0.8664120476190476,0.7066666666666667,0.9666666666666668,11.160999966666663
kpx_group_2,scada_under_label,2022-11-13 09:00:00,2022-11-13 09:00:00,1,0.1596574074074074,0.1596574074074074,0.2162777777777778,0.0566203703703703,0.8611111111111112,5.772222222222222
kpx_group_3,scada_under_label,2024-01-09 00:00:00,2024-01-09 00:00:00,1,0.1594701904761905,0.1594701904761905,0.9931368571428572,0.8336666666666667,0.9666666666666668,13.645333333333332
kpx_group_2,scada_zero_label_positive,2022-02-23 17:00:00,2022-02-23 17:00:00,1,0.15933625,0.15933625,0.1787806944444444,0.0194444444444444,0.8333333333333334,6.341666666666666
kpx_group_1,scada_under_label,2024-02-05 04:00:00,2024-02-05 04:00:00,1,0.159074074074074,0.159074074074074,0.2544444444444444,0.0953703703703703,0.6666666666666666,9.286555555555555
kpx_group_2,scada_under_label,2022-05-31 14:00:00,2022-05-31 14:00:00,1,0.1590160648148148,0.1590160648148148,0.2772105092592593,0.1181944444444444,0.7777777777777778,7.147222222222222
kpx_group_3,scada_under_label,2023-12-02 23:00:00,2023-12-02 23:00:00,1,0.1588957619047619,0.1588957619047619,0.8354195714285715,0.6765238095238095,0.9666666666666668,12.268666666666666
kpx_group_3,scada_under_label,2024-03-29 13:00:00,2024-03-29 13:00:00,1,0.1588781904761904,0.1588781904761904,0.9731639047619048,0.8142857142857143,0.9666666666666668,14.428666666666668
kpx_group_1,scada_zero_label_positive,2023-12-16 21:00:00,2023-12-16 21:00:00,1,0.1586929629629629,0.1586929629629629,0.1586929629629629,0.0,0.5833333333333334,13.236805555555556
kpx_group_1,scada_under_label,2022-03-24 23:00:00,2022-03-24 23:00:00,1,0.1584849074074074,0.1584849074074074,0.4948275,0.3363425925925926,0.8333333333333334,8.066666666666668
kpx_group_1,scada_zero_label_positive,2022-01-19 13:00:00,2022-01-19 13:00:00,1,0.1583279629629629,0.1583279629629629,0.1747631481481481,0.0164351851851851,0.75,6.155555555555555
kpx_group_2,scada_zero_label_positive,2023-03-18 23:00:00,2023-03-18 23:00:00,1,0.1583099537037036,0.1583099537037036,0.1727543981481481,0.0144444444444444,0.8333333333333334,6.347361111111112
kpx_group_3,scada_under_label,2024-01-12 00:00:00,2024-01-12 00:00:00,1,0.1582140476190476,0.1582140476190476,0.9628330952380952,0.8046190476190476,0.9666666666666668,14.063333333333333
kpx_group_3,scada_under_label,2023-11-29 04:00:00,2023-11-29 04:00:00,1,0.1581724285714285,0.1581724285714285,0.9511248095238096,0.792952380952381,0.9666666666666668,12.026333333333334
kpx_group_1,scada_under_label,2023-07-23 13:00:00,2023-07-23 13:00:00,1,0.1575253240740741,0.1575253240740741,0.4807660648148148,0.3232407407407407,0.9444444444444444,8.878694444444445
kpx_group_2,scada_under_label,2023-04-16 22:00:00,2023-04-16 22:00:00,1,0.1573611111111111,0.1573611111111111,0.1908333333333333,0.0334722222222222,0.8333333333333334,6.051583333333333
kpx_group_2,scada_under_label,2022-05-01 12:00:00,2022-05-01 12:00:00,1,0.157200787037037,0.157200787037037,0.2537748611111111,0.096574074074074,0.8611111111111112,6.3500000000000005
kpx_group_2,scada_under_label,2022-06-06 23:00:00,2022-06-06 23:00:00,1,0.1570492129629629,0.1570492129629629,0.2042251388888888,0.0471759259259259,0.7777777777777778,5.855555555555555
kpx_group_1,scada_under_label,2022-09-23 12:00:00,2022-09-23 12:00:00,1,0.1569473611111111,0.1569473611111111,0.3441695833333333,0.1872222222222222,0.9166666666666666,7.663888888888889
kpx_group_2,scada_under_label,2022-01-28 08:00:00,2022-01-28 08:00:00,1,0.1568893981481481,0.1568893981481481,0.3033245833333333,0.1464351851851852,0.8611111111111112,6.786111111111111
kpx_group_1,scada_under_label,2022-03-29 19:00:00,2022-03-29 19:00:00,1,0.1568075,0.1568075,0.4626871296296296,0.3058796296296296,0.8333333333333334,8.541666666666666
kpx_group_3,scada_under_label,2024-03-02 22:00:00,2024-03-02 22:00:00,1,0.1567964761904762,0.1567964761904762,0.9304631428571428,0.7736666666666666,0.9666666666666668,12.464333333333334
kpx_group_1,scada_under_label,2022-09-11 01:00:00,2022-09-11 01:00:00,1,0.1567231944444444,0.1567231944444444,0.186815787037037,0.0300925925925925,0.8611111111111112,6.166666666666667
kpx_group_3,scada_under_label,2024-11-12 06:00:00,2024-11-12 06:00:00,1,0.1565754285714286,0.1565754285714286,0.9518135238095238,0.7952380952380952,0.9666666666666668,13.220999999999998
kpx_group_2,scada_under_label,2022-10-07 12:00:00,2022-10-07 12:00:00,1,0.1564371296296296,0.1564371296296296,0.3354649074074074,0.1790277777777777,0.888888888888889,7.622222222222223
kpx_group_1,scada_zero_label_positive,2022-09-05 19:00:00,2022-09-05 19:00:00,1,0.1563381944444444,0.1563381944444444,0.183467824074074,0.0271296296296296,0.7777777777777778,6.3694444444444445
kpx_group_3,scada_under_label,2023-11-19 13:00:00,2023-11-19 13:00:00,1,0.1562250476190475,0.1562250476190475,0.9304631428571428,0.7742380952380953,0.9666666666666668,13.38
kpx_group_1,scada_under_label,2022-12-01 13:00:00,2022-12-01 13:00:00,1,0.1561963888888889,0.1561963888888889,0.539020462962963,0.3828240740740741,0.8333333333333334,10.152777777777777
kpx_group_2,scada_under_label,2022-12-25 01:00:00,2022-12-25 01:00:00,1,0.1561184259259259,0.1561184259259259,0.2879239814814815,0.1318055555555555,0.888888888888889,6.796722222222222
kpx_group_1,scada_under_label,2022-11-26 21:00:00,2022-11-26 21:00:00,1,0.1560316666666666,0.1560316666666666,0.2129298148148148,0.0568981481481481,0.8333333333333334,6.705555555555556
kpx_group_1,scada_zero_label_positive,2022-08-14 16:00:00,2022-08-14 16:00:00,1,0.1560146296296296,0.1560146296296296,0.1560146296296296,0.0,0.8333333333333334,5.813888888888889
kpx_group_2,scada_under_label,2022-07-27 07:00:00,2022-07-27 07:00:00,1,0.1558581944444444,0.1558581944444444,0.19016375,0.0343055555555555,0.8333333333333334,6.152777777777778
kpx_group_1,scada_under_label,2024-01-25 19:00:00,2024-01-25 19:00:00,1,0.1556666666666666,0.1556666666666666,0.4198333333333333,0.2641666666666666,0.8055555555555555,9.329472222222224
kpx_group_1,scada_under_label,2022-12-21 02:00:00,2022-12-21 02:00:00,1,0.1555194907407407,0.1555194907407407,0.5048713425925926,0.3493518518518518,0.8333333333333334,9.140194444444443
kpx_group_3,scada_under_label,2024-11-28 21:00:00,2024-11-28 21:00:00,1,0.1554726666666667,0.1554726666666667,0.9173774285714286,0.7619047619047619,0.9666666666666668,12.898
kpx_group_3,scada_under_label,2024-01-14 06:00:00,2024-01-14 06:00:00,1,0.1552245714285715,0.1552245714285715,0.958700761904762,0.8034761904761905,0.9666666666666668,11.898333333333332
kpx_group_3,low_online_label_positive,2023-04-29 20:00:00,2023-04-29 20:00:00,1,0.1545944761904762,0.1545944761904762,0.5330706666666667,0.3784761904761904,0.4666666666666666,15.502
kpx_group_3,scada_under_label,2024-04-24 23:00:00,2024-04-24 23:00:00,1,0.154488238095238,0.154488238095238,0.8925834761904762,0.7380952380952381,0.9666666666666668,11.068666633333333
kpx_group_1,scada_under_label,2022-06-27 14:00:00,2022-06-27 14:00:00,1,0.1544230092592592,0.1544230092592592,0.19016375,0.0357407407407407,0.8333333333333334,6.294444444444444
kpx_group_1,scada_under_label,2023-08-03 13:00:00,2023-08-03 13:00:00,1,0.1542451388888888,0.1542451388888888,0.2872543981481481,0.1330092592592592,0.8611111111111112,7.37875
kpx_group_1,scada_under_label,2024-01-25 10:00:00,2024-01-25 10:00:00,1,0.1541768981481481,0.1541768981481481,0.2504268981481481,0.09625,0.6666666666666666,9.856027777777776
kpx_group_2,scada_under_label,2024-07-30 19:00:00,2024-07-30 19:00:00,1,0.1541198611111111,0.1541198611111111,0.4727309722222222,0.3186111111111111,0.6666666666666666,9.792416666666666
kpx_group_1,scada_under_label,2024-07-06 11:00:00,2024-07-06 11:00:00,1,0.1541076851851852,0.1541076851851852,0.4593391666666667,0.3052314814814815,0.8333333333333334,8.386777777777779
kpx_group_1,scada_under_label,2023-11-24 13:00:00,2023-11-24 13:00:00,1,0.1541037962962963,0.1541037962962963,0.4881315740740741,0.3340277777777777,0.9444444444444444,8.676222222222224
kpx_group_2,scada_under_label,2024-03-26 09:00:00,2024-03-26 09:00:00,1,0.1539317592592593,0.1539317592592593,0.3193947222222222,0.1654629629629629,0.9166666666666666,7.890944444444444
kpx_group_1,scada_under_label,2022-01-20 06:00:00,2022-01-20 06:00:00,1,0.1535087499999999,0.1535087499999999,0.2310087499999999,0.0775,0.7222222222222222,7.005555555555556
kpx_group_3,scada_under_label,2023-12-21 02:00:00,2023-12-21 02:00:00,1,0.1530821904761904,0.1530821904761904,0.9304631428571428,0.7773809523809524,0.9666666666666668,12.359999966666663
kpx_group_3,scada_under_label,2024-11-26 20:00:00,2024-11-26 20:00:00,1,0.1530135238095238,0.1530135238095238,0.9387278095238096,0.7857142857142857,0.9666666666666668,14.570333333333332
kpx_group_3,scada_under_label,2023-12-25 15:00:00,2023-12-25 15:00:00,1,0.1527739523809524,0.1527739523809524,0.9580120476190476,0.8052380952380952,0.9666666666666668,12.526666666666666
kpx_group_2,scada_zero_label_positive,2022-10-24 06:00:00,2022-10-24 06:00:00,1,0.1526666666666666,0.1526666666666666,0.1526666666666666,0.0,0.8055555555555557,5.352777777777778
kpx_group_3,scada_under_label,2024-07-03 19:00:00,2024-07-03 19:00:00,1,0.1525192857142856,0.1525192857142856,0.8429954761904761,0.6904761904761905,0.8666666666666667,14.191333333333333
kpx_group_2,scada_under_label,2023-11-29 11:00:00,2023-11-29 11:00:00,1,0.1524337037037036,0.1524337037037036,0.4894707407407407,0.337037037037037,0.8333333333333334,9.54525
kpx_group_3,scada_under_label,2024-12-30 15:00:00,2024-12-30 15:00:00,1,0.1523799523809523,0.1523799523809523,0.7761894761904762,0.6238095238095238,0.7666666666666667,15.305
kpx_group_2,scada_under_label,2023-11-24 13:00:00,2023-11-24 13:00:00,1,0.1522899537037036,0.1522899537037036,0.3187251388888888,0.1664351851851851,0.6944444444444443,7.20775
kpx_group_2,scada_under_label,2023-03-18 22:00:00,2023-03-18 22:00:00,1,0.1521466666666666,0.1521466666666666,0.1841374074074074,0.0319907407407407,0.8055555555555557,6.208055555555556
kpx_group_2,scada_under_label,2023-11-07 22:00:00,2023-11-07 22:00:00,1,0.1513518518518518,0.1513518518518518,0.2417222222222222,0.0903703703703703,0.8333333333333334,6.252055555555557
kpx_group_2,scada_under_label,2024-03-01 16:00:00,2024-03-01 16:00:00,1,0.1511568981481481,0.1511568981481481,0.2818976388888888,0.1307407407407407,0.7777777777777778,9.006555555555556
kpx_group_2,scada_under_label,2022-04-19 17:00:00,2022-04-19 17:00:00,1,0.1510755555555555,0.1510755555555555,0.2865848148148148,0.1355092592592592,0.888888888888889,6.550000000000001
kpx_group_3,scada_under_label,2024-07-19 03:00:00,2024-07-19 03:00:00,1,0.150947380952381,0.150947380952381,0.9366616666666668,0.7857142857142857,0.9666666666666668,12.784666633333332
kpx_group_1,scada_under_label,2024-01-08 17:00:00,2024-01-08 17:00:00,1,0.1507831481481481,0.1507831481481481,0.6012924074074074,0.4505092592592593,0.888888888888889,9.64825
kpx_group_2,low_online_label_positive,2024-03-01 12:00:00,2024-03-01 12:00:00,1,0.1507802314814814,0.1507802314814814,0.1935117129629629,0.0427314814814814,0.4722222222222221,8.947027777777778
kpx_group_2,scada_under_label,2023-05-08 06:00:00,2023-05-08 06:00:00,1,0.1506579166666667,0.1506579166666667,0.2778801388888889,0.1272222222222222,0.9166666666666666,6.37563888888889
kpx_group_2,scada_under_label,2024-04-01 11:00:00,2024-04-01 11:00:00,1,0.1506374074074074,0.1506374074074074,0.3495262962962963,0.1988888888888889,0.8611111111111112,6.935194444444445
kpx_group_2,scada_zero_label_positive,2023-04-04 01:00:00,2023-04-04 01:00:00,1,0.1504961111111111,0.1504961111111111,0.1687368518518518,0.0182407407407407,0.6944444444444443,5.449611111111111
kpx_group_3,scada_under_label,2024-01-17 21:00:00,2024-01-17 21:00:00,1,0.1504887142857143,0.1504887142857143,0.9297744285714286,0.7792857142857142,0.9666666666666668,12.049666666666669
kpx_group_3,scada_under_label,2023-12-02 15:00:00,2023-12-02 15:00:00,1,0.1504721904761905,0.1504721904761905,0.9456150476190476,0.7951428571428572,0.9666666666666668,12.723333333333333
kpx_group_2,scada_under_label,2024-10-14 20:00:00,2024-10-14 20:00:00,1,0.1500838425925926,0.1500838425925926,0.3033245833333333,0.1532407407407407,0.8333333333333334,7.8075
kpx_group_3,scada_under_label,2024-03-19 08:00:00,2024-03-19 08:00:00,1,0.1500811904761905,0.1500811904761905,0.921509761904762,0.7714285714285715,0.9666666666666668,12.090333266666669
kpx_group_3,scada_under_label,2024-03-02 09:00:00,2024-03-02 09:00:00,1,0.149609,0.149609,0.8918947142857143,0.7422857142857143,0.9666666666666668,11.099999933333336
kpx_group_2,scada_under_label,2023-03-28 16:00:00,2023-03-28 16:00:00,1,0.1494926851851852,0.1494926851851852,0.2082426851851852,0.05875,0.7222222222222222,6.7805
kpx_group_3,scada_under_label,2023-07-11 09:00:00,2023-07-11 09:00:00,1,0.1494821904761905,0.1494821904761905,0.4462917142857143,0.2968095238095238,0.8666666666666667,7.458333233333334
kpx_group_3,scada_under_label,2023-11-28 21:00:00,2023-11-28 21:00:00,1,0.1494235714285714,0.1494235714285714,0.8712330952380952,0.7218095238095238,0.9666666666666668,11.1916666
kpx_group_3,scada_under_label,2023-11-19 17:00:00,2023-11-19 17:00:00,1,0.1494115238095238,0.1494115238095238,0.8946496190476191,0.7452380952380953,0.9666666666666668,14.650333333333334
kpx_group_2,scada_under_label,2023-10-26 22:00:00,2023-10-26 22:00:00,1,0.1493348148148147,0.1493348148148147,0.5155848148148148,0.36625,0.9444444444444444,8.820638888888888
kpx_group_2,scada_under_label,2022-05-24 08:00:00,2022-05-24 08:00:00,1,0.1490053703703703,0.1490053703703703,0.181459074074074,0.0324537037037037,0.8333333333333334,5.775
kpx_group_2,scada_under_label,2022-05-01 10:00:00,2022-05-01 10:00:00,1,0.1489488425925925,0.1489488425925925,0.2490877314814814,0.1001388888888888,0.888888888888889,6.277777777777778
kpx_group_2,scada_under_label,2023-06-22 10:00:00,2023-06-22 10:00:00,1,0.1488469907407406,0.1488469907407406,0.3890321759259258,0.2401851851851852,0.6666666666666666,7.195777777777778
kpx_group_1,scada_under_label,2022-03-27 09:00:00,2022-03-27 09:00:00,1,0.1483279629629629,0.1483279629629629,0.4292075925925926,0.2808796296296296,0.8333333333333334,8.072222222222221
kpx_group_2,scada_under_label,2022-11-16 20:00:00,2022-11-16 20:00:00,1,0.1481452314814815,0.1481452314814815,0.6736081944444444,0.5254629629629629,0.9444444444444444,10.202777777777778
kpx_group_2,scada_under_label,2024-03-20 18:00:00,2024-03-20 18:00:00,1,0.1479687962962963,0.1479687962962963,0.1794502777777777,0.0314814814814814,0.8055555555555555,5.91375
kpx_group_2,scada_under_label,2023-03-30 13:00:00,2023-03-30 13:00:00,1,0.1474195833333333,0.1474195833333333,0.26783625,0.1204166666666666,0.888888888888889,6.805722222222222
kpx_group_3,scada_under_label,2023-06-27 21:00:00,2023-06-27 21:00:00,1,0.1472972380952381,0.1472972380952381,0.2011067619047619,0.0538095238095238,0.8666666666666667,6.405166666666666
kpx_group_1,scada_under_label,2022-05-01 11:00:00,2022-05-01 11:00:00,1,0.1472636574074074,0.1472636574074074,0.338143287037037,0.1908796296296296,0.8333333333333334,7.497222222222223
kpx_group_2,scada_under_label,2022-12-04 13:00:00,2022-12-04 13:00:00,1,0.1471691203703703,0.1471691203703703,0.1935117129629629,0.0463425925925925,0.6666666666666666,5.811111111111111
kpx_group_3,scada_under_label,2024-12-27 12:00:00,2024-12-27 12:00:00,1,0.1469293333333333,0.1469293333333333,0.7755007619047619,0.6285714285714286,0.7666666666666667,12.411666666666669
kpx_group_2,scada_under_label,2022-05-18 01:00:00,2022-05-18 01:00:00,1,0.1468050462962963,0.1468050462962963,0.5363420833333333,0.389537037037037,0.9444444444444444,9.294444444444446
kpx_group_2,scada_zero_label_positive,2022-11-19 07:00:00,2022-11-19 07:00:00,1,0.1466403703703703,0.1466403703703703,0.1466403703703703,0.0,0.6666666666666666,6.15
kpx_group_2,scada_under_label,2023-02-06 05:00:00,2023-02-06 05:00:00,1,0.1464127777777777,0.1464127777777777,0.4359035185185185,0.2894907407407407,0.9444444444444444,7.906694444444445
kpx_group_3,scada_under_label,2023-12-09 00:00:00,2023-12-09 00:00:00,1,0.1463313333333332,0.1463313333333332,0.898093238095238,0.7517619047619047,0.9666666666666668,15.54
kpx_group_3,scada_under_label,2024-06-25 05:00:00,2024-06-25 05:00:00,1,0.1461854761904762,0.1461854761904762,0.9366616666666668,0.7904761904761904,0.9666666666666668,12.7036666
kpx_group_3,scada_under_label,2024-01-11 14:00:00,2024-01-11 14:00:00,1,0.1461343333333333,0.1461343333333333,0.9380390952380953,0.7919047619047619,0.9666666666666668,12.994
kpx_group_1,scada_under_label,2022-03-29 10:00:00,2022-03-29 10:00:00,1,0.14598,0.14598,0.3876929629629629,0.2417129629629629,0.8333333333333334,7.719444444444445
kpx_group_2,scada_zero_label_positive,2023-06-03 13:00:00,2023-06-03 13:00:00,1,0.1459707407407407,0.1459707407407407,0.1459707407407407,0.0,0.7222222222222222,5.3510833333333325
kpx_group_2,scada_under_label,2023-08-25 07:00:00,2023-08-25 07:00:00,1,0.1457704629629629,0.1457704629629629,0.424520462962963,0.27875,0.8333333333333334,8.986722222222221
kpx_group_1,scada_under_label,2023-08-29 19:00:00,2023-08-29 19:00:00,1,0.1457329629629629,0.1457329629629629,0.5028625925925926,0.3571296296296296,0.9166666666666666,8.674611111111112
kpx_group_2,scada_under_label,2022-08-24 09:00:00,2022-08-24 09:00:00,1,0.1456462037037036,0.1456462037037036,0.2370350925925926,0.0913888888888889,0.8611111111111112,6.780555555555556
kpx_group_3,scada_under_label,2024-10-23 10:00:00,2024-10-23 10:00:00,1,0.1454165238095238,0.1454165238095238,0.8739879523809524,0.7285714285714285,0.9333333333333332,16.519000000000002
kpx_group_3,scada_under_label,2024-03-14 22:00:00,2024-03-14 22:00:00,1,0.1453784285714285,0.1453784285714285,0.9263308095238096,0.780952380952381,0.9666666666666668,11.529999966666669
kpx_group_3,scada_under_label,2023-12-04 09:00:00,2023-12-04 09:00:00,1,0.1453539047619048,0.1453539047619048,0.7396872380952382,0.5943333333333334,0.9666666666666668,9.028
kpx_group_1,scada_zero_label_positive,2022-10-16 15:00:00,2022-10-16 15:00:00,1,0.1453011574074074,0.1453011574074074,0.1453011574074074,0.0,0.8333333333333334,6.033333333333334
kpx_group_1,scada_under_label,2022-07-13 20:00:00,2022-07-13 20:00:00,1,0.1452787499999999,0.1452787499999999,0.1995380092592592,0.0542592592592592,0.8333333333333334,6.908333333333334
kpx_group_2,scada_under_label,2023-02-08 20:00:00,2023-02-08 20:00:00,1,0.1450731018518518,0.1450731018518518,0.2075731018518518,0.0625,0.8333333333333334,6.425305555555556
kpx_group_1,scada_under_label,2022-01-19 14:00:00,2022-01-19 14:00:00,1,0.1449161574074074,0.1449161574074074,0.2691754166666666,0.1242592592592592,0.8055555555555557,6.836111111111111
kpx_group_3,scada_under_label,2024-07-06 04:00:00,2024-07-06 04:00:00,1,0.1448671904761904,0.1448671904761904,0.9401052857142856,0.7952380952380952,0.9666666666666668,12.407999933333334
kpx_group_1,scada_under_label,2022-12-21 04:00:00,2022-12-21 04:00:00,1,0.1447772685185185,0.1447772685185185,0.46000875,0.3152314814814815,0.8333333333333334,8.77
kpx_group_1,scada_under_label,2023-01-14 08:00:00,2023-01-14 08:00:00,1,0.1447353703703703,0.1447353703703703,0.2765409259259259,0.1318055555555555,0.8333333333333334,7.239444444444445
kpx_group_1,scada_under_label,2022-08-10 07:00:00,2022-08-10 07:00:00,1,0.1447227314814815,0.1447227314814815,0.22699125,0.0822685185185185,0.8333333333333334,7.172222222222222
kpx_group_2,scada_zero_label_positive,2023-02-24 12:00:00,2023-02-24 12:00:00,1,0.144631574074074,0.144631574074074,0.144631574074074,0.0,0.8333333333333334,5.4623888888888885
kpx_group_2,scada_zero_label_positive,2023-10-01 08:00:00,2023-10-01 08:00:00,1,0.144631574074074,0.144631574074074,0.144631574074074,0.0,0.6666666666666666,5.047444444444444
kpx_group_3,scada_under_label,2024-12-08 05:00:00,2024-12-08 05:00:00,1,0.1446265714285713,0.1446265714285713,0.754150380952381,0.6095238095238096,0.7666666666666667,11.922999966666666
kpx_group_1,scada_under_label,2022-07-14 15:00:00,2022-07-14 15:00:00,1,0.1445974537037037,0.1445974537037037,0.2216344907407407,0.077037037037037,0.8333333333333334,6.322222222222223
kpx_group_3,scada_under_label,2024-01-31 12:00:00,2024-01-31 12:00:00,1,0.1441117619047619,0.1441117619047619,0.1804450952380952,0.0363333333333333,0.7333333333333334,5.145916666666667
kpx_group_2,scada_under_label,2023-10-27 12:00:00,2023-10-27 12:00:00,1,0.1437387962962962,0.1437387962962962,0.5042017592592593,0.360462962962963,0.9444444444444444,8.269472222222223
kpx_group_2,scada_zero_label_positive,2023-09-18 02:00:00,2023-09-18 02:00:00,1,0.1431691203703703,0.1431691203703703,0.1553450462962963,0.0121759259259259,0.8333333333333334,6.071805555555556
kpx_group_2,scada_under_label,2024-02-09 09:00:00,2024-02-09 09:00:00,1,0.1431140277777777,0.1431140277777777,0.2042251388888888,0.0611111111111111,0.8333333333333334,6.178527777777778
kpx_group_2,scada_under_label,2022-01-26 14:00:00,2022-01-26 14:00:00,1,0.143065787037037,0.143065787037037,0.4412602314814814,0.2981944444444444,0.9166666666666666,8.755555555555555
kpx_group_1,scada_under_label,2022-03-30 06:00:00,2022-03-30 06:00:00,1,0.1425740740740741,0.1425740740740741,0.4071111111111111,0.264537037037037,0.8333333333333334,7.727777777777778
kpx_group_2,scada_under_label,2022-12-11 07:00:00,2022-12-11 07:00:00,1,0.1421886111111111,0.1421886111111111,0.1767719444444444,0.0345833333333333,0.8333333333333334,5.713888888888889
kpx_group_3,scada_under_label,2024-12-28 13:00:00,2024-12-28 13:00:00,1,0.1420491428571427,0.1420491428571427,0.7658586666666666,0.6238095238095238,0.7666666666666667,12.195416666666668
kpx_group_2,scada_zero_label_positive,2023-09-23 01:00:00,2023-09-23 01:00:00,1,0.1419531944444444,0.1419531944444444,0.1419531944444444,0.0,0.8333333333333334,5.2562500000000005
kpx_group_2,scada_under_label,2024-06-02 07:00:00,2024-06-02 07:00:00,1,0.1419400462962963,0.1419400462962963,0.183467824074074,0.0415277777777777,0.8333333333333334,5.709305555555556
kpx_group_2,scada_under_label,2022-04-18 17:00:00,2022-04-18 17:00:00,1,0.1419288425925925,0.1419288425925925,0.2423918055555555,0.1004629629629629,0.8611111111111112,6.233333333333333
kpx_group_3,scada_under_label,2024-12-26 00:00:00,2024-12-26 00:00:00,1,0.1416561428571427,0.1416561428571427,0.7892751904761904,0.6476190476190476,0.7333333333333334,13.96375
kpx_group_1,scada_under_label,2022-04-11 15:00:00,2022-04-11 15:00:00,1,0.1416188888888889,0.1416188888888889,0.2731929629629629,0.131574074074074,0.8055555555555557,6.813888888888889
kpx_group_3,scada_under_label,2023-11-19 10:00:00,2023-11-19 10:00:00,1,0.1415724285714286,0.1415724285714286,0.924953380952381,0.7833809523809524,0.9666666666666668,15.881
kpx_group_2,scada_under_label,2022-05-31 08:00:00,2022-05-31 08:00:00,1,0.1413888888888889,0.1413888888888889,0.1908333333333333,0.0494444444444444,0.6666666666666666,6.372222222222223
kpx_group_2,scada_zero_label_positive,2024-06-02 04:00:00,2024-06-02 04:00:00,1,0.1413294444444444,0.1413294444444444,0.1687368518518518,0.0274074074074074,0.8611111111111112,5.621277777777778
kpx_group_2,scada_under_label,2023-08-25 10:00:00,2023-08-25 10:00:00,1,0.1412392592592592,0.1412392592592592,0.4131374074074074,0.2718981481481481,0.8333333333333334,8.381388888888889
kpx_group_2,scada_under_label,2022-05-15 22:00:00,2022-05-15 22:00:00,1,0.1410594444444444,0.1410594444444444,0.4928187037037037,0.3517592592592592,0.9444444444444444,8.677777777777777
kpx_group_3,scada_under_label,2024-04-07 03:00:00,2024-04-07 03:00:00,1,0.1408701904761905,0.1408701904761905,0.8361082857142857,0.6952380952380952,0.9666666666666668,10.297333266666667
kpx_group_2,scada_under_label,2022-03-02 11:00:00,2022-03-02 11:00:00,1,0.1407685185185185,0.1407685185185185,0.2162777777777778,0.0755092592592592,0.888888888888889,6.458333333333333
kpx_group_1,scada_under_label,2023-03-18 17:00:00,2023-03-18 17:00:00,1,0.1404614814814814,0.1404614814814814,0.2095818518518518,0.0691203703703703,0.8611111111111112,6.084833333333333
kpx_group_2,scada_under_label,2023-12-17 04:00:00,2023-12-17 04:00:00,1,0.1404542129629629,0.1404542129629629,0.1761023611111111,0.0356481481481481,0.7222222222222222,13.540555555555557
kpx_group_3,scada_under_label,2024-01-14 16:00:00,2024-01-14 16:00:00,1,0.1400721904761904,0.1400721904761904,0.9063579047619048,0.7662857142857142,0.9666666666666668,11.720999966666668
kpx_group_2,scada_zero_label_positive,2023-02-20 17:00:00,2023-02-20 17:00:00,1,0.1399444444444444,0.1399444444444444,0.1399444444444444,0.0,0.8055555555555557,5.441444444444445
kpx_group_2,scada_zero_label_positive,2023-12-31 21:00:00,2023-12-31 21:00:00,1,0.1399444444444444,0.1399444444444444,0.1399444444444444,0.0,0.8055555555555557,6.30525
kpx_group_2,scada_under_label,2024-08-31 02:00:00,2024-08-31 02:00:00,1,0.1398372222222222,0.1398372222222222,0.454652037037037,0.3148148148148148,0.9166666666666666,8.247361111111111
kpx_group_2,scada_under_label,2022-05-15 01:00:00,2022-05-15 01:00:00,1,0.1397305092592592,0.1397305092592592,0.2966286574074074,0.1568981481481481,0.8333333333333334,6.827777777777778
kpx_group_1,scada_under_label,2022-12-25 16:00:00,2022-12-25 16:00:00,1,0.1394668518518518,0.1394668518518518,0.2002075925925926,0.0607407407407407,0.8611111111111112,6.414833333333334
kpx_group_2,scada_under_label,2022-09-04 09:00:00,2022-09-04 09:00:00,1,0.1393903703703704,0.1393903703703704,0.3120292592592593,0.1726388888888889,0.888888888888889,7.469444444444444
kpx_group_2,scada_zero_label_positive,2023-11-07 23:00:00,2023-11-07 23:00:00,1,0.1392748611111111,0.1392748611111111,0.1392748611111111,0.0,0.8333333333333334,5.241083333333333
kpx_group_2,scada_under_label,2023-12-19 06:00:00,2023-12-19 06:00:00,1,0.1391047685185185,0.1391047685185185,0.1787806944444444,0.0396759259259259,0.8333333333333334,5.896444444444445
kpx_group_3,scada_over_label,2023-04-11 09:00:00,2023-04-11 09:00:00,1,0.1390355714285714,0.1390355714285714,0.5000120476190476,0.6390476190476191,0.9333333333333332,17.857666666666667
kpx_group_3,scada_under_label,2024-12-16 06:00:00,2024-12-16 06:00:00,1,0.1390195714285714,0.1390195714285714,0.7961624285714286,0.6571428571428571,0.7666666666666667,13.358333333333334
kpx_group_2,scada_under_label,2023-10-18 05:00:00,2023-10-18 05:00:00,1,0.1388518518518518,0.1388518518518518,0.3053333333333333,0.1664814814814814,0.9166666666666666,6.792000000000001
kpx_group_2,scada_under_label,2024-01-10 08:00:00,2024-01-10 08:00:00,1,0.1388016666666666,0.1388016666666666,0.2069035185185185,0.0681018518518518,0.888888888888889,6.384527777777778
kpx_group_3,scada_under_label,2024-01-26 21:00:00,2024-01-26 21:00:00,1,0.1386285714285715,0.1386285714285715,0.9029142857142858,0.7642857142857142,0.9666666666666668,10.691666633333334
kpx_group_3,scada_over_label,2023-04-29 21:00:00,2023-04-29 21:00:00,1,0.1385112857142856,0.1385112857142856,0.2754887142857143,0.414,0.6,16.226666666666667
kpx_group_2,scada_under_label,2024-11-19 21:00:00,2024-11-19 21:00:00,1,0.1383177314814815,0.1383177314814815,0.4332251388888889,0.2949074074074074,0.8333333333333334,8.49661111111111
kpx_group_1,scada_under_label,2022-07-07 21:00:00,2022-07-07 21:00:00,1,0.1382334259259259,0.1382334259259259,0.4117982407407408,0.2735648148148148,0.6666666666666666,9.625
kpx_group_1,scada_under_label,2024-07-28 14:00:00,2024-07-28 14:00:00,1,0.1381730092592593,0.1381730092592593,0.5718304166666667,0.4336574074074074,0.9444444444444444,9.510416666666666
kpx_group_3,scada_under_label,2023-12-02 03:00:00,2023-12-02 03:00:00,1,0.1381729523809524,0.1381729523809524,0.6611729523809524,0.523,0.7666666666666667,10.0826666
kpx_group_3,scada_under_label,2024-01-17 07:00:00,2024-01-17 07:00:00,1,0.1380691904761906,0.1380691904761906,0.9449263333333334,0.8068571428571428,0.9666666666666668,12.484666666666667
kpx_group_1,scada_zero_label_positive,2024-04-24 14:00:00,2024-04-24 14:00:00,1,0.1379356944444444,0.1379356944444444,0.1379356944444444,0.0,0.7777777777777778,5.850722222222221
kpx_group_2,scada_zero_label_positive,2024-03-08 19:00:00,2024-03-08 19:00:00,1,0.1379356944444444,0.1379356944444444,0.1379356944444444,0.0,0.6944444444444443,5.745222222222222
kpx_group_3,scada_under_label,2023-11-24 19:00:00,2023-11-24 19:00:00,1,0.1376175238095238,0.1376175238095238,0.7389984761904762,0.6013809523809523,0.9666666666666668,9.255333299999998
kpx_group_3,scada_under_label,2024-12-05 23:00:00,2024-12-05 23:00:00,1,0.1375829523809523,0.1375829523809523,0.7899639047619047,0.6523809523809524,0.7666666666666667,14.988
kpx_group_2,scada_zero_label_positive,2023-09-18 07:00:00,2023-09-18 07:00:00,1,0.1373581944444444,0.1373581944444444,0.1647193055555555,0.0273611111111111,0.8333333333333334,6.330527777777778
kpx_group_3,scada_under_label,2024-02-11 11:00:00,2024-02-11 11:00:00,1,0.1372290952380953,0.1372290952380953,0.8354195714285715,0.6981904761904761,0.9666666666666668,10.725999933333334
kpx_group_2,scada_under_label,2023-09-30 11:00:00,2023-09-30 11:00:00,1,0.1371159722222222,0.1371159722222222,0.1961900462962963,0.059074074074074,0.8333333333333334,5.614111111111111
kpx_group_3,scada_under_label,2024-12-26 05:00:00,2024-12-26 05:00:00,1,0.1367759523809523,0.1367759523809523,0.7796330952380952,0.6428571428571429,0.7666666666666667,14.54125
kpx_group_1,scada_zero_label_positive,2024-03-07 18:00:00,2024-03-07 18:00:00,1,0.1365964814814814,0.1365964814814814,0.1365964814814814,0.0,0.611111111111111,8.749916666666666
kpx_group_3,scada_under_label,2023-12-24 23:00:00,2023-12-24 23:00:00,1,0.1364481428571429,0.1364481428571429,0.7961624285714286,0.6597142857142857,0.9333333333333332,10.2523333
kpx_group_2,scada_under_label,2022-01-29 12:00:00,2022-01-29 12:00:00,1,0.1364415277777777,0.1364415277777777,0.2792193055555555,0.1427777777777777,0.8333333333333334,6.711111111111111
kpx_group_3,scada_under_label,2024-12-15 01:00:00,2024-12-15 01:00:00,1,0.1363829523809524,0.1363829523809524,0.8030496190476191,0.6666666666666666,0.7666666666666667,14.920666666666667
kpx_group_2,scada_under_label,2022-11-02 19:00:00,2022-11-02 19:00:00,1,0.1362441666666666,0.1362441666666666,0.2658275,0.1295833333333333,0.8333333333333334,7.152777777777778
kpx_group_1,scada_under_label,2024-08-21 11:00:00,2024-08-21 11:00:00,1,0.1362105092592592,0.1362105092592592,0.378988287037037,0.2427777777777778,0.888888888888889,8.040944444444444
kpx_group_3,scada_under_label,2024-05-10 03:00:00,2024-05-10 03:00:00,1,0.1362055238095237,0.1362055238095237,0.7885864761904762,0.6523809523809524,0.7666666666666667,14.697
kpx_group_2,scada_under_label,2022-01-02 15:00:00,2022-01-02 15:00:00,1,0.1362046759259259,0.1362046759259259,0.4539824537037037,0.3177777777777777,0.9166666666666666,7.975
kpx_group_2,scada_under_label,2024-05-16 13:00:00,2024-05-16 13:00:00,1,0.1361612962962962,0.1361612962962962,0.3528742592592592,0.2167129629629629,0.8611111111111112,7.341
kpx_group_1,scada_under_label,2022-07-30 20:00:00,2022-07-30 20:00:00,1,0.1361018518518518,0.1361018518518518,0.2035555555555555,0.0674537037037037,0.8333333333333334,6.841666666666668
kpx_group_2,scada_zero_label_positive,2023-04-03 11:00:00,2023-04-03 11:00:00,1,0.1360867592592592,0.1360867592592592,0.1640497222222222,0.0279629629629629,0.8333333333333334,5.852472222222223
kpx_group_2,scada_zero_label_positive,2022-02-26 06:00:00,2022-02-26 06:00:00,1,0.1359268981481481,0.1359268981481481,0.1359268981481481,0.0,0.8055555555555557,5.258333333333333
kpx_group_2,scada_under_label,2023-06-21 05:00:00,2023-06-21 05:00:00,1,0.1359068981481481,0.1359068981481481,0.1801198611111111,0.0442129629629629,0.6388888888888888,6.413916666666666
kpx_group_1,scada_under_label,2024-03-26 21:00:00,2024-03-26 21:00:00,1,0.1357772685185185,0.1357772685185185,0.1673976388888889,0.0316203703703703,0.8611111111111112,6.455388888888888
kpx_group_3,scada_under_label,2023-12-20 15:00:00,2023-12-20 15:00:00,1,0.1357729523809523,0.1357729523809523,0.8836300952380952,0.7478571428571429,0.9666666666666668,10.946999966666668
kpx_group_1,scada_under_label,2022-07-23 22:00:00,2022-07-23 22:00:00,1,0.1356705555555555,0.1356705555555555,0.2002075925925926,0.064537037037037,0.8055555555555557,6.811111111111111
kpx_group_1,scada_under_label,2022-11-08 03:00:00,2022-11-08 03:00:00,1,0.1355453240740741,0.1355453240740741,0.5765175462962964,0.4409722222222222,0.8333333333333334,9.375
kpx_group_2,scada_under_label,2022-03-06 12:00:00,2022-03-06 12:00:00,1,0.1354892592592592,0.1354892592592592,0.1714151851851852,0.0359259259259259,0.7777777777777778,5.802777777777778
kpx_group_3,scada_under_label,2024-11-30 20:00:00,2024-11-30 20:00:00,1,0.1350055238095239,0.1350055238095239,0.8016721904761905,0.6666666666666666,0.8000000000000002,14.203666666666669
kpx_group_2,scada_under_label,2023-11-13 22:00:00,2023-11-13 22:00:00,1,0.1350029166666666,0.1350029166666666,0.9166695833333331,0.7816666666666666,0.9722222222222222,13.534611111111111
kpx_group_1,scada_under_label,2022-08-04 20:00:00,2022-08-04 20:00:00,1,0.1347207407407407,0.1347207407407407,0.2095818518518518,0.0748611111111111,0.8333333333333334,6.7444444444444445
kpx_group_2,scada_under_label,2024-01-07 06:00:00,2024-01-07 06:00:00,1,0.1342918981481481,0.1342918981481481,0.3870233796296296,0.2527314814814815,0.8333333333333334,7.600916666666666
kpx_group_3,scada_under_label,2024-01-23 20:00:00,2024-01-23 20:00:00,1,0.1342511428571428,0.1342511428571428,0.7706797142857142,0.6364285714285715,0.7666666666666667,13.853666666666667
kpx_group_1,scada_under_label,2022-07-17 11:00:00,2022-07-17 11:00:00,1,0.1342461111111111,0.1342461111111111,0.1687368518518518,0.0344907407407407,0.8333333333333334,6.016666666666667
kpx_group_2,scada_under_label,2022-11-03 06:00:00,2022-11-03 06:00:00,1,0.1342353703703703,0.1342353703703703,0.454652037037037,0.3204166666666667,0.888888888888889,8.141666666666667
kpx_group_2,scada_under_label,2024-03-01 01:00:00,2024-03-01 01:00:00,1,0.1340725925925925,0.1340725925925925,0.2095818518518518,0.0755092592592592,0.75,11.204805555555556
kpx_group_2,scada_zero_label_positive,2023-05-03 18:00:00,2023-05-03 18:00:00,1,0.1339181481481481,0.1339181481481481,0.1339181481481481,0.0,0.8333333333333334,5.970972222222223
kpx_group_2,scada_under_label,2023-11-17 10:00:00,2023-11-17 10:00:00,1,0.1338776851851851,0.1338776851851851,0.1861462037037037,0.0522685185185185,0.8333333333333334,5.944944444444444
kpx_group_1,scada_zero_label_positive,2022-01-19 15:00:00,2022-01-19 15:00:00,1,0.1337461111111111,0.1337461111111111,0.1560146296296296,0.0222685185185185,0.7777777777777778,5.963888888888889
kpx_group_2,scada_under_label,2023-03-30 16:00:00,2023-03-30 16:00:00,1,0.1336618055555555,0.1336618055555555,0.1981988425925926,0.064537037037037,0.8333333333333334,6.333944444444445
kpx_group_2,scada_under_label,2024-03-24 21:00:00,2024-03-24 21:00:00,1,0.1335984259259259,0.1335984259259259,0.2685058333333333,0.1349074074074074,0.888888888888889,6.775416666666666
kpx_group_1,scada_under_label,2022-12-01 11:00:00,2022-12-01 11:00:00,1,0.1334931944444444,0.1334931944444444,0.4734006018518518,0.3399074074074074,0.888888888888889,8.541666666666666
kpx_group_2,scada_under_label,2022-12-22 11:00:00,2022-12-22 11:00:00,1,0.1334624537037038,0.1334624537037038,0.8671198611111112,0.7336574074074074,0.9722222222222224,15.150944444444445
kpx_group_2,scada_under_label,2023-03-10 16:00:00,2023-03-10 16:00:00,1,0.1334605092592592,0.1334605092592592,0.2135993981481481,0.0801388888888888,0.8611111111111112,6.476972222222223
kpx_group_2,scada_under_label,2023-07-25 20:00:00,2023-07-25 20:00:00,1,0.1333265277777777,0.1333265277777777,0.4479561574074073,0.3146296296296296,0.8333333333333334,8.84436111111111
kpx_group_1,scada_zero_label_positive,2023-11-05 02:00:00,2023-11-05 02:00:00,1,0.1332485185185185,0.1332485185185185,0.1332485185185185,0.0,0.8333333333333334,5.749388888888888
kpx_group_2,scada_zero_label_positive,2022-07-03 23:00:00,2022-07-03 23:00:00,1,0.1332485185185185,0.1332485185185185,0.1332485185185185,0.0,0.7777777777777778,6.002777777777777
kpx_group_2,scada_zero_label_positive,2023-04-16 10:00:00,2023-04-16 10:00:00,1,0.1332485185185185,0.1332485185185185,0.1332485185185185,0.0,0.75,5.1387777777777774
kpx_group_3,scada_under_label,2024-05-11 21:00:00,2024-05-11 21:00:00,1,0.1329222857142856,0.1329222857142856,0.909112761904762,0.7761904761904762,0.9666666666666668,11.370999966666666
kpx_group_3,scada_under_label,2024-12-31 23:00:00,2024-12-31 23:00:00,1,0.1328210476190475,0.1328210476190475,0.7899639047619047,0.6571428571428571,0.7666666666666667,11.809166666666664
kpx_group_3,scada_over_label,2023-04-20 07:00:00,2023-04-20 07:00:00,1,0.1327839523809523,0.1327839523809523,0.5227398571428572,0.6555238095238095,0.7999999999999999,17.016
kpx_group_3,scada_under_label,2024-12-29 04:00:00,2024-12-29 04:00:00,1,0.1327619047619047,0.1327619047619047,0.7851428571428571,0.6523809523809524,0.7666666666666667,12.832916666666668
kpx_group_2,scada_under_label,2022-05-14 10:00:00,2022-05-14 10:00:00,1,0.1325375462962962,0.1325375462962962,0.4941579166666666,0.3616203703703703,0.9444444444444444,9.494444444444444
kpx_group_3,scada_under_label,2024-01-05 22:00:00,2024-01-05 22:00:00,1,0.1325212857142856,0.1325212857142856,0.7300450952380952,0.5975238095238096,0.7666666666666667,12.614666633333334
kpx_group_2,scada_under_label,2022-12-06 03:00:00,2022-12-06 03:00:00,1,0.1325102314814815,0.1325102314814815,0.8865380092592593,0.7540277777777777,0.9722222222222222,14.725
kpx_group_3,scada_under_label,2024-12-01 05:00:00,2024-12-01 05:00:00,1,0.1324661428571428,0.1324661428571428,0.7610375714285714,0.6285714285714286,0.7666666666666667,10.940666633333334
kpx_group_2,scada_under_label,2022-12-07 05:00:00,2022-12-07 05:00:00,1,0.1323913425925925,0.1323913425925925,0.9059561574074072,0.7735648148148148,0.9722222222222224,17.65277777777778
kpx_group_3,scada_under_label,2024-12-28 18:00:00,2024-12-28 18:00:00,1,0.132250619047619,0.132250619047619,0.7989172857142857,0.6666666666666666,0.7666666666666667,13.84375
kpx_group_2,scada_under_label,2024-03-10 04:00:00,2024-03-10 04:00:00,1,0.1312787499999999,0.1312787499999999,0.2885935648148148,0.1573148148148148,0.8611111111111112,6.75525
kpx_group_1,scada_zero_label_positive,2022-12-16 22:00:00,2022-12-16 22:00:00,1,0.1312529166666666,0.1312529166666666,0.15333625,0.0220833333333333,0.6666666666666666,6.746
kpx_group_3,scada_under_label,2024-12-26 03:00:00,2024-12-26 03:00:00,1,0.131207,0.131207,0.7693022380952381,0.638095238095238,0.7666666666666667,13.345833333333331
kpx_group_1,scada_zero_label_positive,2022-08-10 04:00:00,2022-08-10 04:00:00,1,0.1311886111111111,0.1311886111111111,0.1513275,0.0201388888888888,0.8333333333333334,6.525
kpx_group_1,scada_under_label,2022-11-01 14:00:00,2022-11-01 14:00:00,1,0.131180324074074,0.131180324074074,0.1727543981481481,0.041574074074074,0.7777777777777778,6.102777777777778
kpx_group_3,scada_under_label,2024-05-17 19:00:00,2024-05-17 19:00:00,1,0.1311308095238095,0.1311308095238095,0.8739879523809524,0.7428571428571429,0.9666666666666668,11.371333266666667
kpx_group_3,scada_under_label,2024-01-31 06:00:00,2024-01-31 06:00:00,1,0.1308887142857143,0.1308887142857143,0.5110315714285715,0.3801428571428571,0.9666666666666668,7.407666666666667
kpx_group_2,scada_under_label,2022-11-05 13:00:00,2022-11-05 13:00:00,1,0.1307553703703703,0.1307553703703703,0.1941812962962963,0.0634259259259259,0.8055555555555557,5.802777777777777
kpx_group_2,scada_under_label,2024-03-11 07:00:00,2024-03-11 07:00:00,1,0.1307329629629628,0.1307329629629628,0.8845292592592592,0.7537962962962963,0.9722222222222222,14.40325
kpx_group_3,scada_under_label,2024-01-06 01:00:00,2024-01-06 01:00:00,1,0.1306571428571429,0.1306571428571429,0.7328,0.6021428571428571,0.7666666666666667,12.324333333333334
kpx_group_1,scada_under_label,2024-10-22 13:00:00,2024-10-22 13:00:00,1,0.1306344907407407,0.1306344907407407,0.3870233796296296,0.2563888888888889,0.8333333333333334,7.982138888888888
kpx_group_1,low_online_label_positive,2023-12-18 06:00:00,2023-12-18 06:00:00,1,0.1305443518518518,0.1305443518518518,0.3133684259259259,0.182824074074074,0.4444444444444444,11.043055555555556
kpx_group_3,scada_under_label,2024-12-22 00:00:00,2024-12-22 00:00:00,1,0.1305182857142858,0.1305182857142858,0.7686135238095239,0.638095238095238,0.7666666666666667,10.845
kpx_group_3,scada_under_label,2024-05-11 05:00:00,2024-05-11 05:00:00,1,0.1304380952380953,0.1304380952380953,0.7066285714285715,0.5761904761904761,0.6666666666666666,14.715666666666666
kpx_group_1,scada_zero_label_positive,2022-08-02 13:00:00,2022-08-02 13:00:00,1,0.1303055555555555,0.1303055555555555,0.1526666666666666,0.0223611111111111,0.8333333333333334,6.230555555555555
kpx_group_2,scada_under_label,2023-05-10 05:00:00,2023-05-10 05:00:00,1,0.1302280555555555,0.1302280555555555,0.1921725,0.0619444444444444,0.8055555555555555,5.668388888888889
kpx_group_2,scada_under_label,2023-12-31 18:00:00,2023-12-31 18:00:00,1,0.1301047685185185,0.1301047685185185,0.2042251388888888,0.0741203703703703,0.8611111111111112,7.07061111111111
kpx_group_2,scada_under_label,2024-01-11 13:00:00,2024-01-11 13:00:00,1,0.1299274074074075,0.1299274074074075,0.9099737037037038,0.7800462962962963,0.9722222222222224,15.0195
kpx_group_1,scada_under_label,2022-06-30 05:00:00,2022-06-30 05:00:00,1,0.1299044907407407,0.1299044907407407,0.41916375,0.2892592592592592,0.9444444444444444,8.319444444444445
kpx_group_3,scada_under_label,2024-12-10 07:00:00,2024-12-10 07:00:00,1,0.1297283333333333,0.1297283333333333,0.6487759523809524,0.5190476190476191,0.7666666666666667,9.357333333333337
kpx_group_2,scada_under_label,2024-02-01 00:00:00,2024-02-01 00:00:00,1,0.1297124537037036,0.1297124537037036,0.2310087499999999,0.1012962962962963,0.888888888888889,6.38838888888889
kpx_group_2,scada_under_label,2023-11-09 13:00:00,2023-11-09 13:00:00,1,0.1293294444444443,0.1293294444444443,0.8811812962962963,0.7518518518518519,0.9722222222222224,16.12461111111111
kpx_group_3,scada_under_label,2024-12-27 02:00:00,2024-12-27 02:00:00,1,0.1293182857142857,0.1293182857142857,0.7816992380952381,0.6523809523809524,0.7666666666666667,12.36
kpx_group_2,scada_zero_label_positive,2022-09-05 15:00:00,2022-09-05 15:00:00,1,0.1292309722222222,0.1292309722222222,0.1292309722222222,0.0,0.5555555555555556,5.866666666666667
kpx_group_2,scada_zero_label_positive,2022-11-23 15:00:00,2022-11-23 15:00:00,1,0.1292309722222222,0.1292309722222222,0.1292309722222222,0.0,0.7777777777777778,5.188888888888889
kpx_group_2,scada_under_label,2022-05-01 06:00:00,2022-05-01 06:00:00,1,0.1289697685185185,0.1289697685185185,0.4680438425925926,0.3390740740740741,0.9166666666666666,8.28888888888889
kpx_group_3,scada_under_label,2024-01-31 03:00:00,2024-01-31 03:00:00,1,0.1288797142857142,0.1288797142857142,0.8884511428571428,0.7595714285714286,0.9666666666666668,10.424999966666666
kpx_group_3,scada_under_label,2024-07-10 04:00:00,2024-07-10 04:00:00,1,0.1288240476190476,0.1288240476190476,0.6859669047619048,0.5571428571428572,0.8333333333333334,10.383999966666666
kpx_group_1,scada_under_label,2022-09-05 06:00:00,2022-09-05 06:00:00,1,0.1287768055555555,0.1287768055555555,0.2075731018518518,0.0787962962962963,0.8333333333333334,6.830555555555556
kpx_group_2,scada_under_label,2022-05-04 12:00:00,2022-05-04 12:00:00,1,0.1287519444444445,0.1287519444444445,0.8443537962962964,0.7156018518518519,0.9722222222222224,12.927777777777775
kpx_group_3,scada_under_label,2024-01-05 11:00:00,2024-01-05 11:00:00,1,0.1287483809523809,0.1287483809523809,0.7624150476190477,0.6336666666666667,0.7666666666666667,16.259999966666665
kpx_group_2,scada_under_label,2022-12-18 22:00:00,2022-12-18 22:00:00,1,0.1286817592592593,0.1286817592592593,0.9173391666666668,0.7886574074074074,0.9722222222222224,16.63611111111111
kpx_group_2,scada_under_label,2024-06-25 15:00:00,2024-06-25 15:00:00,1,0.1285843055555555,0.1285843055555555,0.4285380092592593,0.2999537037037037,0.9444444444444444,8.445972222222222
kpx_group_2,scada_under_label,2022-05-22 08:00:00,2022-05-22 08:00:00,1,0.1285199999999999,0.1285199999999999,0.4901403703703703,0.3616203703703703,0.9444444444444444,7.899999999999999
kpx_group_3,scada_under_label,2024-12-02 19:00:00,2024-12-02 19:00:00,1,0.1285112857142856,0.1285112857142856,0.7713684285714285,0.6428571428571429,0.7666666666666667,12.86
kpx_group_3,scada_under_label,2023-12-26 19:00:00,2023-12-26 19:00:00,1,0.128455619047619,0.128455619047619,0.6997413333333333,0.5712857142857143,0.9,9.7473333
kpx_group_2,scada_under_label,2022-05-29 08:00:00,2022-05-29 08:00:00,1,0.1284342129629629,0.1284342129629629,0.7419064351851852,0.6134722222222222,0.8333333333333334,11.47222222222222
kpx_group_3,scada_under_label,2024-01-05 14:00:00,2024-01-05 14:00:00,1,0.1284245714285713,0.1284245714285713,0.7493293333333333,0.620904761904762,0.7666666666666667,13.760666666666664
kpx_group_2,scada_under_label,2024-03-16 01:00:00,2024-03-16 01:00:00,1,0.1283133333333333,0.1283133333333333,0.3622485185185185,0.2339351851851852,0.9444444444444444,7.1844722222222215
kpx_group_2,scada_under_label,2022-12-20 08:00:00,2022-12-20 08:00:00,1,0.1282933796296296,0.1282933796296296,0.8517193055555555,0.7234259259259259,0.9722222222222224,12.772222222222224
kpx_group_2,scada_under_label,2022-04-14 04:00:00,2022-04-14 04:00:00,1,0.1281130555555555,0.1281130555555555,0.259131574074074,0.1310185185185185,0.8055555555555557,8.927777777777777
kpx_group_1,scada_under_label,2024-05-14 16:00:00,2024-05-14 16:00:00,1,0.1280872222222222,0.1280872222222222,0.1874853703703703,0.0593981481481481,0.8055555555555557,5.943888888888889
kpx_group_2,scada_under_label,2022-04-27 21:00:00,2022-04-27 21:00:00,1,0.1279605092592592,0.1279605092592592,0.3280993981481481,0.2001388888888889,0.888888888888889,6.769444444444446
kpx_group_3,scada_under_label,2023-12-18 03:00:00,2023-12-18 03:00:00,1,0.1279468571428571,0.1279468571428571,0.7686135238095239,0.6406666666666667,0.9666666666666668,10.211
kpx_group_1,scada_under_label,2022-11-29 13:00:00,2022-11-29 13:00:00,1,0.1279068981481481,0.1279068981481481,0.1673976388888889,0.0394907407407407,0.6944444444444445,6.047222222222222
kpx_group_2,scada_under_label,2022-03-11 01:00:00,2022-03-11 01:00:00,1,0.1274878240740741,0.1274878240740741,0.9407748611111112,0.8132870370370371,0.9722222222222224,15.772222222222224
kpx_group_3,scada_under_label,2024-03-29 05:00:00,2024-03-29 05:00:00,1,0.1273704285714285,0.1273704285714285,0.7892751904761904,0.6619047619047619,0.7666666666666667,13.793333333333331
kpx_group_1,scada_zero_label_positive,2022-08-02 10:00:00,2022-08-02 10:00:00,1,0.1272222222222222,0.1272222222222222,0.1272222222222222,0.0,0.7777777777777778,5.758333333333333
kpx_group_2,scada_under_label,2024-03-30 02:00:00,2024-03-30 02:00:00,1,0.1271379166666666,0.1271379166666666,0.4238508796296296,0.2967129629629629,0.9166666666666666,7.639916666666667
kpx_group_2,scada_under_label,2023-11-07 02:00:00,2023-11-07 02:00:00,1,0.1270935648148148,0.1270935648148148,0.7593157870370371,0.6322222222222222,0.9444444444444444,20.74063888888889
kpx_group_2,scada_under_label,2023-07-14 07:00:00,2023-07-14 07:00:00,1,0.12704875,0.12704875,0.8677894907407407,0.7407407407407407,0.9722222222222222,15.512555555555556
kpx_group_3,scada_under_label,2024-06-01 04:00:00,2024-06-01 04:00:00,1,0.1267709047619047,0.1267709047619047,0.4077232857142857,0.2809523809523809,0.7333333333333334,6.892999966666667
kpx_group_1,scada_under_label,2022-04-11 17:00:00,2022-04-11 17:00:00,1,0.1266418055555555,0.1266418055555555,0.38233625,0.2556944444444444,0.8333333333333334,7.702777777777778
kpx_group_3,scada_under_label,2024-12-29 02:00:00,2024-12-29 02:00:00,1,0.1266225714285714,0.1266225714285714,0.7837654285714286,0.6571428571428571,0.7666666666666667,12.775416666666668
kpx_group_1,scada_under_label,2022-07-21 06:00:00,2022-07-21 06:00:00,1,0.1265993981481481,0.1265993981481481,0.1627105092592592,0.0361111111111111,0.8333333333333334,6.472222222222222
kpx_group_2,scada_under_label,2023-06-11 17:00:00,2023-06-11 17:00:00,1,0.126554074074074,0.126554074074074,0.2986374074074074,0.1720833333333333,0.75,7.0875
kpx_group_1,scada_zero_label_positive,2024-10-26 10:00:00,2024-10-26 10:00:00,1,0.1265526388888888,0.1265526388888888,0.1265526388888888,0.0,0.8333333333333334,5.556333333333334
kpx_group_2,scada_under_label,2022-09-21 00:00:00,2022-09-21 00:00:00,1,0.1265385185185185,0.1265385185185185,0.1593625925925925,0.032824074074074,0.8611111111111112,5.525
kpx_group_1,scada_under_label,2024-07-07 13:00:00,2024-07-07 13:00:00,1,0.1265185185185184,0.1265185185185184,0.7760555555555555,0.649537037037037,0.8333333333333334,13.443777777777775
kpx_group_3,scada_under_label,2024-07-09 19:00:00,2024-07-09 19:00:00,1,0.126500238095238,0.126500238095238,0.607452619047619,0.4809523809523809,1.0,9.0123333
kpx_group_2,scada_under_label,2023-02-24 15:00:00,2023-02-24 15:00:00,1,0.1264990277777777,0.1264990277777777,0.1566842129629629,0.0301851851851851,0.6944444444444445,5.455972222222222
kpx_group_2,scada_under_label,2022-12-01 00:00:00,2022-12-01 00:00:00,1,0.1263435648148148,0.1263435648148148,0.8992602314814815,0.7729166666666667,0.9722222222222224,13.09722222222222
kpx_group_2,scada_under_label,2024-05-16 15:00:00,2024-05-16 15:00:00,1,0.1263148148148148,0.1263148148148148,0.4198333333333333,0.2935185185185185,0.8611111111111112,7.843277777777778
kpx_group_3,scada_under_label,2024-01-05 18:00:00,2024-01-05 18:00:00,1,0.1261443809523809,0.1261443809523809,0.7004300952380952,0.5742857142857143,0.7666666666666667,11.819999933333332
kpx_group_2,scada_under_label,2023-04-11 21:00:00,2023-04-11 21:00:00,1,0.1260043981481482,0.1260043981481482,0.7961432870370371,0.6701388888888888,0.9444444444444444,11.952583333333337
kpx_group_3,scada_under_label,2024-12-20 06:00:00,2024-12-20 06:00:00,1,0.1259719523809523,0.1259719523809523,0.7307338571428571,0.6047619047619047,0.7666666666666667,10.746333333333334
kpx_group_1,scada_under_label,2024-07-07 04:00:00,2024-07-07 04:00:00,1,0.1257729166666666,0.1257729166666666,0.6689210648148148,0.5431481481481482,0.8333333333333334,12.321694444444445
kpx_group_2,scada_under_label,2022-01-06 09:00:00,2022-01-06 09:00:00,1,0.1255618981481481,0.1255618981481481,0.2792193055555555,0.1536574074074074,0.9166666666666666,6.830555555555556
kpx_group_3,scada_under_label,2024-12-29 22:00:00,2024-12-29 22:00:00,1,0.1254606666666666,0.1254606666666666,0.7445082857142857,0.6190476190476191,0.7666666666666667,11.868749958333334
kpx_group_2,scada_under_label,2024-03-28 09:00:00,2024-03-28 09:00:00,1,0.1253045833333333,0.1253045833333333,0.3347953240740741,0.2094907407407407,0.8333333333333334,7.689388888888889
kpx_group_2,scada_under_label,2022-04-11 01:00:00,2022-04-11 01:00:00,1,0.1252899537037036,0.1252899537037036,0.9039473611111112,0.7786574074074074,0.9722222222222222,11.949999999999998
kpx_group_3,scada_under_label,2024-03-10 20:00:00,2024-03-10 20:00:00,1,0.1252280476190476,0.1252280476190476,0.8918947142857143,0.7666666666666667,0.9666666666666668,11.003666666666666
kpx_group_2,scada_zero_label_positive,2023-05-08 08:00:00,2023-05-08 08:00:00,1,0.1251700925925926,0.1251700925925926,0.1513275,0.0261574074074074,0.75,5.424444444444444
kpx_group_1,scada_under_label,2022-10-11 22:00:00,2022-10-11 22:00:00,1,0.1251037962962962,0.1251037962962962,0.259131574074074,0.1340277777777777,0.6666666666666666,7.802777777777778
kpx_group_2,scada_under_label,2023-05-10 01:00:00,2023-05-10 01:00:00,1,0.1249415277777777,0.1249415277777777,0.4318859722222222,0.3069444444444444,0.888888888888889,7.5072777777777775
kpx_group_2,scada_under_label,2022-12-05 03:00:00,2022-12-05 03:00:00,1,0.1249351851851851,0.1249351851851851,0.916,0.7910648148148148,0.9722222222222224,12.827777777777778
kpx_group_2,scada_under_label,2022-12-24 19:00:00,2022-12-24 19:00:00,1,0.1248572222222222,0.1248572222222222,0.2196257407407407,0.0947685185185185,0.8333333333333334,6.049472222222222
kpx_group_2,scada_under_label,2024-01-17 08:00:00,2024-01-17 08:00:00,1,0.1246223148148149,0.1246223148148149,0.8570760185185186,0.7324537037037037,0.9722222222222224,14.526527777777778
kpx_group_2,scada_under_label,2024-02-05 04:00:00,2024-02-05 04:00:00,1,0.1246086574074074,0.1246086574074074,0.3535438425925926,0.2289351851851851,0.9166666666666666,10.39825
kpx_group_1,scada_under_label,2022-04-09 07:00:00,2022-04-09 07:00:00,1,0.1244439351851852,0.1244439351851852,0.7907865277777778,0.6663425925925925,0.8333333333333334,15.136111111111113
kpx_group_3,scada_over_label,2023-04-12 08:00:00,2023-04-12 08:00:00,1,0.1243518571428571,0.1243518571428571,0.5213624285714286,0.6457142857142857,1.0,13.126333333333331
kpx_group_2,scada_under_label,2024-03-20 13:00:00,2024-03-20 13:00:00,1,0.1243484259259259,0.1243484259259259,0.1921725,0.067824074074074,0.8055555555555555,6.038361111111111
kpx_group_2,scada_under_label,2022-12-03 13:00:00,2022-12-03 13:00:00,1,0.1240843055555556,0.1240843055555556,0.8865380092592593,0.7624537037037037,0.9722222222222222,13.66388888888889
kpx_group_2,scada_under_label,2022-12-05 05:00:00,2022-12-05 05:00:00,1,0.1240355555555555,0.1240355555555555,0.8965818518518519,0.7725462962962963,0.9722222222222222,12.386111111111113
kpx_group_2,scada_under_label,2022-10-24 07:00:00,2022-10-24 07:00:00,1,0.1239614814814815,0.1239614814814815,0.2350262962962963,0.1110648148148148,0.9166666666666666,6.161111111111111
kpx_group_2,scada_under_label,2022-10-10 22:00:00,2022-10-10 22:00:00,1,0.1238976388888888,0.1238976388888888,0.8416754166666666,0.7177777777777777,0.9722222222222222,18.01666666666667
kpx_group_1,scada_under_label,2022-08-02 12:00:00,2022-08-02 12:00:00,1,0.1238811111111111,0.1238811111111111,0.184807037037037,0.0609259259259259,0.8333333333333334,6.547222222222222
kpx_group_1,scada_under_label,2023-01-16 21:00:00,2023-01-16 21:00:00,1,0.1238757407407407,0.1238757407407407,0.2323479629629629,0.1084722222222222,0.888888888888889,6.921
kpx_group_2,scada_zero_label_positive,2023-06-02 13:00:00,2023-06-02 13:00:00,1,0.1238742592592592,0.1238742592592592,0.1238742592592592,0.0,0.638888888888889,4.826861111111112
kpx_group_2,scada_under_label,2024-05-23 07:00:00,2024-05-23 07:00:00,1,0.1238688888888889,0.1238688888888889,0.7439151851851852,0.6200462962962963,0.8333333333333334,13.952583333333337
kpx_group_1,scada_under_label,2022-07-17 15:00:00,2022-07-17 15:00:00,1,0.1238391666666667,0.1238391666666667,0.1921725,0.0683333333333333,0.8055555555555557,6.122222222222223
kpx_group_3,scada_over_label,2023-10-26 19:00:00,2023-10-26 19:00:00,1,0.1238335714285714,0.1238335714285714,0.1776902380952381,0.3015238095238095,0.8000000000000002,5.581666625
kpx_group_1,scada_under_label,2022-11-30 02:00:00,2022-11-30 02:00:00,1,0.1237948148148148,0.1237948148148148,0.909304074074074,0.7855092592592593,0.9722222222222224,14.736111111111107
kpx_group_2,scada_under_label,2024-01-04 01:00:00,2024-01-04 01:00:00,1,0.1237553703703703,0.1237553703703703,0.3341257407407407,0.2103703703703703,0.8333333333333334,7.649083333333333
kpx_group_2,scada_under_label,2022-10-07 04:00:00,2022-10-07 04:00:00,1,0.1236661574074074,0.1236661574074074,0.2055643055555555,0.0818981481481481,0.8333333333333334,5.841666666666666
kpx_group_3,scada_under_label,2024-07-20 14:00:00,2024-07-20 14:00:00,1,0.1235889523809523,0.1235889523809523,0.6473984761904762,0.5238095238095238,1.0,9.139333266666666
kpx_group_3,scada_under_label,2024-12-02 15:00:00,2024-12-02 15:00:00,1,0.1235719523809524,0.1235719523809524,0.7569052857142857,0.6333333333333333,0.7666666666666667,12.814999966666669
kpx_group_1,scada_under_label,2024-07-07 02:00:00,2024-07-07 02:00:00,1,0.1235472685185185,0.1235472685185185,0.7338713425925926,0.6103240740740741,0.8333333333333334,13.66788888888889
kpx_group_2,scada_under_label,2023-02-24 13:00:00,2023-02-24 13:00:00,1,0.1235165740740741,0.1235165740740741,0.1734239814814815,0.0499074074074074,0.8333333333333334,5.742916666666666
kpx_group_3,scada_under_label,2023-12-02 06:00:00,2023-12-02 06:00:00,1,0.1235082857142857,0.1235082857142857,0.7445082857142857,0.621,0.7666666666666667,12.039
kpx_group_1,scada_under_label,2022-11-09 05:00:00,2022-11-09 05:00:00,1,0.1234205555555556,0.1234205555555556,0.7472631481481482,0.6238425925925926,0.8333333333333334,10.516666666666667
kpx_group_2,scada_under_label,2022-12-16 09:00:00,2022-12-16 09:00:00,1,0.1233976388888888,0.1233976388888888,0.3836754166666666,0.2602777777777778,0.9444444444444444,7.550000000000001
kpx_group_2,scada_under_label,2023-10-27 09:00:00,2023-10-27 09:00:00,1,0.1231968981481481,0.1231968981481481,0.1807894907407407,0.0575925925925925,0.8611111111111112,5.910444444444444
kpx_group_2,scada_under_label,2022-12-22 13:00:00,2022-12-22 13:00:00,1,0.1230204629629628,0.1230204629629628,0.8952426851851851,0.7722222222222223,0.9722222222222224,16.929916666666667
kpx_group_1,scada_under_label,2022-04-30 09:00:00,2022-04-30 09:00:00,1,0.1229727314814815,0.1229727314814815,0.2142690277777778,0.0912962962962962,0.8333333333333334,6.102777777777778
kpx_group_3,scada_under_label,2023-12-17 11:00:00,2023-12-17 11:00:00,1,0.122803,0.122803,0.6942315714285714,0.5714285714285714,0.7666666666666667,14.532666666666666
kpx_group_2,scada_under_label,2022-12-08 09:00:00,2022-12-08 09:00:00,1,0.1227407407407408,0.1227407407407408,0.8778333333333334,0.7550925925925925,0.9722222222222222,12.325
kpx_group_2,scada_under_label,2022-05-29 02:00:00,2022-05-29 02:00:00,1,0.1226091666666666,0.1226091666666666,0.7840906481481481,0.6614814814814814,0.8333333333333334,13.791666666666666
kpx_group_2,scada_zero_label_positive,2022-05-10 14:00:00,2022-05-10 14:00:00,1,0.1225350925925925,0.1225350925925925,0.1225350925925925,0.0,0.5,5.075
kpx_group_2,scada_zero_label_positive,2022-07-21 23:00:00,2022-07-21 23:00:00,1,0.1225350925925925,0.1225350925925925,0.1225350925925925,0.0,0.6944444444444443,5.5
kpx_group_2,scada_zero_label_positive,2023-10-10 08:00:00,2023-10-10 08:00:00,1,0.1225350925925925,0.1225350925925925,0.1225350925925925,0.0,0.8333333333333334,5.139083333333333
kpx_group_2,scada_zero_label_positive,2023-11-10 18:00:00,2023-11-10 18:00:00,1,0.1225350925925925,0.1225350925925925,0.1225350925925925,0.0,0.8055555555555557,5.294027777777778
kpx_group_2,scada_zero_label_positive,2024-02-15 18:00:00,2024-02-15 18:00:00,1,0.1225350925925925,0.1225350925925925,0.1225350925925925,0.0,0.6666666666666666,5.938166666666668
kpx_group_2,scada_zero_label_positive,2024-06-21 12:00:00,2024-06-21 12:00:00,1,0.1225350925925925,0.1225350925925925,0.1225350925925925,0.0,0.6388888888888888,5.459138888888888
kpx_group_1,scada_under_label,2022-04-06 21:00:00,2022-04-06 21:00:00,1,0.1224751388888888,0.1224751388888888,0.38233625,0.2598611111111111,0.8333333333333334,7.688888888888889
kpx_group_1,scada_under_label,2024-11-27 00:00:00,2024-11-27 00:00:00,1,0.1224498148148148,0.1224498148148148,0.7921257407407408,0.669675925925926,0.8333333333333334,15.849333333333332
kpx_group_1,scada_under_label,2022-04-16 22:00:00,2022-04-16 22:00:00,1,0.122401574074074,0.122401574074074,0.7747163888888888,0.6523148148148148,0.8333333333333334,11.172222222222222
kpx_group_2,scada_under_label,2022-12-15 21:00:00,2022-12-15 21:00:00,1,0.1222602314814814,0.1222602314814814,0.8483713425925926,0.7261111111111112,0.9722222222222224,13.736111111111112
kpx_group_1,scada_under_label,2022-03-27 17:00:00,2022-03-27 17:00:00,1,0.1221812962962963,0.1221812962962963,0.7157924074074075,0.5936111111111111,0.8333333333333334,13.283333333333331
kpx_group_2,scada_under_label,2022-11-28 22:00:00,2022-11-28 22:00:00,1,0.1221418055555555,0.1221418055555555,0.9039473611111112,0.7818055555555555,0.9722222222222222,12.822222222222225
kpx_group_2,scada_under_label,2023-03-01 21:00:00,2023-03-01 21:00:00,1,0.1221257407407407,0.1221257407407407,0.4740701851851852,0.3519444444444444,0.9444444444444444,8.296055555555556
kpx_group_2,scada_under_label,2022-12-03 16:00:00,2022-12-03 16:00:00,1,0.1221072222222221,0.1221072222222221,0.8811812962962963,0.7590740740740741,0.9722222222222224,15.886111111111113
kpx_group_3,scada_under_label,2024-01-16 23:00:00,2024-01-16 23:00:00,1,0.1219924761904762,0.1219924761904762,0.8815639047619048,0.7595714285714286,0.9666666666666668,10.225999966666668
kpx_group_1,scada_under_label,2024-07-30 23:00:00,2024-07-30 23:00:00,1,0.1219493055555555,0.1219493055555555,0.6796344907407407,0.5576851851851852,0.8333333333333334,10.447833333333334
kpx_group_3,scada_under_label,2024-12-05 20:00:00,2024-12-05 20:00:00,1,0.1219198095238095,0.1219198095238095,0.7885864761904762,0.6666666666666666,0.7666666666666667,14.766333333333334
kpx_group_1,scada_under_label,2023-01-13 11:00:00,2023-01-13 11:00:00,1,0.1218947222222222,0.1218947222222222,0.5102280555555555,0.3883333333333333,0.9166666666666666,9.2355
kpx_group_1,scada_zero_label_positive,2024-01-24 20:00:00,2024-01-24 20:00:00,1,0.1218655092592592,0.1218655092592592,0.1218655092592592,0.0,0.3333333333333333,9.2105
kpx_group_2,scada_under_label,2024-05-23 05:00:00,2024-05-23 05:00:00,1,0.1218089814814814,0.1218089814814814,0.7619941666666666,0.6401851851851852,0.8333333333333334,15.376722222222222
kpx_group_2,scada_zero_label_positive,2022-03-09 03:00:00,2022-03-09 03:00:00,1,0.1217046759259259,0.1217046759259259,0.1486491203703703,0.0269444444444444,0.8611111111111112,5.713888888888889
kpx_group_2,scada_zero_label_positive,2024-05-13 04:00:00,2024-05-13 04:00:00,1,0.1214619907407407,0.1214619907407407,0.1439619907407407,0.0225,0.8055555555555557,5.392305555555556
kpx_group_1,scada_under_label,2024-07-29 05:00:00,2024-07-29 05:00:00,1,0.1214483333333332,0.1214483333333332,0.7854298148148148,0.6639814814814815,0.8333333333333334,15.990555555555558
kpx_group_2,scada_under_label,2022-12-08 01:00:00,2022-12-08 01:00:00,1,0.1213333333333333,0.1213333333333333,0.8396666666666667,0.7183333333333334,0.9444444444444444,13.041666666666666
kpx_group_2,scada_under_label,2022-05-31 02:00:00,2022-05-31 02:00:00,1,0.121332824074074,0.121332824074074,0.1673976388888889,0.0460648148148148,0.7222222222222222,5.9944444444444445
kpx_group_1,scada_under_label,2023-10-16 22:00:00,2023-10-16 22:00:00,1,0.1212538888888887,0.1212538888888887,0.798152037037037,0.6768981481481482,0.8333333333333334,11.879305555555556
kpx_group_2,scada_under_label,2022-12-06 05:00:00,2022-12-06 05:00:00,1,0.1212124537037037,0.1212124537037037,0.9052865277777776,0.784074074074074,0.9722222222222224,14.677777777777775
kpx_group_2,scada_under_label,2022-11-28 16:00:00,2022-11-28 16:00:00,1,0.1211846759259259,0.1211846759259259,0.8798420833333334,0.7586574074074074,0.9444444444444444,14.144444444444446
kpx_group_1,scada_under_label,2022-07-30 22:00:00,2022-07-30 22:00:00,1,0.1210448148148148,0.1210448148148148,0.1714151851851852,0.0503703703703703,0.8333333333333334,6.355555555555555
kpx_group_2,scada_under_label,2022-05-29 04:00:00,2022-05-29 04:00:00,1,0.1209775925925926,0.1209775925925926,0.7794035185185186,0.658425925925926,0.8333333333333334,14.144444444444444
kpx_group_2,scada_under_label,2023-02-20 16:00:00,2023-02-20 16:00:00,1,0.1208372222222222,0.1208372222222222,0.2892631481481481,0.1684259259259259,0.8611111111111112,6.572055555555555
kpx_group_2,scada_under_label,2022-10-04 15:00:00,2022-10-04 15:00:00,1,0.1205682407407407,0.1205682407407407,0.2403830555555555,0.1198148148148148,0.8333333333333334,6.816666666666666
kpx_group_1,scada_under_label,2023-12-11 12:00:00,2023-12-11 12:00:00,1,0.1204205555555555,0.1204205555555555,0.4164853703703704,0.2960648148148148,0.8333333333333334,8.442166666666667
kpx_group_1,scada_under_label,2022-01-19 09:00:00,2022-01-19 09:00:00,1,0.1202762962962963,0.1202762962962963,0.2731929629629629,0.1529166666666666,0.8333333333333334,7.130555555555556
kpx_group_1,scada_under_label,2024-05-28 12:00:00,2024-05-28 12:00:00,1,0.1202085648148148,0.1202085648148148,0.3361344907407407,0.2159259259259259,0.8611111111111112,7.501111111111111
kpx_group_3,scada_under_label,2023-11-28 23:00:00,2023-11-28 23:00:00,1,0.1201854761904762,0.1201854761904762,0.7403759523809524,0.6201904761904762,0.9666666666666668,9.435999966666667
kpx_group_1,scada_under_label,2024-06-10 04:00:00,2024-06-10 04:00:00,1,0.1201622685185185,0.1201622685185185,0.6541900462962963,0.5340277777777778,0.8333333333333334,9.644805555555555
kpx_group_1,scada_under_label,2024-04-25 05:00:00,2024-04-25 05:00:00,1,0.1200370370370369,0.1200370370370369,0.7760555555555555,0.6560185185185186,0.9444444444444444,10.280527777777776
kpx_group_2,moderate_residual,2024-12-23 01:00:00,2024-12-23 01:00:00,1,0.1199561574074074,0.1199561574074074,0.8169006018518519,0.6969444444444445,0.9444444444444444,11.915
kpx_group_3,moderate_residual,2023-11-28 19:00:00,2023-11-28 19:00:00,1,0.1198841904761903,0.1198841904761903,0.8305984761904761,0.7107142857142857,0.9666666666666668,13.064666633333331
kpx_group_2,moderate_residual,2022-12-08 08:00:00,2022-12-08 08:00:00,1,0.119865,0.119865,0.8617631481481481,0.7418981481481481,0.9722222222222224,13.136111111111113
kpx_group_1,scada_zero_label_positive,2022-08-06 12:00:00,2022-08-06 12:00:00,1,0.1198630555555555,0.1198630555555555,0.144631574074074,0.0247685185185185,0.7777777777777778,5.636111111111112
kpx_group_1,scada_zero_label_positive,2022-12-16 08:00:00,2022-12-16 08:00:00,1,0.1198567129629629,0.1198567129629629,0.1198567129629629,0.0,0.6666666666666666,6.16536111111111
kpx_group_2,scada_zero_label_positive,2023-12-11 02:00:00,2023-12-11 02:00:00,1,0.1198567129629629,0.1198567129629629,0.1198567129629629,0.0,0.8055555555555557,5.718527777777777
kpx_group_2,moderate_residual,2022-12-13 03:00:00,2022-12-13 03:00:00,1,0.119832824074074,0.119832824074074,0.8925643055555555,0.7727314814814815,0.9722222222222224,18.544444444444444
kpx_group_2,moderate_residual,2023-11-09 17:00:00,2023-11-09 17:00:00,1,0.1198128703703702,0.1198128703703702,0.8095350925925925,0.6897222222222222,0.9722222222222224,14.065166666666668
kpx_group_2,moderate_residual,2022-12-22 06:00:00,2022-12-22 06:00:00,1,0.1197694907407408,0.1197694907407408,0.8356491203703704,0.7158796296296296,0.9722222222222224,12.723333333333334
kpx_group_1,moderate_residual,2022-04-09 08:00:00,2022-04-09 08:00:00,1,0.1195969907407408,0.1195969907407408,0.7579766203703704,0.6383796296296296,0.8333333333333334,12.191666666666668
kpx_group_2,moderate_residual,2022-11-06 04:00:00,2022-11-06 04:00:00,1,0.119565787037037,0.119565787037037,0.7974824537037036,0.6779166666666666,0.9722222222222222,10.536111111111111
kpx_group_2,moderate_residual,2022-11-05 09:00:00,2022-11-05 09:00:00,1,0.1195243518518518,0.1195243518518518,0.2685058333333333,0.1489814814814815,0.8333333333333334,6.661111111111111
kpx_group_1,moderate_residual,2024-11-26 23:00:00,2024-11-26 23:00:00,1,0.1195185185185184,0.1195185185185184,0.7887777777777777,0.6692592592592592,0.8333333333333334,14.794444444444444
kpx_group_1,moderate_residual,2023-11-06 21:00:00,2023-11-06 21:00:00,1,0.1194473611111111,0.1194473611111111,0.8530584722222222,0.7336111111111111,0.9722222222222222,17.64697222222222
kpx_group_2,moderate_residual,2024-11-30 15:00:00,2024-11-30 15:00:00,1,0.119320648148148,0.119320648148148,0.7392280555555555,0.6199074074074075,0.8333333333333334,13.209111111111111
kpx_group_2,moderate_residual,2024-01-02 10:00:00,2024-01-02 10:00:00,1,0.1193128703703703,0.1193128703703703,0.8604239814814815,0.7411111111111112,0.888888888888889,16.84197222222222
kpx_group_3,moderate_residual,2024-11-30 07:00:00,2024-11-30 07:00:00,1,0.1193002380952381,0.1193002380952381,0.6859669047619048,0.5666666666666667,0.7666666666666667,10.627666633333332
kpx_group_2,moderate_residual,2024-05-16 11:00:00,2024-05-16 11:00:00,1,0.1192441666666667,0.1192441666666667,0.6602163888888889,0.5409722222222222,0.9444444444444444,10.628666666666666
kpx_group_2,moderate_residual,2022-05-06 03:00:00,2022-05-06 03:00:00,1,0.1192046759259259,0.1192046759259259,0.8483713425925926,0.7291666666666666,0.9722222222222224,11.980555555555556
kpx_group_1,moderate_residual,2022-12-03 15:00:00,2022-12-03 15:00:00,1,0.1191774074074073,0.1191774074074073,0.8590848148148148,0.7399074074074075,0.9444444444444444,14.988888888888887
kpx_group_3,moderate_residual,2023-01-20 08:00:00,2023-01-20 08:00:00,1,0.1191734285714285,0.1191734285714285,0.0213503809523809,0.1405238095238095,0.2666666666666666,18.208
kpx_group_2,scada_zero_label_positive,2022-12-11 09:00:00,2022-12-11 09:00:00,1,0.1191539814814814,0.1191539814814814,0.1412836111111111,0.0221296296296296,0.8333333333333334,5.425
kpx_group_3,scada_zero_label_positive,2024-07-30 11:00:00,2024-07-30 11:00:00,1,0.1191488571428571,0.1191488571428571,0.1191488571428571,0.0,0.0,12.7075
kpx_group_2,moderate_residual,2022-04-25 06:00:00,2022-04-25 06:00:00,1,0.119102824074074,0.119102824074074,0.2885935648148148,0.1694907407407407,0.888888888888889,6.6194444444444445
kpx_group_2,moderate_residual,2024-02-09 08:00:00,2024-02-09 08:00:00,1,0.1190385185185185,0.1190385185185185,0.2229737037037037,0.1039351851851851,0.888888888888889,6.513527777777778
kpx_group_2,moderate_residual,2022-12-07 06:00:00,2022-12-07 06:00:00,1,0.1189707407407407,0.1189707407407407,0.8584151851851852,0.7394444444444445,0.9722222222222224,13.41388888888889
kpx_group_2,moderate_residual,2022-12-13 08:00:00,2022-12-13 08:00:00,1,0.1189181481481481,0.1189181481481481,0.8336403703703704,0.7147222222222223,0.9722222222222224,13.208333333333334
kpx_group_2,moderate_residual,2024-01-07 16:00:00,2024-01-07 16:00:00,1,0.1187256481481481,0.1187256481481481,0.8637719444444444,0.7450462962962963,0.9722222222222224,14.665777777777778
kpx_group_2,moderate_residual,2022-12-19 12:00:00,2022-12-19 12:00:00,1,0.1185755555555555,0.1185755555555555,0.8590848148148148,0.7405092592592593,0.9722222222222224,15.375
kpx_group_1,scada_zero_label_positive,2022-09-18 14:00:00,2022-09-18 14:00:00,1,0.1185175462962963,0.1185175462962963,0.1185175462962963,0.0,0.8333333333333334,5.766666666666667
kpx_group_2,moderate_residual,2022-05-04 21:00:00,2022-05-04 21:00:00,1,0.1184902314814814,0.1184902314814814,0.8289531944444444,0.710462962962963,0.9722222222222224,13.791666666666666
kpx_group_2,moderate_residual,2022-04-24 08:00:00,2022-04-24 08:00:00,1,0.1182007870370369,0.1182007870370369,0.9153304166666666,0.7971296296296296,0.9722222222222224,13.591666666666669
kpx_group_1,moderate_residual,2022-04-09 06:00:00,2022-04-09 06:00:00,1,0.1181983333333333,0.1181983333333333,0.798152037037037,0.6799537037037037,0.8333333333333334,14.858333333333334
kpx_group_1,moderate_residual,2022-08-05 02:00:00,2022-08-05 02:00:00,1,0.1181618055555555,0.1181618055555555,0.1854766203703703,0.0673148148148148,0.8333333333333334,6.175000000000001
kpx_group_2,moderate_residual,2023-11-09 12:00:00,2023-11-09 12:00:00,1,0.118045787037037,0.118045787037037,0.8671198611111112,0.7490740740740741,0.9722222222222224,14.718138888888888
kpx_group_2,moderate_residual,2022-05-05 00:00:00,2022-05-05 00:00:00,1,0.1180350925925926,0.1180350925925926,0.8985906481481482,0.7805555555555556,0.9722222222222224,14.188888888888888
kpx_group_2,moderate_residual,2022-01-08 03:00:00,2022-01-08 03:00:00,1,0.1180224074074073,0.1180224074074073,0.7854298148148148,0.6674074074074074,0.9722222222222224,10.247222222222222
kpx_group_3,moderate_residual,2023-11-07 09:00:00,2023-11-07 09:00:00,1,0.1179874761904761,0.1179874761904761,0.6026315714285715,0.7206190476190476,0.7666666666666667,15.051333333333334
kpx_group_1,scada_zero_label_positive,2022-06-06 18:00:00,2022-06-06 18:00:00,1,0.1178479629629629,0.1178479629629629,0.1178479629629629,0.0,0.8055555555555557,5.677777777777778
kpx_group_2,scada_zero_label_positive,2024-01-16 04:00:00,2024-01-16 04:00:00,1,0.1178479629629629,0.1178479629629629,0.1178479629629629,0.0,0.8055555555555557,4.979666666666667
kpx_group_2,moderate_residual,2023-01-05 03:00:00,2023-01-05 03:00:00,1,0.1178387037037036,0.1178387037037036,0.7666812962962962,0.6488425925925926,0.8333333333333334,13.062805555555556
kpx_group_1,moderate_residual,2024-07-29 09:00:00,2024-07-29 09:00:00,1,0.1176691203703702,0.1176691203703702,0.7787339351851851,0.6610648148148148,0.8333333333333334,16.369694444444445
kpx_group_2,moderate_residual,2022-05-04 09:00:00,2022-05-04 09:00:00,1,0.1175506944444444,0.1175506944444444,0.8979210648148148,0.7803703703703704,0.9722222222222224,14.683333333333332
kpx_group_2,moderate_residual,2022-04-18 11:00:00,2022-04-18 11:00:00,1,0.1175146296296296,0.1175146296296296,0.2577924074074074,0.1402777777777777,0.8611111111111112,6.397222222222222
kpx_group_2,moderate_residual,2022-05-20 06:00:00,2022-05-20 06:00:00,1,0.1174697685185186,0.1174697685185186,0.8115438425925927,0.6940740740740741,0.9722222222222224,12.905555555555557
kpx_group_2,moderate_residual,2022-05-03 19:00:00,2022-05-03 19:00:00,1,0.1174619907407407,0.1174619907407407,0.8691286574074074,0.7516666666666667,0.9722222222222224,13.947222222222225
kpx_group_2,moderate_residual,2022-01-29 10:00:00,2022-01-29 10:00:00,1,0.117209537037037,0.117209537037037,0.6501725,0.532962962962963,0.9722222222222224,9.730555555555556
kpx_group_1,scada_zero_label_positive,2024-02-29 22:00:00,2024-02-29 22:00:00,1,0.1171783796296296,0.1171783796296296,0.1171783796296296,0.0,0.8055555555555557,7.884277777777778
kpx_group_3,moderate_residual,2024-12-30 21:00:00,2024-12-30 21:00:00,1,0.1171749523809524,0.1171749523809524,0.6790797142857143,0.5619047619047619,0.7666666666666667,11.544583333333334
kpx_group_1,moderate_residual,2024-07-29 19:00:00,2024-07-29 19:00:00,1,0.1171632407407406,0.1171632407407406,0.7773947222222222,0.6602314814814815,0.8333333333333334,15.132388888888888
kpx_group_3,moderate_residual,2023-11-05 20:00:00,2023-11-05 20:00:00,1,0.1170671904761904,0.1170671904761904,0.3161232857142857,0.4331904761904762,1.0,6.684666666666666
kpx_group_2,moderate_residual,2022-12-27 23:00:00,2022-12-27 23:00:00,1,0.1170667592592592,0.1170667592592592,0.3609093518518518,0.2438425925925925,0.8333333333333334,7.467722222222222
kpx_group_2,moderate_residual,2022-05-18 12:00:00,2022-05-18 12:00:00,1,0.1168776851851851,0.1168776851851851,0.7713684259259259,0.6544907407407408,0.9722222222222224,12.344444444444443
kpx_group_1,moderate_residual,2024-07-08 14:00:00,2024-07-08 14:00:00,1,0.1168460185185185,0.1168460185185185,0.7747163888888888,0.6578703703703703,0.8333333333333334,15.41927777777778
kpx_group_1,moderate_residual,2022-09-19 13:00:00,2022-09-19 13:00:00,1,0.116795787037037,0.116795787037037,0.80350875,0.6867129629629629,0.9722222222222224,11.863888888888887
kpx_group_1,moderate_residual,2023-08-22 12:00:00,2023-08-22 12:00:00,1,0.1167509722222222,0.1167509722222222,0.3394824537037037,0.2227314814814814,0.9166666666666666,7.874138888888889
kpx_group_3,moderate_residual,2024-01-23 14:00:00,2024-01-23 14:00:00,1,0.1167072857142857,0.1167072857142857,0.5916120476190476,0.4749047619047619,0.7666666666666667,11.471666633333331
kpx_group_2,moderate_residual,2022-05-29 06:00:00,2022-05-29 06:00:00,1,0.1166588888888888,0.1166588888888888,0.7573070370370371,0.6406481481481482,0.8333333333333334,12.47222222222222
kpx_group_2,scada_zero_label_positive,2024-05-12 19:00:00,2024-05-12 19:00:00,1,0.1166291203703703,0.1166291203703703,0.1419531944444444,0.025324074074074,0.8055555555555557,5.595027777777777
kpx_group_2,moderate_residual,2024-03-30 03:00:00,2024-03-30 03:00:00,1,0.116602824074074,0.116602824074074,0.2885935648148148,0.1719907407407407,0.888888888888889,6.543694444444444
kpx_group_1,scada_zero_label_positive,2022-12-04 12:00:00,2022-12-04 12:00:00,1,0.1165038888888888,0.1165038888888888,0.1365964814814814,0.0200925925925925,0.6666666666666666,5.875
kpx_group_2,moderate_residual,2022-11-26 06:00:00,2022-11-26 06:00:00,1,0.1164980555555555,0.1164980555555555,0.8477017592592593,0.7312037037037037,0.9722222222222224,13.638888888888888
kpx_group_2,moderate_residual,2024-05-23 00:00:00,2024-05-23 00:00:00,1,0.1164907407407407,0.1164907407407407,0.7506111111111111,0.6341203703703704,0.8333333333333334,14.859166666666669
kpx_group_1,moderate_residual,2023-03-18 20:00:00,2023-03-18 20:00:00,1,0.1163537962962962,0.1163537962962962,0.259131574074074,0.1427777777777777,0.8333333333333334,6.978222222222223
kpx_group_2,moderate_residual,2024-07-07 13:00:00,2024-07-07 13:00:00,1,0.1163387037037038,0.1163387037037038,0.7921257407407408,0.675787037037037,0.9722222222222222,14.973055555555556
kpx_group_2,moderate_residual,2023-11-22 11:00:00,2023-11-22 11:00:00,1,0.1163308796296296,0.1163308796296296,0.149988287037037,0.0336574074074074,0.8333333333333334,5.931916666666667
kpx_group_3,moderate_residual,2023-12-28 17:00:00,2023-12-28 17:00:00,1,0.1162927142857143,0.1162927142857143,0.5916120476190476,0.7079047619047619,1.0,8.287333299999998
kpx_group_2,moderate_residual,2022-12-08 10:00:00,2022-12-08 10:00:00,1,0.1161939351851852,0.1161939351851852,0.7398976388888889,0.6237037037037036,0.9722222222222224,10.3
kpx_group_1,moderate_residual,2024-07-29 02:00:00,2024-07-29 02:00:00,1,0.1161768981481482,0.1161768981481482,0.7465935648148149,0.6304166666666666,0.8333333333333334,14.378944444444445
kpx_group_2,moderate_residual,2024-05-23 11:00:00,2024-05-23 11:00:00,1,0.1161627777777777,0.1161627777777777,0.3977368518518518,0.2815740740740741,0.9166666666666666,7.831027777777777
kpx_group_2,moderate_residual,2022-03-26 04:00:00,2022-03-26 04:00:00,1,0.1160706481481481,0.1160706481481481,0.7519502777777778,0.6358796296296296,0.9166666666666666,12.78888888888889
kpx_group_1,scada_zero_label_positive,2022-08-10 11:00:00,2022-08-10 11:00:00,1,0.1160521296296296,0.1160521296296296,0.1412836111111111,0.0252314814814814,0.8333333333333334,6.186111111111111
kpx_group_2,moderate_residual,2022-12-14 07:00:00,2022-12-14 07:00:00,1,0.1157889814814815,0.1157889814814815,0.8443537962962964,0.7285648148148148,0.9722222222222224,18.441666666666663
kpx_group_2,moderate_residual,2022-12-09 19:00:00,2022-12-09 19:00:00,1,0.1157573148148147,0.1157573148148147,0.7840906481481481,0.6683333333333333,0.9722222222222222,11.238888888888887
kpx_group_2,moderate_residual,2024-05-15 01:00:00,2024-05-15 01:00:00,1,0.1157339351851851,0.1157339351851851,0.8296228240740741,0.7138888888888889,0.9722222222222224,12.936916666666669
kpx_group_1,moderate_residual,2022-12-05 02:00:00,2022-12-05 02:00:00,1,0.115655925925926,0.115655925925926,0.7693596296296297,0.6537037037037037,0.8333333333333334,10.716666666666669
kpx_group_2,moderate_residual,2022-12-19 07:00:00,2022-12-19 07:00:00,1,0.1156515740740741,0.1156515740740741,0.8892163888888889,0.7735648148148148,0.9722222222222224,15.452777777777778
kpx_group_2,moderate_residual,2022-05-22 09:00:00,2022-05-22 09:00:00,1,0.1155960185185185,0.1155960185185185,0.2022163888888888,0.0866203703703703,0.8333333333333334,5.816666666666667
kpx_group_2,moderate_residual,2022-06-28 17:00:00,2022-06-28 17:00:00,1,0.1154006018518518,0.1154006018518518,0.8423450462962963,0.7269444444444444,0.9722222222222224,15.766666666666666
kpx_group_2,moderate_residual,2023-04-18 23:00:00,2023-04-18 23:00:00,1,0.1153655092592593,0.1153655092592593,0.7834210648148149,0.6680555555555555,0.9722222222222222,10.676277777777775
kpx_group_2,moderate_residual,2023-09-20 23:00:00,2023-09-20 23:00:00,1,0.1153250462962963,0.1153250462962963,0.8356491203703704,0.7203240740740741,0.9444444444444444,13.382416666666666
kpx_group_2,moderate_residual,2023-01-24 17:00:00,2023-01-24 17:00:00,1,0.1151724999999999,0.1151724999999999,0.7773947222222222,0.6622222222222223,0.9444444444444444,12.491583333333333
kpx_group_2,scada_zero_label_positive,2024-05-02 06:00:00,2024-05-02 06:00:00,1,0.1151695833333333,0.1151695833333333,0.1151695833333333,0.0,0.8333333333333334,5.2430555555555545
kpx_group_2,moderate_residual,2024-06-25 09:00:00,2024-06-25 09:00:00,1,0.1150979629629629,0.1150979629629629,0.5885701851851852,0.4734722222222222,0.9722222222222224,9.953694444444444
kpx_group_1,moderate_residual,2022-08-02 18:00:00,2022-08-02 18:00:00,1,0.1149283796296296,0.1149283796296296,0.1553450462962963,0.0404166666666666,0.8333333333333334,6.094444444444444
kpx_group_3,moderate_residual,2024-12-30 12:00:00,2024-12-30 12:00:00,1,0.1149142857142857,0.1149142857142857,0.7720571428571429,0.6571428571428571,0.7666666666666667,14.029583333333331
kpx_group_1,moderate_residual,2024-07-06 21:00:00,2024-07-06 21:00:00,1,0.1149010648148147,0.1149010648148147,0.7385584722222222,0.6236574074074074,0.8333333333333334,16.815083333333334
kpx_group_2,moderate_residual,2022-01-20 06:00:00,2022-01-20 06:00:00,1,0.1148211574074073,0.1148211574074073,0.2156081944444444,0.100787037037037,0.75,6.308333333333334
kpx_group_2,scada_zero_label_positive,2024-08-31 05:00:00,2024-08-31 05:00:00,1,0.1147694907407407,0.1147694907407407,0.1359268981481481,0.0211574074074074,0.8333333333333334,5.515416666666667
kpx_group_3,moderate_residual,2024-12-16 09:00:00,2024-12-16 09:00:00,1,0.1145593809523809,0.1145593809523809,0.7431308095238095,0.6285714285714286,0.7666666666666667,10.5446666
kpx_group_2,moderate_residual,2024-07-17 06:00:00,2024-07-17 06:00:00,1,0.1145331481481481,0.1145331481481481,0.7921257407407408,0.6775925925925926,0.9444444444444444,12.59327777777778
kpx_group_2,moderate_residual,2022-05-07 13:00:00,2022-05-07 13:00:00,1,0.1145199999999999,0.1145199999999999,0.1975292592592592,0.0830092592592592,0.8611111111111112,6.125
kpx_group_3,moderate_residual,2024-12-27 11:00:00,2024-12-27 11:00:00,1,0.1144410952380952,0.1144410952380952,0.7334887142857143,0.6190476190476191,0.7666666666666667,11.080416666666666
kpx_group_2,moderate_residual,2022-01-29 13:00:00,2022-01-29 13:00:00,1,0.1143796296296296,0.1143796296296296,0.2798888888888889,0.1655092592592592,0.9166666666666666,6.811111111111111
kpx_group_2,moderate_residual,2022-11-25 04:00:00,2022-11-25 04:00:00,1,0.114369861111111,0.114369861111111,0.8289531944444444,0.7145833333333333,0.9722222222222224,11.016666666666666
kpx_group_2,moderate_residual,2023-05-21 08:00:00,2023-05-21 08:00:00,1,0.1143333333333332,0.1143333333333332,0.7887777777777777,0.6744444444444444,0.9722222222222224,12.474388888888887
kpx_group_2,moderate_residual,2022-05-07 11:00:00,2022-05-07 11:00:00,1,0.1143138425925926,0.1143138425925926,0.1694064351851852,0.0550925925925925,0.8333333333333334,6.186111111111111
kpx_group_2,scada_zero_label_positive,2022-11-29 13:00:00,2022-11-29 13:00:00,1,0.1142841203703703,0.1142841203703703,0.1265526388888888,0.0122685185185185,0.8055555555555555,5.083333333333333
kpx_group_2,moderate_residual,2024-05-23 02:00:00,2024-05-23 02:00:00,1,0.1140755555555554,0.1140755555555554,0.7445848148148148,0.6305092592592593,0.8333333333333334,14.572777777777778
kpx_group_1,moderate_residual,2024-07-21 10:00:00,2024-07-21 10:00:00,1,0.1140414351851851,0.1140414351851851,0.7579766203703704,0.6439351851851852,0.8333333333333334,16.21536111111111
kpx_group_2,moderate_residual,2023-12-29 21:00:00,2023-12-29 21:00:00,1,0.1140214351851851,0.1140214351851851,0.7385584722222222,0.624537037037037,0.9722222222222224,11.240277777777775
kpx_group_2,moderate_residual,2023-09-21 07:00:00,2023-09-21 07:00:00,1,0.1140209722222221,0.1140209722222221,0.4479561574074073,0.3339351851851851,0.888888888888889,7.77813888888889
kpx_group_2,moderate_residual,2022-12-22 12:00:00,2022-12-22 12:00:00,1,0.1139809722222223,0.1139809722222223,0.854397638888889,0.7404166666666666,0.9722222222222224,19.15930555555556
kpx_group_2,moderate_residual,2023-01-02 10:00:00,2023-01-02 10:00:00,1,0.1139239814814814,0.1139239814814814,0.6950350925925926,0.5811111111111111,0.9722222222222224,9.813083333333331
kpx_group_1,moderate_residual,2022-08-10 20:00:00,2022-08-10 20:00:00,1,0.1138996296296296,0.1138996296296296,0.1593625925925925,0.0454629629629629,0.8333333333333334,6.391666666666667
kpx_group_3,moderate_residual,2024-05-26 20:00:00,2024-05-26 20:00:00,1,0.1138746666666666,0.1138746666666666,0.909112761904762,0.7952380952380952,0.9666666666666668,11.869666666666667
kpx_group_2,moderate_residual,2024-02-05 03:00:00,2024-02-05 03:00:00,1,0.1138537962962963,0.1138537962962963,0.1955204629629629,0.0816666666666666,0.6666666666666666,8.595444444444444
kpx_group_2,moderate_residual,2024-12-13 00:00:00,2024-12-13 00:00:00,1,0.1136047685185184,0.1136047685185184,0.4205029166666666,0.3068981481481481,0.9166666666666666,8.063583333333334
kpx_group_2,moderate_residual,2022-08-22 23:00:00,2022-08-22 23:00:00,1,0.1135979629629629,0.1135979629629629,0.8684590740740741,0.7548611111111111,0.9722222222222224,12.716666666666669
kpx_group_3,moderate_residual,2024-12-25 16:00:00,2024-12-25 16:00:00,1,0.1135368571428571,0.1135368571428571,0.7706797142857142,0.6571428571428571,0.7666666666666667,12.854583333333332
kpx_group_2,moderate_residual,2022-05-29 00:00:00,2022-05-29 00:00:00,1,0.1134537037037037,0.1134537037037037,0.7251666666666667,0.611712962962963,0.8333333333333334,13.102777777777776
kpx_group_2,scada_zero_label_positive,2022-06-03 04:00:00,2022-06-03 04:00:00,1,0.1134191203703703,0.1134191203703703,0.1299006018518518,0.0164814814814814,0.6666666666666666,5.672222222222222
kpx_group_2,moderate_residual,2022-12-07 18:00:00,2022-12-07 18:00:00,1,0.1133981481481483,0.1133981481481483,0.8015000000000001,0.6881018518518518,0.9722222222222224,14.725
kpx_group_2,moderate_residual,2022-03-06 15:00:00,2022-03-06 15:00:00,1,0.113372824074074,0.113372824074074,0.1935117129629629,0.0801388888888888,0.8611111111111112,5.980555555555555
kpx_group_1,moderate_residual,2022-07-14 23:00:00,2022-07-14 23:00:00,1,0.1133016666666666,0.1133016666666666,0.1941812962962963,0.0808796296296296,0.8333333333333334,6.380555555555556
kpx_group_3,moderate_residual,2023-01-24 18:00:00,2023-01-24 18:00:00,1,0.1132420952380953,0.1132420952380953,0.5592420952380953,0.446,0.6,10.337333333333332
kpx_group_2,moderate_residual,2024-05-27 23:00:00,2024-05-27 23:00:00,1,0.1131661574074073,0.1131661574074073,0.4472865277777777,0.3341203703703703,0.888888888888889,7.691111111111112
kpx_group_3,moderate_residual,2024-10-23 13:00:00,2024-10-23 13:00:00,1,0.1131649047619046,0.1131649047619046,0.8512601428571428,0.7380952380952381,0.9333333333333332,17.976666666666667
kpx_group_2,moderate_residual,2024-06-02 03:00:00,2024-06-02 03:00:00,1,0.1130190277777777,0.1130190277777777,0.1506579166666666,0.0376388888888888,0.8611111111111112,5.464222222222222
kpx_group_2,moderate_residual,2024-11-28 21:00:00,2024-11-28 21:00:00,1,0.1129337037037035,0.1129337037037035,0.8202485185185184,0.7073148148148148,0.9722222222222224,13.66627777777778
kpx_group_2,moderate_residual,2022-12-14 02:00:00,2022-12-14 02:00:00,1,0.1129181481481481,0.1129181481481481,0.871807037037037,0.7588888888888888,0.9722222222222224,15.930555555555555
kpx_group_2,moderate_residual,2024-03-02 19:00:00,2024-03-02 19:00:00,1,0.112832361111111,0.112832361111111,0.7419064351851852,0.6290740740740741,0.8333333333333334,13.12963888888889
kpx_group_2,moderate_residual,2022-12-17 11:00:00,2022-12-17 11:00:00,1,0.1128104166666666,0.1128104166666666,0.2598011574074074,0.1469907407407407,0.8333333333333334,6.519444444444445
kpx_group_1,moderate_residual,2024-07-28 19:00:00,2024-07-28 19:00:00,1,0.1127553703703704,0.1127553703703704,0.690347962962963,0.5775925925925925,0.8333333333333334,13.225333333333332
kpx_group_3,moderate_residual,2023-12-22 22:00:00,2023-12-22 22:00:00,1,0.1127338571428571,0.1127338571428571,0.861591,0.7488571428571429,0.9666666666666668,10.265999933333331
kpx_group_2,scada_zero_label_positive,2024-05-03 05:00:00,2024-05-03 05:00:00,1,0.1125438425925925,0.1125438425925925,0.1372660648148148,0.0247222222222222,0.8611111111111112,5.474027777777778
kpx_group_2,moderate_residual,2022-12-13 18:00:00,2022-12-13 18:00:00,1,0.1124990277777777,0.1124990277777777,0.8182397685185185,0.7057407407407408,0.9722222222222224,13.125
kpx_group_1,moderate_residual,2023-07-05 04:00:00,2023-07-05 04:00:00,1,0.1124970833333334,0.1124970833333334,0.8008304166666668,0.6883333333333334,0.9722222222222222,11.846527777777778
kpx_group_2,scada_zero_label_positive,2024-01-16 07:00:00,2024-01-16 07:00:00,1,0.11249125,0.11249125,0.11249125,0.0,0.638888888888889,5.040083333333333
kpx_group_1,moderate_residual,2022-05-17 16:00:00,2022-05-17 16:00:00,1,0.1124619907407407,0.1124619907407407,0.2966286574074074,0.1841666666666666,0.9166666666666666,6.883333333333333
kpx_group_2,moderate_residual,2023-03-13 05:00:00,2023-03-13 05:00:00,1,0.112381574074074,0.112381574074074,0.7552982407407407,0.6429166666666667,0.9722222222222222,11.52575
kpx_group_1,moderate_residual,2024-12-28 14:00:00,2024-12-28 14:00:00,1,0.1123528240740741,0.1123528240740741,0.8483713425925926,0.7360185185185185,0.9722222222222224,12.562222222222225
kpx_group_3,moderate_residual,2023-12-02 07:00:00,2023-12-02 07:00:00,1,0.1123358571428572,0.1123358571428572,0.7748120476190477,0.6624761904761904,0.7666666666666667,13.508
kpx_group_1,moderate_residual,2022-08-04 21:00:00,2022-08-04 21:00:00,1,0.1122612037037037,0.1122612037037037,0.2209649074074074,0.1087037037037037,0.8333333333333334,6.8694444444444445
kpx_group_1,moderate_residual,2022-08-01 20:00:00,2022-08-01 20:00:00,1,0.1120906481481481,0.1120906481481481,0.1607017592592592,0.0486111111111111,0.8333333333333334,6.108333333333333
kpx_group_2,moderate_residual,2023-01-05 17:00:00,2023-01-05 17:00:00,1,0.112065324074074,0.112065324074074,0.3160468055555555,0.2039814814814814,0.8333333333333334,7.433388888888889
kpx_group_3,moderate_residual,2024-03-15 13:00:00,2024-03-15 13:00:00,1,0.1120410952380951,0.1120410952380951,0.7596601428571428,0.6476190476190476,0.7666666666666667,15.076333333333332
kpx_group_2,moderate_residual,2022-03-25 22:00:00,2022-03-25 22:00:00,1,0.1120262962962962,0.1120262962962962,0.5403596296296296,0.4283333333333333,0.9444444444444444,9.1
kpx_group_3,moderate_residual,2024-12-26 08:00:00,2024-12-26 08:00:00,1,0.1119228095238096,0.1119228095238096,0.7500180476190477,0.638095238095238,0.7666666666666667,13.940833333333332
kpx_group_2,moderate_residual,2024-12-28 16:00:00,2024-12-28 16:00:00,1,0.1118883796296296,0.1118883796296296,0.80350875,0.6916203703703704,0.888888888888889,13.001916666666666
kpx_group_2,moderate_residual,2022-11-26 08:00:00,2022-11-26 08:00:00,1,0.1118304166666667,0.1118304166666667,0.8262748611111111,0.7144444444444444,0.9444444444444444,12.944444444444445
kpx_group_2,scada_zero_label_positive,2024-10-29 09:00:00,2024-10-29 09:00:00,1,0.1118216203703703,0.1118216203703703,0.1118216203703703,0.0,0.6666666666666666,5.862277777777778
kpx_group_1,moderate_residual,2022-04-12 02:00:00,2022-04-12 02:00:00,1,0.11177875,0.11177875,0.7465935648148149,0.6348148148148148,0.8333333333333334,10.991666666666667
kpx_group_2,moderate_residual,2023-01-05 13:00:00,2023-01-05 13:00:00,1,0.111659861111111,0.111659861111111,0.7024006018518518,0.5907407407407408,0.8333333333333334,11.51502777777778
kpx_group_3,moderate_residual,2023-01-25 19:00:00,2023-01-25 19:00:00,1,0.1116115238095238,0.1116115238095238,0.7507067619047619,0.639095238095238,0.8000000000000002,11.400083216666667
kpx_group_2,moderate_residual,2022-05-19 01:00:00,2022-05-19 01:00:00,1,0.1115925925925926,0.1115925925925926,0.8015000000000001,0.6899074074074074,0.9722222222222224,13.536111111111111
kpx_group_2,moderate_residual,2024-05-18 00:00:00,2024-05-18 00:00:00,1,0.1114654166666665,0.1114654166666665,0.7787339351851851,0.6672685185185185,0.9722222222222224,12.648944444444446
kpx_group_3,moderate_residual,2023-12-17 03:00:00,2023-12-17 03:00:00,1,0.1114285714285714,0.1114285714285714,0.6542857142857142,0.5428571428571428,0.7666666666666667,14.749333333333334
kpx_group_2,moderate_residual,2022-05-19 09:00:00,2022-05-19 09:00:00,1,0.1114103240740741,0.1114103240740741,0.8276140277777778,0.7162037037037037,0.9722222222222224,15.263888888888888
kpx_group_2,moderate_residual,2024-03-17 04:00:00,2024-03-17 04:00:00,1,0.1113499074074073,0.1113499074074073,0.8604239814814815,0.7490740740740741,0.9444444444444444,16.27888888888889
kpx_group_2,moderate_residual,2022-12-13 06:00:00,2022-12-13 06:00:00,1,0.1112772685185184,0.1112772685185184,0.8798420833333334,0.7685648148148149,0.9722222222222224,15.425
kpx_group_1,moderate_residual,2024-07-29 12:00:00,2024-07-29 12:00:00,1,0.1112494907407407,0.1112494907407407,0.7271754166666666,0.6159259259259259,0.8333333333333334,14.669111111111112
kpx_group_1,moderate_residual,2022-09-06 07:00:00,2022-09-06 07:00:00,1,0.1112007870370371,0.1112007870370371,0.8008304166666668,0.6896296296296296,0.9722222222222224,13.733333333333333
kpx_group_2,moderate_residual,2022-05-03 07:00:00,2022-05-03 07:00:00,1,0.1111846759259259,0.1111846759259259,0.7526198611111111,0.6414351851851852,0.9722222222222224,10.672222222222222
kpx_group_3,moderate_residual,2024-07-18 18:00:00,2024-07-18 18:00:00,1,0.1111218095238095,0.1111218095238095,0.6460210476190476,0.7571428571428571,1.0,9.744999966666668
kpx_group_1,moderate_residual,2022-04-06 20:00:00,2022-04-06 20:00:00,1,0.1110677314814815,0.1110677314814815,0.3441695833333333,0.2331018518518518,0.8333333333333334,7.397222222222222
kpx_group_1,moderate_residual,2023-08-03 22:00:00,2023-08-03 22:00:00,1,0.1110394907407408,0.1110394907407408,0.7914561574074075,0.6804166666666667,0.9722222222222222,10.764805555555554
kpx_group_1,moderate_residual,2022-04-19 14:00:00,2022-04-19 14:00:00,1,0.1109332407407407,0.1109332407407407,0.1607017592592592,0.0497685185185185,0.7777777777777778,5.916666666666667
kpx_group_2,moderate_residual,2023-02-24 14:00:00,2023-02-24 14:00:00,1,0.1108640277777777,0.1108640277777777,0.2423918055555555,0.1315277777777777,0.8333333333333334,6.4622777777777785
kpx_group_1,moderate_residual,2024-12-06 04:00:00,2024-12-06 04:00:00,1,0.1108503703703703,0.1108503703703703,0.6930262962962963,0.5821759259259259,0.8333333333333334,14.912444444444445
kpx_group_2,moderate_residual,2024-05-05 22:00:00,2024-05-05 22:00:00,1,0.1107222222222221,0.1107222222222221,0.7887777777777777,0.6780555555555555,0.888888888888889,15.922222222222222
kpx_group_2,moderate_residual,2023-06-28 08:00:00,2023-06-28 08:00:00,1,0.1107075925925925,0.1107075925925925,0.7218187037037037,0.6111111111111112,0.9722222222222224,11.165333333333336
kpx_group_2,moderate_residual,2024-07-18 09:00:00,2024-07-18 09:00:00,1,0.1105672685185185,0.1105672685185185,0.6769561574074074,0.5663888888888889,0.8333333333333334,11.712694444444445
kpx_group_2,scada_zero_label_positive,2022-04-19 12:00:00,2022-04-19 12:00:00,1,0.1104824537037037,0.1104824537037037,0.1104824537037037,0.0,0.7777777777777778,5.152777777777778
kpx_group_2,scada_zero_label_positive,2024-11-12 12:00:00,2024-11-12 12:00:00,1,0.1104824537037037,0.1104824537037037,0.1104824537037037,0.0,0.7222222222222222,5.020833333333333
kpx_group_1,moderate_residual,2022-07-08 06:00:00,2022-07-08 06:00:00,1,0.1104605092592592,0.1104605092592592,0.3917105092592592,0.28125,0.6666666666666666,9.955555555555556
kpx_group_1,moderate_residual,2024-07-22 03:00:00,2024-07-22 03:00:00,1,0.1103484259259258,0.1103484259259258,0.7265058333333333,0.6161574074074074,0.8333333333333334,11.652722222222224
kpx_group_2,moderate_residual,2024-04-12 04:00:00,2024-04-12 04:00:00,1,0.1102456018518519,0.1102456018518519,0.348856712962963,0.2386111111111111,0.8333333333333334,7.755222222222223
kpx_group_2,moderate_residual,2023-08-10 10:00:00,2023-08-10 10:00:00,1,0.1102290277777777,0.1102290277777777,0.7097660648148149,0.5995370370370371,0.9166666666666666,11.029722222222224
kpx_group_2,scada_zero_label_positive,2024-04-07 08:00:00,2024-04-07 08:00:00,1,0.1101861574074074,0.1101861574074074,0.1359268981481481,0.0257407407407407,0.8333333333333334,5.542111111111111
kpx_group_1,moderate_residual,2022-11-29 12:00:00,2022-11-29 12:00:00,1,0.1100872222222222,0.1100872222222222,0.1747631481481481,0.0646759259259259,0.8333333333333334,6.480555555555555
kpx_group_2,moderate_residual,2022-01-13 14:00:00,2022-01-13 14:00:00,1,0.1100696759259259,0.1100696759259259,0.8450233796296297,0.7349537037037037,0.9722222222222224,14.763888888888893
kpx_group_2,moderate_residual,2022-05-28 22:00:00,2022-05-28 22:00:00,1,0.1100692129629629,0.1100692129629629,0.681643287037037,0.5715740740740741,0.8333333333333334,11.85277777777778
kpx_group_2,moderate_residual,2024-03-15 10:00:00,2024-03-15 10:00:00,1,0.1100448148148148,0.1100448148148148,0.7820818518518519,0.672037037037037,0.9722222222222224,13.3495
kpx_group_1,scada_zero_label_positive,2023-09-14 14:00:00,2023-09-14 14:00:00,1,0.1100326388888888,0.1100326388888888,0.1325789351851851,0.0225462962962962,0.8055555555555557,5.841638888888888
kpx_group_3,moderate_residual,2023-10-26 20:00:00,2023-10-26 20:00:00,1,0.1099904761904762,0.1099904761904762,0.5365142857142857,0.4265238095238095,0.8000000000000002,8.794583291666667
kpx_group_2,moderate_residual,2022-12-21 03:00:00,2022-12-21 03:00:00,1,0.1099493055555554,0.1099493055555554,0.8195789351851851,0.7096296296296296,0.9722222222222224,11.747222222222222
kpx_group_2,moderate_residual,2024-07-03 23:00:00,2024-07-03 23:00:00,1,0.1098616203703704,0.1098616203703704,0.7358801388888889,0.6260185185185185,0.9722222222222222,14.317083333333334
kpx_group_3,moderate_residual,2024-12-31 22:00:00,2024-12-31 22:00:00,1,0.1098566190476191,0.1098566190476191,0.7479518571428572,0.638095238095238,0.7666666666666667,11.067916666666669
kpx_group_3,moderate_residual,2024-12-07 06:00:00,2024-12-07 06:00:00,1,0.1097974761904762,0.1097974761904762,0.7431308095238095,0.6333333333333333,0.7666666666666667,10.548999866666668
kpx_group_2,moderate_residual,2024-01-04 17:00:00,2024-01-04 17:00:00,1,0.1097826388888889,0.1097826388888889,0.7305233796296297,0.6207407407407407,0.8333333333333334,12.065138888888889
kpx_group_2,moderate_residual,2023-11-18 17:00:00,2023-11-18 17:00:00,1,0.1097090740740741,0.1097090740740741,0.6776257407407408,0.5679166666666666,0.8333333333333334,13.357583333333332
kpx_group_1,moderate_residual,2023-01-13 04:00:00,2023-01-13 04:00:00,1,0.1095355555555556,0.1095355555555556,0.7184707407407408,0.6089351851851852,0.9722222222222222,10.861138888888888
kpx_group_1,moderate_residual,2024-03-01 02:00:00,2024-03-01 02:00:00,1,0.1095209722222222,0.1095209722222222,0.142622824074074,0.0331018518518518,0.7777777777777778,7.731472222222222
kpx_group_1,scada_zero_label_positive,2022-09-05 14:00:00,2022-09-05 14:00:00,1,0.1093381944444444,0.1093381944444444,0.1325789351851851,0.0232407407407407,0.6944444444444443,6.105555555555555
kpx_group_2,moderate_residual,2024-03-29 18:00:00,2024-03-29 18:00:00,1,0.1092841203703703,0.1092841203703703,0.8262748611111111,0.7169907407407408,0.9722222222222224,14.926027777777778
kpx_group_2,moderate_residual,2022-01-13 11:00:00,2022-01-13 11:00:00,1,0.1091973611111112,0.1091973611111112,0.8148918055555556,0.7056944444444444,0.9722222222222224,12.927777777777775
kpx_group_2,scada_zero_label_positive,2024-06-11 09:00:00,2024-06-11 09:00:00,1,0.109143287037037,0.109143287037037,0.109143287037037,0.0,0.6666666666666666,4.617055555555556
kpx_group_1,moderate_residual,2022-01-11 21:00:00,2022-01-11 21:00:00,1,0.1091223148148148,0.1091223148148148,0.653520462962963,0.5443981481481481,0.8611111111111112,8.625
kpx_group_1,moderate_residual,2024-07-22 09:00:00,2024-07-22 09:00:00,1,0.1091052777777779,0.1091052777777779,0.7238275000000001,0.6147222222222222,0.8333333333333334,12.62025
kpx_group_1,moderate_residual,2023-11-07 00:00:00,2023-11-07 00:00:00,1,0.1089907407407407,0.1089907407407407,0.8142222222222223,0.7052314814814815,0.9722222222222224,15.19525
kpx_group_2,moderate_residual,2022-12-28 15:00:00,2022-12-28 15:00:00,1,0.1088581944444444,0.1088581944444444,0.7117748611111111,0.6029166666666667,0.888888888888889,11.287972222222225
kpx_group_2,moderate_residual,2023-06-29 23:00:00,2023-06-29 23:00:00,1,0.1088401388888888,0.1088401388888888,0.6461549537037037,0.5373148148148148,0.8611111111111112,10.105777777777776
kpx_group_1,moderate_residual,2023-11-06 11:00:00,2023-11-06 11:00:00,1,0.1088157870370369,0.1088157870370369,0.8102046759259258,0.7013888888888888,0.9722222222222224,13.030499999999998
kpx_group_1,scada_zero_label_positive,2022-07-15 12:00:00,2022-07-15 12:00:00,1,0.1086462037037037,0.1086462037037037,0.1225350925925925,0.0138888888888888,0.7777777777777778,5.283333333333333
kpx_group_2,moderate_residual,2023-01-25 09:00:00,2023-01-25 09:00:00,1,0.1084571296296297,0.1084571296296297,0.7238275000000001,0.6153703703703703,0.9722222222222224,10.821
kpx_group_2,moderate_residual,2023-10-02 00:00:00,2023-10-02 00:00:00,1,0.1083806018518518,0.1083806018518518,0.1995380092592592,0.0911574074074074,0.8611111111111112,5.825083333333335
kpx_group_2,moderate_residual,2024-12-26 17:00:00,2024-12-26 17:00:00,1,0.1083143055555556,0.1083143055555556,0.5617865277777778,0.4534722222222222,0.8055555555555557,10.494111111111112
kpx_group_2,moderate_residual,2023-07-06 12:00:00,2023-07-06 12:00:00,1,0.1082119907407407,0.1082119907407407,0.729184212962963,0.6209722222222223,0.9722222222222222,10.636666666666663
kpx_group_3,moderate_residual,2024-12-04 20:00:00,2024-12-04 20:00:00,1,0.108183476190476,0.108183476190476,0.7224691904761904,0.6142857142857143,0.7666666666666667,11.059999966666666
kpx_group_1,moderate_residual,2022-01-22 14:00:00,2022-01-22 14:00:00,1,0.1081262037037036,0.1081262037037036,0.3448391666666666,0.2367129629629629,0.8333333333333334,7.605555555555555
kpx_group_2,moderate_residual,2022-06-29 13:00:00,2022-06-29 13:00:00,1,0.1078859722222221,0.1078859722222221,0.8389970833333333,0.7311111111111112,0.9722222222222224,16.030555555555555
kpx_group_1,moderate_residual,2023-11-23 23:00:00,2023-11-23 23:00:00,1,0.1078348148148148,0.1078348148148148,0.7954737037037037,0.6876388888888889,0.9722222222222224,15.220833333333331
kpx_group_1,scada_zero_label_positive,2024-01-25 06:00:00,2024-01-25 06:00:00,1,0.107804074074074,0.107804074074074,0.107804074074074,0.0,0.3333333333333333,9.87711111111111
kpx_group_1,moderate_residual,2022-12-16 23:00:00,2022-12-16 23:00:00,1,0.1077816666666666,0.1077816666666666,0.1620409259259259,0.0542592592592592,0.6666666666666666,6.937
kpx_group_2,moderate_residual,2024-10-01 08:00:00,2024-10-01 08:00:00,1,0.1076456944444445,0.1076456944444445,0.6334327314814815,0.525787037037037,0.9166666666666666,11.060416666666669
kpx_group_1,moderate_residual,2023-11-07 02:00:00,2023-11-07 02:00:00,1,0.1073606018518519,0.1073606018518519,0.7907865277777778,0.6834259259259259,0.9722222222222224,18.97988888888889
kpx_group_2,moderate_residual,2022-05-18 19:00:00,2022-05-18 19:00:00,1,0.1072573148148148,0.1072573148148148,0.6950350925925926,0.5877777777777777,0.9722222222222224,11.169444444444444
kpx_group_3,moderate_residual,2023-11-16 01:00:00,2023-11-16 01:00:00,1,0.1072355714285714,0.1072355714285714,0.1205263333333333,0.2277619047619047,0.7999999999999999,4.671666666666667
kpx_group_1,moderate_residual,2023-12-18 02:00:00,2023-12-18 02:00:00,1,0.1072290277777777,0.1072290277777777,0.378988287037037,0.2717592592592592,0.6666666666666666,12.019027777777778
kpx_group_1,moderate_residual,2022-08-01 16:00:00,2022-08-01 16:00:00,1,0.1071666666666666,0.1071666666666666,0.2035555555555555,0.0963888888888888,0.8333333333333334,6.311111111111111
kpx_group_3,moderate_residual,2023-03-29 22:00:00,2023-03-29 22:00:00,1,0.1071539047619047,0.1071539047619047,0.3595127619047619,0.4666666666666667,1.0,6.732666666666667
kpx_group_3,moderate_residual,2023-12-17 12:00:00,2023-12-17 12:00:00,1,0.1071398571428571,0.1071398571428571,0.6928541428571429,0.5857142857142857,0.7666666666666667,14.973333333333333
kpx_group_2,scada_zero_label_positive,2022-05-09 03:00:00,2022-05-09 03:00:00,1,0.1071344907407407,0.1071344907407407,0.1071344907407407,0.0,0.8333333333333334,5.308333333333334
kpx_group_2,scada_zero_label_positive,2023-04-24 09:00:00,2023-04-24 09:00:00,1,0.1071344907407407,0.1071344907407407,0.1071344907407407,0.0,0.8333333333333334,5.4174444444444445
kpx_group_2,scada_zero_label_positive,2024-01-24 23:00:00,2024-01-24 23:00:00,1,0.1071344907407407,0.1071344907407407,0.1071344907407407,0.0,0.1666666666666666,9.192305555555556
kpx_group_1,moderate_residual,2022-04-11 16:00:00,2022-04-11 16:00:00,1,0.1070516666666666,0.1070516666666666,0.3214035185185185,0.2143518518518518,0.8333333333333334,7.291666666666667
kpx_group_1,moderate_residual,2023-07-06 10:00:00,2023-07-06 10:00:00,1,0.1069566203703704,0.1069566203703704,0.3950584722222222,0.2881018518518518,0.9444444444444444,7.9029444444444445
kpx_group_2,moderate_residual,2024-01-25 18:00:00,2024-01-25 18:00:00,1,0.1068776851851852,0.1068776851851852,0.1988684259259259,0.0919907407407407,0.7222222222222222,7.18388888888889
kpx_group_2,moderate_residual,2022-04-26 03:00:00,2022-04-26 03:00:00,1,0.10666375,0.10666375,0.2283304166666666,0.1216666666666666,0.8611111111111112,6.572222222222223
kpx_group_2,moderate_residual,2022-12-19 23:00:00,2022-12-19 23:00:00,1,0.1064512500000001,0.1064512500000001,0.8751549537037038,0.7687037037037037,0.9722222222222224,13.436111111111112
kpx_group_1,scada_zero_label_positive,2023-09-23 05:00:00,2023-09-23 05:00:00,1,0.1063786574074074,0.1063786574074074,0.1312397685185185,0.0248611111111111,0.8333333333333334,5.130305555555556
kpx_group_2,moderate_residual,2022-05-19 20:00:00,2022-05-19 20:00:00,1,0.1063377314814815,0.1063377314814815,0.7198099537037037,0.6134722222222222,0.9722222222222224,11.43611111111111
kpx_group_1,moderate_residual,2023-07-05 13:00:00,2023-07-05 13:00:00,1,0.1062577777777779,0.1062577777777779,0.8329707407407408,0.726712962962963,0.9722222222222224,15.398472222222225
kpx_group_1,moderate_residual,2022-12-21 03:00:00,2022-12-21 03:00:00,1,0.1062319907407408,0.1062319907407408,0.6341023611111112,0.5278703703703703,0.8333333333333334,10.360694444444446
kpx_group_2,moderate_residual,2024-03-28 08:00:00,2024-03-28 08:00:00,1,0.1061325462962963,0.1061325462962963,0.4459473611111111,0.3398148148148148,0.8333333333333334,8.696305555555556
kpx_group_2,moderate_residual,2022-12-28 02:00:00,2022-12-28 02:00:00,1,0.106,0.106,0.3435,0.2375,0.8333333333333334,7.78725
kpx_group_2,moderate_residual,2022-05-14 05:00:00,2022-05-14 05:00:00,1,0.1058913425925925,0.1058913425925925,0.7405672685185185,0.6346759259259259,0.9722222222222222,10.433333333333334
kpx_group_2,moderate_residual,2023-12-07 13:00:00,2023-12-07 13:00:00,1,0.1058752314814815,0.1058752314814815,0.7559678240740741,0.6500925925925926,0.9722222222222224,11.307222222222222
kpx_group_2,scada_zero_label_positive,2024-10-22 10:00:00,2024-10-22 10:00:00,1,0.105795324074074,0.105795324074074,0.105795324074074,0.0,0.5,5.564916666666666
kpx_group_2,moderate_residual,2024-12-21 15:00:00,2024-12-21 15:00:00,1,0.1057090740740741,0.1057090740740741,0.6394590740740741,0.53375,0.9444444444444444,10.085861111111113
kpx_group_3,moderate_residual,2024-12-08 07:00:00,2024-12-08 07:00:00,1,0.105703238095238,0.105703238095238,0.6866556190476191,0.580952380952381,0.7666666666666667,10.909999933333332
kpx_group_2,scada_zero_label_positive,2023-05-14 20:00:00,2023-05-14 20:00:00,1,0.1053479629629629,0.1053479629629629,0.1178479629629629,0.0125,0.8055555555555557,5.783472222222223
kpx_group_1,moderate_residual,2022-12-13 09:00:00,2022-12-13 09:00:00,1,0.1053348148148148,0.1053348148148148,0.7954737037037037,0.6901388888888889,0.9722222222222222,11.802777777777775
kpx_group_2,scada_zero_label_positive,2022-06-07 00:00:00,2022-06-07 00:00:00,1,0.1052597685185185,0.1052597685185185,0.1252134722222222,0.0199537037037037,0.6944444444444443,5.111111111111111
kpx_group_3,moderate_residual,2024-12-30 18:00:00,2024-12-30 18:00:00,1,0.1052511428571428,0.1052511428571428,0.7052511428571429,0.6,0.7666666666666667,12.281666666666666
kpx_group_2,scada_zero_label_positive,2022-04-16 04:00:00,2022-04-16 04:00:00,1,0.1051257407407407,0.1051257407407407,0.1051257407407407,0.0,0.8055555555555557,4.944444444444445
kpx_group_2,scada_zero_label_positive,2022-05-22 23:00:00,2022-05-22 23:00:00,1,0.1051257407407407,0.1051257407407407,0.1051257407407407,0.0,0.8055555555555557,4.8277777777777775
kpx_group_2,scada_zero_label_positive,2022-08-31 15:00:00,2022-08-31 15:00:00,1,0.1051257407407407,0.1051257407407407,0.1051257407407407,0.0,0.75,5.083333333333333
kpx_group_2,scada_zero_label_positive,2024-02-05 02:00:00,2024-02-05 02:00:00,1,0.1051257407407407,0.1051257407407407,0.1051257407407407,0.0,0.6666666666666666,7.308777777777777
kpx_group_2,moderate_residual,2023-04-08 11:00:00,2023-04-08 11:00:00,1,0.1050063425925924,0.1050063425925924,0.7881081944444444,0.6831018518518519,0.9722222222222224,13.814111111111112
kpx_group_2,moderate_residual,2022-05-04 11:00:00,2022-05-04 11:00:00,1,0.1047797222222221,0.1047797222222221,0.831631574074074,0.7268518518518519,0.9722222222222224,13.575
kpx_group_2,moderate_residual,2022-05-16 04:00:00,2022-05-16 04:00:00,1,0.1047090740740741,0.1047090740740741,0.804847962962963,0.7001388888888889,0.9444444444444444,12.391666666666666
kpx_group_1,moderate_residual,2024-07-29 23:00:00,2024-07-29 23:00:00,1,0.1046934722222222,0.1046934722222222,0.6019619907407407,0.4972685185185185,0.8333333333333334,11.87813888888889
kpx_group_2,moderate_residual,2022-10-11 09:00:00,2022-10-11 09:00:00,1,0.1046500925925926,0.1046500925925926,0.310020462962963,0.2053703703703703,0.9166666666666666,6.891666666666666
kpx_group_3,moderate_residual,2023-03-08 16:00:00,2023-03-08 16:00:00,1,0.1045529047619047,0.1045529047619047,0.4559338571428571,0.3513809523809524,0.9333333333333332,7.501666633333333
kpx_group_2,scada_zero_label_positive,2023-01-18 10:00:00,2023-01-18 10:00:00,1,0.1044561574074074,0.1044561574074074,0.1044561574074074,0.0,0.7222222222222222,5.039972222222223
kpx_group_2,scada_zero_label_positive,2024-03-17 15:00:00,2024-03-17 15:00:00,1,0.1044561574074074,0.1044561574074074,0.1044561574074074,0.0,0.638888888888889,5.124333333333333
kpx_group_2,moderate_residual,2022-05-31 22:00:00,2022-05-31 22:00:00,1,0.10445125,0.10445125,0.5698216203703704,0.4653703703703704,0.8333333333333334,10.208333333333334
kpx_group_2,moderate_residual,2022-05-18 10:00:00,2022-05-18 10:00:00,1,0.104442962962963,0.104442962962963,0.7184707407407408,0.6140277777777777,0.9722222222222224,11.491666666666667
kpx_group_1,moderate_residual,2024-12-26 03:00:00,2024-12-26 03:00:00,1,0.1044371296296297,0.1044371296296297,0.8570760185185186,0.7526388888888889,0.9722222222222224,14.541555555555556
kpx_group_1,moderate_residual,2024-12-26 06:00:00,2024-12-26 06:00:00,1,0.104332824074074,0.104332824074074,0.8162309722222222,0.7118981481481481,0.9722222222222224,14.020805555555556
kpx_group_1,moderate_residual,2022-04-06 04:00:00,2022-04-06 04:00:00,1,0.1043172685185185,0.1043172685185185,0.7405672685185185,0.63625,0.8333333333333334,11.558333333333332
kpx_group_1,moderate_residual,2023-12-18 08:00:00,2023-12-18 08:00:00,1,0.104307037037037,0.104307037037037,0.3629181481481481,0.2586111111111111,0.7777777777777778,11.214444444444444
kpx_group_1,moderate_residual,2024-07-30 09:00:00,2024-07-30 09:00:00,1,0.1042456018518518,0.1042456018518518,0.7050789351851852,0.6008333333333333,0.8333333333333334,12.631555555555556
kpx_group_2,moderate_residual,2022-05-28 16:00:00,2022-05-28 16:00:00,1,0.1042202777777777,0.1042202777777777,0.6695906481481482,0.5653703703703704,0.8333333333333334,11.233333333333333
kpx_group_2,moderate_residual,2024-08-29 19:00:00,2024-08-29 19:00:00,1,0.10420125,0.10420125,0.722488287037037,0.618287037037037,0.9444444444444444,11.668861111111111
kpx_group_1,moderate_residual,2024-07-28 22:00:00,2024-07-28 22:00:00,1,0.1040813888888888,0.1040813888888888,0.605979537037037,0.5018981481481481,0.8333333333333334,11.056861111111113
kpx_group_3,low_online_label_positive,2024-12-23 09:00:00,2024-12-23 09:00:00,1,0.1039498571428571,0.1039498571428571,0.5991879523809523,0.4952380952380952,0.5666666666666667,13.290833333333332
kpx_group_1,moderate_residual,2022-12-22 07:00:00,2022-12-22 07:00:00,1,0.1039176388888888,0.1039176388888888,0.6702602314814814,0.5663425925925926,0.8333333333333334,11.442861111111112
kpx_group_2,moderate_residual,2022-05-28 18:00:00,2022-05-28 18:00:00,1,0.1039088888888888,0.1039088888888888,0.5919181481481481,0.4880092592592592,0.8333333333333334,10.066666666666666
kpx_group_2,moderate_residual,2024-06-18 01:00:00,2024-06-18 01:00:00,1,0.1038693981481481,0.1038693981481481,0.6528508796296296,0.5489814814814815,0.9722222222222222,9.808027777777776
kpx_group_2,scada_zero_label_positive,2022-04-06 11:00:00,2022-04-06 11:00:00,1,0.1037865277777777,0.1037865277777777,0.1037865277777777,0.0,0.611111111111111,4.902777777777778
kpx_group_2,scada_zero_label_positive,2022-05-22 18:00:00,2022-05-22 18:00:00,1,0.1037865277777777,0.1037865277777777,0.1037865277777777,0.0,0.6666666666666666,4.5888888888888895
kpx_group_2,moderate_residual,2024-07-30 00:00:00,2024-07-30 00:00:00,1,0.1037690277777777,0.1037690277777777,0.7104356944444444,0.6066666666666667,0.9722222222222224,12.232861111111111
kpx_group_1,scada_zero_label_positive,2022-08-05 13:00:00,2022-08-05 13:00:00,1,0.1036744444444444,0.1036744444444444,0.1205262962962963,0.0168518518518518,0.7222222222222222,5.430555555555556
kpx_group_2,scada_zero_label_positive,2024-03-31 10:00:00,2024-03-31 10:00:00,1,0.1035989351851851,0.1035989351851851,0.1138304166666666,0.0102314814814814,0.8055555555555557,5.007805555555556
kpx_group_1,moderate_residual,2024-12-31 14:00:00,2024-12-31 14:00:00,1,0.103352824074074,0.103352824074074,0.2377046759259259,0.1343518518518518,0.9166666666666666,6.58188888888889
kpx_group_2,moderate_residual,2023-04-26 04:00:00,2023-04-26 04:00:00,1,0.1033420833333333,0.1033420833333333,0.6508420833333334,0.5475,0.8333333333333334,10.772611111111113
kpx_group_2,moderate_residual,2023-01-27 16:00:00,2023-01-27 16:00:00,1,0.1032436574074073,0.1032436574074073,0.72583625,0.6225925925925926,0.9444444444444444,11.698861111111112
kpx_group_2,moderate_residual,2022-12-09 21:00:00,2022-12-09 21:00:00,1,0.1032373148148148,0.1032373148148148,0.7646725,0.6614351851851852,0.9722222222222222,10.536111111111111
kpx_group_1,scada_zero_label_positive,2023-10-30 10:00:00,2023-10-30 10:00:00,1,0.1032270833333333,0.1032270833333333,0.1325789351851851,0.0293518518518518,0.8333333333333334,5.216694444444444
kpx_group_1,scada_zero_label_positive,2024-10-29 21:00:00,2024-10-29 21:00:00,1,0.1031978703703703,0.1031978703703703,0.1258830555555555,0.0226851851851851,0.8333333333333334,5.715277777777779
kpx_group_1,moderate_residual,2022-12-22 00:00:00,2022-12-22 00:00:00,1,0.1031418055555556,0.1031418055555556,0.61133625,0.5081944444444444,0.8333333333333334,11.968083333333334
kpx_group_2,scada_zero_label_positive,2022-11-08 11:00:00,2022-11-08 11:00:00,1,0.1031169444444444,0.1031169444444444,0.1031169444444444,0.0,0.7777777777777778,5.177777777777778
kpx_group_2,moderate_residual,2024-05-23 08:00:00,2024-05-23 08:00:00,1,0.1030058333333332,0.1030058333333332,0.6374502777777777,0.5344444444444445,0.8333333333333334,11.349444444444444
kpx_group_1,moderate_residual,2023-03-08 14:00:00,2023-03-08 14:00:00,1,0.1027222222222221,0.1027222222222221,0.6488333333333333,0.5461111111111111,0.9722222222222224,10.134916666666667
kpx_group_1,scada_zero_label_positive,2022-08-10 21:00:00,2022-08-10 21:00:00,1,0.1026919907407407,0.1026919907407407,0.1245438425925925,0.0218518518518518,0.8333333333333334,5.947222222222222
kpx_group_1,moderate_residual,2023-11-17 23:00:00,2023-11-17 23:00:00,1,0.1026856944444444,0.1026856944444444,0.6086579166666667,0.5059722222222223,0.9722222222222222,9.7085
kpx_group_1,moderate_residual,2024-07-21 19:00:00,2024-07-21 19:00:00,1,0.1026218518518518,0.1026218518518518,0.642807037037037,0.5401851851851852,0.8333333333333334,10.844833333333334
kpx_group_3,moderate_residual,2024-12-15 17:00:00,2024-12-15 17:00:00,1,0.1026105238095238,0.1026105238095238,0.5454676666666667,0.4428571428571428,0.7666666666666667,9.523
kpx_group_2,moderate_residual,2023-02-17 08:00:00,2023-02-17 08:00:00,1,0.1025775,0.1025775,0.5966052777777778,0.4940277777777778,0.9444444444444444,9.09736111111111
kpx_group_2,moderate_residual,2022-06-06 17:00:00,2022-06-06 17:00:00,1,0.1024663888888888,0.1024663888888888,0.1767719444444444,0.0743055555555555,0.7222222222222222,6.222222222222222
kpx_group_2,moderate_residual,2022-05-14 11:00:00,2022-05-14 11:00:00,1,0.1024629629629629,0.1024629629629629,0.687,0.5845370370370371,0.9722222222222224,11.708333333333334
kpx_group_3,moderate_residual,2023-11-18 08:00:00,2023-11-18 08:00:00,1,0.1024596666666667,0.1024596666666667,0.6701263333333334,0.5676666666666667,0.6666666666666666,13.960499999999998
kpx_group_2,scada_zero_label_positive,2024-10-29 00:00:00,2024-10-29 00:00:00,1,0.1024473611111111,0.1024473611111111,0.1024473611111111,0.0,0.8333333333333334,5.4504722222222215
kpx_group_2,moderate_residual,2022-12-12 11:00:00,2022-12-12 11:00:00,1,0.1024137499999998,0.1024137499999998,0.7881081944444444,0.6856944444444445,0.9722222222222224,11.361111111111112
kpx_group_2,moderate_residual,2022-05-28 20:00:00,2022-05-28 20:00:00,1,0.1024074074074073,0.1024074074074073,0.6361111111111111,0.5337037037037037,0.8333333333333334,10.947222222222225
kpx_group_2,moderate_residual,2024-07-05 21:00:00,2024-07-05 21:00:00,1,0.1023786574074074,0.1023786574074074,0.729184212962963,0.6268055555555555,0.9722222222222222,12.039416666666666
kpx_group_1,moderate_residual,2022-07-13 21:00:00,2022-07-13 21:00:00,1,0.1023698611111111,0.1023698611111111,0.1419531944444444,0.0395833333333333,0.8333333333333334,6.227777777777778
kpx_group_1,moderate_residual,2022-06-25 11:00:00,2022-06-25 11:00:00,1,0.1020175462962963,0.1020175462962963,0.1439619907407407,0.0419444444444444,0.8333333333333334,5.733333333333333
kpx_group_3,scada_zero_label_positive,2024-02-15 11:00:00,2024-02-15 11:00:00,1,0.1019308095238095,0.1019308095238095,0.1019308095238095,0.0,0.5333333333333333,4.5825000000000005
kpx_group_2,moderate_residual,2024-04-17 00:00:00,2024-04-17 00:00:00,1,0.1017885185185185,0.1017885185185185,0.2611403703703703,0.1593518518518518,0.888888888888889,6.239194444444444
kpx_group_2,scada_zero_label_positive,2022-01-25 20:00:00,2022-01-25 20:00:00,1,0.1017777777777777,0.1017777777777777,0.1017777777777777,0.0,0.1666666666666666,9.9
kpx_group_2,scada_zero_label_positive,2024-08-20 09:00:00,2024-08-20 09:00:00,1,0.1017777777777777,0.1017777777777777,0.1017777777777777,0.0,0.5555555555555555,4.648416666666667
kpx_group_1,moderate_residual,2022-07-30 23:00:00,2022-07-30 23:00:00,1,0.1017704629629629,0.1017704629629629,0.1955204629629629,0.09375,0.8333333333333334,6.852777777777778
kpx_group_1,moderate_residual,2022-03-27 16:00:00,2022-03-27 16:00:00,1,0.1015604166666666,0.1015604166666666,0.7050789351851852,0.6035185185185186,0.8333333333333334,11.738888888888887
kpx_group_2,moderate_residual,2022-12-05 08:00:00,2022-12-05 08:00:00,1,0.1015185185185185,0.1015185185185185,0.7124444444444444,0.6109259259259259,0.9722222222222222,9.958333333333334
kpx_group_2,moderate_residual,2023-01-08 15:00:00,2023-01-08 15:00:00,1,0.1013206481481481,0.1013206481481481,0.3448391666666666,0.2435185185185185,0.9166666666666666,6.872277777777779
kpx_group_1,scada_zero_label_positive,2022-07-17 16:00:00,2022-07-17 16:00:00,1,0.1013021296296296,0.1013021296296296,0.1158391666666666,0.014537037037037,0.7777777777777778,5.555555555555556
kpx_group_2,moderate_residual,2022-08-19 13:00:00,2022-08-19 13:00:00,1,0.1012665740740741,0.1012665740740741,0.720479537037037,0.6192129629629629,0.9166666666666666,12.113888888888887
kpx_group_1,moderate_residual,2024-12-06 06:00:00,2024-12-06 06:00:00,1,0.1011915277777777,0.1011915277777777,0.6863304166666666,0.5851388888888889,0.8333333333333334,14.853388888888889
kpx_group_3,moderate_residual,2024-03-28 13:00:00,2024-03-28 13:00:00,1,0.1011669047619047,0.1011669047619047,0.5702616666666667,0.6714285714285714,1.0,8.414666599999999
kpx_group_1,moderate_residual,2024-07-28 15:00:00,2024-07-28 15:00:00,1,0.1010935648148146,0.1010935648148146,0.6702602314814814,0.5691666666666667,0.9444444444444444,11.066416666666669
kpx_group_2,moderate_residual,2023-11-06 07:00:00,2023-11-06 07:00:00,1,0.1010584722222222,0.1010584722222222,0.61133625,0.5102777777777778,0.9444444444444444,22.901249999999997
kpx_group_2,moderate_residual,2022-12-02 05:00:00,2022-12-02 05:00:00,1,0.1010433796296296,0.1010433796296296,0.6990526388888889,0.5980092592592593,0.9722222222222224,9.827777777777778
kpx_group_2,moderate_residual,2024-12-09 07:00:00,2024-12-09 07:00:00,1,0.1010121759259259,0.1010121759259259,0.1660584722222222,0.0650462962962963,0.888888888888889,5.64825
kpx_group_1,moderate_residual,2022-07-23 23:00:00,2022-07-23 23:00:00,1,0.1009468981481481,0.1009468981481481,0.1553450462962963,0.0543981481481481,0.7777777777777778,6.402777777777779
kpx_group_2,moderate_residual,2023-04-03 10:00:00,2023-04-03 10:00:00,1,0.1008036111111111,0.1008036111111111,0.147979537037037,0.0471759259259259,0.888888888888889,5.854444444444444
kpx_group_1,moderate_residual,2024-07-07 03:00:00,2024-07-07 03:00:00,1,0.1007363425925926,0.1007363425925926,0.6287456018518519,0.5280092592592592,0.8333333333333334,11.557527777777777
kpx_group_1,scada_zero_label_positive,2022-01-25 21:00:00,2022-01-25 21:00:00,1,0.1004386111111111,0.1004386111111111,0.1004386111111111,0.0,0.1666666666666666,9.675
kpx_group_1,scada_zero_label_positive,2024-01-01 17:00:00,2024-01-01 17:00:00,1,0.1004386111111111,0.1004386111111111,0.1004386111111111,0.0,0.7222222222222222,7.3790555555555555
kpx_group_2,scada_zero_label_positive,2024-01-25 02:00:00,2024-01-25 02:00:00,1,0.1004386111111111,0.1004386111111111,0.1004386111111111,0.0,0.1666666666666666,8.993694444444445
kpx_group_2,scada_zero_label_positive,2024-11-20 14:00:00,2024-11-20 14:00:00,1,0.1004386111111111,0.1004386111111111,0.1004386111111111,0.0,0.8055555555555557,5.103527777777778
kpx_group_3,moderate_residual,2024-12-15 21:00:00,2024-12-15 21:00:00,1,0.1003669047619047,0.1003669047619047,0.5289383333333333,0.4285714285714285,0.7666666666666667,8.667666633333333
kpx_group_1,scada_zero_label_positive,2022-08-02 08:00:00,2022-08-02 08:00:00,1,0.1001886111111111,0.1001886111111111,0.1258830555555555,0.0256944444444444,0.8333333333333334,5.833333333333333
kpx_group_2,moderate_residual,2022-05-31 13:00:00,2022-05-31 13:00:00,1,0.1001496296296296,0.1001496296296296,0.2229737037037037,0.122824074074074,0.75,6.913888888888889
kpx_group_1,moderate_residual,2022-01-19 22:00:00,2022-01-19 22:00:00,1,0.1000906481481481,0.1000906481481481,0.3006462037037037,0.2005555555555555,0.8333333333333334,7.399999999999999
