experiment_id,score,one_minus_nmae,avg_nmae,ficr,worst_month_score,high_generation_score,delta_score,delta_one_minus_nmae,delta_avg_nmae,delta_ficr,delta_worst_month_score,delta_high_generation_score,method,alpha_kpx_group_1,alpha_kpx_group_2,alpha_kpx_group_3,verdict,reason
baseline_w4,0.6117673564727266,0.8700286771288893,0.12997132287111068,0.3535060358165638,0.5917149198256562,0.6001969855349586,0.0,0.0,0.0,0.0,0.0,0.0,baseline,1.0,1.0,1.0,Baseline,fixed W4 baseline
A1_global_0.9700,0.5981432422939454,0.8674666486220248,0.13253335137797512,0.32881983596586595,,,-0.013624114178781177,-0.002562028506864489,0.0025620285068644333,-0.024686199850697865,,,A1_global,0.97,0.97,0.97,Screened,fast metric pass; detailed slices computed for top candidates only
A1_global_0.9725,0.5992968172604621,0.8677285155412182,0.13227148445878179,0.330865118979706,,,-0.012470539212264486,-0.0023001615876711012,0.0023001615876711012,-0.022640916836857816,,,A1_global,0.9725,0.9725,0.9725,Screened,fast metric pass; detailed slices computed for top candidates only
A1_global_0.9750,0.6005990781483723,0.8679831697580803,0.13201683024191965,0.3332149865386644,,,-0.011168278324354297,-0.0020455073708089966,0.002045507370808969,-0.02029104927789943,,,A1_global,0.975,0.975,0.975,Screened,fast metric pass; detailed slices computed for top candidates only
A1_global_0.9775,0.6020944641281789,0.8682280930630981,0.13177190693690186,0.33596083519325964,,,-0.009672892344547712,-0.0018005840657911998,0.001800584065791172,-0.01754520062330417,,,A1_global,0.9775,0.9775,0.9775,Screened,fast metric pass; detailed slices computed for top candidates only
A1_global_0.9800,0.602873281775009,0.8684640699614624,0.13153593003853756,0.3372824935885555,,,-0.008894074697717635,-0.0015646071674269013,0.0015646071674268736,-0.016223542228008314,,,A1_global,0.98,0.98,0.98,Screened,fast metric pass; detailed slices computed for top candidates only
A1_global_0.9825,0.6037242313856338,0.8686903688135638,0.13130963118643624,0.3387580939577039,,,-0.008043125087092817,-0.0013383083153255537,0.0013383083153255537,-0.014747941858859914,,,A1_global,0.9825,0.9825,0.9825,Screened,fast metric pass; detailed slices computed for top candidates only
A1_global_0.9850,0.6050088880222796,0.8689088402240329,0.13109115977596708,0.3411089358205263,,,-0.0067584684504470305,-0.0011198369048563972,0.0011198369048563972,-0.012397099996037497,,,A1_global,0.985,0.985,0.985,Screened,fast metric pass; detailed slices computed for top candidates only
A1_global_0.9875,0.6066763191221869,0.8691190292128668,0.13088097078713326,0.34423360903150707,,,-0.005091037350539729,-0.000909647916022549,0.0009096479160225768,-0.009272426785056742,,,A1_global,0.9875,0.9875,0.9875,Screened,fast metric pass; detailed slices computed for top candidates only
A1_global_0.9900,0.6075809699804344,0.8693203966883011,0.1306796033116989,0.34584154327256766,,,-0.004186386492292193,-0.0007082804405882381,0.0007082804405882104,-0.007664492543996149,,,A1_global,0.99,0.99,0.99,Screened,fast metric pass; detailed slices computed for top candidates only
A1_global_0.9925,0.6087764394506338,0.869510724519297,0.13048927548070302,0.34804215438197045,,,-0.002990917022092865,-0.0005179526095923093,0.000517952609592337,-0.005463881434593365,,,A1_global,0.9925,0.9925,0.9925,Screened,fast metric pass; detailed slices computed for top candidates only
A1_global_0.9950,0.6098227651040092,0.8696927111502009,0.1303072888497991,0.3499528190578176,,,-0.0019445913687173855,-0.00033596597868845723,0.0003359659786884295,-0.0035532167587462027,,,A1_global,0.995,0.995,0.995,Screened,fast metric pass; detailed slices computed for top candidates only
A1_global_0.9975,0.610952048386823,0.8698656707424703,0.13013432925752969,0.3520384260311757,,,-0.0008153080859035766,-0.00016300638641897347,0.00016300638641900123,-0.0014676097853881243,,,A1_global,0.9975,0.9975,0.9975,Screened,fast metric pass; detailed slices computed for top candidates only
A1_global_1.0000,0.6117673564727266,0.8700286771288893,0.12997132287111068,0.3535060358165638,,,0.0,0.0,0.0,0.0,,,A1_global,1.0,1.0,1.0,Screened,fast metric pass; detailed slices computed for top candidates only
A1_global_1.0025,0.612784008630022,0.8701814634137012,0.1298185365862988,0.35538655384634293,,,0.0010166521572954057,0.00015278628481185663,-0.0001527862848118844,0.0018805180297791213,,,A1_global,1.0025,1.0025,1.0025,Screened,fast metric pass; detailed slices computed for top candidates only
A1_global_1.0050,0.6134989795789816,0.8703232567680259,0.12967674323197412,0.3566747023899373,,,0.0017316231062549647,0.000294579639136594,-0.00029457963913656626,0.003168666573373502,,,A1_global,1.005,1.005,1.005,Screened,fast metric pass; detailed slices computed for top candidates only
A1_global_1.0075,0.6145427570296882,0.8704553768933379,0.12954462310666215,0.3586301371660385,,,0.0027754005569615714,0.00042669976444853486,-0.00042669976444853486,0.0051241013494746634,,,A1_global,1.0075,1.0075,1.0075,Screened,fast metric pass; detailed slices computed for top candidates only
A1_global_1.0100,0.6154262454254551,0.87057784706767,0.12942215293232992,0.36027464378324026,,,0.0036588889527284785,0.0005491699387807358,-0.0005491699387807636,0.006768607966676443,,,A1_global,1.01,1.01,1.01,Screened,fast metric pass; detailed slices computed for top candidates only
A1_global_1.0125,0.6165858415373229,0.8706886458731733,0.12931135412682665,0.36248303720147246,,,0.004818485064596256,0.0006599687442839786,-0.0006599687442840341,0.008977001384908645,,,A1_global,1.0125,1.0125,1.0125,Screened,fast metric pass; detailed slices computed for top candidates only
A1_global_1.0150,0.6175211874136612,0.8707902048842239,0.1292097951157761,0.36425216994309856,,,0.005753830940934623,0.0007615277553345567,-0.0007615277553345845,0.010746134126534745,,,A1_global,1.015,1.015,1.015,Screened,fast metric pass; detailed slices computed for top candidates only
A1_global_1.0175,0.6179931731808813,0.87088178972845,0.12911821027155007,0.3651045566333127,,,0.006225816708154697,0.0008531125995606681,-0.0008531125995606126,0.011598520816748892,,,A1_global,1.0175,1.0175,1.0175,Screened,fast metric pass; detailed slices computed for top candidates only
A1_global_1.0200,0.6188295208224395,0.8709635794067843,0.12903642059321577,0.36669546223809474,,,0.007062164349712852,0.0009349022778949445,-0.0009349022778949168,0.013189426421530925,,,A1_global,1.02,1.02,1.02,Screened,fast metric pass; detailed slices computed for top candidates only
A1_global_1.0225,0.619970835376066,0.8710362173110797,0.1289637826889203,0.36890545344105236,,,0.00820347890333939,0.0010075401821904029,-0.0010075401821903751,0.015399417624488543,,,A1_global,1.0225,1.0225,1.0225,Screened,fast metric pass; detailed slices computed for top candidates only
A1_global_1.0250,0.6201608036272855,0.8710992680239843,0.12890073197601568,0.3692223392305867,,,0.00839344715455892,0.0010705908950949805,-0.0010705908950950083,0.015716303414022914,,,A1_global,1.025,1.025,1.025,Screened,fast metric pass; detailed slices computed for top candidates only
A1_global_1.0275,0.6207259749431353,0.8711552359099702,0.12884476409002976,0.3702967139763003,,,0.008958618470408686,0.0011265587810809219,-0.0011265587810809219,0.016790678159736505,,,A1_global,1.0275,1.0275,1.0275,Screened,fast metric pass; detailed slices computed for top candidates only
A1_global_1.0300,0.6213552467009833,0.8712021483970117,0.12879785160298826,0.37150834500495483,,,0.00958789022825668,0.0011734712681223947,-0.0011734712681224224,0.01800230918839102,,,A1_global,1.03,1.03,1.03,Screened,fast metric pass; detailed slices computed for top candidates only
A2_group_0.970_0.970_0.970,0.5981432422939454,0.8674666486220248,0.13253335137797512,0.32881983596586595,,,-0.013624114178781177,-0.002562028506864489,0.0025620285068644333,-0.024686199850697865,,,A2_group,0.97,0.97,0.97,Screened,fast metric pass; detailed slices computed for top candidates only
A2_group_0.970_0.970_0.975,0.5983267670077347,0.8676364407283483,0.1323635592716517,0.32901709328712103,,,-0.013440589464991937,-0.0023922364005409813,0.002392236400541009,-0.02448894252944278,,,A2_group,0.97,0.97,0.975,Screened,fast metric pass; detailed slices computed for top candidates only
A2_group_0.970_0.970_0.980,0.5987408111559015,0.867798221495382,0.132201778504618,0.32968340081642095,,,-0.013026545316825122,-0.0022304556335073222,0.0022304556335073222,-0.023822635000142867,,,A2_group,0.97,0.97,0.98,Screened,fast metric pass; detailed slices computed for top candidates only
A2_group_0.970_0.970_0.985,0.5991564349395755,0.8679533323729797,0.13204666762702033,0.33035953750617136,,,-0.012610921533151132,-0.002075344755909647,0.002075344755909647,-0.02314649831039245,,,A2_group,0.97,0.97,0.985,Screened,fast metric pass; detailed slices computed for top candidates only
A2_group_0.970_0.970_0.990,0.5995379375173235,0.8681025991024204,0.13189740089757965,0.3309732759322266,,,-0.012229418955403082,-0.0019260780264689359,0.0019260780264689636,-0.022532759884337228,,,A2_group,0.97,0.97,0.99,Screened,fast metric pass; detailed slices computed for top candidates only
A2_group_0.970_0.970_0.995,0.5997993299281741,0.8682456519154472,0.13175434808455275,0.3313530079409009,,,-0.011968026544552535,-0.001783025213442091,0.0017830252134420632,-0.022153027875662923,,,A2_group,0.97,0.97,0.995,Screened,fast metric pass; detailed slices computed for top candidates only
A2_group_0.970_0.970_1.000,0.6000191804634498,0.8683813235958715,0.13161867640412853,0.3316570373310281,,,-0.0117481760092768,-0.0016473535330178146,0.0016473535330178424,-0.02184899848553573,,,A2_group,0.97,0.97,1.0,Screened,fast metric pass; detailed slices computed for top candidates only
A2_group_0.970_0.970_1.005,0.6002059419628101,0.8685087806742438,0.13149121932575622,0.33190310325137645,,,-0.011561414509916546,-0.001519896454645564,0.0015198964546455362,-0.02160293256518736,,,A2_group,0.97,0.97,1.005,Screened,fast metric pass; detailed slices computed for top candidates only
A2_group_0.970_0.970_1.010,0.6005846522300625,0.8686295626550412,0.13137043734495882,0.3325397418050839,,,-0.011182704242664099,-0.0013991144738481065,0.0013991144738481343,-0.020966294011479925,,,A2_group,0.97,0.97,1.01,Screened,fast metric pass; detailed slices computed for top candidates only
A2_group_0.970_0.970_1.015,0.6008405071552441,0.8687436457340795,0.1312563542659205,0.3329373685764087,,,-0.010926849317482557,-0.0012850313948098435,0.0012850313948098158,-0.020568667240155103,,,A2_group,0.97,0.97,1.015,Screened,fast metric pass; detailed slices computed for top candidates only
A2_group_0.970_0.970_1.020,0.6009089986448195,0.8688511153174504,0.13114888468254962,0.3329668819721886,,,-0.010858357827907117,-0.0011775618114389097,0.0011775618114389375,-0.020539153844375213,,,A2_group,0.97,0.97,1.02,Screened,fast metric pass; detailed slices computed for top candidates only
A2_group_0.970_0.970_1.025,0.6013157774549442,0.8689508275971372,0.13104917240286282,0.33368072731275134,,,-0.010451579017782375,-0.001077849531752162,0.0010778495317521342,-0.019825308503812478,,,A2_group,0.97,0.97,1.025,Screened,fast metric pass; detailed slices computed for top candidates only
A2_group_0.970_0.970_1.030,0.6015029144691266,0.8690449837824326,0.1309550162175674,0.33396084515582064,,,-0.010264442003599994,-0.0009836933464567599,0.0009836933464567044,-0.019545190660743172,,,A2_group,0.97,0.97,1.03,Screened,fast metric pass; detailed slices computed for top candidates only
A2_group_0.970_0.975_0.970,0.5996422090922001,0.8675888501846294,0.13241114981537064,0.3316955679997709,,,-0.012125147380526502,-0.0024398269442599263,0.002439826944259954,-0.02181046781679291,,,A2_group,0.97,0.975,0.97,Screened,fast metric pass; detailed slices computed for top candidates only
A2_group_0.970_0.975_0.975,0.5998257338059894,0.8677586422909528,0.1322413577090472,0.331892825321026,,,-0.011941622666737262,-0.00227003483793653,0.00227003483793653,-0.021613210495537827,,,A2_group,0.97,0.975,0.975,Screened,fast metric pass; detailed slices computed for top candidates only
A2_group_0.970_0.975_0.980,0.6002397779541562,0.8679204230579864,0.13207957694201355,0.3325591328503259,,,-0.011527578518570447,-0.0021082540709028708,0.0021082540709028708,-0.020946902966237912,,,A2_group,0.97,0.975,0.98,Screened,fast metric pass; detailed slices computed for top candidates only
A2_group_0.970_0.975_0.985,0.6006554017378303,0.8680755339355841,0.13192446606441585,0.3332352695400764,,,-0.011111954734896345,-0.0019531431933051957,0.001953143193305168,-0.02027076627648744,,,A2_group,0.97,0.975,0.985,Screened,fast metric pass; detailed slices computed for top candidates only
A2_group_0.970_0.975_0.990,0.6010369043155782,0.8682248006650248,0.1317751993349752,0.3338490079661316,,,-0.010730452157148407,-0.0018038764638644844,0.0018038764638645122,-0.019657027850432218,,,A2_group,0.97,0.975,0.99,Screened,fast metric pass; detailed slices computed for top candidates only
A2_group_0.970_0.975_0.995,0.6012982967264289,0.8683678534780518,0.13163214652194824,0.3342287399748059,,,-0.010469059746297749,-0.0016608236508375285,0.0016608236508375562,-0.019277295841757913,,,A2_group,0.97,0.975,0.995,Screened,fast metric pass; detailed slices computed for top candidates only
A2_group_0.970_0.975_1.000,0.6015181472617045,0.868503525158476,0.13149647484152407,0.3345327693649331,,,-0.010249209211022126,-0.0015251519704133631,0.001525151970413391,-0.01897326645163072,,,A2_group,0.97,0.975,1.0,Screened,fast metric pass; detailed slices computed for top candidates only
A2_group_0.970_0.975_1.005,0.6017049087610649,0.8686309822368482,0.13136901776315177,0.3347788352852814,,,-0.01006244771166176,-0.0013976948920411125,0.0013976948920410848,-0.018727200531282406,,,A2_group,0.97,0.975,1.005,Screened,fast metric pass; detailed slices computed for top candidates only
A2_group_0.970_0.975_1.010,0.6020836190283172,0.8687517642176457,0.13124823578235434,0.3354154738389888,,,-0.009683737444409424,-0.001276912911243655,0.001276912911243655,-0.018090561977575026,,,A2_group,0.97,0.975,1.01,Screened,fast metric pass; detailed slices computed for top candidates only
A2_group_0.970_0.975_1.015,0.6023394739534988,0.8688658472966839,0.13113415270331602,0.3358131006103137,,,-0.00942788251922777,-0.001162829832205392,0.0011628298322053365,-0.017692935206250093,,,A2_group,0.97,0.975,1.015,Screened,fast metric pass; detailed slices computed for top candidates only
A2_group_0.970_0.975_1.020,0.6024079654430742,0.8689733168800549,0.13102668311994514,0.33584261400609355,,,-0.009359391029652442,-0.0010553602488344582,0.0010553602488344582,-0.01766342181047026,,,A2_group,0.97,0.975,1.02,Screened,fast metric pass; detailed slices computed for top candidates only
A2_group_0.970_0.975_1.025,0.6028147442531989,0.8690730291597416,0.13092697084025837,0.3365564593466563,,,-0.0089526122195277,-0.0009556479691477104,0.0009556479691476827,-0.016949576469907524,,,A2_group,0.97,0.975,1.025,Screened,fast metric pass; detailed slices computed for top candidates only
A2_group_0.970_0.975_1.030,0.6030018812673814,0.8691671853450371,0.1308328146549629,0.33683657718972565,,,-0.008765475205345208,-0.0008614917838521974,0.0008614917838522251,-0.016669458626838163,,,A2_group,0.97,0.975,1.03,Screened,fast metric pass; detailed slices computed for top candidates only
A2_group_0.970_0.980_0.970,0.600455779044236,0.8676948018005765,0.13230519819942357,0.33321675628789543,,,-0.011311577428490649,-0.002333875328312862,0.00233387532831289,-0.02028927952866838,,,A2_group,0.97,0.98,0.97,Screened,fast metric pass; detailed slices computed for top candidates only
A2_group_0.970_0.980_0.975,0.6006393037580252,0.8678645939068999,0.13213540609310015,0.3334140136091505,,,-0.011128052714701409,-0.0021640832219894657,0.0021640832219894657,-0.020092022207413296,,,A2_group,0.97,0.98,0.975,Screened,fast metric pass; detailed slices computed for top candidates only
A2_group_0.970_0.980_0.980,0.6010533479061919,0.8680263746739335,0.1319736253260665,0.3340803211384504,,,-0.010714008566534705,-0.0020023024549558066,0.0020023024549558066,-0.019425714678113437,,,A2_group,0.97,0.98,0.98,Screened,fast metric pass; detailed slices computed for top candidates only
A2_group_0.970_0.980_0.985,0.601468971689866,0.8681814855515312,0.1318185144484688,0.3347564578282008,,,-0.010298384782860603,-0.0018471915773581316,0.0018471915773581038,-0.01874957798836302,,,A2_group,0.97,0.98,0.985,Screened,fast metric pass; detailed slices computed for top candidates only
A2_group_0.970_0.980_0.990,0.601850474267614,0.8683307522809719,0.13166924771902813,0.33537019625425607,,,-0.009916882205112665,-0.0016979248479174203,0.001697924847917448,-0.018135839562307743,,,A2_group,0.97,0.98,0.99,Screened,fast metric pass; detailed slices computed for top candidates only
A2_group_0.970_0.980_0.995,0.6021118666784646,0.8684738050939989,0.13152619490600118,0.3357499282629304,,,-0.009655489794262007,-0.0015548720348904643,0.001554872034890492,-0.017756107553633438,,,A2_group,0.97,0.98,0.995,Screened,fast metric pass; detailed slices computed for top candidates only
A2_group_0.970_0.980_1.000,0.6023317172137403,0.868609476774423,0.131390523225577,0.3360539576530576,,,-0.009435639258986273,-0.001419200354466299,0.0014192003544663268,-0.01745207816350619,,,A2_group,0.97,0.98,1.0,Screened,fast metric pass; detailed slices computed for top candidates only
A2_group_0.970_0.980_1.005,0.6025184787131006,0.8687369338527953,0.1312630661472047,0.33630002357340594,,,-0.009248877759626017,-0.0012917432760940484,0.0012917432760940206,-0.017206012243157875,,,A2_group,0.97,0.98,1.005,Screened,fast metric pass; detailed slices computed for top candidates only
A2_group_0.970_0.980_1.010,0.602897188980353,0.8688577158335927,0.13114228416640727,0.3369366621271133,,,-0.00887016749237357,-0.0011709612952965909,0.0011709612952965909,-0.016569373689450495,,,A2_group,0.97,0.98,1.01,Screened,fast metric pass; detailed slices computed for top candidates only
A2_group_0.970_0.980_1.015,0.6031530439055346,0.8689717989126311,0.13102820108736896,0.33733428889843814,,,-0.008614312567192028,-0.0010568782162582169,0.0010568782162582724,-0.016171746918125673,,,A2_group,0.97,0.98,1.015,Screened,fast metric pass; detailed slices computed for top candidates only
A2_group_0.970_0.980_1.020,0.60322153539511,0.8690792684960019,0.13092073150399808,0.33736380229421803,,,-0.008545821077616589,-0.0009494086328873941,0.0009494086328873941,-0.016142233522345784,,,A2_group,0.97,0.98,1.02,Screened,fast metric pass; detailed slices computed for top candidates only
A2_group_0.970_0.980_1.025,0.6036283142052348,0.8691789807756887,0.1308210192243113,0.3380776476347808,,,-0.008139042267491847,-0.0008496963532006463,0.0008496963532006185,-0.015428388181782993,,,A2_group,0.97,0.98,1.025,Screened,fast metric pass; detailed slices computed for top candidates only
A2_group_0.970_0.980_1.030,0.6038154512194172,0.8692731369609842,0.13072686303901584,0.33835776547785007,,,-0.007951905253309466,-0.0007555401679051332,0.000755540167905161,-0.015148270338713743,,,A2_group,0.97,0.98,1.03,Screened,fast metric pass; detailed slices computed for top candidates only
A2_group_0.970_0.985_0.970,0.6012094630825511,0.8677827422355419,0.13221725776445817,0.33463618392956035,,,-0.010557893390175543,-0.0022459348933474566,0.0022459348933474843,-0.018869851887003464,,,A2_group,0.97,0.985,0.97,Screened,fast metric pass; detailed slices computed for top candidates only
A2_group_0.970_0.985_0.975,0.6013929877963403,0.8679525343418653,0.13204746565813472,0.3348334412508154,,,-0.010374368676386303,-0.00207614278702406,0.0020761427870240323,-0.018672594565748435,,,A2_group,0.97,0.985,0.975,Screened,fast metric pass; detailed slices computed for top candidates only
A2_group_0.970_0.985_0.980,0.601807031944507,0.8681143151088989,0.13188568489110106,0.33549974878011524,,,-0.0099603245282196,-0.001914362019990401,0.0019143620199903733,-0.018006287036448576,,,A2_group,0.97,0.985,0.98,Screened,fast metric pass; detailed slices computed for top candidates only
A2_group_0.970_0.985_0.985,0.6022226557281811,0.8682694259864966,0.13173057401350338,0.3361758854698657,,,-0.009544700744545498,-0.001759251142392726,0.0017592511423926982,-0.017330150346698103,,,A2_group,0.97,0.985,0.985,Screened,fast metric pass; detailed slices computed for top candidates only
A2_group_0.970_0.985_0.990,0.6026041583059292,0.8684186927159373,0.1315813072840627,0.33678962389592093,,,-0.009163198166797448,-0.0016099844129520147,0.0016099844129520147,-0.016716411920642882,,,A2_group,0.97,0.985,0.99,Screened,fast metric pass; detailed slices computed for top candidates only
A2_group_0.970_0.985_0.995,0.6028655507167797,0.8685617455289643,0.13143825447103577,0.33716935590459524,,,-0.008901805755946901,-0.0014669315999250587,0.0014669315999250865,-0.016336679911968577,,,A2_group,0.97,0.985,0.995,Screened,fast metric pass; detailed slices computed for top candidates only
A2_group_0.970_0.985_1.000,0.6030854012520555,0.8686974172093884,0.13130258279061158,0.3374733852947225,,,-0.008681955220671167,-0.0013312599195008934,0.0013312599195008934,-0.01603265052184133,,,A2_group,0.97,0.985,1.0,Screened,fast metric pass; detailed slices computed for top candidates only
A2_group_0.970_0.985_1.005,0.6032721627514158,0.8688248742877608,0.13117512571223924,0.3377194512150708,,,-0.0084951937213108,-0.0012038028411285318,0.0012038028411285595,-0.015786584601493014,,,A2_group,0.97,0.985,1.005,Screened,fast metric pass; detailed slices computed for top candidates only
A2_group_0.970_0.985_1.010,0.6036508730186682,0.8689456562685581,0.13105434373144187,0.33835608976877823,,,-0.008116483454058465,-0.0010830208603311853,0.0010830208603311853,-0.015149946047785579,,,A2_group,0.97,0.985,1.01,Screened,fast metric pass; detailed slices computed for top candidates only
A2_group_0.970_0.985_1.015,0.6039067279438498,0.8690597393475965,0.13094026065240352,0.33875371654010306,,,-0.007860628528876812,-0.0009689377812928113,0.000968937781292839,-0.014752319276460757,,,A2_group,0.97,0.985,1.015,Screened,fast metric pass; detailed slices computed for top candidates only
A2_group_0.970_0.985_1.020,0.6039752194334251,0.8691672089309673,0.13083279106903267,0.3387832299358829,,,-0.007792137039301483,-0.0008614681979219885,0.0008614681979219885,-0.014722805880680923,,,A2_group,0.97,0.985,1.02,Screened,fast metric pass; detailed slices computed for top candidates only
A2_group_0.970_0.985_1.025,0.6043819982435499,0.8692669212106542,0.13073307878934584,0.3394970752764457,,,-0.007385358229176742,-0.0007617559182351297,0.0007617559182351574,-0.014008960540118132,,,A2_group,0.97,0.985,1.025,Screened,fast metric pass; detailed slices computed for top candidates only
A2_group_0.970_0.985_1.030,0.6045691352577323,0.8693610773959496,0.13063892260405044,0.339777193119515,,,-0.00719822121499436,-0.0006675997329397276,0.0006675997329397554,-0.013728842697048826,,,A2_group,0.97,0.985,1.03,Screened,fast metric pass; detailed slices computed for top candidates only
A2_group_0.970_0.990_0.970,0.6022286291001716,0.867854371888374,0.13214562811162597,0.3366028863119692,,,-0.009538727372555011,-0.0021743052405153174,0.0021743052405152896,-0.016903149504594595,,,A2_group,0.97,0.99,0.97,Screened,fast metric pass; detailed slices computed for top candidates only
A2_group_0.970_0.990_0.975,0.6024121538139608,0.8680241639946975,0.13197583600530252,0.33680014363322425,,,-0.009355202658765771,-0.00200451313419181,0.0020045131341918376,-0.016705892183339566,,,A2_group,0.97,0.99,0.975,Screened,fast metric pass; detailed slices computed for top candidates only
A2_group_0.970_0.990_0.980,0.6028261979621277,0.8681859447617312,0.13181405523826886,0.3374664511625241,,,-0.008941158510598957,-0.0018427323671581508,0.0018427323671581786,-0.016039584654039707,,,A2_group,0.97,0.99,0.98,Screened,fast metric pass; detailed slices computed for top candidates only
A2_group_0.970_0.990_0.985,0.6032418217458018,0.8683410556393288,0.13165894436067116,0.3381425878522746,,,-0.008525534726924855,-0.0016876214895604758,0.0016876214895604758,-0.015363447964289234,,,A2_group,0.97,0.99,0.985,Screened,fast metric pass; detailed slices computed for top candidates only
A2_group_0.970_0.990_0.990,0.6036233243235496,0.8684903223687694,0.1315096776312305,0.3387563262783298,,,-0.008144032149177027,-0.0015383547601198755,0.00153835476011982,-0.014749709538234013,,,A2_group,0.97,0.99,0.99,Screened,fast metric pass; detailed slices computed for top candidates only
A2_group_0.970_0.990_0.995,0.6038847167344003,0.8686333751817964,0.13136662481820358,0.33913605828700416,,,-0.007882639738326369,-0.0013953019470929195,0.0013953019470928918,-0.014369977529559652,,,A2_group,0.97,0.99,0.995,Screened,fast metric pass; detailed slices computed for top candidates only
A2_group_0.970_0.990_1.000,0.604104567269676,0.8687690468622206,0.1312309531377794,0.33944008767713135,,,-0.007662789203050635,-0.0012596302666687542,0.0012596302666687265,-0.01406594813943246,,,A2_group,0.97,0.99,1.0,Screened,fast metric pass; detailed slices computed for top candidates only
A2_group_0.970_0.990_1.005,0.6042913287690364,0.8688965039405929,0.13110349605940708,0.3396861535974797,,,-0.007476027703690269,-0.0011321731882963926,0.0011321731882963926,-0.01381988221908409,,,A2_group,0.97,0.99,1.005,Screened,fast metric pass; detailed slices computed for top candidates only
A2_group_0.970_0.990_1.010,0.6046700390362887,0.8690172859213904,0.13098271407860965,0.3403227921511871,,,-0.007097317436437933,-0.001011391207498935,0.0010113912074989628,-0.01318324366537671,,,A2_group,0.97,0.99,1.01,Screened,fast metric pass; detailed slices computed for top candidates only
A2_group_0.970_0.990_1.015,0.6049258939614703,0.8691313690004286,0.13086863099957133,0.3407204189225119,,,-0.00684146251125628,-0.0008973081284606721,0.0008973081284606443,-0.012785616894051888,,,A2_group,0.97,0.99,1.015,Screened,fast metric pass; detailed slices computed for top candidates only
A2_group_0.970_0.990_1.020,0.6049943854510457,0.8692388385837996,0.13076116141620045,0.3407499323182918,,,-0.006772971021680951,-0.0007898385450897383,0.000789838545089766,-0.012756103498271998,,,A2_group,0.97,0.99,1.02,Screened,fast metric pass; detailed slices computed for top candidates only
A2_group_0.970_0.990_1.025,0.6054011642611704,0.8693385508634863,0.13066144913651367,0.34146377765885455,,,-0.00636619221155621,-0.0006901262654029905,0.0006901262654029905,-0.012042258157709262,,,A2_group,0.97,0.99,1.025,Screened,fast metric pass; detailed slices computed for top candidates only
A2_group_0.970_0.990_1.030,0.6055883012753528,0.8694327070487817,0.13056729295121824,0.34174389550192386,,,-0.006179055197373828,-0.0005959700801075885,0.0005959700801075607,-0.011762140314639957,,,A2_group,0.97,0.99,1.03,Screened,fast metric pass; detailed slices computed for top candidates only
A2_group_0.970_0.995_0.970,0.6029311093301993,0.8679069950748313,0.13209300492516876,0.3379552235855674,,,-0.008836247142527287,-0.0021216820540580494,0.002121682054058077,-0.015550812230996414,,,A2_group,0.97,0.995,0.97,Screened,fast metric pass; detailed slices computed for top candidates only
A2_group_0.970_0.995_0.975,0.6031146340439886,0.8680767871811547,0.13192321281884534,0.33815248090682243,,,-0.008652722428738047,-0.001951889947734653,0.001951889947734653,-0.015353554909741385,,,A2_group,0.97,0.995,0.975,Screened,fast metric pass; detailed slices computed for top candidates only
A2_group_0.970_0.995_0.980,0.6035286781921553,0.8682385679481883,0.13176143205181168,0.3388187884361223,,,-0.008238678280571343,-0.001790109180700994,0.001790109180700994,-0.014687247380441526,,,A2_group,0.97,0.995,0.98,Screened,fast metric pass; detailed slices computed for top candidates only
A2_group_0.970_0.995_0.985,0.6039443019758294,0.868393678825786,0.13160632117421397,0.33949492512587276,,,-0.007823054496897242,-0.0016349983031033188,0.001634998303103291,-0.014011110690691053,,,A2_group,0.97,0.995,0.985,Screened,fast metric pass; detailed slices computed for top candidates only
A2_group_0.970_0.995_0.990,0.6043258045535773,0.8685429455552267,0.13145705444477332,0.340108663551928,,,-0.007441551919149303,-0.0014857315736626076,0.0014857315736626353,-0.013397372264635832,,,A2_group,0.97,0.995,0.99,Screened,fast metric pass; detailed slices computed for top candidates only
A2_group_0.970_0.995_0.995,0.604587196964428,0.8686859983682537,0.13131400163174636,0.34048839556060234,,,-0.007180159508298645,-0.0013426787606356516,0.0013426787606356794,-0.013017640255961471,,,A2_group,0.97,0.995,0.995,Screened,fast metric pass; detailed slices computed for top candidates only
A2_group_0.970_0.995_1.000,0.6048070474997037,0.8688216700486778,0.1311783299513222,0.34079242495072953,,,-0.006960308973022911,-0.0012070070802114863,0.001207007080211514,-0.01271361086583428,,,A2_group,0.97,0.995,1.0,Screened,fast metric pass; detailed slices computed for top candidates only
A2_group_0.970_0.995_1.005,0.604993808999064,0.8689491271270501,0.1310508728729499,0.3410384908710779,,,-0.0067735474736626555,-0.0010795500018392357,0.001079550001839208,-0.012467544945485909,,,A2_group,0.97,0.995,1.005,Screened,fast metric pass; detailed slices computed for top candidates only
A2_group_0.970_0.995_1.010,0.6053725192663164,0.8690699091078475,0.13093009089215246,0.3416751294247853,,,-0.006394837206410209,-0.0009587680210417782,0.0009587680210417782,-0.011830906391778528,,,A2_group,0.97,0.995,1.01,Screened,fast metric pass; detailed slices computed for top candidates only
A2_group_0.970_0.995_1.015,0.605628374191498,0.8691839921868858,0.13081600781311414,0.3420727561961101,,,-0.0061389822812286665,-0.0008446849420035152,0.0008446849420034597,-0.011433279620453707,,,A2_group,0.97,0.995,1.015,Screened,fast metric pass; detailed slices computed for top candidates only
A2_group_0.970_0.995_1.020,0.6056968656810734,0.8692914617702567,0.13070853822974327,0.34210226959189,,,-0.006070490791653227,-0.0007372153586325814,0.0007372153586325814,-0.011403766224673817,,,A2_group,0.97,0.995,1.02,Screened,fast metric pass; detailed slices computed for top candidates only
A2_group_0.970_0.995_1.025,0.6061036444911981,0.8693911740499435,0.1306088259500565,0.34281611493245273,,,-0.005663711981528485,-0.0006375030789458336,0.0006375030789458058,-0.010689920884111082,,,A2_group,0.97,0.995,1.025,Screened,fast metric pass; detailed slices computed for top candidates only
A2_group_0.970_0.995_1.030,0.6062907815053805,0.869485330235239,0.13051466976476103,0.34309623277552204,,,-0.005476574967346104,-0.0005433468936503205,0.0005433468936503483,-0.010409803041041776,,,A2_group,0.97,0.995,1.03,Screened,fast metric pass; detailed slices computed for top candidates only
A2_group_0.970_1.000_0.970,0.6036519885032526,0.8679435477873385,0.13205645221266152,0.3393604292191667,,,-0.008115367969473986,-0.0020851293415508065,0.0020851293415508343,-0.014145606597397109,,,A2_group,0.97,1.0,0.97,Screened,fast metric pass; detailed slices computed for top candidates only
A2_group_0.970_1.000_0.975,0.6038355132170419,0.8681133398936619,0.1318866601063381,0.33955768654042173,,,-0.007931843255684745,-0.00191533723522741,0.00191533723522741,-0.01394834927614208,,,A2_group,0.97,1.0,0.975,Screened,fast metric pass; detailed slices computed for top candidates only
A2_group_0.970_1.000_0.980,0.6042495573652086,0.8682751206606956,0.1317248793393044,0.3402239940697216,,,-0.007517799107518042,-0.001753556468193751,0.0017535564681937232,-0.013282041746842221,,,A2_group,0.97,1.0,0.98,Screened,fast metric pass; detailed slices computed for top candidates only
A2_group_0.970_1.000_0.985,0.6046651811488827,0.8684302315382932,0.13156976846170673,0.34090013075947206,,,-0.00710217532384394,-0.001598445590596076,0.0015984455905960482,-0.012605905057091749,,,A2_group,0.97,1.0,0.985,Screened,fast metric pass; detailed slices computed for top candidates only
A2_group_0.970_1.000_0.990,0.6050466837266306,0.868579498267734,0.13142050173226605,0.3415138691855273,,,-0.006720672746096001,-0.0014491788611553647,0.0014491788611553647,-0.011992166631036527,,,A2_group,0.97,1.0,0.99,Screened,fast metric pass; detailed slices computed for top candidates only
A2_group_0.970_1.000_0.995,0.6053080761374813,0.8687225510807609,0.13127744891923912,0.3418936011942016,,,-0.006459280335245343,-0.0013061260481284087,0.0013061260481284365,-0.011612434622362222,,,A2_group,0.97,1.0,0.995,Screened,fast metric pass; detailed slices computed for top candidates only
A2_group_0.970_1.000_1.000,0.6055279266727569,0.8688582227611851,0.13114177723881495,0.34219763058432884,,,-0.00623942979996972,-0.0011704543677042434,0.0011704543677042711,-0.011308405232234975,,,A2_group,0.97,1.0,1.0,Screened,fast metric pass; detailed slices computed for top candidates only
A2_group_0.970_1.000_1.005,0.6057146881721173,0.8689856798395574,0.13101432016044262,0.34244369650467715,,,-0.006052668300609354,-0.0010429972893318817,0.0010429972893319372,-0.01106233931188666,,,A2_group,0.97,1.0,1.005,Screened,fast metric pass; detailed slices computed for top candidates only
A2_group_0.970_1.000_1.010,0.6060933984393697,0.8691064618203548,0.13089353817964522,0.3430803350583846,,,-0.005673958033356907,-0.0009222153085345353,0.0009222153085345353,-0.010425700758179224,,,A2_group,0.97,1.0,1.01,Screened,fast metric pass; detailed slices computed for top candidates only
A2_group_0.970_1.000_1.015,0.6063492533645513,0.8692205448993932,0.13077945510060687,0.3434779618297094,,,-0.005418103108175365,-0.0008081322294961613,0.000808132229496189,-0.010028073986854402,,,A2_group,0.97,1.0,1.015,Screened,fast metric pass; detailed slices computed for top candidates only
A2_group_0.970_1.000_1.020,0.6064177448541266,0.869328014482764,0.13067198551723602,0.34350747522548924,,,-0.005349611618600036,-0.0007006626461253385,0.0007006626461253385,-0.009998560591074568,,,A2_group,0.97,1.0,1.02,Screened,fast metric pass; detailed slices computed for top candidates only
A2_group_0.970_1.000_1.025,0.6068245236642514,0.8694277267624508,0.13057227323754922,0.34422132056605204,,,-0.004942832808475184,-0.0006009503664384797,0.0006009503664385352,-0.009284715250511777,,,A2_group,0.97,1.0,1.025,Screened,fast metric pass; detailed slices computed for top candidates only
A2_group_0.970_1.000_1.030,0.6070116606784338,0.8695218829477462,0.1304781170522538,0.34450143840912134,,,-0.004755695794292802,-0.0005067941811430776,0.0005067941811431054,-0.009004597407442472,,,A2_group,0.97,1.0,1.03,Screened,fast metric pass; detailed slices computed for top candidates only
A2_group_0.970_1.005_0.970,0.6040988857333756,0.867960011751102,0.13203998824889795,0.3402377597156492,,,-0.007668470739351063,-0.002068665377787271,0.002068665377787271,-0.013268276100914633,,,A2_group,0.97,1.005,0.97,Screened,fast metric pass; detailed slices computed for top candidates only
A2_group_0.970_1.005_0.975,0.6042824104471649,0.8681298038574254,0.13187019614257453,0.3404350170369043,,,-0.007484946025561712,-0.0018988732714638745,0.0018988732714638468,-0.013071018779659493,,,A2_group,0.97,1.005,0.975,Screened,fast metric pass; detailed slices computed for top candidates only
A2_group_0.970_1.005_0.980,0.6046964545953317,0.8682915846244592,0.13170841537554084,0.34110132456620423,,,-0.007070901877394897,-0.0017370925044301044,0.00173709250443016,-0.012404711250359579,,,A2_group,0.97,1.005,0.98,Screened,fast metric pass; detailed slices computed for top candidates only
A2_group_0.970_1.005_0.985,0.6051120783790057,0.8684466955020569,0.13155330449794314,0.3417774612559546,,,-0.006655278093720907,-0.0015819816268324294,0.0015819816268324571,-0.011728574560609217,,,A2_group,0.97,1.005,0.985,Screened,fast metric pass; detailed slices computed for top candidates only
A2_group_0.970_1.005_0.990,0.6054935809567537,0.8685959622314975,0.13140403776850249,0.3423911996820099,,,-0.006273775515972968,-0.0014327148973918291,0.0014327148973918014,-0.01111483613455394,,,A2_group,0.97,1.005,0.99,Screened,fast metric pass; detailed slices computed for top candidates only
A2_group_0.970_1.005_0.995,0.6057549733676043,0.8687390150445244,0.13126098495547556,0.3427709316906842,,,-0.00601238310512231,-0.0012896620843648732,0.0012896620843648732,-0.010735104125879635,,,A2_group,0.97,1.005,0.995,Screened,fast metric pass; detailed slices computed for top candidates only
A2_group_0.970_1.005_1.000,0.6059748239028799,0.8688746867249486,0.13112531327505136,0.3430749610808113,,,-0.005792532569846687,-0.0011539904039407078,0.00115399040394068,-0.010431074735752499,,,A2_group,0.97,1.005,1.0,Screened,fast metric pass; detailed slices computed for top candidates only
A2_group_0.970_1.005_1.005,0.6061615854022404,0.869002143803321,0.13099785619667906,0.34332102700115974,,,-0.00560577107048621,-0.0010265333255683462,0.001026533325568374,-0.010185008815404073,,,A2_group,0.97,1.005,1.005,Screened,fast metric pass; detailed slices computed for top candidates only
A2_group_0.970_1.005_1.010,0.6065402956694927,0.8691229257841183,0.13087707421588166,0.3439576655548671,,,-0.005227060803233874,-0.0009057513447709997,0.000905751344770972,-0.009548370261696693,,,A2_group,0.97,1.005,1.01,Screened,fast metric pass; detailed slices computed for top candidates only
A2_group_0.970_1.005_1.015,0.6067961505946744,0.8692370088631567,0.1307629911368433,0.34435529232619205,,,-0.004971205878052221,-0.0007916682657326257,0.0007916682657326257,-0.00915074349037176,,,A2_group,0.97,1.005,1.015,Screened,fast metric pass; detailed slices computed for top candidates only
A2_group_0.970_1.005_1.020,0.6068646420842497,0.8693444784465275,0.13065552155347246,0.3443848057219719,,,-0.004902714388476892,-0.0006841986823618029,0.0006841986823617752,-0.009121230094591926,,,A2_group,0.97,1.005,1.02,Screened,fast metric pass; detailed slices computed for top candidates only
A2_group_0.970_1.005_1.025,0.6072714208943745,0.8694441907262144,0.13055580927378566,0.3450986510625346,,,-0.00449593557835215,-0.0005844864026749441,0.0005844864026749719,-0.00840738475402919,,,A2_group,0.97,1.005,1.025,Screened,fast metric pass; detailed slices computed for top candidates only
A2_group_0.970_1.005_1.030,0.6074585579085569,0.8695383469115098,0.13046165308849023,0.3453787689056039,,,-0.004308798564169769,-0.0004903302173795421,0.0004903302173795421,-0.00812726691095994,,,A2_group,0.97,1.005,1.03,Screened,fast metric pass; detailed slices computed for top candidates only
A2_group_0.970_1.010_0.970,0.6045964932064151,0.8679586802716011,0.13204131972839891,0.341234306141229,,,-0.007170863266311556,-0.0020699968572882588,0.002069996857288231,-0.012271729675334797,,,A2_group,0.97,1.01,0.97,Screened,fast metric pass; detailed slices computed for top candidates only
A2_group_0.970_1.010_0.975,0.6047800179202043,0.8681284723779246,0.1318715276220755,0.34143156346248404,,,-0.006987338552522315,-0.0019002047509647513,0.0019002047509648068,-0.012074472354079768,,,A2_group,0.97,1.01,0.975,Screened,fast metric pass; detailed slices computed for top candidates only
A2_group_0.970_1.010_0.980,0.6051940620683711,0.8682902531449582,0.1317097468550418,0.3420978709917839,,,-0.006573294404355501,-0.0017384239839310922,0.00173842398393112,-0.01140816482477991,,,A2_group,0.97,1.01,0.98,Screened,fast metric pass; detailed slices computed for top candidates only
A2_group_0.970_1.010_0.985,0.6056096858520451,0.8684453640225559,0.13155463597744413,0.3427740076815344,,,-0.00615767062068151,-0.0015833131063334172,0.001583313106333445,-0.010732028135029437,,,A2_group,0.97,1.01,0.985,Screened,fast metric pass; detailed slices computed for top candidates only
A2_group_0.970_1.010_0.990,0.605991188429793,0.8685946307519965,0.13140536924800347,0.3433877461075896,,,-0.0057761680429335716,-0.0014340463768928169,0.0014340463768927891,-0.010118289708974215,,,A2_group,0.97,1.01,0.99,Screened,fast metric pass; detailed slices computed for top candidates only
A2_group_0.970_1.010_0.995,0.6062525808406437,0.8687376835650235,0.13126231643497654,0.3437674781162639,,,-0.005514775632082913,-0.001290993563865861,0.001290993563865861,-0.00973855770029991,,,A2_group,0.97,1.01,0.995,Screened,fast metric pass; detailed slices computed for top candidates only
A2_group_0.970_1.010_1.000,0.6064724313759193,0.8688733552454476,0.13112664475455235,0.34407150750639115,,,-0.00529492509680729,-0.0011553218834416956,0.0011553218834416679,-0.009434528310172663,,,A2_group,0.97,1.01,1.0,Screened,fast metric pass; detailed slices computed for top candidates only
A2_group_0.970_1.010_1.005,0.6066591928752797,0.86900081232382,0.13099918767618002,0.34431757342673946,,,-0.005108163597446924,-0.001027864805069334,0.001027864805069334,-0.009188462389824348,,,A2_group,0.97,1.01,1.005,Screened,fast metric pass; detailed slices computed for top candidates only
A2_group_0.970_1.010_1.010,0.6070379031425321,0.8691215943046173,0.13087840569538264,0.3449542119804469,,,-0.0047294533301944774,-0.0009070828242719875,0.0009070828242719597,-0.008551823836116912,,,A2_group,0.97,1.01,1.01,Screened,fast metric pass; detailed slices computed for top candidates only
A2_group_0.970_1.010_1.015,0.6072937580677137,0.8692356773836557,0.1307643226163443,0.3453518387517717,,,-0.004473598405012935,-0.0007929997452336135,0.0007929997452336135,-0.00815419706479209,,,A2_group,0.97,1.01,1.015,Screened,fast metric pass; detailed slices computed for top candidates only
A2_group_0.970_1.010_1.020,0.607362249557289,0.8693431469670265,0.13065685303297345,0.34538135214755156,,,-0.004405106915437607,-0.0006855301618627907,0.0006855301618627629,-0.008124683669012256,,,A2_group,0.97,1.01,1.02,Screened,fast metric pass; detailed slices computed for top candidates only
A2_group_0.970_1.010_1.025,0.6077690283674139,0.8694428592467134,0.13055714075328662,0.34609519748811435,,,-0.003998328105312754,-0.0005858178821759319,0.0005858178821759319,-0.007410838328449465,,,A2_group,0.97,1.01,1.025,Screened,fast metric pass; detailed slices computed for top candidates only
A2_group_0.970_1.010_1.030,0.6079561653815962,0.8695370154320088,0.13046298456799119,0.34637531533118365,,,-0.0038111910911303726,-0.0004916616968805299,0.0004916616968805021,-0.00713072048538016,,,A2_group,0.97,1.01,1.03,Screened,fast metric pass; detailed slices computed for top candidates only
A2_group_0.970_1.015_0.970,0.6052541418414694,0.8679356438294377,0.1320643561705624,0.34257263985350117,,,-0.006513214631257203,-0.002093033299451652,0.0020930332994517076,-0.010933395963062642,,,A2_group,0.97,1.015,0.97,Screened,fast metric pass; detailed slices computed for top candidates only
A2_group_0.970_1.015_0.975,0.6054376665552587,0.8681054359357611,0.13189456406423897,0.3427698971747562,,,-0.006329689917467962,-0.0019232411931282556,0.0019232411931282833,-0.010736138641807613,,,A2_group,0.97,1.015,0.975,Screened,fast metric pass; detailed slices computed for top candidates only
A2_group_0.970_1.015_0.980,0.6058517107034255,0.8682672167027947,0.13173278329720528,0.34343620470405617,,,-0.005915645769301148,-0.0017614604260945965,0.0017614604260945965,-0.010069831112507643,,,A2_group,0.97,1.015,0.98,Screened,fast metric pass; detailed slices computed for top candidates only
A2_group_0.970_1.015_0.985,0.6062673344870995,0.8684223275803924,0.1315776724196076,0.3441123413938066,,,-0.005500021985627157,-0.0016063495484969215,0.0016063495484969215,-0.009393694422757226,,,A2_group,0.97,1.015,0.985,Screened,fast metric pass; detailed slices computed for top candidates only
A2_group_0.970_1.015_0.990,0.6066488370648475,0.8685715943098331,0.13142840569016692,0.34472607981986186,,,-0.005118519407879107,-0.0014570828190562102,0.001457082819056238,-0.00877995599670195,,,A2_group,0.97,1.015,0.99,Screened,fast metric pass; detailed slices computed for top candidates only
A2_group_0.970_1.015_0.995,0.6069102294756981,0.86871464712286,0.13128535287714002,0.34510581182853617,,,-0.00485712699702856,-0.0013140300060293653,0.0013140300060293375,-0.008400223988027644,,,A2_group,0.97,1.015,0.995,Screened,fast metric pass; detailed slices computed for top candidates only
A2_group_0.970_1.015_1.000,0.6071300800109738,0.8688503188032842,0.1311496811967158,0.3454098412186633,,,-0.004637276461752826,-0.001178358325605089,0.0011783583256051167,-0.008096194597900508,,,A2_group,0.97,1.015,1.0,Screened,fast metric pass; detailed slices computed for top candidates only
A2_group_0.970_1.015_1.005,0.607316841510334,0.8689777758816565,0.1310222241183435,0.3456559071390117,,,-0.004450514962392571,-0.0010509012472328383,0.0010509012472328105,-0.007850128677552137,,,A2_group,0.97,1.015,1.005,Screened,fast metric pass; detailed slices computed for top candidates only
A2_group_0.970_1.015_1.010,0.6076955517775865,0.8690985578624539,0.1309014421375461,0.34629254569271906,,,-0.004071804695140124,-0.0009301192664353808,0.0009301192664354085,-0.007213490123844757,,,A2_group,0.97,1.015,1.01,Screened,fast metric pass; detailed slices computed for top candidates only
A2_group_0.970_1.015_1.015,0.607951406702768,0.8692126409414922,0.13078735905850777,0.34669017246404393,,,-0.003815949769958582,-0.0008160361873971178,0.00081603618739709,-0.00681586335251988,,,A2_group,0.97,1.015,1.015,Screened,fast metric pass; detailed slices computed for top candidates only
A2_group_0.970_1.015_1.020,0.6080198981923435,0.8693201105248631,0.1306798894751369,0.3467196858598238,,,-0.0037474582803831424,-0.000708566604026184,0.0007085666040262117,-0.00678634995673999,,,A2_group,0.97,1.015,1.02,Screened,fast metric pass; detailed slices computed for top candidates only
A2_group_0.970_1.015_1.025,0.6084266770024682,0.8694198228045499,0.1305801771954501,0.3474335312003865,,,-0.003340679470258401,-0.0006088543243394362,0.0006088543243394084,-0.00607250461617731,,,A2_group,0.97,1.015,1.025,Screened,fast metric pass; detailed slices computed for top candidates only
A2_group_0.970_1.015_1.030,0.6086138140166506,0.8695139789898454,0.13048602101015466,0.34771364904345586,,,-0.0031535424560760195,-0.0005146981390439231,0.0005146981390439787,-0.005792386773107949,,,A2_group,0.97,1.015,1.03,Screened,fast metric pass; detailed slices computed for top candidates only
A2_group_0.970_1.020_0.970,0.6055927627100971,0.8678950121136453,0.13210498788635472,0.3432905133065489,,,-0.006174593762629521,-0.002133665015244035,0.002133665015244035,-0.010215522510014896,,,A2_group,0.97,1.02,0.97,Screened,fast metric pass; detailed slices computed for top candidates only
A2_group_0.970_1.020_0.975,0.6057762874238863,0.8680648042199687,0.1319351957800313,0.34348777062780395,,,-0.005991069048840281,-0.0019638729089206386,0.001963872908920611,-0.010018265188759867,,,A2_group,0.97,1.02,0.975,Screened,fast metric pass; detailed slices computed for top candidates only
A2_group_0.970_1.020_0.980,0.606190331572053,0.8682265849870023,0.1317734150129976,0.3441540781571038,,,-0.005577024900673577,-0.0018020921418869795,0.001802092141886924,-0.009351957659460008,,,A2_group,0.97,1.02,0.98,Screened,fast metric pass; detailed slices computed for top candidates only
A2_group_0.970_1.020_0.985,0.6066059553557273,0.8683816958646001,0.1316183041353999,0.3448302148468543,,,-0.0051614011169993645,-0.0016469812642891934,0.0016469812642892212,-0.008675820969709536,,,A2_group,0.97,1.02,0.985,Screened,fast metric pass; detailed slices computed for top candidates only
A2_group_0.970_1.020_0.990,0.6069874579334751,0.8685309625940407,0.13146903740595925,0.3454439532729095,,,-0.004779898539251537,-0.0014977145348485932,0.0014977145348485654,-0.008062082543654314,,,A2_group,0.97,1.02,0.99,Screened,fast metric pass; detailed slices computed for top candidates only
A2_group_0.970_1.020_0.995,0.6072488503443257,0.8686740154070677,0.13132598459293232,0.34582368528158386,,,-0.004518506128400879,-0.0013546617218216372,0.0013546617218216372,-0.007682350534979954,,,A2_group,0.97,1.02,0.995,Screened,fast metric pass; detailed slices computed for top candidates only
A2_group_0.970_1.020_1.000,0.6074687008796015,0.8688096870874918,0.13119031291250813,0.34612771467171105,,,-0.004298655593125145,-0.001218990041397472,0.0012189900413974442,-0.007378321144852762,,,A2_group,0.97,1.02,1.0,Screened,fast metric pass; detailed slices computed for top candidates only
A2_group_0.970_1.020_1.005,0.6076554623789618,0.8689371441658642,0.13106285583413582,0.3463737805920594,,,-0.0041118940937647785,-0.0010915329630251103,0.001091532963025138,-0.007132255224504391,,,A2_group,0.97,1.02,1.005,Screened,fast metric pass; detailed slices computed for top candidates only
A2_group_0.970_1.020_1.010,0.6080341726462142,0.8690579261466616,0.13094207385333842,0.3470104191457668,,,-0.003733183826512443,-0.0009707509822277638,0.000970750982227736,-0.006495616670797011,,,A2_group,0.97,1.02,1.01,Screened,fast metric pass; detailed slices computed for top candidates only
A2_group_0.970_1.020_1.015,0.6082900275713958,0.8691720092256999,0.13082799077430007,0.3474080459170916,,,-0.0034773289013307895,-0.0008566679031893898,0.0008566679031893898,-0.006097989899472189,,,A2_group,0.97,1.02,1.015,Screened,fast metric pass; detailed slices computed for top candidates only
A2_group_0.970_1.020_1.020,0.6083585190609712,0.8692794788090707,0.13072052119092922,0.3474375593128715,,,-0.003408837411755461,-0.000749198319818567,0.0007491983198185392,-0.006068476503692299,,,A2_group,0.97,1.02,1.02,Screened,fast metric pass; detailed slices computed for top candidates only
A2_group_0.970_1.020_1.025,0.6087652978710959,0.8693791910887576,0.13062080891124242,0.34815140465343425,,,-0.0030020586016307194,-0.0006494860401317082,0.0006494860401317359,-0.005354631163129564,,,A2_group,0.97,1.02,1.025,Screened,fast metric pass; detailed slices computed for top candidates only
A2_group_0.970_1.020_1.030,0.6089524348852783,0.869473347274053,0.130526652725947,0.34843152249650355,,,-0.002814921587448338,-0.0005553298548363061,0.0005553298548363061,-0.005074513320060259,,,A2_group,0.97,1.02,1.03,Screened,fast metric pass; detailed slices computed for top candidates only
A2_group_0.970_1.025_0.970,0.6055659244102726,0.8678381677719357,0.1321618322280643,0.3432936810486094,,,-0.006201432062454049,-0.0021905093569536405,0.0021905093569536127,-0.010212354767954401,,,A2_group,0.97,1.025,0.97,Screened,fast metric pass; detailed slices computed for top candidates only
A2_group_0.970_1.025_0.975,0.6057494491240618,0.8680079598782592,0.13199204012174084,0.3434909383698645,,,-0.006017907348664808,-0.002020717250630133,0.0020207172506301607,-0.010015097446699317,,,A2_group,0.97,1.025,0.975,Screened,fast metric pass; detailed slices computed for top candidates only
A2_group_0.970_1.025_0.980,0.6061634932722286,0.8681697406452928,0.13183025935470719,0.34415724589916435,,,-0.005603863200497994,-0.001858936483596474,0.0018589364835965017,-0.009348789917399458,,,A2_group,0.97,1.025,0.98,Screened,fast metric pass; detailed slices computed for top candidates only
A2_group_0.970_1.025_0.985,0.6065791170559026,0.8683248515228905,0.13167514847710948,0.34483338258891477,,,-0.005188239416824003,-0.0017038256059987988,0.0017038256059987988,-0.008672653227649041,,,A2_group,0.97,1.025,0.985,Screened,fast metric pass; detailed slices computed for top candidates only
A2_group_0.970_1.025_0.990,0.6069606196336507,0.8684741182523312,0.1315258817476688,0.34544712101497005,,,-0.0048067368390759535,-0.0015545588765580876,0.0015545588765581153,-0.008058914801593764,,,A2_group,0.97,1.025,0.99,Screened,fast metric pass; detailed slices computed for top candidates only
A2_group_0.970_1.025_0.995,0.6072220120445012,0.8686171710653581,0.1313828289346419,0.34582685302364435,,,-0.004545344428225406,-0.0014115060635312426,0.0014115060635312149,-0.007679182792919459,,,A2_group,0.97,1.025,0.995,Screened,fast metric pass; detailed slices computed for top candidates only
A2_group_0.970_1.025_1.000,0.607441862579777,0.8687528427457822,0.1312471572542177,0.3461308824137716,,,-0.004325493892949672,-0.0012758343831070773,0.0012758343831070218,-0.007375153402792212,,,A2_group,0.97,1.025,1.0,Screened,fast metric pass; detailed slices computed for top candidates only
A2_group_0.970_1.025_1.005,0.6076286240791373,0.8688802998241546,0.13111970017584537,0.3463769483341199,,,-0.004138732393589306,-0.0011483773047347157,0.001148377304734688,-0.0071290874824438966,,,A2_group,0.97,1.025,1.005,Screened,fast metric pass; detailed slices computed for top candidates only
A2_group_0.970_1.025_1.010,0.6080073343463896,0.8690010818049521,0.13099891819504797,0.3470135868878273,,,-0.0037600221263369704,-0.0010275953239372582,0.001027595323937286,-0.006492448928736516,,,A2_group,0.97,1.025,1.01,Screened,fast metric pass; detailed slices computed for top candidates only
A2_group_0.970_1.025_1.015,0.6082631892715712,0.8691151648839903,0.13088483511600965,0.3474112136591521,,,-0.003504167201155428,-0.0009135122448989952,0.0009135122448989674,-0.0060948221574116945,,,A2_group,0.97,1.025,1.015,Screened,fast metric pass; detailed slices computed for top candidates only
A2_group_0.970_1.025_1.020,0.6083316807611466,0.8692226344673613,0.13077736553263877,0.347440727054932,,,-0.0034356757115799885,-0.0008060426615280614,0.0008060426615280891,-0.006065308761631805,,,A2_group,0.97,1.025,1.02,Screened,fast metric pass; detailed slices computed for top candidates only
A2_group_0.970_1.025_1.025,0.6087384595712714,0.869322346747048,0.13067765325295197,0.3481545723954948,,,-0.003028896901455247,-0.0007063303818413136,0.0007063303818412858,-0.005351463421069014,,,A2_group,0.97,1.025,1.025,Screened,fast metric pass; detailed slices computed for top candidates only
A2_group_0.970_1.025_1.030,0.6089255965854538,0.8694165029323434,0.13058349706765657,0.34843469023856405,,,-0.0028417598872728655,-0.0006121741965459115,0.0006121741965458838,-0.005071345577999764,,,A2_group,0.97,1.025,1.03,Screened,fast metric pass; detailed slices computed for top candidates only
A2_group_0.970_1.030_0.970,0.6058044868491623,0.867767362524948,0.13223263747505196,0.3438416111733766,,,-0.005962869623564293,-0.0022613146039413,0.0022613146039412724,-0.00966442464318723,,,A2_group,0.97,1.03,0.97,Screened,fast metric pass; detailed slices computed for top candidates only
A2_group_0.970_1.030_0.975,0.6059880115629516,0.8679371546312715,0.1320628453687285,0.3440388684946316,,,-0.005779344909775053,-0.0020915224976177926,0.0020915224976178204,-0.009467167321932202,,,A2_group,0.97,1.03,0.975,Screened,fast metric pass; detailed slices computed for top candidates only
A2_group_0.970_1.030_0.980,0.6064020557111184,0.8680989353983052,0.13190106460169485,0.3447051760239315,,,-0.005365300761608238,-0.0019297417305841336,0.0019297417305841613,-0.008800859792632287,,,A2_group,0.97,1.03,0.98,Screened,fast metric pass; detailed slices computed for top candidates only
A2_group_0.970_1.030_0.985,0.6068176794947924,0.8682540462759029,0.13174595372409714,0.345381312713682,,,-0.0049496769779342475,-0.0017746308529864585,0.0017746308529864585,-0.008124723102881815,,,A2_group,0.97,1.03,0.985,Screened,fast metric pass; detailed slices computed for top candidates only
A2_group_0.970_1.030_0.990,0.6071991820725403,0.8684033130053435,0.1315966869946565,0.3459950511397372,,,-0.004568174400186309,-0.0016253641235458582,0.0016253641235458027,-0.007510984676826593,,,A2_group,0.97,1.03,0.99,Screened,fast metric pass; detailed slices computed for top candidates only
A2_group_0.970_1.030_0.995,0.607460574483391,0.8685463658183704,0.13145363418162956,0.3463747831484116,,,-0.004306781989335651,-0.0014823113105189023,0.0014823113105188745,-0.007131252668152233,,,A2_group,0.97,1.03,0.995,Screened,fast metric pass; detailed slices computed for top candidates only
A2_group_0.970_1.030_1.000,0.6076804250186667,0.8686820374987946,0.1313179625012054,0.3466788125385387,,,-0.004086931454059917,-0.001346639630094737,0.0013466396300947092,-0.006827223278025096,,,A2_group,0.97,1.03,1.0,Screened,fast metric pass; detailed slices computed for top candidates only
A2_group_0.970_1.030_1.005,0.607867186518027,0.8688094945771669,0.13119050542283306,0.34692487845888703,,,-0.0039001699546996615,-0.0012191825517223753,0.0012191825517223753,-0.006581157357676781,,,A2_group,0.97,1.03,1.005,Screened,fast metric pass; detailed slices computed for top candidates only
A2_group_0.970_1.030_1.010,0.6082458967852794,0.8689302765579644,0.13106972344203563,0.34756151701259447,,,-0.003521459687447215,-0.0010984005709249178,0.0010984005709249456,-0.005944518803969345,,,A2_group,0.97,1.03,1.01,Screened,fast metric pass; detailed slices computed for top candidates only
A2_group_0.970_1.030_1.015,0.608501751710461,0.8690443596370027,0.1309556403629973,0.34795914378391934,,,-0.0032656047622656725,-0.0009843174918866548,0.000984317491886627,-0.005546892032644468,,,A2_group,0.97,1.03,1.015,Screened,fast metric pass; detailed slices computed for top candidates only
A2_group_0.970_1.030_1.020,0.6085702432000364,0.8691518292203736,0.13084817077962643,0.34798865717969923,,,-0.003197113272690233,-0.000876847908515721,0.0008768479085157488,-0.005517378636864578,,,A2_group,0.97,1.03,1.02,Screened,fast metric pass; detailed slices computed for top candidates only
A2_group_0.970_1.030_1.025,0.6089770220101611,0.8692515415000603,0.13074845849993966,0.3487025025202619,,,-0.0027903344625654913,-0.0007771356288289732,0.0007771356288289732,-0.004803533296301898,,,A2_group,0.97,1.03,1.025,Screened,fast metric pass; detailed slices computed for top candidates only
A2_group_0.970_1.030_1.030,0.6091641590243435,0.8693456976853557,0.13065430231464423,0.3489826203633313,,,-0.00260319744838311,-0.0006829794435335712,0.0006829794435335435,-0.004523415453232538,,,A2_group,0.97,1.03,1.03,Screened,fast metric pass; detailed slices computed for top candidates only
A2_group_0.975_0.970_0.970,0.5989165866363284,0.8676911760891525,0.13230882391084753,0.33014199718350434,,,-0.012850769836398213,-0.0023375010397368445,0.0023375010397368445,-0.02336403863305947,,,A2_group,0.975,0.97,0.97,Screened,fast metric pass; detailed slices computed for top candidates only
A2_group_0.975_0.970_0.975,0.5991001113501176,0.8678609681954759,0.1321390318045241,0.3303392545047594,,,-0.012667245122608972,-0.002167708933413448,0.0021677089334134203,-0.023166781311804385,,,A2_group,0.975,0.97,0.975,Screened,fast metric pass; detailed slices computed for top candidates only
A2_group_0.975_0.970_0.980,0.5995141554982845,0.8680227489625095,0.13197725103749045,0.33100556203405934,,,-0.012253200974442158,-0.002005928166379789,0.0020059281663797612,-0.02250047378250447,,,A2_group,0.975,0.97,0.98,Screened,fast metric pass; detailed slices computed for top candidates only
A2_group_0.975_0.970_0.985,0.5999297792819586,0.8681778598401073,0.13182214015989274,0.33168169872380976,,,-0.011837577190768056,-0.001850817288782003,0.0018508172887820584,-0.021824337092754054,,,A2_group,0.975,0.97,0.985,Screened,fast metric pass; detailed slices computed for top candidates only
A2_group_0.975_0.970_0.990,0.6003112818597065,0.8683271265695479,0.1316728734304521,0.332295437149865,,,-0.011456074613020117,-0.0017015505593414026,0.0017015505593414026,-0.021210598666698832,,,A2_group,0.975,0.97,0.99,Screened,fast metric pass; detailed slices computed for top candidates only
A2_group_0.975_0.970_0.995,0.600572674270557,0.8684701793825749,0.13152982061742516,0.3326751691585393,,,-0.01119468220216957,-0.0015584977463144467,0.0015584977463144745,-0.020830866658024527,,,A2_group,0.975,0.97,0.995,Screened,fast metric pass; detailed slices computed for top candidates only
A2_group_0.975_0.970_1.000,0.6007925248058328,0.868605851062999,0.13139414893700097,0.3329791985486665,,,-0.010974831666893836,-0.0014228260658902814,0.0014228260658902814,-0.020526837267897335,,,A2_group,0.975,0.97,1.0,Screened,fast metric pass; detailed slices computed for top candidates only
A2_group_0.975_0.970_1.005,0.6009792863051931,0.8687333081413714,0.13126669185862863,0.33322526446901485,,,-0.01078807016753347,-0.0012953689875179197,0.0012953689875179475,-0.020280771347548965,,,A2_group,0.975,0.97,1.005,Screened,fast metric pass; detailed slices computed for top candidates only
A2_group_0.975_0.970_1.010,0.6013579965724455,0.8688540901221687,0.13114590987783123,0.3338619030227223,,,-0.010409359900281134,-0.0011745870067205733,0.0011745870067205455,-0.01964413279384153,,,A2_group,0.975,0.97,1.01,Screened,fast metric pass; detailed slices computed for top candidates only
A2_group_0.975_0.970_1.015,0.6016138514976271,0.8689681732012071,0.1310318267987929,0.33425952979404716,,,-0.010153504975099481,-0.0010605039276821993,0.001060503927682227,-0.019246506022516652,,,A2_group,0.975,0.97,1.015,Screened,fast metric pass; detailed slices computed for top candidates only
A2_group_0.975_0.970_1.020,0.6016823429872025,0.8690756427845779,0.13092435721542203,0.33428904318982705,,,-0.010085013485524152,-0.0009530343443113765,0.0009530343443113487,-0.019216992626736762,,,A2_group,0.975,0.97,1.02,Screened,fast metric pass; detailed slices computed for top candidates only
A2_group_0.975_0.970_1.025,0.6020891217973272,0.8691753550642648,0.13082464493573523,0.33500288853038973,,,-0.00967823467539941,-0.0008533220646245177,0.0008533220646245454,-0.018503147286174082,,,A2_group,0.975,0.97,1.025,Screened,fast metric pass; detailed slices computed for top candidates only
A2_group_0.975_0.970_1.030,0.6022762588115096,0.8692695112495602,0.1307304887504398,0.33528300637345904,,,-0.00949109766121703,-0.0007591658793291156,0.0007591658793291156,-0.018223029443104777,,,A2_group,0.975,0.97,1.03,Screened,fast metric pass; detailed slices computed for top candidates only
A2_group_0.975_0.975_0.970,0.6004155534345831,0.8678133776517569,0.13218662234824308,0.3330177292174093,,,-0.011351803038143538,-0.002215299477132393,0.002215299477132393,-0.020488306599154515,,,A2_group,0.975,0.975,0.97,Screened,fast metric pass; detailed slices computed for top candidates only
A2_group_0.975_0.975_0.975,0.6005990781483723,0.8679831697580803,0.13201683024191965,0.3332149865386644,,,-0.011168278324354297,-0.0020455073708089966,0.002045507370808969,-0.02029104927789943,,,A2_group,0.975,0.975,0.975,Screened,fast metric pass; detailed slices computed for top candidates only
A2_group_0.975_0.975_0.980,0.6010131222965391,0.868144950525114,0.13185504947488597,0.33388129406796424,,,-0.010754234176187483,-0.0018837266037753375,0.001883726603775282,-0.019624741748599572,,,A2_group,0.975,0.975,0.98,Screened,fast metric pass; detailed slices computed for top candidates only
A2_group_0.975_0.975_0.985,0.6014287460802132,0.8683000614027118,0.13169993859728826,0.33455743075771466,,,-0.010338610392513381,-0.0017286157261775514,0.0017286157261775792,-0.018948605058849155,,,A2_group,0.975,0.975,0.985,Screened,fast metric pass; detailed slices computed for top candidates only
A2_group_0.975_0.975_0.990,0.6018102486579612,0.8684493281321524,0.1315506718678476,0.33517116918376993,,,-0.009957107814765442,-0.0015793489967369512,0.0015793489967369234,-0.018334866632793878,,,A2_group,0.975,0.975,0.99,Screened,fast metric pass; detailed slices computed for top candidates only
A2_group_0.975_0.975_0.995,0.6020716410688118,0.8685923809451793,0.13140761905482068,0.33555090119244424,,,-0.009695715403914784,-0.0014362961837099952,0.0014362961837099952,-0.017955134624119573,,,A2_group,0.975,0.975,0.995,Screened,fast metric pass; detailed slices computed for top candidates only
A2_group_0.975_0.975_1.000,0.6022914916040875,0.8687280526256035,0.13127194737439649,0.3358549305825715,,,-0.009475864868639161,-0.00130062450328583,0.0013006245032858021,-0.017651105233992326,,,A2_group,0.975,0.975,1.0,Screened,fast metric pass; detailed slices computed for top candidates only
A2_group_0.975_0.975_1.005,0.6024782531034478,0.8688555097039758,0.13114449029602418,0.3361009965029198,,,-0.009289103369278795,-0.0011731674249134683,0.001173167424913496,-0.01740503931364401,,,A2_group,0.975,0.975,1.005,Screened,fast metric pass; detailed slices computed for top candidates only
A2_group_0.975_0.975_1.010,0.6028569633707002,0.8689762916847732,0.13102370831522678,0.3367376350566272,,,-0.00891039310202646,-0.0010523854441161218,0.001052385444116094,-0.01676840075993663,,,A2_group,0.975,0.975,1.01,Screened,fast metric pass; detailed slices computed for top candidates only
A2_group_0.975_0.975_1.015,0.6031128182958818,0.8690903747638116,0.13090962523618843,0.337135261827952,,,-0.008654538176844806,-0.0009383023650777478,0.0009383023650777478,-0.01637077398861181,,,A2_group,0.975,0.975,1.015,Screened,fast metric pass; detailed slices computed for top candidates only
A2_group_0.975_0.975_1.020,0.6031813097854571,0.8691978443471824,0.13080215565281758,0.3371647752237319,,,-0.008586046687269477,-0.000830832781706925,0.0008308327817068972,-0.01634126059283192,,,A2_group,0.975,0.975,1.02,Screened,fast metric pass; detailed slices computed for top candidates only
A2_group_0.975_0.975_1.025,0.603588088595582,0.8692975566268692,0.13070244337313078,0.3378786205642947,,,-0.008179267877144625,-0.0007311205020200662,0.0007311205020200939,-0.015627415252269128,,,A2_group,0.975,0.975,1.025,Screened,fast metric pass; detailed slices computed for top candidates only
A2_group_0.975_0.975_1.030,0.6037752256097643,0.8693917128121647,0.13060828718783535,0.33815873840736393,,,-0.007992130862962354,-0.0006369643167246641,0.0006369643167246641,-0.015347297409199878,,,A2_group,0.975,0.975,1.03,Screened,fast metric pass; detailed slices computed for top candidates only
A2_group_0.975_0.980_0.970,0.6012291233866189,0.867919329267704,0.132080670732296,0.3345389175055338,,,-0.010538233086107684,-0.002109347861185329,0.002109347861185329,-0.01896711831103004,,,A2_group,0.975,0.98,0.97,Screened,fast metric pass; detailed slices computed for top candidates only
A2_group_0.975_0.980_0.975,0.6014126481004081,0.8680891213740274,0.1319108786259726,0.3347361748267888,,,-0.010354708372318555,-0.0019395557548619324,0.0019395557548619047,-0.01876986098977501,,,A2_group,0.975,0.98,0.975,Screened,fast metric pass; detailed slices computed for top candidates only
A2_group_0.975_0.980_0.980,0.601826692248575,0.8682509021410612,0.1317490978589389,0.33540248235608877,,,-0.00994066422415163,-0.0017777749878281623,0.0017777749878282179,-0.01810355346047504,,,A2_group,0.975,0.98,0.98,Screened,fast metric pass; detailed slices computed for top candidates only
A2_group_0.975_0.980_0.985,0.602242316032249,0.8684060130186588,0.1315939869813412,0.3360786190458392,,,-0.009525040440477639,-0.0016226641102304873,0.001622664110230515,-0.017427416770724624,,,A2_group,0.975,0.98,0.985,Screened,fast metric pass; detailed slices computed for top candidates only
A2_group_0.975_0.980_0.990,0.6026238186099969,0.8685552797480994,0.13144472025190054,0.33669235747189447,,,-0.0091435378627297,-0.001473397380789887,0.0014733973807898593,-0.016813678344669347,,,A2_group,0.975,0.98,0.99,Screened,fast metric pass; detailed slices computed for top candidates only
A2_group_0.975_0.980_0.995,0.6028852110208476,0.8686983325611264,0.13130166743887361,0.33707208948056877,,,-0.008882145451879042,-0.001330344567762931,0.001330344567762931,-0.016433946335995042,,,A2_group,0.975,0.98,0.995,Screened,fast metric pass; detailed slices computed for top candidates only
A2_group_0.975_0.980_1.000,0.6031050615561232,0.8688340042415506,0.13116599575844942,0.3373761188706959,,,-0.008662294916603419,-0.0011946728873387658,0.001194672887338738,-0.016129916945867906,,,A2_group,0.975,0.98,1.0,Screened,fast metric pass; detailed slices computed for top candidates only
A2_group_0.975_0.980_1.005,0.6032918230554836,0.8689614613199229,0.13103853868007712,0.3376221847910443,,,-0.008475533417243053,-0.0010672158089664041,0.0010672158089664319,-0.015883851025519535,,,A2_group,0.975,0.98,1.005,Screened,fast metric pass; detailed slices computed for top candidates only
A2_group_0.975_0.980_1.010,0.6036705333227359,0.8690822433007203,0.1309177566992797,0.33825882334475166,,,-0.008096823149990717,-0.0009464338281690576,0.0009464338281690299,-0.015247212471812155,,,A2_group,0.975,0.98,1.01,Screened,fast metric pass; detailed slices computed for top candidates only
A2_group_0.975_0.980_1.015,0.6039263882479176,0.8691963263797586,0.13080367362024137,0.33865645011607654,,,-0.007840968224809064,-0.0008323507491306836,0.0008323507491306836,-0.014849585700487278,,,A2_group,0.975,0.98,1.015,Screened,fast metric pass; detailed slices computed for top candidates only
A2_group_0.975_0.980_1.020,0.603994879737493,0.8693037959631295,0.13069620403687052,0.3386859635118564,,,-0.007772476735233624,-0.0007248811657598608,0.0007248811657598331,-0.014820072304707388,,,A2_group,0.975,0.98,1.02,Screened,fast metric pass; detailed slices computed for top candidates only
A2_group_0.975_0.980_1.025,0.6044016585476177,0.8694035082428163,0.1305964917571837,0.3393998088524191,,,-0.007365697925108883,-0.000625168886073002,0.0006251688860730298,-0.014106226964144708,,,A2_group,0.975,0.98,1.025,Screened,fast metric pass; detailed slices computed for top candidates only
A2_group_0.975_0.980_1.030,0.6045887955618001,0.8694976644281117,0.13050233557188828,0.33967992669548847,,,-0.007178560910926501,-0.0005310127007776,0.0005310127007776,-0.013826109121075347,,,A2_group,0.975,0.98,1.03,Screened,fast metric pass; detailed slices computed for top candidates only
A2_group_0.975_0.985_0.970,0.601982807424934,0.8680072697026694,0.13199273029733058,0.33595834514719874,,,-0.009784549047792579,-0.0020214074262199233,0.0020214074262198956,-0.017547690669365068,,,A2_group,0.975,0.985,0.97,Screened,fast metric pass; detailed slices computed for top candidates only
A2_group_0.975_0.985_0.975,0.6021663321387234,0.8681770618089929,0.13182293819100713,0.3361556024684538,,,-0.009601024334003228,-0.0018516153198964158,0.0018516153198964436,-0.01735043334811004,,,A2_group,0.975,0.985,0.975,Screened,fast metric pass; detailed slices computed for top candidates only
A2_group_0.975_0.985_0.980,0.6025803762868901,0.8683388425760266,0.13166115742397347,0.33682190999775363,,,-0.009186980185836524,-0.0016898345528627567,0.0016898345528627845,-0.01668412581881018,,,A2_group,0.975,0.985,0.98,Screened,fast metric pass; detailed slices computed for top candidates only
A2_group_0.975_0.985_0.985,0.6029960000705642,0.8684939534536242,0.13150604654637577,0.3374980466875041,,,-0.008771356402162422,-0.0015347236752650817,0.0015347236752650817,-0.016007989129059708,,,A2_group,0.975,0.985,0.985,Screened,fast metric pass; detailed slices computed for top candidates only
A2_group_0.975_0.985_0.990,0.6033775026483121,0.868643220183065,0.1313567798169351,0.3381117851135593,,,-0.008389853824414484,-0.0013854569458243704,0.001385456945824426,-0.015394250703004486,,,A2_group,0.975,0.985,0.99,Screened,fast metric pass; detailed slices computed for top candidates only
A2_group_0.975_0.985_0.995,0.6036388950591627,0.8687862729960918,0.13121372700390818,0.33849151712223363,,,-0.008128461413563937,-0.0012424041327975255,0.0012424041327974977,-0.015014518694330181,,,A2_group,0.975,0.985,0.995,Screened,fast metric pass; detailed slices computed for top candidates only
A2_group_0.975_0.985_1.000,0.6038587455944384,0.868921944676516,0.13107805532348402,0.3387955465123609,,,-0.007908610878288203,-0.0011067324523733602,0.0011067324523733324,-0.014710489304202934,,,A2_group,0.975,0.985,1.0,Screened,fast metric pass; detailed slices computed for top candidates only
A2_group_0.975_0.985_1.005,0.6040455070937988,0.8690494017548883,0.13095059824511168,0.3390416124327092,,,-0.007721849378927836,-0.0009792753740009985,0.0009792753740009985,-0.014464423383854619,,,A2_group,0.975,0.985,1.005,Screened,fast metric pass; detailed slices computed for top candidates only
A2_group_0.975_0.985_1.010,0.6044242173610512,0.8691701837356858,0.13082981626431425,0.33967825098641663,,,-0.00734313911167539,-0.000858493393203541,0.0008584933932035688,-0.013827784830147183,,,A2_group,0.975,0.985,1.01,Screened,fast metric pass; detailed slices computed for top candidates only
A2_group_0.975_0.985_1.015,0.6046800722862328,0.869284266814724,0.13071573318527593,0.34007587775774145,,,-0.007087284186493847,-0.000744410314165278,0.0007444103141652503,-0.013430158058822361,,,A2_group,0.975,0.985,1.015,Screened,fast metric pass; detailed slices computed for top candidates only
A2_group_0.975_0.985_1.020,0.6047485637758081,0.869391736398095,0.13060826360190506,0.3401053911535213,,,-0.007018792696918519,-0.0006369407307943442,0.000636940730794372,-0.013400644663042527,,,A2_group,0.975,0.985,1.02,Screened,fast metric pass; detailed slices computed for top candidates only
A2_group_0.975_0.985_1.025,0.6051553425859328,0.8694914486777817,0.13050855132221828,0.3408192364940841,,,-0.006612013886793777,-0.0005372284511075964,0.0005372284511075964,-0.012686799322479736,,,A2_group,0.975,0.985,1.025,Screened,fast metric pass; detailed slices computed for top candidates only
A2_group_0.975_0.985_1.030,0.6053424796001152,0.8695856048630771,0.13041439513692285,0.3410993543371534,,,-0.006424876872611396,-0.0004430722658121944,0.00044307226581216663,-0.01240668147941043,,,A2_group,0.975,0.985,1.03,Screened,fast metric pass; detailed slices computed for top candidates only
A2_group_0.975_0.990_0.970,0.6030019734425547,0.8680788993555016,0.13192110064449838,0.3379250475296076,,,-0.008765383030171936,-0.001949777773387673,0.0019497777733877009,-0.015580988286956199,,,A2_group,0.975,0.99,0.97,Screened,fast metric pass; detailed slices computed for top candidates only
A2_group_0.975_0.990_0.975,0.6031854981563438,0.868248691461825,0.13175130853817493,0.33812230485086264,,,-0.008581858316382807,-0.0017799856670642766,0.0017799856670642489,-0.01538373096570117,,,A2_group,0.975,0.99,0.975,Screened,fast metric pass; detailed slices computed for top candidates only
A2_group_0.975_0.990_0.980,0.6035995423045106,0.8684104722288587,0.13158952777114127,0.3387886123801625,,,-0.008167814168215992,-0.0016182049000306176,0.0016182049000305898,-0.014717423436401311,,,A2_group,0.975,0.99,0.98,Screened,fast metric pass; detailed slices computed for top candidates only
A2_group_0.975_0.990_0.985,0.6040151660881847,0.8685655831064564,0.1314344168935436,0.339464749069913,,,-0.0077521903845418905,-0.0014630940224329425,0.0014630940224329148,-0.014041286746650838,,,A2_group,0.975,0.99,0.985,Screened,fast metric pass; detailed slices computed for top candidates only
A2_group_0.975_0.990_0.990,0.6043966686659327,0.8687148498358971,0.13128515016410292,0.3400784874959682,,,-0.007370687806793952,-0.0013138272929922312,0.0013138272929922312,-0.013427548320595617,,,A2_group,0.975,0.99,0.99,Screened,fast metric pass; detailed slices computed for top candidates only
A2_group_0.975_0.990_0.995,0.6046580610767833,0.868857902648924,0.131142097351076,0.34045821950464256,,,-0.007109295395943294,-0.0011707744799652753,0.001170774479965303,-0.013047816311921256,,,A2_group,0.975,0.99,0.995,Screened,fast metric pass; detailed slices computed for top candidates only
A2_group_0.975_0.990_1.000,0.604877911612059,0.8689935743293482,0.1310064256706518,0.34076224889476975,,,-0.006889444860667671,-0.00103510279954111,0.00103510279954111,-0.012743786921794065,,,A2_group,0.975,0.99,1.0,Screened,fast metric pass; detailed slices computed for top candidates only
A2_group_0.975_0.990_1.005,0.6050646731114193,0.8691210314077206,0.13087896859227946,0.3410083148151181,,,-0.0067026833613073045,-0.0009076457211687483,0.0009076457211687761,-0.012497721001445694,,,A2_group,0.975,0.99,1.005,Screened,fast metric pass; detailed slices computed for top candidates only
A2_group_0.975_0.990_1.010,0.6054433833786717,0.8692418133885179,0.13075818661148209,0.3416449533688255,,,-0.006323973094054969,-0.0007868637403714018,0.0007868637403714018,-0.011861082447738314,,,A2_group,0.975,0.99,1.01,Screened,fast metric pass; detailed slices computed for top candidates only
A2_group_0.975_0.990_1.015,0.6056992383038533,0.8693558964675563,0.13064410353244374,0.3420425801401503,,,-0.0060681181688733155,-0.0006727806613330278,0.0006727806613330556,-0.011463455676413492,,,A2_group,0.975,0.99,1.015,Screened,fast metric pass; detailed slices computed for top candidates only
A2_group_0.975_0.990_1.020,0.6057677297934286,0.8694633660509271,0.1305366339490729,0.3420720935359302,,,-0.005999626679297987,-0.000565311077962205,0.000565311077962205,-0.011433942280633602,,,A2_group,0.975,0.99,1.02,Screened,fast metric pass; detailed slices computed for top candidates only
A2_group_0.975_0.990_1.025,0.6061745086035535,0.869563078330614,0.13043692166938606,0.34278593887649295,,,-0.005592847869173134,-0.0004655987982753462,0.000465598798275374,-0.010720096940070867,,,A2_group,0.975,0.99,1.025,Screened,fast metric pass; detailed slices computed for top candidates only
A2_group_0.975_0.990_1.030,0.6063616456177359,0.8696572345159094,0.13034276548409066,0.34306605671956225,,,-0.005405710854990753,-0.0003714426129799442,0.00037144261297997194,-0.010439979097001562,,,A2_group,0.975,0.99,1.03,Screened,fast metric pass; detailed slices computed for top candidates only
A2_group_0.975_0.995_0.970,0.6037044536725823,0.8681315225419588,0.13186847745804117,0.3392773848032058,,,-0.008062902800144323,-0.0018971545869305162,0.0018971545869304884,-0.014228651013358018,,,A2_group,0.975,0.995,0.97,Screened,fast metric pass; detailed slices computed for top candidates only
A2_group_0.975_0.995_0.975,0.6038879783863715,0.8683013146482823,0.13169868535171775,0.3394746421244608,,,-0.007879378086355082,-0.0017273624806070087,0.0017273624806070642,-0.01403139369210299,,,A2_group,0.975,0.995,0.975,Screened,fast metric pass; detailed slices computed for top candidates only
A2_group_0.975_0.995_0.980,0.6043020225345384,0.868463095415316,0.13153690458468406,0.3401409496537607,,,-0.007465333938188268,-0.0015655817135733496,0.0015655817135733774,-0.01336508616280313,,,A2_group,0.975,0.995,0.98,Screened,fast metric pass; detailed slices computed for top candidates only
A2_group_0.975_0.995_0.985,0.6047176463182125,0.8686182062929136,0.1313817937070864,0.34081708634351116,,,-0.007049710154514166,-0.0014104708359756746,0.0014104708359757023,-0.012688949473052658,,,A2_group,0.975,0.995,0.985,Screened,fast metric pass; detailed slices computed for top candidates only
A2_group_0.975_0.995_0.990,0.6050991488959603,0.8687674730223542,0.13123252697764573,0.3414308247695664,,,-0.0066682075767663385,-0.0012612041065350743,0.0012612041065350466,-0.012075211046997436,,,A2_group,0.975,0.995,0.99,Screened,fast metric pass; detailed slices computed for top candidates only
A2_group_0.975_0.995_0.995,0.6053605413068109,0.8689105258353812,0.1310894741646188,0.34181055677824074,,,-0.00640681516591568,-0.0011181512935081184,0.0011181512935081184,-0.011695479038323076,,,A2_group,0.975,0.995,0.995,Screened,fast metric pass; detailed slices computed for top candidates only
A2_group_0.975_0.995_1.000,0.6055803918420867,0.8690461975158054,0.1309538024841946,0.34211458616836793,,,-0.006186964630639946,-0.000982479613083953,0.0009824796130839253,-0.011391449648195884,,,A2_group,0.975,0.995,1.0,Screened,fast metric pass; detailed slices computed for top candidates only
A2_group_0.975_0.995_1.005,0.605767153341447,0.8691736545941777,0.13082634540582228,0.3423606520887163,,,-0.00600020313127958,-0.0008550225347115914,0.0008550225347115914,-0.011145383727847513,,,A2_group,0.975,0.995,1.005,Screened,fast metric pass; detailed slices computed for top candidates only
A2_group_0.975_0.995_1.010,0.6061458636086994,0.8692944365749751,0.1307055634250249,0.3429972906424237,,,-0.005621492864027244,-0.0007342405539142449,0.0007342405539142172,-0.010508745174140133,,,A2_group,0.975,0.995,1.01,Screened,fast metric pass; detailed slices computed for top candidates only
A2_group_0.975_0.995_1.015,0.606401718533881,0.8694085196540134,0.13059148034598655,0.3433949174137485,,,-0.005365637938845591,-0.0006201574748758709,0.0006201574748758709,-0.010111118402815311,,,A2_group,0.975,0.995,1.015,Screened,fast metric pass; detailed slices computed for top candidates only
A2_group_0.975_0.995_1.020,0.6064702100234564,0.8695159892373843,0.1304840107626157,0.3434244308095284,,,-0.0052971464492702625,-0.0005126878915050481,0.0005126878915050204,-0.010081605007035421,,,A2_group,0.975,0.995,1.02,Screened,fast metric pass; detailed slices computed for top candidates only
A2_group_0.975_0.995_1.025,0.6068769888335811,0.8696157015170711,0.13038429848292887,0.3441382761500911,,,-0.004890367639145521,-0.0004129756118181893,0.0004129756118181893,-0.009367759666472686,,,A2_group,0.975,0.995,1.025,Screened,fast metric pass; detailed slices computed for top candidates only
A2_group_0.975_0.995_1.030,0.6070641258477635,0.8697098577023665,0.13029014229763344,0.34441839399316043,,,-0.0047032306249631395,-0.0003188194265227873,0.0003188194265227595,-0.00908764182340338,,,A2_group,0.975,0.995,1.03,Screened,fast metric pass; detailed slices computed for top candidates only
A2_group_0.975_1.000_0.970,0.6044253328456355,0.868168075254466,0.13183192474553393,0.340682590436805,,,-0.007342023627091132,-0.0018606018744232733,0.0018606018744232455,-0.012823445379758824,,,A2_group,0.975,1.0,0.97,Screened,fast metric pass; detailed slices computed for top candidates only
A2_group_0.975_1.000_0.975,0.6046088575594248,0.8683378673607896,0.1316621326392105,0.3408798477580601,,,-0.007158498913301781,-0.0016908097680997658,0.0016908097680998213,-0.01262618805850374,,,A2_group,0.975,1.0,0.975,Screened,fast metric pass; detailed slices computed for top candidates only
A2_group_0.975_1.000_0.980,0.6050229017075917,0.8684996481278232,0.13150035187217682,0.34154615528736,,,-0.006744454765134966,-0.0015290290010661067,0.0015290290010661345,-0.011959880529203826,,,A2_group,0.975,1.0,0.98,Screened,fast metric pass; detailed slices computed for top candidates only
A2_group_0.975_1.000_0.985,0.6054385254912656,0.8686547590054209,0.13134524099457914,0.34222229197711046,,,-0.0063288309814609756,-0.0013739181234684317,0.0013739181234684594,-0.011283743839453353,,,A2_group,0.975,1.0,0.985,Screened,fast metric pass; detailed slices computed for top candidates only
A2_group_0.975_1.000_0.990,0.6058200280690136,0.8688040257348615,0.1311959742651385,0.3428360304031657,,,-0.005947328403713037,-0.0012246513940278314,0.0012246513940278037,-0.010670005413398131,,,A2_group,0.975,1.0,0.99,Screened,fast metric pass; detailed slices computed for top candidates only
A2_group_0.975_1.000_0.995,0.6060814204798642,0.8689470785478884,0.13105292145211156,0.34321576241184,,,-0.005685935992862379,-0.0010815985810008755,0.0010815985810008755,-0.010290273404723826,,,A2_group,0.975,1.0,0.995,Screened,fast metric pass; detailed slices computed for top candidates only
A2_group_0.975_1.000_1.000,0.6063012710151399,0.8690827502283126,0.13091724977168737,0.3435197918019672,,,-0.005466085457586756,-0.0009459269005767101,0.0009459269005766824,-0.009986244014596635,,,A2_group,0.975,1.0,1.0,Screened,fast metric pass; detailed slices computed for top candidates only
A2_group_0.975_1.000_1.005,0.6064880325145002,0.869210207306685,0.13078979269331503,0.3437658577223155,,,-0.0052793239582263896,-0.0008184698222043485,0.0008184698222043485,-0.00974017809424832,,,A2_group,0.975,1.0,1.005,Screened,fast metric pass; detailed slices computed for top candidates only
A2_group_0.975_1.000_1.010,0.6068667427817526,0.8693309892874823,0.13066901071251766,0.3444024962760229,,,-0.004900613690974054,-0.000697687841407002,0.0006976878414069743,-0.00910353954054094,,,A2_group,0.975,1.0,1.01,Screened,fast metric pass; detailed slices computed for top candidates only
A2_group_0.975_1.000_1.015,0.6071225977069342,0.8694450723665207,0.1305549276334793,0.3448001230473478,,,-0.0046447587657924005,-0.000583604762368628,0.000583604762368628,-0.008705912769216007,,,A2_group,0.975,1.0,1.015,Screened,fast metric pass; detailed slices computed for top candidates only
A2_group_0.975_1.000_1.020,0.6071910891965095,0.8695525419498915,0.13044745805010846,0.34482963644312764,,,-0.004576267276217072,-0.0004761351789978052,0.00047613517899777746,-0.008676399373436172,,,A2_group,0.975,1.0,1.02,Screened,fast metric pass; detailed slices computed for top candidates only
A2_group_0.975_1.000_1.025,0.6075978680066344,0.8696522542295784,0.13034774577042163,0.3455434817836904,,,-0.004169488466092219,-0.0003764228993109464,0.0003764228993109464,-0.007962554032873437,,,A2_group,0.975,1.0,1.025,Screened,fast metric pass; detailed slices computed for top candidates only
A2_group_0.975_1.000_1.030,0.6077850050208168,0.8697464104148738,0.1302535895851262,0.34582359962675974,,,-0.003982351451909838,-0.0002822667140155444,0.0002822667140155166,-0.007682436189804076,,,A2_group,0.975,1.0,1.03,Screened,fast metric pass; detailed slices computed for top candidates only
A2_group_0.975_1.005_0.970,0.6048722300757586,0.8681845392182297,0.13181546078177037,0.3415599209332876,,,-0.006895126396967988,-0.0018441379106596267,0.0018441379106596822,-0.011946114883276238,,,A2_group,0.975,1.005,0.97,Screened,fast metric pass; detailed slices computed for top candidates only
A2_group_0.975_1.005_0.975,0.6050557547895479,0.8683543313245531,0.13164566867544694,0.3417571782545427,,,-0.006711601683178747,-0.0016743458043362303,0.001674345804336258,-0.011748857562021098,,,A2_group,0.975,1.005,0.975,Screened,fast metric pass; detailed slices computed for top candidates only
A2_group_0.975_1.005_0.980,0.6054697989377147,0.8685161120915867,0.13148388790841326,0.34242348578384263,,,-0.006297557535011933,-0.0015125650373025712,0.0015125650373025712,-0.011082550032721183,,,A2_group,0.975,1.005,0.98,Screened,fast metric pass; detailed slices computed for top candidates only
A2_group_0.975_1.005_0.985,0.6058854227213887,0.8686712229691844,0.13132877703081558,0.343099622473593,,,-0.005881933751337942,-0.0013574541597048961,0.0013574541597048961,-0.010406413342970822,,,A2_group,0.975,1.005,0.985,Screened,fast metric pass; detailed slices computed for top candidates only
A2_group_0.975_1.005_0.990,0.6062669252991367,0.8688204896986251,0.1311795103013749,0.34371336089964827,,,-0.0055004311735898925,-0.0012081874302641848,0.0012081874302642126,-0.009792674916915545,,,A2_group,0.975,1.005,0.99,Screened,fast metric pass; detailed slices computed for top candidates only
A2_group_0.975_1.005_0.995,0.6065283177099873,0.868963542511652,0.131036457488348,0.3440930929083226,,,-0.005239038762739345,-0.00106513461723734,0.0010651346172373122,-0.00941294290824124,,,A2_group,0.975,1.005,0.995,Screened,fast metric pass; detailed slices computed for top candidates only
A2_group_0.975_1.005_1.000,0.606748168245263,0.8690992141920763,0.13090078580792378,0.3443971222984497,,,-0.005019188227463611,-0.0009294629368130636,0.0009294629368130913,-0.009108913518114103,,,A2_group,0.975,1.005,1.0,Screened,fast metric pass; detailed slices computed for top candidates only
A2_group_0.975_1.005_1.005,0.6069349297446234,0.8692266712704485,0.13077332872955147,0.34464318821879814,,,-0.004832426728103245,-0.000802005858440813,0.0008020058584407852,-0.008862847597765677,,,A2_group,0.975,1.005,1.005,Screened,fast metric pass; detailed slices computed for top candidates only
A2_group_0.975_1.005_1.010,0.6073136400118757,0.869347453251246,0.13065254674875407,0.3452798267725055,,,-0.0044537164608509094,-0.0006812238776433555,0.0006812238776433832,-0.008226209044058297,,,A2_group,0.975,1.005,1.01,Screened,fast metric pass; detailed slices computed for top candidates only
A2_group_0.975_1.005_1.015,0.6075694949370574,0.8694615363302842,0.13053846366971575,0.34567745354383045,,,-0.004197861535669256,-0.0005671407986050925,0.0005671407986050647,-0.007828582272733364,,,A2_group,0.975,1.005,1.015,Screened,fast metric pass; detailed slices computed for top candidates only
A2_group_0.975_1.005_1.020,0.6076379864266327,0.8695690059136552,0.13043099408634487,0.3457069669396103,,,-0.0041293700460939275,-0.00045967121523415866,0.0004596712152341864,-0.00779906887695353,,,A2_group,0.975,1.005,1.02,Screened,fast metric pass; detailed slices computed for top candidates only
A2_group_0.975_1.005_1.025,0.6080447652367574,0.8696687181933419,0.13033128180665807,0.346420812280173,,,-0.003722591235969186,-0.0003599589355474109,0.0003599589355473831,-0.0070852235363907945,,,A2_group,0.975,1.005,1.025,Screened,fast metric pass; detailed slices computed for top candidates only
A2_group_0.975_1.005_1.030,0.6082319022509398,0.8697628743786374,0.13023712562136264,0.34670093012324227,,,-0.0035354542217868046,-0.0002658027502518978,0.0002658027502519533,-0.006805105693321545,,,A2_group,0.975,1.005,1.03,Screened,fast metric pass; detailed slices computed for top candidates only
A2_group_0.975_1.010_0.970,0.605369837548798,0.8681832077387287,0.13181679226127133,0.3425564673588673,,,-0.006397518923928591,-0.0018454693901606145,0.0018454693901606423,-0.010949568457696512,,,A2_group,0.975,1.01,0.97,Screened,fast metric pass; detailed slices computed for top candidates only
A2_group_0.975_1.010_0.975,0.6055533622625873,0.8683529998450521,0.1316470001549479,0.3427537246801224,,,-0.006213994210139351,-0.001675677283837218,0.001675677283837218,-0.010752311136441428,,,A2_group,0.975,1.01,0.975,Screened,fast metric pass; detailed slices computed for top candidates only
A2_group_0.975_1.010_0.980,0.6059674064107541,0.8685147806120858,0.13148521938791424,0.3434200322094223,,,-0.005799950061972536,-0.001513896516803559,0.001513896516803559,-0.010086003607141514,,,A2_group,0.975,1.01,0.98,Screened,fast metric pass; detailed slices computed for top candidates only
A2_group_0.975_1.010_0.985,0.6063830301944281,0.8686698914896834,0.13133010851031654,0.34409616889917277,,,-0.005384326278298546,-0.001358785639205884,0.0013587856392058562,-0.009409866917391041,,,A2_group,0.975,1.01,0.985,Screened,fast metric pass; detailed slices computed for top candidates only
A2_group_0.975_1.010_0.990,0.606764532772176,0.8688191582191241,0.13118084178087588,0.344709907325228,,,-0.005002823700550607,-0.0012095189097651726,0.0012095189097652004,-0.00879612849133582,,,A2_group,0.975,1.01,0.99,Screened,fast metric pass; detailed slices computed for top candidates only
A2_group_0.975_1.010_0.995,0.6070259251830267,0.8689622110321511,0.13103778896784893,0.3450896393339023,,,-0.004741431289699949,-0.0010664660967382167,0.0010664660967382444,-0.008416396482661515,,,A2_group,0.975,1.01,0.995,Screened,fast metric pass; detailed slices computed for top candidates only
A2_group_0.975_1.010_1.000,0.6072457757183024,0.8690978827125753,0.13090211728742476,0.3453936687240295,,,-0.004521580754424215,-0.0009307944163140514,0.0009307944163140791,-0.008112367092534323,,,A2_group,0.975,1.01,1.0,Screened,fast metric pass; detailed slices computed for top candidates only
A2_group_0.975_1.010_1.005,0.6074325372176627,0.8692253397909475,0.13077466020905246,0.3456397346443778,,,-0.00433481925506396,-0.0008033373379418007,0.000803337337941773,-0.007866301172186008,,,A2_group,0.975,1.01,1.005,Screened,fast metric pass; detailed slices computed for top candidates only
A2_group_0.975_1.010_1.010,0.6078112474849151,0.869346121771745,0.13065387822825503,0.3462763731980852,,,-0.003956108987811513,-0.0006825553571443432,0.0006825553571443432,-0.007229662618478627,,,A2_group,0.975,1.01,1.01,Screened,fast metric pass; detailed slices computed for top candidates only
A2_group_0.975_1.010_1.015,0.6080671024100968,0.8694602048507833,0.1305397951492167,0.3466739999694101,,,-0.0037002540626298597,-0.0005684722781059692,0.0005684722781060247,-0.006832035847153695,,,A2_group,0.975,1.01,1.015,Screened,fast metric pass; detailed slices computed for top candidates only
A2_group_0.975_1.010_1.020,0.6081355938996721,0.8695676744341542,0.13043232556584583,0.34670351336518995,,,-0.003631762573054531,-0.00046100269473514643,0.00046100269473514643,-0.00680252245137386,,,A2_group,0.975,1.01,1.02,Screened,fast metric pass; detailed slices computed for top candidates only
A2_group_0.975_1.010_1.025,0.6085423727097968,0.8696673867138409,0.13033261328615905,0.3474173587057527,,,-0.0032249837629297895,-0.00036129041504839865,0.0003612904150483709,-0.006088677110811125,,,A2_group,0.975,1.01,1.025,Screened,fast metric pass; detailed slices computed for top candidates only
A2_group_0.975_1.010_1.030,0.6087295097239792,0.8697615428991364,0.1302384571008636,0.34769747654882205,,,-0.003037846748747408,-0.0002671342297528856,0.00026713422975291334,-0.005808559267741764,,,A2_group,0.975,1.01,1.03,Screened,fast metric pass; detailed slices computed for top candidates only
A2_group_0.975_1.015_0.970,0.6060274861838524,0.8681601712965652,0.1318398287034348,0.3438948010711395,,,-0.005739870288874238,-0.0018685058323241188,0.0018685058323241188,-0.009611234745424302,,,A2_group,0.975,1.015,0.97,Screened,fast metric pass; detailed slices computed for top candidates only
A2_group_0.975_1.015_0.975,0.6062110108976416,0.8683299634028886,0.13167003659711138,0.3440920583923946,,,-0.005556345575084998,-0.0016987137260007223,0.0016987137260006946,-0.009413977424169218,,,A2_group,0.975,1.015,0.975,Screened,fast metric pass; detailed slices computed for top candidates only
A2_group_0.975_1.015_0.980,0.6066250550458084,0.8684917441699223,0.13150825583007772,0.34475836592169457,,,-0.005142301426918183,-0.0015369329589670633,0.0015369329589670355,-0.008747669894869248,,,A2_group,0.975,1.015,0.98,Screened,fast metric pass; detailed slices computed for top candidates only
A2_group_0.975_1.015_0.985,0.6070406788294824,0.8686468550475199,0.13135314495248002,0.3454345026114449,,,-0.004726677643244193,-0.0013818220813693882,0.0013818220813693327,-0.008071533205118886,,,A2_group,0.975,1.015,0.985,Screened,fast metric pass; detailed slices computed for top candidates only
A2_group_0.975_1.015_0.990,0.6074221814072304,0.8687961217769606,0.13120387822303936,0.34604824103750015,,,-0.004345175065496254,-0.001232555351928677,0.001232555351928677,-0.0074577947790636645,,,A2_group,0.975,1.015,0.99,Screened,fast metric pass; detailed slices computed for top candidates only
A2_group_0.975_1.015_0.995,0.607683573818081,0.8689391745899876,0.13106082541001243,0.3464279730461745,,,-0.004083782654645596,-0.001089502538901721,0.0010895025389017488,-0.007078062770389304,,,A2_group,0.975,1.015,0.995,Screened,fast metric pass; detailed slices computed for top candidates only
A2_group_0.975_1.015_1.000,0.6079034243533568,0.8690748462704118,0.13092515372958824,0.34673200243630165,,,-0.0038639321193698617,-0.0009538308584775557,0.0009538308584775557,-0.006774033380262168,,,A2_group,0.975,1.015,1.0,Screened,fast metric pass; detailed slices computed for top candidates only
A2_group_0.975_1.015_1.005,0.6080901858527171,0.8692023033487841,0.1307976966512159,0.34697806835665007,,,-0.0036771706200094956,-0.000826373780105194,0.0008263737801052218,-0.006527967459913742,,,A2_group,0.975,1.015,1.005,Screened,fast metric pass; detailed slices computed for top candidates only
A2_group_0.975_1.015_1.010,0.6084688961199695,0.8693230853295815,0.1306769146704185,0.34761470691035745,,,-0.00329846035275716,-0.0007055917993078475,0.0007055917993078198,-0.005891328906206361,,,A2_group,0.975,1.015,1.01,Screened,fast metric pass; detailed slices computed for top candidates only
A2_group_0.975_1.015_1.015,0.6087247510451511,0.8694371684086198,0.13056283159138019,0.34801233368168233,,,-0.0030426054275755066,-0.0005915087202694735,0.0005915087202695013,-0.005493702134881484,,,A2_group,0.975,1.015,1.015,Screened,fast metric pass; detailed slices computed for top candidates only
A2_group_0.975_1.015_1.020,0.6087932425347264,0.8695446379919907,0.1304553620080093,0.3480418470774622,,,-0.002974113938000178,-0.00048403913689865075,0.000484039136898623,-0.005464188739101594,,,A2_group,0.975,1.015,1.02,Screened,fast metric pass; detailed slices computed for top candidates only
A2_group_0.975_1.015_1.025,0.6092000213448512,0.8696443502716775,0.1303556497283225,0.3487556924180249,,,-0.0025673351278754364,-0.00038432685721179194,0.0003843268572118197,-0.004750343398538914,,,A2_group,0.975,1.015,1.025,Screened,fast metric pass; detailed slices computed for top candidates only
A2_group_0.975_1.015_1.030,0.6093871583590336,0.8697385064569729,0.13026149354302707,0.3490358102610942,,,-0.002380198113693055,-0.0002901706719163899,0.0002901706719163899,-0.004470225555469609,,,A2_group,0.975,1.015,1.03,Screened,fast metric pass; detailed slices computed for top candidates only
A2_group_0.975_1.020_0.970,0.6063661070524801,0.8681195395807728,0.13188046041922713,0.3446126745241873,,,-0.005401249420246557,-0.0019091375481165018,0.0019091375481164463,-0.0088933612923765,,,A2_group,0.975,1.02,0.97,Screened,fast metric pass; detailed slices computed for top candidates only
A2_group_0.975_1.020_0.975,0.6065496317662693,0.8682893316870963,0.1317106683129037,0.34480993184544234,,,-0.005217724706457316,-0.0017393454417929943,0.001739345441793022,-0.008696103971121472,,,A2_group,0.975,1.02,0.975,Screened,fast metric pass; detailed slices computed for top candidates only
A2_group_0.975_1.020_0.980,0.6069636759144361,0.86845111245413,0.13154888754587002,0.3454762393747422,,,-0.004803680558290502,-0.0015775646747593353,0.0015775646747593353,-0.008029796441821613,,,A2_group,0.975,1.02,0.98,Screened,fast metric pass; detailed slices computed for top candidates only
A2_group_0.975_1.020_0.985,0.6073792996981102,0.8686062233317277,0.13139377666827234,0.3461523760644927,,,-0.0043880567746164,-0.0014224537971616602,0.0014224537971616602,-0.00735365975207114,,,A2_group,0.975,1.02,0.985,Screened,fast metric pass; detailed slices computed for top candidates only
A2_group_0.975_1.020_0.990,0.6077608022758582,0.8687554900611684,0.13124450993883166,0.3467661144905479,,,-0.0040065541968684615,-0.001273187067720949,0.0012731870677209767,-0.0067399213260159185,,,A2_group,0.975,1.02,0.99,Screened,fast metric pass; detailed slices computed for top candidates only
A2_group_0.975_1.020_0.995,0.6080221946867087,0.8688985428741952,0.13110145712580476,0.34714584649922225,,,-0.0037451617860179143,-0.001130134254694104,0.0011301342546940762,-0.006360189317341558,,,A2_group,0.975,1.02,0.995,Screened,fast metric pass; detailed slices computed for top candidates only
A2_group_0.975_1.020_1.000,0.6082420452219844,0.8690342145546195,0.13096578544538054,0.34744987588934945,,,-0.00352531125074218,-0.0009944625742698276,0.0009944625742698554,-0.006056159927214366,,,A2_group,0.975,1.02,1.0,Screened,fast metric pass; detailed slices computed for top candidates only
A2_group_0.975_1.020_1.005,0.6084288067213448,0.8691616716329917,0.13083832836700823,0.3476959418096978,,,-0.003338549751381814,-0.000867005495897577,0.0008670054958975493,-0.005810094006865996,,,A2_group,0.975,1.02,1.005,Screened,fast metric pass; detailed slices computed for top candidates only
A2_group_0.975_1.020_1.010,0.6088075169885971,0.8692824536137892,0.13071754638621083,0.3483325803634052,,,-0.0029598394841294784,-0.0007462235151001195,0.0007462235151001473,-0.005173455453158615,,,A2_group,0.975,1.02,1.01,Screened,fast metric pass; detailed slices computed for top candidates only
A2_group_0.975_1.020_1.015,0.6090633719137788,0.8693965366928275,0.1306034633071725,0.34873020713473,,,-0.002703984558947825,-0.0006321404360618565,0.0006321404360618288,-0.004775828681833794,,,A2_group,0.975,1.02,1.015,Screened,fast metric pass; detailed slices computed for top candidates only
A2_group_0.975_1.020_1.020,0.6091318634033541,0.8695040062761984,0.13049599372380163,0.3487597205305099,,,-0.0026354930693724965,-0.0005246708526909227,0.0005246708526909505,-0.004746315286053904,,,A2_group,0.975,1.02,1.02,Screened,fast metric pass; detailed slices computed for top candidates only
A2_group_0.975_1.020_1.025,0.6095386422134789,0.8696037185558851,0.13039628144411483,0.34947356587107264,,,-0.002228714259247755,-0.00042495857300417494,0.0004249585730041472,-0.004032469945491168,,,A2_group,0.975,1.02,1.025,Screened,fast metric pass; detailed slices computed for top candidates only
A2_group_0.975_1.020_1.030,0.6097257792276612,0.8696978747411805,0.1303021252588194,0.34975368371414195,,,-0.0020415772450653735,-0.0003308023877087729,0.0003308023877087174,-0.003752352102421863,,,A2_group,0.975,1.02,1.03,Screened,fast metric pass; detailed slices computed for top candidates only
A2_group_0.975_1.025_0.970,0.6063392687526555,0.8680626952390633,0.1319373047609367,0.34461584226624775,,,-0.005428087720071084,-0.001965981889825996,0.001965981889826024,-0.008890193550316061,,,A2_group,0.975,1.025,0.97,Screened,fast metric pass; detailed slices computed for top candidates only
A2_group_0.975_1.025_0.975,0.6065227934664448,0.8682324873453867,0.13176751265461326,0.3448130995875028,,,-0.005244563006281844,-0.0017961897835025997,0.001796189783502572,-0.008692936229061032,,,A2_group,0.975,1.025,0.975,Screened,fast metric pass; detailed slices computed for top candidates only
A2_group_0.975_1.025_0.980,0.6069368376146116,0.8683942681124204,0.1316057318875796,0.34547940711680275,,,-0.004830518858115029,-0.0016344090164689407,0.001634409016468913,-0.008026628699761063,,,A2_group,0.975,1.025,0.98,Screened,fast metric pass; detailed slices computed for top candidates only
A2_group_0.975_1.025_0.985,0.6073524613982856,0.868549378990018,0.13145062100998192,0.34615554380655317,,,-0.004414895074441039,-0.0014792981388712656,0.0014792981388712378,-0.007350492010010645,,,A2_group,0.975,1.025,0.985,Screened,fast metric pass; detailed slices computed for top candidates only
A2_group_0.975_1.025_0.990,0.6077339639760336,0.8686986457194588,0.13130135428054124,0.34676928223260844,,,-0.004033392496692989,-0.0013300314094305543,0.0013300314094305543,-0.006736753583955368,,,A2_group,0.975,1.025,0.99,Screened,fast metric pass; detailed slices computed for top candidates only
A2_group_0.975_1.025_0.995,0.6079953563868843,0.8688416985324857,0.1311583014675143,0.34714901424128275,,,-0.003772000085842331,-0.0011869785964035984,0.0011869785964036261,-0.006357021575281063,,,A2_group,0.975,1.025,0.995,Screened,fast metric pass; detailed slices computed for top candidates only
A2_group_0.975_1.025_1.000,0.6082152069221599,0.8689773702129099,0.13102262978709012,0.3474530436314099,,,-0.0035521495505667078,-0.001051306915979433,0.001051306915979433,-0.006052992185153927,,,A2_group,0.975,1.025,1.0,Screened,fast metric pass; detailed slices computed for top candidates only
A2_group_0.975_1.025_1.005,0.6084019684215203,0.8691048272912822,0.13089517270871778,0.34769910955175826,,,-0.0033653880512063417,-0.0009238498376070714,0.0009238498376070992,-0.005806926264805556,,,A2_group,0.975,1.025,1.005,Screened,fast metric pass; detailed slices computed for top candidates only
A2_group_0.975_1.025_1.010,0.6087806786887726,0.8692256092720796,0.1307743907279204,0.34833574810546564,,,-0.002986677783954006,-0.0008030678568097249,0.0008030678568097249,-0.005170287711098176,,,A2_group,0.975,1.025,1.01,Screened,fast metric pass; detailed slices computed for top candidates only
A2_group_0.975_1.025_1.015,0.6090365336139543,0.869339692351118,0.13066030764888206,0.3487333748767905,,,-0.0027308228587723526,-0.0006889847777713509,0.0006889847777713787,-0.004772660939773299,,,A2_group,0.975,1.025,1.015,Screened,fast metric pass; detailed slices computed for top candidates only
A2_group_0.975_1.025_1.020,0.6091050251035296,0.8694471619344888,0.1305528380655112,0.3487628882725704,,,-0.002662331369197024,-0.0005815151944005281,0.0005815151944005281,-0.004743147543993409,,,A2_group,0.975,1.025,1.02,Screened,fast metric pass; detailed slices computed for top candidates only
A2_group_0.975_1.025_1.025,0.6095118039136543,0.8695468742141756,0.13045312578582438,0.3494767336131331,,,-0.0022555525590722825,-0.0004818029147136693,0.00048180291471369707,-0.004029302203430729,,,A2_group,0.975,1.025,1.025,Screened,fast metric pass; detailed slices computed for top candidates only
A2_group_0.975_1.025_1.030,0.6096989409278367,0.869641030399471,0.13035896960052898,0.34975685145620244,,,-0.002068415544889901,-0.0003876467294182673,0.00038764672941829503,-0.0037491843603613684,,,A2_group,0.975,1.025,1.03,Screened,fast metric pass; detailed slices computed for top candidates only
A2_group_0.975_1.030_0.970,0.6065778311915453,0.8679918899920757,0.13200811000792437,0.34516377239101487,,,-0.005189525281181329,-0.002036787136813656,0.0020367871368136836,-0.008342263425548946,,,A2_group,0.975,1.03,0.97,Screened,fast metric pass; detailed slices computed for top candidates only
A2_group_0.975_1.030_0.975,0.6067613559053345,0.8681616820983991,0.13183831790160094,0.34536102971227,,,-0.005006000567392088,-0.0018669950304902594,0.0018669950304902594,-0.008145006104293806,,,A2_group,0.975,1.03,0.975,Screened,fast metric pass; detailed slices computed for top candidates only
A2_group_0.975_1.030_0.980,0.6071754000535013,0.8683234628654327,0.13167653713456726,0.3460273372415699,,,-0.004591956419225274,-0.0017052142634566003,0.0017052142634565726,-0.007478698574993892,,,A2_group,0.975,1.03,0.98,Screened,fast metric pass; detailed slices computed for top candidates only
A2_group_0.975_1.030_0.985,0.6075910238371753,0.8684785737430304,0.13152142625696958,0.34670347393132034,,,-0.004176332635551283,-0.0015501033858589253,0.0015501033858588975,-0.006802561885243474,,,A2_group,0.975,1.03,0.985,Screened,fast metric pass; detailed slices computed for top candidates only
A2_group_0.975_1.030_0.990,0.6079725264149234,0.8686278404724711,0.1313721595275289,0.34731721235737556,,,-0.0037948300578032335,-0.001400836656418214,0.001400836656418214,-0.006188823459188253,,,A2_group,0.975,1.03,0.99,Screened,fast metric pass; detailed slices computed for top candidates only
A2_group_0.975_1.030_0.995,0.6082339188257739,0.8687708932854981,0.13122910671450197,0.34769694436604986,,,-0.0035334376469526863,-0.001257783843391258,0.0012577838433912858,-0.005809091450513948,,,A2_group,0.975,1.03,0.995,Screened,fast metric pass; detailed slices computed for top candidates only
A2_group_0.975_1.030_1.000,0.6084537693610497,0.8689065649659222,0.1310934350340778,0.34800097375617706,,,-0.003313587111676952,-0.0011221121629670927,0.0011221121629671205,-0.005505062060386756,,,A2_group,0.975,1.03,1.0,Screened,fast metric pass; detailed slices computed for top candidates only
A2_group_0.975_1.030_1.005,0.6086405308604099,0.8690340220442945,0.13096597795570547,0.3482470396765254,,,-0.003126825612316697,-0.000994655084594842,0.0009946550845947866,-0.0052589961400383856,,,A2_group,0.975,1.03,1.005,Screened,fast metric pass; detailed slices computed for top candidates only
A2_group_0.975_1.030_1.010,0.6090192411276624,0.8691548040250919,0.13084519597490807,0.34888367823023286,,,-0.0027481153450642504,-0.0008738731037973846,0.0008738731037973846,-0.00462235758633095,,,A2_group,0.975,1.03,1.01,Screened,fast metric pass; detailed slices computed for top candidates only
A2_group_0.975_1.030_1.015,0.609275096052844,0.8692688871041303,0.13073111289586972,0.34928130500155774,,,-0.002492260419882597,-0.0007597900247590106,0.0007597900247590383,-0.0042247308150060725,,,A2_group,0.975,1.03,1.015,Screened,fast metric pass; detailed slices computed for top candidates only
A2_group_0.975_1.030_1.020,0.6093435875424194,0.8693763566875011,0.13062364331249887,0.34931081839733763,,,-0.0024237689303072685,-0.0006523204413881878,0.0006523204413881878,-0.004195217419226183,,,A2_group,0.975,1.03,1.02,Screened,fast metric pass; detailed slices computed for top candidates only
A2_group_0.975_1.030_1.025,0.6097503663525441,0.8694760689671879,0.13052393103281207,0.3500246637379003,,,-0.002016990120182527,-0.00055260816170144,0.0005526081617013845,-0.0034813720786635027,,,A2_group,0.975,1.03,1.025,Screened,fast metric pass; detailed slices computed for top candidates only
A2_group_0.975_1.030_1.030,0.6099375033667265,0.8695702251524834,0.13042977484751664,0.3503047815809696,,,-0.0018298531060001455,-0.00045845197640592694,0.0004584519764059547,-0.0032012542355941975,,,A2_group,0.975,1.03,1.03,Screened,fast metric pass; detailed slices computed for top candidates only
A2_group_0.980_0.970_0.970,0.5999631761627625,0.8679043439095538,0.13209565609044618,0.3320220084159711,,,-0.011804180309964107,-0.0021243332193354725,0.0021243332193355002,-0.021484027400592687,,,A2_group,0.98,0.97,0.97,Screened,fast metric pass; detailed slices computed for top candidates only
A2_group_0.980_0.970_0.975,0.6001467008765518,0.8680741360158772,0.13192586398412276,0.3322192657372262,,,-0.011620655596174867,-0.001954541113012076,0.001954541113012076,-0.021286770079337602,,,A2_group,0.98,0.97,0.975,Screened,fast metric pass; detailed slices computed for top candidates only
A2_group_0.980_0.970_0.980,0.6005607450247185,0.8682359167829109,0.1317640832170891,0.33288557326652607,,,-0.011206611448008164,-0.001792760345978417,0.001792760345978417,-0.020620462550037744,,,A2_group,0.98,0.97,0.98,Screened,fast metric pass; detailed slices computed for top candidates only
A2_group_0.980_0.970_0.985,0.6009763688083926,0.8683910276605086,0.1316089723394914,0.3335617099562765,,,-0.010790987664334062,-0.0016376494683807419,0.0016376494683807141,-0.019944325860287326,,,A2_group,0.98,0.97,0.985,Screened,fast metric pass; detailed slices computed for top candidates only
A2_group_0.980_0.970_0.990,0.6013578713861405,0.8685402943899493,0.13145970561005074,0.33417544838233176,,,-0.010409485086586123,-0.0014883827389400306,0.0014883827389400583,-0.01933058743423205,,,A2_group,0.98,0.97,0.99,Screened,fast metric pass; detailed slices computed for top candidates only
A2_group_0.980_0.970_0.995,0.6016192637969912,0.8686833472029762,0.1313166527970238,0.33455518039100607,,,-0.010148092675735465,-0.0013453299259130747,0.0013453299259131024,-0.018950855425557744,,,A2_group,0.98,0.97,0.995,Screened,fast metric pass; detailed slices computed for top candidates only
A2_group_0.980_0.970_1.000,0.6018391143322669,0.8688190188834004,0.13118098111659962,0.3348592097811333,,,-0.009928242140459731,-0.0012096582454889093,0.001209658245488937,-0.018646826035430497,,,A2_group,0.98,0.97,1.0,Screened,fast metric pass; detailed slices computed for top candidates only
A2_group_0.980_0.970_1.005,0.6020258758316271,0.8689464759617727,0.13105352403822731,0.33510527570148163,,,-0.009741480641099476,-0.0010822011671166587,0.001082201167116631,-0.018400760115082182,,,A2_group,0.98,0.97,1.005,Screened,fast metric pass; detailed slices computed for top candidates only
A2_group_0.980_0.970_1.010,0.6024045860988796,0.8690672579425701,0.13093274205742989,0.335741914255189,,,-0.00936277037384703,-0.0009614191863192012,0.0009614191863192012,-0.0177641215613748,,,A2_group,0.98,0.97,1.01,Screened,fast metric pass; detailed slices computed for top candidates only
A2_group_0.980_0.970_1.015,0.6026604410240611,0.8691813410216085,0.13081865897839157,0.33613954102651383,,,-0.009106915448665487,-0.0008473361072808272,0.0008473361072808827,-0.01736649479004998,,,A2_group,0.98,0.97,1.015,Screened,fast metric pass; detailed slices computed for top candidates only
A2_group_0.980_0.970_1.020,0.6027289325136365,0.8692888106049793,0.1307111893950207,0.3361690544222937,,,-0.009038423959090158,-0.0007398665239100044,0.0007398665239100044,-0.01733698139427009,,,A2_group,0.98,0.97,1.02,Screened,fast metric pass; detailed slices computed for top candidates only
A2_group_0.980_0.970_1.025,0.6031357113237613,0.8693885228846661,0.1306114771153339,0.3368828997628565,,,-0.008631645148965306,-0.0006401542442232566,0.0006401542442232289,-0.0166231360537073,,,A2_group,0.98,0.97,1.025,Screened,fast metric pass; detailed slices computed for top candidates only
A2_group_0.980_0.970_1.030,0.6033228483379437,0.8694826790699616,0.13051732093003846,0.33716301760592576,,,-0.008444508134782924,-0.0005459980589277436,0.0005459980589277713,-0.01634301821063805,,,A2_group,0.98,0.97,1.03,Screened,fast metric pass; detailed slices computed for top candidates only
A2_group_0.980_0.975_0.970,0.6014621429610172,0.8680265454721583,0.13197345452784173,0.334897740449876,,,-0.010305213511709432,-0.002002131656731021,0.0020021316567310488,-0.018608295366687788,,,A2_group,0.98,0.975,0.97,Screened,fast metric pass; detailed slices computed for top candidates only
A2_group_0.980_0.975_0.975,0.6016456676748064,0.8681963375784817,0.13180366242151828,0.3350949977711311,,,-0.010121688797920192,-0.0018323395504076245,0.0018323395504075968,-0.018411038045432704,,,A2_group,0.98,0.975,0.975,Screened,fast metric pass; detailed slices computed for top candidates only
A2_group_0.980_0.975_0.980,0.6020597118229732,0.8683581183455154,0.13164188165448462,0.3357613053004311,,,-0.009707644649753377,-0.0016705587833739655,0.0016705587833739377,-0.017744730516132734,,,A2_group,0.98,0.975,0.98,Screened,fast metric pass; detailed slices computed for top candidates only
A2_group_0.980_0.975_0.985,0.6024753356066472,0.868513229223113,0.13148677077688695,0.33643744199018144,,,-0.009292020866079387,-0.0015154479057762904,0.0015154479057762626,-0.017068593826382372,,,A2_group,0.98,0.975,0.985,Screened,fast metric pass; detailed slices computed for top candidates only
A2_group_0.980_0.975_0.990,0.6028568381843952,0.8686624959525537,0.13133750404744626,0.33705118041623666,,,-0.008910518288331448,-0.0013661811763355791,0.0013661811763355791,-0.01645485540032715,,,A2_group,0.98,0.975,0.99,Screened,fast metric pass; detailed slices computed for top candidates only
A2_group_0.980_0.975_0.995,0.6031182305952458,0.8688055487655807,0.13119445123441933,0.337430912424911,,,-0.00864912587748079,-0.0012231283633086232,0.001223128363308651,-0.01607512339165279,,,A2_group,0.98,0.975,0.995,Screened,fast metric pass; detailed slices computed for top candidates only
A2_group_0.980_0.975_1.000,0.6033380811305216,0.8689412204460049,0.13105877955399514,0.33773494181503816,,,-0.008429275342205056,-0.0010874566828844578,0.0010874566828844578,-0.015771094001525654,,,A2_group,0.98,0.975,1.0,Screened,fast metric pass; detailed slices computed for top candidates only
A2_group_0.980_0.975_1.005,0.6035248426298819,0.8690686775243772,0.1309313224756228,0.3379810077353866,,,-0.00824251384284469,-0.0009599996045120962,0.000959999604512124,-0.015525028081177228,,,A2_group,0.98,0.975,1.005,Screened,fast metric pass; detailed slices computed for top candidates only
A2_group_0.980_0.975_1.010,0.6039035528971343,0.8691894595051746,0.13081054049482543,0.33861764628909397,,,-0.007863803575592354,-0.0008392176237147497,0.0008392176237147497,-0.014888389527469847,,,A2_group,0.98,0.975,1.01,Screened,fast metric pass; detailed slices computed for top candidates only
A2_group_0.980_0.975_1.015,0.6041594078223159,0.8693035425842129,0.1306964574157871,0.33901527306041884,,,-0.007607948650410701,-0.0007251345446763757,0.0007251345446764035,-0.01449076275614497,,,A2_group,0.98,0.975,1.015,Screened,fast metric pass; detailed slices computed for top candidates only
A2_group_0.980_0.975_1.020,0.6042278993118912,0.8694110121675838,0.13058898783241624,0.33904478645619873,,,-0.007539457160835372,-0.0006176649613055529,0.0006176649613055529,-0.01446124936036508,,,A2_group,0.98,0.975,1.02,Screened,fast metric pass; detailed slices computed for top candidates only
A2_group_0.980_0.975_1.025,0.604634678122016,0.8695107244472706,0.1304892755527294,0.3397586317967614,,,-0.007132678350710631,-0.0005179526816186941,0.0005179526816187219,-0.0137474040198024,,,A2_group,0.98,0.975,1.025,Screened,fast metric pass; detailed slices computed for top candidates only
A2_group_0.980_0.975_1.030,0.6048218151361984,0.869604880632566,0.130395119367434,0.3400387496398307,,,-0.006945541336528249,-0.0004237964963232921,0.00042379649632331984,-0.013467286176733095,,,A2_group,0.98,0.975,1.03,Screened,fast metric pass; detailed slices computed for top candidates only
A2_group_0.980_0.980_0.970,0.6022757129130529,0.8681324970881054,0.13186750291189467,0.33641892873800056,,,-0.00949164355967369,-0.0018961800407839569,0.0018961800407839846,-0.017087107078563257,,,A2_group,0.98,0.98,0.97,Screened,fast metric pass; detailed slices computed for top candidates only
A2_group_0.980_0.980_0.975,0.6024592376268422,0.8683022891944288,0.13169771080557122,0.33661618605925564,,,-0.00930811884588445,-0.0017263879344605604,0.0017263879344605326,-0.016889849757308173,,,A2_group,0.98,0.98,0.975,Screened,fast metric pass; detailed slices computed for top candidates only
A2_group_0.980_0.980_0.980,0.602873281775009,0.8684640699614624,0.13153593003853756,0.3372824935885555,,,-0.008894074697717635,-0.0015646071674269013,0.0015646071674268736,-0.016223542228008314,,,A2_group,0.98,0.98,0.98,Screened,fast metric pass; detailed slices computed for top candidates only
A2_group_0.980_0.980_0.985,0.603288905558683,0.8686191808390601,0.13138081916093988,0.33795863027830597,,,-0.008478450914043645,-0.0014094962898292263,0.0014094962898291985,-0.015547405538257841,,,A2_group,0.98,0.98,0.985,Screened,fast metric pass; detailed slices computed for top candidates only
A2_group_0.980_0.980_0.990,0.603670408136431,0.8687684475685008,0.1312315524314992,0.3385723687043612,,,-0.008096948336295595,-0.001260229560388515,0.001260229560388515,-0.01493366711220262,,,A2_group,0.98,0.98,0.99,Screened,fast metric pass; detailed slices computed for top candidates only
A2_group_0.980_0.980_0.995,0.6039318005472817,0.8689115003815278,0.13108849961847227,0.33895210071303555,,,-0.007835555925444937,-0.001117176747361559,0.0011171767473615868,-0.01455393510352826,,,A2_group,0.98,0.98,0.995,Screened,fast metric pass; detailed slices computed for top candidates only
A2_group_0.980_0.980_1.000,0.6041516510825573,0.8690471720619519,0.13095282793804808,0.3392561301031627,,,-0.007615705390169314,-0.0009815050669373937,0.0009815050669373937,-0.014249905713401123,,,A2_group,0.98,0.98,1.0,Screened,fast metric pass; detailed slices computed for top candidates only
A2_group_0.980_0.980_1.005,0.6043384125819177,0.8691746291403243,0.13082537085967574,0.339502196023511,,,-0.007428943890808948,-0.0008540479885650321,0.0008540479885650598,-0.014003839793052808,,,A2_group,0.98,0.98,1.005,Screened,fast metric pass; detailed slices computed for top candidates only
A2_group_0.980_0.980_1.010,0.60471712284917,0.8692954111211216,0.13070458887887837,0.34013883457721844,,,-0.007050233623556612,-0.0007332660077676856,0.0007332660077676856,-0.013367201239345372,,,A2_group,0.98,0.98,1.01,Screened,fast metric pass; detailed slices computed for top candidates only
A2_group_0.980_0.980_1.015,0.6049729777743517,0.86940949420016,0.13059050579984002,0.3405364613485433,,,-0.006794378698374959,-0.0006191829287293116,0.0006191829287293393,-0.012969574468020495,,,A2_group,0.98,0.98,1.015,Screened,fast metric pass; detailed slices computed for top candidates only
A2_group_0.980_0.980_1.020,0.605041469263927,0.8695169637835308,0.13048303621646917,0.3405659747443232,,,-0.00672588720879963,-0.0005117133453584888,0.0005117133453584888,-0.012940061072240605,,,A2_group,0.98,0.98,1.02,Screened,fast metric pass; detailed slices computed for top candidates only
A2_group_0.980_0.980_1.025,0.6054482480740517,0.8696166760632177,0.13038332393678234,0.3412798200848859,,,-0.006319108398674889,-0.00041200106567163,0.00041200106567165773,-0.012226215731677925,,,A2_group,0.98,0.98,1.025,Screened,fast metric pass; detailed slices computed for top candidates only
A2_group_0.980_0.980_1.030,0.6056353850882341,0.8697108322485131,0.13028916775148694,0.34155993792795525,,,-0.006131971384492507,-0.00031784488037622793,0.0003178448803762557,-0.011946097888608564,,,A2_group,0.98,0.98,1.03,Screened,fast metric pass; detailed slices computed for top candidates only
A2_group_0.980_0.985_0.970,0.603029396951368,0.8682204375230708,0.13177956247692924,0.3378383563796654,,,-0.008737959521358585,-0.0018082396058185513,0.0018082396058185513,-0.015667679436898396,,,A2_group,0.98,0.985,0.97,Screened,fast metric pass; detailed slices computed for top candidates only
A2_group_0.980_0.985_0.975,0.6032129216651574,0.8683902296293942,0.1316097703706058,0.33803561370092056,,,-0.008554434807569233,-0.0016384474994951548,0.001638447499495127,-0.015470422115643256,,,A2_group,0.98,0.985,0.975,Screened,fast metric pass; detailed slices computed for top candidates only
A2_group_0.980_0.985_0.980,0.6036269658133242,0.8685520103964278,0.13144798960357215,0.33870192123022047,,,-0.008140390659402419,-0.0014766667324614957,0.001476666732461468,-0.014804114586343342,,,A2_group,0.98,0.985,0.98,Screened,fast metric pass; detailed slices computed for top candidates only
A2_group_0.980_0.985_0.985,0.6040425895969982,0.8687071212740256,0.13129287872597442,0.33937805791997083,,,-0.007724766875728428,-0.0013215558548637096,0.0013215558548637374,-0.01412797789659298,,,A2_group,0.98,0.985,0.985,Screened,fast metric pass; detailed slices computed for top candidates only
A2_group_0.980_0.985_0.990,0.6044240921747461,0.8688563880034662,0.13114361199653377,0.3399917963460261,,,-0.00734326429798049,-0.0011722891254231094,0.0011722891254230816,-0.013514239470537703,,,A2_group,0.98,0.985,0.99,Screened,fast metric pass; detailed slices computed for top candidates only
A2_group_0.980_0.985_0.995,0.6046854845855968,0.8689994408164932,0.13100055918350684,0.3403715283547004,,,-0.007081871887129831,-0.0010292363123961534,0.0010292363123961534,-0.013134507461863398,,,A2_group,0.98,0.985,0.995,Screened,fast metric pass; detailed slices computed for top candidates only
A2_group_0.980_0.985_1.000,0.6049053351208724,0.8691351124969173,0.13086488750308267,0.34067555774482755,,,-0.006862021351854208,-0.0008935646319719881,0.0008935646319719881,-0.012830478071736262,,,A2_group,0.98,0.985,1.0,Screened,fast metric pass; detailed slices computed for top candidates only
A2_group_0.980_0.985_1.005,0.6050920966202329,0.8692625695752897,0.13073743042471034,0.340921623665176,,,-0.006675259852493731,-0.0007661075535996265,0.0007661075535996542,-0.012584412151387836,,,A2_group,0.98,0.985,1.005,Screened,fast metric pass; detailed slices computed for top candidates only
A2_group_0.980_0.985_1.010,0.6054708068874852,0.869383351556087,0.13061664844391294,0.34155826221888336,,,-0.0062965495852413955,-0.00064532557280228,0.0006453255728022522,-0.011947773597680456,,,A2_group,0.98,0.985,1.01,Screened,fast metric pass; detailed slices computed for top candidates only
A2_group_0.980_0.985_1.015,0.6057266618126669,0.8694974346351254,0.13050256536487462,0.3419558889902083,,,-0.006040694660059742,-0.000531242493763906,0.0005312424937639337,-0.011550146826355523,,,A2_group,0.98,0.985,1.015,Screened,fast metric pass; detailed slices computed for top candidates only
A2_group_0.980_0.985_1.020,0.6057951533022422,0.8696049042184962,0.13039509578150374,0.3419854023859881,,,-0.005972203170484414,-0.0004237729103930832,0.0004237729103930554,-0.011520633430575689,,,A2_group,0.98,0.985,1.02,Screened,fast metric pass; detailed slices computed for top candidates only
A2_group_0.980_0.985_1.025,0.606201932112367,0.8697046164981831,0.13029538350181694,0.34269924772655086,,,-0.005565424360359672,-0.0003240606307062244,0.00032406063070625213,-0.010806788090012953,,,A2_group,0.98,0.985,1.025,Screened,fast metric pass; detailed slices computed for top candidates only
A2_group_0.980_0.985_1.030,0.6063890691265493,0.8697987726834785,0.1302012273165215,0.3429793655696201,,,-0.005378287346177291,-0.00022990444541082233,0.00022990444541082233,-0.010526670246943703,,,A2_group,0.98,0.985,1.03,Screened,fast metric pass; detailed slices computed for top candidates only
A2_group_0.980_0.990_0.970,0.6040485629689886,0.8682920671759029,0.13170793282409704,0.3398050587620743,,,-0.007718793503738053,-0.001736609952986412,0.0017366099529863566,-0.013700977054489527,,,A2_group,0.98,0.99,0.97,Screened,fast metric pass; detailed slices computed for top candidates only
A2_group_0.980_0.990_0.975,0.6042320876827779,0.8684618592822264,0.13153814071777362,0.3400023160833294,,,-0.007535268789948701,-0.0015668178466629046,0.0015668178466629323,-0.013503719733234387,,,A2_group,0.98,0.99,0.975,Screened,fast metric pass; detailed slices computed for top candidates only
A2_group_0.980_0.990_0.980,0.6046461318309447,0.8686236400492601,0.13137635995073993,0.34066862361262934,,,-0.007121224641781887,-0.0014050370796292455,0.0014050370796292455,-0.012837412203934473,,,A2_group,0.98,0.99,0.98,Screened,fast metric pass; detailed slices computed for top candidates only
A2_group_0.980_0.990_0.985,0.6050617556146187,0.8687787509268577,0.13122124907314225,0.34134476030237976,,,-0.006705600858107896,-0.0012499262020315705,0.0012499262020315705,-0.012161275514184056,,,A2_group,0.98,0.99,0.985,Screened,fast metric pass; detailed slices computed for top candidates only
A2_group_0.980_0.990_0.990,0.6054432581923668,0.8689280176562985,0.13107198234370157,0.341958498728435,,,-0.006324098280359847,-0.0011006594725908592,0.001100659472590887,-0.011547537088128834,,,A2_group,0.98,0.99,0.99,Screened,fast metric pass; detailed slices computed for top candidates only
A2_group_0.980_0.990_0.995,0.6057046506032173,0.8690710704693253,0.13092892953067467,0.3423382307371093,,,-0.0060627058695092995,-0.0009576066595640143,0.0009576066595639865,-0.01116780507945453,,,A2_group,0.98,0.99,0.995,Screened,fast metric pass; detailed slices computed for top candidates only
A2_group_0.980_0.990_1.000,0.605924501138493,0.8692067421497496,0.13079325785025045,0.3426422601272365,,,-0.005842855334233565,-0.0008219349791397379,0.0008219349791397657,-0.010863775689327337,,,A2_group,0.98,0.99,1.0,Screened,fast metric pass; detailed slices computed for top candidates only
A2_group_0.980_0.990_1.005,0.6061112626378533,0.8693341992281218,0.13066580077187814,0.34288832604758485,,,-0.00565609383487331,-0.0006944779007674873,0.0006944779007674595,-0.010617709768978967,,,A2_group,0.98,0.99,1.005,Screened,fast metric pass; detailed slices computed for top candidates only
A2_group_0.980_0.990_1.010,0.6064899729051058,0.8694549812089193,0.13054501879108074,0.3435249646012923,,,-0.005277383567620864,-0.0005736959199700298,0.0005736959199700575,-0.00998107121527153,,,A2_group,0.98,0.99,1.01,Screened,fast metric pass; detailed slices computed for top candidates only
A2_group_0.980_0.990_1.015,0.6067458278302873,0.8695690642879575,0.13043093571204242,0.34392259137261716,,,-0.005021528642439321,-0.0004596128409317668,0.00045961284093173904,-0.009583444443946654,,,A2_group,0.98,0.99,1.015,Screened,fast metric pass; detailed slices computed for top candidates only
A2_group_0.980_0.990_1.020,0.6068143193198627,0.8696765338713285,0.13032346612867154,0.34395210476839705,,,-0.004953037152863882,-0.000352143257560833,0.00035214325756086073,-0.009553931048166764,,,A2_group,0.98,0.99,1.02,Screened,fast metric pass; detailed slices computed for top candidates only
A2_group_0.980_0.990_1.025,0.6072210981299875,0.8697762461510152,0.13022375384898474,0.34466595010895973,,,-0.00454625834273914,-0.0002524309778740852,0.00025243097787405744,-0.008840085707604084,,,A2_group,0.98,0.99,1.025,Screened,fast metric pass; detailed slices computed for top candidates only
A2_group_0.980_0.990_1.030,0.6074082351441699,0.8698704023363106,0.1301295976636893,0.34494606795202903,,,-0.004359121328556759,-0.00015827479257868315,0.00015827479257862764,-0.008559967864534779,,,A2_group,0.98,0.99,1.03,Screened,fast metric pass; detailed slices computed for top candidates only
A2_group_0.980_0.995_0.970,0.6047510431990163,0.8683446903623602,0.13165530963763986,0.34115739603567247,,,-0.007016313273710328,-0.0016839867665291441,0.001683986766529172,-0.012348639780891346,,,A2_group,0.98,0.995,0.97,Screened,fast metric pass; detailed slices computed for top candidates only
A2_group_0.980_0.995_0.975,0.6049345679128055,0.8685144824686836,0.1314855175313164,0.3413546533569276,,,-0.006832788559921088,-0.0015141946602057477,0.00151419466020572,-0.012151382459636206,,,A2_group,0.98,0.995,0.975,Screened,fast metric pass; detailed slices computed for top candidates only
A2_group_0.980_0.995_0.980,0.6053486120609723,0.8686762632357172,0.13132373676428274,0.3420209608862275,,,-0.006418744411754274,-0.0013524138931720886,0.0013524138931720608,-0.011485074930336292,,,A2_group,0.98,0.995,0.98,Screened,fast metric pass; detailed slices computed for top candidates only
A2_group_0.980_0.995_0.985,0.6057642358446464,0.8688313741133149,0.13116862588668507,0.34269709757597794,,,-0.006003120628080172,-0.0011973030155744135,0.0011973030155743858,-0.010808938240585875,,,A2_group,0.98,0.995,0.985,Screened,fast metric pass; detailed slices computed for top candidates only
A2_group_0.980_0.995_0.990,0.6061457384223944,0.8689806408427556,0.13101935915724439,0.34331083600203316,,,-0.005621618050332233,-0.0010480362861337023,0.0010480362861337023,-0.010195199814530653,,,A2_group,0.98,0.995,0.99,Screened,fast metric pass; detailed slices computed for top candidates only
A2_group_0.980_0.995_0.995,0.606407130833245,0.8691236936557826,0.13087630634421746,0.34369056801070746,,,-0.005360225639481575,-0.0009049834731067463,0.0009049834731067741,-0.009815467805856348,,,A2_group,0.98,0.995,0.995,Screened,fast metric pass; detailed slices computed for top candidates only
A2_group_0.980_0.995_1.000,0.6066269813685207,0.8692593653362067,0.13074063466379326,0.34399459740083466,,,-0.005140375104205952,-0.000769311792682581,0.000769311792682581,-0.009511438415729156,,,A2_group,0.98,0.995,1.0,Screened,fast metric pass; detailed slices computed for top candidates only
A2_group_0.980_0.995_1.005,0.606813742867881,0.8693868224145791,0.13061317758542093,0.344240663321183,,,-0.004953613604845586,-0.0006418547143102193,0.0006418547143102471,-0.009265372495380786,,,A2_group,0.98,0.995,1.005,Screened,fast metric pass; detailed slices computed for top candidates only
A2_group_0.980_0.995_1.010,0.6071924531351335,0.8695076043953764,0.13049239560462356,0.34487730187489046,,,-0.004574903337593139,-0.0005210727335128729,0.0005210727335128729,-0.00862873394167335,,,A2_group,0.98,0.995,1.01,Screened,fast metric pass; detailed slices computed for top candidates only
A2_group_0.980_0.995_1.015,0.607448308060315,0.8696216874744148,0.1303783125255852,0.34527492864621534,,,-0.004319048412411597,-0.00040698965447449886,0.0004069896544745266,-0.008231107170348473,,,A2_group,0.98,0.995,1.015,Screened,fast metric pass; detailed slices computed for top candidates only
A2_group_0.980_0.995_1.020,0.6075167995498905,0.8697291570577856,0.13027084294221436,0.34530444204199523,,,-0.004250556922836157,-0.00029952007110367607,0.00029952007110367607,-0.008201593774568583,,,A2_group,0.98,0.995,1.02,Screened,fast metric pass; detailed slices computed for top candidates only
A2_group_0.980_0.995_1.025,0.6079235783600152,0.8698288693374725,0.13017113066252753,0.3460182873825579,,,-0.0038437781127114157,-0.00019980779141681726,0.00019980779141684502,-0.007487748434005903,,,A2_group,0.98,0.995,1.025,Screened,fast metric pass; detailed slices computed for top candidates only
A2_group_0.980_0.995_1.030,0.6081107153741976,0.8699230255227679,0.13007697447723213,0.3462984052256272,,,-0.0036566410985290343,-0.00010565160612141522,0.00010565160612144298,-0.007207630590936598,,,A2_group,0.98,0.995,1.03,Screened,fast metric pass; detailed slices computed for top candidates only
A2_group_0.980_1.000_0.970,0.6054719223720696,0.8683812430748674,0.13161875692513259,0.34256260166927177,,,-0.006295434100657027,-0.0016474340540219012,0.0016474340540219012,-0.010943434147292042,,,A2_group,0.98,1.0,0.97,Screened,fast metric pass; detailed slices computed for top candidates only
A2_group_0.980_1.000_0.975,0.6056554470858588,0.8685510351811908,0.13144896481880916,0.3427598589905269,,,-0.0061119093868677865,-0.0014776419476985048,0.001477641947698477,-0.010746176826036902,,,A2_group,0.98,1.0,0.975,Screened,fast metric pass; detailed slices computed for top candidates only
A2_group_0.980_1.000_0.980,0.6060694912340256,0.8687128159482245,0.1312871840517755,0.34342616651982677,,,-0.005697865238700972,-0.0013158611806648457,0.001315861180664818,-0.010079869296737043,,,A2_group,0.98,1.0,0.98,Screened,fast metric pass; detailed slices computed for top candidates only
A2_group_0.980_1.000_0.985,0.6064851150176996,0.8688679268258221,0.1311320731741778,0.3441023032095772,,,-0.005282241455026981,-0.0011607503030671706,0.0011607503030671151,-0.009403732606986626,,,A2_group,0.98,1.0,0.985,Screened,fast metric pass; detailed slices computed for top candidates only
A2_group_0.980_1.000_0.990,0.6068666175954477,0.8690171935552629,0.13098280644473714,0.34471604163563246,,,-0.004900738877278932,-0.0010114835736264594,0.0010114835736264594,-0.008789994180931349,,,A2_group,0.98,1.0,0.99,Screened,fast metric pass; detailed slices computed for top candidates only
A2_group_0.980_1.000_0.995,0.6071280100062983,0.8691602463682898,0.13083975363171021,0.34509577364430677,,,-0.0046393464664282735,-0.0008684307605995034,0.0008684307605995312,-0.008410262172257044,,,A2_group,0.98,1.0,0.995,Screened,fast metric pass; detailed slices computed for top candidates only
A2_group_0.980_1.000_1.000,0.607347860541574,0.869295918048714,0.13070408195128602,0.3453998030344339,,,-0.0044194959311526505,-0.0007327590801753381,0.0007327590801753381,-0.008106232782129907,,,A2_group,0.98,1.0,1.0,Screened,fast metric pass; detailed slices computed for top candidates only
A2_group_0.980_1.000_1.005,0.6075346220409343,0.8694233751270863,0.1305766248729137,0.3456458689547823,,,-0.004232734431792284,-0.0006053020018029764,0.0006053020018030042,-0.007860166861781537,,,A2_group,0.98,1.0,1.005,Screened,fast metric pass; detailed slices computed for top candidates only
A2_group_0.980_1.000_1.010,0.6079133323081867,0.8695441571078837,0.13045584289211629,0.34628250750848966,,,-0.0038540241645399487,-0.00048452002100562996,0.0004845200210056022,-0.007223528308074156,,,A2_group,0.98,1.0,1.01,Screened,fast metric pass; detailed slices computed for top candidates only
A2_group_0.980_1.000_1.015,0.6081691872333683,0.8696582401869221,0.13034175981307797,0.34668013427981453,,,-0.0035981692393582954,-0.00037043694196725596,0.0003704369419672837,-0.006825901536749279,,,A2_group,0.98,1.0,1.015,Screened,fast metric pass; detailed slices computed for top candidates only
A2_group_0.980_1.000_1.020,0.6082376787229437,0.8697657097702929,0.1302342902297071,0.3467096476755944,,,-0.0035296777497829668,-0.00026296735859643317,0.0002629673585964054,-0.006796388140969389,,,A2_group,0.98,1.0,1.02,Screened,fast metric pass; detailed slices computed for top candidates only
A2_group_0.980_1.000_1.025,0.6086444575330684,0.8698654220499797,0.13013457795002029,0.3474234930161571,,,-0.003122898939658225,-0.00016325507890957436,0.00016325507890960211,-0.0060825428004067095,,,A2_group,0.98,1.0,1.025,Screened,fast metric pass; detailed slices computed for top candidates only
A2_group_0.980_1.000_1.030,0.6088315945472508,0.8699595782352751,0.13004042176472486,0.34770361085922646,,,-0.002935761925475844,-6.909889361417232e-05,6.909889361417232e-05,-0.005802424957337349,,,A2_group,0.98,1.0,1.03,Screened,fast metric pass; detailed slices computed for top candidates only
A2_group_0.980_1.005_0.970,0.6059188196021927,0.868397707038631,0.13160229296136902,0.3434399321657544,,,-0.0058485368705338825,-0.0016309700902583657,0.001630970090258338,-0.0100661036508094,,,A2_group,0.98,1.005,0.97,Screened,fast metric pass; detailed slices computed for top candidates only
A2_group_0.980_1.005_0.975,0.606102344315982,0.8685674991449545,0.13143250085504557,0.34363718948700944,,,-0.005665012156744642,-0.0014611779839348582,0.001461177983934886,-0.00986884632955437,,,A2_group,0.98,1.005,0.975,Screened,fast metric pass; detailed slices computed for top candidates only
A2_group_0.980_1.005_0.980,0.6065163884641487,0.8687292799119881,0.1312707200880119,0.3443034970163093,,,-0.005250968008577939,-0.0012993972169011991,0.001299397216901227,-0.009202538800254512,,,A2_group,0.98,1.005,0.98,Screened,fast metric pass; detailed slices computed for top candidates only
A2_group_0.980_1.005_0.985,0.6069320122478228,0.8688843907895858,0.13111560921041424,0.3449796337060598,,,-0.004835344224903837,-0.001144286339303524,0.0011442863393035518,-0.008526402110504039,,,A2_group,0.98,1.005,0.985,Screened,fast metric pass; detailed slices computed for top candidates only
A2_group_0.980_1.005_0.990,0.6073135148255707,0.8690336575190264,0.13096634248097358,0.345593372132115,,,-0.004453841647155898,-0.0009950196098629238,0.000995019609862896,-0.007912663684448817,,,A2_group,0.98,1.005,0.99,Screened,fast metric pass; detailed slices computed for top candidates only
A2_group_0.980_1.005_0.995,0.6075749072364214,0.8691767103320533,0.13082328966794662,0.34597310414078936,,,-0.00419244923630524,-0.0008519667968359679,0.0008519667968359401,-0.007532931675774457,,,A2_group,0.98,1.005,0.995,Screened,fast metric pass; detailed slices computed for top candidates only
A2_group_0.980_1.005_1.000,0.607794757771697,0.8693123820124775,0.13068761798752246,0.34627713353091655,,,-0.003972598701029617,-0.0007162951164118025,0.0007162951164117748,-0.007228902285647265,,,A2_group,0.98,1.005,1.0,Screened,fast metric pass; detailed slices computed for top candidates only
A2_group_0.980_1.005_1.005,0.6079815192710574,0.8694398390908499,0.13056016090915012,0.3465231994512649,,,-0.003785837201669251,-0.0005888380380394409,0.0005888380380394409,-0.0069828363652988945,,,A2_group,0.98,1.005,1.005,Screened,fast metric pass; detailed slices computed for top candidates only
A2_group_0.980_1.005_1.010,0.6083602295383098,0.8695606210716473,0.13043937892835272,0.3471598380049723,,,-0.0034071269344168043,-0.0004680560572419834,0.0004680560572420389,-0.006346197811591514,,,A2_group,0.98,1.005,1.01,Screened,fast metric pass; detailed slices computed for top candidates only
A2_group_0.980_1.005_1.015,0.6086160844634914,0.8696747041506856,0.1303252958493144,0.3475574647762971,,,-0.003151272009235262,-0.0003539729782037204,0.0003539729782037204,-0.0059485710402666925,,,A2_group,0.98,1.005,1.015,Screened,fast metric pass; detailed slices computed for top candidates only
A2_group_0.980_1.005_1.020,0.6086845759530668,0.8697821737340565,0.13021782626594353,0.347586978172077,,,-0.0030827805196598224,-0.0002465033948327866,0.0002465033948328421,-0.005919057644486803,,,A2_group,0.98,1.005,1.02,Screened,fast metric pass; detailed slices computed for top candidates only
A2_group_0.980_1.005_1.025,0.6090913547631915,0.8698818860137433,0.13011811398625672,0.34830082351263975,,,-0.0026760017095350808,-0.00014679111514603882,0.00014679111514603882,-0.005205212303924067,,,A2_group,0.98,1.005,1.025,Screened,fast metric pass; detailed slices computed for top candidates only
A2_group_0.980_1.005_1.030,0.6092784917773739,0.8699760421990387,0.1300239578009613,0.34858094135570905,,,-0.0024888646953526994,-5.263492985063678e-05,5.2634929850609025e-05,-0.004925094460854762,,,A2_group,0.98,1.005,1.03,Screened,fast metric pass; detailed slices computed for top candidates only
A2_group_0.980_1.010_0.970,0.606416427075232,0.86839637555913,0.13160362444087,0.3444364785913341,,,-0.005350929397494597,-0.0016323015697593535,0.0016323015697593257,-0.00906955722522973,,,A2_group,0.98,1.01,0.97,Screened,fast metric pass; detailed slices computed for top candidates only
A2_group_0.980_1.010_0.975,0.6065999517890214,0.8685661676654535,0.13143383233454656,0.3446337359125892,,,-0.005167404683705246,-0.001462509463435846,0.0014625094634358737,-0.00887229990397459,,,A2_group,0.98,1.01,0.975,Screened,fast metric pass; detailed slices computed for top candidates only
A2_group_0.980_1.010_0.980,0.6070139959371881,0.8687279484324871,0.1312720515675129,0.3453000434418891,,,-0.004753360535538542,-0.001300728696402187,0.0013007286964022147,-0.008205992374674731,,,A2_group,0.98,1.01,0.98,Screened,fast metric pass; detailed slices computed for top candidates only
A2_group_0.980_1.010_0.985,0.6074296197208622,0.8688830593100848,0.1311169406899152,0.3459761801316395,,,-0.0043377367518644405,-0.0011456178188045119,0.0011456178188045119,-0.007529855684924314,,,A2_group,0.98,1.01,0.985,Screened,fast metric pass; detailed slices computed for top candidates only
A2_group_0.980_1.010_0.990,0.6078111222986101,0.8690323260395254,0.13096767396047454,0.3465899185576948,,,-0.003956234174116502,-0.0009963510893639116,0.000996351089363856,-0.006916117258869037,,,A2_group,0.98,1.01,0.99,Screened,fast metric pass; detailed slices computed for top candidates only
A2_group_0.980_1.010_0.995,0.6080725147094608,0.8691753788525524,0.1308246211474476,0.3469696505663691,,,-0.0036948417632658437,-0.0008532982763369557,0.0008532982763369279,-0.006536385250194732,,,A2_group,0.98,1.01,0.995,Screened,fast metric pass; detailed slices computed for top candidates only
A2_group_0.980_1.010_1.000,0.6082923652447364,0.8693110505329765,0.13068894946702345,0.3472736799564962,,,-0.0034749912279902206,-0.0007176265959127903,0.0007176265959127626,-0.0062323558600675955,,,A2_group,0.98,1.01,1.0,Screened,fast metric pass; detailed slices computed for top candidates only
A2_group_0.980_1.010_1.005,0.6084791267440968,0.8694385076113489,0.1305614923886511,0.3475197458768446,,,-0.0032882297286298545,-0.0005901695175404287,0.0005901695175404287,-0.005986289939719225,,,A2_group,0.98,1.01,1.005,Screened,fast metric pass; detailed slices computed for top candidates only
A2_group_0.980_1.010_1.010,0.6088578370113491,0.8695592895921463,0.13044071040785368,0.34815638443055197,,,-0.002909519461377519,-0.0004693875367429712,0.00046938753674299893,-0.005349651386011844,,,A2_group,0.98,1.01,1.01,Screened,fast metric pass; detailed slices computed for top candidates only
A2_group_0.980_1.010_1.015,0.6091136919365308,0.8696733726711846,0.13032662732881536,0.34855401120187685,,,-0.0026536645361958655,-0.0003553044577047082,0.00035530445770468044,-0.004952024614686967,,,A2_group,0.98,1.01,1.015,Screened,fast metric pass; detailed slices computed for top candidates only
A2_group_0.980_1.010_1.020,0.6091821834261062,0.8697808422545555,0.13021915774544449,0.34858352459765674,,,-0.002585173046620426,-0.0002478348743337744,0.00024783487433380214,-0.0049225112189070774,,,A2_group,0.98,1.01,1.02,Screened,fast metric pass; detailed slices computed for top candidates only
A2_group_0.980_1.010_1.025,0.6095889622362308,0.8698805545342423,0.1301194454657577,0.3492973699382194,,,-0.0021783942364957953,-0.0001481225946470266,0.0001481225946470266,-0.0042086658783443975,,,A2_group,0.98,1.01,1.025,Screened,fast metric pass; detailed slices computed for top candidates only
A2_group_0.980_1.010_1.030,0.6097760992504132,0.8699747107195377,0.13002528928046228,0.3495774877812888,,,-0.001991257222313414,-5.3966409351624556e-05,5.39664093515968e-05,-0.003928548035275037,,,A2_group,0.98,1.01,1.03,Screened,fast metric pass; detailed slices computed for top candidates only
A2_group_0.980_1.015_0.970,0.6070740757102865,0.8683733391169666,0.13162666088303346,0.34577481230360635,,,-0.004693280762440133,-0.0016553380119227468,0.0016553380119227745,-0.007731223512957464,,,A2_group,0.98,1.015,0.97,Screened,fast metric pass; detailed slices computed for top candidates only
A2_group_0.980_1.015_0.975,0.6072576004240757,0.86854313122329,0.13145686877671003,0.3459720696248614,,,-0.0045097560486508925,-0.0014855459055993503,0.0014855459055993503,-0.007533966191702435,,,A2_group,0.98,1.015,0.975,Screened,fast metric pass; detailed slices computed for top candidates only
A2_group_0.980_1.015_0.980,0.6076716445722424,0.8687049119903236,0.13129508800967638,0.34663837715416124,,,-0.004095711900484189,-0.0013237651385656912,0.0013237651385656912,-0.006867658662402576,,,A2_group,0.98,1.015,0.98,Screened,fast metric pass; detailed slices computed for top candidates only
A2_group_0.980_1.015_0.985,0.6080872683559165,0.8688600228679213,0.13113997713207867,0.3473145138439117,,,-0.0036800881168100874,-0.0011686542609680162,0.0011686542609679884,-0.006191521972652103,,,A2_group,0.98,1.015,0.985,Screened,fast metric pass; detailed slices computed for top candidates only
A2_group_0.980_1.015_0.990,0.6084687709336645,0.869009289597362,0.13099071040263802,0.34792825226996693,,,-0.003298585539062149,-0.0010193875315273049,0.0010193875315273326,-0.005577783546596882,,,A2_group,0.98,1.015,0.99,Screened,fast metric pass; detailed slices computed for top candidates only
A2_group_0.980_1.015_0.995,0.6087301633445151,0.869152342410389,0.13084765758961106,0.34830798427864124,,,-0.0030371931282114906,-0.0008763347185003489,0.0008763347185003767,-0.005198051537922577,,,A2_group,0.98,1.015,0.995,Screened,fast metric pass; detailed slices computed for top candidates only
A2_group_0.980_1.015_1.000,0.6089500138797908,0.8692880140908131,0.1307119859091869,0.3486120136687685,,,-0.0028173425929358675,-0.0007406630380761836,0.0007406630380762114,-0.004894022147795329,,,A2_group,0.98,1.015,1.0,Screened,fast metric pass; detailed slices computed for top candidates only
A2_group_0.980_1.015_1.005,0.6091367753791511,0.8694154711691854,0.1305845288308146,0.3488580795891168,,,-0.0026305810935755014,-0.000613205959703933,0.0006132059597039052,-0.004647956227447014,,,A2_group,0.98,1.015,1.005,Screened,fast metric pass; detailed slices computed for top candidates only
A2_group_0.980_1.015_1.010,0.6095154856464036,0.8695362531499828,0.13046374685001716,0.34949471814282423,,,-0.0022518708263230547,-0.0004924239789064755,0.0004924239789064755,-0.004011317673739578,,,A2_group,0.98,1.015,1.01,Screened,fast metric pass; detailed slices computed for top candidates only
A2_group_0.980_1.015_1.015,0.6097713405715851,0.8696503362290211,0.13034966377097884,0.34989234491414906,,,-0.0019960159011415124,-0.0003783408998682125,0.000378340899868157,-0.0036136909024147568,,,A2_group,0.98,1.015,1.015,Screened,fast metric pass; detailed slices computed for top candidates only
A2_group_0.980_1.015_1.020,0.6098398320611604,0.869757805812392,0.13024219418760796,0.3499218583099289,,,-0.0019275244115661838,-0.0002708713164972787,0.0002708713164972787,-0.0035841775066349224,,,A2_group,0.98,1.015,1.02,Screened,fast metric pass; detailed slices computed for top candidates only
A2_group_0.980_1.015_1.025,0.6102466108712852,0.8698575180920788,0.1301424819079212,0.3506357036504917,,,-0.0015207456014414422,-0.0001711590368105309,0.00017115903681050315,-0.0028703321660721315,,,A2_group,0.98,1.015,1.025,Screened,fast metric pass; detailed slices computed for top candidates only
A2_group_0.980_1.015_1.030,0.6104337478854677,0.8699516742773743,0.13004832572262573,0.350915821493561,,,-0.0013336085872589498,-7.700285151501784e-05,7.70028515150456e-05,-0.0025902143230028263,,,A2_group,0.98,1.015,1.03,Screened,fast metric pass; detailed slices computed for top candidates only
A2_group_0.980_1.020_0.970,0.6074126965789141,0.8683327074011742,0.13166729259882579,0.346492685756654,,,-0.0043546598938125625,-0.0016959697277151298,0.001695969727715102,-0.007013350059909829,,,A2_group,0.98,1.02,0.97,Screened,fast metric pass; detailed slices computed for top candidates only
A2_group_0.980_1.020_0.975,0.6075962212927034,0.8685024995074977,0.13149750049250233,0.3466899430779091,,,-0.004171135180023211,-0.0015261776213916223,0.00152617762139165,-0.006816092738654689,,,A2_group,0.98,1.02,0.975,Screened,fast metric pass; detailed slices computed for top candidates only
A2_group_0.980_1.020_0.980,0.6080102654408702,0.8686642802745314,0.13133571972546867,0.34735625060720904,,,-0.0037570910318563966,-0.0013643968543579632,0.001364396854357991,-0.0061497852093547745,,,A2_group,0.98,1.02,0.98,Screened,fast metric pass; detailed slices computed for top candidates only
A2_group_0.980_1.020_0.985,0.6084258892245442,0.868819391152129,0.131180608847871,0.34803238729695946,,,-0.003341467248182406,-0.0012092859767602882,0.001209285976760316,-0.005473648519604357,,,A2_group,0.98,1.02,0.985,Screened,fast metric pass; detailed slices computed for top candidates only
A2_group_0.980_1.020_0.990,0.6088073918022922,0.8689686578815696,0.13103134211843034,0.3486461257230147,,,-0.0029599646704344673,-0.0010600192473196879,0.0010600192473196601,-0.004859910093549136,,,A2_group,0.98,1.02,0.99,Screened,fast metric pass; detailed slices computed for top candidates only
A2_group_0.980_1.020_0.995,0.6090687842131428,0.8691117106945966,0.1308882893054034,0.349025857731689,,,-0.002698572259583809,-0.000916966434292732,0.0009169664342927042,-0.004480178084874831,,,A2_group,0.98,1.02,0.995,Screened,fast metric pass; detailed slices computed for top candidates only
A2_group_0.980_1.020_1.000,0.6092886347484184,0.8692473823750207,0.13075261762497922,0.3493298871218162,,,-0.002478721724308186,-0.0007812947538685666,0.0007812947538685389,-0.004176148694747639,,,A2_group,0.98,1.02,1.0,Screened,fast metric pass; detailed slices computed for top candidates only
A2_group_0.980_1.020_1.005,0.6094753962477788,0.8693748394533931,0.1306251605466069,0.34957595304216454,,,-0.00229196022494782,-0.000653837675496205,0.000653837675496205,-0.003930082774399268,,,A2_group,0.98,1.02,1.005,Screened,fast metric pass; detailed slices computed for top candidates only
A2_group_0.980_1.020_1.010,0.6098541065150312,0.8694956214341905,0.1305043785658095,0.350212591595872,,,-0.0019132499576953732,-0.0005330556946988585,0.000533055694698803,-0.0032934442206918324,,,A2_group,0.98,1.02,1.01,Screened,fast metric pass; detailed slices computed for top candidates only
A2_group_0.980_1.020_1.015,0.6101099614402128,0.8696097045132288,0.13039029548677117,0.35061021836719686,,,-0.001657395032513831,-0.0004189726156604845,0.0004189726156604845,-0.0028958174493669553,,,A2_group,0.98,1.02,1.015,Screened,fast metric pass; detailed slices computed for top candidates only
A2_group_0.980_1.020_1.020,0.6101784529297882,0.8697171740965997,0.1302828259034003,0.35063973176297675,,,-0.0015889035429383913,-0.0003115030322896617,0.0003115030322896062,-0.0028663040535870654,,,A2_group,0.98,1.02,1.02,Screened,fast metric pass; detailed slices computed for top candidates only
A2_group_0.980_1.020_1.025,0.610585231739913,0.8698168863762865,0.1301831136237135,0.3513535771035394,,,-0.0011821247328136497,-0.0002117907526028029,0.0002117907526028029,-0.0021524587130243855,,,A2_group,0.98,1.02,1.025,Screened,fast metric pass; detailed slices computed for top candidates only
A2_group_0.980_1.020_1.030,0.6107723687540954,0.8699110425615819,0.13008895743841806,0.35163369494660873,,,-0.0009949877186312683,-0.00011763456730740085,0.0001176345673073731,-0.0018723408699550803,,,A2_group,0.98,1.02,1.03,Screened,fast metric pass; detailed slices computed for top candidates only
A2_group_0.980_1.025_0.970,0.6073858582790896,0.8682758630594647,0.13172413694053534,0.34649585349871453,,,-0.004381498193636979,-0.0017528140694246241,0.001752814069424652,-0.007010182317849278,,,A2_group,0.98,1.025,0.97,Screened,fast metric pass; detailed slices computed for top candidates only
A2_group_0.980_1.025_0.975,0.6075693829928789,0.8684456551657881,0.1315543448342119,0.3466931108199696,,,-0.004197973479847739,-0.0015830219631012277,0.0015830219631012277,-0.006812924996594194,,,A2_group,0.98,1.025,0.975,Screened,fast metric pass; detailed slices computed for top candidates only
A2_group_0.980_1.025_0.980,0.6079834271410456,0.8686074359328217,0.13139256406717825,0.3473594183492695,,,-0.003783929331681035,-0.0014212411960675686,0.0014212411960675686,-0.006146617467294335,,,A2_group,0.98,1.025,0.98,Screened,fast metric pass; detailed slices computed for top candidates only
A2_group_0.980_1.025_0.985,0.6083990509247197,0.8687625468104194,0.13123745318958055,0.34803555503901995,,,-0.0033683055480069335,-0.0012661303184698935,0.0012661303184698658,-0.005470480777543862,,,A2_group,0.98,1.025,0.985,Screened,fast metric pass; detailed slices computed for top candidates only
A2_group_0.980_1.025_0.990,0.6087805535024676,0.8689118135398601,0.1310881864601399,0.34864929346507517,,,-0.002986802970258995,-0.0011168635890291823,0.00111686358902921,-0.004856742351488641,,,A2_group,0.98,1.025,0.99,Screened,fast metric pass; detailed slices computed for top candidates only
A2_group_0.980_1.025_0.995,0.6090419459133183,0.869054866352887,0.13094513364711297,0.34902902547374953,,,-0.0027254105594083367,-0.0009738107760023373,0.0009738107760022818,-0.0044770103428142805,,,A2_group,0.98,1.025,0.995,Screened,fast metric pass; detailed slices computed for top candidates only
A2_group_0.980_1.025_1.000,0.609261796448594,0.8691905380333113,0.13080946196668877,0.34933305486387667,,,-0.0025055600241326026,-0.000838139095578061,0.0008381390955780887,-0.004172980952687144,,,A2_group,0.98,1.025,1.0,Screened,fast metric pass; detailed slices computed for top candidates only
A2_group_0.980_1.025_1.005,0.6094485579479543,0.8693179951116835,0.13068200488831647,0.349579120784225,,,-0.0023187985247723475,-0.0007106820172058104,0.0007106820172057826,-0.003926915032338829,,,A2_group,0.98,1.025,1.005,Screened,fast metric pass; detailed slices computed for top candidates only
A2_group_0.980_1.025_1.010,0.6098272682152067,0.869438777092481,0.13056122290751906,0.3502157593379324,,,-0.0019400882575199008,-0.0005899000364083529,0.0005899000364083806,-0.003290276478631393,,,A2_group,0.98,1.025,1.01,Screened,fast metric pass; detailed slices computed for top candidates only
A2_group_0.980_1.025_1.015,0.6100831231403883,0.8695528601715192,0.13044713982848075,0.3506133861092573,,,-0.0016842333323383585,-0.0004758169573700899,0.00047581695737006213,-0.002892649707306516,,,A2_group,0.98,1.025,1.015,Screened,fast metric pass; detailed slices computed for top candidates only
A2_group_0.980_1.025_1.020,0.6101516146299637,0.8696603297548902,0.13033967024510987,0.3506428995050372,,,-0.0016157418427629189,-0.00036834737399915607,0.0003683473739991838,-0.002863136311526626,,,A2_group,0.98,1.025,1.02,Screened,fast metric pass; detailed slices computed for top candidates only
A2_group_0.980_1.025_1.025,0.6105583934400884,0.8697600420345769,0.13023995796542306,0.35135674484559987,,,-0.0012089630326381773,-0.0002686350943124083,0.00026863509431238053,-0.0021492909709639463,,,A2_group,0.98,1.025,1.025,Screened,fast metric pass; detailed slices computed for top candidates only
A2_group_0.980_1.025_1.030,0.6107455304542708,0.8698541982198724,0.1301458017801276,0.3516368626886692,,,-0.001021826018455796,-0.00017447890901689522,0.00017447890901692298,-0.0018691731278945856,,,A2_group,0.98,1.025,1.03,Screened,fast metric pass; detailed slices computed for top candidates only
A2_group_0.980_1.030_0.970,0.6076244207179793,0.8682050578124769,0.13179494218752302,0.3470437836234817,,,-0.0041429357547473344,-0.0018236193164123948,0.0018236193164123393,-0.0064622521930821075,,,A2_group,0.98,1.03,0.97,Screened,fast metric pass; detailed slices computed for top candidates only
A2_group_0.980_1.030_0.975,0.6078079454317686,0.8683748499188004,0.1316251500811996,0.3472410409447368,,,-0.003959411040957983,-0.0016538272100888873,0.001653827210088915,-0.006264994871827023,,,A2_group,0.98,1.03,0.975,Screened,fast metric pass; detailed slices computed for top candidates only
A2_group_0.980_1.030_0.980,0.6082219895799353,0.8685366306858341,0.1314633693141659,0.34790734847403665,,,-0.0035453668927912796,-0.0014920464430552283,0.0014920464430552283,-0.005598687342527164,,,A2_group,0.98,1.03,0.98,Screened,fast metric pass; detailed slices computed for top candidates only
A2_group_0.980_1.030_0.985,0.6086376133636094,0.8686917415634318,0.13130825843656824,0.34858348516378707,,,-0.003129743109117178,-0.0013369355654575532,0.0013369355654575532,-0.004922550652776747,,,A2_group,0.98,1.03,0.985,Screened,fast metric pass; detailed slices computed for top candidates only
A2_group_0.980_1.030_0.990,0.6090191159413574,0.8688410082928725,0.13115899170712755,0.34919722358984234,,,-0.0027482405313692393,-0.001187668836016842,0.0011876688360168697,-0.00430881222672147,,,A2_group,0.98,1.03,0.99,Screened,fast metric pass; detailed slices computed for top candidates only
A2_group_0.980_1.030_0.995,0.6092805083522079,0.8689840611058993,0.13101593889410065,0.34957695559851665,,,-0.002486848120518692,-0.001044616022989997,0.0010446160229899693,-0.003929080218047165,,,A2_group,0.98,1.03,0.995,Screened,fast metric pass; detailed slices computed for top candidates only
A2_group_0.980_1.030_1.000,0.6095003588874838,0.8691197327863236,0.13088026721367643,0.3498809849886439,,,-0.002266997585242847,-0.0009089443425657207,0.0009089443425657484,-0.003625050827919918,,,A2_group,0.98,1.03,1.0,Screened,fast metric pass; detailed slices computed for top candidates only
A2_group_0.980_1.030_1.005,0.609687120386844,0.8692471898646958,0.13075281013530413,0.3501270509089922,,,-0.002080236085882592,-0.00078148726419347,0.0007814872641934423,-0.0033789849075716027,,,A2_group,0.98,1.03,1.005,Screened,fast metric pass; detailed slices computed for top candidates only
A2_group_0.980_1.030_1.010,0.6100658306540965,0.8693679718454933,0.13063202815450672,0.3507636894626996,,,-0.0017015258186301452,-0.0006607052833960125,0.0006607052833960403,-0.0027423463538642223,,,A2_group,0.98,1.03,1.01,Screened,fast metric pass; detailed slices computed for top candidates only
A2_group_0.980_1.030_1.015,0.610321685579278,0.8694820549245316,0.1305179450754684,0.3511613162340244,,,-0.0014456708934486029,-0.0005466222043577496,0.0005466222043577218,-0.0023447195825394007,,,A2_group,0.98,1.03,1.015,Screened,fast metric pass; detailed slices computed for top candidates only
A2_group_0.980_1.030_1.020,0.6103901770688533,0.8695895245079025,0.13041047549209753,0.3511908296298043,,,-0.0013771794038732743,-0.00043915262098681573,0.0004391526209868435,-0.002315206186759511,,,A2_group,0.98,1.03,1.02,Screened,fast metric pass; detailed slices computed for top candidates only
A2_group_0.980_1.030_1.025,0.6107969558789782,0.8696892367875892,0.13031076321241072,0.3519046749703671,,,-0.0009704005937484217,-0.00033944034130006795,0.0003394403413000402,-0.00160136084619672,,,A2_group,0.98,1.03,1.025,Screened,fast metric pass; detailed slices computed for top candidates only
A2_group_0.980_1.030_1.030,0.6109840928931605,0.8697833929728847,0.1302166070271153,0.35218479281343634,,,-0.0007832635795661513,-0.0002452841560046659,0.0002452841560046104,-0.0013212430031274702,,,A2_group,0.98,1.03,1.03,Screened,fast metric pass; detailed slices computed for top candidates only
A2_group_0.985_0.970_0.970,0.6009294745880439,0.8681060628595612,0.13189393714043882,0.3337528863165266,,,-0.01083788188468271,-0.00192261426932816,0.0019226142693281323,-0.019753149500037204,,,A2_group,0.985,0.97,0.97,Screened,fast metric pass; detailed slices computed for top candidates only
A2_group_0.985_0.970_0.975,0.6011129993018332,0.8682758549658847,0.1317241450341154,0.33395014363778164,,,-0.01065435717089347,-0.0017528221630046525,0.001752822163004708,-0.019555892178782175,,,A2_group,0.985,0.97,0.975,Screened,fast metric pass; detailed slices computed for top candidates only
A2_group_0.985_0.970_0.980,0.60152704345,0.8684376357329183,0.1315623642670817,0.3346164511670815,,,-0.010240313022726655,-0.0015910413959709935,0.0015910413959710212,-0.018889584649482316,,,A2_group,0.985,0.97,0.98,Screened,fast metric pass; detailed slices computed for top candidates only
A2_group_0.985_0.970_0.985,0.601942667233674,0.868592746610516,0.13140725338948403,0.33529258785683197,,,-0.009824689239052664,-0.0014359305183733184,0.0014359305183733462,-0.018213447959731843,,,A2_group,0.985,0.97,0.985,Screened,fast metric pass; detailed slices computed for top candidates only
A2_group_0.985_0.970_0.990,0.6023241698114219,0.8687420133399566,0.13125798666004337,0.3359063262828872,,,-0.009443186661304726,-0.0012866637889327182,0.0012866637889326904,-0.017599709533676622,,,A2_group,0.985,0.97,0.99,Screened,fast metric pass; detailed slices computed for top candidates only
A2_group_0.985_0.970_0.995,0.6025855622222726,0.8688850661529836,0.13111493384701645,0.3362860582915615,,,-0.009181794250454067,-0.0011436109759057622,0.0011436109759057622,-0.017219977525002317,,,A2_group,0.985,0.97,0.995,Screened,fast metric pass; detailed slices computed for top candidates only
A2_group_0.985_0.970_1.000,0.6028054127575482,0.8690207378334077,0.13097926216659225,0.33659008768168874,,,-0.008961943715178444,-0.0010079392954815969,0.0010079392954815691,-0.01691594813487507,,,A2_group,0.985,0.97,1.0,Screened,fast metric pass; detailed slices computed for top candidates only
A2_group_0.985_0.970_1.005,0.6029921742569085,0.8691481949117801,0.13085180508821992,0.33683615360203706,,,-0.008775182215818078,-0.0008804822171092352,0.0008804822171092352,-0.016669882214526754,,,A2_group,0.985,0.97,1.005,Screened,fast metric pass; detailed slices computed for top candidates only
A2_group_0.985_0.970_1.010,0.603370884524161,0.8692689768925774,0.13073102310742254,0.3374727921557445,,,-0.008396471948565631,-0.0007597002363118888,0.000759700236311861,-0.01603324366081932,,,A2_group,0.985,0.97,1.01,Screened,fast metric pass; detailed slices computed for top candidates only
A2_group_0.985_0.970_1.015,0.6036267394493425,0.8693830599716158,0.1306169400283842,0.3378704189270693,,,-0.008140617023384089,-0.0006456171572735148,0.0006456171572735148,-0.015635616889494497,,,A2_group,0.985,0.97,1.015,Screened,fast metric pass; detailed slices computed for top candidates only
A2_group_0.985_0.970_1.020,0.6036952309389179,0.8694905295549866,0.13050947044501335,0.33789993232284915,,,-0.00807212553380876,-0.000538147573902692,0.0005381475739026642,-0.015606103493714663,,,A2_group,0.985,0.97,1.02,Screened,fast metric pass; detailed slices computed for top candidates only
A2_group_0.985_0.970_1.025,0.6041020097490427,0.8695902418346735,0.13040975816532652,0.33861377766341194,,,-0.007665346723683908,-0.00043843529421583316,0.00043843529421583316,-0.014892258153151872,,,A2_group,0.985,0.97,1.025,Screened,fast metric pass; detailed slices computed for top candidates only
A2_group_0.985_0.970_1.030,0.6042891467632251,0.8696843980199689,0.1303156019800311,0.33889389550648125,,,-0.0074782097095015265,-0.0003442791089204311,0.00034427910892040336,-0.014612140310082566,,,A2_group,0.985,0.97,1.03,Screened,fast metric pass; detailed slices computed for top candidates only
A2_group_0.985_0.975_0.970,0.6024284413862986,0.8682282644221656,0.13177173557783436,0.3366286183504315,,,-0.009338915086428035,-0.0018004127067237086,0.0018004127067236808,-0.016877417466132305,,,A2_group,0.985,0.975,0.97,Screened,fast metric pass; detailed slices computed for top candidates only
A2_group_0.985_0.975_0.975,0.6026119661000878,0.8683980565284891,0.1316019434715109,0.3368258756716866,,,-0.009155390372638794,-0.001630620600400201,0.0016306206004002288,-0.01668016014487722,,,A2_group,0.985,0.975,0.975,Screened,fast metric pass; detailed slices computed for top candidates only
A2_group_0.985_0.975_0.980,0.6030260102482546,0.8685598372955228,0.13144016270447725,0.3374921832009865,,,-0.00874134622447198,-0.001468839833366542,0.0014688398333665698,-0.016013852615577306,,,A2_group,0.985,0.975,0.98,Screened,fast metric pass; detailed slices computed for top candidates only
A2_group_0.985_0.975_0.985,0.6034416340319287,0.8687149481731204,0.13128505182687955,0.338168319890737,,,-0.008325722440797878,-0.001313728955768867,0.001313728955768867,-0.015337715925826834,,,A2_group,0.985,0.975,0.985,Screened,fast metric pass; detailed slices computed for top candidates only
A2_group_0.985_0.975_0.990,0.6038231366096767,0.8688642149025612,0.1311357850974389,0.3387820583167922,,,-0.00794421986304994,-0.0011644622263281557,0.0011644622263282112,-0.014723977499771612,,,A2_group,0.985,0.975,0.99,Screened,fast metric pass; detailed slices computed for top candidates only
A2_group_0.985_0.975_0.995,0.6040845290205272,0.869007267715588,0.13099273228441197,0.3391617903254665,,,-0.007682827452199392,-0.0010214094133013107,0.001021409413301283,-0.014344245491097307,,,A2_group,0.985,0.975,0.995,Screened,fast metric pass; detailed slices computed for top candidates only
A2_group_0.985_0.975_1.000,0.604304379555803,0.8691429393960122,0.1308570606039878,0.3394658197155937,,,-0.007462976916923658,-0.0008857377328771454,0.0008857377328771177,-0.014040216100970115,,,A2_group,0.985,0.975,1.0,Screened,fast metric pass; detailed slices computed for top candidates only
A2_group_0.985_0.975_1.005,0.6044911410551632,0.8692703964743845,0.13072960352561547,0.339711885635942,,,-0.007276215417563403,-0.0007582806545047838,0.0007582806545047838,-0.0137941501806218,,,A2_group,0.985,0.975,1.005,Screened,fast metric pass; detailed slices computed for top candidates only
A2_group_0.985_0.975_1.010,0.6048698513224157,0.869391178455182,0.13060882154481804,0.3403485241896494,,,-0.006897505150310956,-0.0006374986737073263,0.000637498673707354,-0.01315751162691442,,,A2_group,0.985,0.975,1.01,Screened,fast metric pass; detailed slices computed for top candidates only
A2_group_0.985_0.975_1.015,0.6051257062475973,0.8695052615342203,0.13049473846577972,0.3407461509609743,,,-0.006641650225129303,-0.0005234155946690633,0.0005234155946690355,-0.012759884855589487,,,A2_group,0.985,0.975,1.015,Screened,fast metric pass; detailed slices computed for top candidates only
A2_group_0.985_0.975_1.020,0.6051941977371726,0.8696127311175912,0.13038726888240884,0.34077566435675416,,,-0.0065731587355539745,-0.00041594601129812947,0.0004159460112981572,-0.012730371459809653,,,A2_group,0.985,0.975,1.02,Screened,fast metric pass; detailed slices computed for top candidates only
A2_group_0.985_0.975_1.025,0.6056009765472974,0.8697124433972779,0.13028755660272207,0.3414895096973169,,,-0.006166379925429233,-0.0003162337316113817,0.0003162337316113817,-0.012016526119246917,,,A2_group,0.985,0.975,1.025,Screened,fast metric pass; detailed slices computed for top candidates only
A2_group_0.985_0.975_1.030,0.6057881135614798,0.8698065995825733,0.13019340041742664,0.34176962754038626,,,-0.0059792429112468515,-0.00022207754631597965,0.0002220775463159519,-0.011736408276177557,,,A2_group,0.985,0.975,1.03,Screened,fast metric pass; detailed slices computed for top candidates only
A2_group_0.985_0.980_0.970,0.6032420113383343,0.8683342160381127,0.1316657839618873,0.338149806638556,,,-0.008525345134392293,-0.0016944610907766444,0.0016944610907766167,-0.01535622917800783,,,A2_group,0.985,0.98,0.97,Screened,fast metric pass; detailed slices computed for top candidates only
A2_group_0.985_0.980_0.975,0.6034255360521237,0.8685040081444362,0.13149599185556385,0.3383470639598111,,,-0.008341820420602941,-0.001524668984453137,0.0015246689844531647,-0.01515897185675269,,,A2_group,0.985,0.98,0.975,Screened,fast metric pass; detailed slices computed for top candidates only
A2_group_0.985_0.980_0.980,0.6038395802002905,0.8686657889114698,0.1313342110885302,0.33901337148911104,,,-0.007927776272436127,-0.0013628882174194779,0.0013628882174195056,-0.014492664327452776,,,A2_group,0.985,0.98,0.98,Screened,fast metric pass; detailed slices computed for top candidates only
A2_group_0.985_0.980_0.985,0.6042552039839645,0.8688208997890675,0.1311791002109325,0.3396895081788614,,,-0.007512152488762136,-0.0012077773398218028,0.0012077773398218028,-0.013816527637702414,,,A2_group,0.985,0.98,0.985,Screened,fast metric pass; detailed slices computed for top candidates only
A2_group_0.985_0.980_0.990,0.6046367065617124,0.8689701665185081,0.13102983348149183,0.3403032466049167,,,-0.007130649911014197,-0.0010585106103812025,0.001058510610381147,-0.013202789211647137,,,A2_group,0.985,0.98,0.99,Screened,fast metric pass; detailed slices computed for top candidates only
A2_group_0.985_0.980_0.995,0.604898098972563,0.8691132193315351,0.1308867806684649,0.340682978613591,,,-0.00686925750016365,-0.0009154577973542466,0.0009154577973542188,-0.012823057202972832,,,A2_group,0.985,0.98,0.995,Screened,fast metric pass; detailed slices computed for top candidates only
A2_group_0.985_0.980_1.000,0.6051179495078387,0.8692488910119592,0.13075110898804074,0.3409870080037181,,,-0.006649406964887916,-0.0007797861169300813,0.0007797861169300535,-0.012519027812845696,,,A2_group,0.985,0.98,1.0,Screened,fast metric pass; detailed slices computed for top candidates only
A2_group_0.985_0.980_1.005,0.6053047110071991,0.8693763480903316,0.1306236519096684,0.34123307392406654,,,-0.00646264546552755,-0.0006523290385577196,0.0006523290385577196,-0.01227296189249727,,,A2_group,0.985,0.98,1.005,Screened,fast metric pass; detailed slices computed for top candidates only
A2_group_0.985_0.980_1.010,0.6056834212744515,0.869497130071129,0.13050286992887097,0.3418697124777739,,,-0.006083935198275103,-0.0005315470577602621,0.0005315470577602899,-0.011636323338789889,,,A2_group,0.985,0.98,1.01,Screened,fast metric pass; detailed slices computed for top candidates only
A2_group_0.985_0.980_1.015,0.6059392761996331,0.8696112131501673,0.13038878684983266,0.34226733924909886,,,-0.005828080273093561,-0.00041746397872199914,0.0004174639787219714,-0.011238696567464956,,,A2_group,0.985,0.98,1.015,Screened,fast metric pass; detailed slices computed for top candidates only
A2_group_0.985_0.980_1.020,0.6060077676892085,0.8697186827335383,0.13028131726646178,0.3422968526448787,,,-0.005759588783518121,-0.0003099943953510653,0.0003099943953510931,-0.011209183171685122,,,A2_group,0.985,0.98,1.02,Screened,fast metric pass; detailed slices computed for top candidates only
A2_group_0.985_0.980_1.025,0.6064145464993332,0.869818395013225,0.130181604986775,0.3430106979854414,,,-0.00535280997339338,-0.00021028211566431754,0.00021028211566431754,-0.010495337831122387,,,A2_group,0.985,0.98,1.025,Screened,fast metric pass; detailed slices computed for top candidates only
A2_group_0.985_0.980_1.030,0.6066016835135155,0.8699125511985204,0.13008744880147957,0.3432908158285107,,,-0.0051656729592111095,-0.0001161259303689155,0.00011612593036888774,-0.010215219988053137,,,A2_group,0.985,0.98,1.03,Screened,fast metric pass; detailed slices computed for top candidates only
A2_group_0.985_0.985_0.970,0.6039956953766494,0.8684221564730781,0.13157784352692187,0.33956923428022084,,,-0.007771661096077187,-0.0016065206558112388,0.0016065206558111833,-0.013936801536342969,,,A2_group,0.985,0.985,0.97,Screened,fast metric pass; detailed slices computed for top candidates only
A2_group_0.985_0.985_0.975,0.6041792200904388,0.8685919485794016,0.13140805142059844,0.339766491601476,,,-0.007588136382287836,-0.0014367285494877313,0.001436728549487759,-0.013739544215087829,,,A2_group,0.985,0.985,0.975,Screened,fast metric pass; detailed slices computed for top candidates only
A2_group_0.985_0.985_0.980,0.6045932642386056,0.8687537293464352,0.13124627065356476,0.3404327991307759,,,-0.007174092234121021,-0.0012749477824540723,0.0012749477824540723,-0.013073236685787915,,,A2_group,0.985,0.985,0.98,Screened,fast metric pass; detailed slices computed for top candidates only
A2_group_0.985_0.985_0.985,0.6050088880222796,0.8689088402240329,0.13109115977596708,0.3411089358205263,,,-0.0067584684504470305,-0.0011198369048563972,0.0011198369048563972,-0.012397099996037497,,,A2_group,0.985,0.985,0.985,Screened,fast metric pass; detailed slices computed for top candidates only
A2_group_0.985_0.985_0.990,0.6053903906000275,0.8690581069534736,0.1309418930465264,0.34172267424658154,,,-0.006376965872699092,-0.0009705701754156859,0.0009705701754157137,-0.011783361569982276,,,A2_group,0.985,0.985,0.99,Screened,fast metric pass; detailed slices computed for top candidates only
A2_group_0.985_0.985_0.995,0.6056517830108782,0.8692011597665005,0.1307988402334995,0.34210240625525584,,,-0.006115573461848434,-0.000827517362388841,0.0008275173623888132,-0.01140362956130797,,,A2_group,0.985,0.985,0.995,Screened,fast metric pass; detailed slices computed for top candidates only
A2_group_0.985_0.985_1.000,0.6058716335461539,0.8693368314469248,0.13066316855307528,0.34240643564538303,,,-0.0058957229265727,-0.0006918456819645646,0.0006918456819645924,-0.011099600171180779,,,A2_group,0.985,0.985,1.0,Screened,fast metric pass; detailed slices computed for top candidates only
A2_group_0.985_0.985_1.005,0.6060583950455142,0.869464288525297,0.13053571147470297,0.3426525015657314,,,-0.0057089614272124445,-0.000564388603592314,0.0005643886035922863,-0.010853534250832408,,,A2_group,0.985,0.985,1.005,Screened,fast metric pass; detailed slices computed for top candidates only
A2_group_0.985_0.985_1.010,0.6064371053127666,0.8695850705060945,0.13041492949390557,0.34328914011943884,,,-0.005330251159959998,-0.0004436066227948565,0.0004436066227948843,-0.010216895697124972,,,A2_group,0.985,0.985,1.01,Screened,fast metric pass; detailed slices computed for top candidates only
A2_group_0.985_0.985_1.015,0.6066929602379483,0.8696991535851327,0.13030084641486725,0.3436867668907637,,,-0.0050743962347783444,-0.00032952354375659354,0.0003295235437565658,-0.009819268925800095,,,A2_group,0.985,0.985,1.015,Screened,fast metric pass; detailed slices computed for top candidates only
A2_group_0.985_0.985_1.020,0.6067614517275236,0.8698066231685037,0.13019337683149637,0.3437162802865436,,,-0.005005904745203016,-0.00022205396038565972,0.00022205396038568748,-0.009789755530020205,,,A2_group,0.985,0.985,1.02,Screened,fast metric pass; detailed slices computed for top candidates only
A2_group_0.985_0.985_1.025,0.6071682305376483,0.8699063354481904,0.13009366455180957,0.3444301256271063,,,-0.004599125935078274,-0.00012234168069891194,0.00012234168069888418,-0.009075910189457526,,,A2_group,0.985,0.985,1.025,Screened,fast metric pass; detailed slices computed for top candidates only
A2_group_0.985_0.985_1.030,0.6073553675518307,0.8700004916334858,0.12999950836651414,0.3447102434701756,,,-0.004411988920895893,-2.8185495403509897e-05,2.8185495403454386e-05,-0.00879579234638822,,,A2_group,0.985,0.985,1.03,Screened,fast metric pass; detailed slices computed for top candidates only
A2_group_0.985_0.990_0.970,0.6050148613942701,0.8684937861259103,0.13150621387408967,0.34153593666262977,,,-0.006752495078456544,-0.0015348910029789886,0.0015348910029789886,-0.011970099153934044,,,A2_group,0.985,0.99,0.97,Screened,fast metric pass; detailed slices computed for top candidates only
A2_group_0.985_0.990_0.975,0.6051983861080593,0.8686635782322337,0.13133642176776625,0.34173319398388485,,,-0.006568970364667304,-0.0013650988966555921,0.0013650988966555644,-0.01177284183267896,,,A2_group,0.985,0.99,0.975,Screened,fast metric pass; detailed slices computed for top candidates only
A2_group_0.985_0.990_0.980,0.6056124302562261,0.8688253589992674,0.1311746410007326,0.3423995015131848,,,-0.006154926216500489,-0.001203318129621933,0.0012033181296219053,-0.01110653430337899,,,A2_group,0.985,0.99,0.98,Screened,fast metric pass; detailed slices computed for top candidates only
A2_group_0.985_0.990_0.985,0.6060280540399001,0.8689804698768652,0.13101953012313486,0.3430756382029352,,,-0.0057393024328264985,-0.001048207252024147,0.0010482072520241748,-0.010430397613628628,,,A2_group,0.985,0.99,0.985,Screened,fast metric pass; detailed slices computed for top candidates only
A2_group_0.985_0.990_0.990,0.6064095566176481,0.8691297366063058,0.1308702633936942,0.3436893766289904,,,-0.00535779985507856,-0.0008989405225835467,0.000898940522583519,-0.009816659187573407,,,A2_group,0.985,0.99,0.99,Screened,fast metric pass; detailed slices computed for top candidates only
A2_group_0.985_0.990_0.995,0.6066709490284987,0.8692727894193327,0.13072721058066727,0.34406910863766477,,,-0.005096407444227902,-0.0007558877095565908,0.0007558877095565908,-0.009436927178899046,,,A2_group,0.985,0.99,0.995,Screened,fast metric pass; detailed slices computed for top candidates only
A2_group_0.985_0.990_1.000,0.6068907995637745,0.8694084610997569,0.1305915389002431,0.3443731380277919,,,-0.004876556908952168,-0.0006202160291324255,0.0006202160291324255,-0.00913289778877191,,,A2_group,0.985,0.99,1.0,Screened,fast metric pass; detailed slices computed for top candidates only
A2_group_0.985_0.990_1.005,0.6070775610631348,0.8695359181781293,0.13046408182187078,0.34461920394814033,,,-0.0046897954095918015,-0.0004927589507600638,0.0004927589507600916,-0.008886831868423484,,,A2_group,0.985,0.99,1.005,Screened,fast metric pass; detailed slices computed for top candidates only
A2_group_0.985_0.990_1.010,0.6074562713303872,0.8696567001589266,0.13034329984107337,0.3452558425018477,,,-0.004311085142339466,-0.00037197696996271734,0.0003719769699626896,-0.008250193314716103,,,A2_group,0.985,0.99,1.01,Screened,fast metric pass; detailed slices computed for top candidates only
A2_group_0.985_0.990_1.015,0.6077121262555688,0.869770783237965,0.13022921676203505,0.3456534692731726,,,-0.0040552302171578125,-0.00025789389092434334,0.0002578938909243711,-0.007852566543391226,,,A2_group,0.985,0.99,1.015,Screened,fast metric pass; detailed slices computed for top candidates only
A2_group_0.985_0.990_1.020,0.6077806177451441,0.8698782528213358,0.13012174717866418,0.3456829826689525,,,-0.003986738727582484,-0.00015042430755352054,0.0001504243075534928,-0.007823053147611336,,,A2_group,0.985,0.99,1.02,Screened,fast metric pass; detailed slices computed for top candidates only
A2_group_0.985_0.990_1.025,0.6081873965552689,0.8699779651010227,0.13002203489897737,0.34639682800951516,,,-0.0035799599174577423,-5.0712027866661735e-05,5.071202786668949e-05,-0.007109207807048656,,,A2_group,0.985,0.99,1.025,Screened,fast metric pass; detailed slices computed for top candidates only
A2_group_0.985_0.990_1.030,0.6083745335694513,0.8700721212863181,0.12992787871368194,0.34667694585258446,,,-0.003392822903275361,4.3444157428740304e-05,-4.3444157428740304e-05,-0.006829089963979351,,,A2_group,0.985,0.99,1.03,Screened,fast metric pass; detailed slices computed for top candidates only
A2_group_0.985_0.995_0.970,0.6057173416242977,0.8685464093123675,0.1314535906876325,0.34288827393622795,,,-0.006050014848428931,-0.0014822678165218317,0.001482267816521804,-0.010617761880335863,,,A2_group,0.985,0.995,0.97,Screened,fast metric pass; detailed slices computed for top candidates only
A2_group_0.985_0.995_0.975,0.605900866338087,0.868716201418691,0.13128379858130904,0.34308553125748303,,,-0.005866490134639579,-0.0013124757101983242,0.001312475710198352,-0.010420504559080779,,,A2_group,0.985,0.995,0.975,Screened,fast metric pass; detailed slices computed for top candidates only
A2_group_0.985_0.995_0.980,0.6063149104862539,0.8688779821857247,0.13112201781427538,0.343751838786783,,,-0.005452445986472765,-0.0011506949431646651,0.001150694943164693,-0.009754197029780809,,,A2_group,0.985,0.995,0.98,Screened,fast metric pass; detailed slices computed for top candidates only
A2_group_0.985_0.995_0.985,0.6067305342699278,0.8690330930633223,0.13096690693667767,0.34442797547653337,,,-0.005036822202798774,-0.00099558406556699,0.00099558406556699,-0.009078060340030447,,,A2_group,0.985,0.995,0.985,Screened,fast metric pass; detailed slices computed for top candidates only
A2_group_0.985_0.995_0.990,0.6071120368476758,0.869182359792763,0.13081764020723702,0.3450417139025886,,,-0.0046553196250508355,-0.0008463173361262788,0.0008463173361263343,-0.008464321913975226,,,A2_group,0.985,0.995,0.99,Screened,fast metric pass; detailed slices computed for top candidates only
A2_group_0.985_0.995_0.995,0.6073734292585264,0.8693254126057899,0.1306745873942101,0.34542144591126295,,,-0.004393927214200177,-0.0007032645230994339,0.0007032645230994061,-0.008084589905300865,,,A2_group,0.985,0.995,0.995,Screened,fast metric pass; detailed slices computed for top candidates only
A2_group_0.985_0.995_1.000,0.6075932797938021,0.869461084286214,0.13053891571378592,0.3457254753013901,,,-0.004174076678924554,-0.0005675928426752685,0.0005675928426752408,-0.007780560515173729,,,A2_group,0.985,0.995,1.0,Screened,fast metric pass; detailed slices computed for top candidates only
A2_group_0.985_0.995_1.005,0.6077800412931624,0.8695885413645864,0.1304114586354136,0.3459715412217385,,,-0.003987315179564188,-0.0004401357643029069,0.0004401357643029069,-0.007534494594825303,,,A2_group,0.985,0.995,1.005,Screened,fast metric pass; detailed slices computed for top candidates only
A2_group_0.985_0.995_1.010,0.6081587515604149,0.8697093233453839,0.13029067665461616,0.3466081797754459,,,-0.0036086049123117414,-0.0003193537835054494,0.00031935378350547716,-0.006897856041117922,,,A2_group,0.985,0.995,1.01,Screened,fast metric pass; detailed slices computed for top candidates only
A2_group_0.985_0.995_1.015,0.6084146064855964,0.8698234064244221,0.13017659357557784,0.34700580654677077,,,-0.003352749987130199,-0.00020527070446718643,0.00020527070446715867,-0.006500229269793045,,,A2_group,0.985,0.995,1.015,Screened,fast metric pass; detailed slices computed for top candidates only
A2_group_0.985_0.995_1.020,0.6084830979751719,0.8699308760077931,0.13006912399220696,0.34703531994255066,,,-0.0032842584975547595,-9.780112109625261e-05,9.780112109628036e-05,-0.006470715874013155,,,A2_group,0.985,0.995,1.02,Screened,fast metric pass; detailed slices computed for top candidates only
A2_group_0.985_0.995_1.025,0.6088898767852966,0.8700305882874798,0.1299694117125202,0.34774916528311334,,,-0.002877479687430018,1.9111585904951767e-06,-1.9111585904951767e-06,-0.0057568705334504755,,,A2_group,0.985,0.995,1.025,Screened,fast metric pass; detailed slices computed for top candidates only
A2_group_0.985_0.995_1.030,0.609077013799479,0.8701247444727752,0.12987525552722476,0.34802928312618264,,,-0.0026903426732476365,9.606734388589722e-05,-9.606734388592497e-05,-0.00547675269038117,,,A2_group,0.985,0.995,1.03,Screened,fast metric pass; detailed slices computed for top candidates only
A2_group_0.985_1.000_0.970,0.606438220797351,0.8685829620248747,0.13141703797512524,0.3442934795698272,,,-0.005329135675375629,-0.0014457151040145888,0.001445715104014561,-0.009212556246736614,,,A2_group,0.985,1.0,0.97,Screened,fast metric pass; detailed slices computed for top candidates only
A2_group_0.985_1.000_0.975,0.6066217455111402,0.8687527541311982,0.1312472458688018,0.34449073689108234,,,-0.005145610961586389,-0.0012759229976910813,0.001275922997691109,-0.009015298925481474,,,A2_group,0.985,1.0,0.975,Screened,fast metric pass; detailed slices computed for top candidates only
A2_group_0.985_1.000_0.980,0.607035789659307,0.8689145348982319,0.13108546510176813,0.34515704442038225,,,-0.004731566813419574,-0.0011141422306574222,0.00111414223065745,-0.00834899139618156,,,A2_group,0.985,1.0,0.98,Screened,fast metric pass; detailed slices computed for top candidates only
A2_group_0.985_1.000_0.985,0.6074514134429811,0.8690696457758296,0.13093035422417043,0.34583318111013267,,,-0.004315943029745473,-0.0009590313530597472,0.0009590313530597472,-0.0076728547064311425,,,A2_group,0.985,1.0,0.985,Screened,fast metric pass; detailed slices computed for top candidates only
A2_group_0.985_1.000_0.990,0.6078329160207291,0.8692189125052703,0.13078108749472975,0.3464469195361879,,,-0.003934440451997534,-0.0008097646236190359,0.0008097646236190637,-0.007059116280375921,,,A2_group,0.985,1.0,0.99,Screened,fast metric pass; detailed slices computed for top candidates only
A2_group_0.985_1.000_0.995,0.6080943084315796,0.8693619653182971,0.13063803468170285,0.3468266515448622,,,-0.003673048041146987,-0.000666711810592191,0.0006667118105921632,-0.006679384271701616,,,A2_group,0.985,1.0,0.995,Screened,fast metric pass; detailed slices computed for top candidates only
A2_group_0.985_1.000_1.000,0.6083141589668554,0.8694976369987213,0.13050236300127865,0.3471306809349894,,,-0.0034531975058712527,-0.0005310401301680256,0.0005310401301679701,-0.006375354881574424,,,A2_group,0.985,1.0,1.0,Screened,fast metric pass; detailed slices computed for top candidates only
A2_group_0.985_1.000_1.005,0.6085009204662157,0.8696250940770937,0.13037490592290632,0.34737674685533776,,,-0.0032664360065108866,-0.000403583051795664,0.00040358305179563625,-0.006129288961226054,,,A2_group,0.985,1.0,1.005,Screened,fast metric pass; detailed slices computed for top candidates only
A2_group_0.985_1.000_1.010,0.6088796307334682,0.8697458760578911,0.13025412394210892,0.3480133854090452,,,-0.00288772573925844,-0.0002828010709982065,0.00028280107099823426,-0.005492650407518618,,,A2_group,0.985,1.0,1.01,Screened,fast metric pass; detailed slices computed for top candidates only
A2_group_0.985_1.000_1.015,0.6091354856586497,0.8698599591369294,0.1301400408630706,0.34841101218037007,,,-0.0026318708140768976,-0.00016871799195994353,0.00016871799195991577,-0.005095023636193741,,,A2_group,0.985,1.0,1.015,Screened,fast metric pass; detailed slices computed for top candidates only
A2_group_0.985_1.000_1.020,0.6092039771482252,0.8699674287203003,0.13003257127969972,0.34844052557614996,,,-0.002563379324501458,-6.12484085890097e-05,6.124840858903746e-05,-0.005065510240413851,,,A2_group,0.985,1.0,1.02,Screened,fast metric pass; detailed slices computed for top candidates only
A2_group_0.985_1.000_1.025,0.6096107559583499,0.870067140999987,0.12993285900001292,0.34915437091671264,,,-0.0021566005143767164,3.846387109773808e-05,-3.8463871097765834e-05,-0.004351664899851171,,,A2_group,0.985,1.0,1.025,Screened,fast metric pass; detailed slices computed for top candidates only
A2_group_0.985_1.000_1.030,0.6097978929725322,0.8701612971852825,0.12983870281471752,0.34943448875978195,,,-0.001969463500194446,0.00013262005639314012,-0.00013262005639316787,-0.004071547056781866,,,A2_group,0.985,1.0,1.03,Screened,fast metric pass; detailed slices computed for top candidates only
A2_group_0.985_1.005_0.970,0.6068851180274741,0.8685994259886384,0.13140057401136165,0.34517081006630984,,,-0.004882238445252485,-0.0014292511402509422,0.00142925114025097,-0.008335225750253972,,,A2_group,0.985,1.005,0.97,Screened,fast metric pass; detailed slices computed for top candidates only
A2_group_0.985_1.005_0.975,0.6070686427412634,0.8687692180949618,0.13123078190503823,0.3453680673875649,,,-0.004698713731463244,-0.0012594590339275458,0.0012594590339275458,-0.008137968428998887,,,A2_group,0.985,1.005,0.975,Screened,fast metric pass; detailed slices computed for top candidates only
A2_group_0.985_1.005_0.980,0.6074826868894301,0.8689309988619954,0.13106900113800454,0.3460343749168648,,,-0.004284669583296541,-0.0010976782668938867,0.001097678266893859,-0.007471660899699029,,,A2_group,0.985,1.005,0.98,Screened,fast metric pass; detailed slices computed for top candidates only
A2_group_0.985_1.005_0.985,0.6078983106731042,0.8690861097395931,0.13091389026040687,0.3467105116066152,,,-0.0038690457996224392,-0.0009425673892962116,0.0009425673892961839,-0.006795524209948611,,,A2_group,0.985,1.005,0.985,Screened,fast metric pass; detailed slices computed for top candidates only
A2_group_0.985_1.005_0.990,0.6082798132508521,0.8692353764690338,0.13076462353096618,0.3473242500326705,,,-0.0034875432218745006,-0.0007933006598555004,0.0007933006598555004,-0.006181785783893334,,,A2_group,0.985,1.005,0.99,Screened,fast metric pass; detailed slices computed for top candidates only
A2_group_0.985_1.005_0.995,0.6085412056617028,0.8693784292820608,0.13062157071793926,0.3477039820413448,,,-0.0032261508110238424,-0.0006502478468285444,0.0006502478468285722,-0.005802053775219029,,,A2_group,0.985,1.005,0.995,Screened,fast metric pass; detailed slices computed for top candidates only
A2_group_0.985_1.005_1.000,0.6087610561969785,0.8695141009624849,0.1304858990375151,0.34800801143147203,,,-0.0030063002757481083,-0.0005145761664043791,0.0005145761664044068,-0.005498024385091782,,,A2_group,0.985,1.005,1.0,Screened,fast metric pass; detailed slices computed for top candidates only
A2_group_0.985_1.005_1.005,0.6089478176963388,0.8696415580408572,0.13035844195914276,0.34825407735182035,,,-0.0028195387763878532,-0.00038711908803212847,0.00038711908803207296,-0.005251958464743467,,,A2_group,0.985,1.005,1.005,Screened,fast metric pass; detailed slices computed for top candidates only
A2_group_0.985_1.005_1.010,0.6093265279635912,0.8697623400216546,0.13023765997834535,0.3488907159055277,,,-0.0024408285091354065,-0.00026633710723467097,0.00026633710723467097,-0.0046153199110360865,,,A2_group,0.985,1.005,1.01,Screened,fast metric pass; detailed slices computed for top candidates only
A2_group_0.985_1.005_1.015,0.6095823828887728,0.869876423100693,0.130123576899307,0.34928834267685255,,,-0.002184973583953864,-0.00015225402819629696,0.00015225402819632472,-0.004217693139711265,,,A2_group,0.985,1.005,1.015,Screened,fast metric pass; detailed slices computed for top candidates only
A2_group_0.985_1.005_1.020,0.6096508743783482,0.8699838926840638,0.13001610731593616,0.34931785607263244,,,-0.0021164820943784246,-4.478444482547417e-05,4.478444482547417e-05,-0.004188179743931375,,,A2_group,0.985,1.005,1.02,Screened,fast metric pass; detailed slices computed for top candidates only
A2_group_0.985_1.005_1.025,0.6100576531884729,0.8700836049637506,0.12991639503624935,0.35003170141319523,,,-0.001709703284253683,5.492783486127362e-05,-5.492783486132913e-05,-0.003474334403368584,,,A2_group,0.985,1.005,1.025,Screened,fast metric pass; detailed slices computed for top candidates only
A2_group_0.985_1.005_1.030,0.6102447902026553,0.8701777611490461,0.12982223885095392,0.3503118192562645,,,-0.0015225662700713016,0.00014908402015678668,-0.00014908402015675892,-0.0031942165602993344,,,A2_group,0.985,1.005,1.03,Screened,fast metric pass; detailed slices computed for top candidates only
A2_group_0.985_1.010_0.970,0.6073827255005134,0.8685980945091374,0.13140190549086264,0.3461673564918895,,,-0.004384630972213199,-0.00143058261975193,0.0014305826197519578,-0.007338679324674302,,,A2_group,0.985,1.01,0.97,Screened,fast metric pass; detailed slices computed for top candidates only
A2_group_0.985_1.010_0.975,0.6075662502143027,0.8687678866154608,0.1312321133845392,0.34636461381314465,,,-0.004201106258423959,-0.0012607905134285335,0.0012607905134285058,-0.007141422003419162,,,A2_group,0.985,1.01,0.975,Screened,fast metric pass; detailed slices computed for top candidates only
A2_group_0.985_1.010_0.980,0.6079802943624695,0.8689296673824944,0.13107033261750553,0.34703092134244456,,,-0.0037870621102571445,-0.0010990097463948745,0.0010990097463948467,-0.006475114474119248,,,A2_group,0.985,1.01,0.98,Screened,fast metric pass; detailed slices computed for top candidates only
A2_group_0.985_1.010_0.985,0.6083959181461436,0.8690847782600921,0.13091522173990786,0.347707058032195,,,-0.0033714383265830428,-0.0009438988687971994,0.0009438988687971717,-0.005798977784368831,,,A2_group,0.985,1.01,0.985,Screened,fast metric pass; detailed slices computed for top candidates only
A2_group_0.985_1.010_0.990,0.6087774207238915,0.8692340449895328,0.13076595501046717,0.3483207964582502,,,-0.002989935748835104,-0.0007946321393564881,0.0007946321393564881,-0.005185239358313609,,,A2_group,0.985,1.01,0.99,Screened,fast metric pass; detailed slices computed for top candidates only
A2_group_0.985_1.010_0.995,0.6090388131347422,0.8693770978025598,0.13062290219744024,0.3487005284669245,,,-0.002728543337984446,-0.0006515793263295322,0.00065157932632956,-0.004805507349639304,,,A2_group,0.985,1.01,0.995,Screened,fast metric pass; detailed slices computed for top candidates only
A2_group_0.985_1.010_1.000,0.6092586636700178,0.869512769482984,0.13048723051701605,0.3490045578570517,,,-0.002508692802708823,-0.0005159076459053669,0.0005159076459053669,-0.004501477959512112,,,A2_group,0.985,1.01,1.0,Screened,fast metric pass; detailed slices computed for top candidates only
A2_group_0.985_1.010_1.005,0.6094454251693782,0.8696402265613563,0.13035977343864372,0.34925062377740007,,,-0.0023219313033484568,-0.0003884505675330052,0.000388450567533033,-0.004255412039163742,,,A2_group,0.985,1.01,1.005,Screened,fast metric pass; detailed slices computed for top candidates only
A2_group_0.985_1.010_1.010,0.6098241354366306,0.8697610085421537,0.13023899145784634,0.3498872623311075,,,-0.00194322103609601,-0.00026766858673565874,0.00026766858673565874,-0.003618773485456306,,,A2_group,0.985,1.01,1.01,Screened,fast metric pass; detailed slices computed for top candidates only
A2_group_0.985_1.010_1.015,0.6100799903618122,0.869875091621192,0.130124908378808,0.3502848891024324,,,-0.0016873661109144678,-0.00015358550769728474,0.0001535855076973125,-0.0032211467141314287,,,A2_group,0.985,1.01,1.015,Screened,fast metric pass; detailed slices computed for top candidates only
A2_group_0.985_1.010_1.020,0.6101484818513876,0.8699825612045629,0.13001743879543715,0.3503144024982123,,,-0.0016188746213390282,-4.6115924326461943e-05,4.6115924326461943e-05,-0.003191633318351539,,,A2_group,0.985,1.01,1.02,Screened,fast metric pass; detailed slices computed for top candidates only
A2_group_0.985_1.010_1.025,0.6105552606615123,0.8700822734842497,0.12991772651575031,0.35102824783877495,,,-0.0012120958112142866,5.3596355360396863e-05,-5.359635536036911e-05,-0.002477787977788859,,,A2_group,0.985,1.01,1.025,Screened,fast metric pass; detailed slices computed for top candidates only
A2_group_0.985_1.010_1.030,0.6107423976756947,0.8701764296695451,0.1298235703304549,0.35130836568184426,,,-0.0010249587970319052,0.0001477525406557989,-0.00014775254065577115,-0.0021976701347195537,,,A2_group,0.985,1.01,1.03,Screened,fast metric pass; detailed slices computed for top candidates only
A2_group_0.985_1.015_0.970,0.6080403741355678,0.8685750580669739,0.1314249419330261,0.3475056902041618,,,-0.003726982337158846,-0.0014536190619154343,0.0014536190619154066,-0.006000345612402036,,,A2_group,0.985,1.015,0.97,Screened,fast metric pass; detailed slices computed for top candidates only
A2_group_0.985_1.015_0.975,0.6082238988493571,0.8687448501732973,0.13125514982670267,0.3477029475254169,,,-0.0035434576233694948,-0.0012838269555920379,0.0012838269555919823,-0.005803088291146896,,,A2_group,0.985,1.015,0.975,Screened,fast metric pass; detailed slices computed for top candidates only
A2_group_0.985_1.015_0.980,0.6086379429975239,0.868906630940331,0.13109336905966898,0.3483692550547168,,,-0.0031294134752026803,-0.0011220461885582678,0.0011220461885582955,-0.005136780761847037,,,A2_group,0.985,1.015,0.98,Screened,fast metric pass; detailed slices computed for top candidates only
A2_group_0.985_1.015_0.985,0.6090535667811979,0.8690617418179287,0.1309382581820713,0.3490453917444672,,,-0.0027137896915286897,-0.0009669353109605927,0.0009669353109606205,-0.00446064407209662,,,A2_group,0.985,1.015,0.985,Screened,fast metric pass; detailed slices computed for top candidates only
A2_group_0.985_1.015_0.990,0.6094350693589459,0.8692110085473693,0.13078899145263065,0.34965913017052247,,,-0.002332287113780751,-0.0008176685815199924,0.0008176685815199647,-0.003846905646041343,,,A2_group,0.985,1.015,0.99,Screened,fast metric pass; detailed slices computed for top candidates only
A2_group_0.985_1.015_0.995,0.6096964617697965,0.8693540613603963,0.13064593863960372,0.3500388621791968,,,-0.002070894702930093,-0.0006746157684930365,0.0006746157684930365,-0.003467173637367038,,,A2_group,0.985,1.015,0.995,Screened,fast metric pass; detailed slices computed for top candidates only
A2_group_0.985_1.015_1.000,0.6099163123050722,0.8694897330408204,0.13051026695917953,0.3503428915693239,,,-0.0018510441676544698,-0.0005389440880688712,0.0005389440880688434,-0.003163144247239902,,,A2_group,0.985,1.015,1.0,Screened,fast metric pass; detailed slices computed for top candidates only
A2_group_0.985_1.015_1.005,0.6101030738044325,0.8696171901191928,0.1303828098808072,0.3505889574896723,,,-0.0016642826682941037,-0.00041148700969650953,0.00041148700969650953,-0.0029170783268915312,,,A2_group,0.985,1.015,1.005,Screened,fast metric pass; detailed slices computed for top candidates only
A2_group_0.985_1.015_1.010,0.610481784071685,0.8697379720999902,0.13026202790000982,0.35122559604337966,,,-0.001285572401041657,-0.00029070502889916305,0.0002907050288991353,-0.002280439773184151,,,A2_group,0.985,1.015,1.01,Screened,fast metric pass; detailed slices computed for top candidates only
A2_group_0.985_1.015_1.015,0.6107376389968665,0.8698520551790285,0.13014794482097147,0.35162322281470454,,,-0.0010297174758601146,-0.00017662194986078905,0.00017662194986078905,-0.0018828130018592737,,,A2_group,0.985,1.015,1.015,Screened,fast metric pass; detailed slices computed for top candidates only
A2_group_0.985_1.015_1.020,0.6108061304864418,0.8699595247623993,0.13004047523760062,0.35165273621048443,,,-0.0009612259862847861,-6.915236648996625e-05,6.91523664899385e-05,-0.0018532996060793838,,,A2_group,0.985,1.015,1.02,Screened,fast metric pass; detailed slices computed for top candidates only
A2_group_0.985_1.015_1.025,0.6112129092965667,0.8700592370420862,0.1299407629579138,0.3523665815510471,,,-0.0005544471761599334,3.055991319689255e-05,-3.055991319689255e-05,-0.001139454265516704,,,A2_group,0.985,1.015,1.025,Screened,fast metric pass; detailed slices computed for top candidates only
A2_group_0.985_1.015_1.030,0.6114000463107491,0.8701533932273816,0.12984660677261836,0.35264669939411647,,,-0.00036731016197755206,0.0001247160984922946,-0.00012471609849232235,-0.0008593364224473432,,,A2_group,0.985,1.015,1.03,Screened,fast metric pass; detailed slices computed for top candidates only
A2_group_0.985_1.020_0.970,0.6083789950041956,0.8685344263511816,0.13146557364881842,0.34822356365720947,,,-0.0033883614685310537,-0.0014942507777077063,0.001494250777707734,-0.0052824721593543456,,,A2_group,0.985,1.02,0.97,Screened,fast metric pass; detailed slices computed for top candidates only
A2_group_0.985_1.020_0.975,0.6085625197179848,0.868704218457505,0.131295781542495,0.34842082097846455,,,-0.0032048367547418133,-0.0013244586713843098,0.0013244586713843098,-0.005085214838099261,,,A2_group,0.985,1.02,0.975,Screened,fast metric pass; detailed slices computed for top candidates only
A2_group_0.985_1.020_0.980,0.6089765638661516,0.8688659992245387,0.1311340007754613,0.3490871285077645,,,-0.002790792606574999,-0.0011626779043506508,0.001162677904350623,-0.004418907308799291,,,A2_group,0.985,1.02,0.98,Screened,fast metric pass; detailed slices computed for top candidates only
A2_group_0.985_1.020_0.985,0.6093921876498256,0.8690211101021363,0.13097888989786363,0.3497632651975149,,,-0.002375168822901008,-0.0010075670267529757,0.001007567026752948,-0.0037427706190489296,,,A2_group,0.985,1.02,0.985,Screened,fast metric pass; detailed slices computed for top candidates only
A2_group_0.985_1.020_0.990,0.6097736902275736,0.869170376831577,0.13082962316842295,0.3503770036235701,,,-0.0019936662451530696,-0.0008583002973122644,0.0008583002973122644,-0.003129032192993708,,,A2_group,0.985,1.02,0.99,Screened,fast metric pass; detailed slices computed for top candidates only
A2_group_0.985_1.020_0.995,0.6100350826384242,0.869313429644604,0.13068657035539602,0.35075673563224447,,,-0.0017322738343024113,-0.0007152474842853085,0.0007152474842853362,-0.0027493001843193476,,,A2_group,0.985,1.02,0.995,Screened,fast metric pass; detailed slices computed for top candidates only
A2_group_0.985_1.020_1.000,0.6102549331736999,0.8694491013250282,0.13055089867497185,0.3510607650223716,,,-0.0015124232990266773,-0.0005795758038611432,0.0005795758038611709,-0.0024452707941922114,,,A2_group,0.985,1.02,1.0,Screened,fast metric pass; detailed slices computed for top candidates only
A2_group_0.985_1.020_1.005,0.6104416946730603,0.8695765584034005,0.13042344159659952,0.35130683094272,,,-0.0013256617996663111,-0.0004521187254887815,0.000452118725488837,-0.0021992048738437853,,,A2_group,0.985,1.02,1.005,Screened,fast metric pass; detailed slices computed for top candidates only
A2_group_0.985_1.020_1.010,0.6108204049403126,0.8696973403841979,0.13030265961580212,0.3519434694964274,,,-0.0009469515324139754,-0.00033133674469143504,0.00033133674469143504,-0.0015625663201364048,,,A2_group,0.985,1.02,1.01,Screened,fast metric pass; detailed slices computed for top candidates only
A2_group_0.985_1.020_1.015,0.6110762598654943,0.8698114234632363,0.13018857653676377,0.3523410962677523,,,-0.0006910966072323221,-0.00021725366565306103,0.0002172536656530888,-0.0011649395488115277,,,A2_group,0.985,1.02,1.015,Screened,fast metric pass; detailed slices computed for top candidates only
A2_group_0.985_1.020_1.020,0.6111447513550696,0.8699188930466071,0.13008110695339292,0.3523706096635322,,,-0.0006226051176569936,-0.00010978408228223824,0.00010978408228223824,-0.0011354261530316379,,,A2_group,0.985,1.02,1.02,Screened,fast metric pass; detailed slices computed for top candidates only
A2_group_0.985_1.020_1.025,0.6115515301651944,0.8700186053262939,0.12998139467370612,0.35308445500409485,,,-0.00021582630753225196,-1.0071802595379431e-05,1.0071802595434942e-05,-0.00042158081246895796,,,A2_group,0.985,1.02,1.025,Screened,fast metric pass; detailed slices computed for top candidates only
A2_group_0.985_1.020_1.030,0.6117386671793767,0.8701127615115893,0.1298872384884107,0.35336457284716416,,,-2.868929334987058e-05,8.408438270002261e-05,-8.408438269999485e-05,-0.00014146296939965275,,,A2_group,0.985,1.02,1.03,Screened,fast metric pass; detailed slices computed for top candidates only
A2_group_0.985_1.025_0.970,0.608352156704371,0.868477582009472,0.131522417990528,0.34822673139926996,,,-0.0034151997683555813,-0.0015510951194173117,0.0015510951194173117,-0.005279304417293851,,,A2_group,0.985,1.025,0.97,Screened,fast metric pass; detailed slices computed for top candidates only
A2_group_0.985_1.025_0.975,0.6085356814181603,0.8686473741157954,0.13135262588420457,0.3484239887205251,,,-0.003231675054566341,-0.0013813030130939152,0.0013813030130938875,-0.005082047096038711,,,A2_group,0.985,1.025,0.975,Screened,fast metric pass; detailed slices computed for top candidates only
A2_group_0.985_1.025_0.980,0.6089497255663271,0.8688091548828292,0.13119084511717088,0.349090296249825,,,-0.0028176309063995264,-0.0012195222460601451,0.0012195222460602007,-0.004415739566738797,,,A2_group,0.985,1.025,0.98,Screened,fast metric pass; detailed slices computed for top candidates only
A2_group_0.985_1.025_0.985,0.6093653493500011,0.8689642657604268,0.13103573423957318,0.3497664329395754,,,-0.0024020071227255357,-0.00106441136846247,0.0010644113684624978,-0.003739602876988435,,,A2_group,0.985,1.025,0.985,Screened,fast metric pass; detailed slices computed for top candidates only
A2_group_0.985_1.025_0.990,0.609746851927749,0.8691135324898674,0.13088646751013253,0.35038017136563065,,,-0.002020504544977597,-0.0009151446390218698,0.0009151446390218421,-0.003125864450933158,,,A2_group,0.985,1.025,0.99,Screened,fast metric pass; detailed slices computed for top candidates only
A2_group_0.985_1.025_0.995,0.6100082443385997,0.8692565853028944,0.1307434146971056,0.35075990337430496,,,-0.001759112134126939,-0.0007720918259949139,0.0007720918259949139,-0.002746132442258853,,,A2_group,0.985,1.025,0.995,Screened,fast metric pass; detailed slices computed for top candidates only
A2_group_0.985_1.025_1.000,0.6102280948738753,0.8693922569833186,0.1306077430166814,0.3510639327644321,,,-0.0015392615988513159,-0.0006364201455707486,0.0006364201455707208,-0.0024421030521317166,,,A2_group,0.985,1.025,1.0,Screened,fast metric pass; detailed slices computed for top candidates only
A2_group_0.985_1.025_1.005,0.6104148563732357,0.8695197140616909,0.1304802859383091,0.3513099986847805,,,-0.0013525000994909497,-0.0005089630671983869,0.0005089630671984147,-0.0021960371317832905,,,A2_group,0.985,1.025,1.005,Screened,fast metric pass; detailed slices computed for top candidates only
A2_group_0.985_1.025_1.010,0.6107935666404881,0.8696404960424883,0.1303595039575117,0.3519466372384879,,,-0.000973789832238503,-0.00038818108640104043,0.0003881810864010127,-0.00155939857807591,,,A2_group,0.985,1.025,1.01,Screened,fast metric pass; detailed slices computed for top candidates only
A2_group_0.985_1.025_1.015,0.6110494215656698,0.8697545791215266,0.13024542087847335,0.35234426400981284,,,-0.0007179349070568497,-0.00027409800736266643,0.00027409800736266643,-0.0011617718067509775,,,A2_group,0.985,1.025,1.015,Screened,fast metric pass; detailed slices computed for top candidates only
A2_group_0.985_1.025_1.020,0.6111179130552451,0.8698620487048975,0.1301379512951025,0.35237377740559267,,,-0.0006494434174815211,-0.00016662842399184363,0.00016662842399181588,-0.001132258410971143,,,A2_group,0.985,1.025,1.02,Screened,fast metric pass; detailed slices computed for top candidates only
A2_group_0.985_1.025_1.025,0.6115246918653698,0.8699617609845843,0.1300382390154157,0.3530876227461554,,,-0.00024266460735677953,-6.691614430498483e-05,6.691614430501258e-05,-0.0004184130704084077,,,A2_group,0.985,1.025,1.025,Screened,fast metric pass; detailed slices computed for top candidates only
A2_group_0.985_1.025_1.030,0.6117118288795522,0.8700559171698797,0.12994408283012027,0.35336774058922465,,,-5.552759317439815e-05,2.7240040990417214e-05,-2.7240040990417214e-05,-0.000138295227339158,,,A2_group,0.985,1.025,1.03,Screened,fast metric pass; detailed slices computed for top candidates only
A2_group_0.985_1.030_0.970,0.6085907191432608,0.8684067767624843,0.13159322323751566,0.3487746615240372,,,-0.0031766373294658257,-0.0016219003664049714,0.0016219003664049714,-0.0047313742925266244,,,A2_group,0.985,1.03,0.97,Screened,fast metric pass; detailed slices computed for top candidates only
A2_group_0.985_1.030_0.975,0.60877424385705,0.8685765688688077,0.13142343113119223,0.3489719188452923,,,-0.0029931126156765853,-0.001452108260081575,0.0014521082600815471,-0.00453411697127154,,,A2_group,0.985,1.03,0.975,Screened,fast metric pass; detailed slices computed for top candidates only
A2_group_0.985_1.030_0.980,0.6091882880052167,0.8687383496358414,0.13126165036415857,0.34963822637459213,,,-0.002579068467509882,-0.0012903274930479158,0.001290327493047888,-0.0038678094419716813,,,A2_group,0.985,1.03,0.98,Screened,fast metric pass; detailed slices computed for top candidates only
A2_group_0.985_1.030_0.985,0.609603911788891,0.8688934605134392,0.13110653948656084,0.3503143630643426,,,-0.002163444683835669,-0.0011352166154501298,0.0011352166154501575,-0.0031916727522212085,,,A2_group,0.985,1.03,0.985,Screened,fast metric pass; detailed slices computed for top candidates only
A2_group_0.985_1.030_0.990,0.6099854143666388,0.8690427272428798,0.13095727275712019,0.3509281014903978,,,-0.0017819421060878415,-0.0009859498860095295,0.0009859498860095017,-0.002577934326165987,,,A2_group,0.985,1.03,0.99,Screened,fast metric pass; detailed slices computed for top candidates only
A2_group_0.985_1.030_0.995,0.6102468067774894,0.8691857800559067,0.13081421994409326,0.3513078334990722,,,-0.0015205496952371833,-0.0008428970729825735,0.0008428970729825735,-0.0021982023174916265,,,A2_group,0.985,1.03,0.995,Screened,fast metric pass; detailed slices computed for top candidates only
A2_group_0.985_1.030_1.000,0.6104666573127651,0.8693214517363309,0.1306785482636691,0.3516118628891993,,,-0.0013006991599615603,-0.0007072253925584082,0.0007072253925584082,-0.0018941729273644903,,,A2_group,0.985,1.03,1.0,Screened,fast metric pass; detailed slices computed for top candidates only
A2_group_0.985_1.030_1.005,0.6106534188121254,0.8694489088147033,0.13055109118529676,0.35185792880954764,,,-0.0011139376606011941,-0.0005797683141860466,0.0005797683141860743,-0.0016481070070161752,,,A2_group,0.985,1.03,1.005,Screened,fast metric pass; detailed slices computed for top candidates only
A2_group_0.985_1.030_1.010,0.6110321290793779,0.8695696907955006,0.13043030920449936,0.3524945673632551,,,-0.0007352273933487474,-0.0004589863333887001,0.00045898633338867234,-0.0010114684533087392,,,A2_group,0.985,1.03,1.01,Screened,fast metric pass; detailed slices computed for top candidates only
A2_group_0.985_1.030_1.015,0.6112879840045595,0.869683773874539,0.13031622612546104,0.35289219413457995,,,-0.0004793724681670941,-0.0003449032543503261,0.00034490325435035385,-0.0006138416819838621,,,A2_group,0.985,1.03,1.015,Screened,fast metric pass; detailed slices computed for top candidates only
A2_group_0.985_1.030_1.020,0.6113564754941349,0.8697912434579098,0.13020875654209016,0.35292170753035984,,,-0.00041088097859176553,-0.0002374336709795033,0.00023743367097947554,-0.0005843282862039723,,,A2_group,0.985,1.03,1.02,Screened,fast metric pass; detailed slices computed for top candidates only
A2_group_0.985_1.030_1.025,0.6117632543042596,0.8698909557375967,0.13010904426240336,0.3536355528709225,,,-4.102168467023937e-06,-0.0001377213912926445,0.00013772139129267225,0.00012951705435870764,,,A2_group,0.985,1.03,1.025,Screened,fast metric pass; detailed slices computed for top candidates only
A2_group_0.985_1.030_1.030,0.611950391318442,0.8699851119228921,0.13001488807710793,0.3539156707139919,,,0.00018303484571535744,-4.356520599724245e-05,4.356520599724245e-05,0.00040963489742806836,,,A2_group,0.985,1.03,1.03,Screened,fast metric pass; detailed slices computed for top candidates only
A2_group_0.990_0.970_0.970,0.60210088795083,0.8682967229415565,0.1317032770584435,0.33590505296010376,,,-0.009666468521896565,-0.0017319541873328514,0.0017319541873328237,-0.017600982856460057,,,A2_group,0.99,0.97,0.97,Screened,fast metric pass; detailed slices computed for top candidates only
A2_group_0.990_0.970_0.975,0.6022844126646193,0.8684665150478799,0.13153348495212008,0.3361023102813588,,,-0.009482943808107325,-0.001562162081009455,0.0015621620810093995,-0.017403725535205028,,,A2_group,0.99,0.97,0.975,Screened,fast metric pass; detailed slices computed for top candidates only
A2_group_0.990_0.970_0.980,0.6026984568127861,0.8686282958149136,0.1313717041850864,0.33676861781065864,,,-0.00906889965994051,-0.0014003813139756849,0.0014003813139757126,-0.01673741800590517,,,A2_group,0.99,0.97,0.98,Screened,fast metric pass; detailed slices computed for top candidates only
A2_group_0.990_0.970_0.985,0.6031140805964602,0.8687834066925113,0.13121659330748872,0.3374447545004091,,,-0.008653275876266409,-0.0012452704363780098,0.0012452704363780376,-0.016061281316154696,,,A2_group,0.99,0.97,0.985,Screened,fast metric pass; detailed slices computed for top candidates only
A2_group_0.990_0.970_0.990,0.6034955831742082,0.8689326734219519,0.13106732657804807,0.33805849292646434,,,-0.00827177329851847,-0.0010960037069374096,0.0010960037069373818,-0.015447542890099475,,,A2_group,0.99,0.97,0.99,Screened,fast metric pass; detailed slices computed for top candidates only
A2_group_0.990_0.970_0.995,0.6037569755850588,0.8690757262349789,0.13092427376502114,0.3384382249351387,,,-0.008010380887667812,-0.0009529508939104536,0.0009529508939104536,-0.015067810881425114,,,A2_group,0.99,0.97,0.995,Screened,fast metric pass; detailed slices computed for top candidates only
A2_group_0.990_0.970_1.000,0.6039768261203344,0.869211397915403,0.13078860208459694,0.3387422543252659,,,-0.007790530352392189,-0.0008172792134862883,0.0008172792134862605,-0.014763781491297923,,,A2_group,0.99,0.97,1.0,Screened,fast metric pass; detailed slices computed for top candidates only
A2_group_0.990_0.970_1.005,0.6041635876196948,0.8693388549937754,0.1306611450062246,0.33898832024561426,,,-0.007603768853031823,-0.0006898221351139266,0.0006898221351139266,-0.014517715570949552,,,A2_group,0.99,0.97,1.005,Screened,fast metric pass; detailed slices computed for top candidates only
A2_group_0.990_0.970_1.010,0.6045422978869472,0.8694596369745727,0.13054036302542724,0.33962495879932164,,,-0.007225058585779376,-0.0005690401543165802,0.0005690401543165524,-0.013881077017242172,,,A2_group,0.99,0.97,1.01,Screened,fast metric pass; detailed slices computed for top candidates only
A2_group_0.990_0.970_1.015,0.6047981528121288,0.8695737200536111,0.1304262799463889,0.34002258557064646,,,-0.006969203660597834,-0.00045495707527820617,0.00045495707527820617,-0.01348345024591735,,,A2_group,0.99,0.97,1.015,Screened,fast metric pass; detailed slices computed for top candidates only
A2_group_0.990_0.970_1.020,0.6048666443017041,0.8696811896369819,0.13031881036301804,0.34005209896642635,,,-0.006900712171022505,-0.00034748749190738337,0.0003474874919073556,-0.01345393685013746,,,A2_group,0.99,0.97,1.02,Screened,fast metric pass; detailed slices computed for top candidates only
A2_group_0.990_0.970_1.025,0.605273423111829,0.8697809019166688,0.1302190980833312,0.3407659443069891,,,-0.006493933360897652,-0.00024777521222052457,0.00024777521222052457,-0.012740091509574725,,,A2_group,0.99,0.97,1.025,Screened,fast metric pass; detailed slices computed for top candidates only
A2_group_0.990_0.970_1.030,0.6054605601260112,0.8698750581019642,0.13012494189803578,0.3410460621500584,,,-0.006306796346715382,-0.00015361902692512253,0.00015361902692509477,-0.01245997366650542,,,A2_group,0.99,0.97,1.03,Screened,fast metric pass; detailed slices computed for top candidates only
A2_group_0.990_0.975_0.970,0.6035998547490848,0.8684189245041609,0.13158107549583906,0.33878078499400877,,,-0.008167501723641779,-0.0016097526247284,0.0016097526247283722,-0.014725250822555047,,,A2_group,0.99,0.975,0.97,Screened,fast metric pass; detailed slices computed for top candidates only
A2_group_0.990_0.975_0.975,0.6037833794628741,0.8685887166104844,0.1314112833895156,0.3389780423152638,,,-0.007983977009852539,-0.0014399605184048925,0.0014399605184049202,-0.014527993501300018,,,A2_group,0.99,0.975,0.975,Screened,fast metric pass; detailed slices computed for top candidates only
A2_group_0.990_0.975_0.980,0.6041974236110409,0.8687504973775181,0.13124950262248194,0.33964434984456365,,,-0.007569932861685724,-0.0012781797513712334,0.0012781797513712612,-0.01386168597200016,,,A2_group,0.99,0.975,0.98,Screened,fast metric pass; detailed slices computed for top candidates only
A2_group_0.990_0.975_0.985,0.6046130473947149,0.8689056082551158,0.13109439174488424,0.3403204865343141,,,-0.0071543090780117335,-0.0011230688737735584,0.0011230688737735584,-0.013185549282249687,,,A2_group,0.99,0.975,0.985,Screened,fast metric pass; detailed slices computed for top candidates only
A2_group_0.990_0.975_0.990,0.6049945499724628,0.8690548749845564,0.1309451250154436,0.34093422496036935,,,-0.006772806500263795,-0.0009738021443329581,0.0009738021443329026,-0.012571810856194465,,,A2_group,0.99,0.975,0.99,Screened,fast metric pass; detailed slices computed for top candidates only
A2_group_0.990_0.975_0.995,0.6052559423833135,0.8691979277975833,0.13080207220241666,0.3413139569690437,,,-0.006511414089413137,-0.0008307493313060021,0.0008307493313059744,-0.012192078847520105,,,A2_group,0.99,0.975,0.995,Screened,fast metric pass; detailed slices computed for top candidates only
A2_group_0.990_0.975_1.000,0.6054757929185892,0.8693335994780075,0.1306664005219925,0.3416179863591709,,,-0.006291563554137403,-0.0006950776508818368,0.0006950776508818091,-0.011888049457392913,,,A2_group,0.99,0.975,1.0,Screened,fast metric pass; detailed slices computed for top candidates only
A2_group_0.990_0.975_1.005,0.6056625544179496,0.8694610565563798,0.13053894344362016,0.34186405227951927,,,-0.0061048020547770365,-0.0005676205725094752,0.0005676205725094752,-0.011641983537044542,,,A2_group,0.99,0.975,1.005,Screened,fast metric pass; detailed slices computed for top candidates only
A2_group_0.990_0.975_1.010,0.606041264685202,0.8695818385371773,0.13041816146282273,0.34250069083322665,,,-0.00572609178752459,-0.0004468385917120177,0.00044683859171204543,-0.011005344983337162,,,A2_group,0.99,0.975,1.01,Screened,fast metric pass; detailed slices computed for top candidates only
A2_group_0.990_0.975_1.015,0.6062971196103835,0.8696959216162156,0.1303040783837844,0.3428983176045515,,,-0.0054702368623431585,-0.0003327555126737547,0.00033275551267372694,-0.01060771821201234,,,A2_group,0.99,0.975,1.015,Screened,fast metric pass; detailed slices computed for top candidates only
A2_group_0.990_0.975_1.020,0.6063656110999589,0.8698033911995865,0.13019660880041353,0.34292783100033136,,,-0.005401745372767719,-0.00022528592930282088,0.00022528592930284863,-0.01057820481623245,,,A2_group,0.99,0.975,1.02,Screened,fast metric pass; detailed slices computed for top candidates only
A2_group_0.990_0.975_1.025,0.6067723899100836,0.8699031034792732,0.13009689652072676,0.3436416763408941,,,-0.004994966562642977,-0.0001255736496160731,0.0001255736496160731,-0.009864359475669715,,,A2_group,0.99,0.975,1.025,Screened,fast metric pass; detailed slices computed for top candidates only
A2_group_0.990_0.975_1.030,0.606959526924266,0.8699972596645686,0.13000274033543133,0.3439217941839634,,,-0.004807829548460596,-3.141746432067105e-05,3.1417464320643296e-05,-0.00958424163260041,,,A2_group,0.99,0.975,1.03,Screened,fast metric pass; detailed slices computed for top candidates only
A2_group_0.990_0.980_0.970,0.6044134247011206,0.868524876120108,0.131475123879892,0.34030197328213313,,,-0.007353931771606037,-0.0015038010087813358,0.001503801008781308,-0.013204062534430683,,,A2_group,0.99,0.98,0.97,Screened,fast metric pass; detailed slices computed for top candidates only
A2_group_0.990_0.980_0.975,0.6045969494149099,0.8686946682264315,0.13130533177356854,0.34049923060338827,,,-0.007170407057816686,-0.0013340089024578283,0.001334008902457856,-0.013006805213175543,,,A2_group,0.99,0.98,0.975,Screened,fast metric pass; detailed slices computed for top candidates only
A2_group_0.990_0.980_0.980,0.6050109935630766,0.8688564489934651,0.13114355100653488,0.3411655381326882,,,-0.006756362909649982,-0.0011722281354241693,0.001172228135424197,-0.012340497683875629,,,A2_group,0.99,0.98,0.98,Screened,fast metric pass; detailed slices computed for top candidates only
A2_group_0.990_0.980_0.985,0.6054266173467507,0.8690115598710628,0.13098844012893718,0.3418416748224386,,,-0.0063407391259758805,-0.0010171172578264942,0.0010171172578264942,-0.011664360994125211,,,A2_group,0.99,0.98,0.985,Screened,fast metric pass; detailed slices computed for top candidates only
A2_group_0.990_0.980_0.990,0.6058081199244987,0.8691608266005035,0.13083917339949652,0.3424554132484938,,,-0.005959236548227942,-0.0008678505283857829,0.0008678505283858384,-0.01105062256806999,,,A2_group,0.99,0.98,0.99,Screened,fast metric pass; detailed slices computed for top candidates only
A2_group_0.990_0.980_0.995,0.6060695123353492,0.8693038794135304,0.1306961205864696,0.34283514525716813,,,-0.005697844137377395,-0.000724797715358938,0.0007247977153589102,-0.010670890559395685,,,A2_group,0.99,0.98,0.995,Screened,fast metric pass; detailed slices computed for top candidates only
A2_group_0.990_0.980_1.000,0.606289362870625,0.8694395510939545,0.13056044890604543,0.3431391746472953,,,-0.005477993602101661,-0.0005891260349347727,0.0005891260349347449,-0.010366861169268493,,,A2_group,0.99,0.98,1.0,Screened,fast metric pass; detailed slices computed for top candidates only
A2_group_0.990_0.980_1.005,0.6064761243699853,0.8695670081723269,0.1304329918276731,0.3433852405676437,,,-0.0052912321027412945,-0.000461668956562411,0.000461668956562411,-0.010120795248920122,,,A2_group,0.99,0.98,1.005,Screened,fast metric pass; detailed slices computed for top candidates only
A2_group_0.990_0.980_1.010,0.6068548346372378,0.8696877901531244,0.13031220984687567,0.3440218791213511,,,-0.004912521835488848,-0.0003408869757649535,0.0003408869757649813,-0.009484156695212687,,,A2_group,0.99,0.98,1.01,Screened,fast metric pass; detailed slices computed for top candidates only
A2_group_0.990_0.980_1.015,0.6071106895624193,0.8698018732321626,0.13019812676783735,0.344419505892676,,,-0.0046566669103073055,-0.00022680389672669055,0.0002268038967266628,-0.00908652992388781,,,A2_group,0.99,0.98,1.015,Screened,fast metric pass; detailed slices computed for top candidates only
A2_group_0.990_0.980_1.020,0.6071791810519948,0.8699093428155336,0.13009065718446647,0.3444490192884559,,,-0.004588175420731866,-0.00011933431335575673,0.00011933431335578448,-0.00905701652810792,,,A2_group,0.99,0.98,1.02,Screened,fast metric pass; detailed slices computed for top candidates only
A2_group_0.990_0.980_1.025,0.6075859598621194,0.8700090550952203,0.1299909449047797,0.3451628646290186,,,-0.004181396610607235,-1.9622033669008943e-05,1.9622033669008943e-05,-0.00834317118754524,,,A2_group,0.99,0.98,1.025,Screened,fast metric pass; detailed slices computed for top candidates only
A2_group_0.990_0.980_1.030,0.6077730968763018,0.8701032112805157,0.12989678871948426,0.3454429824720879,,,-0.003994259596424854,7.45341516263931e-05,-7.453415162642085e-05,-0.008063053344475934,,,A2_group,0.99,0.98,1.03,Screened,fast metric pass; detailed slices computed for top candidates only
A2_group_0.990_0.985_0.970,0.6051671087394358,0.8686128165550735,0.13138718344492656,0.34172140092379805,,,-0.0066002477332908205,-0.0014158605738158192,0.0014158605738158747,-0.011784634892765766,,,A2_group,0.99,0.985,0.97,Screened,fast metric pass; detailed slices computed for top candidates only
A2_group_0.990_0.985_0.975,0.605350633453225,0.8687826086613969,0.13121739133860313,0.34191865824505313,,,-0.00641672301950158,-0.0012460684674924227,0.0012460684674924505,-0.011587377571510682,,,A2_group,0.99,0.985,0.975,Screened,fast metric pass; detailed slices computed for top candidates only
A2_group_0.990_0.985_0.980,0.6057646776013919,0.8689443894284306,0.13105561057156945,0.3425849657743531,,,-0.006002678871334766,-0.0010842877004587637,0.0010842877004587637,-0.010921070042210712,,,A2_group,0.99,0.985,0.98,Screened,fast metric pass; detailed slices computed for top candidates only
A2_group_0.990_0.985_0.985,0.6061803013850658,0.8690995003060282,0.13090049969397177,0.34326110246410346,,,-0.005587055087660775,-0.0009291768228610886,0.0009291768228610886,-0.01024493335246035,,,A2_group,0.99,0.985,0.985,Screened,fast metric pass; detailed slices computed for top candidates only
A2_group_0.990_0.985_0.990,0.6065618039628138,0.8692487670354689,0.1307512329645311,0.3438748408901587,,,-0.005205552509912836,-0.0007799100934203773,0.0007799100934204051,-0.009631194926405129,,,A2_group,0.99,0.985,0.99,Screened,fast metric pass; detailed slices computed for top candidates only
A2_group_0.990_0.985_0.995,0.6068231963736644,0.8693918198484958,0.1306081801515042,0.34425457289883304,,,-0.004944160099062178,-0.0006368572803935324,0.0006368572803935046,-0.009251462917730768,,,A2_group,0.99,0.985,0.995,Screened,fast metric pass; detailed slices computed for top candidates only
A2_group_0.990_0.985_1.000,0.6070430469089401,0.8695274915289201,0.13047250847107997,0.3445586022889602,,,-0.004724309563786555,-0.000501185599969256,0.0005011855999692838,-0.008947433527603632,,,A2_group,0.99,0.985,1.0,Screened,fast metric pass; detailed slices computed for top candidates only
A2_group_0.990_0.985_1.005,0.6072298084083004,0.8696549486072923,0.13034505139270766,0.3448046682093086,,,-0.004537548064426189,-0.0003737285215970054,0.00037372852159697767,-0.008701367607255206,,,A2_group,0.99,0.985,1.005,Screened,fast metric pass; detailed slices computed for top candidates only
A2_group_0.990_0.985_1.010,0.6076085186755529,0.8697757305880898,0.13022426941191026,0.345441306763016,,,-0.004158837797173742,-0.0002529465407995479,0.0002529465407995757,-0.008064729053547826,,,A2_group,0.99,0.985,1.01,Screened,fast metric pass; detailed slices computed for top candidates only
A2_group_0.990_0.985_1.015,0.6078643736007344,0.869889813667128,0.13011018633287194,0.34583893353434086,,,-0.0039029828719922,-0.00013886346176128495,0.0001388634617612572,-0.007667102282222948,,,A2_group,0.99,0.985,1.015,Screened,fast metric pass; detailed slices computed for top candidates only
A2_group_0.990_0.985_1.020,0.6079328650903099,0.869997283250499,0.13000271674950106,0.34586844693012075,,,-0.0038344913824167604,-3.1393878390351126e-05,3.139387839037888e-05,-0.0076375888864430586,,,A2_group,0.99,0.985,1.02,Screened,fast metric pass; detailed slices computed for top candidates only
A2_group_0.990_0.985_1.025,0.6083396439004346,0.8700969955301857,0.12990300446981426,0.34658229227068343,,,-0.0034277125722920188,6.831840129639666e-05,-6.831840129642441e-05,-0.006923743545880379,,,A2_group,0.99,0.985,1.025,Screened,fast metric pass; detailed slices computed for top candidates only
A2_group_0.990_0.985_1.030,0.608526780914617,0.8701911517154812,0.12980884828451883,0.34686241011375274,,,-0.0032405755581096374,0.00016247458659190972,-0.0001624745865918542,-0.0066436257028110735,,,A2_group,0.99,0.985,1.03,Screened,fast metric pass; detailed slices computed for top candidates only
A2_group_0.990_0.990_0.970,0.6061862747570563,0.8686844462079056,0.13131555379209436,0.34368810330620697,,,-0.0055810817156702885,-0.00134423092098368,0.00134423092098368,-0.009817932510356842,,,A2_group,0.99,0.99,0.97,Screened,fast metric pass; detailed slices computed for top candidates only
A2_group_0.990_0.990_0.975,0.6063697994708456,0.868854238314229,0.13114576168577094,0.34388536062746206,,,-0.005397557001881048,-0.0011744388146602835,0.0011744388146602558,-0.009620675189101757,,,A2_group,0.99,0.99,0.975,Screened,fast metric pass; detailed slices computed for top candidates only
A2_group_0.990_0.990_0.980,0.6067838436190123,0.8690160190812627,0.13098398091873728,0.34455166815676197,,,-0.004983512853714345,-0.0010126580476266245,0.0010126580476265967,-0.008954367659801843,,,A2_group,0.99,0.99,0.98,Screened,fast metric pass; detailed slices computed for top candidates only
A2_group_0.990_0.990_0.985,0.6071994674026865,0.8691711299588605,0.13082887004113955,0.34522780484651244,,,-0.004567889070040132,-0.0008575471700288384,0.0008575471700288662,-0.00827823097005137,,,A2_group,0.99,0.99,0.985,Screened,fast metric pass; detailed slices computed for top candidates only
A2_group_0.990_0.990_0.990,0.6075809699804344,0.8693203966883011,0.1306796033116989,0.34584154327256766,,,-0.004186386492292193,-0.0007082804405882381,0.0007082804405882104,-0.007664492543996149,,,A2_group,0.99,0.99,0.99,Screened,fast metric pass; detailed slices computed for top candidates only
A2_group_0.990_0.990_0.995,0.607842362391285,0.869463449501328,0.13053655049867197,0.34622127528124197,,,-0.003924994081441646,-0.0005652276275612822,0.0005652276275612822,-0.007284760535321844,,,A2_group,0.99,0.99,0.995,Screened,fast metric pass; detailed slices computed for top candidates only
A2_group_0.990_0.990_1.000,0.6080622129265607,0.8695991211817522,0.1304008788182478,0.34652530467136916,,,-0.003705143546165912,-0.00042955594713711687,0.00042955594713711687,-0.006980731145194652,,,A2_group,0.99,0.99,1.0,Screened,fast metric pass; detailed slices computed for top candidates only
A2_group_0.990_0.990_1.005,0.608248974425921,0.8697265782601246,0.13027342173987547,0.3467713705917175,,,-0.003518382046805657,-0.0003020988687647552,0.000302098868764783,-0.006734665224846337,,,A2_group,0.99,0.99,1.005,Screened,fast metric pass; detailed slices computed for top candidates only
A2_group_0.990_0.990_1.010,0.6086276846931734,0.8698473602409219,0.13015263975907806,0.34740800914542486,,,-0.0031396717795532103,-0.00018131688796740875,0.000181316887967381,-0.006098026671138956,,,A2_group,0.99,0.99,1.01,Screened,fast metric pass; detailed slices computed for top candidates only
A2_group_0.990_0.990_1.015,0.6088835396183551,0.8699614433199603,0.13003855668003975,0.3478056359167498,,,-0.002883816854371557,-6.723380892903474e-05,6.72338089290625e-05,-0.005700399899814024,,,A2_group,0.99,0.99,1.015,Screened,fast metric pass; detailed slices computed for top candidates only
A2_group_0.990_0.990_1.020,0.6089520311079304,0.8700689129033311,0.12993108709666887,0.3478351493125296,,,-0.0028153253647962284,4.023577444178805e-05,-4.023577444181581e-05,-0.005670886504034189,,,A2_group,0.99,0.99,1.02,Screened,fast metric pass; detailed slices computed for top candidates only
A2_group_0.990_0.990_1.025,0.6093588099180551,0.870168625183018,0.12983137481698206,0.34854899465309236,,,-0.002408546554671487,0.00013994805412864686,-0.0001399480541286191,-0.004957041163471454,,,A2_group,0.99,0.99,1.025,Screened,fast metric pass; detailed slices computed for top candidates only
A2_group_0.990_0.990_1.030,0.6095459469322375,0.8702627813683134,0.12973721863168663,0.3488291124961617,,,-0.0022214095404891054,0.0002341042394240489,-0.0002341042394240489,-0.004676923320402093,,,A2_group,0.99,0.99,1.03,Screened,fast metric pass; detailed slices computed for top candidates only
A2_group_0.990_0.995_0.970,0.606888754987084,0.8687370693943628,0.13126293060563718,0.3450404405798051,,,-0.004878601485642675,-0.0012916077345265231,0.0012916077345264954,-0.008465595236758716,,,A2_group,0.99,0.995,0.97,Screened,fast metric pass; detailed slices computed for top candidates only
A2_group_0.990_0.995_0.975,0.6070722797008733,0.8689068615006863,0.13109313849931373,0.34523769790106024,,,-0.004695076771853324,-0.0011218156282030156,0.0011218156282030434,-0.008268337915503576,,,A2_group,0.99,0.995,0.975,Screened,fast metric pass; detailed slices computed for top candidates only
A2_group_0.990_0.995_0.980,0.60748632384904,0.86906864226772,0.13093135773228007,0.34590400543036015,,,-0.00428103262368662,-0.0009600348611693565,0.0009600348611693843,-0.007602030386203662,,,A2_group,0.99,0.995,0.98,Screened,fast metric pass; detailed slices computed for top candidates only
A2_group_0.990_0.995_0.985,0.6079019476327141,0.8692237531453176,0.13077624685468237,0.3465801421201105,,,-0.0038654088400125186,-0.0008049239835716815,0.0008049239835716815,-0.0069258936964533,,,A2_group,0.99,0.995,0.985,Screened,fast metric pass; detailed slices computed for top candidates only
A2_group_0.990_0.995_0.990,0.608283450210462,0.8693730198747582,0.1306269801252417,0.3471938805461658,,,-0.00348390626226458,-0.0006556572541310812,0.0006556572541310257,-0.006312155270398023,,,A2_group,0.99,0.995,0.99,Screened,fast metric pass; detailed slices computed for top candidates only
A2_group_0.990_0.995_0.995,0.6085448426213127,0.8695160726877852,0.13048392731221478,0.3475736125548401,,,-0.0032225138514139218,-0.0005126044411041253,0.0005126044411040975,-0.005932423261723718,,,A2_group,0.99,0.995,0.995,Screened,fast metric pass; detailed slices computed for top candidates only
A2_group_0.990_0.995_1.000,0.6087646931565883,0.8696517443682094,0.13034825563179062,0.34787764194496723,,,-0.0030026633161382987,-0.00037693276067995996,0.0003769327606799322,-0.005628393871596582,,,A2_group,0.99,0.995,1.0,Screened,fast metric pass; detailed slices computed for top candidates only
A2_group_0.990_0.995_1.005,0.6089514546559487,0.8697792014465817,0.13022079855341828,0.34812370786531566,,,-0.0028159018167779326,-0.0002494756823075983,0.0002494756823075983,-0.005382327951248156,,,A2_group,0.99,0.995,1.005,Screened,fast metric pass; detailed slices computed for top candidates only
A2_group_0.990_0.995_1.010,0.6093301649232011,0.8698999834273792,0.13010001657262085,0.34876034641902304,,,-0.002437191549525486,-0.0001286937015101408,0.00012869370151016857,-0.0047456893975407755,,,A2_group,0.99,0.995,1.01,Screened,fast metric pass; detailed slices computed for top candidates only
A2_group_0.990_0.995_1.015,0.6095860198483827,0.8700140665064174,0.12998593349358253,0.34915797319034797,,,-0.0021813366243439436,-1.4610622471877832e-05,1.4610622471850077e-05,-0.004348062626215843,,,A2_group,0.99,0.995,1.015,Screened,fast metric pass; detailed slices computed for top candidates only
A2_group_0.990_0.995_1.020,0.6096545113379581,0.8701215360897884,0.12987846391021166,0.3491874865861278,,,-0.002112845134768504,9.285896089905599e-05,-9.285896089902823e-05,-0.0043185492304360085,,,A2_group,0.99,0.995,1.02,Screened,fast metric pass; detailed slices computed for top candidates only
A2_group_0.990_0.995_1.025,0.6100612901480829,0.8702212483694751,0.12977875163052488,0.34990133192669054,,,-0.0017060663246437624,0.00019257124058580377,-0.00019257124058580377,-0.003604703889873273,,,A2_group,0.99,0.995,1.025,Screened,fast metric pass; detailed slices computed for top candidates only
A2_group_0.990_0.995_1.030,0.6102484271622651,0.8703154045547705,0.12968459544522945,0.3501814497697598,,,-0.001518929310461492,0.0002867274258812058,-0.00028672742588123357,-0.0033245860468040234,,,A2_group,0.99,0.995,1.03,Screened,fast metric pass; detailed slices computed for top candidates only
A2_group_0.990_1.000_0.970,0.6076096341601372,0.86877362210687,0.13122637789312994,0.3464456462134044,,,-0.004157722312589374,-0.0012550550220192802,0.0012550550220192525,-0.0070603896031594116,,,A2_group,0.99,1.0,0.97,Screened,fast metric pass; detailed slices computed for top candidates only
A2_group_0.990_1.000_0.975,0.6077931588739265,0.8689434142131935,0.13105658578680648,0.3466429035346595,,,-0.003974197598800133,-0.0010852629156957727,0.0010852629156958005,-0.006863132281904327,,,A2_group,0.99,1.0,0.975,Screened,fast metric pass; detailed slices computed for top candidates only
A2_group_0.990_1.000_0.980,0.6082072030220933,0.8691051949802272,0.13089480501977283,0.34730921106395946,,,-0.003560153450633319,-0.0009234821486621136,0.0009234821486621414,-0.006196824752604357,,,A2_group,0.99,1.0,0.98,Screened,fast metric pass; detailed slices computed for top candidates only
A2_group_0.990_1.000_0.985,0.6086228268057674,0.8692603058578249,0.13073969414217512,0.3479853477537098,,,-0.003144529666959217,-0.0007683712710644386,0.0007683712710644386,-0.005520688062853996,,,A2_group,0.99,1.0,0.985,Screened,fast metric pass; detailed slices computed for top candidates only
A2_group_0.990_1.000_0.990,0.6090043293835153,0.8694095725872656,0.13059042741273444,0.34859908617976504,,,-0.0027630270892112785,-0.0006191045416237273,0.0006191045416237551,-0.004906949636798774,,,A2_group,0.99,1.0,0.99,Screened,fast metric pass; detailed slices computed for top candidates only
A2_group_0.990_1.000_0.995,0.6092657217943659,0.8695526254002924,0.13044737459970754,0.3489788181884394,,,-0.0025016346783607313,-0.0004760517285968824,0.00047605172859685463,-0.004527217628124414,,,A2_group,0.99,1.0,0.995,Screened,fast metric pass; detailed slices computed for top candidates only
A2_group_0.990_1.000_1.000,0.6094855723296416,0.8696882970807167,0.13031170291928335,0.34928284757856654,,,-0.0022817841430849972,-0.00034038004817260603,0.00034038004817266154,-0.004223188237997277,,,A2_group,0.99,1.0,1.0,Screened,fast metric pass; detailed slices computed for top candidates only
A2_group_0.990_1.000_1.005,0.609672333829002,0.869815754159089,0.130184245840911,0.34952891349891496,,,-0.002095022643724631,-0.0002129229698003554,0.00021292296980032765,-0.003977122317648851,,,A2_group,0.99,1.0,1.005,Screened,fast metric pass; detailed slices computed for top candidates only
A2_group_0.990_1.000_1.010,0.6100510440962543,0.8699365361398864,0.1300634638601136,0.35016555205262234,,,-0.0017163123764722954,-9.214098900289791e-05,9.214098900292567e-05,-0.003340483763941471,,,A2_group,0.99,1.0,1.01,Screened,fast metric pass; detailed slices computed for top candidates only
A2_group_0.990_1.000_1.015,0.610306899021436,0.8700506192189247,0.1299493807810753,0.3505631788239472,,,-0.001460457451290642,2.194209003536507e-05,-2.1942090035392825e-05,-0.0029428569926165937,,,A2_group,0.99,1.0,1.015,Screened,fast metric pass; detailed slices computed for top candidates only
A2_group_0.990_1.000_1.020,0.6103753905110114,0.8701580888022956,0.1298419111977044,0.3505926922197271,,,-0.0013919659617152025,0.0001294116734062989,-0.00012941167340627113,-0.002913343596836704,,,A2_group,0.99,1.0,1.02,Screened,fast metric pass; detailed slices computed for top candidates only
A2_group_0.990_1.000_1.025,0.610782169321136,0.8702578010819824,0.1297421989180176,0.3513065375602898,,,-0.000985187151590572,0.00022912395309304667,-0.00022912395309307443,-0.002199498256274024,,,A2_group,0.99,1.0,1.025,Screened,fast metric pass; detailed slices computed for top candidates only
A2_group_0.990_1.000_1.030,0.6109693063353184,0.8703519572672778,0.1296480427327222,0.3515866554033591,,,-0.0007980501374081905,0.0003232801383884487,-0.00032328013838847647,-0.0019193804132047187,,,A2_group,0.99,1.0,1.03,Screened,fast metric pass; detailed slices computed for top candidates only
A2_group_0.990_1.005_0.970,0.6080565313902604,0.8687900860706337,0.13120991392936635,0.34732297670988704,,,-0.0037108250824662292,-0.0012385910582556336,0.0012385910582556614,-0.006183059106676769,,,A2_group,0.99,1.005,0.97,Screened,fast metric pass; detailed slices computed for top candidates only
A2_group_0.990_1.005_0.975,0.6082400561040495,0.8689598781769571,0.13104012182304292,0.3475202340311421,,,-0.0035273003686771,-0.0010687989519322372,0.0010687989519322372,-0.0059858017854217405,,,A2_group,0.99,1.005,0.975,Screened,fast metric pass; detailed slices computed for top candidates only
A2_group_0.990_1.005_0.980,0.6086541002522163,0.8691216589439907,0.13087834105600923,0.34818654156044193,,,-0.0031132562205102854,-0.0009070181848985781,0.0009070181848985504,-0.005319494256121882,,,A2_group,0.99,1.005,0.98,Screened,fast metric pass; detailed slices computed for top candidates only
A2_group_0.990_1.005_0.985,0.6090697240358904,0.8692767698215884,0.13072323017841156,0.3488626782501924,,,-0.0026976324368361837,-0.000751907307300903,0.0007519073073008753,-0.004643357566371409,,,A2_group,0.99,1.005,0.985,Screened,fast metric pass; detailed slices computed for top candidates only
A2_group_0.990_1.005_0.990,0.6094512266136384,0.8694260365510291,0.13057396344897088,0.3494764166762476,,,-0.002316129859088245,-0.0006026405778601918,0.0006026405778601918,-0.004029619140316187,,,A2_group,0.99,1.005,0.99,Screened,fast metric pass; detailed slices computed for top candidates only
A2_group_0.990_1.005_0.995,0.609712619024489,0.8695690893640561,0.13043091063594395,0.34985614868492193,,,-0.002054737448237587,-0.0004595877648332358,0.0004595877648332636,-0.0036498871316418824,,,A2_group,0.99,1.005,0.995,Screened,fast metric pass; detailed slices computed for top candidates only
A2_group_0.990_1.005_1.000,0.6099324695597648,0.8697047610444802,0.13029523895551978,0.3501601780750492,,,-0.0018348869129618528,-0.0003239160844090705,0.00032391608440909825,-0.003345857741514635,,,A2_group,0.99,1.005,1.0,Screened,fast metric pass; detailed slices computed for top candidates only
A2_group_0.990_1.005_1.005,0.610119231059125,0.8698322181228526,0.13016778187714745,0.3504062439953975,,,-0.0016481254136015977,-0.00019645900603670885,0.00019645900603676436,-0.00309979182116632,,,A2_group,0.99,1.005,1.005,Screened,fast metric pass; detailed slices computed for top candidates only
A2_group_0.990_1.005_1.010,0.6104979413263775,0.86995300010365,0.13004699989635005,0.35104288254910493,,,-0.001269415146349151,-7.567702523936237e-05,7.567702523936237e-05,-0.002463153267458884,,,A2_group,0.99,1.005,1.01,Screened,fast metric pass; detailed slices computed for top candidates only
A2_group_0.990_1.005_1.015,0.610753796251559,0.8700670831826883,0.1299329168173117,0.35144050932042975,,,-0.0010135602211676087,3.840605379901163e-05,-3.8406053798983875e-05,-0.0020655264961340625,,,A2_group,0.99,1.005,1.015,Screened,fast metric pass; detailed slices computed for top candidates only
A2_group_0.990_1.005_1.020,0.6108222877411343,0.8701745527660592,0.12982544723394085,0.3514700227162096,,,-0.0009450687315922801,0.00014587563716983443,-0.00014587563716983443,-0.002036013100354228,,,A2_group,0.99,1.005,1.02,Screened,fast metric pass; detailed slices computed for top candidates only
A2_group_0.990_1.005_1.025,0.6112290665512592,0.870274265045746,0.12972573495425405,0.3521838680567724,,,-0.0005382899214674275,0.00024558791685669323,-0.0002455879168566377,-0.0013221677597914372,,,A2_group,0.99,1.005,1.025,Screened,fast metric pass; detailed slices computed for top candidates only
A2_group_0.990_1.005_1.030,0.6114162035654416,0.8703684212310414,0.12963157876895862,0.3524639858998417,,,-0.0003511529072850461,0.0003397441021520953,-0.0003397441021520675,-0.001042049916722132,,,A2_group,0.99,1.005,1.03,Screened,fast metric pass; detailed slices computed for top candidates only
A2_group_0.990_1.010_0.970,0.6085541388632997,0.8687887545911327,0.13121124540886733,0.3483195231354667,,,-0.003213217609426944,-0.0012399225377566214,0.0012399225377566492,-0.0051865126810971,,,A2_group,0.99,1.01,0.97,Screened,fast metric pass; detailed slices computed for top candidates only
A2_group_0.990_1.010_0.975,0.6087376635770889,0.8689585466974561,0.13104145330254388,0.3485167804567218,,,-0.0030296928956377034,-0.001070130431433225,0.0010701304314331972,-0.004989255359842015,,,A2_group,0.99,1.01,0.975,Screened,fast metric pass; detailed slices computed for top candidates only
A2_group_0.990_1.010_0.980,0.6091517077252557,0.8691203274644898,0.13087967253551022,0.34918308798602177,,,-0.002615648747470889,-0.0009083496643995659,0.0009083496643995381,-0.0043229478305420455,,,A2_group,0.99,1.01,0.98,Screened,fast metric pass; detailed slices computed for top candidates only
A2_group_0.990_1.010_0.985,0.6095673315089298,0.8692754383420874,0.13072456165791255,0.34985922467577213,,,-0.0022000249637967872,-0.0007532387868018908,0.0007532387868018631,-0.0036468111407916837,,,A2_group,0.99,1.01,0.985,Screened,fast metric pass; detailed slices computed for top candidates only
A2_group_0.990_1.010_0.990,0.6099488340866778,0.8694247050715281,0.13057529492847186,0.35047296310182735,,,-0.0018185223860488486,-0.0006039720573611795,0.0006039720573611795,-0.0030330727147364622,,,A2_group,0.99,1.01,0.99,Screened,fast metric pass; detailed slices computed for top candidates only
A2_group_0.990_1.010_0.995,0.6102102264975284,0.8695677578845551,0.13043224211544494,0.3508526951105017,,,-0.0015571299751981904,-0.0004609192443342236,0.00046091924433425135,-0.0026533407060621017,,,A2_group,0.99,1.01,0.995,Screened,fast metric pass; detailed slices computed for top candidates only
A2_group_0.990_1.010_1.000,0.610430077032804,0.8697034295649793,0.13029657043502074,0.35115672450062885,,,-0.0013372794399225674,-0.00032524756391005827,0.00032524756391005827,-0.0023493113159349654,,,A2_group,0.99,1.01,1.0,Screened,fast metric pass; detailed slices computed for top candidates only
A2_group_0.990_1.010_1.005,0.6106168385321644,0.8698308866433516,0.1301691133566484,0.3514027904209773,,,-0.0011505179405622012,-0.00019779048553769663,0.00019779048553772438,-0.0021032453955865393,,,A2_group,0.99,1.01,1.005,Screened,fast metric pass; detailed slices computed for top candidates only
A2_group_0.990_1.010_1.010,0.6109955487994168,0.869951668624149,0.13004833137585103,0.35203942897468465,,,-0.0007718076733098655,-7.700850474035015e-05,7.700850474035015e-05,-0.001466606841879159,,,A2_group,0.99,1.01,1.01,Screened,fast metric pass; detailed slices computed for top candidates only
A2_group_0.990_1.010_1.015,0.6112514037245984,0.8700657517031873,0.1299342482968127,0.35243705574600953,,,-0.0005159527481282122,3.7074574298023855e-05,-3.70745742979961e-05,-0.0010689800705542818,,,A2_group,0.99,1.01,1.015,Screened,fast metric pass; detailed slices computed for top candidates only
A2_group_0.990_1.010_1.020,0.6113198952141738,0.8701732212865582,0.12982677871344184,0.3524665691417894,,,-0.00044746125855277263,0.00014454415766884665,-0.00014454415766884665,-0.001039466674774392,,,A2_group,0.99,1.01,1.02,Screened,fast metric pass; detailed slices computed for top candidates only
A2_group_0.990_1.010_1.025,0.6117266740242986,0.870272933566245,0.129727066433755,0.3531804144823521,,,-4.068244842803104e-05,0.00024425643735570546,-0.0002442564373556777,-0.000325621334211712,,,A2_group,0.99,1.01,1.025,Screened,fast metric pass; detailed slices computed for top candidates only
A2_group_0.990_1.010_1.030,0.611913811038481,0.8703670897515404,0.1296329102484596,0.3534605323254214,,,0.00014645456575435034,0.0003384126226511075,-0.00033841262265107974,-4.5503491142406816e-05,,,A2_group,0.99,1.01,1.03,Screened,fast metric pass; detailed slices computed for top candidates only
A2_group_0.990_1.015_0.970,0.609211787498354,0.8687657181489692,0.13123428185103078,0.3496578568477389,,,-0.0025555689743725907,-0.0012629589799201257,0.001262958979920098,-0.003848178968824889,,,A2_group,0.99,1.015,0.97,Screened,fast metric pass; detailed slices computed for top candidates only
A2_group_0.990_1.015_0.975,0.6093953122121434,0.8689355102552927,0.13106448974470736,0.34985511416899406,,,-0.0023720442605832393,-0.0010931668735966182,0.0010931668735966737,-0.0036509216475697492,,,A2_group,0.99,1.015,0.975,Screened,fast metric pass; detailed slices computed for top candidates only
A2_group_0.990_1.015_0.980,0.6098093563603102,0.8690972910223264,0.13090270897767367,0.350521421698294,,,-0.001958000112416425,-0.0009313861065629592,0.0009313861065629869,-0.002984614118269835,,,A2_group,0.99,1.015,0.98,Screened,fast metric pass; detailed slices computed for top candidates only
A2_group_0.990_1.015_0.985,0.6102249801439842,0.869252401899924,0.130747598100076,0.3511975583880444,,,-0.0015423763287424341,-0.0007762752289652841,0.0007762752289653119,-0.0023084774285194176,,,A2_group,0.99,1.015,0.985,Screened,fast metric pass; detailed slices computed for top candidates only
A2_group_0.990_1.015_0.990,0.6106064827217321,0.8694016686293646,0.13059833137063534,0.3518112968140996,,,-0.0011608737509944955,-0.0006270084995246838,0.0006270084995246561,-0.0016947390024641962,,,A2_group,0.99,1.015,0.99,Screened,fast metric pass; detailed slices computed for top candidates only
A2_group_0.990_1.015_0.995,0.6108678751325828,0.8695447214423916,0.1304552785576084,0.3521910288227739,,,-0.0008994813401438373,-0.0004839556864977279,0.0004839556864977279,-0.0013150069937898912,,,A2_group,0.99,1.015,0.995,Screened,fast metric pass; detailed slices computed for top candidates only
A2_group_0.990_1.015_1.000,0.6110877256678584,0.8696803931228158,0.13031960687718422,0.3524950582129011,,,-0.0006796308048682143,-0.0003482840060735626,0.0003482840060735348,-0.0010109776036626994,,,A2_group,0.99,1.015,1.0,Screened,fast metric pass; detailed slices computed for top candidates only
A2_group_0.990_1.015_1.005,0.6112744871672188,0.8698078502011881,0.13019214979881188,0.3527411241332495,,,-0.0004928693055078481,-0.00022082692770120094,0.00022082692770120094,-0.0007649116833143288,,,A2_group,0.99,1.015,1.005,Screened,fast metric pass; detailed slices computed for top candidates only
A2_group_0.990_1.015_1.010,0.6116531974344712,0.8699286321819855,0.1300713678180145,0.3533777626869569,,,-0.00011415903825540141,-0.00010004494690385446,0.0001000449469038267,-0.00012827312960689286,,,A2_group,0.99,1.015,1.01,Screened,fast metric pass; detailed slices computed for top candidates only
A2_group_0.990_1.015_1.015,0.6119090523596529,0.8700427152610238,0.12995728473897616,0.3537753894582818,,,0.0001416958869262519,1.4038132134519543e-05,-1.4038132134519543e-05,0.00026935364171798426,,,A2_group,0.99,1.015,1.015,Screened,fast metric pass; detailed slices computed for top candidates only
A2_group_0.990_1.015_1.020,0.6119775438492282,0.8701501848443947,0.1298498151556053,0.3538049028540617,,,0.00021018737650158048,0.00012150771550534234,-0.0001215077155053701,0.00029886703749787413,,,A2_group,0.99,1.015,1.02,Screened,fast metric pass; detailed slices computed for top candidates only
A2_group_0.990_1.015_1.025,0.6123843226593529,0.8702498971240815,0.12975010287591848,0.35451874819462437,,,0.0006169661866263221,0.00022121999519220115,-0.00022121999519220115,0.001012712378060554,,,A2_group,0.99,1.015,1.025,Screened,fast metric pass; detailed slices computed for top candidates only
A2_group_0.990_1.015_1.030,0.6125714596735353,0.8703440533093769,0.12965594669062305,0.35479886603769367,,,0.0008041032008087035,0.0003153761804876032,-0.00031537618048763094,0.0012928302211298592,,,A2_group,0.99,1.015,1.03,Screened,fast metric pass; detailed slices computed for top candidates only
A2_group_0.990_1.020_0.970,0.6095504083669818,0.8687250864331769,0.1312749135668231,0.3503757303007866,,,-0.002216948105744798,-0.0013035906957123977,0.0013035906957124255,-0.0031303055157771986,,,A2_group,0.99,1.02,0.97,Screened,fast metric pass; detailed slices computed for top candidates only
A2_group_0.990_1.020_0.975,0.6097339330807711,0.8688948785395003,0.13110512146049969,0.35057298762204175,,,-0.0020334233919555578,-0.0011337985893890012,0.0011337985893890012,-0.0029330481945220588,,,A2_group,0.99,1.02,0.975,Screened,fast metric pass; detailed slices computed for top candidates only
A2_group_0.990_1.020_0.980,0.6101479772289378,0.869056659306534,0.130943340693466,0.35123929515134167,,,-0.0016193792437888543,-0.0009720178223553422,0.0009720178223553144,-0.0022667406652221445,,,A2_group,0.99,1.02,0.98,Screened,fast metric pass; detailed slices computed for top candidates only
A2_group_0.990_1.020_0.985,0.6105636010126119,0.8692117701841316,0.13078822981586832,0.35191543184109203,,,-0.0012037554601147527,-0.0008169069447576671,0.0008169069447576394,-0.0015906039754717827,,,A2_group,0.99,1.02,0.985,Screened,fast metric pass; detailed slices computed for top candidates only
A2_group_0.990_1.020_0.990,0.6109451035903598,0.8693610369135724,0.13063896308642764,0.3525291702671473,,,-0.000822252882366814,-0.0006676402153169558,0.0006676402153169558,-0.0009768655494165057,,,A2_group,0.99,1.02,0.99,Screened,fast metric pass; detailed slices computed for top candidates only
A2_group_0.990_1.020_0.995,0.6112064960012105,0.8695040897265993,0.1304959102734007,0.3529089022758216,,,-0.0005608604715161558,-0.0005245874022899999,0.0005245874022900276,-0.0005971335407422007,,,A2_group,0.99,1.02,0.995,Screened,fast metric pass; detailed slices computed for top candidates only
A2_group_0.990_1.020_1.000,0.6114263465364861,0.8696397614070235,0.13036023859297655,0.35321293166594875,,,-0.0003410099362405328,-0.00038891572186583456,0.0003889157218658623,-0.00029310415061506445,,,A2_group,0.99,1.02,1.0,Screened,fast metric pass; detailed slices computed for top candidates only
A2_group_0.990_1.020_1.005,0.6116131080358465,0.8697672184853957,0.1302327815146042,0.3534589975862972,,,-0.00015424843688016665,-0.00026145864349358394,0.00026145864349352843,-4.703823026663834e-05,,,A2_group,0.99,1.02,1.005,Screened,fast metric pass; detailed slices computed for top candidates only
A2_group_0.990_1.020_1.010,0.6119918183030989,0.8698880004661932,0.1301119995338068,0.35409563614000455,,,0.00022446183037228007,-0.00014067666269612644,0.00014067666269612644,0.0005896003234407421,,,A2_group,0.99,1.02,1.01,Screened,fast metric pass; detailed slices computed for top candidates only
A2_group_0.990_1.020_1.015,0.6122476732282806,0.8700020835452316,0.12999791645476846,0.3544932629113295,,,0.0004803167555539334,-2.659358365775244e-05,2.6593583657780195e-05,0.0009872270947656747,,,A2_group,0.99,1.02,1.015,Screened,fast metric pass; detailed slices computed for top candidates only
A2_group_0.990_1.020_1.020,0.6123161647178559,0.8701095531286024,0.1298904468713976,0.3545227763071093,,,0.000548808245129262,8.087599971307036e-05,-8.087599971307036e-05,0.001016740490545509,,,A2_group,0.99,1.02,1.02,Screened,fast metric pass; detailed slices computed for top candidates only
A2_group_0.990_1.020_1.025,0.6127229435279806,0.8702092654082891,0.1297907345917108,0.35523662164767206,,,0.0009555870552540036,0.00018058827939981814,-0.00018058827939987365,0.0017305858311082445,,,A2_group,0.99,1.02,1.025,Screened,fast metric pass; detailed slices computed for top candidates only
A2_group_0.990_1.020_1.030,0.612910080542163,0.8703034215935846,0.12969657840641538,0.3555167394907413,,,0.001142724069436385,0.0002747444646953312,-0.00027474446469530345,0.002010703674177494,,,A2_group,0.99,1.02,1.03,Screened,fast metric pass; detailed slices computed for top candidates only
A2_group_0.990_1.025_0.970,0.6095235700671572,0.8686682420914673,0.1313317579085327,0.3503788980428471,,,-0.0022437864055694368,-0.0013604350374220031,0.0013604350374220031,-0.003127137773716704,,,A2_group,0.99,1.025,0.97,Screened,fast metric pass; detailed slices computed for top candidates only
A2_group_0.990_1.025_0.975,0.6097070947809464,0.8688380341977907,0.13116196580220926,0.35057615536410225,,,-0.0020602616917801964,-0.0011906429310986066,0.0011906429310985789,-0.002929880452461564,,,A2_group,0.99,1.025,0.975,Screened,fast metric pass; detailed slices computed for top candidates only
A2_group_0.990_1.025_0.980,0.6101211389291132,0.8689998149648244,0.13100018503517558,0.35124246289340216,,,-0.001646217543613382,-0.0010288621640649476,0.001028862164064892,-0.0022635729231616497,,,A2_group,0.99,1.025,0.98,Screened,fast metric pass; detailed slices computed for top candidates only
A2_group_0.990_1.025_0.985,0.6105367627127873,0.8691549258424222,0.13084507415757787,0.3519185995831526,,,-0.0012305937599392802,-0.0008737512864671615,0.0008737512864671892,-0.0015874362334112324,,,A2_group,0.99,1.025,0.985,Screened,fast metric pass; detailed slices computed for top candidates only
A2_group_0.990_1.025_0.990,0.6109182652905353,0.8693041925718628,0.13069580742813722,0.3525323380092078,,,-0.0008490911821913416,-0.0007244845570265612,0.0007244845570265335,-0.000973697807356011,,,A2_group,0.99,1.025,0.99,Screened,fast metric pass; detailed slices computed for top candidates only
A2_group_0.990_1.025_0.995,0.6111796577013859,0.8694472453848897,0.1305527546151103,0.3529120700178821,,,-0.0005876987713406834,-0.0005814317439996053,0.0005814317439996053,-0.000593965798681706,,,A2_group,0.99,1.025,0.995,Screened,fast metric pass; detailed slices computed for top candidates only
A2_group_0.990_1.025_1.000,0.6113995082366616,0.8695829170653139,0.1304170829346861,0.3532160994080093,,,-0.00036784823606506034,-0.00044576006357543996,0.0004457600635754122,-0.0002899364085545142,,,A2_group,0.99,1.025,1.0,Screened,fast metric pass; detailed slices computed for top candidates only
A2_group_0.990_1.025_1.005,0.6115862697360219,0.8697103741436862,0.1302896258563138,0.35346216532835767,,,-0.00018108673670469422,-0.0003183029852030783,0.00031830298520310607,-4.387048820614359e-05,,,A2_group,0.99,1.025,1.005,Screened,fast metric pass; detailed slices computed for top candidates only
A2_group_0.990_1.025_1.010,0.6119649800032744,0.8698311561244836,0.1301688438755164,0.3540988038820651,,,0.0001976235305477525,-0.00019752100440573184,0.00019752100440570408,0.0005927680655012924,,,A2_group,0.99,1.025,1.01,Screened,fast metric pass; detailed slices computed for top candidates only
A2_group_0.990_1.025_1.015,0.6122208349284559,0.869945239203522,0.13005476079647804,0.35449643065339,,,0.0004534784557292948,-8.343792536735783e-05,8.343792536735783e-05,0.0009903948368261695,,,A2_group,0.99,1.025,1.015,Screened,fast metric pass; detailed slices computed for top candidates only
A2_group_0.990_1.025_1.020,0.6122893264180314,0.8700527087868928,0.1299472912131072,0.35452594404916987,,,0.0005219699453047344,2.4031658003464962e-05,-2.4031658003492717e-05,0.0010199082326060593,,,A2_group,0.99,1.025,1.02,Screened,fast metric pass; detailed slices computed for top candidates only
A2_group_0.990_1.025_1.025,0.6126961052281561,0.8701524210665796,0.1298475789334204,0.35523978938973255,,,0.000928748755429476,0.00012374393769032377,-0.000123743937690296,0.0017337535731687392,,,A2_group,0.99,1.025,1.025,Screened,fast metric pass; detailed slices computed for top candidates only
A2_group_0.990_1.025_1.030,0.6128832422423385,0.870246577251875,0.12975342274812496,0.35551990723280186,,,0.0011158857696118574,0.0002179001229857258,-0.0002179001229857258,0.0020138714162380444,,,A2_group,0.99,1.025,1.03,Screened,fast metric pass; detailed slices computed for top candidates only
A2_group_0.990_1.030_0.970,0.6097621325060469,0.8685974368444797,0.13140256315552035,0.35092682816761434,,,-0.002005223966679681,-0.0014312402844096628,0.0014312402844096628,-0.0025792076489494775,,,A2_group,0.99,1.03,0.97,Screened,fast metric pass; detailed slices computed for top candidates only
A2_group_0.990_1.030_0.975,0.6099456572198363,0.868767228950803,0.13123277104919692,0.3511240854888695,,,-0.0018216992528903297,-0.0012614481780862663,0.0012614481780862385,-0.0023819503276943377,,,A2_group,0.99,1.03,0.975,Screened,fast metric pass; detailed slices computed for top candidates only
A2_group_0.990_1.030_0.980,0.6103597013680031,0.8689290097178367,0.13107099028216326,0.3517903930181694,,,-0.0014076551047235153,-0.0010996674110526072,0.0010996674110525795,-0.0017156427983944234,,,A2_group,0.99,1.03,0.98,Screened,fast metric pass; detailed slices computed for top candidates only
A2_group_0.990_1.030_0.985,0.6107753251516771,0.8690841205954345,0.13091587940456553,0.35246652970791975,,,-0.0009920313210495246,-0.0009445565334548212,0.0009445565334548489,-0.0010395061086440616,,,A2_group,0.99,1.03,0.985,Screened,fast metric pass; detailed slices computed for top candidates only
A2_group_0.990_1.030_0.990,0.611156827729425,0.8692333873248751,0.13076661267512488,0.35308026813397503,,,-0.000610528743301586,-0.0007952898040142209,0.0007952898040141931,-0.0004257676825887846,,,A2_group,0.99,1.03,0.99,Screened,fast metric pass; detailed slices computed for top candidates only
A2_group_0.990_1.030_0.995,0.6114182201402757,0.869376440137902,0.13062355986209795,0.35346000014264933,,,-0.0003491363324509278,-0.000652236990987265,0.000652236990987265,-4.60356739144796e-05,,,A2_group,0.99,1.03,0.995,Screened,fast metric pass; detailed slices computed for top candidates only
A2_group_0.990_1.030_1.000,0.6116380706755513,0.8695121118183262,0.13048788818167378,0.35376402953277647,,,-0.00012928579717530475,-0.0005165653105630996,0.0005165653105630996,0.00025799371621265665,,,A2_group,0.99,1.03,1.0,Screened,fast metric pass; detailed slices computed for top candidates only
A2_group_0.990_1.030_1.005,0.6118248321749118,0.8696395688966986,0.13036043110330145,0.3540100954531249,,,5.7475702185172395e-05,-0.000389108232190738,0.00038910823219076573,0.0005040596365610828,,,A2_group,0.99,1.03,1.005,Screened,fast metric pass; detailed slices computed for top candidates only
A2_group_0.990_1.030_1.010,0.6122035424421641,0.8697603508774959,0.13023964912250405,0.3546467340068323,,,0.0004361859694375081,-0.0002683262513933915,0.00026832625139336375,0.0011406981902684632,,,A2_group,0.99,1.03,1.01,Screened,fast metric pass; detailed slices computed for top candidates only
A2_group_0.990_1.030_1.015,0.6124593973673458,0.8698744339565343,0.13012556604346573,0.3550443607781572,,,0.0006920408946191614,-0.0001542431723550175,0.00015424317235504525,0.0015383249615933958,,,A2_group,0.99,1.03,1.015,Screened,fast metric pass; detailed slices computed for top candidates only
A2_group_0.990_1.030_1.020,0.6125278888569211,0.8699819035399051,0.13001809646009485,0.35507387417393704,,,0.00076053238419449,-4.67735889841947e-05,4.677358898416695e-05,0.0015678383573732302,,,A2_group,0.99,1.03,1.02,Screened,fast metric pass; detailed slices computed for top candidates only
A2_group_0.990_1.030_1.025,0.6129346676670459,0.870081615819592,0.12991838418040805,0.3557877195144998,,,0.0011673111943192316,5.2938690702664104e-05,-5.293869070263635e-05,0.0022816836979359656,,,A2_group,0.99,1.03,1.025,Screened,fast metric pass; detailed slices computed for top candidates only
A2_group_0.990_1.030_1.030,0.6131218046812282,0.8701757720048874,0.12982422799511262,0.35606783735756903,,,0.001354448208501613,0.00014709487599806614,-0.00014709487599806614,0.0025618015410052153,,,A2_group,0.99,1.03,1.03,Screened,fast metric pass; detailed slices computed for top candidates only
A2_group_0.995_0.970_0.970,0.6033788104335267,0.8684733614039721,0.13152663859602784,0.3382842594630812,,,-0.008388546039199918,-0.0015553157249171834,0.0015553157249171556,-0.015221776353482597,,,A2_group,0.995,0.97,0.97,Screened,fast metric pass; detailed slices computed for top candidates only
A2_group_0.995_0.970_0.975,0.6035623351473159,0.8686431535102956,0.13135684648970442,0.3384815167843363,,,-0.008205021325410677,-0.001385523618593676,0.0013855236185937314,-0.015024519032227512,,,A2_group,0.995,0.97,0.975,Screened,fast metric pass; detailed slices computed for top candidates only
A2_group_0.995_0.970_0.980,0.6039763792954828,0.8688049342773293,0.13119506572267073,0.33914782431363616,,,-0.007790977177243863,-0.0012237428515600168,0.0012237428515600446,-0.014358211502927654,,,A2_group,0.995,0.97,0.98,Screened,fast metric pass; detailed slices computed for top candidates only
A2_group_0.995_0.970_0.985,0.6043920030791567,0.868960045154927,0.13103995484507305,0.33982396100338663,,,-0.007375353393569872,-0.0010686319739623418,0.0010686319739623695,-0.01368207481317718,,,A2_group,0.995,0.97,0.985,Screened,fast metric pass; detailed slices computed for top candidates only
A2_group_0.995_0.970_0.990,0.6047735056569047,0.8691093118843676,0.1308906881156324,0.34043769942944185,,,-0.006993850815821934,-0.0009193652445217415,0.0009193652445217138,-0.01306833638712196,,,A2_group,0.995,0.97,0.99,Screened,fast metric pass; detailed slices computed for top candidates only
A2_group_0.995_0.970_0.995,0.6050348980677553,0.8692523646973945,0.13074763530260547,0.3408174314381162,,,-0.0067324584049712755,-0.0007763124314947856,0.0007763124314947856,-0.012688604378447599,,,A2_group,0.995,0.97,0.995,Screened,fast metric pass; detailed slices computed for top candidates only
A2_group_0.995_0.970_1.000,0.6052547486030311,0.8693880363778187,0.13061196362218128,0.34112146082824335,,,-0.006512607869695541,-0.0006406407510706202,0.0006406407510705925,-0.012384574988320463,,,A2_group,0.995,0.97,1.0,Screened,fast metric pass; detailed slices computed for top candidates only
A2_group_0.995_0.970_1.005,0.6054415101023913,0.8695154934561911,0.13048450654380894,0.34136752674859167,,,-0.006325846370335286,-0.0005131836726982586,0.0005131836726982586,-0.012138509067972147,,,A2_group,0.995,0.97,1.005,Screened,fast metric pass; detailed slices computed for top candidates only
A2_group_0.995_0.970_1.010,0.6058202203696438,0.8696362754369884,0.13036372456301157,0.3420041653022991,,,-0.00594713610308284,-0.0003924016919009121,0.00039240169190088436,-0.011501870514264712,,,A2_group,0.995,0.97,1.01,Screened,fast metric pass; detailed slices computed for top candidates only
A2_group_0.995_0.970_1.015,0.6060760752948253,0.8697503585160268,0.13024964148397322,0.342401792073624,,,-0.005691281177901297,-0.0002783186128625381,0.0002783186128625381,-0.011104243742939834,,,A2_group,0.995,0.97,1.015,Screened,fast metric pass; detailed slices computed for top candidates only
A2_group_0.995_0.970_1.020,0.6061445667844008,0.8698578280993976,0.13014217190060237,0.34243130546940387,,,-0.005622789688325858,-0.00017084902949171532,0.00017084902949168757,-0.011074730347159945,,,A2_group,0.995,0.97,1.02,Screened,fast metric pass; detailed slices computed for top candidates only
A2_group_0.995_0.970_1.025,0.6065513455945255,0.8699575403790845,0.13004245962091554,0.34314515080996655,,,-0.005216010878201116,-7.113674980485651e-05,7.113674980485651e-05,-0.010360885006597265,,,A2_group,0.995,0.97,1.025,Screened,fast metric pass; detailed slices computed for top candidates only
A2_group_0.995_0.970_1.030,0.6067384826087079,0.8700516965643799,0.1299483034356201,0.3434252686530359,,,-0.005028873864018735,2.3019435490545526e-05,-2.301943549057328e-05,-0.010080767163527904,,,A2_group,0.995,0.97,1.03,Screened,fast metric pass; detailed slices computed for top candidates only
A2_group_0.995_0.975_0.970,0.6048777772317814,0.8685955629665766,0.1314044370334234,0.3411599914969862,,,-0.006889579240945243,-0.001433114162312732,0.0014331141623127042,-0.012346044319577587,,,A2_group,0.995,0.975,0.97,Screened,fast metric pass; detailed slices computed for top candidates only
A2_group_0.995_0.975_0.975,0.6050613019455706,0.8687653550729001,0.13123464492709994,0.34135724881824125,,,-0.006706054527156002,-0.0012633220559892244,0.0012633220559892522,-0.012148786998322558,,,A2_group,0.995,0.975,0.975,Screened,fast metric pass; detailed slices computed for top candidates only
A2_group_0.995_0.975_0.980,0.6054753460937374,0.8689271358399338,0.13107286416006628,0.3420235563475411,,,-0.006292010378989188,-0.0011015412889555654,0.0011015412889555931,-0.0114824794690227,,,A2_group,0.995,0.975,0.98,Screened,fast metric pass; detailed slices computed for top candidates only
A2_group_0.995_0.975_0.985,0.6058909698774115,0.8690822467175314,0.13091775328246857,0.3426996930372916,,,-0.005876386595315086,-0.0009464304113578903,0.0009464304113578903,-0.010806342779272227,,,A2_group,0.995,0.975,0.985,Screened,fast metric pass; detailed slices computed for top candidates only
A2_group_0.995_0.975_0.990,0.6062724724551595,0.8692315134469721,0.13076848655302792,0.3433134314633468,,,-0.005494884017567148,-0.000797163681917179,0.0007971636819172345,-0.010192604353217005,,,A2_group,0.995,0.975,0.99,Screened,fast metric pass; detailed slices computed for top candidates only
A2_group_0.995_0.975_0.995,0.60653386486601,0.869374566259999,0.130625433740001,0.3436931634720211,,,-0.0052334916067166,-0.0006541108688903341,0.0006541108688903063,-0.0098128723445427,,,A2_group,0.995,0.975,0.995,Screened,fast metric pass; detailed slices computed for top candidates only
A2_group_0.995_0.975_1.000,0.6067537154012858,0.8695102379404231,0.13048976205957682,0.34399719286214836,,,-0.005013641071440866,-0.0005184391884661688,0.000518439188466141,-0.009508842954415453,,,A2_group,0.995,0.975,1.0,Screened,fast metric pass; detailed slices computed for top candidates only
A2_group_0.995_0.975_1.005,0.6069404769006461,0.8696376950187955,0.1303623049812045,0.3442432587824967,,,-0.0048268795720805,-0.0003909821100938071,0.0003909821100938071,-0.009262777034067138,,,A2_group,0.995,0.975,1.005,Screened,fast metric pass; detailed slices computed for top candidates only
A2_group_0.995_0.975_1.010,0.6073191871678986,0.869758476999593,0.13024152300040706,0.3448798973362041,,,-0.0044481693048280535,-0.0002702001292963496,0.0002702001292963774,-0.008626138480359702,,,A2_group,0.995,0.975,1.01,Screened,fast metric pass; detailed slices computed for top candidates only
A2_group_0.995_0.975_1.015,0.6075750420930801,0.8698725600786312,0.13012743992136874,0.34527752410752893,,,-0.004192314379646511,-0.00015611705025808664,0.0001561170502580589,-0.00822851170903488,,,A2_group,0.995,0.975,1.015,Screened,fast metric pass; detailed slices computed for top candidates only
A2_group_0.995_0.975_1.020,0.6076435335826554,0.8699800296620022,0.13001997033799786,0.34530703750330877,,,-0.004123822890071183,-4.8647466887152824e-05,4.864746688718058e-05,-0.008198998313255046,,,A2_group,0.995,0.975,1.02,Screened,fast metric pass; detailed slices computed for top candidates only
A2_group_0.995_0.975_1.025,0.6080503123927803,0.8700797419416889,0.1299202580583111,0.34602088284387156,,,-0.00371704407994633,5.106481279959496e-05,-5.106481279959496e-05,-0.007485152972692255,,,A2_group,0.995,0.975,1.025,Screened,fast metric pass; detailed slices computed for top candidates only
A2_group_0.995_0.975_1.030,0.6082374494069626,0.8701738981269843,0.12982610187301566,0.34630100068694086,,,-0.0035299070657640597,0.000145220998094997,-0.00014522099809502476,-0.00720503512962295,,,A2_group,0.995,0.975,1.03,Screened,fast metric pass; detailed slices computed for top candidates only
A2_group_0.995_0.980_0.970,0.6056913471838171,0.8687015145825236,0.13129848541747632,0.3426811797851106,,,-0.006076009288909501,-0.0013271625463656678,0.00132716254636564,-0.010824856031453223,,,A2_group,0.995,0.98,0.97,Screened,fast metric pass; detailed slices computed for top candidates only
A2_group_0.995_0.980_0.975,0.6058748718976065,0.8688713066888472,0.13112869331115287,0.34287843710636573,,,-0.005892484575120149,-0.0011573704400421603,0.001157370440042188,-0.010627598710198083,,,A2_group,0.995,0.98,0.975,Screened,fast metric pass; detailed slices computed for top candidates only
A2_group_0.995_0.980_0.980,0.6062889160457732,0.8690330874558808,0.1309669125441192,0.34354474463566564,,,-0.005478440426953446,-0.0009955896730085012,0.000995589673008529,-0.009961291180898169,,,A2_group,0.995,0.98,0.98,Screened,fast metric pass; detailed slices computed for top candidates only
A2_group_0.995_0.980_0.985,0.6067045398294473,0.8691881983334785,0.1308118016665215,0.344220881325416,,,-0.005062816643279344,-0.0008404787954108262,0.0008404787954108262,-0.009285154491147807,,,A2_group,0.995,0.98,0.985,Screened,fast metric pass; detailed slices computed for top candidates only
A2_group_0.995_0.980_0.990,0.6070860424071952,0.8693374650629191,0.13066253493708085,0.3448346197514713,,,-0.004681314065531406,-0.0006912120659702259,0.0006912120659701704,-0.00867141606509253,,,A2_group,0.995,0.98,0.99,Screened,fast metric pass; detailed slices computed for top candidates only
A2_group_0.995_0.980_0.995,0.6073474348180459,0.869480517875946,0.13051948212405393,0.3452143517601456,,,-0.004419921654680747,-0.00054815925294327,0.0005481592529432422,-0.008291684056418225,,,A2_group,0.995,0.98,0.995,Screened,fast metric pass; detailed slices computed for top candidates only
A2_group_0.995_0.980_1.000,0.6075672853533215,0.8696161895563702,0.13038381044362976,0.3455183811502727,,,-0.004200071119405124,-0.0004124875725191046,0.00041248757251907686,-0.007987654666291089,,,A2_group,0.995,0.98,1.0,Screened,fast metric pass; detailed slices computed for top candidates only
A2_group_0.995_0.980_1.005,0.6077540468526819,0.8697436466347426,0.13025635336525743,0.34576444707062115,,,-0.004013309620044758,-0.000285030494146743,0.000285030494146743,-0.0077415887459426624,,,A2_group,0.995,0.98,1.005,Screened,fast metric pass; detailed slices computed for top candidates only
A2_group_0.995_0.980_1.010,0.6081327571199343,0.86986442861554,0.13013557138446,0.34640108562432853,,,-0.0036345993527923115,-0.00016424851334928547,0.00016424851334931323,-0.007104950192235282,,,A2_group,0.995,0.98,1.01,Screened,fast metric pass; detailed slices computed for top candidates only
A2_group_0.995_0.980_1.015,0.6083886120451159,0.8699785116945783,0.13002148830542168,0.34679871239565346,,,-0.003378744427610769,-5.0165434311022494e-05,5.016543431099474e-05,-0.006707323420910349,,,A2_group,0.995,0.98,1.015,Screened,fast metric pass; detailed slices computed for top candidates only
A2_group_0.995_0.980_1.020,0.6084571035346913,0.8700859812779492,0.1299140187220508,0.3468282257914333,,,-0.0033102529380353296,5.7304149059911325e-05,-5.730414905988357e-05,-0.006677810025130515,,,A2_group,0.995,0.98,1.02,Screened,fast metric pass; detailed slices computed for top candidates only
A2_group_0.995_0.980_1.025,0.608863882344816,0.870185693557636,0.12981430644236402,0.34754207113199603,,,-0.002903474127910588,0.0001570164287466591,-0.0001570164287466591,-0.00596396468456778,,,A2_group,0.995,0.98,1.025,Screened,fast metric pass; detailed slices computed for top candidates only
A2_group_0.995_0.980_1.030,0.6090510193589983,0.8702798497429314,0.1297201502570686,0.3478221889750653,,,-0.0027163371137283177,0.00025117261404206115,-0.0002511726140420889,-0.00568384684149853,,,A2_group,0.995,0.98,1.03,Screened,fast metric pass; detailed slices computed for top candidates only
A2_group_0.995_0.985_0.970,0.6064450312221323,0.8687894550174892,0.13121054498251086,0.34410060742677556,,,-0.005322325250594284,-0.0012392221114001511,0.001239222111400179,-0.00940542838978825,,,A2_group,0.995,0.985,0.97,Screened,fast metric pass; detailed slices computed for top candidates only
A2_group_0.995_0.985_0.975,0.6066285559359216,0.8689592471238126,0.13104075287618744,0.3442978647480306,,,-0.005138800536805044,-0.0010694300050767547,0.0010694300050767547,-0.009208171068533222,,,A2_group,0.995,0.985,0.975,Screened,fast metric pass; detailed slices computed for top candidates only
A2_group_0.995_0.985_0.980,0.6070426000840884,0.8691210278908462,0.13087897210915378,0.3449641722773305,,,-0.004724756388638229,-0.0009076492380430956,0.0009076492380430956,-0.008541863539233308,,,A2_group,0.995,0.985,0.98,Screened,fast metric pass; detailed slices computed for top candidates only
A2_group_0.995_0.985_0.985,0.6074582238677624,0.8692761387684439,0.13072386123155608,0.345640308967081,,,-0.004309132604964239,-0.0007525383604454206,0.0007525383604453928,-0.007865726849482835,,,A2_group,0.995,0.985,0.985,Screened,fast metric pass; detailed slices computed for top candidates only
A2_group_0.995_0.985_0.990,0.6078397264455104,0.8694254054978846,0.13057459450211542,0.3462540473931362,,,-0.003927630027216189,-0.0006032716310047093,0.000603271631004737,-0.007251988423427613,,,A2_group,0.995,0.985,0.99,Screened,fast metric pass; detailed slices computed for top candidates only
A2_group_0.995_0.985_0.995,0.6081011188563611,0.8695684583109116,0.1304315416890885,0.34663377940181056,,,-0.003666237616365531,-0.0004602188179777533,0.00046021881797780884,-0.006872256414753253,,,A2_group,0.995,0.985,0.995,Screened,fast metric pass; detailed slices computed for top candidates only
A2_group_0.995_0.985_1.000,0.6083209693916367,0.8697041299913357,0.1302958700086643,0.3469378087919377,,,-0.0034463870810899078,-0.000324547137553588,0.00032454713755361575,-0.0065682270246261165,,,A2_group,0.995,0.985,1.0,Screened,fast metric pass; detailed slices computed for top candidates only
A2_group_0.995_0.985_1.005,0.608507730890997,0.869831587069708,0.130168412930292,0.347183874712286,,,-0.0032596255817296527,-0.00019709005918133737,0.00019709005918130962,-0.006322161104277801,,,A2_group,0.995,0.985,1.005,Screened,fast metric pass; detailed slices computed for top candidates only
A2_group_0.995_0.985_1.010,0.6088864411582494,0.8699523690505054,0.1300476309494946,0.34782051326599345,,,-0.002880915314477206,-7.630807838387987e-05,7.630807838390763e-05,-0.0056855225505703655,,,A2_group,0.995,0.985,1.01,Screened,fast metric pass; detailed slices computed for top candidates only
A2_group_0.995_0.985_1.015,0.609142296083431,0.8700664521295437,0.12993354787045627,0.3482181400373183,,,-0.0026250603892956637,3.7775000654383106e-05,-3.777500065441086e-05,-0.005287895779245488,,,A2_group,0.995,0.985,1.015,Screened,fast metric pass; detailed slices computed for top candidates only
A2_group_0.995_0.985_1.020,0.6092107875730064,0.8701739217129146,0.1298260782870854,0.3482476534330982,,,-0.002556568899720224,0.00014524458402531693,-0.00014524458402528917,-0.0052583823834655985,,,A2_group,0.995,0.985,1.02,Screened,fast metric pass; detailed slices computed for top candidates only
A2_group_0.995_0.985_1.025,0.6096175663831311,0.8702736339926014,0.1297263660073986,0.3489614987736609,,,-0.0021497900895954825,0.0002449568637120647,-0.00024495686371209247,-0.004544537042902919,,,A2_group,0.995,0.985,1.025,Screened,fast metric pass; detailed slices computed for top candidates only
A2_group_0.995_0.985_1.030,0.6098047033973135,0.8703677901778969,0.12963220982210313,0.34924161661673025,,,-0.001962653075413101,0.00033911304900757777,-0.00033911304900755,-0.004264419199833558,,,A2_group,0.995,0.985,1.03,Screened,fast metric pass; detailed slices computed for top candidates only
A2_group_0.995_0.990_0.970,0.6074641972397529,0.8688610846703213,0.13113891532967867,0.3460673098091845,,,-0.004303159232973752,-0.001167592458568012,0.0011675924585679842,-0.007438726007379326,,,A2_group,0.995,0.99,0.97,Screened,fast metric pass; detailed slices computed for top candidates only
A2_group_0.995_0.990_0.975,0.6076477219535422,0.8690308767766448,0.13096912322335524,0.34626456713043957,,,-0.004119634519184401,-0.0009978003522445045,0.00099780035224456,-0.007241468686124242,,,A2_group,0.995,0.99,0.975,Screened,fast metric pass; detailed slices computed for top candidates only
A2_group_0.995_0.990_0.980,0.6080617661017089,0.8691926575436785,0.13080734245632156,0.34693087465973943,,,-0.0037055903710176974,-0.0008360195852108454,0.0008360195852108732,-0.006575161156824383,,,A2_group,0.995,0.99,0.98,Screened,fast metric pass; detailed slices computed for top candidates only
A2_group_0.995_0.990_0.985,0.608477389885383,0.8693477684212761,0.13065223157872388,0.34760701134948985,,,-0.0032899665873435957,-0.0006809087076131703,0.0006809087076131981,-0.0058990244670739655,,,A2_group,0.995,0.99,0.985,Screened,fast metric pass; detailed slices computed for top candidates only
A2_group_0.995_0.990_0.990,0.608858892463131,0.8694970351507167,0.13050296484928323,0.3482207497755451,,,-0.002908464009595657,-0.0005316419781725701,0.0005316419781725423,-0.005285286041018689,,,A2_group,0.995,0.99,0.99,Screened,fast metric pass; detailed slices computed for top candidates only
A2_group_0.995_0.990_0.995,0.6091202848739816,0.8696400879637437,0.1303599120362563,0.34860048178421943,,,-0.002647071598744999,-0.00038858916514561415,0.00038858916514561415,-0.004905554032344384,,,A2_group,0.995,0.99,0.995,Screened,fast metric pass; detailed slices computed for top candidates only
A2_group_0.995_0.990_1.000,0.6093401354092572,0.8697757596441679,0.1302242403558321,0.3489045111743467,,,-0.002427221063469376,-0.0002529174847214488,0.00025291748472142106,-0.004601524642217136,,,A2_group,0.995,0.99,1.0,Screened,fast metric pass; detailed slices computed for top candidates only
A2_group_0.995_0.990_1.005,0.6095268969086176,0.8699032167225402,0.13009678327745977,0.349150577094695,,,-0.0022404595641090097,-0.00012546040634908717,0.00012546040634908717,-0.004355458721868821,,,A2_group,0.995,0.99,1.005,Screened,fast metric pass; detailed slices computed for top candidates only
A2_group_0.995_0.990_1.010,0.60990560717587,0.8700239987033376,0.1299760012966624,0.34978721564840237,,,-0.001861749296856674,-4.678425551740695e-06,4.678425551712939e-06,-0.003718820168161441,,,A2_group,0.995,0.99,1.01,Screened,fast metric pass; detailed slices computed for top candidates only
A2_group_0.995_0.990_1.015,0.6101614621010516,0.870138081782376,0.12986191821762405,0.3501848424197272,,,-0.0016058943716750207,0.00010940465348663331,-0.00010940465348663331,-0.003321193396836619,,,A2_group,0.995,0.99,1.015,Screened,fast metric pass; detailed slices computed for top candidates only
A2_group_0.995_0.990_1.020,0.6102299535906269,0.8702455513657468,0.1297544486342532,0.3502143558155071,,,-0.0015374028820996921,0.0002168742368574561,-0.00021687423685748386,-0.0032916800010567293,,,A2_group,0.995,0.99,1.02,Screened,fast metric pass; detailed slices computed for top candidates only
A2_group_0.995_0.990_1.025,0.6106367324007518,0.8703452636454336,0.12965473635456637,0.3509282011560699,,,-0.0011306240719748395,0.0003165865165443149,-0.0003165865165443149,-0.0025778346604939384,,,A2_group,0.995,0.99,1.025,Screened,fast metric pass; detailed slices computed for top candidates only
A2_group_0.995_0.990_1.030,0.610823869414934,0.870439419830729,0.12956058016927094,0.3512083189991391,,,-0.0009434870577925691,0.00041074270183971695,-0.0004107427018397447,-0.0022977168174246887,,,A2_group,0.995,0.99,1.03,Screened,fast metric pass; detailed slices computed for top candidates only
A2_group_0.995_0.995_0.970,0.6081666774697805,0.8689137078567785,0.1310862921432215,0.3474196470827826,,,-0.003600679002946139,-0.001114969272110855,0.0011149692721108273,-0.006086388733781201,,,A2_group,0.995,0.995,0.97,Screened,fast metric pass; detailed slices computed for top candidates only
A2_group_0.995_0.995_0.975,0.6083502021835698,0.869083499963102,0.13091650003689806,0.34761690440403764,,,-0.0034171542891567874,-0.0009451771657873476,0.0009451771657873753,-0.005889131412526172,,,A2_group,0.995,0.995,0.975,Screened,fast metric pass; detailed slices computed for top candidates only
A2_group_0.995_0.995_0.980,0.6087642463317366,0.8692452807301356,0.1307547192698644,0.3482832119333376,,,-0.003003110140989973,-0.0007833963987536885,0.0007833963987537162,-0.005222823883226202,,,A2_group,0.995,0.995,0.98,Screened,fast metric pass; detailed slices computed for top candidates only
A2_group_0.995_0.995_0.985,0.6091798701154106,0.8694003916077333,0.1305996083922667,0.34895934862308803,,,-0.0025874863573159823,-0.0006282855211560134,0.0006282855211560134,-0.004546687193475785,,,A2_group,0.995,0.995,0.985,Screened,fast metric pass; detailed slices computed for top candidates only
A2_group_0.995_0.995_0.990,0.6095613726931587,0.869549658337174,0.130450341662826,0.3495730870491433,,,-0.0022059837795679327,-0.00047901879171530215,0.0004790187917153299,-0.003932948767420508,,,A2_group,0.995,0.995,0.99,Screened,fast metric pass; detailed slices computed for top candidates only
A2_group_0.995_0.995_0.995,0.6098227651040092,0.8696927111502009,0.1303072888497991,0.3499528190578176,,,-0.0019445913687173855,-0.00033596597868845723,0.0003359659786884295,-0.0035532167587462027,,,A2_group,0.995,0.995,0.995,Screened,fast metric pass; detailed slices computed for top candidates only
A2_group_0.995_0.995_1.000,0.6100426156392849,0.869828382830625,0.13017161716937492,0.35025684844794475,,,-0.0017247408334417624,-0.0002002942982642919,0.0002002942982642364,-0.0032491873686190664,,,A2_group,0.995,0.995,1.0,Screened,fast metric pass; detailed slices computed for top candidates only
A2_group_0.995_0.995_1.005,0.6102293771386452,0.8699558399089974,0.1300441600910026,0.3505029143682931,,,-0.0015379793340813963,-7.283721989193026e-05,7.28372198919025e-05,-0.003003121448270696,,,A2_group,0.995,0.995,1.005,Screened,fast metric pass; detailed slices computed for top candidates only
A2_group_0.995_0.995_1.010,0.6106080874058977,0.8700766218897948,0.12992337811020518,0.3511395529220005,,,-0.0011592690668289496,4.794476090552724e-05,-4.7944760905499484e-05,-0.0023664828945633154,,,A2_group,0.995,0.995,1.01,Screened,fast metric pass; detailed slices computed for top candidates only
A2_group_0.995_0.995_1.015,0.6108639423310792,0.8701907049688331,0.12980929503116687,0.3515371796933254,,,-0.0009034141416474073,0.00016202783994379022,-0.00016202783994381798,-0.0019688561232384383,,,A2_group,0.995,0.995,1.015,Screened,fast metric pass; detailed slices computed for top candidates only
A2_group_0.995_0.995_1.020,0.6109324338206547,0.870298174552204,0.129701825447796,0.35156669308910526,,,-0.0008349226520719677,0.00026949742331472404,-0.0002694974233146963,-0.0019393427274585484,,,A2_group,0.995,0.995,1.02,Screened,fast metric pass; detailed slices computed for top candidates only
A2_group_0.995_0.995_1.025,0.6113392126307794,0.8703978868318908,0.12960211316810918,0.35228053842966794,,,-0.0004281438419472261,0.0003692097030014718,-0.0003692097030014996,-0.0012254973868958685,,,A2_group,0.995,0.995,1.025,Screened,fast metric pass; detailed slices computed for top candidates only
A2_group_0.995_0.995_1.030,0.6115263496449618,0.8704920430171862,0.12950795698281378,0.3525606562727373,,,-0.00024100682776484472,0.00046336588829687386,-0.0004633658882969016,-0.0009453795438265078,,,A2_group,0.995,0.995,1.03,Screened,fast metric pass; detailed slices computed for top candidates only
A2_group_0.995_1.000_0.970,0.6088875566428338,0.8689502605692858,0.13104973943071424,0.3488248527163818,,,-0.0028797998298928373,-0.0010784165596035011,0.0010784165596035566,-0.004681183100182007,,,A2_group,0.995,1.0,0.97,Screened,fast metric pass; detailed slices computed for top candidates only
A2_group_0.995_1.000_0.975,0.6090710813566231,0.8691200526756092,0.13087994732439082,0.34902211003763695,,,-0.002696275116103486,-0.0009086244532801047,0.0009086244532801324,-0.004483925778926867,,,A2_group,0.995,1.0,0.975,Screened,fast metric pass; detailed slices computed for top candidates only
A2_group_0.995_1.000_0.980,0.6094851255047898,0.8692818334426429,0.13071816655735713,0.34968841756693686,,,-0.0022822309679367825,-0.0007468436862464456,0.0007468436862464456,-0.003817618249626953,,,A2_group,0.995,1.0,0.98,Screened,fast metric pass; detailed slices computed for top candidates only
A2_group_0.995_1.000_0.985,0.6099007492884639,0.8694369443202405,0.13056305567975945,0.3503645542566873,,,-0.0018666071842626808,-0.0005917328086487705,0.0005917328086487705,-0.0031414815598765355,,,A2_group,0.995,1.0,0.985,Screened,fast metric pass; detailed slices computed for top candidates only
A2_group_0.995_1.000_0.990,0.6102822518662119,0.8695862110496813,0.13041378895031877,0.3509782926827425,,,-0.0014851046065147422,-0.00044246607920805925,0.000442466079208087,-0.002527743133821314,,,A2_group,0.995,1.0,0.99,Screened,fast metric pass; detailed slices computed for top candidates only
A2_group_0.995_1.000_0.995,0.6105436442770624,0.8697292638627081,0.13027073613729187,0.3513580246914168,,,-0.001223712195664195,-0.00029941326618121433,0.0002994132661811866,-0.002148011125147009,,,A2_group,0.995,1.0,0.995,Screened,fast metric pass; detailed slices computed for top candidates only
A2_group_0.995_1.000_1.000,0.6107634948123382,0.8698649355431324,0.13013506445686765,0.351662054081544,,,-0.001003861660388461,-0.00016374158575693798,0.00016374158575696574,-0.0018439817350198173,,,A2_group,0.995,1.0,1.0,Screened,fast metric pass; detailed slices computed for top candidates only
A2_group_0.995_1.000_1.005,0.6109502563116985,0.8699923926215046,0.13000760737849534,0.35190812000189237,,,-0.0008171001610280948,-3.628450738468736e-05,3.62845073846596e-05,-0.0015979158146714467,,,A2_group,0.995,1.0,1.005,Screened,fast metric pass; detailed slices computed for top candidates only
A2_group_0.995_1.000_1.010,0.611328966578951,0.8701131746023021,0.12988682539769794,0.3525447585555998,,,-0.0004383898937756481,8.449747341277014e-05,-8.449747341274239e-05,-0.0009612772609640108,,,A2_group,0.995,1.0,1.01,Screened,fast metric pass; detailed slices computed for top candidates only
A2_group_0.995_1.000_1.015,0.6115848215041325,0.8702272576813403,0.12977274231865962,0.3529423853269247,,,-0.00018253496859410578,0.00019858055245103312,-0.00019858055245106088,-0.0005636504896391337,,,A2_group,0.995,1.0,1.015,Screened,fast metric pass; detailed slices computed for top candidates only
A2_group_0.995_1.000_1.020,0.611653312993708,0.8703347272647113,0.12966527273528874,0.35297189872270457,,,-0.00011404347901866618,0.00030605013582196694,-0.0003060501358219392,-0.0005341370938592438,,,A2_group,0.995,1.0,1.02,Screened,fast metric pass; detailed slices computed for top candidates only
A2_group_0.995_1.000_1.025,0.6120600918038326,0.870434439544398,0.12956556045560194,0.35368574406326725,,,0.0002927353311059644,0.0004057624155087147,-0.0004057624155087425,0.0001797082467034361,,,A2_group,0.995,1.0,1.025,Screened,fast metric pass; detailed slices computed for top candidates only
A2_group_0.995_1.000_1.030,0.6122472288180151,0.8705285957296935,0.1294714042703065,0.35396586190633655,,,0.0004798723452884568,0.0004999186008042278,-0.0004999186008041723,0.0004598260897727413,,,A2_group,0.995,1.0,1.03,Screened,fast metric pass; detailed slices computed for top candidates only
A2_group_0.995_1.005_0.970,0.6093344538729569,0.8689667245330494,0.13103327546695068,0.34970218321286445,,,-0.002432902599769693,-0.0010619525958399656,0.0010619525958399934,-0.0038038526036993647,,,A2_group,0.995,1.005,0.97,Screened,fast metric pass; detailed slices computed for top candidates only
A2_group_0.995_1.005_0.975,0.6095179785867462,0.8691365166393727,0.13086348336062723,0.3498994405341196,,,-0.0022493778859804525,-0.0008921604895165691,0.0008921604895165414,-0.003606595282444225,,,A2_group,0.995,1.005,0.975,Screened,fast metric pass; detailed slices computed for top candidates only
A2_group_0.995_1.005_0.980,0.609932022734913,0.8692982974064064,0.13070170259359357,0.35056574806341945,,,-0.001835333737813638,-0.0007303797224829101,0.0007303797224828823,-0.002940287753144366,,,A2_group,0.995,1.005,0.98,Screened,fast metric pass; detailed slices computed for top candidates only
A2_group_0.995_1.005_0.985,0.610347646518587,0.8694534082840041,0.1305465917159959,0.3512418847531699,,,-0.0014197099541396474,-0.000575268844885235,0.0005752688448852072,-0.0022641510633938933,,,A2_group,0.995,1.005,0.985,Screened,fast metric pass; detailed slices computed for top candidates only
A2_group_0.995_1.005_0.990,0.6107291490963349,0.8696026750134448,0.1303973249865552,0.35185562317922514,,,-0.0010382073763917088,-0.0004260021154445237,0.0004260021154445237,-0.0016504126373386718,,,A2_group,0.995,1.005,0.99,Screened,fast metric pass; detailed slices computed for top candidates only
A2_group_0.995_1.005_0.995,0.6109905415071856,0.8697457278264717,0.13025427217352828,0.35223535518789945,,,-0.0007768149655410506,-0.00028294930241756777,0.00028294930241759553,-0.0012706806286643668,,,A2_group,0.995,1.005,0.995,Screened,fast metric pass; detailed slices computed for top candidates only
A2_group_0.995_1.005_1.000,0.6112103920424613,0.8698813995068959,0.1301186004931041,0.35253938457802664,,,-0.0005569644302653165,-0.00014727762199340244,0.00014727762199340244,-0.000966651238537175,,,A2_group,0.995,1.005,1.0,Screened,fast metric pass; detailed slices computed for top candidates only
A2_group_0.995_1.005_1.005,0.6113971535418217,0.8700088565852683,0.12999114341473175,0.35278545049837495,,,-0.0003702029309049504,-1.9820543621040798e-05,1.9820543621068554e-05,-0.00072058531818886,,,A2_group,0.995,1.005,1.005,Screened,fast metric pass; detailed slices computed for top candidates only
A2_group_0.995_1.005_1.010,0.611775863809074,0.8701296385660656,0.12987036143393438,0.35342208905208233,,,8.50733634738532e-06,0.00010096143717630568,-0.00010096143717630568,-8.394676448147953e-05,,,A2_group,0.995,1.005,1.01,Screened,fast metric pass; detailed slices computed for top candidates only
A2_group_0.995_1.005_1.015,0.6120317187342557,0.870243721645104,0.12975627835489603,0.35381971582340727,,,0.00026436226152903863,0.00021504451621467968,-0.00021504451621465193,0.0003136800068434531,,,A2_group,0.995,1.005,1.015,Screened,fast metric pass; detailed slices computed for top candidates only
A2_group_0.995_1.005_1.020,0.612100210223831,0.8703511912284748,0.12964880877152518,0.3538492292191871,,,0.0003328537511043672,0.0003225140995855025,-0.0003225140995855025,0.00034319340262328746,,,A2_group,0.995,1.005,1.02,Screened,fast metric pass; detailed slices computed for top candidates only
A2_group_0.995_1.005_1.025,0.6125069890339557,0.8704509035081617,0.12954909649183835,0.35456307455974984,,,0.0007396325612291088,0.0004222263792723613,-0.00042222637927233353,0.0010570387431860229,,,A2_group,0.995,1.005,1.025,Screened,fast metric pass; detailed slices computed for top candidates only
A2_group_0.995_1.005_1.030,0.6126941260481381,0.8705450596934571,0.12945494030654295,0.3548431924028192,,,0.0009267695754114902,0.0005163825645677633,-0.0005163825645677356,0.0013371565862553836,,,A2_group,0.995,1.005,1.03,Screened,fast metric pass; detailed slices computed for top candidates only
A2_group_0.995_1.010_0.970,0.6098320613459962,0.8689653930535484,0.13103460694645164,0.3506987296384441,,,-0.0019352951267304075,-0.0010632840753409534,0.0010632840753409534,-0.002807306178119695,,,A2_group,0.995,1.01,0.97,Screened,fast metric pass; detailed slices computed for top candidates only
A2_group_0.995_1.010_0.975,0.6100155860597856,0.8691351851598718,0.1308648148401282,0.35089598695969926,,,-0.001751770412941056,-0.0008934919690175569,0.0008934919690175291,-0.0026100488568645552,,,A2_group,0.995,1.01,0.975,Screened,fast metric pass; detailed slices computed for top candidates only
A2_group_0.995_1.010_0.980,0.6104296302079523,0.8692969659269054,0.13070303407309455,0.35156229448899917,,,-0.0013377262647743526,-0.0007317112019838978,0.0007317112019838701,-0.001943741327564641,,,A2_group,0.995,1.01,0.98,Screened,fast metric pass; detailed slices computed for top candidates only
A2_group_0.995_1.010_0.985,0.6108452539916264,0.8694520768045031,0.13054792319549685,0.3522384311787496,,,-0.000922102481100251,-0.0005766003243862228,0.0005766003243861673,-0.0012676046378142236,,,A2_group,0.995,1.01,0.985,Screened,fast metric pass; detailed slices computed for top candidates only
A2_group_0.995_1.010_0.990,0.6112267565693743,0.8696013435339438,0.1303986564660562,0.3528521696048048,,,-0.0005405999033523123,-0.0004273335949455115,0.0004273335949455115,-0.0006538662117590022,,,A2_group,0.995,1.01,0.99,Screened,fast metric pass; detailed slices computed for top candidates only
A2_group_0.995_1.010_0.995,0.611488148980225,0.8697443963469708,0.13025560365302927,0.3532319016134791,,,-0.0002792074925016541,-0.00028428078191855555,0.0002842807819185833,-0.00027413420308469716,,,A2_group,0.995,1.01,0.995,Screened,fast metric pass; detailed slices computed for top candidates only
A2_group_0.995_1.010_1.000,0.6117079995155006,0.8698800680273949,0.13011993197260507,0.3535359310036063,,,-5.935695722603107e-05,-0.00014860910149439022,0.00014860910149439022,2.989518704249461e-05,,,A2_group,0.995,1.01,1.0,Screened,fast metric pass; detailed slices computed for top candidates only
A2_group_0.995_1.010_1.005,0.611894761014861,0.8700075251057673,0.12999247489423274,0.3537819969239547,,,0.00012740454213433505,-2.1152023122028574e-05,2.115202312205633e-05,0.0002759611073908652,,,A2_group,0.995,1.01,1.005,Screened,fast metric pass; detailed slices computed for top candidates only
A2_group_0.995_1.010_1.010,0.6122734712821134,0.8701283070865646,0.12987169291343534,0.3544186354776621,,,0.0005061148093867818,9.96299576753179e-05,-9.962995767534566e-05,0.0009125996610983012,,,A2_group,0.995,1.01,1.01,Screened,fast metric pass; detailed slices computed for top candidates only
A2_group_0.995_1.010_1.015,0.612529326207295,0.870242390165603,0.12975760983439702,0.354816262248987,,,0.0007619697345684351,0.0002137130367136919,-0.00021371303671366415,0.0013102264324231783,,,A2_group,0.995,1.01,1.015,Screened,fast metric pass; detailed slices computed for top candidates only
A2_group_0.995_1.010_1.020,0.6125978176968704,0.8703498597489738,0.12965014025102614,0.3548457756447669,,,0.0008304612241437637,0.0003211826200845147,-0.00032118262008454246,0.0013397398282030681,,,A2_group,0.995,1.01,1.02,Screened,fast metric pass; detailed slices computed for top candidates only
A2_group_0.995_1.010_1.025,0.6130045965069951,0.8704495720286607,0.12955042797133934,0.35555962098532956,,,0.0012372400342685053,0.0004208948997713735,-0.00042089489977134575,0.002053585168765748,,,A2_group,0.995,1.01,1.025,Screened,fast metric pass; detailed slices computed for top candidates only
A2_group_0.995_1.010_1.030,0.6131917335211775,0.8705437282139561,0.1294562717860439,0.35583973882839887,,,0.0014243770484508866,0.0005150510850667755,-0.0005150510850667755,0.0023337030118350532,,,A2_group,0.995,1.01,1.03,Screened,fast metric pass; detailed slices computed for top candidates only
A2_group_0.995_1.015_0.970,0.6104897099810507,0.8689423566113849,0.1310576433886151,0.3520370633507164,,,-0.0012776464916759434,-0.0010863205175044577,0.00108632051750443,-0.001468972465847429,,,A2_group,0.995,1.015,0.97,Screened,fast metric pass; detailed slices computed for top candidates only
A2_group_0.995_1.015_0.975,0.6106732346948399,0.8691121487177083,0.1308878512822917,0.3522343206719715,,,-0.001094121777886703,-0.0009165284111810612,0.0009165284111810057,-0.0012717151445922892,,,A2_group,0.995,1.015,0.975,Screened,fast metric pass; detailed slices computed for top candidates only
A2_group_0.995_1.015_0.980,0.6110872788430067,0.869273929484742,0.130726070515258,0.35290062820127144,,,-0.0006800776297198885,-0.0007547476441472911,0.0007547476441473189,-0.0006054076152923749,,,A2_group,0.995,1.015,0.98,Screened,fast metric pass; detailed slices computed for top candidates only
A2_group_0.995_1.015_0.985,0.6115029026266807,0.8694290403623397,0.13057095963766033,0.3535767648910218,,,-0.00026445384604589783,-0.0005996367665496161,0.0005996367665496438,7.072907445798693e-05,,,A2_group,0.995,1.015,0.985,Screened,fast metric pass; detailed slices computed for top candidates only
A2_group_0.995_1.015_0.990,0.6118844052044287,0.8695783070917803,0.13042169290821967,0.3541905033170771,,,0.00011704873170204078,-0.0004503700371090158,0.00045037003710898804,0.0006844675005132639,,,A2_group,0.995,1.015,0.99,Screened,fast metric pass; detailed slices computed for top candidates only
A2_group_0.995_1.015_0.995,0.6121457976152793,0.8697213599048073,0.13027864009519274,0.3545702353257514,,,0.000378441142552699,-0.00030731722408205986,0.00030731722408205986,0.001064199509187569,,,A2_group,0.995,1.015,0.995,Screened,fast metric pass; detailed slices computed for top candidates only
A2_group_0.995_1.015_1.000,0.6123656481505549,0.8698570315852314,0.13014296841476855,0.3548742647158785,,,0.000598291677828322,-0.00017164554365789453,0.00017164554365786677,0.0013682288993147051,,,A2_group,0.995,1.015,1.0,Screened,fast metric pass; detailed slices computed for top candidates only
A2_group_0.995_1.015_1.005,0.6125524096499153,0.8699844886636038,0.13001551133639622,0.35512033063622694,,,0.0007850531771886882,-4.4188465285532885e-05,4.4188465285532885e-05,0.0016142948196631313,,,A2_group,0.995,1.015,1.005,Screened,fast metric pass; detailed slices computed for top candidates only
A2_group_0.995_1.015_1.010,0.6129311199171678,0.8701052706444011,0.12989472935559884,0.3557569691899343,,,0.0011637634444411349,7.659351551181359e-05,-7.659351551184135e-05,0.0022509333733705117,,,A2_group,0.995,1.015,1.01,Screened,fast metric pass; detailed slices computed for top candidates only
A2_group_0.995_1.015_1.015,0.6131869748423494,0.8702193537234395,0.1297806462765605,0.35615459596125926,,,0.0014196183696227882,0.0001906765945501876,-0.0001906765945501876,0.0026485601446954443,,,A2_group,0.995,1.015,1.015,Screened,fast metric pass; detailed slices computed for top candidates only
A2_group_0.995_1.015_1.020,0.6132554663319247,0.8703268233068103,0.12967317669318965,0.3561841093570391,,,0.0014881098591981168,0.0002981461779210104,-0.00029814617792103815,0.0026780735404752787,,,A2_group,0.995,1.015,1.02,Screened,fast metric pass; detailed slices computed for top candidates only
A2_group_0.995_1.015_1.025,0.6136622451420495,0.8704265355864972,0.12957346441350281,0.3568979546976018,,,0.0018948886693228584,0.0003978584576078692,-0.0003978584576078692,0.003391918881038014,,,A2_group,0.995,1.015,1.025,Screened,fast metric pass; detailed slices computed for top candidates only
A2_group_0.995_1.015_1.030,0.6138493821562319,0.8705206917717926,0.12947930822820738,0.3571780725406711,,,0.0020820256835052398,0.0004920146429032712,-0.000492014642903299,0.003672036724107264,,,A2_group,0.995,1.015,1.03,Screened,fast metric pass; detailed slices computed for top candidates only
A2_group_0.995_1.020_0.970,0.6108283308496784,0.8689017248955926,0.13109827510440744,0.35275493680376413,,,-0.0009390256230482619,-0.0011269522332967297,0.0011269522332967574,-0.000751099012799683,,,A2_group,0.995,1.02,0.97,Screened,fast metric pass; detailed slices computed for top candidates only
A2_group_0.995_1.020_0.975,0.6110118555634676,0.869071517001916,0.130928482998084,0.35295219412501916,,,-0.0007555009092590215,-0.0009571601269733332,0.0009571601269733054,-0.0005538416915446542,,,A2_group,0.995,1.02,0.975,Screened,fast metric pass; detailed slices computed for top candidates only
A2_group_0.995_1.020_0.980,0.6114258997116344,0.8692332977689496,0.13076670223105033,0.35361850165431913,,,-0.000341456761092207,-0.0007953793599396741,0.0007953793599396464,0.0001124658377553156,,,A2_group,0.995,1.02,0.98,Screened,fast metric pass; detailed slices computed for top candidates only
A2_group_0.995_1.020_0.985,0.6118415234953084,0.8693884086465473,0.13061159135345266,0.35429463834406955,,,7.416702258178365e-05,-0.0006402684823419991,0.0006402684823419713,0.0007886025275057329,,,A2_group,0.995,1.02,0.985,Screened,fast metric pass; detailed slices computed for top candidates only
A2_group_0.995_1.020_0.990,0.6122230260730565,0.869537675375988,0.13046232462401197,0.3549083767701248,,,0.0004556696003298333,-0.0004910017529012878,0.0004910017529012878,0.0014023409535610099,,,A2_group,0.995,1.02,0.99,Screened,fast metric pass; detailed slices computed for top candidates only
A2_group_0.995_1.020_0.995,0.6124844184839071,0.869680728189015,0.13031927181098504,0.3552881087787991,,,0.0007170620111804915,-0.00034794893987433184,0.0003479489398743596,0.0017820729622353149,,,A2_group,0.995,1.02,0.995,Screened,fast metric pass; detailed slices computed for top candidates only
A2_group_0.995_1.020_1.000,0.6127042690191827,0.8698163998694391,0.13018360013056085,0.35559213816892626,,,0.0009369125464561145,-0.0002122772594501665,0.0002122772594501665,0.002086102352362451,,,A2_group,0.995,1.02,1.0,Screened,fast metric pass; detailed slices computed for top candidates only
A2_group_0.995_1.020_1.005,0.6128910305185431,0.8699438569478115,0.13005614305218852,0.35583820408927463,,,0.0011236740458164807,-8.482018107780487e-05,8.482018107783262e-05,0.0023321682727108217,,,A2_group,0.995,1.02,1.005,Screened,fast metric pass; detailed slices computed for top candidates only
A2_group_0.995_1.020_1.010,0.6132697407857954,0.8700646389286089,0.12993536107139114,0.356474842642982,,,0.0015023843130688164,3.596179971954161e-05,-3.596179971954161e-05,0.002968806826418202,,,A2_group,0.995,1.02,1.01,Screened,fast metric pass; detailed slices computed for top candidates only
A2_group_0.995_1.020_1.015,0.6135255957109771,0.8701787220076472,0.1298212779923528,0.3568724694143069,,,0.0017582392382504697,0.0001500448787579156,-0.00015004487875788786,0.0033664335977430793,,,A2_group,0.995,1.02,1.015,Screened,fast metric pass; detailed slices computed for top candidates only
A2_group_0.995_1.020_1.020,0.6135940872005524,0.870286191591018,0.12971380840898195,0.3569019828100868,,,0.0018267307278257983,0.0002575144621287384,-0.0002575144621287384,0.003395946993522969,,,A2_group,0.995,1.02,1.02,Screened,fast metric pass; detailed slices computed for top candidates only
A2_group_0.995_1.020_1.025,0.6140008660106772,0.8703859038707049,0.12961409612929511,0.35761582815064946,,,0.00223350953795054,0.0003572267418155972,-0.00035722674181556946,0.004109792334085649,,,A2_group,0.995,1.02,1.025,Screened,fast metric pass; detailed slices computed for top candidates only
A2_group_0.995_1.020_1.030,0.6141880030248595,0.8704800600560003,0.1295199399439997,0.3578959459937188,,,0.0024206465521329212,0.00045138292711099925,-0.0004513829271109715,0.00438991017715501,,,A2_group,0.995,1.02,1.03,Screened,fast metric pass; detailed slices computed for top candidates only
A2_group_0.995_1.025_0.970,0.6108014925498537,0.868844880553883,0.131155119446117,0.35275810454582457,,,-0.0009658639228729005,-0.001183796575006335,0.0011837965750063073,-0.0007479312707392438,,,A2_group,0.995,1.025,0.97,Screened,fast metric pass; detailed slices computed for top candidates only
A2_group_0.995_1.025_0.975,0.6109850172636431,0.8690146726602064,0.13098532733979357,0.3529553618670797,,,-0.000782339209083549,-0.0010140044686829386,0.001014004468682883,-0.000550673949484104,,,A2_group,0.995,1.025,0.975,Screened,fast metric pass; detailed slices computed for top candidates only
A2_group_0.995_1.025_0.980,0.6113990614118099,0.8691764534272401,0.13082354657275988,0.3536216693963796,,,-0.0003682950609167346,-0.0008522237016491685,0.0008522237016491963,0.00011563357981581035,,,A2_group,0.995,1.025,0.98,Screened,fast metric pass; detailed slices computed for top candidates only
A2_group_0.995_1.025_0.985,0.6118146851954839,0.8693315643048378,0.1306684356951622,0.35429780608613,,,4.732872275725608e-05,-0.0006971128240514934,0.0006971128240515212,0.0007917702695661721,,,A2_group,0.995,1.025,0.985,Screened,fast metric pass; detailed slices computed for top candidates only
A2_group_0.995_1.025_0.990,0.6121961877732318,0.8694808310342784,0.13051916896572155,0.35491154451218526,,,0.0004288313005051947,-0.0005478460946108932,0.0005478460946108654,0.001405508695621449,,,A2_group,0.995,1.025,0.99,Screened,fast metric pass; detailed slices computed for top candidates only
A2_group_0.995_1.025_0.995,0.6124575801840825,0.8696238838473054,0.13037611615269462,0.35529127652085957,,,0.0006902237113558529,-0.00040479328158393724,0.00040479328158393724,0.001785240704295754,,,A2_group,0.995,1.025,0.995,Screened,fast metric pass; detailed slices computed for top candidates only
A2_group_0.995_1.025_1.000,0.6126774307193581,0.8697595555277295,0.13024044447227043,0.3555953059109867,,,0.000910074246631476,-0.0002691216011597719,0.00026912160115974415,0.0020892700944228904,,,A2_group,0.995,1.025,1.0,Screened,fast metric pass; detailed slices computed for top candidates only
A2_group_0.995_1.025_1.005,0.6128641922187186,0.8698870126061019,0.1301129873938981,0.35584137183133513,,,0.001096835745991953,-0.00014166452278741026,0.00014166452278741026,0.0023353360147713165,,,A2_group,0.995,1.025,1.005,Screened,fast metric pass; detailed slices computed for top candidates only
A2_group_0.995_1.025_1.010,0.6132429024859709,0.8700077945868993,0.12999220541310072,0.3564780103850425,,,0.0014755460132442888,-2.0882541990063785e-05,2.088254199003603e-05,0.002971974568478697,,,A2_group,0.995,1.025,1.01,Screened,fast metric pass; detailed slices computed for top candidates only
A2_group_0.995_1.025_1.015,0.6134987574111526,0.8701218776659376,0.12987812233406237,0.35687563715636744,,,0.0017314009384259421,9.320053704831022e-05,-9.320053704831022e-05,0.0033696013398036295,,,A2_group,0.995,1.025,1.015,Screened,fast metric pass; detailed slices computed for top candidates only
A2_group_0.995_1.025_1.020,0.6135672489007279,0.8702293472493084,0.12977065275069152,0.3569051505521473,,,0.0017998924280012707,0.000200670120419133,-0.00020067012041916077,0.003399114735583464,,,A2_group,0.995,1.025,1.02,Screened,fast metric pass; detailed slices computed for top candidates only
A2_group_0.995_1.025_1.025,0.6139740277108526,0.8703290595289953,0.1296709404710047,0.35761899589271,,,0.0022066712381260123,0.0003003824001059918,-0.0003003824001059918,0.004112960076146199,,,A2_group,0.995,1.025,1.025,Screened,fast metric pass; detailed slices computed for top candidates only
A2_group_0.995_1.025_1.030,0.614161164725035,0.8704232157142907,0.12957678428570926,0.35789911373577926,,,0.0023938082523083937,0.00039453858540139386,-0.0003945385854014216,0.004393077919215449,,,A2_group,0.995,1.025,1.03,Screened,fast metric pass; detailed slices computed for top candidates only
A2_group_0.995_1.030_0.970,0.6110400549887436,0.8687740753068953,0.13122592469310468,0.3533060346705918,,,-0.0007273014839830338,-0.0012546018219939947,0.0012546018219939947,-0.00020000114597201746,,,A2_group,0.995,1.03,0.97,Screened,fast metric pass; detailed slices computed for top candidates only
A2_group_0.995_1.030_0.975,0.6112235797025328,0.8689438674132187,0.13105613258678125,0.3535032919918469,,,-0.0005437767701937934,-0.0010848097156705983,0.0010848097156705705,-2.74382471693313e-06,,,A2_group,0.995,1.03,0.975,Screened,fast metric pass; detailed slices computed for top candidates only
A2_group_0.995_1.030_0.980,0.6116376238506996,0.8691056481802524,0.1308943518197476,0.35416959952114685,,,-0.000129732622026979,-0.0009230289486369392,0.0009230289486369114,0.0006635637045830367,,,A2_group,0.995,1.03,0.98,Screened,fast metric pass; detailed slices computed for top candidates only
A2_group_0.995_1.030_0.985,0.6120532476343736,0.8692607590578502,0.13073924094214986,0.3548457362108972,,,0.00028589116164701167,-0.0007679180710391531,0.0007679180710391809,0.0013397003943333985,,,A2_group,0.995,1.03,0.985,Screened,fast metric pass; detailed slices computed for top candidates only
A2_group_0.995_1.030_0.990,0.6124347502121216,0.8694100257872908,0.1305899742127092,0.35545947463695243,,,0.0006673937393949503,-0.0006186513415985528,0.0006186513415985251,0.00195343882038862,,,A2_group,0.995,1.03,0.99,Screened,fast metric pass; detailed slices computed for top candidates only
A2_group_0.995_1.030_0.995,0.6126961426229722,0.8695530786003177,0.13044692139968228,0.3558392066456268,,,0.0009287861502456085,-0.0004755985285715969,0.0004755985285715969,0.0023331708290629805,,,A2_group,0.995,1.03,0.995,Screened,fast metric pass; detailed slices computed for top candidates only
A2_group_0.995_1.030_1.000,0.612915993158248,0.8696887502807419,0.13031124971925812,0.35614323603575393,,,0.0011486366855213426,-0.00033992684814743157,0.00033992684814743157,0.0026372002191901167,,,A2_group,0.995,1.03,1.0,Screened,fast metric pass; detailed slices computed for top candidates only
A2_group_0.995_1.030_1.005,0.6131027546576083,0.8698162073591142,0.13018379264088578,0.35638930195610236,,,0.0013353981848817087,-0.00021246976977506993,0.00021246976977509768,0.002883266139538543,,,A2_group,0.995,1.03,1.005,Screened,fast metric pass; detailed slices computed for top candidates only
A2_group_0.995_1.030_1.010,0.6134814649248607,0.8699369893399116,0.13006301066008838,0.35702594050980974,,,0.0017141084521340444,-9.168778897772345e-05,9.16877889776957e-05,0.0035199046932459233,,,A2_group,0.995,1.03,1.01,Screened,fast metric pass; detailed slices computed for top candidates only
A2_group_0.995_1.030_1.015,0.6137373198500423,0.87005107241895,0.12994892758105006,0.3574235672811346,,,0.0019699633773156977,2.2395290060650552e-05,-2.2395290060622797e-05,0.0039175314645708,,,A2_group,0.995,1.03,1.015,Screened,fast metric pass; detailed slices computed for top candidates only
A2_group_0.995_1.030_1.020,0.6138058113396176,0.8701585420023208,0.12984145799767918,0.3574530806769145,,,0.0020384548668910263,0.00012986487343147335,-0.0001298648734315011,0.00394704486035069,,,A2_group,0.995,1.03,1.02,Screened,fast metric pass; detailed slices computed for top candidates only
A2_group_0.995_1.030_1.025,0.6142125901497424,0.8702582542820076,0.12974174571799238,0.3581669260174772,,,0.002445233677015768,0.00022957715311833216,-0.0002295771531183044,0.00466089020091337,,,A2_group,0.995,1.03,1.025,Screened,fast metric pass; detailed slices computed for top candidates only
A2_group_0.995_1.030_1.030,0.6143997271639248,0.870352410467303,0.12964758953269695,0.3584470438605465,,,0.0026323706911981493,0.0003237333384137342,-0.0003237333384137342,0.004941008043982675,,,A2_group,0.995,1.03,1.03,Screened,fast metric pass; detailed slices computed for top candidates only
A2_group_1.000_0.970_0.970,0.6043826720939152,0.8686371029897292,0.13136289701027085,0.34012824119810103,,,-0.007384684378811457,-0.0013915741391601344,0.0013915741391601621,-0.01337779461846278,,,A2_group,1.0,0.97,0.97,Screened,fast metric pass; detailed slices computed for top candidates only
A2_group_1.000_0.970_0.975,0.6045661968077043,0.8688068950960526,0.13119310490394742,0.34032549851935606,,,-0.0072011596650223275,-0.001221782032836738,0.001221782032836738,-0.01318053729720775,,,A2_group,1.0,0.97,0.975,Screened,fast metric pass; detailed slices computed for top candidates only
A2_group_1.000_0.970_0.980,0.6049802409558711,0.8689686758630862,0.13103132413691376,0.3409918060486559,,,-0.006787115516855513,-0.0010600012658030789,0.0010600012658030789,-0.012514229767907892,,,A2_group,1.0,0.97,0.98,Screened,fast metric pass; detailed slices computed for top candidates only
A2_group_1.000_0.970_0.985,0.6053958647395452,0.8691237867406839,0.13087621325931606,0.3416679427384064,,,-0.006371491733181411,-0.0009048903882054038,0.000904890388205376,-0.011838093078157419,,,A2_group,1.0,0.97,0.985,Screened,fast metric pass; detailed slices computed for top candidates only
A2_group_1.000_0.970_0.990,0.6057773673172931,0.8692730534701246,0.1307269465298754,0.3422816811644616,,,-0.005989989155433473,-0.0007556236587646925,0.0007556236587647203,-0.011224354652102198,,,A2_group,1.0,0.97,0.99,Screened,fast metric pass; detailed slices computed for top candidates only
A2_group_1.000_0.970_0.995,0.6060387597281438,0.8694161062831516,0.13058389371684845,0.342661413173136,,,-0.0057285967445828145,-0.0006125708457377366,0.0006125708457377643,-0.010844622643427837,,,A2_group,1.0,0.97,0.995,Screened,fast metric pass; detailed slices computed for top candidates only
A2_group_1.000_0.970_1.000,0.6062586102634194,0.8695517779635757,0.13044822203642428,0.34296544256326317,,,-0.0055087462093071915,-0.00047689916531357124,0.000476899165313599,-0.010540593253300645,,,A2_group,1.0,0.97,1.0,Screened,fast metric pass; detailed slices computed for top candidates only
A2_group_1.000_0.970_1.005,0.6064453717627798,0.869679235041948,0.13032076495805198,0.34321150848361154,,,-0.005321984709946825,-0.0003494420869413206,0.00034944208694129286,-0.010294527332952275,,,A2_group,1.0,0.97,1.005,Screened,fast metric pass; detailed slices computed for top candidates only
A2_group_1.000_0.970_1.010,0.6068240820300321,0.8698000170227455,0.13019998297725455,0.3438481470373189,,,-0.00494327444269449,-0.00022866010614386312,0.00022866010614386312,-0.009657888779244894,,,A2_group,1.0,0.97,1.01,Screened,fast metric pass; detailed slices computed for top candidates only
A2_group_1.000_0.970_1.015,0.6070799369552138,0.8699141001017838,0.13008589989821623,0.34424577380864374,,,-0.004687419517512836,-0.00011457702710548912,0.00011457702710554463,-0.009260262007920073,,,A2_group,1.0,0.97,1.015,Screened,fast metric pass; detailed slices computed for top candidates only
A2_group_1.000_0.970_1.020,0.6071484284447891,0.8700215696851546,0.12997843031484535,0.34427528720442363,,,-0.004618928027937508,-7.107443734666319e-06,7.107443734666319e-06,-0.009230748612140183,,,A2_group,1.0,0.97,1.02,Screened,fast metric pass; detailed slices computed for top candidates only
A2_group_1.000_0.970_1.025,0.6075552072549139,0.8701212819648414,0.12987871803515857,0.34498913254498637,,,-0.004212149217812766,9.260483595208147e-05,-9.260483595210922e-05,-0.008516903271577447,,,A2_group,1.0,0.97,1.025,Screened,fast metric pass; detailed slices computed for top candidates only
A2_group_1.000_0.970_1.030,0.6077423442690963,0.8702154381501369,0.12978456184986312,0.34526925038805567,,,-0.004025012203630274,0.00018676102124759453,-0.00018676102124756677,-0.008236785428508142,,,A2_group,1.0,0.97,1.03,Screened,fast metric pass; detailed slices computed for top candidates only
A2_group_1.000_0.975_0.970,0.6058816388921697,0.8687593045523336,0.1312406954476664,0.3430039732320059,,,-0.005885717580556893,-0.001269372576555683,0.0012693725765557107,-0.010502062584557936,,,A2_group,1.0,0.975,0.97,Screened,fast metric pass; detailed slices computed for top candidates only
A2_group_1.000_0.975_0.975,0.6060651636059591,0.868929096658657,0.13107090334134294,0.343201230553261,,,-0.0057021928667675414,-0.0010995804702322864,0.0010995804702322587,-0.010304805263302796,,,A2_group,1.0,0.975,0.975,Screened,fast metric pass; detailed slices computed for top candidates only
A2_group_1.000_0.975_0.980,0.6064792077541258,0.8690908774256907,0.13090912257430928,0.34386753808256093,,,-0.005288148718600838,-0.0009377997031986274,0.0009377997031985996,-0.009638497734002882,,,A2_group,1.0,0.975,0.98,Screened,fast metric pass; detailed slices computed for top candidates only
A2_group_1.000_0.975_0.985,0.6068948315377999,0.8692459883032884,0.1307540116967116,0.34454367477231135,,,-0.004872524934926736,-0.0007826888256009523,0.0007826888256009246,-0.008962361044252465,,,A2_group,1.0,0.975,0.985,Screened,fast metric pass; detailed slices computed for top candidates only
A2_group_1.000_0.975_0.990,0.6072763341155478,0.8693952550327291,0.13060474496727092,0.34515741319836657,,,-0.004491022357178798,-0.000633422096160241,0.000633422096160241,-0.008348622618197243,,,A2_group,1.0,0.975,0.99,Screened,fast metric pass; detailed slices computed for top candidates only
A2_group_1.000_0.975_0.995,0.6075377265263985,0.869538307845756,0.130461692154244,0.3455371452070409,,,-0.0042296299463281395,-0.0004903692831332851,0.0004903692831333128,-0.007968890609522938,,,A2_group,1.0,0.975,0.995,Screened,fast metric pass; detailed slices computed for top candidates only
A2_group_1.000_0.975_1.000,0.6077575770616741,0.8696739795261802,0.1303260204738198,0.34584117459716807,,,-0.0040097794110525165,-0.00035469760270911976,0.00035469760270911976,-0.007664861219395747,,,A2_group,1.0,0.975,1.0,Screened,fast metric pass; detailed slices computed for top candidates only
A2_group_1.000_0.975_1.005,0.6079443385610345,0.8698014366045526,0.13019856339544747,0.34608724051751644,,,-0.0038230179116921503,-0.00022724052433675812,0.00022724052433678588,-0.007418795299047376,,,A2_group,1.0,0.975,1.005,Screened,fast metric pass; detailed slices computed for top candidates only
A2_group_1.000_0.975_1.010,0.6083230488282869,0.8699222185853499,0.1300777814146501,0.3467238790712239,,,-0.0034443076444397036,-0.00010645854353941164,0.00010645854353941164,-0.00678215674533994,,,A2_group,1.0,0.975,1.01,Screened,fast metric pass; detailed slices computed for top candidates only
A2_group_1.000_0.975_1.015,0.6085789037534686,0.8700363016643883,0.12996369833561175,0.34712150584254875,,,-0.0031884527192580503,7.624535498962359e-06,-7.624535498934604e-06,-0.006384529974015063,,,A2_group,1.0,0.975,1.015,Screened,fast metric pass; detailed slices computed for top candidates only
A2_group_1.000_0.975_1.020,0.6086473952430439,0.8701437712477591,0.1298562287522409,0.34715101923832864,,,-0.0031199612296827217,0.00011509411886978516,-0.00011509411886978516,-0.006355016578235173,,,A2_group,1.0,0.975,1.02,Screened,fast metric pass; detailed slices computed for top candidates only
A2_group_1.000_0.975_1.025,0.6090541740531686,0.870243483527446,0.12975651647255407,0.3478648645788913,,,-0.00271318241955798,0.00021480639855664396,-0.0002148063985566162,-0.005641171237672493,,,A2_group,1.0,0.975,1.025,Screened,fast metric pass; detailed slices computed for top candidates only
A2_group_1.000_0.975_1.030,0.609241311067351,0.8703376397127414,0.12966236028725867,0.3481449824219606,,,-0.0025260454053755987,0.000308962583852046,-0.00030896258385201825,-0.005361053394603188,,,A2_group,1.0,0.975,1.03,Screened,fast metric pass; detailed slices computed for top candidates only
A2_group_1.000_0.980_0.970,0.6066952088442056,0.8688652561682807,0.13113474383171933,0.3445251615201304,,,-0.00507214762852104,-0.0011634209606086188,0.0011634209606086465,-0.008980874296433405,,,A2_group,1.0,0.98,0.97,Screened,fast metric pass; detailed slices computed for top candidates only
A2_group_1.000_0.980_0.975,0.6068787335579948,0.8690350482746041,0.13096495172539588,0.34472241884138555,,,-0.0048886229147317994,-0.0009936288542852223,0.0009936288542851945,-0.008783616975178266,,,A2_group,1.0,0.98,0.975,Screened,fast metric pass; detailed slices computed for top candidates only
A2_group_1.000_0.980_0.980,0.6072927777061616,0.8691968290416378,0.13080317095836222,0.3453887263706854,,,-0.004474578766564985,-0.0008318480872515632,0.0008318480872515355,-0.008117309445878407,,,A2_group,1.0,0.98,0.98,Screened,fast metric pass; detailed slices computed for top candidates only
A2_group_1.000_0.980_0.985,0.6077084014898356,0.8693519399192354,0.13064806008076454,0.3460648630604359,,,-0.004058954982890994,-0.0006767372096538882,0.0006767372096538604,-0.007441172756127934,,,A2_group,1.0,0.98,0.985,Screened,fast metric pass; detailed slices computed for top candidates only
A2_group_1.000_0.980_0.990,0.6080899040675836,0.8695012066486761,0.13049879335132386,0.3466786014864911,,,-0.0036774524051430557,-0.0005274704802131769,0.0005274704802131769,-0.0068274343300727125,,,A2_group,1.0,0.98,0.99,Screened,fast metric pass; detailed slices computed for top candidates only
A2_group_1.000_0.980_0.995,0.6083512964784342,0.8696442594617031,0.13035574053829693,0.3470583334951654,,,-0.0034160599942923975,-0.00038441766718622095,0.0003844176671862487,-0.0064477023213984075,,,A2_group,1.0,0.98,0.995,Screened,fast metric pass; detailed slices computed for top candidates only
A2_group_1.000_0.980_1.000,0.60857114701371,0.8697799311421273,0.13022006885787274,0.3473623628852926,,,-0.0031962094590166634,-0.0002487459867620556,0.0002487459867620556,-0.006143672931271216,,,A2_group,1.0,0.98,1.0,Screened,fast metric pass; detailed slices computed for top candidates only
A2_group_1.000_0.980_1.005,0.6087579085130703,0.8699073882204996,0.1300926117795004,0.3476084288056409,,,-0.0030094479596562973,-0.00012128890838969397,0.00012128890838972173,-0.005897607010922901,,,A2_group,1.0,0.98,1.005,Screened,fast metric pass; detailed slices computed for top candidates only
A2_group_1.000_0.980_1.010,0.6091366187803227,0.870028170201297,0.12997182979870303,0.3482450673593483,,,-0.0026307376924039616,-5.069275923474947e-07,5.069275923474947e-07,-0.00526096845721552,,,A2_group,1.0,0.98,1.01,Screened,fast metric pass; detailed slices computed for top candidates only
A2_group_1.000_0.980_1.015,0.6093924737055043,0.8701422532803353,0.12985774671966469,0.3486426941306732,,,-0.0023748827672223083,0.00011357615144602651,-0.00011357615144599875,-0.004863341685890588,,,A2_group,1.0,0.98,1.015,Screened,fast metric pass; detailed slices computed for top candidates only
A2_group_1.000_0.980_1.020,0.6094609651950796,0.8702497228637062,0.12975027713629383,0.34867220752645306,,,-0.0023063912776469797,0.0002210457348168493,-0.0002210457348168493,-0.004833828290110753,,,A2_group,1.0,0.98,1.02,Screened,fast metric pass; detailed slices computed for top candidates only
A2_group_1.000_0.980_1.025,0.6098677440052044,0.870349435143393,0.129650564856607,0.3493860528670158,,,-0.0018996124675222381,0.0003207580145037081,-0.00032075801450368036,-0.004119982949548018,,,A2_group,1.0,0.98,1.025,Screened,fast metric pass; detailed slices computed for top candidates only
A2_group_1.000_0.980_1.030,0.6100548810193868,0.8704435913286884,0.1295564086713116,0.34966617071008516,,,-0.0017124754533398567,0.00041491419979911015,-0.0004149141997990824,-0.003839865106478657,,,A2_group,1.0,0.98,1.03,Screened,fast metric pass; detailed slices computed for top candidates only
A2_group_1.000_0.985_0.970,0.6074488928825207,0.8689531966032461,0.1310468033967539,0.3459445891617953,,,-0.004318463590205934,-0.0010754805256432132,0.0010754805256432132,-0.007561446654768489,,,A2_group,1.0,0.985,0.97,Screened,fast metric pass; detailed slices computed for top candidates only
A2_group_1.000_0.985_0.975,0.6076324175963099,0.8691229887095695,0.13087701129043047,0.3461418464830504,,,-0.004134938876416694,-0.0009056884193198167,0.0009056884193197889,-0.0073641893335134045,,,A2_group,1.0,0.985,0.975,Screened,fast metric pass; detailed slices computed for top candidates only
A2_group_1.000_0.985_0.980,0.6080464617444769,0.8692847694766033,0.13071523052339679,0.3468081540123504,,,-0.0037208947282497684,-0.0007439076522860466,0.0007439076522861021,-0.006697881804213435,,,A2_group,1.0,0.985,0.98,Screened,fast metric pass; detailed slices computed for top candidates only
A2_group_1.000_0.985_0.985,0.6084620855281508,0.869439880354201,0.13056011964579908,0.34748429070210074,,,-0.0033052709445757777,-0.0005887967746883715,0.0005887967746883993,-0.006021745114463073,,,A2_group,1.0,0.985,0.985,Screened,fast metric pass; detailed slices computed for top candidates only
A2_group_1.000_0.985_0.990,0.6088435881058988,0.8695891470836415,0.13041085291635843,0.34809802912815596,,,-0.002923768366827839,-0.0004395300452477713,0.00043953004524774353,-0.0054080066884078515,,,A2_group,1.0,0.985,0.99,Screened,fast metric pass; detailed slices computed for top candidates only
A2_group_1.000_0.985_0.995,0.6091049805167494,0.8697321998966685,0.1302678001033315,0.3484777611368303,,,-0.002662375955977181,-0.00029647723222081535,0.00029647723222081535,-0.005028274679733491,,,A2_group,1.0,0.985,0.995,Screened,fast metric pass; detailed slices computed for top candidates only
A2_group_1.000_0.985_1.000,0.6093248310520251,0.8698678715770927,0.1301321284229073,0.34878179052695746,,,-0.002442525420701558,-0.00016080555179665001,0.00016080555179662226,-0.004724245289606355,,,A2_group,1.0,0.985,1.0,Screened,fast metric pass; detailed slices computed for top candidates only
A2_group_1.000_0.985_1.005,0.6095115925513854,0.869995328655465,0.130004671344535,0.3490278564473059,,,-0.0022557639213411917,-3.334847342428837e-05,3.334847342431613e-05,-0.004478179369257929,,,A2_group,1.0,0.985,1.005,Screened,fast metric pass; detailed slices computed for top candidates only
A2_group_1.000_0.985_1.010,0.6098903028186378,0.8701161106362624,0.1298838893637376,0.34966449500101326,,,-0.001877053654088856,8.74335073730581e-05,-8.743350737308586e-05,-0.003841540815550548,,,A2_group,1.0,0.985,1.01,Screened,fast metric pass; detailed slices computed for top candidates only
A2_group_1.000_0.985_1.015,0.6101461577438194,0.8702301937153007,0.12976980628469925,0.35006212177233814,,,-0.0016211987289072027,0.0002015165864114321,-0.0002015165864114321,-0.003443914044225671,,,A2_group,1.0,0.985,1.015,Screened,fast metric pass; detailed slices computed for top candidates only
A2_group_1.000_0.985_1.020,0.6102146492333949,0.8703376632986716,0.1296623367013284,0.35009163516811803,,,-0.0015527072393317631,0.0003089861697822549,-0.00030898616978228266,-0.003414400648445781,,,A2_group,1.0,0.985,1.02,Screened,fast metric pass; detailed slices computed for top candidates only
A2_group_1.000_0.985_1.025,0.6106214280435196,0.8704373755783584,0.1295626244216416,0.3508054805086807,,,-0.0011459284292070215,0.0004086984494691137,-0.00040869844946908596,-0.0027005553078831013,,,A2_group,1.0,0.985,1.025,Screened,fast metric pass; detailed slices computed for top candidates only
A2_group_1.000_0.985_1.030,0.610808565057702,0.8705315317636538,0.12946846823634617,0.35108559835175,,,-0.0009587914150246402,0.0005028546347645158,-0.0005028546347645158,-0.002420437464813796,,,A2_group,1.0,0.985,1.03,Screened,fast metric pass; detailed slices computed for top candidates only
A2_group_1.000_0.990_0.970,0.6084680589001412,0.8690248262560784,0.13097517374392167,0.3479112915442042,,,-0.0032992975725854023,-0.001003850872810963,0.0010038508728109907,-0.00559474427235962,,,A2_group,1.0,0.99,0.97,Screened,fast metric pass; detailed slices computed for top candidates only
A2_group_1.000_0.990_0.975,0.6086515836139306,0.8691946183624017,0.13080538163759825,0.34810854886545933,,,-0.003115772858796051,-0.0008340587664875665,0.0008340587664875665,-0.00539748695110448,,,A2_group,1.0,0.99,0.975,Screened,fast metric pass; detailed slices computed for top candidates only
A2_group_1.000_0.990_0.980,0.6090656277620974,0.8693563991294354,0.1306436008705646,0.34877485639475925,,,-0.0027017287106292365,-0.0006722779994539074,0.0006722779994539074,-0.0047311794218045655,,,A2_group,1.0,0.99,0.98,Screened,fast metric pass; detailed slices computed for top candidates only
A2_group_1.000_0.990_0.985,0.6094812515457714,0.8695115100070331,0.1304884899929669,0.3494509930845096,,,-0.002286104926955246,-0.0005171671218562324,0.0005171671218562046,-0.004055042732054204,,,A2_group,1.0,0.99,0.985,Screened,fast metric pass; detailed slices computed for top candidates only
A2_group_1.000_0.990_0.990,0.6098627541235193,0.8696607767364738,0.13033922326352623,0.3500647315105649,,,-0.0019046023492073072,-0.0003679003924155211,0.00036790039241554884,-0.0034413043059989268,,,A2_group,1.0,0.99,0.99,Screened,fast metric pass; detailed slices computed for top candidates only
A2_group_1.000_0.990_0.995,0.61012414653437,0.8698038295495008,0.13019617045049928,0.3504444635192392,,,-0.001643209938356649,-0.00022484757938856514,0.0002248475793885929,-0.0030615722973246218,,,A2_group,1.0,0.99,0.995,Screened,fast metric pass; detailed slices computed for top candidates only
A2_group_1.000_0.990_1.000,0.6103439970696456,0.8699395012299249,0.1300604987700751,0.3507484929093663,,,-0.001423359403081026,-8.917589896439981e-05,8.917589896442757e-05,-0.0027575429071974855,,,A2_group,1.0,0.99,1.0,Screened,fast metric pass; detailed slices computed for top candidates only
A2_group_1.000_0.990_1.005,0.610530758569006,0.8700669583082972,0.1299330416917028,0.35099455882971475,,,-0.0012365979037206598,3.828117940785081e-05,-3.828117940787856e-05,-0.0025114769868490594,,,A2_group,1.0,0.99,1.005,Screened,fast metric pass; detailed slices computed for top candidates only
A2_group_1.000_0.990_1.010,0.6109094688362584,0.8701877402890946,0.12981225971090538,0.35163119738342213,,,-0.0008578876364682131,0.0001590631602053083,-0.0001590631602053083,-0.001874838433141679,,,A2_group,1.0,0.99,1.01,Screened,fast metric pass; detailed slices computed for top candidates only
A2_group_1.000_0.990_1.015,0.6111653237614401,0.870301823368133,0.12969817663186706,0.35202882415474707,,,-0.0006020327112865598,0.0002731462392436823,-0.0002731462392436268,-0.0014772116618167463,,,A2_group,1.0,0.99,1.015,Screened,fast metric pass; detailed slices computed for top candidates only
A2_group_1.000_0.990_1.020,0.6112338152510154,0.8704092929515038,0.12959070704849618,0.3520583375505269,,,-0.0005335412217112312,0.0003806158226145051,-0.0003806158226145051,-0.001447698266036912,,,A2_group,1.0,0.99,1.02,Screened,fast metric pass; detailed slices computed for top candidates only
A2_group_1.000_0.990_1.025,0.6116405940611401,0.8705090052311906,0.1294909947688094,0.35277218289108964,,,-0.0001267624115864896,0.0004803281023012529,-0.00048032810230128065,-0.0007338529254741766,,,A2_group,1.0,0.99,1.025,Screened,fast metric pass; detailed slices computed for top candidates only
A2_group_1.000_0.990_1.030,0.6118277310753225,0.8706031614164861,0.12939683858351395,0.3530523007341589,,,6.037460259589178e-05,0.000574484287596766,-0.0005744842875967382,-0.0004537350824049269,,,A2_group,1.0,0.99,1.03,Screened,fast metric pass; detailed slices computed for top candidates only
A2_group_1.000_0.995_0.970,0.6091705391301689,0.8690774494425355,0.1309225505574645,0.3492636288178024,,,-0.002596817342557678,-0.0009512276863538061,0.0009512276863538061,-0.004242406998761439,,,A2_group,1.0,0.995,0.97,Screened,fast metric pass; detailed slices computed for top candidates only
A2_group_1.000_0.995_0.975,0.6093540638439582,0.8692472415488589,0.13075275845114107,0.3494608861390575,,,-0.0024132926287684375,-0.0007814355800304096,0.0007814355800303818,-0.004045149677506299,,,A2_group,1.0,0.995,0.975,Screened,fast metric pass; detailed slices computed for top candidates only
A2_group_1.000_0.995_0.980,0.609768107992125,0.8694090223158926,0.1305909776841074,0.35012719366835743,,,-0.001999248480601623,-0.0006196548129967505,0.0006196548129967228,-0.0033788421482063846,,,A2_group,1.0,0.995,0.98,Screened,fast metric pass; detailed slices computed for top candidates only
A2_group_1.000_0.995_0.985,0.610183731775799,0.8695641331934902,0.1304358668065097,0.3508033303581078,,,-0.0015836246969276324,-0.00046454393539907546,0.00046454393539901995,-0.002702705458456023,,,A2_group,1.0,0.995,0.985,Screened,fast metric pass; detailed slices computed for top candidates only
A2_group_1.000_0.995_0.990,0.610565234353547,0.869713399922931,0.13028660007706905,0.35141706878416307,,,-0.0012021221191795828,-0.00031527720595836417,0.00031527720595836417,-0.002088967032400746,,,A2_group,1.0,0.995,0.99,Screened,fast metric pass; detailed slices computed for top candidates only
A2_group_1.000_0.995_0.995,0.6108266267643976,0.8698564527359579,0.13014354726404212,0.35179680079283737,,,-0.0009407297083290356,-0.00017222439293140823,0.000172224392931436,-0.0017092350237264409,,,A2_group,1.0,0.995,0.995,Screened,fast metric pass; detailed slices computed for top candidates only
A2_group_1.000_0.995_1.000,0.6110464772996733,0.8699921244163821,0.13000787558361793,0.3521008301829645,,,-0.0007208791730533015,-3.65527125072429e-05,3.65527125072429e-05,-0.0014052056335993046,,,A2_group,1.0,0.995,1.0,Screened,fast metric pass; detailed slices computed for top candidates only
A2_group_1.000_0.995_1.005,0.6112332387990337,0.8701195814947544,0.1298804185052456,0.35234689610331293,,,-0.0005341176736929354,9.090436586511874e-05,-9.090436586509099e-05,-0.0011591397132508785,,,A2_group,1.0,0.995,1.005,Screened,fast metric pass; detailed slices computed for top candidates only
A2_group_1.000_0.995_1.010,0.611611949066286,0.8702403634755518,0.1297596365244482,0.3529835346570203,,,-0.0001554074064405997,0.00021168634666246522,-0.00021168634666249297,-0.0005225011595434981,,,A2_group,1.0,0.995,1.01,Screened,fast metric pass; detailed slices computed for top candidates only
A2_group_1.000_0.995_1.015,0.6118678039914677,0.8703544465545902,0.12964555344540987,0.35338116142834525,,,0.00010044751874105362,0.0003257694257008392,-0.00032576942570081147,-0.00012487438821856545,,,A2_group,1.0,0.995,1.015,Screened,fast metric pass; detailed slices computed for top candidates only
A2_group_1.000_0.995_1.020,0.611936295481043,0.870461916137961,0.129538083862039,0.3534106748241251,,,0.0001689390083163822,0.000433239009071662,-0.0004332390090716898,-9.536099243873108e-05,,,A2_group,1.0,0.995,1.02,Screened,fast metric pass; detailed slices computed for top candidates only
A2_group_1.000_0.995_1.025,0.6123430742911679,0.8705616284176478,0.1294383715823522,0.3541245201646878,,,0.0005757178184412348,0.0005329512887585208,-0.0005329512887584931,0.0006184843481240043,,,A2_group,1.0,0.995,1.025,Screened,fast metric pass; detailed slices computed for top candidates only
A2_group_1.000_0.995_1.030,0.6125302113053501,0.8706557846029432,0.12934421539705676,0.35440463800775707,,,0.0007628548326235052,0.0006271074740539229,-0.0006271074740539229,0.000898602191193254,,,A2_group,1.0,0.995,1.03,Screened,fast metric pass; detailed slices computed for top candidates only
A2_group_1.000_1.000_0.970,0.6098914183032222,0.8691140021550428,0.13088599784495725,0.3506688344514017,,,-0.0018759381695043764,-0.0009146749738465632,0.0009146749738465632,-0.002837201365162134,,,A2_group,1.0,1.0,0.97,Screened,fast metric pass; detailed slices computed for top candidates only
A2_group_1.000_1.000_0.975,0.6100749430170115,0.8692837942613661,0.13071620573863382,0.35086609177265676,,,-0.001692413455715136,-0.0007448828675231667,0.0007448828675231389,-0.00263994404390705,,,A2_group,1.0,1.0,0.975,Screened,fast metric pass; detailed slices computed for top candidates only
A2_group_1.000_1.000_0.980,0.6104889871651782,0.8694455750283998,0.13055442497160016,0.3515323993019566,,,-0.0012783693075484326,-0.0005831021004895076,0.0005831021004894799,-0.001973636514607191,,,A2_group,1.0,1.0,0.98,Screened,fast metric pass; detailed slices computed for top candidates only
A2_group_1.000_1.000_0.985,0.6109046109488523,0.8696006859059976,0.13039931409400243,0.3522085359917071,,,-0.0008627455238743309,-0.00042799122289172153,0.0004279912228917493,-0.0012974998248567182,,,A2_group,1.0,1.0,0.985,Screened,fast metric pass; detailed slices computed for top candidates only
A2_group_1.000_1.000_0.990,0.6112861135266002,0.8697499526354382,0.13025004736456178,0.3528222744177623,,,-0.0004812429461263923,-0.00027872449345112127,0.0002787244934510935,-0.0006837613988014968,,,A2_group,1.0,1.0,0.99,Screened,fast metric pass; detailed slices computed for top candidates only
A2_group_1.000_1.000_0.995,0.6115475059374509,0.8698930054484652,0.13010699455153485,0.3532020064264367,,,-0.00021985053527573406,-0.00013567168042416533,0.00013567168042416533,-0.00030402939012713626,,,A2_group,1.0,1.0,0.995,Screened,fast metric pass; detailed slices computed for top candidates only
A2_group_1.000_1.000_1.000,0.6117673564727266,0.8700286771288893,0.12997132287111068,0.3535060358165638,,,0.0,0.0,0.0,0.0,,,A2_group,1.0,1.0,1.0,Screened,fast metric pass; detailed slices computed for top candidates only
A2_group_1.000_1.000_1.005,0.6119541179720869,0.8701561342072617,0.12984386579273835,0.35375210173691213,,,0.0001867614993602551,0.00012745707837236164,-0.0001274570783723339,0.0002460659203483151,,,A2_group,1.0,1.0,1.005,Screened,fast metric pass; detailed slices computed for top candidates only
A2_group_1.000_1.000_1.010,0.6123328282393393,0.870276916188059,0.12972308381194095,0.35438874029061956,,,0.0005654717666127018,0.0002482390591697081,-0.0002482390591697359,0.000882704474055751,,,A2_group,1.0,1.0,1.01,Screened,fast metric pass; detailed slices computed for top candidates only
A2_group_1.000_1.000_1.015,0.6125886831645209,0.8703909992670974,0.12960900073290263,0.35478636706194444,,,0.0008213266917942441,0.0003623221382080821,-0.00036232213820805437,0.0012803312453806281,,,A2_group,1.0,1.0,1.015,Screened,fast metric pass; detailed slices computed for top candidates only
A2_group_1.000_1.000_1.020,0.6126571746540963,0.8704984688504682,0.12950153114953175,0.35481588045772433,,,0.0008898181813696837,0.0004697917215789049,-0.0004697917215789327,0.001309844641160518,,,A2_group,1.0,1.0,1.02,Screened,fast metric pass; detailed slices computed for top candidates only
A2_group_1.000_1.000_1.025,0.613063953464221,0.8705981811301551,0.12940181886984495,0.355529725798287,,,0.0012965969914944253,0.0005695040012657637,-0.000569504001265736,0.002023689981723198,,,A2_group,1.0,1.0,1.025,Screened,fast metric pass; detailed slices computed for top candidates only
A2_group_1.000_1.000_1.030,0.6132510904784034,0.8706923373154505,0.12930766268454952,0.35580984364135637,,,0.0014837340056768067,0.0006636601865611658,-0.0006636601865611658,0.0023038078247925586,,,A2_group,1.0,1.0,1.03,Screened,fast metric pass; detailed slices computed for top candidates only
A2_group_1.000_1.005_0.970,0.6103383155333453,0.8691304661188063,0.13086953388119368,0.3515461649478843,,,-0.001429040939381343,-0.0008982110100830276,0.0008982110100829999,-0.001959870868679492,,,A2_group,1.0,1.005,0.97,Screened,fast metric pass; detailed slices computed for top candidates only
A2_group_1.000_1.005_0.975,0.6105218402471346,0.8693002582251298,0.13069974177487023,0.35174342226913935,,,-0.0012455162255919916,-0.0007284189037595201,0.0007284189037595479,-0.001762613547424463,,,A2_group,1.0,1.005,0.975,Screened,fast metric pass; detailed slices computed for top candidates only
A2_group_1.000_1.005_0.980,0.6109358843953013,0.8694620389921635,0.13053796100783657,0.3524097297984392,,,-0.0008314720774252882,-0.000566638136725861,0.0005666381367258888,-0.0010963060181246043,,,A2_group,1.0,1.005,0.98,Screened,fast metric pass; detailed slices computed for top candidates only
A2_group_1.000_1.005_0.985,0.6113515081789754,0.8696171498697611,0.13038285013023887,0.3530858664881897,,,-0.0004158482937511865,-0.000411527259128186,0.000411527259128186,-0.00042016932837413146,,,A2_group,1.0,1.005,0.985,Screened,fast metric pass; detailed slices computed for top candidates only
A2_group_1.000_1.005_0.990,0.6117330107567234,0.8697664165992018,0.13023358340079821,0.3536996049142449,,,-3.434571600324787e-05,-0.0002622605296874747,0.0002622605296875302,0.00019356909768108999,,,A2_group,1.0,1.005,0.99,Screened,fast metric pass; detailed slices computed for top candidates only
A2_group_1.000_1.005_0.995,0.6119944031675739,0.8699094694122287,0.13009053058777129,0.3540793369229192,,,0.00022704669484729934,-0.00011920771666062979,0.00011920771666060204,0.000573301106355395,,,A2_group,1.0,1.005,0.995,Screened,fast metric pass; detailed slices computed for top candidates only
A2_group_1.000_1.005_1.000,0.6122142537028497,0.8700451410926529,0.12995485890734712,0.35438336631304646,,,0.0004468972301230334,1.646396376353554e-05,-1.6463963763563294e-05,0.0008773304964826423,,,A2_group,1.0,1.005,1.0,Screened,fast metric pass; detailed slices computed for top candidates only
A2_group_1.000_1.005_1.005,0.61240101520221,0.8701725981710252,0.1298274018289748,0.35462943223339477,,,0.0006336587294833995,0.00014392104213589718,-0.00014392104213589718,0.0011233964168309574,,,A2_group,1.0,1.005,1.005,Screened,fast metric pass; detailed slices computed for top candidates only
A2_group_1.000_1.005_1.010,0.6127797254694625,0.8702933801518227,0.12970661984817736,0.3552660707871022,,,0.0010123689967358462,0.0002647030229333547,-0.0002647030229333269,0.0017600349705383933,,,A2_group,1.0,1.005,1.01,Screened,fast metric pass; detailed slices computed for top candidates only
A2_group_1.000_1.005_1.015,0.613035580394644,0.8704074632308609,0.12959253676913904,0.355663697558427,,,0.0012682239219173885,0.00037878610197161766,-0.0003787861019716454,0.002157661741863215,,,A2_group,1.0,1.005,1.015,Screened,fast metric pass; detailed slices computed for top candidates only
A2_group_1.000_1.005_1.020,0.6131040718842193,0.8705149328142319,0.12948506718576816,0.35569321095420686,,,0.0013367154114927171,0.0004862556853425515,-0.0004862556853425237,0.0021871751376430493,,,A2_group,1.0,1.005,1.02,Screened,fast metric pass; detailed slices computed for top candidates only
A2_group_1.000_1.005_1.025,0.6135108506943441,0.8706146450939186,0.12938535490608138,0.35640705629476965,,,0.0017434942216174587,0.0005859679650292993,-0.0005859679650292993,0.00290102047820584,,,A2_group,1.0,1.005,1.025,Screened,fast metric pass; detailed slices computed for top candidates only
A2_group_1.000_1.005_1.030,0.6136979877085265,0.870708801279214,0.12929119872078595,0.35668717413783896,,,0.00193063123579984,0.0006801241503247013,-0.0006801241503247291,0.0031811383212751454,,,A2_group,1.0,1.005,1.03,Screened,fast metric pass; detailed slices computed for top candidates only
A2_group_1.000_1.010_0.970,0.6108359230063847,0.8691291346393053,0.13087086536069467,0.352542711373464,,,-0.0009314334663419466,-0.0008995424895840154,0.0008995424895839876,-0.0009633244430998222,,,A2_group,1.0,1.01,0.97,Screened,fast metric pass; detailed slices computed for top candidates only
A2_group_1.000_1.010_0.975,0.6110194477201739,0.8692989267456288,0.13070107325437122,0.3527399686947191,,,-0.0007479087525527062,-0.0007297503832605079,0.0007297503832605357,-0.0007660671218447379,,,A2_group,1.0,1.01,0.975,Screened,fast metric pass; detailed slices computed for top candidates only
A2_group_1.000_1.010_0.980,0.6114334918683407,0.8694607075126625,0.13053929248733756,0.35340627622401893,,,-0.0003338646043858917,-0.0005679696162268488,0.0005679696162268766,-9.97595925448791e-05,,,A2_group,1.0,1.01,0.98,Screened,fast metric pass; detailed slices computed for top candidates only
A2_group_1.000_1.010_0.985,0.6118491156520147,0.8696158183902601,0.13038418160973986,0.3540824129137694,,,8.175917928809895e-05,-0.00041285873862917377,0.00041285873862917377,0.0005763770972055937,,,A2_group,1.0,1.01,0.985,Screened,fast metric pass; detailed slices computed for top candidates only
A2_group_1.000_1.010_0.990,0.6122306182297628,0.8697650851197009,0.13023491488029917,0.35469615133982463,,,0.0004632617570361486,-0.0002635920091884625,0.00026359200918849024,0.0011901155232608152,,,A2_group,1.0,1.01,0.99,Screened,fast metric pass; detailed slices computed for top candidates only
A2_group_1.000_1.010_0.995,0.6124920106406133,0.8699081379327277,0.13009186206727227,0.355075883348499,,,0.0007246541678866958,-0.00012053919616161757,0.00012053919616158981,0.0015698475319351757,,,A2_group,1.0,1.01,0.995,Screened,fast metric pass; detailed slices computed for top candidates only
A2_group_1.000_1.010_1.000,0.612711861175889,0.870043809613152,0.12995619038684808,0.3553799127386261,,,0.0009445047031624298,1.5132484262658785e-05,-1.5132484262603274e-05,0.001873876922062312,,,A2_group,1.0,1.01,1.0,Screened,fast metric pass; detailed slices computed for top candidates only
A2_group_1.000_1.010_1.005,0.6128986226752493,0.8701712666915242,0.12982873330847575,0.35562597865897444,,,0.001131266202522685,0.0001425895626349094,-0.00014258956263493716,0.002119942842410627,,,A2_group,1.0,1.01,1.005,Screened,fast metric pass; detailed slices computed for top candidates only
A2_group_1.000_1.010_1.010,0.6132773329425018,0.8702920486723217,0.12970795132767834,0.3562626172126819,,,0.0015099764697751317,0.0002633715434323669,-0.00026337154343233915,0.002756581396118063,,,A2_group,1.0,1.01,1.01,Screened,fast metric pass; detailed slices computed for top candidates only
A2_group_1.000_1.010_1.015,0.6135331878676833,0.87040613175136,0.12959386824864003,0.35666024398400675,,,0.001765831394956674,0.0003774546224706299,-0.00037745462247065764,0.00315420816744294,,,A2_group,1.0,1.01,1.015,Screened,fast metric pass; detailed slices computed for top candidates only
A2_group_1.000_1.010_1.020,0.6136016793572587,0.8705136013347309,0.12948639866526915,0.35668975737978664,,,0.0018343228845321136,0.0004849242058415637,-0.00048492420584153595,0.00318372156322283,,,A2_group,1.0,1.01,1.02,Screened,fast metric pass; detailed slices computed for top candidates only
A2_group_1.000_1.010_1.025,0.6140084581673835,0.8706133136144176,0.12938668638558234,0.3574036027203493,,,0.002241101694656855,0.0005846364855283115,-0.0005846364855283392,0.00389756690378551,,,A2_group,1.0,1.01,1.025,Screened,fast metric pass; detailed slices computed for top candidates only
A2_group_1.000_1.010_1.030,0.6141955951815659,0.870707469799713,0.12929253020028694,0.3576837205634187,,,0.0024282387088392365,0.0006787926708237135,-0.0006787926708237413,0.004177684746854871,,,A2_group,1.0,1.01,1.03,Screened,fast metric pass; detailed slices computed for top candidates only
A2_group_1.000_1.015_0.970,0.611493571641439,0.8691060981971419,0.13089390180285812,0.3538810450857362,,,-0.00027378483128759346,-0.0009225789317474087,0.0009225789317474364,0.0003750092691723883,,,A2_group,1.0,1.015,0.97,Screened,fast metric pass; detailed slices computed for top candidates only
A2_group_1.000_1.015_0.975,0.6116770963552283,0.8692758903034653,0.1307241096965347,0.3540783024069913,,,-9.026011749835305e-05,-0.0007527868254240122,0.0007527868254240122,0.0005722665904274726,,,A2_group,1.0,1.015,0.975,Screened,fast metric pass; detailed slices computed for top candidates only
A2_group_1.000_1.015_0.980,0.6120911405033951,0.869437671070499,0.13056232892950104,0.35474460993629114,,,0.0003237840306684614,-0.0005910060583903531,0.0005910060583903531,0.0012385741197273314,,,A2_group,1.0,1.015,0.98,Screened,fast metric pass; detailed slices computed for top candidates only
A2_group_1.000_1.015_0.985,0.6125067642870691,0.8695927819480966,0.13040721805190333,0.35542074662604156,,,0.0007394078143424521,-0.0004358951807926781,0.00043589518079265033,0.0019147108094777487,,,A2_group,1.0,1.015,0.985,Screened,fast metric pass; detailed slices computed for top candidates only
A2_group_1.000_1.015_0.990,0.6128882668648171,0.8697420486775373,0.13025795132246268,0.35603448505209684,,,0.0011209103920905017,-0.0002866284513519668,0.00028662845135199455,0.0025284492355330257,,,A2_group,1.0,1.015,0.99,Screened,fast metric pass; detailed slices computed for top candidates only
A2_group_1.000_1.015_0.995,0.6131496592756678,0.8698851014905643,0.13011489850943572,0.35641421706077114,,,0.00138230280294116,-0.00014357563832501086,0.0001435756383250386,0.0029081812442073307,,,A2_group,1.0,1.015,0.995,Screened,fast metric pass; detailed slices computed for top candidates only
A2_group_1.000_1.015_1.000,0.6133695098109434,0.8700207731709885,0.12997922682901156,0.3567182464508984,,,0.001602153338216783,-7.903957900845526e-06,7.903957900873282e-06,0.003212210634334578,,,A2_group,1.0,1.015,1.0,Screened,fast metric pass; detailed slices computed for top candidates only
A2_group_1.000_1.015_1.005,0.6135562713103038,0.8701482302493607,0.12985176975063925,0.3569643123712467,,,0.001788914837577149,0.0001195531204714051,-0.00011955312047143285,0.003458276554682893,,,A2_group,1.0,1.015,1.005,Screened,fast metric pass; detailed slices computed for top candidates only
A2_group_1.000_1.015_1.010,0.6139349815775561,0.8702690122301582,0.12973098776984182,0.3576009509249541,,,0.002167625104829485,0.0002403351012688626,-0.0002403351012688626,0.0040949151083902735,,,A2_group,1.0,1.015,1.01,Screened,fast metric pass; detailed slices computed for top candidates only
A2_group_1.000_1.015_1.015,0.6141908365027376,0.8703830953091964,0.1296169046908035,0.3579985776962789,,,0.002423480030011027,0.0003544181803071256,-0.0003544181803071811,0.004492541879715095,,,A2_group,1.0,1.015,1.015,Screened,fast metric pass; detailed slices computed for top candidates only
A2_group_1.000_1.015_1.020,0.6142593279923131,0.8704905648925674,0.12950943510743262,0.3580280910920588,,,0.0024919715195864667,0.0004618877636780594,-0.0004618877636780594,0.004522055275494985,,,A2_group,1.0,1.015,1.02,Screened,fast metric pass; detailed slices computed for top candidates only
A2_group_1.000_1.015_1.025,0.6146661068024378,0.8705902771722541,0.12940972282774585,0.3587419364326216,,,0.0028987503297112083,0.0005616000433648072,-0.0005616000433648349,0.005235900616057776,,,A2_group,1.0,1.015,1.025,Screened,fast metric pass; detailed slices computed for top candidates only
A2_group_1.000_1.015_1.030,0.6148532438166202,0.8706844333575496,0.1293155666424504,0.35902205427569084,,,0.0030858873438935897,0.0006557562286603202,-0.0006557562286602925,0.005516018459127026,,,A2_group,1.0,1.015,1.03,Screened,fast metric pass; detailed slices computed for top candidates only
A2_group_1.000_1.020_0.970,0.6118321925100667,0.8690654664813495,0.13093453351865045,0.3545989185387839,,,6.483603734008803e-05,-0.0009632106475397917,0.0009632106475397639,0.0010928827222200788,,,A2_group,1.0,1.02,0.97,Screened,fast metric pass; detailed slices computed for top candidates only
A2_group_1.000_1.020_0.975,0.6120157172238561,0.869235258587673,0.130764741412327,0.35479617586003903,,,0.00024836075112943945,-0.0007934185412162842,0.0007934185412163119,0.0012901400434752186,,,A2_group,1.0,1.02,0.975,Screened,fast metric pass; detailed slices computed for top candidates only
A2_group_1.000_1.020_0.980,0.6124297613720229,0.8693970393547067,0.13060296064529334,0.35546248338933895,,,0.0006624048992962539,-0.0006316377741826251,0.0006316377741826529,0.001956447572775133,,,A2_group,1.0,1.02,0.98,Screened,fast metric pass; detailed slices computed for top candidates only
A2_group_1.000_1.020_0.985,0.6128453851556969,0.8695521502323044,0.13044784976769563,0.3561386200790893,,,0.0010780286829702446,-0.00047652689658495007,0.00047652689658495007,0.0026325842625254947,,,A2_group,1.0,1.02,0.985,Screened,fast metric pass; detailed slices computed for top candidates only
A2_group_1.000_1.020_0.990,0.6132268877334448,0.869701416961745,0.13029858303825498,0.3567523585051446,,,0.0014595312607181832,-0.0003272601671443498,0.0003272601671442943,0.0032463226885807717,,,A2_group,1.0,1.02,0.99,Screened,fast metric pass; detailed slices computed for top candidates only
A2_group_1.000_1.020_0.995,0.6134882801442954,0.8698444697747719,0.13015553022522805,0.3571320905138189,,,0.0017209236715687304,-0.00018420735411739386,0.0001842073541173661,0.0036260546972550767,,,A2_group,1.0,1.02,0.995,Screened,fast metric pass; detailed slices computed for top candidates only
A2_group_1.000_1.020_1.000,0.6137081306795711,0.8699801414551961,0.13001985854480388,0.357436119903946,,,0.0019407742068444644,-4.853567369322853e-05,4.8535673693200776e-05,0.003930084087382213,,,A2_group,1.0,1.02,1.0,Screened,fast metric pass; detailed slices computed for top candidates only
A2_group_1.000_1.020_1.005,0.6138948921789315,0.8701075985335684,0.12989240146643155,0.35768218582429445,,,0.0021275357062048306,7.892140467913311e-05,-7.892140467913311e-05,0.004176150007730639,,,A2_group,1.0,1.02,1.005,Screened,fast metric pass; detailed slices computed for top candidates only
A2_group_1.000_1.020_1.010,0.6142736024461839,0.8702283805143659,0.12977161948563412,0.35831882437800183,,,0.0025062459734572773,0.0001997033854765906,-0.00019970338547656286,0.0048127885614380195,,,A2_group,1.0,1.02,1.01,Screened,fast metric pass; detailed slices computed for top candidates only
A2_group_1.000_1.020_1.015,0.6145294573713654,0.8703424635934042,0.1296575364065958,0.35871645114932676,,,0.0027621008986388196,0.0003137864645148536,-0.00031378646451488135,0.005210415332762952,,,A2_group,1.0,1.02,1.015,Screened,fast metric pass; detailed slices computed for top candidates only
A2_group_1.000_1.020_1.020,0.6145979488609409,0.8704499331767751,0.12955006682322492,0.3587459645451066,,,0.002830592388214259,0.0004212560478857874,-0.00042125604788575965,0.0052399287285427865,,,A2_group,1.0,1.02,1.02,Screened,fast metric pass; detailed slices computed for top candidates only
A2_group_1.000_1.020_1.025,0.6150047276710656,0.8705496454564619,0.12945035454353815,0.35945980988566933,,,0.0032373711983390008,0.0005209683275725352,-0.0005209683275725352,0.005953774069105522,,,A2_group,1.0,1.02,1.025,Screened,fast metric pass; detailed slices computed for top candidates only
A2_group_1.000_1.020_1.030,0.6151918646852479,0.8706438016417573,0.12935619835824272,0.3597399277287386,,,0.003424508212521271,0.0006151245128679372,-0.000615124512867965,0.0062338919121747716,,,A2_group,1.0,1.02,1.03,Screened,fast metric pass; detailed slices computed for top candidates only
A2_group_1.000_1.025_0.970,0.6118053542102422,0.86900862213964,0.13099137786036,0.3546020862808444,,,3.799773751556046e-05,-0.001020054989249286,0.0010200549892493138,0.0010960504642805735,,,A2_group,1.0,1.025,0.97,Screened,fast metric pass; detailed slices computed for top candidates only
A2_group_1.000_1.025_0.975,0.6119888789240315,0.8691784142459634,0.13082158575403657,0.3547993436020995,,,0.00022152245130491188,-0.0008502628829258896,0.0008502628829258896,0.0012933077855357134,,,A2_group,1.0,1.025,0.975,Screened,fast metric pass; detailed slices computed for top candidates only
A2_group_1.000_1.025_0.980,0.6124029230721982,0.8693401950129971,0.13065980498700291,0.3554656511313994,,,0.0006355665994716153,-0.0006884821158922305,0.0006884821158922305,0.001959615314835572,,,A2_group,1.0,1.025,0.98,Screened,fast metric pass; detailed slices computed for top candidates only
A2_group_1.000_1.025_0.985,0.6128185468558723,0.8694953058905948,0.1305046941094052,0.35614178782114986,,,0.001051190383145717,-0.0005333712382945555,0.0005333712382945277,0.002635752004586045,,,A2_group,1.0,1.025,0.985,Screened,fast metric pass; detailed slices computed for top candidates only
A2_group_1.000_1.025_0.990,0.6132000494336203,0.8696445726200355,0.13035542737996456,0.3567555262472051,,,0.0014326929608936556,-0.0003841045088538442,0.00038410450885387193,0.0032494904306412664,,,A2_group,1.0,1.025,0.99,Screened,fast metric pass; detailed slices computed for top candidates only
A2_group_1.000_1.025_0.995,0.6134614418444709,0.8697876254330624,0.1302123745669376,0.3571352582558794,,,0.0016940853717443138,-0.00024105169582688823,0.000241051695826916,0.0036292224393155714,,,A2_group,1.0,1.025,0.995,Screened,fast metric pass; detailed slices computed for top candidates only
A2_group_1.000_1.025_1.000,0.6136812923797466,0.8699232971134866,0.13007670288651343,0.3574392876460066,,,0.0019139359070199369,-0.0001053800154027229,0.00010538001540275066,0.003933251829442763,,,A2_group,1.0,1.025,1.0,Screened,fast metric pass; detailed slices computed for top candidates only
A2_group_1.000_1.025_1.005,0.6138680538791068,0.8700507541918588,0.12994924580814113,0.3576853535663549,,,0.002100697406380192,2.2077062969527717e-05,-2.2077062969555472e-05,0.004179317749791078,,,A2_group,1.0,1.025,1.005,Screened,fast metric pass; detailed slices computed for top candidates only
A2_group_1.000_1.025_1.010,0.6142467641463593,0.8701715361726563,0.1298284638273437,0.35832199212006227,,,0.0024794076736326387,0.00014285904376698522,-0.00014285904376698522,0.004815956303498459,,,A2_group,1.0,1.025,1.01,Screened,fast metric pass; detailed slices computed for top candidates only
A2_group_1.000_1.025_1.015,0.6145026190715409,0.8702856192516946,0.12971438074830538,0.3587196188913872,,,0.002735262598814292,0.0002569421228052482,-0.0002569421228053037,0.005213583074823391,,,A2_group,1.0,1.025,1.015,Screened,fast metric pass; detailed slices computed for top candidates only
A2_group_1.000_1.025_1.020,0.6145711105611162,0.8703930888350655,0.1296069111649345,0.35874913228716704,,,0.0028037540883896206,0.000364411706176182,-0.000364411706176182,0.005243096470603226,,,A2_group,1.0,1.025,1.02,Screened,fast metric pass; detailed slices computed for top candidates only
A2_group_1.000_1.025_1.025,0.614977889371241,0.8704928011147522,0.12950719888524773,0.3594629776277298,,,0.003210532898514362,0.0004641239858629298,-0.00046412398586295756,0.005956941811165961,,,A2_group,1.0,1.025,1.025,Screened,fast metric pass; detailed slices computed for top candidates only
A2_group_1.000_1.025_1.030,0.6151650263854235,0.8705869573000478,0.12941304269995227,0.35974309547079913,,,0.0033976699126968546,0.0005582801711584429,-0.0005582801711584151,0.006237059654235322,,,A2_group,1.0,1.025,1.03,Screened,fast metric pass; detailed slices computed for top candidates only
A2_group_1.000_1.030_0.970,0.6120439166491319,0.8689378168926523,0.13106218310734769,0.3551500164056116,,,0.00027656017640531605,-0.0010908602362370567,0.0010908602362370012,0.0016439805890477999,,,A2_group,1.0,1.03,0.97,Screened,fast metric pass; detailed slices computed for top candidates only
A2_group_1.000_1.030_0.975,0.6122274413629212,0.8691076089989758,0.13089239100102426,0.35534727372686664,,,0.00046008489019455645,-0.0009210681299135492,0.000921068129913577,0.0018412379103028287,,,A2_group,1.0,1.03,0.975,Screened,fast metric pass; detailed slices computed for top candidates only
A2_group_1.000_1.030_0.980,0.612641485511088,0.8692693897660094,0.13073061023399057,0.3560135812561665,,,0.0008741290383613709,-0.0007592873628798902,0.0007592873628798902,0.0025075454396026875,,,A2_group,1.0,1.03,0.98,Screened,fast metric pass; detailed slices computed for top candidates only
A2_group_1.000_1.030_0.985,0.6130571092947621,0.8694245006436071,0.1305754993563929,0.356689717945917,,,0.0012897528220354726,-0.0006041764852822151,0.0006041764852822151,0.0031836821293531603,,,A2_group,1.0,1.03,0.985,Screened,fast metric pass; detailed slices computed for top candidates only
A2_group_1.000_1.030_0.990,0.61343861187251,0.8695737673730478,0.13042623262695222,0.3573034563719722,,,0.0016712553997834112,-0.00045490975584150384,0.0004549097558415316,0.0037974205554083817,,,A2_group,1.0,1.03,0.99,Screened,fast metric pass; detailed slices computed for top candidates only
A2_group_1.000_1.030_0.995,0.6137000042833606,0.8697168201860747,0.13028317981392531,0.35768318838064656,,,0.0019326478106339584,-0.0003118569428146589,0.00031185694281463117,0.004177152564082742,,,A2_group,1.0,1.03,0.995,Screened,fast metric pass; detailed slices computed for top candidates only
A2_group_1.000_1.030_1.000,0.6139198548186363,0.8698524918664989,0.1301475081335011,0.35798721777077375,,,0.0021524983459096925,-0.00017618526239038257,0.00017618526239041032,0.004481181954209934,,,A2_group,1.0,1.03,1.0,Screened,fast metric pass; detailed slices computed for top candidates only
A2_group_1.000_1.030_1.005,0.6141066163179967,0.8699799489448712,0.1300200510551288,0.3582332836911221,,,0.0023392598452700586,-4.872818401813195e-05,4.872818401810419e-05,0.004727247874558305,,,A2_group,1.0,1.03,1.005,Screened,fast metric pass; detailed slices computed for top candidates only
A2_group_1.000_1.030_1.010,0.614485326585249,0.8701007309256686,0.12989926907433139,0.3588699222448295,,,0.0027179701125223943,7.205379677932555e-05,-7.20537967792978e-05,0.005363886428265685,,,A2_group,1.0,1.03,1.01,Screened,fast metric pass; detailed slices computed for top candidates only
A2_group_1.000_1.030_1.015,0.6147411815104307,0.8702148140047069,0.12978518599529307,0.3592675490161543,,,0.0029738250377040476,0.00018613687581758853,-0.0001861368758176163,0.005761513199590507,,,A2_group,1.0,1.03,1.015,Screened,fast metric pass; detailed slices computed for top candidates only
A2_group_1.000_1.030_1.020,0.614809673000006,0.8703222835880778,0.1296777164119222,0.3592970624119342,,,0.003042316527279376,0.00029360645918852235,-0.0002936064591884946,0.0057910265953703965,,,A2_group,1.0,1.03,1.02,Screened,fast metric pass; detailed slices computed for top candidates only
A2_group_1.000_1.030_1.025,0.6152164518101307,0.8704219958677646,0.12957800413223539,0.36001090775249694,,,0.0034490953374041178,0.00039331873887527014,-0.0003933187388752979,0.006504871935933132,,,A2_group,1.0,1.03,1.025,Screened,fast metric pass; detailed slices computed for top candidates only
A2_group_1.000_1.030_1.030,0.6154035888243131,0.87051615205306,0.12948384794693996,0.36029102559556625,,,0.003636232351586499,0.0004874749241706722,-0.0004874749241707277,0.006784989779002437,,,A2_group,1.0,1.03,1.03,Screened,fast metric pass; detailed slices computed for top candidates only
A2_group_1.005_0.970_0.970,0.6054806364706866,0.8687877615867298,0.1312122384132702,0.3421735113546435,,,-0.006286720002040003,-0.0012409155421595486,0.0012409155421595208,-0.01133252446192029,,,A2_group,1.005,0.97,0.97,Screened,fast metric pass; detailed slices computed for top candidates only
A2_group_1.005_0.970_0.975,0.605664161184476,0.8689575536930533,0.13104244630694675,0.3423707686758986,,,-0.006103195288250651,-0.001071123435836041,0.0010711234358360688,-0.011135267140665206,,,A2_group,1.005,0.97,0.975,Screened,fast metric pass; detailed slices computed for top candidates only
A2_group_1.005_0.970_0.980,0.6060782053326428,0.8691193344600869,0.1308806655399131,0.3430370762051986,,,-0.005689151140083837,-0.000909342668802382,0.0009093426688024098,-0.010468959611365236,,,A2_group,1.005,0.97,0.98,Screened,fast metric pass; detailed slices computed for top candidates only
A2_group_1.005_0.970_0.985,0.6064938291163168,0.8692744453376846,0.1307255546623154,0.34371321289494894,,,-0.005273527356409846,-0.000754231791204707,0.000754231791204707,-0.009792822921614874,,,A2_group,1.005,0.97,0.985,Screened,fast metric pass; detailed slices computed for top candidates only
A2_group_1.005_0.970_0.990,0.6068753316940647,0.8694237120671253,0.1305762879328747,0.34432695132100416,,,-0.0048920247786619075,-0.0006049650617639957,0.0006049650617640234,-0.009179084495559653,,,A2_group,1.005,0.97,0.99,Screened,fast metric pass; detailed slices computed for top candidates only
A2_group_1.005_0.970_0.995,0.6071367241049154,0.8695667648801522,0.1304332351198478,0.3447066833296785,,,-0.004630632367811249,-0.00046191224873715075,0.000461912248737123,-0.008799352486885292,,,A2_group,1.005,0.97,0.995,Screened,fast metric pass; detailed slices computed for top candidates only
A2_group_1.005_0.970_1.000,0.607356574640191,0.8697024365605763,0.1302975634394236,0.34501071271980566,,,-0.004410781832535626,-0.0003262405683129854,0.0003262405683129299,-0.008495323096758156,,,A2_group,1.005,0.97,1.0,Screened,fast metric pass; detailed slices computed for top candidates only
A2_group_1.005_0.970_1.005,0.6075433361395514,0.8698298936389487,0.13017010636105128,0.3452567786401541,,,-0.00422402033317526,-0.00019878348994062378,0.00019878348994059603,-0.00824925717640973,,,A2_group,1.005,0.97,1.005,Screened,fast metric pass; detailed slices computed for top candidates only
A2_group_1.005_0.970_1.010,0.6079220464068038,0.8699506756197461,0.13004932438025388,0.34589341719386146,,,-0.0038453100659228134,-7.800150914316628e-05,7.800150914319404e-05,-0.00761261862270235,,,A2_group,1.005,0.97,1.01,Screened,fast metric pass; detailed slices computed for top candidates only
A2_group_1.005_0.970_1.015,0.6081779013319853,0.8700647586987844,0.12993524130121556,0.34629104396518634,,,-0.003589455140741271,3.60815698950967e-05,-3.6081569895124455e-05,-0.0072149918513774725,,,A2_group,1.005,0.97,1.015,Screened,fast metric pass; detailed slices computed for top candidates only
A2_group_1.005_0.970_1.020,0.6082463928215608,0.8701722282821553,0.12982777171784468,0.34632055736096623,,,-0.0035209636511658315,0.00014355115326603052,-0.00014355115326600276,-0.007185478455597583,,,A2_group,1.005,0.97,1.02,Screened,fast metric pass; detailed slices computed for top candidates only
A2_group_1.005_0.970_1.025,0.6086531716316855,0.8702719405618421,0.12972805943815788,0.3470344027015289,,,-0.00311418484104109,0.0002432634329527783,-0.00024326343295280606,-0.006471633115034903,,,A2_group,1.005,0.97,1.025,Screened,fast metric pass; detailed slices computed for top candidates only
A2_group_1.005_0.970_1.030,0.6088403086458678,0.8703660967471375,0.12963390325286248,0.3473145205445982,,,-0.0029270478268588196,0.00033741961824818034,-0.0003374196182482081,-0.0061915152719655975,,,A2_group,1.005,0.97,1.03,Screened,fast metric pass; detailed slices computed for top candidates only
A2_group_1.005_0.975_0.970,0.6069796032689414,0.8689099631493343,0.1310900368506657,0.34504924338854853,,,-0.004787753203785217,-0.001118713979554986,0.0011187139795550138,-0.00845679242801528,,,A2_group,1.005,0.975,0.97,Screened,fast metric pass; detailed slices computed for top candidates only
A2_group_1.005_0.975_0.975,0.6071631279827306,0.8690797552556577,0.13092024474434227,0.3452465007098036,,,-0.004604228489995976,-0.0009489218732315896,0.0009489218732315896,-0.008259535106760196,,,A2_group,1.005,0.975,0.975,Screened,fast metric pass; detailed slices computed for top candidates only
A2_group_1.005_0.975_0.980,0.6075771721308975,0.8692415360226914,0.13075846397730861,0.3459128082391036,,,-0.004190184341829162,-0.0007871411061979305,0.0007871411061979305,-0.0075932275774602265,,,A2_group,1.005,0.975,0.98,Screened,fast metric pass; detailed slices computed for top candidates only
A2_group_1.005_0.975_0.985,0.6079927959145714,0.8693966469002891,0.1306033530997109,0.34658894492885395,,,-0.003774560558155171,-0.0006320302286002555,0.0006320302286002277,-0.006917090887709865,,,A2_group,1.005,0.975,0.985,Screened,fast metric pass; detailed slices computed for top candidates only
A2_group_1.005_0.975_0.990,0.6083742984923195,0.8695459136297298,0.13045408637027026,0.34720268335490917,,,-0.0033930579804071215,-0.0004827634991595442,0.00048276349915957195,-0.006303352461654643,,,A2_group,1.005,0.975,0.99,Screened,fast metric pass; detailed slices computed for top candidates only
A2_group_1.005_0.975_0.995,0.6086356909031702,0.8696889664427567,0.13031103355724333,0.34758241536358353,,,-0.0031316655695564632,-0.00033971068613258826,0.00033971068613264377,-0.005923620452980283,,,A2_group,1.005,0.975,0.995,Screened,fast metric pass; detailed slices computed for top candidates only
A2_group_1.005_0.975_1.000,0.6088555414384458,0.8698246381231809,0.13017536187681913,0.34788644475371067,,,-0.00291181503428084,-0.00020403900570842293,0.00020403900570845068,-0.0056195910628531465,,,A2_group,1.005,0.975,1.0,Screened,fast metric pass; detailed slices computed for top candidates only
A2_group_1.005_0.975_1.005,0.6090423029378061,0.8699520952015531,0.13004790479844683,0.3481325106740591,,,-0.002725053534920474,-7.65819273361723e-05,7.658192733614455e-05,-0.00537352514250472,,,A2_group,1.005,0.975,1.005,Screened,fast metric pass; detailed slices computed for top candidates only
A2_group_1.005_0.975_1.010,0.6094210132050586,0.8700728771823506,0.12992712281764943,0.3487691492277665,,,-0.0023463432676680274,4.4200053461285194e-05,-4.420005346125744e-05,-0.00473688658879734,,,A2_group,1.005,0.975,1.01,Screened,fast metric pass; detailed slices computed for top candidates only
A2_group_1.005_0.975_1.015,0.6096768681302401,0.8701869602613889,0.1298130397386111,0.34916677599909135,,,-0.002090488342486485,0.00015828313249954817,-0.00015828313249957593,-0.004339259817472463,,,A2_group,1.005,0.975,1.015,Screened,fast metric pass; detailed slices computed for top candidates only
A2_group_1.005_0.975_1.020,0.6097453596198155,0.8702944298447598,0.12970557015524023,0.34919628939487124,,,-0.0020219968529111565,0.000265752715870482,-0.00026575271587045424,-0.004309746421692573,,,A2_group,1.005,0.975,1.02,Screened,fast metric pass; detailed slices computed for top candidates only
A2_group_1.005_0.975_1.025,0.6101521384299402,0.8703941421244465,0.12960585787555343,0.3499101347354339,,,-0.001615218042786415,0.0003654649955572298,-0.00036546499555725753,-0.003595901081129893,,,A2_group,1.005,0.975,1.025,Screened,fast metric pass; detailed slices computed for top candidates only
A2_group_1.005_0.975_1.030,0.6103392754441226,0.8704882983097421,0.12951170169025797,0.3501902525785032,,,-0.0014280810286040335,0.00045962118085274284,-0.0004596211808527151,-0.003315783238060588,,,A2_group,1.005,0.975,1.03,Screened,fast metric pass; detailed slices computed for top candidates only
A2_group_1.005_0.980_0.970,0.6077931732209773,0.8690159147652814,0.13098408523471863,0.34657043167667306,,,-0.003974183251749364,-0.001012762363607922,0.0010127623636079497,-0.00693560413989075,,,A2_group,1.005,0.98,0.97,Screened,fast metric pass; detailed slices computed for top candidates only
A2_group_1.005_0.980_0.975,0.6079766979347665,0.8691857068716048,0.1308142931283952,0.3467676889979281,,,-0.003790658537960123,-0.0008429702572845255,0.0008429702572845255,-0.006738346818635721,,,A2_group,1.005,0.98,0.975,Screened,fast metric pass; detailed slices computed for top candidates only
A2_group_1.005_0.980_0.980,0.6083907420829332,0.8693474876386384,0.13065251236136155,0.34743399652722795,,,-0.0033766143897934198,-0.0006811894902508664,0.0006811894902508664,-0.006072039289335862,,,A2_group,1.005,0.98,0.98,Screened,fast metric pass; detailed slices computed for top candidates only
A2_group_1.005_0.980_0.985,0.6088063658666073,0.8695025985162361,0.13049740148376385,0.3481101332169784,,,-0.002960990606119318,-0.0005260786126531913,0.0005260786126531636,-0.005395902599585389,,,A2_group,1.005,0.98,0.985,Screened,fast metric pass; detailed slices computed for top candidates only
A2_group_1.005_0.980_0.990,0.6091878684443552,0.8696518652456768,0.1303481347543232,0.34872387164303364,,,-0.0025794880283713795,-0.00037681188321248005,0.0003768118832125078,-0.004782164173530168,,,A2_group,1.005,0.98,0.99,Screened,fast metric pass; detailed slices computed for top candidates only
A2_group_1.005_0.980_0.995,0.6094492608552058,0.8697949180587037,0.13020508194129626,0.34910360365170795,,,-0.0023180956175208323,-0.00023375907018563513,0.00023375907018557962,-0.004402432164855863,,,A2_group,1.005,0.98,0.995,Screened,fast metric pass; detailed slices computed for top candidates only
A2_group_1.005_0.980_1.000,0.6096691113904815,0.869930589739128,0.13006941026087207,0.3494076330418352,,,-0.002098245082245098,-9.808738976135878e-05,9.808738976138653e-05,-0.004098402774728616,,,A2_group,1.005,0.98,1.0,Screened,fast metric pass; detailed slices computed for top candidates only
A2_group_1.005_0.980_1.005,0.6098558728898419,0.8700580468175002,0.12994195318249976,0.3496536989621835,,,-0.001911483582884732,2.9369688610891842e-05,-2.9369688610919598e-05,-0.0038523368543803005,,,A2_group,1.005,0.98,1.005,Screened,fast metric pass; detailed slices computed for top candidates only
A2_group_1.005_0.980_1.010,0.6102345831570943,0.8701788287982977,0.12982117120170236,0.35029033751589095,,,-0.0015327733156322854,0.00015015166940834934,-0.00015015166940832159,-0.0032156983006728646,,,A2_group,1.005,0.98,1.01,Screened,fast metric pass; detailed slices computed for top candidates only
A2_group_1.005_0.980_1.015,0.6104904380822759,0.8702929118773359,0.12970708812266404,0.35068796428721577,,,-0.001276918390450743,0.0002642347484466123,-0.0002642347484466401,-0.002818071529348043,,,A2_group,1.005,0.98,1.015,Screened,fast metric pass; detailed slices computed for top candidates only
A2_group_1.005_0.980_1.020,0.6105589295718512,0.8704003814607069,0.12959961853929317,0.3507174776829956,,,-0.0012084269008754145,0.00037170433181754614,-0.0003717043318175184,-0.0027885581335682086,,,A2_group,1.005,0.98,1.02,Screened,fast metric pass; detailed slices computed for top candidates only
A2_group_1.005_0.980_1.025,0.610965708381976,0.8705000937403936,0.12949990625960636,0.3514313230235584,,,-0.0008016480907506729,0.0004714166115042939,-0.0004714166115043217,-0.0020747127930054177,,,A2_group,1.005,0.98,1.025,Screened,fast metric pass; detailed slices computed for top candidates only
A2_group_1.005_0.980_1.030,0.6111528453961584,0.8705942499256891,0.1294057500743109,0.3517114408666277,,,-0.0006145110765681805,0.000565572796799807,-0.0005655727967997792,-0.0017945949499361125,,,A2_group,1.005,0.98,1.03,Screened,fast metric pass; detailed slices computed for top candidates only
A2_group_1.005_0.985_0.970,0.6085468572592924,0.8691038552002468,0.13089614479975323,0.3479898593183379,,,-0.003220499213434258,-0.0009248219286425163,0.0009248219286425441,-0.005516176498225889,,,A2_group,1.005,0.985,0.97,Screened,fast metric pass; detailed slices computed for top candidates only
A2_group_1.005_0.985_0.975,0.6087303819730816,0.8692736473065702,0.13072635269342978,0.34818711663959295,,,-0.0030369744996450176,-0.0007550298223191199,0.0007550298223190921,-0.00531891917697086,,,A2_group,1.005,0.985,0.975,Screened,fast metric pass; detailed slices computed for top candidates only
A2_group_1.005_0.985_0.980,0.6091444261212483,0.8694354280736039,0.13056457192639612,0.3488534241688928,,,-0.002622930351478314,-0.0005932490552854608,0.000593249055285433,-0.004652611647671001,,,A2_group,1.005,0.985,0.98,Screened,fast metric pass; detailed slices computed for top candidates only
A2_group_1.005_0.985_0.985,0.6095600499049224,0.8695905389512015,0.13040946104879844,0.3495295608586433,,,-0.0022073065678042125,-0.00043813817768778573,0.000438138177687758,-0.003976474957920528,,,A2_group,1.005,0.985,0.985,Screened,fast metric pass; detailed slices computed for top candidates only
A2_group_1.005_0.985_0.990,0.6099415524826703,0.8697398056806422,0.13026019431935776,0.3501432992846985,,,-0.001825803990056274,-0.00028887144824707445,0.00028887144824707445,-0.003362736531865307,,,A2_group,1.005,0.985,0.99,Screened,fast metric pass; detailed slices computed for top candidates only
A2_group_1.005_0.985_0.995,0.610202944893521,0.8698828584936692,0.13011714150633083,0.35052303129337287,,,-0.0015644115792056157,-0.0001458186352201185,0.00014581863522014626,-0.0029830045231909463,,,A2_group,1.005,0.985,0.995,Screened,fast metric pass; detailed slices computed for top candidates only
A2_group_1.005_0.985_1.000,0.6104227954287967,0.8700185301740934,0.12998146982590664,0.35082706068350006,,,-0.0013445610439298816,-1.0146954795953178e-05,1.0146954795953178e-05,-0.0026789751330637546,,,A2_group,1.005,0.985,1.0,Screened,fast metric pass; detailed slices computed for top candidates only
A2_group_1.005_0.985_1.005,0.6106095569281571,0.8701459872524657,0.1298540127475343,0.35107312660384843,,,-0.0011577995445695155,0.00011731012357640846,-0.00011731012357638071,-0.002432909212715384,,,A2_group,1.005,0.985,1.005,Screened,fast metric pass; detailed slices computed for top candidates only
A2_group_1.005_0.985_1.010,0.6109882671954094,0.8702667692332631,0.12973323076673693,0.3517097651575558,,,-0.0007790892773171798,0.00023809210437375494,-0.00023809210437375494,-0.0017962706590080035,,,A2_group,1.005,0.985,1.01,Screened,fast metric pass; detailed slices computed for top candidates only
A2_group_1.005_0.985_1.015,0.6112441221205911,0.8703808523123014,0.12961914768769858,0.35210739192888063,,,-0.0005232343521355265,0.00035217518341212894,-0.0003521751834121012,-0.001398643887683182,,,A2_group,1.005,0.985,1.015,Screened,fast metric pass; detailed slices computed for top candidates only
A2_group_1.005_0.985_1.020,0.6113126136101664,0.8704883218956723,0.12951167810432773,0.3521369053246605,,,-0.0004547428625601979,0.00045964476678295174,-0.00045964476678295174,-0.001369130491903292,,,A2_group,1.005,0.985,1.02,Screened,fast metric pass; detailed slices computed for top candidates only
A2_group_1.005_0.985_1.025,0.6117193924202912,0.8705880341753591,0.1294119658246409,0.35285075066522326,,,-4.796405243545632e-05,0.0005593570464698105,-0.0005593570464697828,-0.0006552851513405566,,,A2_group,1.005,0.985,1.025,Screened,fast metric pass; detailed slices computed for top candidates only
A2_group_1.005_0.985_1.030,0.6119065294344735,0.8706821903606545,0.1293178096393455,0.35313086850829256,,,0.00013917296174692506,0.0006535132317652126,-0.0006535132317651848,-0.00037516730827125144,,,A2_group,1.005,0.985,1.03,Screened,fast metric pass; detailed slices computed for top candidates only
A2_group_1.005_0.990_0.970,0.6095660232769129,0.8691754848530789,0.13082451514692103,0.3499565617007468,,,-0.002201333195813726,-0.0008531922758103772,0.0008531922758103494,-0.0035494741158170195,,,A2_group,1.005,0.99,0.97,Screened,fast metric pass; detailed slices computed for top candidates only
A2_group_1.005_0.990_0.975,0.6097495479907022,0.8693452769594024,0.13065472304059758,0.35015381902200193,,,-0.0020178084820243747,-0.0006834001694868697,0.0006834001694868974,-0.0033522167945618797,,,A2_group,1.005,0.99,0.975,Screened,fast metric pass; detailed slices computed for top candidates only
A2_group_1.005_0.990_0.980,0.610163592138869,0.8695070577264361,0.13049294227356392,0.3508201265513018,,,-0.0016037643338576713,-0.0005216194024532106,0.0005216194024532383,-0.002685909265262021,,,A2_group,1.005,0.99,0.98,Screened,fast metric pass; detailed slices computed for top candidates only
A2_group_1.005_0.990_0.985,0.610579215922543,0.8696621686040338,0.13033783139596622,0.35149626324105226,,,-0.0011881405501835696,-0.00036650852485553553,0.00036650852485553553,-0.002009772575511548,,,A2_group,1.005,0.99,0.985,Screened,fast metric pass; detailed slices computed for top candidates only
A2_group_1.005_0.990_0.990,0.610960718500291,0.8698114353334745,0.13018856466652556,0.3521100016671075,,,-0.000806637972435631,-0.00021724179541482425,0.00021724179541487976,-0.0013960341494563266,,,A2_group,1.005,0.99,0.99,Screened,fast metric pass; detailed slices computed for top candidates only
A2_group_1.005_0.990_0.995,0.6112221109111415,0.8699544881465013,0.13004551185349864,0.3524897336757818,,,-0.0005452455615850837,-7.418898238797933e-05,7.418898238795157e-05,-0.0010163021407820216,,,A2_group,1.005,0.99,0.995,Screened,fast metric pass; detailed slices computed for top candidates only
A2_group_1.005_0.990_1.000,0.6114419614464173,0.8700901598269255,0.12990984017307447,0.352793763065909,,,-0.0003253950263093497,6.1482698036186e-05,-6.148269803621376e-05,-0.0007122727506548299,,,A2_group,1.005,0.99,1.0,Screened,fast metric pass; detailed slices computed for top candidates only
A2_group_1.005_0.990_1.005,0.6116287229457775,0.8702176169052979,0.12978238309470214,0.3530398289862573,,,-0.0001386335269490946,0.00018893977640854764,-0.00018893977640854764,-0.0004662068303065148,,,A2_group,1.005,0.99,1.005,Screened,fast metric pass; detailed slices computed for top candidates only
A2_group_1.005_0.990_1.010,0.61200743321303,0.8703383988860953,0.1296616011139047,0.3536764675399647,,,0.00024007674030335213,0.00030972175720600514,-0.0003097217572059774,0.00017043172340086565,,,A2_group,1.005,0.99,1.01,Screened,fast metric pass; detailed slices computed for top candidates only
A2_group_1.005_0.990_1.015,0.6122632881382116,0.8704524819651336,0.1295475180348664,0.3540740943112896,,,0.0004959316654850054,0.0004238048362442681,-0.0004238048362442959,0.0005680584947257983,,,A2_group,1.005,0.99,1.015,Screened,fast metric pass; detailed slices computed for top candidates only
A2_group_1.005_0.990_1.020,0.612331779627787,0.8705599515485045,0.1294400484514955,0.35410360770706945,,,0.000564423155060334,0.0005312744196152019,-0.0005312744196151742,0.0005975718905056326,,,A2_group,1.005,0.99,1.02,Screened,fast metric pass; detailed slices computed for top candidates only
A2_group_1.005_0.990_1.025,0.6127385584379117,0.8706596638281913,0.12934033617180873,0.3548174530476322,,,0.0009712019651850756,0.0006309866993019497,-0.0006309866993019497,0.001311417231068368,,,A2_group,1.005,0.99,1.025,Screened,fast metric pass; detailed slices computed for top candidates only
A2_group_1.005_0.990_1.030,0.6129256954520941,0.8707538200134867,0.1292461799865133,0.35509757089070154,,,0.001158338979367457,0.0007251428845973518,-0.0007251428845973795,0.0015915350741377288,,,A2_group,1.005,0.99,1.03,Screened,fast metric pass; detailed slices computed for top candidates only
A2_group_1.005_0.995_0.970,0.6102685035069406,0.8692281080395362,0.13077189196046382,0.351308898974345,,,-0.0014988529657860017,-0.0008005690893531092,0.000800569089353137,-0.0021971368422188386,,,A2_group,1.005,0.995,0.97,Screened,fast metric pass; detailed slices computed for top candidates only
A2_group_1.005_0.995_0.975,0.6104520282207299,0.8693979001458596,0.1306020998541404,0.35150615629560006,,,-0.0013153282519967613,-0.0006307769830297127,0.0006307769830297127,-0.0019998795209637543,,,A2_group,1.005,0.995,0.975,Screened,fast metric pass; detailed slices computed for top candidates only
A2_group_1.005_0.995_0.980,0.6108660723688966,0.8695596809128933,0.13044031908710674,0.3521724638248999,,,-0.0009012841038300579,-0.0004689962159960537,0.0004689962159960537,-0.0013335719916638955,,,A2_group,1.005,0.995,0.98,Screened,fast metric pass; detailed slices computed for top candidates only
A2_group_1.005_0.995_0.985,0.6112816961525707,0.8697147917904909,0.13028520820950903,0.35284860051465033,,,-0.00048566032015595617,-0.0003138853383983786,0.00031388533839835087,-0.0006574353019134782,,,A2_group,1.005,0.995,0.985,Screened,fast metric pass; detailed slices computed for top candidates only
A2_group_1.005_0.995_0.990,0.6116631987303186,0.8698640585199316,0.13013594148006838,0.3534623389407056,,,-0.00010415774240801756,-0.00016461860895766733,0.0001646186089576951,-4.3696875858201256e-05,,,A2_group,1.005,0.995,0.99,Screened,fast metric pass; detailed slices computed for top candidates only
A2_group_1.005_0.995_0.995,0.6119245911411693,0.8700071113329586,0.12999288866704142,0.3538420709493799,,,0.00015723466844264067,-2.1565795930711396e-05,2.156579593073915e-05,0.00033603513281610375,,,A2_group,1.005,0.995,0.995,Screened,fast metric pass; detailed slices computed for top candidates only
A2_group_1.005_0.995_1.000,0.612144441676445,0.8701427830133828,0.12985721698661726,0.35414610033950716,,,0.00037708520371837473,0.00011410588449345394,-0.00011410588449342618,0.000640064522943351,,,A2_group,1.005,0.995,1.0,Screened,fast metric pass; detailed slices computed for top candidates only
A2_group_1.005_0.995_1.005,0.6123312031758052,0.870270240091755,0.12972975990824495,0.3543921662598555,,,0.0005638467030786298,0.00024156296286570456,-0.0002415629628657323,0.0008861304432916661,,,A2_group,1.005,0.995,1.005,Screened,fast metric pass; detailed slices computed for top candidates only
A2_group_1.005_0.995_1.010,0.6127099134430577,0.8703910220725525,0.12960897792744752,0.35502880481356286,,,0.0009425569703310765,0.00036234494366316206,-0.00036234494366316206,0.0015227689969990466,,,A2_group,1.005,0.995,1.01,Screened,fast metric pass; detailed slices computed for top candidates only
A2_group_1.005_0.995_1.015,0.6129657683682392,0.8705051051515909,0.1294948948484092,0.3554264315848877,,,0.0011984118955126188,0.00047642802270153606,-0.00047642802270148055,0.0019203957683238682,,,A2_group,1.005,0.995,1.015,Screened,fast metric pass; detailed slices computed for top candidates only
A2_group_1.005_0.995_1.020,0.6130342598578147,0.8706125747349617,0.12938742526503832,0.35545594498066757,,,0.0012669033850880584,0.0005838976060723589,-0.0005838976060723589,0.001949909164103758,,,A2_group,1.005,0.995,1.02,Screened,fast metric pass; detailed slices computed for top candidates only
A2_group_1.005_0.995_1.025,0.6134410386679394,0.8707122870146484,0.12928771298535155,0.35616979032123036,,,0.0016736821952128,0.0006836098857591066,-0.0006836098857591344,0.002663754504666549,,,A2_group,1.005,0.995,1.025,Screened,fast metric pass; detailed slices computed for top candidates only
A2_group_1.005_0.995_1.030,0.6136281756821218,0.8708064431999439,0.1291935568000561,0.3564499081642996,,,0.0018608192093951814,0.0007777660710546197,-0.0007777660710545919,0.0029438723477357986,,,A2_group,1.005,0.995,1.03,Screened,fast metric pass; detailed slices computed for top candidates only
A2_group_1.005_1.000_0.970,0.6109893826799939,0.8692646607520434,0.13073533924795658,0.3527141046079443,,,-0.0007779737927327002,-0.0007640163768458663,0.0007640163768458941,-0.000791931208619534,,,A2_group,1.005,1.0,0.97,Screened,fast metric pass; detailed slices computed for top candidates only
A2_group_1.005_1.000_0.975,0.611172907393783,0.8694344528583668,0.13056554714163315,0.3529113619291993,,,-0.0005944490789435708,-0.0005942242705224698,0.0005942242705224698,-0.0005946738873645052,,,A2_group,1.005,1.0,0.975,Screened,fast metric pass; detailed slices computed for top candidates only
A2_group_1.005_1.000_0.980,0.6115869515419499,0.8695962336254005,0.1304037663745995,0.35357766945849917,,,-0.00018040493077675634,-0.0004324435034888108,0.0004324435034888108,7.16336419353536e-05,,,A2_group,1.005,1.0,0.98,Screened,fast metric pass; detailed slices computed for top candidates only
A2_group_1.005_1.000_0.985,0.612002575325624,0.8697513445029982,0.1302486554970018,0.35425380614824964,,,0.00023521885289734534,-0.0002773326258911357,0.00027733262589110796,0.0007477703316858264,,,A2_group,1.005,1.0,0.985,Screened,fast metric pass; detailed slices computed for top candidates only
A2_group_1.005_1.000_0.990,0.6123840779033719,0.8699006112324389,0.13009938876756114,0.35486754457430486,,,0.000616721430645284,-0.00012806589645042443,0.0001280658964504522,0.0013615087577410478,,,A2_group,1.005,1.0,0.99,Screened,fast metric pass; detailed slices computed for top candidates only
A2_group_1.005_1.000_0.995,0.6126454703142226,0.8700436640454658,0.12995633595453418,0.3552472765829792,,,0.0008781138414959422,1.4986916576531506e-05,-1.498691657650375e-05,0.0017412407664154084,,,A2_group,1.005,1.0,0.995,Screened,fast metric pass; detailed slices computed for top candidates only
A2_group_1.005_1.000_1.000,0.6128653208494982,0.87017933572589,0.12982066427411001,0.3555513059731064,,,0.0010979643767715652,0.00015065859700069684,-0.00015065859700066908,0.0020452701565426,,,A2_group,1.005,1.0,1.0,Screened,fast metric pass; detailed slices computed for top candidates only
A2_group_1.005_1.000_1.005,0.6130520823488586,0.8703067928042623,0.1296932071957377,0.3557973718934548,,,0.0012847258761319313,0.00027811567537294746,-0.0002781156753729752,0.0022913360768909707,,,A2_group,1.005,1.0,1.005,Screened,fast metric pass; detailed slices computed for top candidates only
A2_group_1.005_1.000_1.010,0.6134307926161109,0.8704275747850597,0.12957242521494028,0.35643401044716216,,,0.001663436143384267,0.00039889765617040496,-0.00039889765617040496,0.002927974630598351,,,A2_group,1.005,1.0,1.01,Screened,fast metric pass; detailed slices computed for top candidates only
A2_group_1.005_1.000_1.015,0.6136866475412925,0.8705416578640981,0.12945834213590196,0.356831637218487,,,0.0019192910685659204,0.000512980735208779,-0.0005129807352087234,0.0033256014019231728,,,A2_group,1.005,1.0,1.015,Screened,fast metric pass; detailed slices computed for top candidates only
A2_group_1.005_1.000_1.020,0.6137551390308679,0.8706491274474689,0.12935087255253108,0.3568611506142669,,,0.001987782558141249,0.0006204503185796018,-0.0006204503185796018,0.0033551147977030626,,,A2_group,1.005,1.0,1.02,Screened,fast metric pass; detailed slices computed for top candidates only
A2_group_1.005_1.000_1.025,0.6141619178409926,0.8707488397271557,0.1292511602728443,0.3575749959548296,,,0.0023945613682659905,0.0007201625982663495,-0.0007201625982663773,0.004068960138265798,,,A2_group,1.005,1.0,1.025,Screened,fast metric pass; detailed slices computed for top candidates only
A2_group_1.005_1.000_1.030,0.6143490548551751,0.8708429959124512,0.12915700408754885,0.3578551137978989,,,0.002581698382448483,0.0008143187835618626,-0.0008143187835618348,0.004349077981335103,,,A2_group,1.005,1.0,1.03,Screened,fast metric pass; detailed slices computed for top candidates only
A2_group_1.005_1.005_0.970,0.6114362799101168,0.869281124715807,0.13071887528419301,0.35359143510442675,,,-0.0003310765626097778,-0.0007475524130823308,0.0007475524130823308,8.539928786294171e-05,,,A2_group,1.005,1.005,0.97,Screened,fast metric pass; detailed slices computed for top candidates only
A2_group_1.005_1.005_0.975,0.6116198046239061,0.8694509168221304,0.1305490831778696,0.3537886924256819,,,-0.0001475518488205374,-0.0005777603067589343,0.0005777603067589065,0.00028265660911808155,,,A2_group,1.005,1.005,0.975,Screened,fast metric pass; detailed slices computed for top candidates only
A2_group_1.005_1.005_0.980,0.6120338487720729,0.869612697589164,0.13038730241083593,0.3544549999549818,,,0.00026649229934627705,-0.00041597953972527524,0.0004159795397252475,0.0009489641384179959,,,A2_group,1.005,1.005,0.98,Screened,fast metric pass; detailed slices computed for top candidates only
A2_group_1.005_1.005_0.985,0.612449472555747,0.8697678084667618,0.1302321915332382,0.3551311366447322,,,0.0006821160830203787,-0.00026086866212748916,0.0002608686621275169,0.0016251008281684132,,,A2_group,1.005,1.005,0.985,Screened,fast metric pass; detailed slices computed for top candidates only
A2_group_1.005_1.005_0.990,0.6128309751334949,0.8699170751962024,0.13008292480379754,0.35574487507078745,,,0.0010636186607683173,-0.0001116019326868889,0.00011160193268686114,0.0022388392542236346,,,A2_group,1.005,1.005,0.99,Screened,fast metric pass; detailed slices computed for top candidates only
A2_group_1.005_1.005_0.995,0.6130923675443456,0.8700601280092294,0.12993987199077062,0.35612460707946175,,,0.0013250110716189756,3.1450880340067044e-05,-3.1450880340067044e-05,0.0026185712628979396,,,A2_group,1.005,1.005,0.995,Screened,fast metric pass; detailed slices computed for top candidates only
A2_group_1.005_1.005_1.000,0.6133122180796212,0.8701957996896535,0.12980420031034645,0.35642863646958894,,,0.0015448616068945986,0.00016712256076423238,-0.00016712256076423238,0.0029226006530251314,,,A2_group,1.005,1.005,1.0,Screened,fast metric pass; detailed slices computed for top candidates only
A2_group_1.005_1.005_1.005,0.6134989795789816,0.8703232567680259,0.12967674323197412,0.3566747023899373,,,0.0017316231062549647,0.000294579639136594,-0.00029457963913656626,0.003168666573373502,,,A2_group,1.005,1.005,1.005,Screened,fast metric pass; detailed slices computed for top candidates only
A2_group_1.005_1.005_1.010,0.613877689846234,0.8704440387488233,0.12955596125117672,0.35731134094364475,,,0.0021103333735074115,0.0004153616199339405,-0.00041536161993396825,0.003805305127080938,,,A2_group,1.005,1.005,1.01,Screened,fast metric pass; detailed slices computed for top candidates only
A2_group_1.005_1.005_1.015,0.6141335447714156,0.8705581218278616,0.1294418781721384,0.35770896771496963,,,0.0023661882986889538,0.0005294446989723145,-0.0005294446989722867,0.004202931898405815,,,A2_group,1.005,1.005,1.015,Screened,fast metric pass; detailed slices computed for top candidates only
A2_group_1.005_1.005_1.020,0.614202036260991,0.8706655914112325,0.12933440858876752,0.3577384811107495,,,0.0024346797882643934,0.0006369142823431373,-0.000636914282343165,0.004232445294185705,,,A2_group,1.005,1.005,1.02,Screened,fast metric pass; detailed slices computed for top candidates only
A2_group_1.005_1.005_1.025,0.6146088150711158,0.8707653036909193,0.12923469630908072,0.3584523264513122,,,0.002841458598389135,0.0007366265620299961,-0.0007366265620299683,0.004946290634748385,,,A2_group,1.005,1.005,1.025,Screened,fast metric pass; detailed slices computed for top candidates only
A2_group_1.005_1.005_1.030,0.6147959520852981,0.8708594598762147,0.12914054012378529,0.3587324442943815,,,0.0030285956125715163,0.0008307827473253981,-0.0008307827473253981,0.00522640847781769,,,A2_group,1.005,1.005,1.03,Screened,fast metric pass; detailed slices computed for top candidates only
A2_group_1.005_1.010_0.970,0.6119338873831563,0.869279793236306,0.13072020676369397,0.3545879815300066,,,0.00016653091042972967,-0.0007488838925833186,0.0007488838925832908,0.001081945713442778,,,A2_group,1.005,1.01,0.97,Screened,fast metric pass; detailed slices computed for top candidates only
A2_group_1.005_1.010_0.975,0.6121174120969455,0.8694495853426294,0.13055041465737055,0.3547852388512616,,,0.00035005562421885905,-0.0005790917862599221,0.0005790917862598666,0.0012792030346978067,,,A2_group,1.005,1.01,0.975,Screened,fast metric pass; detailed slices computed for top candidates only
A2_group_1.005_1.010_0.980,0.6125314562451123,0.8696113661096632,0.13038863389033686,0.3554515463805615,,,0.0007640997723856735,-0.000417311019226152,0.00041731101922617975,0.0019455105639976655,,,A2_group,1.005,1.01,0.98,Screened,fast metric pass; detailed slices computed for top candidates only
A2_group_1.005_1.010_0.985,0.6129470800287864,0.8697664769872608,0.1302335230127392,0.35612768307031195,,,0.0011797235560597752,-0.00026220014162847693,0.0002622001416285047,0.0026216472537481383,,,A2_group,1.005,1.01,0.985,Screened,fast metric pass; detailed slices computed for top candidates only
A2_group_1.005_1.010_0.990,0.6133285826065343,0.8699157437167014,0.13008425628329853,0.3567414214963672,,,0.0015612261338077138,-0.00011293341218787667,0.00011293341218784891,0.0032353856798033598,,,A2_group,1.005,1.01,0.99,Screened,fast metric pass; detailed slices computed for top candidates only
A2_group_1.005_1.010_0.995,0.613589975017385,0.8700587965297284,0.1299412034702716,0.35712115350504153,,,0.001822618544658372,3.011940083907927e-05,-3.011940083907927e-05,0.0036151176884777203,,,A2_group,1.005,1.01,0.995,Screened,fast metric pass; detailed slices computed for top candidates only
A2_group_1.005_1.010_1.000,0.6138098255526606,0.8701944682101526,0.1298055317898474,0.3574251828951687,,,0.002042469079933995,0.0001657910812632446,-0.00016579108126327236,0.003919147078604912,,,A2_group,1.005,1.01,1.0,Screened,fast metric pass; detailed slices computed for top candidates only
A2_group_1.005_1.010_1.005,0.613996587052021,0.8703219252885249,0.12967807471147508,0.3576712488155171,,,0.002229230579294361,0.00029324815963560624,-0.00029324815963560624,0.004165212998953283,,,A2_group,1.005,1.01,1.005,Screened,fast metric pass; detailed slices computed for top candidates only
A2_group_1.005_1.010_1.010,0.6143752973192733,0.8704427072693223,0.1295572927306777,0.3583078873692245,,,0.002607940846546697,0.0004140301404329527,-0.0004140301404329805,0.004801851552660663,,,A2_group,1.005,1.01,1.01,Screened,fast metric pass; detailed slices computed for top candidates only
A2_group_1.005_1.010_1.015,0.614631152244455,0.8705567903483606,0.12944320965163936,0.3587055141405493,,,0.00286379577172835,0.0005281132194713267,-0.0005281132194713267,0.005199478323985485,,,A2_group,1.005,1.01,1.015,Screened,fast metric pass; detailed slices computed for top candidates only
A2_group_1.005_1.010_1.020,0.6146996437340303,0.8706642599317315,0.1293357400682685,0.3587350275363292,,,0.0029322872613036788,0.0006355828028421495,-0.0006355828028421773,0.005228991719765375,,,A2_group,1.005,1.01,1.02,Screened,fast metric pass; detailed slices computed for top candidates only
A2_group_1.005_1.010_1.025,0.6151064225441552,0.8707639722114183,0.12923602778858168,0.3594488728768919,,,0.0033390660714285314,0.0007352950825290083,-0.0007352950825290083,0.00594283706032811,,,A2_group,1.005,1.01,1.025,Screened,fast metric pass; detailed slices computed for top candidates only
A2_group_1.005_1.010_1.030,0.6152935595583375,0.8708581283967137,0.12914187160328625,0.35972899071996123,,,0.0035262030856109128,0.0008294512678244104,-0.0008294512678244381,0.006222954903397415,,,A2_group,1.005,1.01,1.03,Screened,fast metric pass; detailed slices computed for top candidates only
A2_group_1.005_1.015_0.970,0.6125915360182107,0.8692567567941425,0.13074324320585748,0.35592631524227886,,,0.0008241795454840828,-0.0007719203347468229,0.0007719203347467951,0.002420279425715044,,,A2_group,1.005,1.015,0.97,Screened,fast metric pass; detailed slices computed for top candidates only
A2_group_1.005_1.015_0.975,0.6127750607319999,0.869426548900466,0.13057345109953403,0.3561235725635339,,,0.0010077042592733232,-0.0006021282284233154,0.0006021282284233431,0.0026175367469700728,,,A2_group,1.005,1.015,0.975,Screened,fast metric pass; detailed slices computed for top candidates only
A2_group_1.005_1.015_0.980,0.6131891048801668,0.8695883296674997,0.13041167033250037,0.35678988009283374,,,0.0014217484074401376,-0.0004403474613896563,0.00044034746138968406,0.0032838442762699316,,,A2_group,1.005,1.015,0.98,Screened,fast metric pass; detailed slices computed for top candidates only
A2_group_1.005_1.015_0.985,0.6136047286638407,0.8697434405450973,0.13025655945490267,0.3574660167825842,,,0.0018373721911141283,-0.00028523658379198125,0.00028523658379198125,0.003959980966020404,,,A2_group,1.005,1.015,0.985,Screened,fast metric pass; detailed slices computed for top candidates only
A2_group_1.005_1.015_0.990,0.6139862312415887,0.869892707274538,0.13010729272546198,0.35807975520863944,,,0.002218874768862067,-0.00013596985435126996,0.00013596985435129771,0.004573719392075626,,,A2_group,1.005,1.015,0.99,Screened,fast metric pass; detailed slices computed for top candidates only
A2_group_1.005_1.015_0.995,0.6142476236524393,0.8700357600875649,0.12996423991243508,0.35845948721731374,,,0.002480267179712725,7.082958675574957e-06,-7.082958675602713e-06,0.004953451400749931,,,A2_group,1.005,1.015,0.995,Screened,fast metric pass; detailed slices computed for top candidates only
A2_group_1.005_1.015_1.000,0.6144674741877151,0.8701714317679892,0.1298285682320109,0.358763516607441,,,0.002700117714988459,0.0001427546390998513,-0.0001427546390997958,0.005257480790877178,,,A2_group,1.005,1.015,1.0,Screened,fast metric pass; detailed slices computed for top candidates only
A2_group_1.005_1.015_1.005,0.6146542356870753,0.8702988888463614,0.12970111115363855,0.3590095825277893,,,0.0028868792143487143,0.00027021171747210193,-0.0002702117174721297,0.005503546711225493,,,A2_group,1.005,1.015,1.005,Screened,fast metric pass; detailed slices computed for top candidates only
A2_group_1.005_1.015_1.010,0.6150329459543278,0.8704196708271589,0.12958032917284115,0.35964622108149674,,,0.003265589481601161,0.00039099369826955943,-0.0003909936982695317,0.006140185264932929,,,A2_group,1.005,1.015,1.01,Screened,fast metric pass; detailed slices computed for top candidates only
A2_group_1.005_1.015_1.015,0.6152888008795093,0.8705337539061971,0.12946624609380283,0.36004384785282156,,,0.0035214444067827033,0.0005050767773078224,-0.0005050767773078502,0.006537812036257751,,,A2_group,1.005,1.015,1.015,Screened,fast metric pass; detailed slices computed for top candidates only
A2_group_1.005_1.015_1.020,0.6153572923690848,0.8706412234895681,0.12935877651043196,0.3600733612486014,,,0.003589935896358143,0.0006125463606787562,-0.0006125463606787285,0.006567325432037585,,,A2_group,1.005,1.015,1.02,Screened,fast metric pass; detailed slices computed for top candidates only
A2_group_1.005_1.015_1.025,0.6157640711792095,0.8707409357692548,0.12925906423074515,0.3607872065891642,,,0.0039967147064828845,0.000712258640365504,-0.0007122586403655318,0.007281170772600376,,,A2_group,1.005,1.015,1.025,Screened,fast metric pass; detailed slices computed for top candidates only
A2_group_1.005_1.015_1.030,0.6159512081933919,0.8708350919545502,0.12916490804544975,0.3610673244322335,,,0.004183851720665266,0.000806414825660906,-0.0008064148256609338,0.007561288615669681,,,A2_group,1.005,1.015,1.03,Screened,fast metric pass; detailed slices computed for top candidates only
A2_group_1.005_1.020_0.970,0.6129301568868384,0.8692161250783502,0.13078387492164978,0.3566441886953265,,,0.0011628004141117643,-0.0008125520505390949,0.0008125520505390949,0.003138152878762679,,,A2_group,1.005,1.02,0.97,Screened,fast metric pass; detailed slices computed for top candidates only
A2_group_1.005_1.020_0.975,0.6131136816006276,0.8693859171846736,0.13061408281532635,0.3568414460165816,,,0.0013463251279010047,-0.0006427599442156984,0.0006427599442156706,0.0033354102000177632,,,A2_group,1.005,1.02,0.975,Screened,fast metric pass; detailed slices computed for top candidates only
A2_group_1.005_1.020_0.980,0.6135277257487943,0.8695476979517073,0.1304523020482927,0.35750775354588143,,,0.001760369276067708,-0.0004809791771820393,0.00048097917718201155,0.004001717729317622,,,A2_group,1.005,1.02,0.98,Screened,fast metric pass; detailed slices computed for top candidates only
A2_group_1.005_1.020_0.985,0.6139433495324684,0.8697028088293051,0.13029719117069496,0.35818389023563185,,,0.00217599305974181,-0.00032586829958425323,0.000325868299584281,0.004677854419068039,,,A2_group,1.005,1.02,0.985,Screened,fast metric pass; detailed slices computed for top candidates only
A2_group_1.005_1.020_0.990,0.6143248521102164,0.8698520755587457,0.1301479244412543,0.35879762866168713,,,0.0025574956374897484,-0.00017660157014365296,0.0001766015701436252,0.005291592845123316,,,A2_group,1.005,1.02,0.99,Screened,fast metric pass; detailed slices computed for top candidates only
A2_group_1.005_1.020_0.995,0.614586244521067,0.8699951283717726,0.13000487162822738,0.35917736067036143,,,0.0028188880483404066,-3.3548757116697026e-05,3.3548757116697026e-05,0.005671324853797621,,,A2_group,1.005,1.02,0.995,Screened,fast metric pass; detailed slices computed for top candidates only
A2_group_1.005_1.020_1.000,0.6148060950563428,0.8701308000521968,0.12986919994780322,0.3594813900604887,,,0.0030387385836161407,0.0001021229233074683,-0.0001021229233074683,0.005975354243924869,,,A2_group,1.005,1.02,1.0,Screened,fast metric pass; detailed slices computed for top candidates only
A2_group_1.005_1.020_1.005,0.614992856555703,0.8702582571305691,0.12974174286943088,0.359727455980837,,,0.003225500082976396,0.00022958000167982995,-0.0002295800016798022,0.006221420164273184,,,A2_group,1.005,1.02,1.005,Screened,fast metric pass; detailed slices computed for top candidates only
A2_group_1.005_1.020_1.010,0.6153715668229555,0.8703790391113665,0.12962096088863348,0.3603640945345444,,,0.0036042103502288425,0.0003503619824771764,-0.0003503619824772042,0.006858058717980564,,,A2_group,1.005,1.02,1.01,Screened,fast metric pass; detailed slices computed for top candidates only
A2_group_1.005_1.020_1.015,0.615627421748137,0.8704931221904049,0.12950687780959516,0.3607617213058692,,,0.003860065275410385,0.00046444506151555043,-0.00046444506151552267,0.007255685489305386,,,A2_group,1.005,1.02,1.015,Screened,fast metric pass; detailed slices computed for top candidates only
A2_group_1.005_1.020_1.020,0.6156959132377124,0.8706005917737757,0.12939940822622428,0.3607912347016491,,,0.003928556764985824,0.0005719146448863732,-0.000571914644886401,0.007285198885085276,,,A2_group,1.005,1.02,1.02,Screened,fast metric pass; detailed slices computed for top candidates only
A2_group_1.005_1.020_1.025,0.6161026920478372,0.8707003040534625,0.12929969594653748,0.3615050800422119,,,0.004335335575110566,0.000671626924573232,-0.0006716269245732043,0.007999044225648066,,,A2_group,1.005,1.02,1.025,Screened,fast metric pass; detailed slices computed for top candidates only
A2_group_1.005_1.020_1.030,0.6162898290620196,0.870794460238758,0.12920553976124205,0.36178519788528113,,,0.004522472589292947,0.0007657831098686341,-0.0007657831098686341,0.008279162068717316,,,A2_group,1.005,1.02,1.03,Screened,fast metric pass; detailed slices computed for top candidates only
A2_group_1.005_1.025_0.970,0.6129033185870139,0.8691592807366406,0.13084071926335936,0.35664735643738704,,,0.0011359621142872367,-0.0008693963922487002,0.0008693963922486725,0.003141320620823229,,,A2_group,1.005,1.025,0.97,Screened,fast metric pass; detailed slices computed for top candidates only
A2_group_1.005_1.025_0.975,0.6130868433008031,0.8693290728429641,0.1306709271570359,0.35684461375864207,,,0.001319486828076477,-0.0006996042859251927,0.0006996042859252205,0.003338577942078258,,,A2_group,1.005,1.025,0.975,Screened,fast metric pass; detailed slices computed for top candidates only
A2_group_1.005_1.025_0.980,0.6135008874489698,0.8694908536099978,0.13050914639000225,0.35751092128794193,,,0.0017335309762431805,-0.0005378235188915337,0.0005378235188915614,0.004004885471378117,,,A2_group,1.005,1.025,0.98,Screened,fast metric pass; detailed slices computed for top candidates only
A2_group_1.005_1.025_0.985,0.6139165112326439,0.8696459644875955,0.13035403551240454,0.3581870579776924,,,0.0021491547599172822,-0.0003827126412938586,0.0003827126412938586,0.00468102216112859,,,A2_group,1.005,1.025,0.985,Screened,fast metric pass; detailed slices computed for top candidates only
A2_group_1.005_1.025_0.990,0.6142980138103918,0.8697952312170361,0.1302047687829639,0.3588007964037476,,,0.002530657337665221,-0.00023344591185325836,0.00023344591185320285,0.005294760587183811,,,A2_group,1.005,1.025,0.99,Screened,fast metric pass; detailed slices computed for top candidates only
A2_group_1.005_1.025_0.995,0.6145594062212425,0.869938284030063,0.13006171596993696,0.35918052841242193,,,0.002792049748515879,-9.039309882630242e-05,9.039309882627466e-05,0.005674492595858116,,,A2_group,1.005,1.025,0.995,Screened,fast metric pass; detailed slices computed for top candidates only
A2_group_1.005_1.025_1.000,0.6147792567565182,0.8700739557104872,0.1299260442895128,0.3594845578025492,,,0.003011900283791613,4.527858159786291e-05,-4.5278581597890666e-05,0.005978521985985363,,,A2_group,1.005,1.025,1.0,Screened,fast metric pass; detailed slices computed for top candidates only
A2_group_1.005_1.025_1.005,0.6149660182558785,0.8702014127888595,0.12979858721114046,0.3597306237228975,,,0.0031986617831518682,0.00017273565997022455,-0.00017273565997022455,0.006224587906333678,,,A2_group,1.005,1.025,1.005,Screened,fast metric pass; detailed slices computed for top candidates only
A2_group_1.005_1.025_1.010,0.6153447285231309,0.870322194769657,0.12967780523034303,0.3603672622766049,,,0.003577372050404315,0.00029351764076768205,-0.0002935176407676543,0.006861226460041114,,,A2_group,1.005,1.025,1.01,Screened,fast metric pass; detailed slices computed for top candidates only
A2_group_1.005_1.025_1.015,0.6156005834483125,0.8704362778486953,0.1295637221513047,0.36076488904792975,,,0.0038332269755858572,0.00040760071980594503,-0.0004076007198059728,0.007258853231365936,,,A2_group,1.005,1.025,1.015,Screened,fast metric pass; detailed slices computed for top candidates only
A2_group_1.005_1.025_1.020,0.6156690749378879,0.8705437474320662,0.12945625256793383,0.3607944024437096,,,0.003901718465161297,0.0005150703031768789,-0.0005150703031768511,0.00728836662714577,,,A2_group,1.005,1.025,1.02,Screened,fast metric pass; detailed slices computed for top candidates only
A2_group_1.005_1.025_1.025,0.6160758537480127,0.8706434597117529,0.12935654028824706,0.3615082477842724,,,0.004308497275286038,0.0006147825828636266,-0.0006147825828636266,0.008002211967708561,,,A2_group,1.005,1.025,1.025,Screened,fast metric pass; detailed slices computed for top candidates only
A2_group_1.005_1.025_1.030,0.616262990762195,0.8707376158970483,0.12926238410295163,0.3617883656273417,,,0.00449563428946842,0.0007089387681590287,-0.0007089387681590564,0.008282329810777866,,,A2_group,1.005,1.025,1.03,Screened,fast metric pass; detailed slices computed for top candidates only
A2_group_1.005_1.030_0.970,0.6131418810259036,0.869088475489653,0.13091152451034702,0.3571952865621542,,,0.0013745245531769923,-0.0009402016392363599,0.0009402016392363322,0.0036892507455904,,,A2_group,1.005,1.03,0.97,Screened,fast metric pass; detailed slices computed for top candidates only
A2_group_1.005_1.030_0.975,0.6133254057396929,0.8692582675959765,0.13074173240402356,0.3573925438834093,,,0.0015580492669662327,-0.0007704095329128524,0.0007704095329128802,0.0038865080668454843,,,A2_group,1.005,1.03,0.975,Screened,fast metric pass; detailed slices computed for top candidates only
A2_group_1.005_1.030_0.980,0.6137394498878597,0.8694200483630101,0.1305799516369899,0.35805885141270916,,,0.001972093415133047,-0.0006086287658791933,0.0006086287658792211,0.004552815596145343,,,A2_group,1.005,1.03,0.98,Screened,fast metric pass; detailed slices computed for top candidates only
A2_group_1.005_1.030_0.985,0.6141550736715337,0.8695751592406078,0.13042484075939223,0.3587349881024596,,,0.002387717198807038,-0.0004535178882815183,0.00045351788828154604,0.0052289522858957604,,,A2_group,1.005,1.03,0.985,Screened,fast metric pass; detailed slices computed for top candidates only
A2_group_1.005_1.030_0.990,0.6145365762492816,0.8697244259700484,0.13027557402995157,0.35934872652851485,,,0.0027692197765549764,-0.000304251158840918,0.00030425115884089027,0.005842690711951037,,,A2_group,1.005,1.03,0.99,Screened,fast metric pass; detailed slices computed for top candidates only
A2_group_1.005_1.030_0.995,0.6147979686601323,0.8698674787830754,0.13013252121692462,0.35972845853718916,,,0.0030306121874056346,-0.00016119834581396209,0.00016119834581393433,0.006222422720625342,,,A2_group,1.005,1.03,0.995,Screened,fast metric pass; detailed slices computed for top candidates only
A2_group_1.005_1.030_1.000,0.615017819195408,0.8700031504634995,0.12999684953650045,0.3600324879273164,,,0.0032504627226813687,-2.5526665389796754e-05,2.5526665389769e-05,0.00652645211075259,,,A2_group,1.005,1.03,1.0,Screened,fast metric pass; detailed slices computed for top candidates only
A2_group_1.005_1.030_1.005,0.6152045806947684,0.8701306075418719,0.12986939245812812,0.3602785538476647,,,0.003437224222041735,0.00010193041298256489,-0.00010193041298256489,0.006772518031100905,,,A2_group,1.005,1.03,1.005,Screened,fast metric pass; detailed slices computed for top candidates only
A2_group_1.005_1.030_1.010,0.6155832909620207,0.8702513895226693,0.12974861047733072,0.3609151924013721,,,0.0038159344892940705,0.0002227123937800224,-0.00022271239377996688,0.007409156584808285,,,A2_group,1.005,1.03,1.01,Screened,fast metric pass; detailed slices computed for top candidates only
A2_group_1.005_1.030_1.015,0.6158391458872022,0.8703654726017076,0.1296345273982924,0.3613128191726969,,,0.004071789414475613,0.00033679547281828537,-0.00033679547281828537,0.007806783356133107,,,A2_group,1.005,1.03,1.015,Screened,fast metric pass; detailed slices computed for top candidates only
A2_group_1.005_1.030_1.020,0.6159076373767777,0.8704729421850785,0.12952705781492152,0.3613423325684768,,,0.004140280904051052,0.0004442650561892192,-0.0004442650561891637,0.007836296751912997,,,A2_group,1.005,1.03,1.02,Screened,fast metric pass; detailed slices computed for top candidates only
A2_group_1.005_1.030_1.025,0.6163144161869024,0.8705726544647653,0.12942734553523472,0.3620561779090396,,,0.004547059714175794,0.000543977335875967,-0.000543977335875967,0.008550142092475788,,,A2_group,1.005,1.03,1.025,Screened,fast metric pass; detailed slices computed for top candidates only
A2_group_1.005_1.030_1.030,0.6165015532010848,0.8706668106500607,0.1293331893499393,0.36233629575210885,,,0.004734196728358175,0.000638133521171369,-0.0006381335211713968,0.008830259935545037,,,A2_group,1.005,1.03,1.03,Screened,fast metric pass; detailed slices computed for top candidates only
A2_group_1.010_0.970_0.970,0.6065315845768685,0.8689229013850777,0.1310770986149224,0.3441402677686594,,,-0.00523577189585811,-0.0011057757438116544,0.00110577574381171,-0.0093657680479044,,,A2_group,1.01,0.97,0.97,Screened,fast metric pass; detailed slices computed for top candidates only
A2_group_1.010_0.970_0.975,0.6067151092906578,0.8690926934914011,0.13090730650859897,0.3443375250899145,,,-0.00505224718206887,-0.000935983637488258,0.0009359836374882857,-0.009168510726649315,,,A2_group,1.01,0.97,0.975,Screened,fast metric pass; detailed slices computed for top candidates only
A2_group_1.010_0.970_0.980,0.6071291534388246,0.8692544742584347,0.13074552574156528,0.34500383261921436,,,-0.004638203033902055,-0.0007742028704545989,0.0007742028704545989,-0.008502203197349456,,,A2_group,1.01,0.97,0.98,Screened,fast metric pass; detailed slices computed for top candidates only
A2_group_1.010_0.970_0.985,0.6075447772224986,0.8694095851360324,0.1305904148639676,0.3456799693089648,,,-0.004222579250228065,-0.0006190919928569238,0.0006190919928569238,-0.007826066507599039,,,A2_group,1.01,0.97,0.985,Screened,fast metric pass; detailed slices computed for top candidates only
A2_group_1.010_0.970_0.990,0.6079262798002466,0.8695588518654731,0.13044114813452692,0.34629370773502005,,,-0.003841076672480015,-0.00046982526341621256,0.0004698252634162403,-0.007212328081543762,,,A2_group,1.01,0.97,0.99,Screened,fast metric pass; detailed slices computed for top candidates only
A2_group_1.010_0.970_0.995,0.6081876722110972,0.8697019046785,0.13029809532150002,0.34667343974369436,,,-0.0035796842616294677,-0.00032677245038936764,0.0003267724503893399,-0.006832596072869457,,,A2_group,1.01,0.97,0.995,Screened,fast metric pass; detailed slices computed for top candidates only
A2_group_1.010_0.970_1.000,0.6084075227463729,0.8698375763589242,0.1301624236410758,0.3469774691338216,,,-0.0033598337263537337,-0.0001911007699650913,0.00019110076996511904,-0.0065285666827422095,,,A2_group,1.01,0.97,1.0,Screened,fast metric pass; detailed slices computed for top candidates only
A2_group_1.010_0.970_1.005,0.6085942842457333,0.8699650334372965,0.1300349665627035,0.3472235350541699,,,-0.0031730722269933676,-6.364369159284067e-05,6.364369159281291e-05,-0.006282500762393894,,,A2_group,1.01,0.97,1.005,Screened,fast metric pass; detailed slices computed for top candidates only
A2_group_1.010_0.970_1.010,0.6089729945129856,0.8700858154180939,0.1299141845819061,0.3478601736078773,,,-0.002794361959741032,5.713828920461683e-05,-5.713828920458908e-05,-0.005645862208686514,,,A2_group,1.01,0.97,1.01,Screened,fast metric pass; detailed slices computed for top candidates only
A2_group_1.010_0.970_1.015,0.6092288494381671,0.8701998984971322,0.12980010150286778,0.3482578003792021,,,-0.0025385070345594896,0.0001712213682428798,-0.00017122136824290757,-0.005248235437361692,,,A2_group,1.01,0.97,1.015,Screened,fast metric pass; detailed slices computed for top candidates only
A2_group_1.010_0.970_1.020,0.6092973409277426,0.8703073680805031,0.1296926319194969,0.348287313774982,,,-0.00247001554498405,0.00027869095161381363,-0.0002786909516137859,-0.0052187220415818025,,,A2_group,1.01,0.97,1.02,Screened,fast metric pass; detailed slices computed for top candidates only
A2_group_1.010_0.970_1.025,0.6097041197378673,0.8704070803601899,0.1295929196398101,0.3490011591155448,,,-0.0020632367348593084,0.0003784032313005614,-0.00037840323130058917,-0.004504876701019012,,,A2_group,1.01,0.97,1.025,Screened,fast metric pass; detailed slices computed for top candidates only
A2_group_1.010_0.970_1.030,0.6098912567520497,0.8705012365454854,0.12949876345451466,0.34928127695861405,,,-0.001876099720676927,0.0004725594165960745,-0.00047255941659601897,-0.004224758857949762,,,A2_group,1.01,0.97,1.03,Screened,fast metric pass; detailed slices computed for top candidates only
A2_group_1.010_0.975_0.970,0.6080305513751232,0.8690451029476821,0.13095489705231791,0.3470159998025643,,,-0.003736805097603435,-0.000983574181207203,0.0009835741812072307,-0.006490036013999501,,,A2_group,1.01,0.975,0.97,Screened,fast metric pass; detailed slices computed for top candidates only
A2_group_1.010_0.975_0.975,0.6082140760889124,0.8692148950540055,0.1307851049459945,0.3472132571238194,,,-0.0035532803838141946,-0.0008137820748838065,0.0008137820748838065,-0.006292778692744416,,,A2_group,1.01,0.975,0.975,Screened,fast metric pass; detailed slices computed for top candidates only
A2_group_1.010_0.975_0.980,0.6086281202370792,0.8693766758210392,0.13062332417896083,0.34787956465311937,,,-0.00313923623564738,-0.0006520013078501474,0.0006520013078501474,-0.005626471163444446,,,A2_group,1.01,0.975,0.98,Screened,fast metric pass; detailed slices computed for top candidates only
A2_group_1.010_0.975_0.985,0.6090437440207532,0.8695317866986368,0.13046821330136313,0.34855570134286973,,,-0.0027236124519733895,-0.0004968904302524724,0.0004968904302524446,-0.004950334473694085,,,A2_group,1.01,0.975,0.985,Screened,fast metric pass; detailed slices computed for top candidates only
A2_group_1.010_0.975_0.990,0.6094252465985013,0.8696810534280776,0.13031894657192247,0.34916943976892495,,,-0.00234210987422534,-0.0003476237008117611,0.00034762370081178884,-0.004336596047638863,,,A2_group,1.01,0.975,0.99,Screened,fast metric pass; detailed slices computed for top candidates only
A2_group_1.010_0.975_0.995,0.6096866390093519,0.8698241062411045,0.13017589375889552,0.3495491717775993,,,-0.0020807174633746817,-0.00020457088778480514,0.0002045708877848329,-0.003956864038964503,,,A2_group,1.01,0.975,0.995,Screened,fast metric pass; detailed slices computed for top candidates only
A2_group_1.010_0.975_1.000,0.6099064895446276,0.8699597779215287,0.13004022207847135,0.34985320116772645,,,-0.0018608669280990586,-6.889920736063981e-05,6.889920736066757e-05,-0.0036528346488373664,,,A2_group,1.01,0.975,1.0,Screened,fast metric pass; detailed slices computed for top candidates only
A2_group_1.010_0.975_1.005,0.6100932510439879,0.8700872349999009,0.12991276500009905,0.3500992670880749,,,-0.0016741054287386925,5.855787101161081e-05,-5.855787101163856e-05,-0.0034067687284889403,,,A2_group,1.01,0.975,1.005,Screened,fast metric pass; detailed slices computed for top candidates only
A2_group_1.010_0.975_1.010,0.6104719613112404,0.8702080169806984,0.12979198301930162,0.35073590564178225,,,-0.0012953951614862458,0.0001793398518090683,-0.0001793398518090683,-0.00277013017478156,,,A2_group,1.01,0.975,1.01,Screened,fast metric pass; detailed slices computed for top candidates only
A2_group_1.010_0.975_1.015,0.6107278162364219,0.8703221000597368,0.1296778999402633,0.35113353241310713,,,-0.0010395402363047035,0.0002934229308474423,-0.0002934229308473868,-0.0023725034034566828,,,A2_group,1.01,0.975,1.015,Screened,fast metric pass; detailed slices computed for top candidates only
A2_group_1.010_0.975_1.020,0.6107963077259972,0.8704295696431076,0.12957043035689242,0.351163045808887,,,-0.0009710487467293749,0.0004008925142182651,-0.0004008925142182651,-0.002342990007676793,,,A2_group,1.01,0.975,1.02,Screened,fast metric pass; detailed slices computed for top candidates only
A2_group_1.010_0.975_1.025,0.611203086536122,0.8705292819227943,0.12947071807720564,0.3518768911494497,,,-0.0005642699366046333,0.0005006047939050129,-0.0005006047939050406,-0.001629144667114113,,,A2_group,1.01,0.975,1.025,Screened,fast metric pass; detailed slices computed for top candidates only
A2_group_1.010_0.975_1.030,0.6113902235503044,0.8706234381080898,0.12937656189191019,0.352157008992519,,,-0.00037713292242225194,0.000594760979200526,-0.0005947609792004982,-0.0013490268240448078,,,A2_group,1.01,0.975,1.03,Screened,fast metric pass; detailed slices computed for top candidates only
A2_group_1.010_0.980_0.970,0.608844121327159,0.8691510545636292,0.13084894543637085,0.34853718809068884,,,-0.002923235145567582,-0.0008776225652601388,0.0008776225652601666,-0.00496884772587497,,,A2_group,1.01,0.98,0.97,Screened,fast metric pass; detailed slices computed for top candidates only
A2_group_1.010_0.980_0.975,0.6090276460409483,0.8693208466699526,0.13067915333004743,0.3487344454119439,,,-0.0027397104317783416,-0.0007078304589367423,0.0007078304589367423,-0.004771590404619885,,,A2_group,1.01,0.98,0.975,Screened,fast metric pass; detailed slices computed for top candidates only
A2_group_1.010_0.980_0.980,0.609441690189115,0.8694826274369862,0.13051737256301377,0.3494007529412438,,,-0.002325666283611638,-0.0005460496919030833,0.0005460496919030833,-0.0041052828753200266,,,A2_group,1.01,0.98,0.98,Screened,fast metric pass; detailed slices computed for top candidates only
A2_group_1.010_0.980_0.985,0.6098573139727891,0.8696377383145839,0.13036226168541606,0.35007688963099426,,,-0.0019100424999375365,-0.0003909388143054082,0.00039093881430538047,-0.0034291461855695538,,,A2_group,1.01,0.98,0.985,Screened,fast metric pass; detailed slices computed for top candidates only
A2_group_1.010_0.980_0.990,0.610238816550537,0.8697870050440246,0.1302129949559754,0.3506906280570495,,,-0.0015285399221895979,-0.00024167208486469693,0.0002416720848647247,-0.0028154077595143323,,,A2_group,1.01,0.98,0.99,Screened,fast metric pass; detailed slices computed for top candidates only
A2_group_1.010_0.980_0.995,0.6105002089613877,0.8699300578570516,0.13006994214294845,0.35107036006572384,,,-0.0012671475113389397,-9.8619271837741e-05,9.861927183776875e-05,-0.002435675750839972,,,A2_group,1.01,0.98,0.995,Screened,fast metric pass; detailed slices computed for top candidates only
A2_group_1.010_0.980_1.000,0.6107200594966633,0.8700657295374757,0.1299342704625243,0.351374389455851,,,-0.0010472969760633166,3.7052408586424335e-05,-3.705240858639658e-05,-0.0021316463607128355,,,A2_group,1.01,0.98,1.0,Screened,fast metric pass; detailed slices computed for top candidates only
A2_group_1.010_0.980_1.005,0.6109068209960237,0.870193186615848,0.12980681338415198,0.3516204553761993,,,-0.0008605354767029505,0.00016450948695867496,-0.0001645094869587027,-0.0018855804403645204,,,A2_group,1.01,0.98,1.005,Screened,fast metric pass; detailed slices computed for top candidates only
A2_group_1.010_0.980_1.010,0.6112855312632761,0.8703139685966454,0.12968603140335455,0.35225709392990673,,,-0.0004818252094505038,0.00028529146775613246,-0.00028529146775613246,-0.0012489418866570845,,,A2_group,1.01,0.98,1.01,Screened,fast metric pass; detailed slices computed for top candidates only
A2_group_1.010_0.980_1.015,0.6115413861884577,0.8704280516756837,0.12957194832431623,0.3526547207012316,,,-0.00022597028426896149,0.00039937454679439544,-0.00039937454679445095,-0.0008513151153322074,,,A2_group,1.01,0.98,1.015,Screened,fast metric pass; detailed slices computed for top candidates only
A2_group_1.010_0.980_1.020,0.6116098776780331,0.8705355212590546,0.12946447874094535,0.3526842340970115,,,-0.00015747879469352188,0.0005068441301653293,-0.0005068441301653293,-0.0008218017195523175,,,A2_group,1.01,0.98,1.02,Screened,fast metric pass; detailed slices computed for top candidates only
A2_group_1.010_0.980_1.025,0.6120166564881577,0.8706352335387414,0.12936476646125858,0.3533980794375742,,,0.0002493000154311087,0.000606556409852077,-0.0006065564098521048,-0.00010795637898963761,,,A2_group,1.01,0.98,1.025,Screened,fast metric pass; detailed slices computed for top candidates only
A2_group_1.010_0.980_1.030,0.6122037935023402,0.8707293897240369,0.12927061027596312,0.35367819728064354,,,0.0004364370296136011,0.0007007125951475901,-0.0007007125951475623,0.0001721614640797231,,,A2_group,1.01,0.98,1.03,Screened,fast metric pass; detailed slices computed for top candidates only
A2_group_1.010_0.985_0.970,0.6095978053654741,0.8692389949985946,0.13076100500140544,0.3499566157323537,,,-0.0021695511072524765,-0.0007896821302947332,0.000789682130294761,-0.0035494200842101087,,,A2_group,1.01,0.985,0.97,Screened,fast metric pass; detailed slices computed for top candidates only
A2_group_1.010_0.985_0.975,0.6097813300792634,0.869408787104918,0.130591212895082,0.35015387305360884,,,-0.001986026393463236,-0.0006198900239713367,0.000619890023971309,-0.003352162762954969,,,A2_group,1.01,0.985,0.975,Screened,fast metric pass; detailed slices computed for top candidates only
A2_group_1.010_0.985_0.980,0.6101953742274302,0.8695705678719516,0.13042943212804833,0.35082018058290876,,,-0.0015719822452964216,-0.0004581092569376777,0.0004581092569376499,-0.0026858552336550545,,,A2_group,1.01,0.985,0.98,Screened,fast metric pass; detailed slices computed for top candidates only
A2_group_1.010_0.985_0.985,0.6106109980111042,0.8697256787495493,0.13027432125045066,0.3514963172726591,,,-0.001156358461622431,-0.0003029983793400026,0.00030299837933997487,-0.0020097185439046927,,,A2_group,1.01,0.985,0.985,Screened,fast metric pass; detailed slices computed for top candidates only
A2_group_1.010_0.985_0.990,0.6109925005888522,0.86987494547899,0.13012505452100998,0.3521100556987144,,,-0.0007748558838743813,-0.00015373164989929133,0.00015373164989929133,-0.0013959801178494158,,,A2_group,1.01,0.985,0.99,Screened,fast metric pass; detailed slices computed for top candidates only
A2_group_1.010_0.985_0.995,0.6112538929997029,0.870017998292017,0.12998200170798305,0.3524897877073887,,,-0.0005134634730237231,-1.0678836872335395e-05,1.0678836872363151e-05,-0.0010162481091751108,,,A2_group,1.01,0.985,0.995,Screened,fast metric pass; detailed slices computed for top candidates only
A2_group_1.010_0.985_1.000,0.6114737435349785,0.8701536699724411,0.12984633002755885,0.35279381709751584,,,-0.00029361293774810004,0.00012499284355182994,-0.00012499284355182994,-0.0007122187190479745,,,A2_group,1.01,0.985,1.0,Screened,fast metric pass; detailed slices computed for top candidates only
A2_group_1.010_0.985_1.005,0.6116605050343389,0.8702811270508135,0.12971887294918652,0.35303988301786426,,,-0.00010685143838773392,0.0002524499219241916,-0.0002524499219241638,-0.0004661527986995484,,,A2_group,1.01,0.985,1.005,Screened,fast metric pass; detailed slices computed for top candidates only
A2_group_1.010_0.985_1.010,0.6120392153015912,0.8704019090316109,0.12959809096838915,0.35367652157157164,,,0.0002718588288646018,0.00037323190272153806,-0.00037323190272153806,0.00017048575500783203,,,A2_group,1.01,0.985,1.01,Screened,fast metric pass; detailed slices computed for top candidates only
A2_group_1.010_0.985_1.015,0.6122950702267729,0.8705159921106492,0.1294840078893508,0.3540741483428966,,,0.0005277137540462551,0.00048731498175991206,-0.0004873149817598843,0.0005681125263327647,,,A2_group,1.01,0.985,1.015,Screened,fast metric pass; detailed slices computed for top candidates only
A2_group_1.010_0.985_1.020,0.6123635617163482,0.87062346169402,0.12937653830597995,0.3541036617386764,,,0.0005962052436215837,0.0005947845651307349,-0.0005947845651307349,0.000597625922112599,,,A2_group,1.01,0.985,1.02,Screened,fast metric pass; detailed slices computed for top candidates only
A2_group_1.010_0.985_1.025,0.6127703405264731,0.8707231739737069,0.12927682602629312,0.35481750707923915,,,0.0010029840537464363,0.0006944968448175937,-0.0006944968448175659,0.0013114712626753344,,,A2_group,1.01,0.985,1.025,Screened,fast metric pass; detailed slices computed for top candidates only
A2_group_1.010_0.985_1.030,0.6129574775406553,0.8708173301590023,0.12918266984099772,0.3550976249223084,,,0.0011901210679287066,0.0007886530301129957,-0.0007886530301129679,0.0015915891057445841,,,A2_group,1.01,0.985,1.03,Screened,fast metric pass; detailed slices computed for top candidates only
A2_group_1.010_0.990_0.970,0.6106169713830947,0.8693106246514267,0.13068937534857325,0.3519233181147626,,,-0.0011503850896319445,-0.000718052477462594,0.0007180524774625663,-0.0015827177018012395,,,A2_group,1.01,0.99,0.97,Screened,fast metric pass; detailed slices computed for top candidates only
A2_group_1.010_0.990_0.975,0.610800496096884,0.8694804167577502,0.1305195832422498,0.3521205754360177,,,-0.0009668603758425931,-0.0005482603711390865,0.0005482603711391143,-0.0013854603805460997,,,A2_group,1.01,0.99,0.975,Screened,fast metric pass; detailed slices computed for top candidates only
A2_group_1.010_0.990_0.980,0.6112145402450507,0.8696421975247839,0.13035780247521614,0.3527868829653176,,,-0.0005528162276758897,-0.0003864796041054275,0.00038647960410545523,-0.0007191528512461853,,,A2_group,1.01,0.99,0.98,Screened,fast metric pass; detailed slices computed for top candidates only
A2_group_1.010_0.990_0.985,0.6116301640287248,0.8697973084023816,0.13020269159761844,0.35346301965506804,,,-0.00013719244400178798,-0.00023136872650775242,0.00023136872650775242,-4.3016161495768035e-05,,,A2_group,1.01,0.99,0.985,Screened,fast metric pass; detailed slices computed for top candidates only
A2_group_1.010_0.990_0.990,0.6120116666064728,0.8699465751318223,0.13005342486817778,0.35407675808112327,,,0.0002443101337461506,-8.210199706704113e-05,8.210199706709664e-05,0.0005707222645594534,,,A2_group,1.01,0.99,0.99,Screened,fast metric pass; detailed slices computed for top candidates only
A2_group_1.010_0.990_0.995,0.6122730590173233,0.8700896279448491,0.12991037205515085,0.35445649008979757,,,0.0005057025445966978,6.0950815959803784e-05,-6.095081595983154e-05,0.0009504542732337584,,,A2_group,1.01,0.99,0.995,Screened,fast metric pass; detailed slices computed for top candidates only
A2_group_1.010_0.990_1.000,0.612492909552599,0.8702252996252733,0.1297747003747267,0.35476051947992476,,,0.0007255530798724319,0.00019662249638396911,-0.00019662249638399687,0.0012544836633609502,,,A2_group,1.01,0.99,1.0,Screened,fast metric pass; detailed slices computed for top candidates only
A2_group_1.010_0.990_1.005,0.6126796710519594,0.8703527567036456,0.12964724329635435,0.35500658540027313,,,0.000912314579232798,0.00032407957475633076,-0.00032407957475633076,0.0015005495837093208,,,A2_group,1.01,0.99,1.005,Screened,fast metric pass; detailed slices computed for top candidates only
A2_group_1.010_0.990_1.010,0.6130583813192119,0.8704735386844431,0.12952646131555692,0.35564322395398057,,,0.0012910248464852447,0.00044486155555378826,-0.0004448615555537605,0.0021371881374167567,,,A2_group,1.01,0.99,1.01,Screened,fast metric pass; detailed slices computed for top candidates only
A2_group_1.010_0.990_1.015,0.6133142362443934,0.8705876217634814,0.1294123782365186,0.35604085072530545,,,0.001546879771666787,0.0005589446345920512,-0.000558944634592079,0.002534814908741634,,,A2_group,1.01,0.99,1.015,Screened,fast metric pass; detailed slices computed for top candidates only
A2_group_1.010_0.990_1.020,0.6133827277339688,0.8706950913468523,0.12930490865314773,0.35607036412108534,,,0.0016153712612422266,0.0006664142179629851,-0.0006664142179629573,0.0025643283045215237,,,A2_group,1.01,0.99,1.02,Screened,fast metric pass; detailed slices computed for top candidates only
A2_group_1.010_0.990_1.025,0.6137895065440935,0.870794803626539,0.12920519637346095,0.356784209461648,,,0.002022150071366857,0.0007661264976497328,-0.0007661264976497328,0.0032781736450842036,,,A2_group,1.01,0.99,1.025,Screened,fast metric pass; detailed slices computed for top candidates only
A2_group_1.010_0.990_1.030,0.6139766435582759,0.8708889598118345,0.12911104018816552,0.3570643273047173,,,0.0022092870855492386,0.0008602826829451349,-0.0008602826829451626,0.003558291488153509,,,A2_group,1.01,0.99,1.03,Screened,fast metric pass; detailed slices computed for top candidates only
A2_group_1.010_0.995_0.970,0.6113194516131224,0.869363247837884,0.13063675216211604,0.35327565538836075,,,-0.0004479048596042201,-0.0006654292910053261,0.0006654292910053539,-0.0002303804282030586,,,A2_group,1.01,0.995,0.97,Screened,fast metric pass; detailed slices computed for top candidates only
A2_group_1.010_0.995_0.975,0.6115029763269116,0.8695330399442074,0.1304669600557926,0.3534729127096159,,,-0.0002643801458149797,-0.0004956371846819296,0.0004956371846819296,-3.312310694791876e-05,,,A2_group,1.01,0.995,0.975,Screened,fast metric pass; detailed slices computed for top candidates only
A2_group_1.010_0.995_0.980,0.6119170204750785,0.869694820711241,0.13030517928875895,0.3541392202389158,,,0.00014966400235183475,-0.00033385641764827056,0.00033385641764827056,0.0006331844223519956,,,A2_group,1.01,0.995,0.98,Screened,fast metric pass; detailed slices computed for top candidates only
A2_group_1.010_0.995_0.985,0.6123326442587524,0.8698499315888387,0.13015006841116125,0.3548153569286662,,,0.0005652877860258254,-0.0001787455400505955,0.00017874554005056775,0.0013093211121024129,,,A2_group,1.01,0.995,0.985,Screened,fast metric pass; detailed slices computed for top candidates only
A2_group_1.010_0.995_0.990,0.6127141468365005,0.8699991983182794,0.1300008016817206,0.35542909535472145,,,0.000946790363773875,-2.947881060988422e-05,2.9478810609911976e-05,0.0019230595381576343,,,A2_group,1.01,0.995,0.99,Screened,fast metric pass; detailed slices computed for top candidates only
A2_group_1.010_0.995_0.995,0.612975539247351,0.8701422511313064,0.12985774886869364,0.35580882736339575,,,0.0012081827746244223,0.00011357400241707172,-0.00011357400241704396,0.0023027915468319393,,,A2_group,1.01,0.995,0.995,Screened,fast metric pass; detailed slices computed for top candidates only
A2_group_1.010_0.995_1.000,0.6131953897826268,0.8702779228117306,0.12972207718826947,0.35611285675352294,,,0.0014280333099001563,0.00024924568284123705,-0.0002492456828412093,0.002606820936959131,,,A2_group,1.01,0.995,1.0,Screened,fast metric pass; detailed slices computed for top candidates only
A2_group_1.010_0.995_1.005,0.613382151281987,0.8704053798901028,0.12959462010989717,0.3563589226738713,,,0.0016147948092604114,0.00037670276121348767,-0.0003767027612135154,0.0028528868573075017,,,A2_group,1.01,0.995,1.005,Screened,fast metric pass; detailed slices computed for top candidates only
A2_group_1.010_0.995_1.010,0.6137608615492395,0.8705261618709003,0.12947383812909974,0.35699556122757875,,,0.001993505076512858,0.0004974847420109452,-0.0004974847420109452,0.0034895254110149376,,,A2_group,1.01,0.995,1.01,Screened,fast metric pass; detailed slices computed for top candidates only
A2_group_1.010_0.995_1.015,0.6140167164744211,0.8706402449499386,0.12935975505006142,0.3573931879989036,,,0.0022493600016945114,0.0006115678210493192,-0.0006115678210492637,0.0038871521823398147,,,A2_group,1.01,0.995,1.015,Screened,fast metric pass; detailed slices computed for top candidates only
A2_group_1.010_0.995_1.020,0.6140852079639965,0.8707477145333095,0.12925228546669054,0.3574227013946835,,,0.00231785149126984,0.000719037404420142,-0.000719037404420142,0.003916665578119705,,,A2_group,1.01,0.995,1.02,Screened,fast metric pass; detailed slices computed for top candidates only
A2_group_1.010_0.995_1.025,0.6144919867741212,0.8708474268129962,0.12915257318700377,0.3581365467352462,,,0.0027246303013945816,0.0008187496841068898,-0.0008187496841069175,0.0046305109186823845,,,A2_group,1.01,0.995,1.025,Screened,fast metric pass; detailed slices computed for top candidates only
A2_group_1.010_0.995_1.030,0.6146791237883036,0.8709415829982917,0.1290584170017083,0.3584166645783155,,,0.002911767315576963,0.0009129058694024028,-0.0009129058694023751,0.00491062876175169,,,A2_group,1.01,0.995,1.03,Screened,fast metric pass; detailed slices computed for top candidates only
A2_group_1.010_1.000_0.970,0.6120403307861757,0.8693998005503912,0.1306001994496088,0.35468086102196006,,,0.0002729743134490814,-0.0006288765784980832,0.000628876578498111,0.001174825205396246,,,A2_group,1.01,1.0,0.97,Screened,fast metric pass; detailed slices computed for top candidates only
A2_group_1.010_1.000_0.975,0.6122238554999649,0.8695695926567146,0.13043040734328537,0.3548781183432152,,,0.0004564990272383218,-0.00045908447217468673,0.00045908447217468673,0.0013720825266513859,,,A2_group,1.01,1.0,0.975,Screened,fast metric pass; detailed slices computed for top candidates only
A2_group_1.010_1.000_0.980,0.6126378996481316,0.8697313734237483,0.13026862657625168,0.35554442587251506,,,0.0008705431754050252,-0.00029730370514102766,0.0002973037051409999,0.0020383900559512447,,,A2_group,1.01,1.0,0.98,Screened,fast metric pass; detailed slices computed for top candidates only
A2_group_1.010_1.000_0.985,0.6130535234318057,0.869886484301346,0.130113515698654,0.3562205625622655,,,0.001286166959079127,-0.0001421928275433526,0.00014219282754332485,0.002714526745701662,,,A2_group,1.01,1.0,0.985,Screened,fast metric pass; detailed slices computed for top candidates only
A2_group_1.010_1.000_0.990,0.6134350260095537,0.8700357510307867,0.12996424896921333,0.35683430098832075,,,0.0016676695368270655,7.073901897358681e-06,-7.073901897358681e-06,0.003328265171756939,,,A2_group,1.01,1.0,0.99,Screened,fast metric pass; detailed slices computed for top candidates only
A2_group_1.010_1.000_0.995,0.6136964184204043,0.8701788038438136,0.1298211961561864,0.35721403299699506,,,0.0019290619476777238,0.00015012671492431462,-0.00015012671492428686,0.003707997180431244,,,A2_group,1.01,1.0,0.995,Screened,fast metric pass; detailed slices computed for top candidates only
A2_group_1.010_1.000_1.000,0.61391626895568,0.8703144755242378,0.12968552447576223,0.3575180623871222,,,0.002148912482953347,0.00028579839534847995,-0.0002857983953484522,0.00401202657055838,,,A2_group,1.01,1.0,1.0,Screened,fast metric pass; detailed slices computed for top candidates only
A2_group_1.010_1.000_1.005,0.6141030304550403,0.87044193260261,0.1295580673973899,0.35776412830747056,,,0.002335673982313713,0.00041325547372073057,-0.0004132554737207861,0.004258092490906751,,,A2_group,1.01,1.0,1.005,Screened,fast metric pass; detailed slices computed for top candidates only
A2_group_1.010_1.000_1.010,0.6144817407222927,0.8705627145834075,0.1294372854165925,0.35840076686117794,,,0.0027143842495660486,0.0005340374545181881,-0.0005340374545181881,0.004894731044614131,,,A2_group,1.01,1.0,1.01,Screened,fast metric pass; detailed slices computed for top candidates only
A2_group_1.010_1.000_1.015,0.6147375956474743,0.8706767976624459,0.12932320233755415,0.3587983936325028,,,0.002970239174747702,0.0006481205335565621,-0.0006481205335565343,0.005292357815939008,,,A2_group,1.01,1.0,1.015,Screened,fast metric pass; detailed slices computed for top candidates only
A2_group_1.010_1.000_1.020,0.6148060871370498,0.8707842672458167,0.1292157327541833,0.3588279070282827,,,0.0030387306643231415,0.0007555901169273849,-0.0007555901169273849,0.005321871211718898,,,A2_group,1.01,1.0,1.02,Screened,fast metric pass; detailed slices computed for top candidates only
A2_group_1.010_1.000_1.025,0.6152128659471744,0.8708839795255034,0.1291160204744965,0.3595417523688454,,,0.003445509474447772,0.0008553023966141327,-0.0008553023966141882,0.006035716552281578,,,A2_group,1.01,1.0,1.025,Screened,fast metric pass; detailed slices computed for top candidates only
A2_group_1.010_1.000_1.030,0.6154000029613569,0.870978135710799,0.12902186428920107,0.35982187021191475,,,0.0036326464886302645,0.0009494585819096457,-0.000949458581909618,0.006315834395350939,,,A2_group,1.01,1.0,1.03,Screened,fast metric pass; detailed slices computed for top candidates only
A2_group_1.010_1.005_0.970,0.6124872280162987,0.8694162645141548,0.13058373548584523,0.3555581915184427,,,0.0007198715435721148,-0.0006124126147345477,0.0006124126147345477,0.0020521557018788883,,,A2_group,1.01,1.005,0.97,Screened,fast metric pass; detailed slices computed for top candidates only
A2_group_1.010_1.005_0.975,0.612670752730088,0.8695860566204782,0.1304139433795218,0.35575544883969773,,,0.0009033962573613552,-0.0004426205084111512,0.00044262050841112344,0.002249413023133917,,,A2_group,1.01,1.005,0.975,Screened,fast metric pass; detailed slices computed for top candidates only
A2_group_1.010_1.005_0.980,0.6130847968782547,0.8697478373875118,0.13025216261248812,0.3564217563689976,,,0.0013174404055280586,-0.0002808397413774921,0.0002808397413774366,0.002915720552433776,,,A2_group,1.01,1.005,0.98,Screened,fast metric pass; detailed slices computed for top candidates only
A2_group_1.010_1.005_0.985,0.6135004206619288,0.8699029482651096,0.13009705173489042,0.35709789305874806,,,0.0017330641892021603,-0.00012572886377970605,0.0001257288637797338,0.0035918572421842487,,,A2_group,1.01,1.005,0.985,Screened,fast metric pass; detailed slices computed for top candidates only
A2_group_1.010_1.005_0.990,0.6138819232396767,0.8700522149945502,0.12994778500544976,0.3577116314848033,,,0.002114566766950099,2.353786566089422e-05,-2.3537865660921975e-05,0.00420559566823947,,,A2_group,1.01,1.005,0.99,Screened,fast metric pass; detailed slices computed for top candidates only
A2_group_1.010_1.005_0.995,0.6141433156505274,0.8701952678075772,0.12980473219242283,0.35809136349347764,,,0.002375959177800757,0.00016659067868785016,-0.00016659067868785016,0.004585327676913831,,,A2_group,1.01,1.005,0.995,Screened,fast metric pass; detailed slices computed for top candidates only
A2_group_1.010_1.005_1.000,0.6143631661858031,0.8703309394880013,0.12966906051199864,0.35839539288360484,,,0.0025958097130764912,0.0003022623591120155,-0.00030226235911204324,0.0048893570670410225,,,A2_group,1.01,1.005,1.0,Screened,fast metric pass; detailed slices computed for top candidates only
A2_group_1.010_1.005_1.005,0.6145499276851635,0.8704583965663737,0.12954160343362633,0.3586414588039532,,,0.0027825712124368573,0.00042971943748437713,-0.0004297194374843494,0.005135422987389393,,,A2_group,1.01,1.005,1.005,Screened,fast metric pass; detailed slices computed for top candidates only
A2_group_1.010_1.005_1.010,0.6149286379524158,0.870579178547171,0.12942082145282893,0.3592780973576606,,,0.003161281479689193,0.0005505014182817236,-0.0005505014182817514,0.0057720615410967735,,,A2_group,1.01,1.005,1.01,Screened,fast metric pass; detailed slices computed for top candidates only
A2_group_1.010_1.005_1.015,0.6151844928775974,0.8706932616262094,0.1293067383737906,0.3596757241289854,,,0.0034171364048707353,0.0006645844973200976,-0.0006645844973200976,0.006169688312421595,,,A2_group,1.01,1.005,1.015,Screened,fast metric pass; detailed slices computed for top candidates only
A2_group_1.010_1.005_1.020,0.6152529843671728,0.8708007312095802,0.12919926879041974,0.3597052375247653,,,0.003485627894446175,0.0007720540806909204,-0.0007720540806909482,0.006199201708201485,,,A2_group,1.01,1.005,1.02,Screened,fast metric pass; detailed slices computed for top candidates only
A2_group_1.010_1.005_1.025,0.6156597631772975,0.8709004434892671,0.12909955651073293,0.36041908286532803,,,0.0038924067045709165,0.0008717663603777792,-0.0008717663603777515,0.00691304704876422,,,A2_group,1.01,1.005,1.025,Screened,fast metric pass; detailed slices computed for top candidates only
A2_group_1.010_1.005_1.030,0.6158469001914799,0.8709945996745625,0.1290054003254375,0.36069920070839734,,,0.004079543718753298,0.0009659225456731813,-0.0009659225456731813,0.007193164891833526,,,A2_group,1.01,1.005,1.03,Screened,fast metric pass; detailed slices computed for top candidates only
A2_group_1.010_1.010_0.970,0.6129848354893381,0.8694149330346538,0.1305850669653462,0.35655473794402237,,,0.0012174790166115113,-0.0006137440942355354,0.0006137440942355077,0.003048702127458558,,,A2_group,1.01,1.01,0.97,Screened,fast metric pass; detailed slices computed for top candidates only
A2_group_1.010_1.010_0.975,0.6131683602031274,0.8695847251409772,0.13041527485902277,0.3567519952652775,,,0.0014010037304007517,-0.00044395198791213897,0.00044395198791208346,0.003245959448713698,,,A2_group,1.01,1.01,0.975,Screened,fast metric pass; detailed slices computed for top candidates only
A2_group_1.010_1.010_0.980,0.6135824043512942,0.869746505908011,0.13025349409198908,0.35741830279457737,,,0.0018150478785675661,-0.0002821712208783689,0.00028217122087839663,0.003912266978013557,,,A2_group,1.01,1.01,0.98,Screened,fast metric pass; detailed slices computed for top candidates only
A2_group_1.010_1.010_0.985,0.6139980281349682,0.8699016167856086,0.1300983832143914,0.3580944394843278,,,0.0022306716622415568,-0.00012706034328069382,0.00012706034328072158,0.004588403667763974,,,A2_group,1.01,1.01,0.985,Screened,fast metric pass; detailed slices computed for top candidates only
A2_group_1.010_1.010_0.990,0.6143795307127161,0.8700508835150492,0.12994911648495075,0.35870817791038306,,,0.0026121742399894954,2.2206386159906444e-05,-2.22063861599342e-05,0.005202142093819251,,,A2_group,1.01,1.01,0.99,Screened,fast metric pass; detailed slices computed for top candidates only
A2_group_1.010_1.010_0.995,0.6146409231235668,0.8701939363280762,0.12980606367192382,0.35908790991905737,,,0.0028735666508401536,0.00016525919918686238,-0.00016525919918686238,0.005581874102493556,,,A2_group,1.01,1.01,0.995,Screened,fast metric pass; detailed slices computed for top candidates only
A2_group_1.010_1.010_1.000,0.6148607736588424,0.8703296080085003,0.12967039199149963,0.3593919393091845,,,0.0030934171861157767,0.0003009308796110277,-0.00030093087961105547,0.005885903492620692,,,A2_group,1.01,1.01,1.0,Screened,fast metric pass; detailed slices computed for top candidates only
A2_group_1.010_1.010_1.005,0.6150475351582028,0.8704570650868727,0.1295429349131273,0.3596380052295329,,,0.0032801786854761428,0.00042838795798338936,-0.00042838795798338936,0.006131969412969063,,,A2_group,1.01,1.01,1.005,Screened,fast metric pass; detailed slices computed for top candidates only
A2_group_1.010_1.010_1.010,0.6154262454254551,0.87057784706767,0.12942215293232992,0.36027464378324026,,,0.0036588889527284785,0.0005491699387807358,-0.0005491699387807636,0.006768607966676443,,,A2_group,1.01,1.01,1.01,Screened,fast metric pass; detailed slices computed for top candidates only
A2_group_1.010_1.010_1.015,0.6156821003506368,0.8706919301467084,0.12930806985329157,0.36067227055456513,,,0.003914743877910132,0.0006632530178191098,-0.0006632530178191098,0.00716623473800132,,,A2_group,1.01,1.01,1.015,Screened,fast metric pass; detailed slices computed for top candidates only
A2_group_1.010_1.010_1.020,0.6157505918402122,0.8707993997300792,0.12920060026992072,0.360701783950345,,,0.003983235367485571,0.0007707226011899326,-0.0007707226011899604,0.00719574813378121,,,A2_group,1.01,1.01,1.02,Screened,fast metric pass; detailed slices computed for top candidates only
A2_group_1.010_1.010_1.025,0.6161573706503369,0.8708991120097661,0.1291008879902339,0.3614156292909077,,,0.004390014177610313,0.0008704348808767914,-0.0008704348808767914,0.00790959347434389,,,A2_group,1.01,1.01,1.025,Screened,fast metric pass; detailed slices computed for top candidates only
A2_group_1.010_1.010_1.030,0.6163445076645193,0.8709932681950615,0.12900673180493846,0.36169574713397706,,,0.004577151191792694,0.0009645910661721935,-0.0009645910661722212,0.00818971131741325,,,A2_group,1.01,1.01,1.03,Screened,fast metric pass; detailed slices computed for top candidates only
A2_group_1.010_1.015_0.970,0.6136424841243925,0.8693918965924903,0.13060810340750967,0.35789307165629464,,,0.0018751276516658644,-0.0006367805363990398,0.0006367805363989842,0.004387035839730824,,,A2_group,1.01,1.015,0.97,Screened,fast metric pass; detailed slices computed for top candidates only
A2_group_1.010_1.015_0.975,0.6138260088381817,0.8695616886988138,0.13043831130118624,0.35809032897754967,,,0.0020586523654551048,-0.00046698843007553226,0.00046698843007556,0.004584293160985853,,,A2_group,1.01,1.015,0.975,Screened,fast metric pass; detailed slices computed for top candidates only
A2_group_1.010_1.015_0.980,0.6142400529863485,0.8697234694658474,0.13027653053415256,0.3587566365068495,,,0.0024726965136219192,-0.0003052076630418732,0.0003052076630418732,0.005250600690285712,,,A2_group,1.01,1.015,0.98,Screened,fast metric pass; detailed slices computed for top candidates only
A2_group_1.010_1.015_0.985,0.6146556767700225,0.8698785803434451,0.13012141965655488,0.3594327731966,,,0.00288832029729591,-0.00015009678544419813,0.00015009678544419813,0.0059267373800361844,,,A2_group,1.01,1.015,0.985,Screened,fast metric pass; detailed slices computed for top candidates only
A2_group_1.010_1.015_0.990,0.6150371793477705,0.8700278470728858,0.1299721529271142,0.3600465116226552,,,0.0032698228750438485,-8.300560034868454e-07,8.30056003514601e-07,0.006540475806091406,,,A2_group,1.01,1.015,0.99,Screened,fast metric pass; detailed slices computed for top candidates only
A2_group_1.010_1.015_0.995,0.6152985717586211,0.8701708998859127,0.1298291001140873,0.3604262436313295,,,0.0035312152858945067,0.00014222275702335807,-0.00014222275702338583,0.006920207814765711,,,A2_group,1.01,1.015,0.995,Screened,fast metric pass; detailed slices computed for top candidates only
A2_group_1.010_1.015_1.000,0.6155184222938969,0.870306571566337,0.12969342843366308,0.36073027302145677,,,0.003751065821170241,0.0002778944374476344,-0.00027789443744760667,0.007224237204892958,,,A2_group,1.01,1.015,1.0,Screened,fast metric pass; detailed slices computed for top candidates only
A2_group_1.010_1.015_1.005,0.6157051837932571,0.8704340286447092,0.12956597135529077,0.3609763389418051,,,0.003937827320530496,0.00040535151581988504,-0.0004053515158199128,0.007470303125241273,,,A2_group,1.01,1.015,1.005,Screened,fast metric pass; detailed slices computed for top candidates only
A2_group_1.010_1.015_1.010,0.6160838940605096,0.8705548106255067,0.12944518937449337,0.3616129774955125,,,0.004316537587782943,0.0005261334966173425,-0.0005261334966173148,0.00810694167894871,,,A2_group,1.01,1.015,1.01,Screened,fast metric pass; detailed slices computed for top candidates only
A2_group_1.010_1.015_1.015,0.6163397489856911,0.8706688937045449,0.12933110629545505,0.36201060426683734,,,0.004572392512964485,0.0006402165756556055,-0.0006402165756556333,0.00850456845027353,,,A2_group,1.01,1.015,1.015,Screened,fast metric pass; detailed slices computed for top candidates only
A2_group_1.010_1.015_1.020,0.6164082404752665,0.8707763632879159,0.12922363671208417,0.3620401176626172,,,0.0046408840025399245,0.0007476861590265393,-0.0007476861590265116,0.008534081846053365,,,A2_group,1.01,1.015,1.02,Screened,fast metric pass; detailed slices computed for top candidates only
A2_group_1.010_1.015_1.025,0.6168150192853913,0.8708760755676026,0.12912392443239737,0.36275396300317997,,,0.005047662812664666,0.0008473984387132871,-0.0008473984387133149,0.009247927186616156,,,A2_group,1.01,1.015,1.025,Screened,fast metric pass; detailed slices computed for top candidates only
A2_group_1.010_1.015_1.030,0.6170021562995737,0.870970231752898,0.12902976824710194,0.3630340808462493,,,0.0052347998268470475,0.0009415546240086892,-0.0009415546240087447,0.009528045029685461,,,A2_group,1.01,1.015,1.03,Screened,fast metric pass; detailed slices computed for top candidates only
A2_group_1.010_1.020_0.970,0.6139811049930202,0.869351264876698,0.130648735123302,0.35861094510934227,,,0.002213748520293546,-0.0006774122521913117,0.0006774122521913117,0.005104909292778459,,,A2_group,1.01,1.02,0.97,Screened,fast metric pass; detailed slices computed for top candidates only
A2_group_1.010_1.020_0.975,0.6141646297068094,0.8695210569830214,0.13047894301697857,0.3588082024305974,,,0.0023972732340827863,-0.0005076201458679153,0.0005076201458678875,0.005302166614033599,,,A2_group,1.01,1.02,0.975,Screened,fast metric pass; detailed slices computed for top candidates only
A2_group_1.010_1.020_0.980,0.6145786738549762,0.8696828377500552,0.13031716224994488,0.3594745099598973,,,0.0028113173822496007,-0.00034583937883414517,0.0003458393788342007,0.005968474143333513,,,A2_group,1.01,1.02,0.98,Screened,fast metric pass; detailed slices computed for top candidates only
A2_group_1.010_1.020_0.985,0.6149942976386503,0.8698379486276528,0.13016205137234718,0.36015064664964774,,,0.0032269411659237024,-0.00019072850123647012,0.00019072850123649787,0.00664461083308393,,,A2_group,1.01,1.02,0.985,Screened,fast metric pass; detailed slices computed for top candidates only
A2_group_1.010_1.020_0.990,0.6153758002163983,0.8699872153570934,0.13001278464290653,0.36076438507570296,,,0.003608443743671641,-4.146177179586985e-05,4.1461771795842095e-05,0.007258349259139152,,,A2_group,1.01,1.02,0.99,Screened,fast metric pass; detailed slices computed for top candidates only
A2_group_1.010_1.020_0.995,0.6156371926272488,0.8701302681701204,0.1298697318298796,0.36114411708437727,,,0.003869836154522188,0.00010159104123108609,-0.00010159104123108609,0.007638081267813457,,,A2_group,1.01,1.02,0.995,Screened,fast metric pass; detailed slices computed for top candidates only
A2_group_1.010_1.020_1.000,0.6158570431625245,0.8702659398505446,0.1297340601494554,0.36144814647450446,,,0.004089686689797922,0.00023726272165525142,-0.00023726272165527917,0.007942110657940649,,,A2_group,1.01,1.02,1.0,Screened,fast metric pass; detailed slices computed for top candidates only
A2_group_1.010_1.020_1.005,0.6160438046618849,0.8703933969289169,0.1296066030710831,0.36169421239485283,,,0.004276448189158288,0.00036471980002761306,-0.0003647198000275853,0.00818817657828902,,,A2_group,1.01,1.02,1.005,Screened,fast metric pass; detailed slices computed for top candidates only
A2_group_1.010_1.020_1.010,0.6164225149291372,0.8705141789097143,0.1294858210902857,0.36233085094856027,,,0.004655158456410624,0.00048550178082495954,-0.0004855017808249873,0.008824815131996455,,,A2_group,1.01,1.02,1.01,Screened,fast metric pass; detailed slices computed for top candidates only
A2_group_1.010_1.020_1.015,0.6166783698543189,0.8706282619887526,0.12937173801124735,0.36272847771988515,,,0.004911013381592277,0.0005995848598633335,-0.0005995848598633335,0.009222441903321332,,,A2_group,1.01,1.02,1.015,Screened,fast metric pass; detailed slices computed for top candidates only
A2_group_1.010_1.020_1.020,0.6167468613438942,0.8707357315721235,0.1292642684278765,0.36275799111566503,,,0.004979504871167606,0.0007070544432341563,-0.0007070544432341841,0.009251955299101222,,,A2_group,1.01,1.02,1.02,Screened,fast metric pass; detailed slices computed for top candidates only
A2_group_1.010_1.020_1.025,0.617153640154019,0.8708354438518103,0.1291645561481897,0.3634718364562277,,,0.005386283681292348,0.0008067667229210151,-0.0008067667229209874,0.009965800639663902,,,A2_group,1.01,1.02,1.025,Screened,fast metric pass; detailed slices computed for top candidates only
A2_group_1.010_1.020_1.030,0.6173407771682013,0.8709296000371057,0.12907039996289427,0.363751954299297,,,0.005573420695474729,0.0009009229082164172,-0.0009009229082164172,0.010245918482733207,,,A2_group,1.01,1.02,1.03,Screened,fast metric pass; detailed slices computed for top candidates only
A2_group_1.010_1.025_0.970,0.6139542666931956,0.8692944205349884,0.13070557946501157,0.3586141128514028,,,0.0021869102204690183,-0.0007342565939009171,0.0007342565939008894,0.005108077034839009,,,A2_group,1.01,1.025,0.97,Screened,fast metric pass; detailed slices computed for top candidates only
A2_group_1.010_1.025_0.975,0.6141377914069849,0.8694642126413119,0.13053578735868812,0.3588113701726579,,,0.0023704349342582587,-0.0005644644875774096,0.0005644644875774374,0.0053053343560940935,,,A2_group,1.01,1.025,0.975,Screened,fast metric pass; detailed slices computed for top candidates only
A2_group_1.010_1.025_0.980,0.6145518355551517,0.8696259934083456,0.13037400659165446,0.35947767770195777,,,0.002784479082425073,-0.00040268372054375057,0.0004026837205437783,0.005971641885393952,,,A2_group,1.01,1.025,0.98,Screened,fast metric pass; detailed slices computed for top candidates only
A2_group_1.010_1.025_0.985,0.6149674593388257,0.8697811042859432,0.13021889571405676,0.36015381439170824,,,0.003200102866099064,-0.0002475728429460755,0.0002475728429460755,0.006647778575144425,,,A2_group,1.01,1.025,0.985,Screened,fast metric pass; detailed slices computed for top candidates only
A2_group_1.010_1.025_0.990,0.6153489619165737,0.869930371015384,0.13006962898461608,0.36076755281776346,,,0.0035816054438471134,-9.830611350536422e-05,9.830611350539198e-05,0.007261517001199647,,,A2_group,1.01,1.025,0.99,Screened,fast metric pass; detailed slices computed for top candidates only
A2_group_1.010_1.025_0.995,0.6156103543274243,0.8700734238284108,0.12992657617158918,0.3611472848264378,,,0.0038429978546976606,4.474669952148069e-05,-4.474669952150845e-05,0.007641249009874007,,,A2_group,1.01,1.025,0.995,Screened,fast metric pass; detailed slices computed for top candidates only
A2_group_1.010_1.025_1.000,0.6158302048627,0.8702090955088351,0.12979090449116498,0.36145131421656496,,,0.004062848389973395,0.00018041837994575705,-0.00018041837994570153,0.007945278400001143,,,A2_group,1.01,1.025,1.0,Screened,fast metric pass; detailed slices computed for top candidates only
A2_group_1.010_1.025_1.005,0.6160169663620603,0.8703365525872073,0.12966344741279265,0.36169738013691327,,,0.00424960988933365,0.00030787545831800767,-0.0003078754583180354,0.008191344320349458,,,A2_group,1.01,1.025,1.005,Screened,fast metric pass; detailed slices computed for top candidates only
A2_group_1.010_1.025_1.010,0.6163956766293127,0.8704573345680048,0.12954266543199525,0.3623340186906207,,,0.0046283201565860965,0.00042865743911546517,-0.0004286574391154374,0.008827982874056894,,,A2_group,1.01,1.025,1.01,Screened,fast metric pass; detailed slices computed for top candidates only
A2_group_1.010_1.025_1.015,0.6166515315544943,0.870571417647043,0.12942858235295693,0.3627316454619456,,,0.004884175081767639,0.0005427405181537281,-0.0005427405181537559,0.009225609645381772,,,A2_group,1.01,1.025,1.015,Screened,fast metric pass; detailed slices computed for top candidates only
A2_group_1.010_1.025_1.020,0.6167200230440697,0.870678887230414,0.12932111276958605,0.3627611588577255,,,0.004952666571343078,0.000650210101524662,-0.0006502101015246342,0.009255123041161661,,,A2_group,1.01,1.025,1.02,Screened,fast metric pass; detailed slices computed for top candidates only
A2_group_1.010_1.025_1.025,0.6171268018541944,0.8707785995101007,0.12922140048989925,0.36347500419828815,,,0.00535944538146782,0.0007499223812114097,-0.0007499223812114375,0.009968968381724341,,,A2_group,1.01,1.025,1.025,Screened,fast metric pass; detailed slices computed for top candidates only
A2_group_1.010_1.025_1.030,0.6173139388683768,0.8708727556953961,0.12912724430460384,0.3637551220413575,,,0.005546582395650201,0.0008440785665068118,-0.0008440785665068395,0.010249086224793702,,,A2_group,1.01,1.025,1.03,Screened,fast metric pass; detailed slices computed for top candidates only
A2_group_1.010_1.030_0.970,0.6141928291320854,0.8692236152880007,0.13077638471199923,0.35916204297617,,,0.002425472659358774,-0.0008050618408885768,0.000805061840888549,0.00565600715960618,,,A2_group,1.01,1.03,0.97,Screened,fast metric pass; detailed slices computed for top candidates only
A2_group_1.010_1.030_0.975,0.6143763538458746,0.8693934073943242,0.13060659260567578,0.3593593002974251,,,0.0026089973731480143,-0.0006352697345650693,0.0006352697345650971,0.005853264480861264,,,A2_group,1.01,1.03,0.975,Screened,fast metric pass; detailed slices computed for top candidates only
A2_group_1.010_1.030_0.980,0.6147903979940414,0.8695551881613579,0.13044481183864212,0.36002560782672494,,,0.0030230415213148287,-0.00047348896753141023,0.000473488967531438,0.006519572010161123,,,A2_group,1.01,1.03,0.98,Screened,fast metric pass; detailed slices computed for top candidates only
A2_group_1.010_1.030_0.985,0.6152060217777154,0.8697102990389556,0.13028970096104442,0.36070174451647535,,,0.0034386653049888194,-0.0003183780899337352,0.0003183780899337352,0.0071957086999115405,,,A2_group,1.01,1.03,0.985,Screened,fast metric pass; detailed slices computed for top candidates only
A2_group_1.010_1.030_0.990,0.6155875243554635,0.8698595657683963,0.13014043423160376,0.36131548294253063,,,0.003820167882736869,-0.0001691113604930239,0.0001691113604930794,0.0078094471259668174,,,A2_group,1.01,1.03,0.99,Screened,fast metric pass; detailed slices computed for top candidates only
A2_group_1.010_1.030_0.995,0.615848916766314,0.8700026185814231,0.12999738141857684,0.36169521495120494,,,0.004081560293587416,-2.6058547466178972e-05,2.6058547466151216e-05,0.008189179134641122,,,A2_group,1.01,1.03,0.995,Screened,fast metric pass; detailed slices computed for top candidates only
A2_group_1.010_1.030_1.000,0.6160687673015898,0.8701382902618473,0.12986170973815267,0.3619992443413322,,,0.00430141082886315,0.00010961313295798636,-0.00010961313295801411,0.00849320852476837,,,A2_group,1.01,1.03,1.0,Screened,fast metric pass; detailed slices computed for top candidates only
A2_group_1.010_1.030_1.005,0.6162555288009501,0.8702657473402197,0.12973425265978034,0.3622453102616805,,,0.004488172328223516,0.000237070211330348,-0.000237070211330348,0.008739274445116685,,,A2_group,1.01,1.03,1.005,Screened,fast metric pass; detailed slices computed for top candidates only
A2_group_1.010_1.030_1.010,0.6166342390682025,0.8703865293210171,0.1296134706789829,0.3628819488153879,,,0.004866882595475852,0.0003578521921278055,-0.00035785219212777775,0.009375912998824065,,,A2_group,1.01,1.03,1.01,Screened,fast metric pass; detailed slices computed for top candidates only
A2_group_1.010_1.030_1.015,0.616890093993384,0.8705006124000554,0.1294993875999446,0.3632795755867127,,,0.005122737520657394,0.0004719352711660685,-0.00047193527116609624,0.009773539770148887,,,A2_group,1.01,1.03,1.015,Screened,fast metric pass; detailed slices computed for top candidates only
A2_group_1.010_1.030_1.020,0.6169585854829595,0.8706080819834263,0.1293919180165737,0.3633090889824926,,,0.005191229010232834,0.0005794048545370023,-0.0005794048545369745,0.009803053165928777,,,A2_group,1.01,1.03,1.02,Screened,fast metric pass; detailed slices computed for top candidates only
A2_group_1.010_1.030_1.025,0.6173653642930842,0.8707077942631131,0.12929220573688693,0.3640229343230554,,,0.005598007820357576,0.0006791171342237501,-0.0006791171342237501,0.010516898506491568,,,A2_group,1.01,1.03,1.025,Screened,fast metric pass; detailed slices computed for top candidates only
A2_group_1.010_1.030_1.030,0.6175525013072666,0.8708019504484085,0.1291980495515915,0.36430305216612463,,,0.005785144834539957,0.0007732733195191521,-0.0007732733195191799,0.010797016349560817,,,A2_group,1.01,1.03,1.03,Screened,fast metric pass; detailed slices computed for top candidates only
A2_group_1.015_0.970_0.970,0.6077130230048386,0.8690442125647566,0.13095578743524344,0.3463818334449207,,,-0.004054333467887972,-0.0009844645641327032,0.0009844645641327587,-0.007124202371643129,,,A2_group,1.015,0.97,0.97,Screened,fast metric pass; detailed slices computed for top candidates only
A2_group_1.015_0.970_0.975,0.6078965477186279,0.86921400467108,0.13078599532892002,0.3465790907661757,,,-0.0038708087540987313,-0.0008146724578093067,0.0008146724578093345,-0.0069269450503881,,,A2_group,1.015,0.97,0.975,Screened,fast metric pass; detailed slices computed for top candidates only
A2_group_1.015_0.970_0.980,0.6083105918667946,0.8693757854381137,0.13062421456188633,0.34724539829547557,,,-0.003456764605932028,-0.0006528916907756477,0.0006528916907756477,-0.0062606375210882415,,,A2_group,1.015,0.97,0.98,Screened,fast metric pass; detailed slices computed for top candidates only
A2_group_1.015_0.970_0.985,0.6087262156504687,0.8695308963157113,0.13046910368428866,0.34792153498522604,,,-0.003041140822257926,-0.0004977808131779726,0.0004977808131779726,-0.005584500831337769,,,A2_group,1.015,0.97,0.985,Screened,fast metric pass; detailed slices computed for top candidates only
A2_group_1.015_0.970_0.990,0.6091077182282166,0.869680163045152,0.13031983695484797,0.34853527341128127,,,-0.0026596382445099875,-0.00034851408373726134,0.0003485140837372891,-0.004970762405282547,,,A2_group,1.015,0.97,0.99,Screened,fast metric pass; detailed slices computed for top candidates only
A2_group_1.015_0.970_0.995,0.6093691106390673,0.8698232158581789,0.13017678414182107,0.3489150054199556,,,-0.0023982458336593293,-0.00020546127071041642,0.00020546127071038867,-0.004591030396608187,,,A2_group,1.015,0.97,0.995,Screened,fast metric pass; detailed slices computed for top candidates only
A2_group_1.015_0.970_1.000,0.609588961174343,0.8699588875386032,0.13004111246139685,0.3492190348100828,,,-0.0021783952983835952,-6.978959028614007e-05,6.978959028616782e-05,-0.004287001006480995,,,A2_group,1.015,0.97,1.0,Screened,fast metric pass; detailed slices computed for top candidates only
A2_group_1.015_0.970_1.005,0.6097757226737033,0.8700863446169754,0.12991365538302455,0.3494651007304312,,,-0.00199163379902334,5.766748808611055e-05,-5.766748808613831e-05,-0.004040935086132624,,,A2_group,1.015,0.97,1.005,Screened,fast metric pass; detailed slices computed for top candidates only
A2_group_1.015_0.970_1.010,0.6101544329409557,0.8702071265977729,0.12979287340222714,0.35010173928413857,,,-0.0016129235317708934,0.00017844946888356805,-0.0001784494688835403,-0.003404296532425244,,,A2_group,1.015,0.97,1.01,Screened,fast metric pass; detailed slices computed for top candidates only
A2_group_1.015_0.970_1.015,0.6104102878661373,0.8703212096768111,0.12967879032318883,0.3504993660554634,,,-0.0013570686065893511,0.00029253254792183103,-0.0002925325479218588,-0.0030066697611004223,,,A2_group,1.015,0.97,1.015,Screened,fast metric pass; detailed slices computed for top candidates only
A2_group_1.015_0.970_1.020,0.6104787793557127,0.8704286792601821,0.12957132073981795,0.3505288794512433,,,-0.0012885771170139115,0.00040000213129276485,-0.0004000021312927371,-0.0029771563653205324,,,A2_group,1.015,0.97,1.02,Screened,fast metric pass; detailed slices computed for top candidates only
A2_group_1.015_0.970_1.025,0.6108855581658375,0.8705283915398688,0.12947160846013114,0.351242724791806,,,-0.0008817983068891699,0.0004997144109795126,-0.0004997144109795404,-0.002263311024757797,,,A2_group,1.015,0.97,1.025,Screened,fast metric pass; detailed slices computed for top candidates only
A2_group_1.015_0.970_1.030,0.6110726951800198,0.8706225477251643,0.1293774522748357,0.3515228426348753,,,-0.0006946612927067886,0.0005938705962750257,-0.0005938705962749702,-0.001983193181688492,,,A2_group,1.015,0.97,1.03,Screened,fast metric pass; detailed slices computed for top candidates only
A2_group_1.015_0.975_0.970,0.6092119898030933,0.8691664141273611,0.13083358587263896,0.3492575654788255,,,-0.0025553666696332966,-0.0008622630015282517,0.0008622630015282795,-0.004248470337738286,,,A2_group,1.015,0.975,0.97,Screened,fast metric pass; detailed slices computed for top candidates only
A2_group_1.015_0.975_0.975,0.6093955145168826,0.8693362062336845,0.13066379376631554,0.34945482280008067,,,-0.002371841955844056,-0.0006924708952048553,0.0006924708952048553,-0.004051213016483146,,,A2_group,1.015,0.975,0.975,Screened,fast metric pass; detailed slices computed for top candidates only
A2_group_1.015_0.975_0.980,0.6098095586650494,0.8694979870007181,0.13050201299928188,0.3501211303293806,,,-0.0019577978076772418,-0.0005306901281711962,0.0005306901281711962,-0.003384905487183232,,,A2_group,1.015,0.975,0.98,Screened,fast metric pass; detailed slices computed for top candidates only
A2_group_1.015_0.975_0.985,0.6102251824487234,0.8696530978783158,0.13034690212168418,0.350797267019131,,,-0.001542174024003251,-0.00037557925057352115,0.0003755792505734934,-0.0027087687974328145,,,A2_group,1.015,0.975,0.985,Screened,fast metric pass; detailed slices computed for top candidates only
A2_group_1.015_0.975_0.990,0.6106066850264713,0.8698023646077565,0.13019763539224352,0.3514110054451862,,,-0.0011606714462553125,-0.00022631252113280986,0.00022631252113283762,-0.002095030371377593,,,A2_group,1.015,0.975,0.99,Screened,fast metric pass; detailed slices computed for top candidates only
A2_group_1.015_0.975_0.995,0.610868077437322,0.8699454174207835,0.13005458257921657,0.3517907374538605,,,-0.0008992790354046543,-8.325970810585392e-05,8.325970810588168e-05,-0.001715298362703288,,,A2_group,1.015,0.975,0.995,Screened,fast metric pass; detailed slices computed for top candidates only
A2_group_1.015_0.975_1.000,0.6110879279725977,0.8700810891012076,0.1299189108987924,0.3520947668439877,,,-0.0006794285001289202,5.2411972318311406e-05,-5.241197231828365e-05,-0.0014112689725760963,,,A2_group,1.015,0.975,1.0,Screened,fast metric pass; detailed slices computed for top candidates only
A2_group_1.015_0.975_1.005,0.611274689471958,0.8702085461795799,0.1297914538204201,0.3523408327643361,,,-0.0004926670007686651,0.00017986905069056203,-0.00017986905069058978,-0.0011652030522277257,,,A2_group,1.015,0.975,1.005,Screened,fast metric pass; detailed slices computed for top candidates only
A2_group_1.015_0.975_1.010,0.6116533997392104,0.8703293281603773,0.12967067183962266,0.3529774713180435,,,-0.00011395673351621838,0.0003006510314880195,-0.0003006510314880195,-0.0005285644985202897,,,A2_group,1.015,0.975,1.01,Screened,fast metric pass; detailed slices computed for top candidates only
A2_group_1.015_0.975_1.015,0.611909254664392,0.8704434112394157,0.12955658876058435,0.3533750980893684,,,0.00014189819166543494,0.00041473411052639353,-0.000414734110526338,-0.00013093772719541263,,,A2_group,1.015,0.975,1.015,Screened,fast metric pass; detailed slices computed for top candidates only
A2_group_1.015_0.975_1.020,0.6119777461539674,0.8705508808227865,0.12944911917721347,0.3534046114851483,,,0.00021038968124076352,0.0005222036938972163,-0.0005222036938972163,-0.00010142433141552276,,,A2_group,1.015,0.975,1.02,Screened,fast metric pass; detailed slices computed for top candidates only
A2_group_1.015_0.975_1.025,0.6123845249640921,0.8706505931024733,0.1293494068975267,0.35411845682571097,,,0.0006171684913655051,0.0006219159735839641,-0.0006219159735839919,0.0006124210091471571,,,A2_group,1.015,0.975,1.025,Screened,fast metric pass; detailed slices computed for top candidates only
A2_group_1.015_0.975_1.030,0.6125716619782745,0.8707447492877688,0.12925525071223123,0.3543985746687803,,,0.0008043055055478865,0.0007160721588794772,-0.0007160721588794494,0.0008925388522164623,,,A2_group,1.015,0.975,1.03,Screened,fast metric pass; detailed slices computed for top candidates only
A2_group_1.015_0.980_0.970,0.6100255597551291,0.8692723657433081,0.1307276342566919,0.35077875376695006,,,-0.0017417967175975546,-0.0007563113855811876,0.0007563113855812154,-0.002727282049613755,,,A2_group,1.015,0.98,0.97,Screened,fast metric pass; detailed slices computed for top candidates only
A2_group_1.015_0.980_0.975,0.6102090844689183,0.8694421578496315,0.13055784215036847,0.3509760110882052,,,-0.0015582720038083142,-0.0005865192792577911,0.0005865192792577911,-0.0025300247283586152,,,A2_group,1.015,0.98,0.975,Screened,fast metric pass; detailed slices computed for top candidates only
A2_group_1.015_0.980_0.980,0.6106231286170851,0.8696039386166652,0.13039606138333482,0.35164231861750506,,,-0.0011442278556414998,-0.00042473851222413206,0.00042473851222413206,-0.0018637171990587564,,,A2_group,1.015,0.98,0.98,Screened,fast metric pass; detailed slices computed for top candidates only
A2_group_1.015_0.980_0.985,0.6110387524007592,0.8697590494942629,0.1302409505057371,0.35231845530725553,,,-0.0007286040719673981,-0.000269627634626457,0.00026962763462642925,-0.0011875805093082836,,,A2_group,1.015,0.98,0.985,Screened,fast metric pass; detailed slices computed for top candidates only
A2_group_1.015_0.980_0.990,0.6114202549785072,0.8699083162237036,0.13009168377629646,0.35293219373331075,,,-0.00034710149421945946,-0.00012036090518574571,0.00012036090518577347,-0.0005738420832530622,,,A2_group,1.015,0.98,0.99,Screened,fast metric pass; detailed slices computed for top candidates only
A2_group_1.015_0.980_0.995,0.6116816473893578,0.8700513690367305,0.1299486309632695,0.35331192574198506,,,-8.570908336880123e-05,2.2691907841210224e-05,-2.2691907841182468e-05,-0.00019411007457875717,,,A2_group,1.015,0.98,0.995,Screened,fast metric pass; detailed slices computed for top candidates only
A2_group_1.015_0.980_1.000,0.6119014979246334,0.8701870407171547,0.12981295928284534,0.35361595513211225,,,0.0001341414519068218,0.00015836358826537555,-0.0001583635882653478,0.00010991931554843459,,,A2_group,1.015,0.98,1.0,Screened,fast metric pass; detailed slices computed for top candidates only
A2_group_1.015_0.980_1.005,0.6120882594239938,0.8703144977955269,0.12968550220447303,0.35386202105246056,,,0.00032090295126718793,0.0002858206666376262,-0.00028582066663765393,0.0003559852358967497,,,A2_group,1.015,0.98,1.005,Screened,fast metric pass; detailed slices computed for top candidates only
A2_group_1.015_0.980_1.010,0.6124669696912461,0.8704352797763244,0.1295647202236756,0.35449865960616794,,,0.0006996132185195236,0.0004066026474350837,-0.0004066026474350837,0.0009926237896041301,,,A2_group,1.015,0.98,1.01,Screened,fast metric pass; detailed slices computed for top candidates only
A2_group_1.015_0.980_1.015,0.6127228246164278,0.8705493628553627,0.12945063714463728,0.3548962863774929,,,0.0009554681437011769,0.0005206857264733467,-0.0005206857264734022,0.0013902505609290627,,,A2_group,1.015,0.98,1.015,Screened,fast metric pass; detailed slices computed for top candidates only
A2_group_1.015_0.980_1.020,0.6127913161060031,0.8706568324387336,0.1293431675612664,0.3549257997732727,,,0.0010239596332765055,0.0006281553098442805,-0.0006281553098442805,0.001419763956708897,,,A2_group,1.015,0.98,1.02,Screened,fast metric pass; detailed slices computed for top candidates only
A2_group_1.015_0.980_1.025,0.6131980949161279,0.8707565447184203,0.12924345528157963,0.35563964511383545,,,0.0014307384434012471,0.0007278675895310283,-0.000727867589531056,0.0021336092972716325,,,A2_group,1.015,0.98,1.025,Screened,fast metric pass; detailed slices computed for top candidates only
A2_group_1.015_0.980_1.030,0.6133852319303104,0.8708507009037159,0.12914929909628417,0.3559197629569048,,,0.0016178754575837395,0.0008220237748265413,-0.0008220237748265136,0.0024137271403409932,,,A2_group,1.015,0.98,1.03,Screened,fast metric pass; detailed slices computed for top candidates only
A2_group_1.015_0.985_0.970,0.6107792437934443,0.8693603061782735,0.1306396938217265,0.352198181408615,,,-0.000988112679282338,-0.000668370950615782,0.0006683709506158098,-0.0013078544079488386,,,A2_group,1.015,0.985,0.97,Screened,fast metric pass; detailed slices computed for top candidates only
A2_group_1.015_0.985_0.975,0.6109627685072335,0.8695300982845969,0.13046990171540304,0.35239543872987006,,,-0.0008045879654930976,-0.0004985788442923855,0.0004985788442923578,-0.0011105970866937542,,,A2_group,1.015,0.985,0.975,Screened,fast metric pass; detailed slices computed for top candidates only
A2_group_1.015_0.985_0.980,0.6113768126554003,0.8696918790516306,0.13030812094836938,0.35306174625917003,,,-0.0003905438173262832,-0.00033679807725872646,0.0003367980772586987,-0.0004442895573937844,,,A2_group,1.015,0.985,0.98,Screened,fast metric pass; detailed slices computed for top candidates only
A2_group_1.015_0.985_0.985,0.6117924364390743,0.8698469899292283,0.1301530100707717,0.3537378829489204,,,2.5079966347707483e-05,-0.0001816871996610514,0.00018168719966102365,0.0002318471323565774,,,A2_group,1.015,0.985,0.985,Screened,fast metric pass; detailed slices computed for top candidates only
A2_group_1.015_0.985_0.990,0.6121739390168223,0.869996256658669,0.13000374334133102,0.3543516213749756,,,0.0004065825440956461,-3.2420470220340114e-05,3.2420470220340114e-05,0.0008455855584117988,,,A2_group,1.015,0.985,0.99,Screened,fast metric pass; detailed slices computed for top candidates only
A2_group_1.015_0.985_0.995,0.6124353314276729,0.8701393094716959,0.1298606905283041,0.35473135338364997,,,0.0006679749549463043,0.00011063234280661582,-0.00011063234280658807,0.0012253175670861594,,,A2_group,1.015,0.985,0.995,Screened,fast metric pass; detailed slices computed for top candidates only
A2_group_1.015_0.985_1.000,0.6126551819629487,0.8702749811521201,0.1297250188478799,0.3550353827737771,,,0.0008878254902220384,0.00024630402323078116,-0.00024630402323078116,0.0015293469572132956,,,A2_group,1.015,0.985,1.0,Screened,fast metric pass; detailed slices computed for top candidates only
A2_group_1.015_0.985_1.005,0.612841943462309,0.8704024382304925,0.12959756176950757,0.35528144869412553,,,0.0010745869895824045,0.0003737611016031428,-0.00037376110160311504,0.0017754128775617217,,,A2_group,1.015,0.985,1.005,Screened,fast metric pass; detailed slices computed for top candidates only
A2_group_1.015_0.985_1.010,0.6132206537295614,0.8705232202112898,0.1294767797887102,0.3559180872478329,,,0.0014532972568347402,0.0004945430824004893,-0.0004945430824004893,0.002412051431269102,,,A2_group,1.015,0.985,1.01,Screened,fast metric pass; detailed slices computed for top candidates only
A2_group_1.015_0.985_1.015,0.613476508654743,0.8706373032903282,0.12936269670967185,0.3563157140191578,,,0.0017091521820163935,0.0006086261614388633,-0.0006086261614388355,0.0028096782025939793,,,A2_group,1.015,0.985,1.015,Screened,fast metric pass; detailed slices computed for top candidates only
A2_group_1.015_0.985_1.020,0.6135450001443183,0.870744772873699,0.129255227126301,0.3563452274149377,,,0.001777643671591722,0.0007160957448096861,-0.0007160957448096861,0.002839191598373869,,,A2_group,1.015,0.985,1.02,Screened,fast metric pass; detailed slices computed for top candidates only
A2_group_1.015_0.985_1.025,0.6139517789544431,0.8708444851533859,0.12915551484661417,0.35705907275550036,,,0.0021844224817164637,0.0008158080244965449,-0.0008158080244965171,0.003553036938936549,,,A2_group,1.015,0.985,1.025,Screened,fast metric pass; detailed slices computed for top candidates only
A2_group_1.015_0.985_1.030,0.6141389159686255,0.8709386413386813,0.12906135866131876,0.35733919059856967,,,0.002371559495898845,0.0009099642097919469,-0.0009099642097919192,0.0038331547820058542,,,A2_group,1.015,0.985,1.03,Screened,fast metric pass; detailed slices computed for top candidates only
A2_group_1.015_0.990_0.970,0.6117984098110647,0.8694319358311057,0.1305680641688943,0.35416488379102384,,,3.105333833808288e-05,-0.0005967412977836428,0.0005967412977836151,0.0006588479744600306,,,A2_group,1.015,0.99,0.97,Screened,fast metric pass; detailed slices computed for top candidates only
A2_group_1.015_0.990_0.975,0.611981934524854,0.8696017279374292,0.13039827206257085,0.354362141112279,,,0.0002145780521274343,-0.0004269491914601353,0.0004269491914601631,0.0008561052957151705,,,A2_group,1.015,0.99,0.975,Screened,fast metric pass; detailed slices computed for top candidates only
A2_group_1.015_0.990_0.980,0.6123959786730209,0.8697635087044628,0.1302364912955372,0.3550284486415789,,,0.0006286222002942488,-0.00026516842442647626,0.000265168424426504,0.0015224128250150848,,,A2_group,1.015,0.99,0.98,Screened,fast metric pass; detailed slices computed for top candidates only
A2_group_1.015_0.990_0.985,0.6128116024566949,0.8699186195820605,0.13008138041793949,0.35570458533132926,,,0.0010442459839682394,-0.0001100575468288012,0.0001100575468288012,0.0021985495147654466,,,A2_group,1.015,0.99,0.985,Screened,fast metric pass; detailed slices computed for top candidates only
A2_group_1.015_0.990_0.990,0.6131931050344429,0.8700678863115012,0.1299321136884988,0.35631832375738454,,,0.001425748561716289,3.920918261191009e-05,-3.920918261188233e-05,0.0028122879408207235,,,A2_group,1.015,0.99,0.99,Screened,fast metric pass; detailed slices computed for top candidates only
A2_group_1.015_0.990_0.995,0.6134544974452935,0.8702109391245281,0.1297890608754719,0.35669805576605884,,,0.0016871409725668363,0.000182261995638755,-0.00018226199563878276,0.0031920199494950285,,,A2_group,1.015,0.99,0.995,Screened,fast metric pass; detailed slices computed for top candidates only
A2_group_1.015_0.990_1.000,0.6136743479805691,0.8703466108049522,0.1296533891950477,0.357002085156186,,,0.0019069915078424593,0.00031793367606292033,-0.00031793367606297585,0.003496049339622165,,,A2_group,1.015,0.99,1.0,Screened,fast metric pass; detailed slices computed for top candidates only
A2_group_1.015_0.990_1.005,0.6138611094799296,0.8704740678833246,0.12952593211667537,0.3572481510765344,,,0.0020937530072029364,0.000445390754435282,-0.00044539075443530973,0.003742115259970591,,,A2_group,1.015,0.99,1.005,Screened,fast metric pass; detailed slices computed for top candidates only
A2_group_1.015_0.990_1.010,0.6142398197471819,0.8705948498641221,0.12940515013587797,0.3578847896302418,,,0.002472463274455272,0.0005661727352327395,-0.0005661727352327117,0.004378753813677971,,,A2_group,1.015,0.99,1.01,Screened,fast metric pass; detailed slices computed for top candidates only
A2_group_1.015_0.990_1.015,0.6144956746723635,0.8707089329431603,0.12929106705683965,0.3582824164015667,,,0.0027283181996369255,0.0006802558142710025,-0.0006802558142710302,0.004776380585002904,,,A2_group,1.015,0.99,1.015,Screened,fast metric pass; detailed slices computed for top candidates only
A2_group_1.015_0.990_1.020,0.6145641661619389,0.8708164025265313,0.12918359747346878,0.35831192979734655,,,0.002796809689212254,0.0007877253976419363,-0.0007877253976419085,0.004805893980782738,,,A2_group,1.015,0.99,1.02,Screened,fast metric pass; detailed slices computed for top candidates only
A2_group_1.015_0.990_1.025,0.6149709449720636,0.870916114806218,0.12908388519378197,0.3590257751379093,,,0.0032035884993369956,0.0008874376773286841,-0.0008874376773287118,0.005519739321345474,,,A2_group,1.015,0.99,1.025,Screened,fast metric pass; detailed slices computed for top candidates only
A2_group_1.015_0.990_1.030,0.615158081986246,0.8710102709915134,0.12898972900848657,0.35930589298097854,,,0.003390725513519377,0.000981593862624086,-0.0009815938626241139,0.005799857164414723,,,A2_group,1.015,0.99,1.03,Screened,fast metric pass; detailed slices computed for top candidates only
A2_group_1.015_0.995_0.970,0.6125008900410924,0.8694845590175629,0.1305154409824371,0.355517221064622,,,0.0007335335683658073,-0.0005441181113263749,0.0005441181113264026,0.0020111852480582115,,,A2_group,1.015,0.995,0.97,Screened,fast metric pass; detailed slices computed for top candidates only
A2_group_1.015_0.995_0.975,0.6126844147548818,0.8696543511238863,0.13034564887611366,0.35571447838587716,,,0.0009170582821551587,-0.0003743260050029784,0.0003743260050029784,0.0022084425693133514,,,A2_group,1.015,0.995,0.975,Screened,fast metric pass; detailed slices computed for top candidates only
A2_group_1.015_0.995_0.980,0.6130984589030486,0.86981613189092,0.13018386810908,0.3563807859151771,,,0.0013311024303219732,-0.00021254523796931934,0.00021254523796931934,0.0028747500986132657,,,A2_group,1.015,0.995,0.98,Screened,fast metric pass; detailed slices computed for top candidates only
A2_group_1.015_0.995_0.985,0.6135140826867226,0.8699712427685177,0.1300287572314823,0.35705692260492744,,,0.0017467262139959638,-5.743436037164429e-05,5.743436037161653e-05,0.0035508867883636275,,,A2_group,1.015,0.995,0.985,Screened,fast metric pass; detailed slices computed for top candidates only
A2_group_1.015_0.995_0.990,0.6138955852644705,0.8701205094979584,0.12987949050204164,0.3576706610309827,,,0.0021282287917439024,9.1832369069067e-05,-9.183236906903924e-05,0.004164625214418904,,,A2_group,1.015,0.995,0.99,Screened,fast metric pass; detailed slices computed for top candidates only
A2_group_1.015_0.995_0.995,0.6141569776753212,0.8702635623109853,0.1297364376890147,0.358050393039657,,,0.0023896212025945607,0.00023488518209602294,-0.00023488518209599518,0.0045443572230932094,,,A2_group,1.015,0.995,0.995,Screened,fast metric pass; detailed slices computed for top candidates only
A2_group_1.015_0.995_1.000,0.6143768282105968,0.8703992339914095,0.12960076600859052,0.35835442242978416,,,0.0026094717378701837,0.00037055686252018827,-0.0003705568625201605,0.004848386613220346,,,A2_group,1.015,0.995,1.0,Screened,fast metric pass; detailed slices computed for top candidates only
A2_group_1.015_0.995_1.005,0.6145635897099572,0.8705266910697818,0.12947330893021822,0.3586004883501326,,,0.00279623323723055,0.0004980139408924389,-0.0004980139408924666,0.005094452533568772,,,A2_group,1.015,0.995,1.005,Screened,fast metric pass; detailed slices computed for top candidates only
A2_group_1.015_0.995_1.010,0.6149422999772096,0.8706474730505792,0.1293525269494208,0.35923712690383997,,,0.0031749435044829966,0.0006187959216898964,-0.0006187959216898964,0.005731091087276152,,,A2_group,1.015,0.995,1.01,Screened,fast metric pass; detailed slices computed for top candidates only
A2_group_1.015_0.995_1.015,0.6151981549023913,0.8707615561296176,0.12923844387038247,0.3596347536751649,,,0.00343079842966465,0.0007328790007282704,-0.0007328790007282149,0.006128717858601085,,,A2_group,1.015,0.995,1.015,Screened,fast metric pass; detailed slices computed for top candidates only
A2_group_1.015_0.995_1.020,0.6152666463919666,0.8708690257129884,0.1291309742870116,0.35966426707094473,,,0.0034992899192399785,0.0008403485840990932,-0.0008403485840990932,0.006158231254380919,,,A2_group,1.015,0.995,1.02,Screened,fast metric pass; detailed slices computed for top candidates only
A2_group_1.015_0.995_1.025,0.6156734252020913,0.8709687379926752,0.12903126200732482,0.36037811241150747,,,0.00390606872936472,0.000940060863785841,-0.0009400608637858687,0.006872076594943655,,,A2_group,1.015,0.995,1.025,Screened,fast metric pass; detailed slices computed for top candidates only
A2_group_1.015_0.995_1.030,0.6158605622162737,0.8710628941779707,0.12893710582202936,0.3606582302545767,,,0.004093205743547101,0.001034217049081354,-0.0010342170490813263,0.007152194438012904,,,A2_group,1.015,0.995,1.03,Screened,fast metric pass; detailed slices computed for top candidates only
A2_group_1.015_1.000_0.970,0.6132217692141457,0.8695211117300702,0.13047888826992984,0.35692242669822133,,,0.0014544127414191088,-0.000507565398819132,0.0005075653988191597,0.003416390881657516,,,A2_group,1.015,1.0,0.97,Screened,fast metric pass; detailed slices computed for top candidates only
A2_group_1.015_1.000_0.975,0.613405293927935,0.8696909038363936,0.1303090961636064,0.3571196840194764,,,0.0016379374552083492,-0.0003377732924957355,0.00033777329249570776,0.0036136482029126005,,,A2_group,1.015,1.0,0.975,Screened,fast metric pass; detailed slices computed for top candidates only
A2_group_1.015_1.000_0.980,0.6138193380761018,0.8698526846034272,0.13014731539657273,0.35778599154877627,,,0.0020519816033751637,-0.00017599252546207644,0.0001759925254620487,0.004279955732212459,,,A2_group,1.015,1.0,0.98,Screened,fast metric pass; detailed slices computed for top candidates only
A2_group_1.015_1.000_0.985,0.6142349618597758,0.8700077954810249,0.12999220451897506,0.35846212823852674,,,0.0024676053870491543,-2.0881647864401387e-05,2.088164786437363e-05,0.004956092421962932,,,A2_group,1.015,1.0,0.985,Screened,fast metric pass; detailed slices computed for top candidates only
A2_group_1.015_1.000_0.990,0.6146164644375238,0.8701570622104656,0.12984293778953437,0.35907586666458197,,,0.002849107964797204,0.0001283850815763099,-0.0001283850815763099,0.0055698308480181535,,,A2_group,1.015,1.0,0.99,Screened,fast metric pass; detailed slices computed for top candidates only
A2_group_1.015_1.000_0.995,0.6148778568483745,0.8703001150234926,0.12969988497650745,0.3594555986732563,,,0.003110500375647862,0.00027143789460326584,-0.0002714378946032381,0.005949562856692514,,,A2_group,1.015,1.0,0.995,Screened,fast metric pass; detailed slices computed for top candidates only
A2_group_1.015_1.000_1.000,0.6150977073836501,0.8704357867039167,0.12956421329608325,0.35975962806338346,,,0.0033303509109234852,0.00040710957502743117,-0.00040710957502743117,0.00625359224681965,,,A2_group,1.015,1.0,1.0,Screened,fast metric pass; detailed slices computed for top candidates only
A2_group_1.015_1.000_1.005,0.6152844688830105,0.8705632437822891,0.12943675621771092,0.3600056939837318,,,0.0035171124102838514,0.0005345666533997928,-0.0005345666533997651,0.006499658167167965,,,A2_group,1.015,1.0,1.005,Screened,fast metric pass; detailed slices computed for top candidates only
A2_group_1.015_1.000_1.010,0.6156631791502628,0.8706840257630865,0.12931597423691354,0.3606423325374392,,,0.003895822677536187,0.0006553486341971393,-0.0006553486341971393,0.007136296720875401,,,A2_group,1.015,1.0,1.01,Screened,fast metric pass; detailed slices computed for top candidates only
A2_group_1.015_1.000_1.015,0.6159190340754445,0.8707981088421248,0.1292018911578752,0.3610399593087641,,,0.00415167760271784,0.0007694317132355133,-0.0007694317132354855,0.0075339234922002785,,,A2_group,1.015,1.0,1.015,Screened,fast metric pass; detailed slices computed for top candidates only
A2_group_1.015_1.000_1.020,0.6159875255650198,0.8709055784254957,0.12909442157450435,0.361069472704544,,,0.004220169092293169,0.0008769012966063361,-0.0008769012966063361,0.007563436887980168,,,A2_group,1.015,1.0,1.02,Screened,fast metric pass; detailed slices computed for top candidates only
A2_group_1.015_1.000_1.025,0.6163943043751445,0.8710052907051825,0.12899470929481752,0.36178331804510666,,,0.0046269479024179105,0.000976613576293195,-0.0009766135762931671,0.008277282228542848,,,A2_group,1.015,1.0,1.025,Screened,fast metric pass; detailed slices computed for top candidates only
A2_group_1.015_1.000_1.030,0.6165814413893269,0.8710994468904779,0.12890055310952211,0.362063435888176,,,0.004814084916600292,0.001070769761588597,-0.0010707697615885692,0.008557400071612209,,,A2_group,1.015,1.0,1.03,Screened,fast metric pass; detailed slices computed for top candidates only
A2_group_1.015_1.005_0.970,0.6136686664442689,0.8695375756938337,0.13046242430616625,0.35779975719470397,,,0.0019013099715422532,-0.0004911014350555964,0.0004911014350555687,0.004293721378140158,,,A2_group,1.015,1.005,0.97,Screened,fast metric pass; detailed slices computed for top candidates only
A2_group_1.015_1.005_0.975,0.6138521911580581,0.8697073678001572,0.13029263219984283,0.357997014515959,,,0.0020848346853314936,-0.00032130932873208895,0.00032130932873214446,0.004490978699395187,,,A2_group,1.015,1.005,0.975,Screened,fast metric pass; detailed slices computed for top candidates only
A2_group_1.015_1.005_0.980,0.6142662353062249,0.8698691485671909,0.13013085143280914,0.35866332204525886,,,0.002498878833498308,-0.00015952856169842988,0.00015952856169845764,0.005157286228695046,,,A2_group,1.015,1.005,0.98,Screened,fast metric pass; detailed slices computed for top candidates only
A2_group_1.015_1.005_0.985,0.6146818590898989,0.8700242594447886,0.12997574055521147,0.35933945873500933,,,0.0029145026171722987,-4.417684100754826e-06,4.417684100782582e-06,0.005833422918445519,,,A2_group,1.015,1.005,0.985,Screened,fast metric pass; detailed slices computed for top candidates only
A2_group_1.015_1.005_0.990,0.6150633616676469,0.8701735261742292,0.1298264738257708,0.35995319716106455,,,0.0032960051949202374,0.00014484904533984544,-0.0001448490453398732,0.00644716134450074,,,A2_group,1.015,1.005,0.99,Screened,fast metric pass; detailed slices computed for top candidates only
A2_group_1.015_1.005_0.995,0.6153247540784975,0.8703165789872561,0.12968342101274388,0.36033292916973886,,,0.0035573976057708956,0.0002879018583668014,-0.0002879018583668014,0.006826893353175045,,,A2_group,1.015,1.005,0.995,Screened,fast metric pass; detailed slices computed for top candidates only
A2_group_1.015_1.005_1.000,0.6155446046137731,0.8704522506676803,0.1295477493323197,0.3606369585598661,,,0.0037772481410465186,0.0004235735387909667,-0.00042357353879099446,0.007130922743302293,,,A2_group,1.015,1.005,1.0,Screened,fast metric pass; detailed slices computed for top candidates only
A2_group_1.015_1.005_1.005,0.6157313661131335,0.8705797077460526,0.12942029225394736,0.3608830244802144,,,0.003964009640406885,0.0005510306171633284,-0.0005510306171633284,0.007376988663650608,,,A2_group,1.015,1.005,1.005,Screened,fast metric pass; detailed slices computed for top candidates only
A2_group_1.015_1.005_1.010,0.616110076380386,0.87070048972685,0.12929951027314998,0.36151966303392186,,,0.0043427199076593315,0.0006718125979606748,-0.0006718125979607026,0.008013627217358044,,,A2_group,1.015,1.005,1.01,Screened,fast metric pass; detailed slices computed for top candidates only
A2_group_1.015_1.005_1.015,0.6163659313055675,0.8708145728058884,0.12918542719411163,0.3619172898052467,,,0.004598574832840874,0.0007858956769990488,-0.0007858956769990488,0.008411253988682865,,,A2_group,1.015,1.005,1.015,Screened,fast metric pass; detailed slices computed for top candidates only
A2_group_1.015_1.005_1.020,0.6164344227951428,0.8709220423892592,0.12907795761074078,0.3619468032010265,,,0.004667066322416202,0.0008933652603698716,-0.0008933652603698994,0.0084407673844627,,,A2_group,1.015,1.005,1.02,Screened,fast metric pass; detailed slices computed for top candidates only
A2_group_1.015_1.005_1.025,0.6168412016052677,0.871021754668946,0.12897824533105395,0.3626606485415893,,,0.005073845132541055,0.0009930775400567304,-0.0009930775400567304,0.00915461272502549,,,A2_group,1.015,1.005,1.025,Screened,fast metric pass; detailed slices computed for top candidates only
A2_group_1.015_1.005_1.030,0.6170283386194501,0.8711159108542414,0.12888408914575852,0.3629407663846586,,,0.005260982146723436,0.0010872337253521325,-0.0010872337253521602,0.009434730568094796,,,A2_group,1.015,1.005,1.03,Screened,fast metric pass; detailed slices computed for top candidates only
A2_group_1.015_1.010_0.970,0.6141662739173082,0.8695362442143327,0.13046375578566724,0.35879630362028364,,,0.0023989174445815387,-0.0004924329145565842,0.0004924329145565565,0.005290267803719828,,,A2_group,1.015,1.01,0.97,Screened,fast metric pass; detailed slices computed for top candidates only
A2_group_1.015_1.010_0.975,0.6143497986310974,0.8697060363206561,0.13029396367934382,0.3589935609415387,,,0.002582442158370779,-0.00032264080823318775,0.00032264080823313224,0.005487525124974912,,,A2_group,1.015,1.01,0.975,Screened,fast metric pass; detailed slices computed for top candidates only
A2_group_1.015_1.010_0.980,0.6147638427792642,0.8698678170876899,0.13013218291231013,0.3596598684708386,,,0.0029964863065375935,-0.00016086004119941766,0.00016086004119944541,0.006153832654274771,,,A2_group,1.015,1.01,0.98,Screened,fast metric pass; detailed slices computed for top candidates only
A2_group_1.015_1.010_0.985,0.6151794665629383,0.8700229279652876,0.12997707203471245,0.36033600516058906,,,0.003412110090211695,-5.749163601742602e-06,5.749163601770357e-06,0.006829969344025244,,,A2_group,1.015,1.01,0.985,Screened,fast metric pass; detailed slices computed for top candidates only
A2_group_1.015_1.010_0.990,0.6155609691406863,0.8701721946947282,0.1298278053052718,0.3609497435866443,,,0.003793612667959634,0.00014351756583885766,-0.00014351756583888542,0.0074437077700804655,,,A2_group,1.015,1.01,0.99,Screened,fast metric pass; detailed slices computed for top candidates only
A2_group_1.015_1.010_0.995,0.6158223615515369,0.8703152475077551,0.12968475249224487,0.36132947559531864,,,0.004055005078810292,0.0002865703788658136,-0.0002865703788658136,0.007823439778754826,,,A2_group,1.015,1.01,0.995,Screened,fast metric pass; detailed slices computed for top candidates only
A2_group_1.015_1.010_1.000,0.6160422120868125,0.8704509191881793,0.12954908081182068,0.3616335049854458,,,0.004274855614085915,0.00042224205928997893,-0.0004222420592900067,0.008127469168881962,,,A2_group,1.015,1.01,1.0,Screened,fast metric pass; detailed slices computed for top candidates only
A2_group_1.015_1.010_1.005,0.6162289735861729,0.8705783762665517,0.12942162373344834,0.3618795709057941,,,0.004461617113446281,0.0005496991376623406,-0.0005496991376623406,0.008373535089230277,,,A2_group,1.015,1.01,1.005,Screened,fast metric pass; detailed slices computed for top candidates only
A2_group_1.015_1.010_1.010,0.6166076838534252,0.870699158247349,0.12930084175265097,0.3625162094595015,,,0.004840327380698617,0.000670481118459687,-0.0006704811184597148,0.009010173642937713,,,A2_group,1.015,1.01,1.01,Screened,fast metric pass; detailed slices computed for top candidates only
A2_group_1.015_1.010_1.015,0.6168635387786069,0.8708132413263874,0.12918675867361262,0.3629138362308264,,,0.00509618230588027,0.0007845641974980611,-0.0007845641974980611,0.00940780041426259,,,A2_group,1.015,1.01,1.015,Screened,fast metric pass; detailed slices computed for top candidates only
A2_group_1.015_1.010_1.020,0.6169320302681822,0.8709207109097582,0.12907928909024177,0.3629433496266063,,,0.005164673795455599,0.0008920337808688839,-0.0008920337808689116,0.00943731381004248,,,A2_group,1.015,1.01,1.02,Screened,fast metric pass; detailed slices computed for top candidates only
A2_group_1.015_1.010_1.025,0.617338809078307,0.8710204231894451,0.12897957681055494,0.363657194967169,,,0.00557145260558034,0.0009917460605557427,-0.0009917460605557427,0.01015115915060516,,,A2_group,1.015,1.01,1.025,Screened,fast metric pass; detailed slices computed for top candidates only
A2_group_1.015_1.010_1.030,0.6175259460924893,0.8711145793747405,0.1288854206252595,0.36393731281023833,,,0.005758589619762722,0.0010859022458511447,-0.0010859022458511725,0.010431276993674521,,,A2_group,1.015,1.01,1.03,Screened,fast metric pass; detailed slices computed for top candidates only
A2_group_1.015_1.015_0.970,0.6148239225523625,0.8695132077721692,0.13048679222783072,0.36013463733255585,,,0.0030565660796358918,-0.0005154693567200885,0.000515469356720033,0.006628601515992039,,,A2_group,1.015,1.015,0.97,Screened,fast metric pass; detailed slices computed for top candidates only
A2_group_1.015_1.015_0.975,0.6150074472661519,0.8696829998784927,0.1303170001215073,0.36033189465381094,,,0.003240090793425243,-0.00034567725039658104,0.0003456772503966088,0.006825858837247123,,,A2_group,1.015,1.015,0.975,Screened,fast metric pass; detailed slices computed for top candidates only
A2_group_1.015_1.015_0.980,0.6154214914143186,0.8698447806455264,0.1301552193544736,0.3609982021831108,,,0.0036541349415919466,-0.00018389648336292197,0.00018389648336292197,0.007492166366546982,,,A2_group,1.015,1.015,0.98,Screened,fast metric pass; detailed slices computed for top candidates only
A2_group_1.015_1.015_0.985,0.6158371151979927,0.8699998915231241,0.13000010847687593,0.3616743388728612,,,0.004069758725266048,-2.8785605765246913e-05,2.8785605765246913e-05,0.008168303056297399,,,A2_group,1.015,1.015,0.985,Screened,fast metric pass; detailed slices computed for top candidates only
A2_group_1.015_1.015_0.990,0.6162186177757406,0.8701491582525648,0.12985084174743525,0.3622880772989165,,,0.004451261303013987,0.00012048112367546437,-0.00012048112367543662,0.008782041482352676,,,A2_group,1.015,1.015,0.99,Screened,fast metric pass; detailed slices computed for top candidates only
A2_group_1.015_1.015_0.995,0.6164800101865913,0.8702922110655916,0.12970778893440835,0.3626678093075908,,,0.004712653713864645,0.0002635339367023093,-0.00026353393670233705,0.009161773491026981,,,A2_group,1.015,1.015,0.995,Screened,fast metric pass; detailed slices computed for top candidates only
A2_group_1.015_1.015_1.000,0.616699860721867,0.8704278827460159,0.12957211725398413,0.36297183869771804,,,0.004932504249140379,0.00039920561712658564,-0.0003992056171265579,0.009465802881154228,,,A2_group,1.015,1.015,1.0,Screened,fast metric pass; detailed slices computed for top candidates only
A2_group_1.015_1.015_1.005,0.6168866222212273,0.8705553398243882,0.12944466017561182,0.36321790461806636,,,0.005119265748500634,0.0005266626954988363,-0.000526662695498864,0.009711868801502543,,,A2_group,1.015,1.015,1.005,Screened,fast metric pass; detailed slices computed for top candidates only
A2_group_1.015_1.015_1.010,0.6172653324884797,0.8706761218051856,0.12932387819481442,0.36385454317177374,,,0.005497976015753081,0.0006474446762962938,-0.000647444676296266,0.010348507355209924,,,A2_group,1.015,1.015,1.01,Screened,fast metric pass; detailed slices computed for top candidates only
A2_group_1.015_1.015_1.015,0.6175211874136612,0.8707902048842239,0.1292097951157761,0.36425216994309856,,,0.005753830940934623,0.0007615277553345567,-0.0007615277553345845,0.010746134126534745,,,A2_group,1.015,1.015,1.015,Screened,fast metric pass; detailed slices computed for top candidates only
A2_group_1.015_1.015_1.020,0.6175896789032367,0.8708976744675948,0.12910232553240522,0.36428168333887845,,,0.005822322430510063,0.0008689973387054906,-0.0008689973387054628,0.010775647522314635,,,A2_group,1.015,1.015,1.02,Screened,fast metric pass; detailed slices computed for top candidates only
A2_group_1.015_1.015_1.025,0.6179964577133614,0.8709973867472816,0.12900261325271842,0.36499552867944124,,,0.0062291012406348045,0.0009687096183922383,-0.0009687096183922661,0.011489492862877426,,,A2_group,1.015,1.015,1.025,Screened,fast metric pass; detailed slices computed for top candidates only
A2_group_1.015_1.015_1.030,0.6181835947275437,0.871091542932577,0.128908457067423,0.3652756465225105,,,0.006416238254817075,0.0010628658036876404,-0.001062865803687696,0.011769610705946676,,,A2_group,1.015,1.015,1.03,Screened,fast metric pass; detailed slices computed for top candidates only
A2_group_1.015_1.020_0.970,0.6151625434209902,0.869472576056377,0.13052742394362302,0.36085251078560354,,,0.0033951869482635733,-0.0005561010725123605,0.0005561010725123328,0.007346474969039729,,,A2_group,1.015,1.02,0.97,Screened,fast metric pass; detailed slices computed for top candidates only
A2_group_1.015_1.020_0.975,0.6153460681347795,0.8696423681627004,0.1303576318372996,0.3610497681068587,,,0.0035787116620529247,-0.00038630896618896404,0.00038630896618890853,0.007543732290294869,,,A2_group,1.015,1.02,0.975,Screened,fast metric pass; detailed slices computed for top candidates only
A2_group_1.015_1.020_0.980,0.6157601122829464,0.8698041489297341,0.1301958510702659,0.3617160756361586,,,0.003992755810219739,-0.00022452819915519395,0.0002245281991552217,0.008210039819594783,,,A2_group,1.015,1.02,0.98,Screened,fast metric pass; detailed slices computed for top candidates only
A2_group_1.015_1.020_0.985,0.6161757360666203,0.8699592598073318,0.13004074019266823,0.36239221232590896,,,0.00440837959389373,-6.94173215575189e-05,6.941732155754665e-05,0.008886176509345145,,,A2_group,1.015,1.02,0.985,Screened,fast metric pass; detailed slices computed for top candidates only
A2_group_1.015_1.020_0.990,0.6165572386443683,0.8701085265367724,0.12989147346322757,0.36300595075196423,,,0.004789882171641668,7.984940788308137e-05,-7.984940788310912e-05,0.009499914935400422,,,A2_group,1.015,1.02,0.99,Screened,fast metric pass; detailed slices computed for top candidates only
A2_group_1.015_1.020_0.995,0.616818631055219,0.8702515793497994,0.12974842065020065,0.36338568276063854,,,0.005051274582492327,0.0002229022209100373,-0.0002229022209100373,0.009879646944074727,,,A2_group,1.015,1.02,0.995,Screened,fast metric pass; detailed slices computed for top candidates only
A2_group_1.015_1.020_1.000,0.6170384815904946,0.8703872510302235,0.12961274896977645,0.3636897121507657,,,0.00527112511776795,0.00035857390133420264,-0.0003585739013342304,0.010183676334201863,,,A2_group,1.015,1.02,1.0,Screened,fast metric pass; detailed slices computed for top candidates only
A2_group_1.015_1.020_1.005,0.617225243089855,0.8705147081085959,0.12948529189140412,0.3639357780711141,,,0.005457886617128427,0.0004860309797065643,-0.0004860309797065643,0.01042974225455029,,,A2_group,1.015,1.02,1.005,Screened,fast metric pass; detailed slices computed for top candidates only
A2_group_1.015_1.020_1.010,0.6176039533571074,0.8706354900893932,0.12936450991060675,0.3645724166248215,,,0.0058365968843807625,0.0006068129605039108,-0.0006068129605039385,0.01106638080825767,,,A2_group,1.015,1.02,1.01,Screened,fast metric pass; detailed slices computed for top candidates only
A2_group_1.015_1.020_1.015,0.617859808282289,0.8707495731684316,0.1292504268315684,0.3649700433961464,,,0.006092451809562416,0.0007208960395422848,-0.0007208960395422848,0.011464007579582602,,,A2_group,1.015,1.02,1.015,Screened,fast metric pass; detailed slices computed for top candidates only
A2_group_1.015_1.020_1.020,0.6179282997718644,0.8708570427518024,0.12914295724819755,0.36499955679192625,,,0.006160943299137744,0.0008283656229131076,-0.0008283656229131353,0.011493520975362437,,,A2_group,1.015,1.02,1.02,Screened,fast metric pass; detailed slices computed for top candidates only
A2_group_1.015_1.020_1.025,0.6183350785819891,0.8709567550314893,0.12904324496851072,0.365713402132489,,,0.006567722109262486,0.0009280779025999664,-0.0009280779025999664,0.012207366315925172,,,A2_group,1.015,1.02,1.025,Screened,fast metric pass; detailed slices computed for top candidates only
A2_group_1.015_1.020_1.030,0.6185222155961715,0.8710509112167847,0.1289490887832153,0.36599351997555823,,,0.006754859123444867,0.0010222340878953684,-0.0010222340878953962,0.012487484158994422,,,A2_group,1.015,1.02,1.03,Screened,fast metric pass; detailed slices computed for top candidates only
A2_group_1.015_1.025_0.970,0.6151357051211657,0.8694157317146674,0.1305842682853326,0.36085567852766404,,,0.0033683486484390457,-0.0006129454142219659,0.0006129454142219104,0.007349642711100224,,,A2_group,1.015,1.025,0.97,Screened,fast metric pass; detailed slices computed for top candidates only
A2_group_1.015_1.025_0.975,0.615319229834955,0.8695855238209909,0.13041447617900917,0.3610529358489192,,,0.003551873362228397,-0.0004431533078984584,0.00044315330789848617,0.007546900032355364,,,A2_group,1.015,1.025,0.975,Screened,fast metric pass; detailed slices computed for top candidates only
A2_group_1.015_1.025_0.980,0.6157332739831218,0.8697473045880245,0.13025269541197548,0.36171924337821904,,,0.0039659175103952116,-0.00028137254086479935,0.00028137254086479935,0.008213207561655222,,,A2_group,1.015,1.025,0.98,Screened,fast metric pass; detailed slices computed for top candidates only
A2_group_1.015_1.025_0.985,0.6161488977667958,0.8699024154656222,0.1300975845343778,0.3623953800679695,,,0.004381541294069202,-0.0001262616632671243,0.0001262616632671243,0.008889344251405695,,,A2_group,1.015,1.025,0.985,Screened,fast metric pass; detailed slices computed for top candidates only
A2_group_1.015_1.025_0.990,0.6165304003445438,0.8700516821950629,0.12994831780493712,0.36300911849402473,,,0.004763043871817141,2.3005066173586997e-05,-2.300506617355924e-05,0.009503082677460917,,,A2_group,1.015,1.025,0.99,Screened,fast metric pass; detailed slices computed for top candidates only
A2_group_1.015_1.025_0.995,0.6167917927553944,0.8701947350080897,0.12980526499191022,0.36338885050269903,,,0.005024436282667799,0.0001660578792004319,-0.00016605787920045967,0.009882814686135222,,,A2_group,1.015,1.025,0.995,Screened,fast metric pass; detailed slices computed for top candidates only
A2_group_1.015_1.025_1.000,0.6170116432906702,0.870330406688514,0.129669593311486,0.3636928798928262,,,0.005244286817943533,0.00030172955962470827,-0.0003017295596246805,0.010186844076262414,,,A2_group,1.015,1.025,1.0,Screened,fast metric pass; detailed slices computed for top candidates only
A2_group_1.015_1.025_1.005,0.6171984047900304,0.8704578637668863,0.1295421362331137,0.36393894581317454,,,0.005431048317303788,0.0004291866379969589,-0.00042918663799698664,0.010432909996610729,,,A2_group,1.015,1.025,1.005,Screened,fast metric pass; detailed slices computed for top candidates only
A2_group_1.015_1.025_1.010,0.6175771150572829,0.8705786457476837,0.1294213542523163,0.3645755843668819,,,0.005809758584556235,0.0005499686187944164,-0.0005499686187943886,0.011069548550318109,,,A2_group,1.015,1.025,1.01,Screened,fast metric pass; detailed slices computed for top candidates only
A2_group_1.015_1.025_1.015,0.6178329699824644,0.870692728826722,0.12930727117327798,0.36497321113820685,,,0.006065613509737777,0.0006640516978326794,-0.0006640516978327071,0.011467175321643042,,,A2_group,1.015,1.025,1.015,Screened,fast metric pass; detailed slices computed for top candidates only
A2_group_1.015_1.025_1.020,0.6179014614720398,0.8708001984100929,0.1291998015899071,0.3650027245339867,,,0.006134104999313217,0.0007715212812036132,-0.0007715212812035854,0.011496688717422876,,,A2_group,1.015,1.025,1.02,Screened,fast metric pass; detailed slices computed for top candidates only
A2_group_1.015_1.025_1.025,0.6183082402821646,0.8708999106897797,0.1291000893102203,0.3657165698745494,,,0.0065408838094379584,0.000871233560890361,-0.0008712335608903887,0.012210534057985611,,,A2_group,1.015,1.025,1.025,Screened,fast metric pass; detailed slices computed for top candidates only
A2_group_1.015_1.025_1.030,0.618495377296347,0.8709940668750751,0.12900593312492487,0.3659966877176188,,,0.00672802082362034,0.000965389746185763,-0.0009653897461858185,0.012490651901054972,,,A2_group,1.015,1.025,1.03,Screened,fast metric pass; detailed slices computed for top candidates only
A2_group_1.015_1.030_0.970,0.6153742675600555,0.8693449264676797,0.13065507353232028,0.36140360865243126,,,0.0036069110873289123,-0.0006837506612096256,0.0006837506612095978,0.00789757283586745,,,A2_group,1.015,1.03,0.97,Screened,fast metric pass; detailed slices computed for top candidates only
A2_group_1.015_1.030_0.975,0.6155577922738448,0.8695147185740032,0.13048528142599683,0.3616008659736863,,,0.0037904358011181527,-0.0005139585548861181,0.0005139585548861458,0.008094830157122479,,,A2_group,1.015,1.03,0.975,Screened,fast metric pass; detailed slices computed for top candidates only
A2_group_1.015_1.030_0.980,0.6159718364220115,0.8696764993410369,0.13032350065896317,0.36226717350298615,,,0.004204479949284856,-0.000352177787852459,0.00035217778785248677,0.008761137686422338,,,A2_group,1.015,1.03,0.98,Screened,fast metric pass; detailed slices computed for top candidates only
A2_group_1.015_1.030_0.985,0.6163874602056856,0.8698316102186345,0.13016838978136547,0.3629433101927366,,,0.004620103732958958,-0.00019706691025478396,0.00019706691025478396,0.00943727437617281,,,A2_group,1.015,1.03,0.985,Screened,fast metric pass; detailed slices computed for top candidates only
A2_group_1.015_1.030_0.990,0.6167689627834335,0.8699808769480752,0.1300191230519248,0.36355704861879184,,,0.005001606310706896,-4.780018081407267e-05,4.780018081412818e-05,0.010051012802228032,,,A2_group,1.015,1.03,0.99,Screened,fast metric pass; detailed slices computed for top candidates only
A2_group_1.015_1.030_0.995,0.6170303551942842,0.8701239297611021,0.12987607023889788,0.3639367806274662,,,0.005262998721557555,9.525263221277225e-05,-9.52526322128e-05,0.010430744810902393,,,A2_group,1.015,1.03,0.995,Screened,fast metric pass; detailed slices computed for top candidates only
A2_group_1.015_1.030_1.000,0.6172502057295598,0.8702596014415263,0.12974039855847372,0.3642408100175934,,,0.005482849256833178,0.00023092431263693758,-0.00023092431263696533,0.010734774201029584,,,A2_group,1.015,1.03,1.0,Screened,fast metric pass; detailed slices computed for top candidates only
A2_group_1.015_1.030_1.005,0.6174369672289202,0.8703870585198986,0.12961294148010138,0.36448687593794177,,,0.005669610756193544,0.0003583813910092992,-0.0003583813910092992,0.010980840121377955,,,A2_group,1.015,1.03,1.005,Screened,fast metric pass; detailed slices computed for top candidates only
A2_group_1.015_1.030_1.010,0.6178156774961726,0.8705078405006961,0.12949215949930395,0.36512351449164915,,,0.0060483210234459905,0.0004791633718067567,-0.00047916337180672897,0.011617478675085335,,,A2_group,1.015,1.03,1.01,Screened,fast metric pass; detailed slices computed for top candidates only
A2_group_1.015_1.030_1.015,0.6180715324213542,0.8706219235797343,0.12937807642026564,0.36552114126297397,,,0.006304175948627533,0.0005932464508450197,-0.0005932464508450475,0.012015105446410157,,,A2_group,1.015,1.03,1.015,Screened,fast metric pass; detailed slices computed for top candidates only
A2_group_1.015_1.030_1.020,0.6181400239109296,0.8707293931631053,0.12927060683689476,0.36555065465875386,,,0.0063726674382029724,0.0007007160342159535,-0.0007007160342159258,0.012044618842190047,,,A2_group,1.015,1.03,1.02,Screened,fast metric pass; detailed slices computed for top candidates only
A2_group_1.015_1.030_1.025,0.6185468027210543,0.870829105442792,0.12917089455720798,0.3662644999993166,,,0.006779446248327714,0.0008004283139027013,-0.0008004283139027013,0.012758464182752782,,,A2_group,1.015,1.03,1.025,Screened,fast metric pass; detailed slices computed for top candidates only
A2_group_1.015_1.030_1.030,0.6187339397352367,0.8709232616280874,0.12907673837191255,0.3665446178423859,,,0.006966583262510095,0.0008945844991981033,-0.0008945844991981311,0.013038582025822087,,,A2_group,1.015,1.03,1.03,Screened,fast metric pass; detailed slices computed for top candidates only
A2_group_1.020_0.970_0.970,0.6086142440554138,0.8691507492197383,0.1308492507802617,0.3480777388910892,,,-0.0031531124173128644,-0.0008779279091509773,0.000877927909151005,-0.0054282969254746405,,,A2_group,1.02,0.97,0.97,Screened,fast metric pass; detailed slices computed for top candidates only
A2_group_1.020_0.970_0.975,0.608797768769203,0.8693205413260617,0.13067945867393826,0.3482749962123443,,,-0.002969587703523624,-0.0007081358028275808,0.0007081358028275808,-0.005231039604219501,,,A2_group,1.02,0.97,0.975,Screened,fast metric pass; detailed slices computed for top candidates only
A2_group_1.020_0.970_0.980,0.6092118129173698,0.8694823220930954,0.1305176779069046,0.3489413037416442,,,-0.0025555435553568095,-0.0005463550357939218,0.0005463550357939218,-0.004564732074919586,,,A2_group,1.02,0.97,0.98,Screened,fast metric pass; detailed slices computed for top candidates only
A2_group_1.020_0.970_0.985,0.6096274367010438,0.8696374329706931,0.1303625670293069,0.3496174404313946,,,-0.002139919771682819,-0.0003912441581962467,0.00039124415819621894,-0.0038885953851692245,,,A2_group,1.02,0.97,0.985,Screened,fast metric pass; detailed slices computed for top candidates only
A2_group_1.020_0.970_0.990,0.6100089392787919,0.8697866997001338,0.13021330029986625,0.35023117885744987,,,-0.0017584171939347693,-0.0002419774287555354,0.00024197742875556316,-0.0032748569591139476,,,A2_group,1.02,0.97,0.99,Screened,fast metric pass; detailed slices computed for top candidates only
A2_group_1.020_0.970_0.995,0.6102703316896425,0.8699297525131607,0.1300702474868393,0.35061091086612417,,,-0.001497024783084111,-9.892461572857947e-05,9.892461572860722e-05,-0.0028951249504396426,,,A2_group,1.02,0.97,0.995,Screened,fast metric pass; detailed slices computed for top candidates only
A2_group_1.020_0.970_1.000,0.6104901822249181,0.8700654241935849,0.12993457580641513,0.3509149402562513,,,-0.001277174247808488,3.674706469558586e-05,-3.674706469555811e-05,-0.0025910955603125063,,,A2_group,1.02,0.97,1.0,Screened,fast metric pass; detailed slices computed for top candidates only
A2_group_1.020_0.970_1.005,0.6106769437242785,0.8701928812719572,0.12980711872804282,0.35116100617659973,,,-0.0010904127484481219,0.00016420414306783648,-0.00016420414306786424,-0.00234502963996408,,,A2_group,1.02,0.97,1.005,Screened,fast metric pass; detailed slices computed for top candidates only
A2_group_1.020_0.970_1.010,0.6110556539915308,0.8703136632527546,0.1296863367472454,0.3517976447303071,,,-0.0007117024811957862,0.000284986123865294,-0.000284986123865294,-0.0017083910862566998,,,A2_group,1.02,0.97,1.01,Screened,fast metric pass; detailed slices computed for top candidates only
A2_group_1.020_0.970_1.015,0.6113115089167125,0.8704277463317929,0.12957225366820707,0.35219527150163205,,,-0.00045584755601413285,0.00039906920290355696,-0.0003990692029036125,-0.0013107643149317671,,,A2_group,1.02,0.97,1.015,Screened,fast metric pass; detailed slices computed for top candidates only
A2_group_1.020_0.970_1.020,0.6113800004062878,0.8705352159151638,0.1294647840848362,0.3522247848974119,,,-0.00038735606643880427,0.0005065387862744908,-0.0005065387862744908,-0.0012812509191519328,,,A2_group,1.02,0.97,1.02,Screened,fast metric pass; detailed slices computed for top candidates only
A2_group_1.020_0.970_1.025,0.6117867792164126,0.8706349281948506,0.12936507180514942,0.3529386302379746,,,1.9422743685937327e-05,0.0006062510659612386,-0.0006062510659612663,-0.0005674055785891974,,,A2_group,1.02,0.97,1.025,Screened,fast metric pass; detailed slices computed for top candidates only
A2_group_1.020_0.970_1.030,0.6119739162305949,0.8707290843801461,0.12927091561985396,0.35321874808104387,,,0.0002065597578683187,0.0007004072512567516,-0.0007004072512567239,-0.0002872877355199477,,,A2_group,1.02,0.97,1.03,Screened,fast metric pass; detailed slices computed for top candidates only
A2_group_1.020_0.975_0.970,0.6101132108536684,0.8692729507823428,0.13072704921765724,0.3509534709249942,,,-0.0016541456190581894,-0.0007557263465465258,0.0007557263465465536,-0.002552564891569631,,,A2_group,1.02,0.975,0.97,Screened,fast metric pass; detailed slices computed for top candidates only
A2_group_1.020_0.975_0.975,0.6102967355674578,0.8694427428886662,0.13055725711133379,0.3511507282462493,,,-0.001470620905268838,-0.0005859342402231293,0.0005859342402231016,-0.002355307570314491,,,A2_group,1.02,0.975,0.975,Screened,fast metric pass; detailed slices computed for top candidates only
A2_group_1.020_0.975_0.980,0.6107107797156245,0.8696045236556998,0.13039547634430013,0.3518170357755492,,,-0.0010565767571021345,-0.0004241534731894703,0.0004241534731894425,-0.0016890000410146322,,,A2_group,1.02,0.975,0.98,Screened,fast metric pass; detailed slices computed for top candidates only
A2_group_1.020_0.975_0.985,0.6111264034992986,0.8697596345332975,0.13024036546670245,0.3524931724652996,,,-0.0006409529734280328,-0.0002690425955917952,0.00026904259559176746,-0.001012863351264215,,,A2_group,1.02,0.975,0.985,Screened,fast metric pass; detailed slices computed for top candidates only
A2_group_1.020_0.975_0.990,0.6115079060770465,0.8699089012627382,0.13009109873726177,0.3531069108913549,,,-0.0002594503956800942,-0.00011977586615108393,0.00011977586615108393,-0.00039912492520893794,,,A2_group,1.02,0.975,0.99,Screened,fast metric pass; detailed slices computed for top candidates only
A2_group_1.020_0.975_0.995,0.6117692984878972,0.8700519540757652,0.12994804592423484,0.3534866429000292,,,1.9420151705640265e-06,2.3276946875872007e-05,-2.327694687584425e-05,-1.939291653463293e-05,,,A2_group,1.02,0.975,0.995,Screened,fast metric pass; detailed slices computed for top candidates only
A2_group_1.020_0.975_1.000,0.6119891490231728,0.8701876257561894,0.12981237424381065,0.3537906722901563,,,0.00022179255044618706,0.00015894862730003734,-0.00015894862730003734,0.0002846364735925033,,,A2_group,1.02,0.975,1.0,Screened,fast metric pass; detailed slices computed for top candidates only
A2_group_1.020_0.975_1.005,0.6121759105225332,0.8703150828345617,0.1296849171654383,0.3540367382105047,,,0.0004085540498065532,0.000286405705672399,-0.0002864057056723712,0.0005307023939408739,,,A2_group,1.02,0.975,1.005,Screened,fast metric pass; detailed slices computed for top candidates only
A2_group_1.020_0.975_1.010,0.6125546207897856,0.8704358648153591,0.12956413518464094,0.35467337676421207,,,0.0007872643170589999,0.00040718768646974546,-0.00040718768646974546,0.0011673409476482544,,,A2_group,1.02,0.975,1.01,Screened,fast metric pass; detailed slices computed for top candidates only
A2_group_1.020_0.975_1.015,0.6128104757149672,0.8705499478943974,0.1294500521056026,0.35507100353553694,,,0.0010431192422405422,0.0005212707655081195,-0.0005212707655080917,0.0015649677189731315,,,A2_group,1.02,0.975,1.015,Screened,fast metric pass; detailed slices computed for top candidates only
A2_group_1.020_0.975_1.020,0.6128789672045425,0.8706574174777683,0.12934258252223174,0.35510051693131683,,,0.0011116107318158708,0.0006287403488789423,-0.0006287403488789423,0.0015944811147530213,,,A2_group,1.02,0.975,1.02,Screened,fast metric pass; detailed slices computed for top candidates only
A2_group_1.020_0.975_1.025,0.6132857460146673,0.8707571297574551,0.1292428702425449,0.3558143622718795,,,0.0015183895419407234,0.0007284526285658011,-0.0007284526285657733,0.0023083264553157012,,,A2_group,1.02,0.975,1.025,Screened,fast metric pass; detailed slices computed for top candidates only
A2_group_1.020_0.975_1.030,0.6134728830288497,0.8708512859427505,0.1291487140572495,0.3560944801149489,,,0.0017055265561231048,0.0008226088138612031,-0.0008226088138611753,0.002588444298385062,,,A2_group,1.02,0.975,1.03,Screened,fast metric pass; detailed slices computed for top candidates only
A2_group_1.020_0.980_0.970,0.6109267808057043,0.8693789023982899,0.13062109760171017,0.3524746592131187,,,-0.0008405756670223363,-0.0006497747305994617,0.0006497747305994894,-0.0010313766034451,,,A2_group,1.02,0.98,0.97,Screened,fast metric pass; detailed slices computed for top candidates only
A2_group_1.020_0.980_0.975,0.6111103055194935,0.8695486945046133,0.13045130549538672,0.35267191653437374,,,-0.0006570509532330959,-0.0004799826242760652,0.00047998262427603744,-0.0008341192821900711,,,A2_group,1.02,0.98,0.975,Screened,fast metric pass; detailed slices computed for top candidates only
A2_group_1.020_0.980_0.980,0.6115243496676602,0.8697104752716469,0.13028952472835306,0.3533382240636736,,,-0.0002430068050663925,-0.00031820185724240613,0.00031820185724237837,-0.00016781175289021233,,,A2_group,1.02,0.98,0.98,Screened,fast metric pass; detailed slices computed for top candidates only
A2_group_1.020_0.980_0.985,0.6119399734513343,0.8698655861492446,0.1301344138507554,0.3540143607534241,,,0.0001726169786077092,-0.00016309097964473107,0.00016309097964470332,0.0005083249368602605,,,A2_group,1.02,0.98,0.985,Screened,fast metric pass; detailed slices computed for top candidates only
A2_group_1.020_0.980_0.990,0.6123214760290823,0.8700148528786853,0.1299851471213147,0.3546280991794793,,,0.0005541195563556478,-1.3824250204019783e-05,1.3824250204019783e-05,0.001122063362915482,,,A2_group,1.02,0.98,0.99,Screened,fast metric pass; detailed slices computed for top candidates only
A2_group_1.020_0.980_0.995,0.6125828684399329,0.8701579056917123,0.12984209430828778,0.35500783118815366,,,0.000815511967206306,0.00012922856282293615,-0.0001292285628229084,0.0015017953715898424,,,A2_group,1.02,0.98,0.995,Screened,fast metric pass; detailed slices computed for top candidates only
A2_group_1.020_0.980_1.000,0.6128027189752087,0.8702935773721364,0.12970642262786358,0.35531186057828085,,,0.00103536250248204,0.0002649002432471015,-0.0002649002432471015,0.0018058247617170342,,,A2_group,1.02,0.98,1.0,Screened,fast metric pass; detailed slices computed for top candidates only
A2_group_1.020_0.980_1.005,0.612989480474569,0.8704210344505088,0.12957896554949125,0.3555579264986292,,,0.0012221240018424062,0.00039235732161946313,-0.0003923573216194354,0.002051890682065405,,,A2_group,1.02,0.98,1.005,Screened,fast metric pass; detailed slices computed for top candidates only
A2_group_1.020_0.980_1.010,0.6133681907418214,0.8705418164313061,0.12945818356869387,0.3561945650523366,,,0.001600834269094742,0.0005131393024168096,-0.0005131393024168096,0.0026885292357727852,,,A2_group,1.02,0.98,1.01,Screened,fast metric pass; detailed slices computed for top candidates only
A2_group_1.020_0.980_1.015,0.613624045667003,0.8706558995103445,0.12934410048965553,0.3565921918236614,,,0.0018566891942763952,0.0006272223814551836,-0.0006272223814551559,0.003086156007097607,,,A2_group,1.02,0.98,1.015,Screened,fast metric pass; detailed slices computed for top candidates only
A2_group_1.020_0.980_1.020,0.6136925371565783,0.8707633690937153,0.12923663090628468,0.3566217052194413,,,0.0019251806838517238,0.0007346919648260064,-0.0007346919648260064,0.0031156694028774967,,,A2_group,1.02,0.98,1.02,Screened,fast metric pass; detailed slices computed for top candidates only
A2_group_1.020_0.980_1.025,0.6140993159667031,0.8708630813734022,0.12913691862659785,0.35733555056000404,,,0.0023319594939764654,0.0008344042445128652,-0.0008344042445128375,0.003829514743440232,,,A2_group,1.02,0.98,1.025,Screened,fast metric pass; detailed slices computed for top candidates only
A2_group_1.020_0.980_1.030,0.6142864529808855,0.8709572375586976,0.12904276244130244,0.35761566840307335,,,0.0025190965081588468,0.0009285604298082673,-0.0009285604298082395,0.004109632586509537,,,A2_group,1.02,0.98,1.03,Screened,fast metric pass; detailed slices computed for top candidates only
A2_group_1.020_0.985_0.970,0.6116804648440194,0.8694668428332553,0.13053315716674474,0.3538940868547836,,,-8.689162870723077e-05,-0.0005618342956340561,0.0005618342956340561,0.00038805103821976106,,,A2_group,1.02,0.985,0.97,Screened,fast metric pass; detailed slices computed for top candidates only
A2_group_1.020_0.985_0.975,0.6118639895578086,0.8696366349395787,0.13036336506042132,0.35409134417603866,,,9.663308508200963e-05,-0.0003920421893106596,0.00039204218931063184,0.0005853083594748454,,,A2_group,1.02,0.985,0.975,Screened,fast metric pass; detailed slices computed for top candidates only
A2_group_1.020_0.985_0.980,0.6122780337059754,0.8697984157066123,0.13020158429338763,0.3547576517053385,,,0.0005106772332488241,-0.00023026142227700053,0.00023026142227694502,0.0012516158887747042,,,A2_group,1.02,0.985,0.98,Screened,fast metric pass; detailed slices computed for top candidates only
A2_group_1.020_0.985_0.985,0.6126936574896495,0.8699535265842101,0.13004647341578993,0.35543378839508893,,,0.0009263010169229258,-7.515054467921445e-05,7.51505446792422e-05,0.0019277525785251215,,,A2_group,1.02,0.985,0.985,Screened,fast metric pass; detailed slices computed for top candidates only
A2_group_1.020_0.985_0.990,0.6130751600673975,0.8701027933136507,0.12989720668634927,0.3560475268211442,,,0.0013078035946708644,7.411618476138582e-05,-7.411618476141357e-05,0.0025414910045803984,,,A2_group,1.02,0.985,0.99,Screened,fast metric pass; detailed slices computed for top candidates only
A2_group_1.020_0.985_0.995,0.6133365524782481,0.8702458461266777,0.12975415387332234,0.3564272588298185,,,0.0015691960055215226,0.00021716899778834176,-0.00021716899778834176,0.0029212230132547035,,,A2_group,1.02,0.985,0.995,Screened,fast metric pass; detailed slices computed for top candidates only
A2_group_1.020_0.985_1.000,0.6135564030135238,0.8703815178071018,0.12961848219289815,0.35673128821994576,,,0.0017890465407971456,0.0003528406782125071,-0.00035284067821253484,0.0032252524033819507,,,A2_group,1.02,0.985,1.0,Screened,fast metric pass; detailed slices computed for top candidates only
A2_group_1.020_0.985_1.005,0.6137431645128841,0.8705089748854742,0.12949102511452584,0.3569773541402941,,,0.0019758080401575118,0.00048029775658486873,-0.000480297756584841,0.003471318323730266,,,A2_group,1.02,0.985,1.005,Screened,fast metric pass; detailed slices computed for top candidates only
A2_group_1.020_0.985_1.010,0.6141218747801365,0.8706297568662715,0.12937024313372844,0.35761399269400146,,,0.0023545183074098475,0.0006010797373822152,-0.000601079737382243,0.004107956877437646,,,A2_group,1.02,0.985,1.01,Screened,fast metric pass; detailed slices computed for top candidates only
A2_group_1.020_0.985_1.015,0.6143777297053181,0.8707438399453099,0.1292561600546901,0.3580116194653263,,,0.0026103732325915008,0.0007151628164205892,-0.0007151628164205892,0.004505583648762468,,,A2_group,1.02,0.985,1.015,Screened,fast metric pass; detailed slices computed for top candidates only
A2_group_1.020_0.985_1.020,0.6144462211948934,0.8708513095286807,0.12914869047131924,0.35804113286110617,,,0.0026788647221668294,0.000822632399791412,-0.0008226323997914398,0.004535097044542358,,,A2_group,1.02,0.985,1.02,Screened,fast metric pass; detailed slices computed for top candidates only
A2_group_1.020_0.985_1.025,0.6148530000050183,0.8709510218083676,0.12904897819163244,0.35875497820166896,,,0.003085643532291682,0.0009223446794782708,-0.0009223446794782431,0.005248942385105149,,,A2_group,1.02,0.985,1.025,Screened,fast metric pass; detailed slices computed for top candidates only
A2_group_1.020_0.985_1.030,0.6150401370192006,0.871045177993663,0.128954822006337,0.3590350960447382,,,0.0032727805464739523,0.0010165008647736729,-0.0010165008647736729,0.005529060228174398,,,A2_group,1.02,0.985,1.03,Screened,fast metric pass; detailed slices computed for top candidates only
A2_group_1.020_0.990_0.970,0.61269963086164,0.8695384724860875,0.13046152751391252,0.3558607892371925,,,0.0009322743889134122,-0.0004902046428018059,0.0004902046428018336,0.0023547534206286858,,,A2_group,1.02,0.99,0.97,Screened,fast metric pass; detailed slices computed for top candidates only
A2_group_1.020_0.990_0.975,0.6128831555754293,0.8697082645924109,0.1302917354075891,0.3560580465584475,,,0.0011157991027026526,-0.0003204125364784094,0.0003204125364784094,0.0025520107418837146,,,A2_group,1.02,0.99,0.975,Screened,fast metric pass; detailed slices computed for top candidates only
A2_group_1.020_0.990_0.980,0.613297199723596,0.8698700453594446,0.13012995464055543,0.3567243540877474,,,0.001529843250869356,-0.00015863176944475033,0.00015863176944475033,0.0032183182711835734,,,A2_group,1.02,0.99,0.98,Screened,fast metric pass; detailed slices computed for top candidates only
A2_group_1.020_0.990_0.985,0.6137128235072701,0.8700251562370422,0.12997484376295773,0.35740049077749786,,,0.0019454670345434577,-3.5208918470752693e-06,3.5208918470475137e-06,0.003894454960934046,,,A2_group,1.02,0.99,0.985,Screened,fast metric pass; detailed slices computed for top candidates only
A2_group_1.020_0.990_0.990,0.614094326085018,0.870174422966483,0.12982557703351708,0.3580142292035531,,,0.0023269696122913963,0.00014574583759363602,-0.00014574583759360826,0.004508193386989268,,,A2_group,1.02,0.99,0.99,Screened,fast metric pass; detailed slices computed for top candidates only
A2_group_1.020_0.990_0.995,0.6143557184958687,0.8703174757795099,0.12968252422049012,0.3583939612122274,,,0.0025883620231420545,0.00028879865062059196,-0.0002887986506205642,0.004887925395663573,,,A2_group,1.02,0.99,0.995,Screened,fast metric pass; detailed slices computed for top candidates only
A2_group_1.020_0.990_1.000,0.6145755690311443,0.8704531474599341,0.12954685254006595,0.35869799060235463,,,0.0028082125584176776,0.0004244703310447573,-0.00042447033104472953,0.00519195478579082,,,A2_group,1.02,0.99,1.0,Screened,fast metric pass; detailed slices computed for top candidates only
A2_group_1.020_0.990_1.005,0.6147623305305047,0.8705806045383063,0.12941939546169365,0.35894405652270295,,,0.0029949740577780437,0.0005519274094170079,-0.0005519274094170357,0.005438020706139135,,,A2_group,1.02,0.99,1.005,Screened,fast metric pass; detailed slices computed for top candidates only
A2_group_1.020_0.990_1.010,0.6151410407977571,0.8707013865191038,0.12929861348089622,0.3595806950764104,,,0.0033736843250304904,0.0006727093902144654,-0.0006727093902144654,0.006074659259846571,,,A2_group,1.02,0.99,1.01,Screened,fast metric pass; detailed slices computed for top candidates only
A2_group_1.020_0.990_1.015,0.6153968957229387,0.870815469598142,0.1291845304018579,0.3599783218477352,,,0.0036295392502120327,0.0007867924692527284,-0.0007867924692527839,0.0064722860311713926,,,A2_group,1.02,0.99,1.015,Screened,fast metric pass; detailed slices computed for top candidates only
A2_group_1.020_0.990_1.020,0.615465387212514,0.870922939181513,0.12907706081848702,0.36000783524351504,,,0.0036980307397873613,0.0008942620526236622,-0.0008942620526236622,0.006501799426951227,,,A2_group,1.02,0.99,1.02,Screened,fast metric pass; detailed slices computed for top candidates only
A2_group_1.020_0.990_1.025,0.6158721660226387,0.8710226514611997,0.12897734853880025,0.36072168058407783,,,0.004104809549912103,0.00099397433231041,-0.0009939743323104377,0.007215644767514018,,,A2_group,1.02,0.99,1.025,Screened,fast metric pass; detailed slices computed for top candidates only
A2_group_1.020_0.990_1.030,0.6160593030368212,0.8711168076464952,0.1288831923535048,0.36100179842714714,,,0.004291946564094595,0.001088130517605923,-0.0010881305176058953,0.007495762610583323,,,A2_group,1.02,0.99,1.03,Screened,fast metric pass; detailed slices computed for top candidates only
A2_group_1.020_0.995_0.970,0.6134021110916676,0.8695910956725447,0.13040890432745533,0.3572131265107907,,,0.0016347546189410256,-0.00043758145634464896,0.00043758145634464896,0.0037070906942268667,,,A2_group,1.02,0.995,0.97,Screened,fast metric pass; detailed slices computed for top candidates only
A2_group_1.020_0.995_0.975,0.6135856358054569,0.8697608877788681,0.1302391122211319,0.3574103838320457,,,0.001818279332730266,-0.0002677893500212525,0.0002677893500212247,0.0039043480154818955,,,A2_group,1.02,0.995,0.975,Screened,fast metric pass; detailed slices computed for top candidates only
A2_group_1.020_0.995_0.980,0.6139996799536236,0.8699226685459017,0.13007733145409825,0.35807669136134557,,,0.0022323234808969694,-0.00010600858298759341,0.00010600858298756566,0.004570655544781754,,,A2_group,1.02,0.995,0.98,Screened,fast metric pass; detailed slices computed for top candidates only
A2_group_1.020_0.995_0.985,0.6144153037372978,0.8700777794234995,0.12992222057650055,0.35875282805109604,,,0.002647947264571182,4.9102294610192665e-05,-4.9102294610137154e-05,0.005246792234532227,,,A2_group,1.02,0.995,0.985,Screened,fast metric pass; detailed slices computed for top candidates only
A2_group_1.020_0.995_0.990,0.6147968063150457,0.8702270461529401,0.1297729538470599,0.35936656647715126,,,0.0030294498423191207,0.00019836902405079293,-0.00019836902405079293,0.0058605306605874485,,,A2_group,1.02,0.995,0.99,Screened,fast metric pass; detailed slices computed for top candidates only
A2_group_1.020_0.995_0.995,0.6150581987258963,0.8703700989659671,0.12962990103403296,0.35974629848582557,,,0.003290842253169668,0.00034142183707774887,-0.0003414218370777211,0.0062402626692617535,,,A2_group,1.02,0.995,0.995,Screened,fast metric pass; detailed slices computed for top candidates only
A2_group_1.020_0.995_1.000,0.615278049261172,0.8705057706463912,0.12949422935360877,0.3600503278759528,,,0.003510692788445402,0.0004770935175019142,-0.0004770935175019142,0.006544292059389001,,,A2_group,1.02,0.995,1.0,Screened,fast metric pass; detailed slices computed for top candidates only
A2_group_1.020_0.995_1.005,0.6154648107605324,0.8706332277247636,0.12936677227523644,0.36029639379630113,,,0.003697454287805768,0.0006045505958742758,-0.0006045505958742481,0.006790357979737316,,,A2_group,1.02,0.995,1.005,Screened,fast metric pass; detailed slices computed for top candidates only
A2_group_1.020_0.995_1.010,0.6158435210277847,0.8707540097055609,0.12924599029443903,0.36093303235000856,,,0.004076164555058104,0.0007253325766716223,-0.0007253325766716501,0.007426996533444752,,,A2_group,1.02,0.995,1.01,Screened,fast metric pass; detailed slices computed for top candidates only
A2_group_1.020_0.995_1.015,0.6160993759529664,0.8708680927845993,0.12913190721540072,0.3613306591213334,,,0.004332019480239757,0.0008394156557099963,-0.0008394156557099686,0.007824623304769573,,,A2_group,1.02,0.995,1.015,Screened,fast metric pass; detailed slices computed for top candidates only
A2_group_1.020_0.995_1.020,0.6161678674425417,0.8709755623679701,0.12902443763202984,0.3613601725171132,,,0.004400510969815086,0.0009468852390808191,-0.0009468852390808469,0.007854136700549408,,,A2_group,1.02,0.995,1.02,Screened,fast metric pass; detailed slices computed for top candidates only
A2_group_1.020_0.995_1.025,0.6165746462526664,0.871075274647657,0.12892472535234303,0.362074017857676,,,0.004807289779939827,0.001046597518767678,-0.0010465975187676502,0.008567982041112199,,,A2_group,1.02,0.995,1.025,Screened,fast metric pass; detailed slices computed for top candidates only
A2_group_1.020_0.995_1.030,0.6167617832668488,0.8711694308329524,0.1288305691670476,0.3623541357007453,,,0.004994426794122209,0.00114075370406308,-0.00114075370406308,0.008848099884181504,,,A2_group,1.02,0.995,1.03,Screened,fast metric pass; detailed slices computed for top candidates only
A2_group_1.020_1.000_0.970,0.614122990264721,0.8696276483850519,0.1303723516149481,0.35861833214438993,,,0.002355633791994327,-0.00040102874383740605,0.00040102874383740605,0.005112296327826116,,,A2_group,1.02,1.0,0.97,Screened,fast metric pass; detailed slices computed for top candidates only
A2_group_1.020_1.000_0.975,0.6143065149785102,0.8697974404913753,0.13020255950862467,0.358815589465645,,,0.0025391585057835675,-0.00023123663751400958,0.00023123663751398182,0.0053095536490812,,,A2_group,1.02,1.0,0.975,Screened,fast metric pass; detailed slices computed for top candidates only
A2_group_1.020_1.000_0.980,0.6147205591266769,0.869959221258409,0.130040778741591,0.35948189699494487,,,0.002953202653950271,-6.945587048035051e-05,6.945587048032276e-05,0.005975861178381059,,,A2_group,1.02,1.0,0.98,Screened,fast metric pass; detailed slices computed for top candidates only
A2_group_1.020_1.000_0.985,0.615136182910351,0.8701143321360068,0.12988566786399328,0.3601580336846953,,,0.0033688264376243726,8.565500711743557e-05,-8.565500711740781e-05,0.006651997868131476,,,A2_group,1.02,1.0,0.985,Screened,fast metric pass; detailed slices computed for top candidates only
A2_group_1.020_1.000_0.990,0.6155176854880989,0.8702635988654474,0.12973640113455262,0.36077177211075057,,,0.0037503290153723112,0.00023492173655803583,-0.0002349217365580636,0.007265736294186753,,,A2_group,1.02,1.0,0.99,Screened,fast metric pass; detailed slices computed for top candidates only
A2_group_1.020_1.000_0.995,0.6157790778989496,0.8704066516784743,0.1295933483215257,0.36115150411942487,,,0.0040117214262229695,0.00037797454958499177,-0.00037797454958499177,0.007645468302861058,,,A2_group,1.02,1.0,0.995,Screened,fast metric pass; detailed slices computed for top candidates only
A2_group_1.020_1.000_1.000,0.6159989284342253,0.8705423233588985,0.12945767664110153,0.3614555335095521,,,0.0042315719614987035,0.0005136462300091571,-0.0005136462300091571,0.007949497692988305,,,A2_group,1.02,1.0,1.0,Screened,fast metric pass; detailed slices computed for top candidates only
A2_group_1.020_1.000_1.005,0.6161856899335856,0.8706697804372708,0.1293302195627292,0.36170159942990043,,,0.004418333460858959,0.0006411033083815187,-0.000641103308381491,0.00819556361333662,,,A2_group,1.02,1.0,1.005,Screened,fast metric pass; detailed slices computed for top candidates only
A2_group_1.020_1.000_1.010,0.616564400200838,0.8707905624180682,0.1292094375819318,0.3623382379836078,,,0.004797043728111405,0.0007618852891788652,-0.000761885289178893,0.008832202167044001,,,A2_group,1.02,1.0,1.01,Screened,fast metric pass; detailed slices computed for top candidates only
A2_group_1.020_1.000_1.015,0.6168202551260196,0.8709046454971066,0.12909535450289347,0.36273586475493264,,,0.005052898653292948,0.0008759683682172392,-0.0008759683682172115,0.009229828938368823,,,A2_group,1.02,1.0,1.015,Screened,fast metric pass; detailed slices computed for top candidates only
A2_group_1.020_1.000_1.020,0.616888746615595,0.8710121150804774,0.1289878849195226,0.3627653781507125,,,0.005121390142868387,0.000983437951588062,-0.0009834379515880898,0.009259342334148712,,,A2_group,1.02,1.0,1.02,Screened,fast metric pass; detailed slices computed for top candidates only
A2_group_1.020_1.000_1.025,0.6172955254257197,0.8711118273601642,0.1288881726398358,0.3634792234912753,,,0.005528168952993129,0.0010831502312749208,-0.001083150231274893,0.009973187674711503,,,A2_group,1.02,1.0,1.025,Screened,fast metric pass; detailed slices computed for top candidates only
A2_group_1.020_1.000_1.030,0.6174826624399021,0.8712059835454596,0.12879401645454036,0.36375934133434457,,,0.00571530596717551,0.0011773064165703229,-0.0011773064165703229,0.010253305517780753,,,A2_group,1.02,1.0,1.03,Screened,fast metric pass; detailed slices computed for top candidates only
A2_group_1.020_1.005_0.970,0.614569887494844,0.8696441123488154,0.13035588765118453,0.35949566264087246,,,0.0028025310221173605,-0.0003845647800738705,0.00038456478007384276,0.005989626824308647,,,A2_group,1.02,1.005,0.97,Screened,fast metric pass; detailed slices computed for top candidates only
A2_group_1.020_1.005_0.975,0.6147534122086332,0.869813904455139,0.13018609554486107,0.35969291996212754,,,0.002986055735906601,-0.00021477267375036302,0.00021477267375039077,0.006186884145563731,,,A2_group,1.02,1.005,0.975,Screened,fast metric pass; detailed slices computed for top candidates only
A2_group_1.020_1.005_0.980,0.6151674563568,0.8699756852221726,0.13002431477782742,0.3603592274914275,,,0.0034000998840734153,-5.299190671670395e-05,5.299190671673171e-05,0.006853191674863701,,,A2_group,1.02,1.005,0.98,Screened,fast metric pass; detailed slices computed for top candidates only
A2_group_1.020_1.005_0.985,0.615583080140474,0.8701307960997703,0.1298692039002297,0.3610353641811779,,,0.003815723667747406,0.0001021189708809711,-0.0001021189708809711,0.007529328364614063,,,A2_group,1.02,1.005,0.985,Screened,fast metric pass; detailed slices computed for top candidates only
A2_group_1.020_1.005_0.990,0.615964582718222,0.8702800628292109,0.12971993717078906,0.3616491026072331,,,0.004197226245495345,0.00025138570032157137,-0.0002513857003216269,0.008143066790669284,,,A2_group,1.02,1.005,0.99,Screened,fast metric pass; detailed slices computed for top candidates only
A2_group_1.020_1.005_0.995,0.6162259751290726,0.8704231156422378,0.12957688435776213,0.36202883461590746,,,0.004458618656346003,0.0003944385133485273,-0.00039443851334855506,0.008522798799343645,,,A2_group,1.02,1.005,0.995,Screened,fast metric pass; detailed slices computed for top candidates only
A2_group_1.020_1.005_1.000,0.6164458256643484,0.870558787322662,0.12944121267733796,0.3623328640060346,,,0.004678469191621737,0.0005301101937726926,-0.0005301101937727204,0.008826828189470781,,,A2_group,1.02,1.005,1.0,Screened,fast metric pass; detailed slices computed for top candidates only
A2_group_1.020_1.005_1.005,0.6166325871637087,0.8706862444010344,0.12931375559896563,0.362578929926383,,,0.004865230690982103,0.0006575672721450543,-0.0006575672721450543,0.009072894109819207,,,A2_group,1.02,1.005,1.005,Screened,fast metric pass; detailed slices computed for top candidates only
A2_group_1.020_1.005_1.010,0.6170112974309612,0.8708070263818318,0.1291929736181682,0.3632155684800904,,,0.00524394095823455,0.0007783492529425118,-0.000778349252942484,0.009709532663526588,,,A2_group,1.02,1.005,1.01,Screened,fast metric pass; detailed slices computed for top candidates only
A2_group_1.020_1.005_1.015,0.6172671523561427,0.8709211094608701,0.12907889053912988,0.3636131952514153,,,0.005499795883416092,0.0008924323319807748,-0.0008924323319808025,0.010107159434851465,,,A2_group,1.02,1.005,1.015,Screened,fast metric pass; detailed slices computed for top candidates only
A2_group_1.020_1.005_1.020,0.617335643845718,0.871028579044241,0.128971420955759,0.36364270864719517,,,0.005568287372991421,0.0009999019153517086,-0.0009999019153516808,0.010136672830631355,,,A2_group,1.02,1.005,1.02,Screened,fast metric pass; detailed slices computed for top candidates only
A2_group_1.020_1.005_1.025,0.6177424226558428,0.8711282913239278,0.12887170867607223,0.36435655398775785,,,0.005975066183116162,0.0010996141950384564,-0.0010996141950384564,0.010850518171194035,,,A2_group,1.02,1.005,1.025,Screened,fast metric pass; detailed slices computed for top candidates only
A2_group_1.020_1.005_1.030,0.6179295596700252,0.8712224475092232,0.1287775524907768,0.36463667183082715,,,0.006162203197298544,0.0011937703803338584,-0.0011937703803338862,0.01113063601426334,,,A2_group,1.02,1.005,1.03,Screened,fast metric pass; detailed slices computed for top candidates only
A2_group_1.020_1.010_0.970,0.6150674949678834,0.8696427808693145,0.13035721913068551,0.36049220906645224,,,0.003300138495156757,-0.0003858962595748583,0.00038589625957483054,0.006986173249888428,,,A2_group,1.02,1.01,0.97,Screened,fast metric pass; detailed slices computed for top candidates only
A2_group_1.020_1.010_0.975,0.6152510196816726,0.869812572975638,0.13018742702436206,0.3606894663877073,,,0.0034836632089459973,-0.0002161041532513508,0.00021610415325137855,0.007183430571143512,,,A2_group,1.02,1.01,0.975,Screened,fast metric pass; detailed slices computed for top candidates only
A2_group_1.020_1.010_0.980,0.6156650638298394,0.8699743537426716,0.1300256462573284,0.3613557739170072,,,0.003897707357112812,-5.432338621769173e-05,5.432338621771948e-05,0.00784973810044337,,,A2_group,1.02,1.01,0.98,Screened,fast metric pass; detailed slices computed for top candidates only
A2_group_1.020_1.010_0.985,0.6160806876135134,0.8701294646202693,0.1298705353797307,0.3620319106067576,,,0.0043133311407868025,0.00010078749137998333,-0.00010078749137998333,0.008525874790193788,,,A2_group,1.02,1.01,0.985,Screened,fast metric pass; detailed slices computed for top candidates only
A2_group_1.020_1.010_0.990,0.6164621901912615,0.87027873134971,0.12972126865029002,0.3626456490328129,,,0.004694833718534852,0.0002500542208206946,-0.00025005422082066686,0.009139613216249065,,,A2_group,1.02,1.01,0.99,Screened,fast metric pass; detailed slices computed for top candidates only
A2_group_1.020_1.010_0.995,0.616723582602112,0.8704217841627369,0.12957821583726312,0.3630253810414872,,,0.004956226129385399,0.00039310703384753953,-0.0003931070338475673,0.00951934522492337,,,A2_group,1.02,1.01,0.995,Screened,fast metric pass; detailed slices computed for top candidates only
A2_group_1.020_1.010_1.000,0.6169434331373878,0.870557455843161,0.12944254415683892,0.36332941043161443,,,0.005176076664661133,0.0005287787142717049,-0.0005287787142717604,0.009823374615050617,,,A2_group,1.02,1.01,1.0,Screened,fast metric pass; detailed slices computed for top candidates only
A2_group_1.020_1.010_1.005,0.617130194636748,0.8706849129215334,0.1293150870784666,0.36357547635196275,,,0.0053628381640213885,0.0006562357926440665,-0.0006562357926440943,0.010069440535398932,,,A2_group,1.02,1.01,1.005,Screened,fast metric pass; detailed slices computed for top candidates only
A2_group_1.020_1.010_1.010,0.6175089049040005,0.8708056949023308,0.1291943050976692,0.3642121149056701,,,0.005741548431273835,0.000777017773441524,-0.0007770177734414963,0.010706079089106313,,,A2_group,1.02,1.01,1.01,Screened,fast metric pass; detailed slices computed for top candidates only
A2_group_1.020_1.010_1.015,0.617764759829182,0.8709197779813691,0.12908022201863087,0.36460974167699495,,,0.0059974033564553775,0.000891100852479787,-0.0008911008524798147,0.011103705860431135,,,A2_group,1.02,1.01,1.015,Screened,fast metric pass; detailed slices computed for top candidates only
A2_group_1.020_1.010_1.020,0.6178332513187574,0.87102724756474,0.12897275243526,0.36463925507277484,,,0.006065894846030817,0.0009985704358507208,-0.000998570435850693,0.011133219256211024,,,A2_group,1.02,1.01,1.02,Screened,fast metric pass; detailed slices computed for top candidates only
A2_group_1.020_1.010_1.025,0.6182400301288822,0.8711269598444268,0.1288730401555732,0.36535310041333763,,,0.006472673656155559,0.0010982827155374686,-0.0010982827155374963,0.011847064596773815,,,A2_group,1.02,1.01,1.025,Screened,fast metric pass; detailed slices computed for top candidates only
A2_group_1.020_1.010_1.030,0.6184271671430646,0.8712211160297222,0.12877888397027779,0.3656332182564069,,,0.00665981067033794,0.0011924389008328706,-0.0011924389008328984,0.012127182439843065,,,A2_group,1.02,1.01,1.03,Screened,fast metric pass; detailed slices computed for top candidates only
A2_group_1.020_1.015_0.970,0.6157251436029377,0.8696197444271511,0.13038025557284896,0.36183054277872445,,,0.00395778713021111,-0.0004089327017382516,0.00040893270173827934,0.008324506962160638,,,A2_group,1.02,1.015,0.97,Screened,fast metric pass; detailed slices computed for top candidates only
A2_group_1.020_1.015_0.975,0.615908668316727,0.8697895365334745,0.13021046346652554,0.3620278000999795,,,0.0041413118440003505,-0.0002391405954148551,0.0002391405954148551,0.008521764283415667,,,A2_group,1.02,1.015,0.975,Screened,fast metric pass; detailed slices computed for top candidates only
A2_group_1.020_1.015_0.980,0.6163227124648938,0.8699513173005081,0.13004868269949188,0.3626941076292794,,,0.004555355992167165,-7.735982838119604e-05,7.735982838119604e-05,0.009188071812715581,,,A2_group,1.02,1.015,0.98,Screened,fast metric pass; detailed slices computed for top candidates only
A2_group_1.020_1.015_0.985,0.6167383362485679,0.8701064281781058,0.12989357182189418,0.36337024431902987,,,0.004970979775841267,7.775104921647902e-05,-7.775104921650677e-05,0.009864208502466054,,,A2_group,1.02,1.015,0.985,Screened,fast metric pass; detailed slices computed for top candidates only
A2_group_1.020_1.015_0.990,0.6171198388263158,0.8702556949075465,0.12974430509245352,0.3639839827450851,,,0.005352482353589205,0.0002270177786571903,-0.00022701777865716255,0.010477946928521276,,,A2_group,1.02,1.015,0.99,Screened,fast metric pass; detailed slices computed for top candidates only
A2_group_1.020_1.015_0.995,0.6173812312371665,0.8703987477205735,0.12960125227942657,0.36436371475375945,,,0.0056138747644398634,0.00037007059168414624,-0.0003700705916841185,0.010857678937195636,,,A2_group,1.02,1.015,0.995,Screened,fast metric pass; detailed slices computed for top candidates only
A2_group_1.020_1.015_1.000,0.6176010817724421,0.8705344194009976,0.1294655805990024,0.3646677441438866,,,0.0058337252997154865,0.0005057422721083116,-0.0005057422721082838,0.011161708327322772,,,A2_group,1.02,1.015,1.0,Screened,fast metric pass; detailed slices computed for top candidates only
A2_group_1.020_1.015_1.005,0.6177878432718024,0.8706618764793699,0.1293381235206301,0.3649138100642349,,,0.006020486799075742,0.0006331993504805622,-0.00063319935048059,0.011407774247671087,,,A2_group,1.02,1.015,1.005,Screened,fast metric pass; detailed slices computed for top candidates only
A2_group_1.020_1.015_1.010,0.6181665535390548,0.8707826584601673,0.12921734153983266,0.36555044861794234,,,0.006399197066328188,0.0007539813312780197,-0.0007539813312780197,0.012044412801378523,,,A2_group,1.02,1.015,1.01,Screened,fast metric pass; detailed slices computed for top candidates only
A2_group_1.020_1.015_1.015,0.6184224084642365,0.8708967415392057,0.12910325846079435,0.3659480753892672,,,0.006655051991509842,0.0008680644103163937,-0.0008680644103163382,0.0124420395727034,,,A2_group,1.02,1.015,1.015,Screened,fast metric pass; detailed slices computed for top candidates only
A2_group_1.020_1.015_1.020,0.6184908999538118,0.8710042111225765,0.12899578887742347,0.3659775887850471,,,0.00672354348108517,0.0009755339936872165,-0.0009755339936872165,0.01247155296848329,,,A2_group,1.02,1.015,1.02,Screened,fast metric pass; detailed slices computed for top candidates only
A2_group_1.020_1.015_1.025,0.6188976787639365,0.8711039234022633,0.1288960765977367,0.3666914341256098,,,0.007130322291209912,0.0010752462733739643,-0.001075246273373992,0.01318539830904597,,,A2_group,1.02,1.015,1.025,Screened,fast metric pass; detailed slices computed for top candidates only
A2_group_1.020_1.015_1.030,0.619084815778119,0.8711980795875588,0.12880192041244123,0.36697155196867914,,,0.007317459305392404,0.0011694024586694773,-0.0011694024586694496,0.013465516152115331,,,A2_group,1.02,1.015,1.03,Screened,fast metric pass; detailed slices computed for top candidates only
A2_group_1.020_1.020_0.970,0.6160637644715654,0.8695791127113587,0.1304208872886413,0.3625484162317722,,,0.0042964079988387915,-0.0004495644175306346,0.00044956441753060683,0.009042380415208384,,,A2_group,1.02,1.02,0.97,Screened,fast metric pass; detailed slices computed for top candidates only
A2_group_1.020_1.020_0.975,0.6162472891853548,0.8697489048176822,0.13025109518231784,0.3627456735530272,,,0.004479932712628143,-0.0002797723112071271,0.00027977231120715484,0.009239637736463413,,,A2_group,1.02,1.02,0.975,Screened,fast metric pass; detailed slices computed for top candidates only
A2_group_1.020_1.020_0.980,0.6166613333335215,0.8699106855847158,0.13008931441528418,0.3634119810823271,,,0.004893976860794846,-0.00011799154417346802,0.00011799154417349578,0.009905945265763272,,,A2_group,1.02,1.02,0.98,Screened,fast metric pass; detailed slices computed for top candidates only
A2_group_1.020_1.020_0.985,0.6170769571171956,0.8700657964623135,0.12993420353768648,0.36408811777207756,,,0.005309600644468948,3.7119333424207035e-05,-3.7119333424207035e-05,0.010582081955513745,,,A2_group,1.02,1.02,0.985,Screened,fast metric pass; detailed slices computed for top candidates only
A2_group_1.020_1.020_0.990,0.6174584596949435,0.8702150631917542,0.12978493680824582,0.3647018561981328,,,0.005691103222216887,0.00018638606286491832,-0.0001863860628648628,0.011195820381568966,,,A2_group,1.02,1.02,0.99,Screened,fast metric pass; detailed slices computed for top candidates only
A2_group_1.020_1.020_0.995,0.617719852105794,0.8703581160047811,0.1296418839952189,0.3650815882068071,,,0.005952495633067434,0.00032943887589176324,-0.000329438875891791,0.011575552390243271,,,A2_group,1.02,1.02,0.995,Screened,fast metric pass; detailed slices computed for top candidates only
A2_group_1.020_1.020_1.000,0.6179397026410698,0.8704937876852052,0.12950621231479473,0.36538561759693433,,,0.006172346168343168,0.00046511055631592857,-0.0004651105563159563,0.011879581780370518,,,A2_group,1.02,1.02,1.0,Screened,fast metric pass; detailed slices computed for top candidates only
A2_group_1.020_1.020_1.005,0.6181264641404302,0.8706212447635776,0.1293787552364224,0.36563168351728265,,,0.006359107667703534,0.0005925676346882902,-0.0005925676346882902,0.012125647700718833,,,A2_group,1.02,1.02,1.005,Screened,fast metric pass; detailed slices computed for top candidates only
A2_group_1.020_1.020_1.010,0.6185051744076826,0.8707420267443751,0.12925797325562496,0.3662683220709901,,,0.006737817934955981,0.0007133496154857477,-0.00071334961548572,0.01276228625442627,,,A2_group,1.02,1.02,1.01,Screened,fast metric pass; detailed slices computed for top candidates only
A2_group_1.020_1.020_1.015,0.6187610293328641,0.8708561098234133,0.12914389017658665,0.3666659488423149,,,0.006993672860137523,0.0008274326945240107,-0.0008274326945240384,0.013159913025751091,,,A2_group,1.02,1.02,1.015,Screened,fast metric pass; detailed slices computed for top candidates only
A2_group_1.020_1.020_1.020,0.6188295208224395,0.8709635794067843,0.12903642059321577,0.36669546223809474,,,0.007062164349712852,0.0009349022778949445,-0.0009349022778949168,0.013189426421530925,,,A2_group,1.02,1.02,1.02,Screened,fast metric pass; detailed slices computed for top candidates only
A2_group_1.020_1.020_1.025,0.6192362996325642,0.871063291686471,0.128936708313529,0.36740930757865753,,,0.007468943159837593,0.0010346145575816923,-0.0010346145575816923,0.013903271762093716,,,A2_group,1.02,1.02,1.025,Screened,fast metric pass; detailed slices computed for top candidates only
A2_group_1.020_1.020_1.030,0.6194234366467466,0.8711574478717664,0.12884255212823356,0.36768942542172683,,,0.007656080174019975,0.0011287707428770943,-0.001128770742877122,0.014183389605163021,,,A2_group,1.02,1.02,1.03,Screened,fast metric pass; detailed slices computed for top candidates only
A2_group_1.020_1.025_0.970,0.6160369261717409,0.8695222683696492,0.13047773163035084,0.3625515839738327,,,0.004269569699014264,-0.000506408759240129,0.0005064087592401567,0.009045548157268879,,,A2_group,1.02,1.025,0.97,Screened,fast metric pass; detailed slices computed for top candidates only
A2_group_1.020_1.025_0.975,0.6162204508855301,0.8696920604759726,0.13030793952402742,0.3627488412950877,,,0.004453094412803504,-0.0003366166529167325,0.0003366166529167325,0.009242805478523908,,,A2_group,1.02,1.025,0.975,Screened,fast metric pass; detailed slices computed for top candidates only
A2_group_1.020_1.025_0.980,0.6166344950336969,0.8698538412430062,0.13014615875699376,0.3634151488243876,,,0.004867138560970319,-0.00017483588588307342,0.00017483588588307342,0.009909113007823767,,,A2_group,1.02,1.025,0.98,Screened,fast metric pass; detailed slices computed for top candidates only
A2_group_1.020_1.025_0.985,0.6170501188173709,0.8700089521206039,0.12999104787939605,0.36409128551413805,,,0.0052827623446443095,-1.972500828539836e-05,1.9725008285370604e-05,0.01058524969757424,,,A2_group,1.02,1.025,0.985,Screened,fast metric pass; detailed slices computed for top candidates only
A2_group_1.020_1.025_0.990,0.617431621395119,0.8701582188500446,0.1298417811499554,0.3647050239401933,,,0.005664264922392359,0.00012954172115531293,-0.00012954172115528517,0.01119898812362946,,,A2_group,1.02,1.025,0.99,Screened,fast metric pass; detailed slices computed for top candidates only
A2_group_1.020_1.025_0.995,0.6176930138059696,0.8703012716630716,0.12969872833692844,0.36508475594886763,,,0.005925657333243017,0.00027259453418226887,-0.0002725945341822411,0.011578720132303821,,,A2_group,1.02,1.025,0.995,Screened,fast metric pass; detailed slices computed for top candidates only
A2_group_1.020_1.025_1.000,0.6179128643412453,0.8704369433434958,0.12956305665650428,0.3653887853389948,,,0.00614550786851864,0.0004082662146064342,-0.00040826621460640644,0.011882749522431013,,,A2_group,1.02,1.025,1.0,Screened,fast metric pass; detailed slices computed for top candidates only
A2_group_1.020_1.025_1.005,0.6180996258406056,0.870564400421868,0.12943559957813197,0.3656348512593432,,,0.0063322693678790065,0.0005357232929786848,-0.0005357232929787126,0.012128815442779384,,,A2_group,1.02,1.025,1.005,Screened,fast metric pass; detailed slices computed for top candidates only
A2_group_1.020_1.025_1.010,0.6184783361078581,0.8706851824026655,0.12931481759733454,0.3662714898130506,,,0.006710979635131453,0.0006565052737761423,-0.0006565052737761423,0.012765453996486764,,,A2_group,1.02,1.025,1.01,Screened,fast metric pass; detailed slices computed for top candidates only
A2_group_1.020_1.025_1.015,0.6187341910330396,0.8707992654817038,0.12920073451829622,0.3666691165843754,,,0.0069668345603129955,0.0007705883528145163,-0.0007705883528144608,0.013163080767811586,,,A2_group,1.02,1.025,1.015,Screened,fast metric pass; detailed slices computed for top candidates only
A2_group_1.020_1.025_1.020,0.6188026825226149,0.8709067350650747,0.12909326493492534,0.3666986299801553,,,0.007035326049888324,0.0008780579361853391,-0.0008780579361853391,0.013192594163591476,,,A2_group,1.02,1.025,1.02,Screened,fast metric pass; detailed slices computed for top candidates only
A2_group_1.020_1.025_1.025,0.6192094613327397,0.8710064473447614,0.12899355265523857,0.367412475320718,,,0.007442104860013066,0.000977770215872087,-0.0009777702158721147,0.013906439504154211,,,A2_group,1.02,1.025,1.025,Screened,fast metric pass; detailed slices computed for top candidates only
A2_group_1.020_1.025_1.030,0.6193965983469221,0.8711006035300569,0.1288993964699431,0.36769259316378733,,,0.007629241874195447,0.0010719264011676,-0.0010719264011675722,0.014186557347223516,,,A2_group,1.02,1.025,1.03,Screened,fast metric pass; detailed slices computed for top candidates only
A2_group_1.020_1.030_0.970,0.6162754886106306,0.8694514631226615,0.13054853687733853,0.3630995140985998,,,0.0045081321379040196,-0.0005772140062277886,0.0005772140062278441,0.009593478282035994,,,A2_group,1.02,1.03,0.97,Screened,fast metric pass; detailed slices computed for top candidates only
A2_group_1.020_1.030_0.975,0.6164590133244199,0.8696212552289849,0.1303787447710151,0.3632967714198549,,,0.00469165685169326,-0.00040742189990439215,0.0004074218999044199,0.009790735603291079,,,A2_group,1.02,1.03,0.975,Screened,fast metric pass; detailed slices computed for top candidates only
A2_group_1.020_1.030_0.980,0.6168730574725867,0.8697830359960186,0.13021696400398142,0.3639630789491548,,,0.005105700999860074,-0.0002456411328707331,0.0002456411328707331,0.010457043132590993,,,A2_group,1.02,1.03,0.98,Screened,fast metric pass; detailed slices computed for top candidates only
A2_group_1.020_1.030_0.985,0.6172886812562608,0.8699381468736163,0.13006185312638374,0.3646392156389053,,,0.005521324783534176,-9.053025527305802e-05,9.053025527305802e-05,0.011133179822341466,,,A2_group,1.02,1.03,0.985,Screened,fast metric pass; detailed slices computed for top candidates only
A2_group_1.020_1.030_0.990,0.6176701838340087,0.870087413603057,0.12991258639694306,0.3652529540649605,,,0.005902827361282115,5.873647416765326e-05,-5.873647416762551e-05,0.011746918248396687,,,A2_group,1.02,1.03,0.99,Screened,fast metric pass; detailed slices computed for top candidates only
A2_group_1.020_1.030_0.995,0.6179315762448593,0.8702304664160838,0.12976953358391616,0.3656326860736348,,,0.006164219772132662,0.00020178928719449818,-0.00020178928719452593,0.012126650257070992,,,A2_group,1.02,1.03,0.995,Screened,fast metric pass; detailed slices computed for top candidates only
A2_group_1.020_1.030_1.000,0.618151426780135,0.8703661380965081,0.12963386190349194,0.365936715463762,,,0.006384070307408396,0.00033746096761877453,-0.0003374609676187468,0.012430679647198184,,,A2_group,1.02,1.03,1.0,Screened,fast metric pass; detailed slices computed for top candidates only
A2_group_1.020_1.030_1.005,0.6183381882794954,0.8704935951748803,0.12950640482511963,0.3661827813841103,,,0.006570831806768762,0.00046491804599102515,-0.0004649180459910529,0.012676745567546499,,,A2_group,1.02,1.03,1.005,Screened,fast metric pass; detailed slices computed for top candidates only
A2_group_1.020_1.030_1.010,0.6187168985467477,0.8706143771556778,0.12938562284432223,0.3668194199378177,,,0.006949542074021098,0.0005857000267884827,-0.0005857000267884549,0.01331338412125388,,,A2_group,1.02,1.03,1.01,Screened,fast metric pass; detailed slices computed for top candidates only
A2_group_1.020_1.030_1.015,0.6189727534719294,0.8707284602347161,0.1292715397652839,0.3672170467091426,,,0.007205396999202751,0.0006997831058267456,-0.0006997831058267734,0.013711010892578812,,,A2_group,1.02,1.03,1.015,Screened,fast metric pass; detailed slices computed for top candidates only
A2_group_1.020_1.030_1.020,0.6190412449615047,0.870835929818087,0.12916407018191303,0.36724656010492246,,,0.00727388848877808,0.0008072526891976795,-0.0008072526891976517,0.013740524288358646,,,A2_group,1.02,1.03,1.02,Screened,fast metric pass; detailed slices computed for top candidates only
A2_group_1.020_1.030_1.025,0.6194480237716294,0.8709356420977737,0.12906435790222623,0.3679604054454852,,,0.007680667298902821,0.0009069649688844272,-0.000906964968884455,0.014454369628921382,,,A2_group,1.02,1.03,1.025,Screened,fast metric pass; detailed slices computed for top candidates only
A2_group_1.020_1.030_1.030,0.6196351607858119,0.8710297982830693,0.1289702017169308,0.36824052328855456,,,0.007867804313085314,0.0010011211541799403,-0.0010011211541798848,0.014734487471990743,,,A2_group,1.02,1.03,1.03,Screened,fast metric pass; detailed slices computed for top candidates only
A2_group_1.025_0.970_0.970,0.6095655863499595,0.8692435698989611,0.13075643010103882,0.34988760280095793,,,-0.0022017701227671216,-0.0007851072299281947,0.0007851072299281392,-0.003618433015605882,,,A2_group,1.025,0.97,0.97,Screened,fast metric pass; detailed slices computed for top candidates only
A2_group_1.025_0.970_0.975,0.6097491110637488,0.8694133620052846,0.1305866379947154,0.350084860122213,,,-0.00201824540897777,-0.0006153151236046872,0.000615315123604715,-0.0034211756943507976,,,A2_group,1.025,0.97,0.975,Screened,fast metric pass; detailed slices computed for top candidates only
A2_group_1.025_0.970_0.980,0.6101631552119156,0.8695751427723183,0.1304248572276817,0.35075116765151293,,,-0.0016042012608110667,-0.00045353435657102814,0.00045353435657102814,-0.0027548681650508833,,,A2_group,1.025,0.97,0.98,Screened,fast metric pass; detailed slices computed for top candidates only
A2_group_1.025_0.970_0.985,0.6105787789955897,0.869730253649916,0.13026974635008404,0.3514273043412634,,,-0.001188577477136965,-0.0002984234789733531,0.0002984234789733531,-0.0020787314753004105,,,A2_group,1.025,0.97,0.985,Screened,fast metric pass; detailed slices computed for top candidates only
A2_group_1.025_0.970_0.990,0.6109602815733377,0.8698795203793567,0.13012047962064335,0.3520410427673186,,,-0.0008070748993889154,-0.0001491567495326418,0.00014915674953266955,-0.001464993049245189,,,A2_group,1.025,0.97,0.99,Screened,fast metric pass; detailed slices computed for top candidates only
A2_group_1.025_0.970_0.995,0.6112216739841883,0.8700225731923835,0.12997742680761645,0.35242077477599293,,,-0.0005456824885383682,-6.103936505796881e-06,6.103936505769125e-06,-0.001085261040570884,,,A2_group,1.025,0.97,0.995,Screened,fast metric pass; detailed slices computed for top candidates only
A2_group_1.025_0.970_1.000,0.611441524519464,0.8701582448728078,0.12984175512719223,0.3527248041661201,,,-0.00032583195326263414,0.00012956774391847947,-0.00012956774391845172,-0.0007812316504436922,,,A2_group,1.025,0.97,1.0,Screened,fast metric pass; detailed slices computed for top candidates only
A2_group_1.025_0.970_1.005,0.6116282860188242,0.87028570195118,0.12971429804881993,0.35297087008646844,,,-0.00013907045390237904,0.0002570248222907301,-0.00025702482229075785,-0.0005351657300953772,,,A2_group,1.025,0.97,1.005,Screened,fast metric pass; detailed slices computed for top candidates only
A2_group_1.025_0.970_1.010,0.6120069962860767,0.8704064839319775,0.12959351606802252,0.3536075086401758,,,0.00023963981335006768,0.0003778068030881876,-0.00037780680308815984,0.00010147282361200327,,,A2_group,1.025,0.97,1.01,Screened,fast metric pass; detailed slices computed for top candidates only
A2_group_1.025_0.970_1.015,0.6122628512112582,0.8705205670110158,0.1294794329889842,0.35400513541150075,,,0.00049549473853161,0.0004918898821264506,-0.0004918898821264783,0.0004990995949369359,,,A2_group,1.025,0.97,1.015,Screened,fast metric pass; detailed slices computed for top candidates only
A2_group_1.025_0.970_1.020,0.6123313427008337,0.8706280365943867,0.12937196340561333,0.3540346488072806,,,0.0005639862281070496,0.0005993594654973844,-0.0005993594654973566,0.0005286129907167703,,,A2_group,1.025,0.97,1.02,Screened,fast metric pass; detailed slices computed for top candidates only
A2_group_1.025_0.970_1.025,0.6127381215109584,0.8707277488740734,0.12927225112592652,0.3547484941478433,,,0.0009707650382317912,0.0006990717451841322,-0.0006990717451841599,0.0012424583312795057,,,A2_group,1.025,0.97,1.025,Screened,fast metric pass; detailed slices computed for top candidates only
A2_group_1.025_0.970_1.030,0.6129252585251408,0.8708219050593689,0.1291780949406311,0.3550286119909127,,,0.0011579020524141725,0.0007932279304795342,-0.0007932279304795897,0.0015225761743488664,,,A2_group,1.025,0.97,1.03,Screened,fast metric pass; detailed slices computed for top candidates only
A2_group_1.025_0.975_0.970,0.6110645531482143,0.8693657714615657,0.13063422853843434,0.3527633348348629,,,-0.0007028033245123355,-0.0006629056673236322,0.00066290566732366,-0.0007427009817009278,,,A2_group,1.025,0.975,0.97,Screened,fast metric pass; detailed slices computed for top candidates only
A2_group_1.025_0.975_0.975,0.6112480778620035,0.8695355635678891,0.13046443643211092,0.352960592156118,,,-0.0005192786107230951,-0.0004931135610002357,0.0004931135610002357,-0.000545443660445788,,,A2_group,1.025,0.975,0.975,Screened,fast metric pass; detailed slices computed for top candidates only
A2_group_1.025_0.975_0.980,0.6116621220101703,0.8696973443349227,0.13030265566507726,0.35362689968541794,,,-0.00010523446255628066,-0.00033133279396657667,0.00033133279396657667,0.00012086386885412637,,,A2_group,1.025,0.975,0.98,Screened,fast metric pass; detailed slices computed for top candidates only
A2_group_1.025_0.975_0.985,0.6120777457938443,0.8698524552125204,0.13014754478747956,0.3543030363751683,,,0.00031038932111771,-0.0001762219163689016,0.00017622191636887385,0.0007970005586044882,,,A2_group,1.025,0.975,0.985,Screened,fast metric pass; detailed slices computed for top candidates only
A2_group_1.025_0.975_0.990,0.6124592483715924,0.8700017219419611,0.1299982780580389,0.3549167748012236,,,0.0006918918988657596,-2.6955186928190322e-05,2.6955186928218078e-05,0.001410738984659765,,,A2_group,1.025,0.975,0.99,Screened,fast metric pass; detailed slices computed for top candidates only
A2_group_1.025_0.975_0.995,0.612720640782443,0.8701447747549881,0.12985522524501195,0.3552965068098979,,,0.0009532843097164179,0.00011609762609876562,-0.00011609762609873786,0.0017904709933340701,,,A2_group,1.025,0.975,0.995,Screened,fast metric pass; detailed slices computed for top candidates only
A2_group_1.025_0.975_1.000,0.6129404913177187,0.8702804464354122,0.12971955356458778,0.355600536200025,,,0.001173134844992041,0.00025176930652293095,-0.0002517693065229032,0.0020945003834612064,,,A2_group,1.025,0.975,1.0,Screened,fast metric pass; detailed slices computed for top candidates only
A2_group_1.025_0.975_1.005,0.613127252817079,0.8704079035137845,0.12959209648621547,0.35584660212037345,,,0.001359896344352407,0.00037922638489518157,-0.0003792263848952093,0.0023405663038096325,,,A2_group,1.025,0.975,1.005,Screened,fast metric pass; detailed slices computed for top candidates only
A2_group_1.025_0.975_1.010,0.6135059630843314,0.870528685494582,0.12947131450541804,0.3564832406740808,,,0.0017386066116047427,0.0005000083656926391,-0.0005000083656926391,0.002977204857517013,,,A2_group,1.025,0.975,1.01,Screened,fast metric pass; detailed slices computed for top candidates only
A2_group_1.025_0.975_1.015,0.613761818009513,0.8706427685736202,0.12935723142637973,0.35688086744540576,,,0.001994461536786396,0.000614091444730902,-0.0006140914447309576,0.0033748316288419455,,,A2_group,1.025,0.975,1.015,Screened,fast metric pass; detailed slices computed for top candidates only
A2_group_1.025_0.975_1.020,0.6138303094990883,0.8707502381569912,0.12924976184300885,0.3569103808411856,,,0.0020629530263617246,0.0007215610281018359,-0.0007215610281018359,0.00340434502462178,,,A2_group,1.025,0.975,1.02,Screened,fast metric pass; detailed slices computed for top candidates only
A2_group_1.025_0.975_1.025,0.6142370883092131,0.8708499504366779,0.12915004956332207,0.35762422618174833,,,0.002469731836486466,0.0008212733077885837,-0.0008212733077886114,0.004118190365184515,,,A2_group,1.025,0.975,1.025,Screened,fast metric pass; detailed slices computed for top candidates only
A2_group_1.025_0.975_1.030,0.6144242253233955,0.8709441066219734,0.12905589337802661,0.3579043440248176,,,0.0026568688506688476,0.0009154294930840967,-0.000915429493084069,0.004398308208253765,,,A2_group,1.025,0.975,1.03,Screened,fast metric pass; detailed slices computed for top candidates only
A2_group_1.025_0.980_0.970,0.6118781231002501,0.8694717230775127,0.13052827692248728,0.3542845231229874,,,0.00011076662752351751,-0.0005569540513765681,0.0005569540513765958,0.0007784873064236031,,,A2_group,1.025,0.98,0.97,Screened,fast metric pass; detailed slices computed for top candidates only
A2_group_1.025_0.980_0.975,0.6120616478140393,0.8696415151838361,0.13035848481616386,0.35448178044424244,,,0.0002942913413126469,-0.0003871619450531716,0.0003871619450531716,0.0009757446276786319,,,A2_group,1.025,0.98,0.975,Screened,fast metric pass; detailed slices computed for top candidates only
A2_group_1.025_0.980_0.980,0.6124756919622061,0.8698032959508698,0.1301967040491302,0.3551480879735423,,,0.0007083354894794613,-0.00022538117801951252,0.00022538117801951252,0.0016420521569784907,,,A2_group,1.025,0.98,0.98,Screened,fast metric pass; detailed slices computed for top candidates only
A2_group_1.025_0.980_0.985,0.6128913157458802,0.8699584068284675,0.1300415931715325,0.3558242246632928,,,0.001123959273153563,-7.027030042183746e-05,7.02703004218097e-05,0.0023181888467289635,,,A2_group,1.025,0.98,0.985,Screened,fast metric pass; detailed slices computed for top candidates only
A2_group_1.025_0.980_0.990,0.6132728183236281,0.8701076735579082,0.12989232644209184,0.356437963089348,,,0.0015054618509015016,7.899642901887383e-05,-7.899642901884607e-05,0.002931927272784185,,,A2_group,1.025,0.98,0.99,Screened,fast metric pass; detailed slices computed for top candidates only
A2_group_1.025_0.980_0.995,0.6135342107344788,0.8702507263709351,0.12974927362906488,0.35681769509802236,,,0.0017668542617521599,0.00022204924204582976,-0.000222049242045802,0.0033116592814585455,,,A2_group,1.025,0.98,0.995,Screened,fast metric pass; detailed slices computed for top candidates only
A2_group_1.025_0.980_1.000,0.6137540612697544,0.8703863980513593,0.12961360194864072,0.35712172448814955,,,0.001986704797027783,0.0003577209224699951,-0.00035772092246996734,0.0036156886715857373,,,A2_group,1.025,0.98,1.0,Screened,fast metric pass; detailed slices computed for top candidates only
A2_group_1.025_0.980_1.005,0.6139408227691148,0.8705138551297316,0.1294861448702684,0.3573677904084979,,,0.002173466296388149,0.0004851780008422457,-0.00048517800084227347,0.003861754591934108,,,A2_group,1.025,0.98,1.005,Screened,fast metric pass; detailed slices computed for top candidates only
A2_group_1.025_0.980_1.010,0.6143195330363671,0.870634637110529,0.12936536288947098,0.3580044289622053,,,0.0025521765636404847,0.0006059599816397032,-0.0006059599816397032,0.004498393145641488,,,A2_group,1.025,0.98,1.01,Screened,fast metric pass; detailed slices computed for top candidates only
A2_group_1.025_0.980_1.015,0.6145753879615488,0.8707487201895674,0.12925127981043266,0.3584020557335301,,,0.002808031488822138,0.0007200430606780772,-0.0007200430606780217,0.00489601991696631,,,A2_group,1.025,0.98,1.015,Screened,fast metric pass; detailed slices computed for top candidates only
A2_group_1.025_0.980_1.020,0.6146438794511241,0.8708561897729382,0.12914381022706178,0.35843156912931,,,0.0028765229783974666,0.0008275126440489,-0.0008275126440489,0.0049255333127462,,,A2_group,1.025,0.98,1.02,Screened,fast metric pass; detailed slices computed for top candidates only
A2_group_1.025_0.980_1.025,0.6150506582612488,0.870955902052625,0.129044097947375,0.35914541446987275,,,0.0032833017885222082,0.0009272249237356478,-0.0009272249237356756,0.005639378653308935,,,A2_group,1.025,0.98,1.025,Screened,fast metric pass; detailed slices computed for top candidates only
A2_group_1.025_0.980_1.030,0.6152377952754313,0.8710500582379205,0.12894994176207955,0.35942553231294205,,,0.0034704388027047006,0.0010213811090311609,-0.001021381109031133,0.00591949649637824,,,A2_group,1.025,0.98,1.03,Screened,fast metric pass; detailed slices computed for top candidates only
A2_group_1.025_0.985_0.970,0.6126318071385652,0.8695596635124782,0.13044033648752187,0.3557039507646523,,,0.0008644506658386231,-0.00046901361641116246,0.0004690136164111902,0.002197914948088464,,,A2_group,1.025,0.985,0.97,Screened,fast metric pass; detailed slices computed for top candidates only
A2_group_1.025_0.985_0.975,0.6128153318523545,0.8697294556188016,0.13027054438119842,0.3559012080859074,,,0.0010479753796278635,-0.000299221510087766,0.00029922151008773823,0.002395172269343604,,,A2_group,1.025,0.985,0.975,Screened,fast metric pass; detailed slices computed for top candidates only
A2_group_1.025_0.985_0.980,0.6132293760005212,0.8698912363858352,0.13010876361416476,0.3565675156152073,,,0.001462019527794567,-0.00013744074305410692,0.00013744074305407916,0.0030614797986434628,,,A2_group,1.025,0.985,0.98,Screened,fast metric pass; detailed slices computed for top candidates only
A2_group_1.025_0.985_0.985,0.6136449997841953,0.8700463472634329,0.1299536527365671,0.35724365230495775,,,0.0018776433114686686,1.767013454356814e-05,-1.7670134543595895e-05,0.0037376164883939356,,,A2_group,1.025,0.985,0.985,Screened,fast metric pass; detailed slices computed for top candidates only
A2_group_1.025_0.985_0.990,0.6140265023619433,0.8701956139928736,0.1298043860071264,0.35785739073101297,,,0.0022591458892167182,0.00016693686398427943,-0.00016693686398427943,0.004351354914449157,,,A2_group,1.025,0.985,0.99,Screened,fast metric pass; detailed slices computed for top candidates only
A2_group_1.025_0.985_0.995,0.6142878947727939,0.8703386668059006,0.12966133319409948,0.3582371227396873,,,0.0025205383000672654,0.00030998967701123537,-0.0003099896770112076,0.004731086923123462,,,A2_group,1.025,0.985,0.995,Screened,fast metric pass; detailed slices computed for top candidates only
A2_group_1.025_0.985_1.000,0.6145077453080696,0.8704743384863247,0.12952566151367528,0.35854115212981447,,,0.0027403888353429995,0.0004456613574354007,-0.0004456613574354007,0.005035116313250654,,,A2_group,1.025,0.985,1.0,Screened,fast metric pass; detailed slices computed for top candidates only
A2_group_1.025_0.985_1.005,0.6146945068074299,0.8706017955646971,0.12939820443530295,0.3587872180501628,,,0.0029271503347032546,0.0005731184358077623,-0.0005731184358077346,0.005281182233598969,,,A2_group,1.025,0.985,1.005,Screened,fast metric pass; detailed slices computed for top candidates only
A2_group_1.025_0.985_1.010,0.6150732170746823,0.8707225775454944,0.12927742245450558,0.35942385660387016,,,0.0033058606019557013,0.0006939004166051088,-0.0006939004166051088,0.005917820787306349,,,A2_group,1.025,0.985,1.01,Screened,fast metric pass; detailed slices computed for top candidates only
A2_group_1.025_0.985_1.015,0.615329071999864,0.8708366606245328,0.12916333937546723,0.3598214833751951,,,0.0035617155271373546,0.0008079834956434828,-0.0008079834956434551,0.006315447558631282,,,A2_group,1.025,0.985,1.015,Screened,fast metric pass; detailed slices computed for top candidates only
A2_group_1.025_0.985_1.020,0.6153975634894393,0.8709441302079036,0.12905586979209638,0.35985099677097493,,,0.003630207016712683,0.0009154530790143056,-0.0009154530790143056,0.006344960954411116,,,A2_group,1.025,0.985,1.02,Screened,fast metric pass; detailed slices computed for top candidates only
A2_group_1.025_0.985_1.025,0.615804342299564,0.8710438424875905,0.12895615751240955,0.36056484211153766,,,0.004036985826837425,0.0010151653587011644,-0.0010151653587011367,0.007058806294973852,,,A2_group,1.025,0.985,1.025,Screened,fast metric pass; detailed slices computed for top candidates only
A2_group_1.025_0.985_1.030,0.6159914793137464,0.8711379986728859,0.12886200132711415,0.360844959954607,,,0.004224122841019806,0.0011093215439965665,-0.0011093215439965387,0.007338924138043212,,,A2_group,1.025,0.985,1.03,Screened,fast metric pass; detailed slices computed for top candidates only
A2_group_1.025_0.990_0.970,0.6136509731561858,0.8696312931653103,0.13036870683468968,0.3576706531470612,,,0.001883616683459155,-0.0003973839635790233,0.0003973839635789955,0.004164617330497389,,,A2_group,1.025,0.99,0.97,Screened,fast metric pass; detailed slices computed for top candidates only
A2_group_1.025_0.990_0.975,0.613834497869975,0.8698010852716338,0.13019891472836623,0.3578679104683163,,,0.0020671413972483954,-0.00022759185725551578,0.00022759185725554354,0.004361874651752473,,,A2_group,1.025,0.99,0.975,Screened,fast metric pass; detailed slices computed for top candidates only
A2_group_1.025_0.990_0.980,0.6142485420181418,0.8699628660386675,0.13003713396133257,0.35853421799761626,,,0.00248118554541521,-6.581109022185672e-05,6.581109022188447e-05,0.005028182181052443,,,A2_group,1.025,0.99,0.98,Screened,fast metric pass; detailed slices computed for top candidates only
A2_group_1.025_0.990_0.985,0.6146641658018159,0.8701179769162651,0.12988202308373487,0.3592103546873666,,,0.0028968093290893115,8.929978737581834e-05,-8.929978737581834e-05,0.005704318870802805,,,A2_group,1.025,0.99,0.985,Screened,fast metric pass; detailed slices computed for top candidates only
A2_group_1.025_0.990_0.990,0.6150456683795639,0.8702672436457058,0.12973275635429418,0.35982409311342184,,,0.00327831190683725,0.00023856651681652963,-0.00023856651681650187,0.006318057296858026,,,A2_group,1.025,0.99,0.99,Screened,fast metric pass; detailed slices computed for top candidates only
A2_group_1.025_0.990_0.995,0.6153070607904144,0.8704102964587327,0.12958970354126728,0.3602038251220962,,,0.0035397043176877974,0.00038161932984337454,-0.0003816193298434023,0.006697789305532387,,,A2_group,1.025,0.99,0.995,Screened,fast metric pass; detailed slices computed for top candidates only
A2_group_1.025_0.990_1.000,0.6155269113256902,0.870545968139157,0.1294540318608431,0.36050785451222334,,,0.0037595548529635314,0.0005172910102676509,-0.0005172910102675954,0.007001818695659523,,,A2_group,1.025,0.99,1.0,Screened,fast metric pass; detailed slices computed for top candidates only
A2_group_1.025_0.990_1.005,0.6157136728250505,0.8706734252175292,0.12932657478247075,0.36075392043257176,,,0.0039463163523238975,0.0006447480886399015,-0.0006447480886399293,0.007247884616007949,,,A2_group,1.025,0.99,1.005,Screened,fast metric pass; detailed slices computed for top candidates only
A2_group_1.025_0.990_1.010,0.6160923830923029,0.8707942071983267,0.12920579280167335,0.36139055898627914,,,0.004325026619576233,0.000765530069437359,-0.0007655300694373313,0.00788452316971533,,,A2_group,1.025,0.99,1.01,Screened,fast metric pass; detailed slices computed for top candidates only
A2_group_1.025_0.990_1.015,0.6163482380174845,0.8709082902773649,0.12909170972263503,0.361788185757604,,,0.0045808815447578866,0.000879613148475622,-0.0008796131484756498,0.008282149941040207,,,A2_group,1.025,0.99,1.015,Screened,fast metric pass; detailed slices computed for top candidates only
A2_group_1.025_0.990_1.020,0.61641672950706,0.8710157598607359,0.12898424013926416,0.3618176991533839,,,0.004649373034333326,0.0009870827318465558,-0.000987082731846528,0.008311663336820097,,,A2_group,1.025,0.99,1.02,Screened,fast metric pass; detailed slices computed for top candidates only
A2_group_1.025_0.990_1.025,0.6168235083171846,0.8711154721404226,0.12888452785957735,0.3625315444939466,,,0.005056151844457957,0.0010867950115333036,-0.0010867950115333314,0.009025508677382776,,,A2_group,1.025,0.99,1.025,Screened,fast metric pass; detailed slices computed for top candidates only
A2_group_1.025_0.990_1.030,0.617010645331367,0.871209628325718,0.12879037167428195,0.3628116623370159,,,0.005243288858640338,0.0011809511968287056,-0.0011809511968287334,0.009305626520452082,,,A2_group,1.025,0.99,1.03,Screened,fast metric pass; detailed slices computed for top candidates only
A2_group_1.025_0.995_0.970,0.6143534533862135,0.8696839163517676,0.13031608364823247,0.3590229904206594,,,0.0025860969134868794,-0.00034476077712175535,0.0003447607771217831,0.00551695460409557,,,A2_group,1.025,0.995,0.97,Screened,fast metric pass; detailed slices computed for top candidates only
A2_group_1.025_0.995_0.975,0.6145369781000027,0.869853708458091,0.13014629154190904,0.35922024774191447,,,0.00276962162727612,-0.00017496867079835887,0.00017496867079835887,0.005714211925350654,,,A2_group,1.025,0.995,0.975,Screened,fast metric pass; detailed slices computed for top candidates only
A2_group_1.025_0.995_0.980,0.6149510222481694,0.8700154892251246,0.12998451077487538,0.3598865552712143,,,0.0031836657754428233,-1.3187903764699804e-05,1.3187903764699804e-05,0.006380519454650513,,,A2_group,1.025,0.995,0.98,Screened,fast metric pass; detailed slices computed for top candidates only
A2_group_1.025_0.995_0.985,0.6153666460318435,0.8701706001027223,0.12982939989727768,0.3605626919609648,,,0.003599289559116925,0.00014192297383297525,-0.000141922973833003,0.007056656144400986,,,A2_group,1.025,0.995,0.985,Screened,fast metric pass; detailed slices computed for top candidates only
A2_group_1.025_0.995_0.990,0.6157481486095915,0.870319866832163,0.12968013316783703,0.36117643038702,,,0.0039807921368648636,0.00029118970327368654,-0.0002911897032736588,0.007670394570456207,,,A2_group,1.025,0.995,0.99,Screened,fast metric pass; detailed slices computed for top candidates only
A2_group_1.025_0.995_0.995,0.6160095410204421,0.87046291964519,0.12953708035481007,0.3615561623956944,,,0.004242184547715522,0.0004342425163006425,-0.0004342425163006147,0.008050126579130568,,,A2_group,1.025,0.995,0.995,Screened,fast metric pass; detailed slices computed for top candidates only
A2_group_1.025_0.995_1.000,0.6162293915557178,0.8705985913256141,0.1294014086743859,0.3618601917858215,,,0.004462035082991145,0.0005699141967248078,-0.00056991419672478,0.008354155969257704,,,A2_group,1.025,0.995,1.0,Screened,fast metric pass; detailed slices computed for top candidates only
A2_group_1.025_0.995_1.005,0.6164161530550781,0.8707260484039864,0.1292739515960136,0.36210625770616983,,,0.004648796582351511,0.0006973712750970584,-0.0006973712750970862,0.008600221889606019,,,A2_group,1.025,0.995,1.005,Screened,fast metric pass; detailed slices computed for top candidates only
A2_group_1.025_0.995_1.010,0.6167948633223306,0.8708468303847838,0.12915316961521617,0.36274289625987727,,,0.005027506849603958,0.0008181532558945159,-0.0008181532558945159,0.009236860443313455,,,A2_group,1.025,0.995,1.01,Screened,fast metric pass; detailed slices computed for top candidates only
A2_group_1.025_0.995_1.015,0.6170507182475121,0.8709609134638221,0.12903908653617785,0.36314052303120214,,,0.0052833617747855,0.0009322363349327789,-0.0009322363349328344,0.009634487214638332,,,A2_group,1.025,0.995,1.015,Screened,fast metric pass; detailed slices computed for top candidates only
A2_group_1.025_0.995_1.020,0.6171192097370876,0.871068383047193,0.12893161695280697,0.36317003642698203,,,0.0053518532643609396,0.0010397059183037127,-0.0010397059183037127,0.009664000610418222,,,A2_group,1.025,0.995,1.02,Screened,fast metric pass; detailed slices computed for top candidates only
A2_group_1.025_0.995_1.025,0.6175259885472122,0.8711680953268798,0.1288319046731202,0.3638838817675447,,,0.00575863207448557,0.0011394181979904605,-0.0011394181979904883,0.010377845950980902,,,A2_group,1.025,0.995,1.025,Screened,fast metric pass; detailed slices computed for top candidates only
A2_group_1.025_0.995_1.030,0.6177131255613947,0.8712622515121753,0.12873774848782474,0.3641639996106141,,,0.0059457690886680625,0.0012335743832859736,-0.0012335743832859458,0.010657963794050263,,,A2_group,1.025,0.995,1.03,Screened,fast metric pass; detailed slices computed for top candidates only
A2_group_1.025_1.000_0.970,0.6150743325592667,0.8697204690642748,0.13027953093572522,0.36042819605425863,,,0.00330697608654007,-0.00030820806461451244,0.0003082080646145402,0.006922160237694819,,,A2_group,1.025,1.0,0.97,Screened,fast metric pass; detailed slices computed for top candidates only
A2_group_1.025_1.000_0.975,0.6152578572730559,0.8698902611705982,0.13010973882940177,0.3606254533755137,,,0.0034905008003293103,-0.00013841595829111597,0.00013841595829108821,0.007119417558949903,,,A2_group,1.025,1.0,0.975,Screened,fast metric pass; detailed slices computed for top candidates only
A2_group_1.025_1.000_0.980,0.6156719014212227,0.8700520419376319,0.1299479580623681,0.3612917609048136,,,0.0039045449484961248,2.3364808742543097e-05,-2.3364808742570853e-05,0.007785725088249762,,,A2_group,1.025,1.0,0.98,Screened,fast metric pass; detailed slices computed for top candidates only
A2_group_1.025_1.000_0.985,0.6160875252048967,0.8702071528152295,0.12979284718477044,0.361967897594564,,,0.004320168732170115,0.00017847568634021815,-0.0001784756863402459,0.00846186177800018,,,A2_group,1.025,1.0,0.985,Screened,fast metric pass; detailed slices computed for top candidates only
A2_group_1.025_1.000_0.990,0.6164690277826448,0.8703564195446702,0.12964358045532975,0.36258163602061927,,,0.004701671309918165,0.00032774241578092944,-0.00032774241578092944,0.009075600204055456,,,A2_group,1.025,1.0,0.99,Screened,fast metric pass; detailed slices computed for top candidates only
A2_group_1.025_1.000_0.995,0.6167304201934953,0.8704994723576972,0.12950052764230283,0.3629613680292936,,,0.004963063720768712,0.0004707952288078854,-0.0004707952288078576,0.009455332212729761,,,A2_group,1.025,1.0,0.995,Screened,fast metric pass; detailed slices computed for top candidates only
A2_group_1.025_1.000_1.000,0.6169502707287711,0.8706351440381214,0.12936485596187863,0.3632653974194208,,,0.005182914256044446,0.0006064669092320507,-0.0006064669092320507,0.009759361602857008,,,A2_group,1.025,1.0,1.0,Screened,fast metric pass; detailed slices computed for top candidates only
A2_group_1.025_1.000_1.005,0.6171370322281314,0.8707626011164937,0.1292373988835063,0.36351146333976914,,,0.0053696757554048125,0.0007339239876044124,-0.0007339239876043846,0.010005427523205324,,,A2_group,1.025,1.0,1.005,Screened,fast metric pass; detailed slices computed for top candidates only
A2_group_1.025_1.000_1.010,0.6175157424953838,0.8708833830972911,0.12911661690270892,0.3641481018934765,,,0.005748386022657148,0.0008547059684017588,-0.0008547059684017588,0.010642066076912704,,,A2_group,1.025,1.0,1.01,Screened,fast metric pass; detailed slices computed for top candidates only
A2_group_1.025_1.000_1.015,0.6177715974205654,0.8709974661763294,0.12900253382367058,0.36454572866480134,,,0.0060042409478388015,0.0009687890474401328,-0.0009687890474401051,0.011039692848237526,,,A2_group,1.025,1.0,1.015,Screened,fast metric pass; detailed slices computed for top candidates only
A2_group_1.025_1.000_1.020,0.6178400889101408,0.8711049357597003,0.12889506424029973,0.36457524206058123,,,0.00607273243741413,0.0010762586308109556,-0.0010762586308109556,0.011069206244017415,,,A2_group,1.025,1.0,1.02,Screened,fast metric pass; detailed slices computed for top candidates only
A2_group_1.025_1.000_1.025,0.6182468677202656,0.8712046480393871,0.1287953519606129,0.365289087401144,,,0.006479511247538983,0.0011759709104978144,-0.0011759709104977867,0.011783051584580206,,,A2_group,1.025,1.0,1.025,Screened,fast metric pass; detailed slices computed for top candidates only
A2_group_1.025_1.000_1.030,0.6184340047344479,0.8712988042246825,0.1287011957753175,0.36556920524421327,,,0.006666648261721253,0.0012701270957932165,-0.0012701270957931887,0.012063169427649456,,,A2_group,1.025,1.0,1.03,Screened,fast metric pass; detailed slices computed for top candidates only
A2_group_1.025_1.005_0.970,0.6155212297893897,0.8697369330280383,0.13026306697196163,0.3613055265507412,,,0.0037538733166631033,-0.0002917441008509769,0.00029174410085094915,0.007799490734177406,,,A2_group,1.025,1.005,0.97,Screened,fast metric pass; detailed slices computed for top candidates only
A2_group_1.025_1.005_0.975,0.615704754503179,0.8699067251343617,0.1300932748656382,0.36150278387199625,,,0.003937398030452344,-0.00012195199452758043,0.00012195199452752492,0.007996748055432434,,,A2_group,1.025,1.005,0.975,Screened,fast metric pass; detailed slices computed for top candidates only
A2_group_1.025_1.005_0.980,0.6161187986513459,0.8700685059013955,0.12993149409860452,0.3621690914012962,,,0.004351442178619269,3.982877250618966e-05,-3.98287725061619e-05,0.008663055584732404,,,A2_group,1.025,1.005,0.98,Screened,fast metric pass; detailed slices computed for top candidates only
A2_group_1.025_1.005_0.985,0.6165344224350199,0.8702236167789932,0.12977638322100685,0.36284522809104663,,,0.00476706596229326,0.00019493965010386471,-0.00019493965010383696,0.009339192274482822,,,A2_group,1.025,1.005,0.985,Screened,fast metric pass; detailed slices computed for top candidates only
A2_group_1.025_1.005_0.990,0.6169159250127678,0.8703728835084338,0.1296271164915662,0.3634589665171019,,,0.0051485685400411985,0.000344206379544465,-0.00034420637954449274,0.009952930700538098,,,A2_group,1.025,1.005,0.99,Screened,fast metric pass; detailed slices computed for top candidates only
A2_group_1.025_1.005_0.995,0.6171773174236185,0.8705159363214607,0.12948406367853926,0.3638386985257762,,,0.005409960950891857,0.0004872591925714209,-0.0004872591925714209,0.010332662709212403,,,A2_group,1.025,1.005,0.995,Screened,fast metric pass; detailed slices computed for top candidates only
A2_group_1.025_1.005_1.000,0.6173971679588941,0.8706516080018849,0.12934839199811507,0.36414272791590335,,,0.00562981148616748,0.0006229308729955862,-0.000622930872995614,0.01063669209933954,,,A2_group,1.025,1.005,1.0,Screened,fast metric pass; detailed slices computed for top candidates only
A2_group_1.025_1.005_1.005,0.6175839294582545,0.8707790650802573,0.12922093491974274,0.3643887938362517,,,0.005816572985527846,0.0007503879513679479,-0.0007503879513679479,0.01088275801968791,,,A2_group,1.025,1.005,1.005,Screened,fast metric pass; detailed slices computed for top candidates only
A2_group_1.025_1.005_1.010,0.6179626397255069,0.8708998470610546,0.12910015293894536,0.3650254323899591,,,0.006195283252780293,0.0008711699321652944,-0.0008711699321653221,0.01151939657339529,,,A2_group,1.025,1.005,1.01,Screened,fast metric pass; detailed slices computed for top candidates only
A2_group_1.025_1.005_1.015,0.6182184946506885,0.871013930140093,0.12898606985990702,0.365423059161284,,,0.006451138177961835,0.0009852530112036684,-0.0009852530112036684,0.011917023344720168,,,A2_group,1.025,1.005,1.015,Screened,fast metric pass; detailed slices computed for top candidates only
A2_group_1.025_1.005_1.020,0.6182869861402638,0.8711213997234638,0.12887860027653616,0.36545257255706387,,,0.0065196296675371634,0.0010927225945744912,-0.001092722594574519,0.011946536740500058,,,A2_group,1.025,1.005,1.02,Screened,fast metric pass; detailed slices computed for top candidates only
A2_group_1.025_1.005_1.025,0.6186937649503886,0.8712211120031507,0.12877888799684933,0.36616641789762655,,,0.006926408477662016,0.00119243487426135,-0.00119243487426135,0.012660382081062738,,,A2_group,1.025,1.005,1.025,Screened,fast metric pass; detailed slices computed for top candidates only
A2_group_1.025_1.005_1.030,0.618880901964571,0.8713152681884461,0.1286847318115539,0.3664465357406959,,,0.0071135454918443974,0.001286591059556752,-0.0012865910595567798,0.012940499924132098,,,A2_group,1.025,1.005,1.03,Screened,fast metric pass; detailed slices computed for top candidates only
A2_group_1.025_1.010_0.970,0.6160188372624291,0.8697356015485374,0.13026439845146262,0.36230207297632094,,,0.0042514807897025,-0.0002930755803519647,0.0002930755803519369,0.00879603715975713,,,A2_group,1.025,1.01,0.97,Screened,fast metric pass; detailed slices computed for top candidates only
A2_group_1.025_1.010_0.975,0.6162023619762185,0.8699053936548609,0.1300946063451392,0.36249933029757603,,,0.004435005503491851,-0.00012328347402845719,0.0001232834740285127,0.008993294481012215,,,A2_group,1.025,1.01,0.975,Screened,fast metric pass; detailed slices computed for top candidates only
A2_group_1.025_1.010_0.980,0.6166164061243852,0.8700671744218945,0.1299328255781055,0.3631656378268759,,,0.004849049651658555,3.849729300520188e-05,-3.849729300517413e-05,0.009659602010312074,,,A2_group,1.025,1.01,0.98,Screened,fast metric pass; detailed slices computed for top candidates only
A2_group_1.025_1.010_0.985,0.6170320299080593,0.8702222852994922,0.12977771470050783,0.3638417745166263,,,0.005264673435332656,0.00019360817060287694,-0.00019360817060284918,0.010335738700062491,,,A2_group,1.025,1.01,0.985,Screened,fast metric pass; detailed slices computed for top candidates only
A2_group_1.025_1.010_0.990,0.6174135324858072,0.8703715520289328,0.12962844797106718,0.3644555129426816,,,0.005646176013080595,0.0003428749000434772,-0.00034287490004350496,0.010949477126117768,,,A2_group,1.025,1.01,0.99,Screened,fast metric pass; detailed slices computed for top candidates only
A2_group_1.025_1.010_0.995,0.6176749248966578,0.8705146048419597,0.12948539515804025,0.3648352449513559,,,0.005907568423931142,0.00048592771307043314,-0.00048592771307043314,0.011329209134792073,,,A2_group,1.025,1.01,0.995,Screened,fast metric pass; detailed slices computed for top candidates only
A2_group_1.025_1.010_1.000,0.6178947754319335,0.8706502765223839,0.12934972347761606,0.36513927434148313,,,0.006127418959206876,0.0006215993934945985,-0.0006215993934946262,0.01163323852491932,,,A2_group,1.025,1.01,1.0,Screened,fast metric pass; detailed slices computed for top candidates only
A2_group_1.025_1.010_1.005,0.6180815369312939,0.8707777336007563,0.12922226639924372,0.36538534026183145,,,0.006314180458567242,0.0007490564718669601,-0.0007490564718669601,0.011879304445267636,,,A2_group,1.025,1.01,1.005,Screened,fast metric pass; detailed slices computed for top candidates only
A2_group_1.025_1.010_1.010,0.6184602471985462,0.8708985155815536,0.12910148441844635,0.36602197881553883,,,0.006692890725819578,0.0008698384526643066,-0.0008698384526643343,0.012515942998975016,,,A2_group,1.025,1.01,1.01,Screened,fast metric pass; detailed slices computed for top candidates only
A2_group_1.025_1.010_1.015,0.6187161021237279,0.871012598660592,0.128987401339408,0.36641960558686365,,,0.006948745651001231,0.0009839215317026806,-0.0009839215317026806,0.012913569770299838,,,A2_group,1.025,1.01,1.015,Screened,fast metric pass; detailed slices computed for top candidates only
A2_group_1.025_1.010_1.020,0.6187845936133032,0.8711200682439628,0.12887993175603715,0.36644911898264354,,,0.00701723714057656,0.0010913911150735034,-0.0010913911150735311,0.012943083166079727,,,A2_group,1.025,1.01,1.02,Screened,fast metric pass; detailed slices computed for top candidates only
A2_group_1.025_1.010_1.025,0.619191372423428,0.8712197805236497,0.12878021947635032,0.36716296432320633,,,0.0074240159507014125,0.0011911033947603622,-0.0011911033947603622,0.013656928506642518,,,A2_group,1.025,1.01,1.025,Screened,fast metric pass; detailed slices computed for top candidates only
A2_group_1.025_1.010_1.030,0.6193785094376103,0.8713139367089451,0.1286860632910549,0.3674430821662756,,,0.007611152964883683,0.0012852595800557642,-0.001285259580055792,0.013937046349711768,,,A2_group,1.025,1.01,1.03,Screened,fast metric pass; detailed slices computed for top candidates only
A2_group_1.025_1.015_0.970,0.6166764858974836,0.869712565106374,0.1302874348936261,0.3636404066885932,,,0.004909129424756964,-0.00031611202251535797,0.0003161120225154135,0.010134370872029397,,,A2_group,1.025,1.015,0.97,Screened,fast metric pass; detailed slices computed for top candidates only
A2_group_1.025_1.015_0.975,0.6168600106112728,0.8698823572126974,0.13011764278730267,0.36383766400984824,,,0.005092654138546204,-0.0001463199161919615,0.00014631991619198925,0.010331628193284426,,,A2_group,1.025,1.015,0.975,Screened,fast metric pass; detailed slices computed for top candidates only
A2_group_1.025_1.015_0.980,0.6172740547594395,0.870044137979731,0.129955862020269,0.3645039715391481,,,0.005506698286712908,1.546085084169757e-05,-1.546085084169757e-05,0.010997935722584284,,,A2_group,1.025,1.015,0.98,Screened,fast metric pass; detailed slices computed for top candidates only
A2_group_1.025_1.015_0.985,0.6176896785431136,0.8701992488573287,0.1298007511426713,0.36518010822889857,,,0.005922322070387009,0.00017057172843937263,-0.00017057172843937263,0.011674072412334757,,,A2_group,1.025,1.015,0.985,Screened,fast metric pass; detailed slices computed for top candidates only
A2_group_1.025_1.015_0.990,0.6180711811208616,0.8703485155867694,0.12965148441323063,0.3657938466549538,,,0.006303824648134948,0.0003198384578800839,-0.00031983845788005616,0.012287810838389979,,,A2_group,1.025,1.015,0.99,Screened,fast metric pass; detailed slices computed for top candidates only
A2_group_1.025_1.015_0.995,0.6183325735317122,0.8704915683997962,0.12950843160020373,0.36617357866362815,,,0.006565217058985606,0.00046289127090692883,-0.0004628912709069566,0.01266754284706434,,,A2_group,1.025,1.015,0.995,Screened,fast metric pass; detailed slices computed for top candidates only
A2_group_1.025_1.015_1.000,0.618552424066988,0.8706272400802205,0.1293727599197795,0.36647760805375534,,,0.00678506759426134,0.0005985629513312052,-0.0005985629513311774,0.012971572237191531,,,A2_group,1.025,1.015,1.0,Screened,fast metric pass; detailed slices computed for top candidates only
A2_group_1.025_1.015_1.005,0.6187391855663482,0.8707546971585928,0.1292453028414072,0.3667236739741037,,,0.006971829093621595,0.0007260200297034558,-0.0007260200297034836,0.013217638157539902,,,A2_group,1.025,1.015,1.005,Screened,fast metric pass; detailed slices computed for top candidates only
A2_group_1.025_1.015_1.010,0.6191178958336007,0.8708754791393902,0.1291245208606098,0.3673603125278111,,,0.007350539360874042,0.0008468020105009133,-0.0008468020105008855,0.013854276711247282,,,A2_group,1.025,1.015,1.01,Screened,fast metric pass; detailed slices computed for top candidates only
A2_group_1.025_1.015_1.015,0.6193737507587822,0.8709895622184285,0.12901043778157148,0.3677579392991359,,,0.007606394286055584,0.0009608850895391763,-0.000960885089539204,0.014251903482572104,,,A2_group,1.025,1.015,1.015,Screened,fast metric pass; detailed slices computed for top candidates only
A2_group_1.025_1.015_1.020,0.6194422422483576,0.8710970318017994,0.1289029681982006,0.3677874526949158,,,0.007674885775631024,0.00106835467291011,-0.0010683546729100823,0.014281416878351993,,,A2_group,1.025,1.015,1.02,Screened,fast metric pass; detailed slices computed for top candidates only
A2_group_1.025_1.015_1.025,0.6198490210584824,0.8711967440814862,0.1288032559185138,0.36850129803547854,,,0.008081664585755766,0.0011680669525968579,-0.0011680669525968856,0.014995262218914729,,,A2_group,1.025,1.015,1.025,Screened,fast metric pass; detailed slices computed for top candidates only
A2_group_1.025_1.015_1.030,0.6200361580726648,0.8712909002667817,0.12870909973321837,0.36878141587854785,,,0.008268801599938147,0.001262223137892371,-0.0012622231378923154,0.015275380061984034,,,A2_group,1.025,1.015,1.03,Screened,fast metric pass; detailed slices computed for top candidates only
A2_group_1.025_1.020_0.970,0.6170151067661113,0.8696719333905816,0.1303280666094184,0.3643582801416409,,,0.005247750293384645,-0.000356743738307741,0.0003567437383077132,0.010852244325077087,,,A2_group,1.025,1.02,0.97,Screened,fast metric pass; detailed slices computed for top candidates only
A2_group_1.025_1.020_0.975,0.6171986314799005,0.8698417254969051,0.13015827450309497,0.364555537462896,,,0.005431275007173886,-0.00018695163198423348,0.000186951631984289,0.011049501646332172,,,A2_group,1.025,1.02,0.975,Screened,fast metric pass; detailed slices computed for top candidates only
A2_group_1.025_1.020_0.980,0.6176126756280673,0.8700035062639387,0.12999649373606129,0.36522184499219584,,,0.0058453191553407,-2.5170864950574412e-05,2.5170864950602168e-05,0.01171580917563203,,,A2_group,1.025,1.02,0.98,Screened,fast metric pass; detailed slices computed for top candidates only
A2_group_1.025_1.020_0.985,0.6180282994117414,0.8701586171415364,0.1298413828584636,0.3658979816819463,,,0.006260942939014802,0.00012994001264710064,-0.0001299400126470729,0.012391945865382503,,,A2_group,1.025,1.02,0.985,Screened,fast metric pass; detailed slices computed for top candidates only
A2_group_1.025_1.020_0.990,0.6184098019894892,0.870307883870977,0.12969211612902296,0.36651172010800154,,,0.0066424455167626295,0.0002792067420877009,-0.00027920674208772867,0.013005684291437725,,,A2_group,1.025,1.02,0.99,Screened,fast metric pass; detailed slices computed for top candidates only
A2_group_1.025_1.020_0.995,0.6186711944003399,0.870450936684004,0.12954906331599603,0.3668914521166759,,,0.006903837927613288,0.00042225955511465685,-0.00042225955511465685,0.013385416300112085,,,A2_group,1.025,1.02,0.995,Screened,fast metric pass; detailed slices computed for top candidates only
A2_group_1.025_1.020_1.000,0.6188910449356155,0.8705866083644281,0.12941339163557183,0.36719548150680303,,,0.007123688462888911,0.0005579312355388222,-0.0005579312355388499,0.013689445690239221,,,A2_group,1.025,1.02,1.0,Screened,fast metric pass; detailed slices computed for top candidates only
A2_group_1.025_1.020_1.005,0.6190778064349759,0.8707140654428005,0.1292859345571995,0.36744154742715135,,,0.007310449962249277,0.0006853883139111838,-0.0006853883139111838,0.013935511610587537,,,A2_group,1.025,1.02,1.005,Screened,fast metric pass; detailed slices computed for top candidates only
A2_group_1.025_1.020_1.010,0.6194565167022283,0.8708348474235978,0.12916515257640213,0.3680781859808588,,,0.007689160229501724,0.0008061702947085303,-0.0008061702947085581,0.014572150164294972,,,A2_group,1.025,1.02,1.01,Screened,fast metric pass; detailed slices computed for top candidates only
A2_group_1.025_1.020_1.015,0.61971237162741,0.8709489305026362,0.12905106949736378,0.36847581275218366,,,0.007945015154683377,0.0009202533737469043,-0.0009202533737469043,0.01496977693561985,,,A2_group,1.025,1.02,1.015,Screened,fast metric pass; detailed slices computed for top candidates only
A2_group_1.025_1.020_1.020,0.6197808631169853,0.871056400086007,0.12894359991399293,0.36850532614796355,,,0.008013506644258706,0.001027722957117727,-0.0010277229571177549,0.01499929033139974,,,A2_group,1.025,1.02,1.02,Screened,fast metric pass; detailed slices computed for top candidates only
A2_group_1.025_1.020_1.025,0.6201876419271101,0.8711561123656939,0.1288438876343061,0.36921917148852623,,,0.008420285454383447,0.001127435236804586,-0.001127435236804586,0.01571313567196242,,,A2_group,1.025,1.02,1.025,Screened,fast metric pass; detailed slices computed for top candidates only
A2_group_1.025_1.020_1.030,0.6203747789412924,0.8712502685509893,0.12874973144901067,0.3694992893315956,,,0.008607422468565828,0.001221591422099988,-0.0012215914221000157,0.01599325351503178,,,A2_group,1.025,1.02,1.03,Screened,fast metric pass; detailed slices computed for top candidates only
A2_group_1.025_1.025_0.970,0.6169882684662867,0.8696150890488721,0.13038491095112797,0.3643614478837014,,,0.005220911993560118,-0.00041358808001723535,0.00041358808001729086,0.010855412067137582,,,A2_group,1.025,1.025,0.97,Screened,fast metric pass; detailed slices computed for top candidates only
A2_group_1.025_1.025_0.975,0.617171793180076,0.8697848811551955,0.13021511884480455,0.3645587052049564,,,0.005404436707349358,-0.00024379597369383887,0.00024379597369386663,0.01105266938839261,,,A2_group,1.025,1.025,0.975,Screened,fast metric pass; detailed slices computed for top candidates only
A2_group_1.025_1.025_0.980,0.6175858373282427,0.8699466619222291,0.13005333807777086,0.3652250127342563,,,0.005818480855516062,-8.201520666017981e-05,8.201520666017981e-05,0.01171897691769247,,,A2_group,1.025,1.025,0.98,Screened,fast metric pass; detailed slices computed for top candidates only
A2_group_1.025_1.025_0.985,0.6180014611119168,0.8701017727998268,0.1298982272001732,0.36590114942400676,,,0.006234104639190163,7.309567093749525e-05,-7.309567093749525e-05,0.012395113607442942,,,A2_group,1.025,1.025,0.985,Screened,fast metric pass; detailed slices computed for top candidates only
A2_group_1.025_1.025_0.990,0.6183829636896647,0.8702510395292675,0.1297489604707325,0.366514887850062,,,0.006615607216938102,0.00022236240037820654,-0.00022236240037817878,0.013008852033498164,,,A2_group,1.025,1.025,0.99,Screened,fast metric pass; detailed slices computed for top candidates only
A2_group_1.025_1.025_0.995,0.6186443561005154,0.8703940923422944,0.1296059076577056,0.36689461985873634,,,0.00687699962778876,0.00036541521340505145,-0.0003654152134050792,0.013388584042172524,,,A2_group,1.025,1.025,0.995,Screened,fast metric pass; detailed slices computed for top candidates only
A2_group_1.025_1.025_1.000,0.6188642066357911,0.8705297640227186,0.12947023597728138,0.36719864924886353,,,0.007096850163064494,0.0005010868938293278,-0.0005010868938293,0.013692613432299716,,,A2_group,1.025,1.025,1.0,Screened,fast metric pass; detailed slices computed for top candidates only
A2_group_1.025_1.025_1.005,0.6190509681351514,0.8706572211010909,0.12934277889890908,0.3674447151692119,,,0.007283611662424749,0.0006285439722015784,-0.0006285439722016062,0.013938679352648087,,,A2_group,1.025,1.025,1.005,Screened,fast metric pass; detailed slices computed for top candidates only
A2_group_1.025_1.025_1.010,0.6194296784024038,0.8707780030818884,0.12922199691811168,0.3680813537229193,,,0.007662321929677196,0.0007493259529990359,-0.0007493259529990082,0.014575317906355467,,,A2_group,1.025,1.025,1.01,Screened,fast metric pass; detailed slices computed for top candidates only
A2_group_1.025_1.025_1.015,0.6196855333275854,0.8708920861609266,0.12910791383907336,0.3684789804942441,,,0.007918176854858738,0.0008634090320372989,-0.0008634090320373267,0.014972944677680289,,,A2_group,1.025,1.025,1.015,Screened,fast metric pass; detailed slices computed for top candidates only
A2_group_1.025_1.025_1.020,0.6197540248171608,0.8709995557442975,0.12900044425570248,0.368508493890024,,,0.007986668344434178,0.0009708786154082327,-0.000970878615408205,0.015002458073460179,,,A2_group,1.025,1.025,1.02,Screened,fast metric pass; detailed slices computed for top candidates only
A2_group_1.025_1.025_1.025,0.6201608036272855,0.8710992680239843,0.12890073197601568,0.3692223392305867,,,0.00839344715455892,0.0010705908950949805,-0.0010705908950950083,0.015716303414022914,,,A2_group,1.025,1.025,1.025,Screened,fast metric pass; detailed slices computed for top candidates only
A2_group_1.025_1.025_1.030,0.6203479406414679,0.8711934242092798,0.12880657579072025,0.36950245707365603,,,0.008580584168741301,0.0011647470803904936,-0.001164747080390438,0.01599642125709222,,,A2_group,1.025,1.025,1.03,Screened,fast metric pass; detailed slices computed for top candidates only
A2_group_1.025_1.030_0.970,0.6172268309051765,0.8695442838018843,0.13045571619811566,0.3649093780084686,,,0.005459474432449873,-0.00048439332700500604,0.0004843933270049783,0.011403342191904808,,,A2_group,1.025,1.03,0.97,Screened,fast metric pass; detailed slices computed for top candidates only
A2_group_1.025_1.030_0.975,0.6174103556189657,0.8697140759082078,0.1302859240917922,0.36510663532972365,,,0.005642999146239114,-0.00031460122068149854,0.0003146012206815263,0.011600599513159837,,,A2_group,1.025,1.03,0.975,Screened,fast metric pass; detailed slices computed for top candidates only
A2_group_1.025_1.030_0.980,0.6178243997671324,0.8698758566752415,0.13012414332475855,0.3657729428590235,,,0.006057043294405817,-0.00015282045364783947,0.00015282045364786723,0.012266907042459696,,,A2_group,1.025,1.03,0.98,Screened,fast metric pass; detailed slices computed for top candidates only
A2_group_1.025_1.030_0.985,0.6182400235508065,0.8700309675528392,0.12996903244716085,0.366449079548774,,,0.006472667078079919,2.290423949835585e-06,-2.290423949835585e-06,0.012943043732210169,,,A2_group,1.025,1.03,0.985,Screened,fast metric pass; detailed slices computed for top candidates only
A2_group_1.025_1.030_0.990,0.6186215261285545,0.8701802342822798,0.1298197657177202,0.3670628179748292,,,0.0068541696558278575,0.00015155715339043585,-0.00015155715339049136,0.01355678215826539,,,A2_group,1.025,1.03,0.99,Screened,fast metric pass; detailed slices computed for top candidates only
A2_group_1.025_1.030_0.995,0.6188829185394051,0.8703232870953067,0.12967671290469326,0.3674425499835035,,,0.007115562066678516,0.0002946099664173918,-0.00029460996641741954,0.013936514166939695,,,A2_group,1.025,1.03,0.995,Screened,fast metric pass; detailed slices computed for top candidates only
A2_group_1.025_1.030_1.000,0.6191027690746809,0.8704589587757309,0.1295410412242691,0.36774657937363076,,,0.00733541260195425,0.0004302816468415571,-0.0004302816468415849,0.014240543557066943,,,A2_group,1.025,1.03,1.0,Screened,fast metric pass; detailed slices computed for top candidates only
A2_group_1.025_1.030_1.005,0.6192895305740411,0.8705864158541032,0.12941358414589677,0.36799264529397907,,,0.007522174101314505,0.0005577387252139188,-0.0005577387252139188,0.014486609477415258,,,A2_group,1.025,1.03,1.005,Screened,fast metric pass; detailed slices computed for top candidates only
A2_group_1.025_1.030_1.010,0.6196682408412936,0.8707071978349007,0.12929280216509934,0.3686292838476865,,,0.007900884368566952,0.0006785207060113763,-0.0006785207060113485,0.015123248031122694,,,A2_group,1.025,1.03,1.01,Screened,fast metric pass; detailed slices computed for top candidates only
A2_group_1.025_1.030_1.015,0.6199240957664751,0.870821280913939,0.12917871908606102,0.36902691061901133,,,0.008156739293748494,0.0007926037850496392,-0.000792603785049667,0.015520874802447515,,,A2_group,1.025,1.03,1.015,Screened,fast metric pass; detailed slices computed for top candidates only
A2_group_1.025_1.030_1.020,0.6199925872560506,0.8709287504973099,0.12907124950269014,0.36905642401479116,,,0.008225230783323934,0.0009000733684205731,-0.0009000733684205453,0.01555038819822735,,,A2_group,1.025,1.03,1.02,Screened,fast metric pass; detailed slices computed for top candidates only
A2_group_1.025_1.030_1.025,0.6203993660661753,0.8710284627769966,0.12897153722300336,0.36977026935535395,,,0.008632009593448675,0.0009997856481073208,-0.0009997856481073208,0.01626423353879014,,,A2_group,1.025,1.03,1.025,Screened,fast metric pass; detailed slices computed for top candidates only
A2_group_1.025_1.030_1.030,0.6205865030803577,0.871122618962292,0.12887738103770793,0.37005038719842326,,,0.008819146607631057,0.0010939418334027229,-0.0010939418334027506,0.016544351381859446,,,A2_group,1.025,1.03,1.03,Screened,fast metric pass; detailed slices computed for top candidates only
A2_group_1.030_0.970_0.970,0.6103343299705852,0.8693230993336809,0.13067690066631915,0.35134556060748956,,,-0.001433026502141388,-0.0007055777952084119,0.0007055777952084674,-0.002160475209074253,,,A2_group,1.03,0.97,0.97,Screened,fast metric pass; detailed slices computed for top candidates only
A2_group_1.030_0.970_0.975,0.6105178546843745,0.8694928914400043,0.13050710855999573,0.3515428179287446,,,-0.0012495017883521475,-0.0005357856888850154,0.0005357856888850432,-0.001963217887819224,,,A2_group,1.03,0.97,0.975,Screened,fast metric pass; detailed slices computed for top candidates only
A2_group_1.030_0.970_0.980,0.6109318988325412,0.869654672207038,0.13034532779296204,0.35220912545804445,,,-0.0008354576401854441,-0.00037400492185135636,0.00037400492185135636,-0.0012969103585193653,,,A2_group,1.03,0.97,0.98,Screened,fast metric pass; detailed slices computed for top candidates only
A2_group_1.030_0.970_0.985,0.6113475226162153,0.8698097830846356,0.13019021691536437,0.3528852621477949,,,-0.0004198338565113424,-0.0002188940442536813,0.0002188940442536813,-0.0006207736687688925,,,A2_group,1.03,0.97,0.985,Screened,fast metric pass; detailed slices computed for top candidates only
A2_group_1.030_0.970_0.990,0.6117290251939632,0.8699590498140763,0.13004095018592368,0.35349900057385014,,,-3.833127876340381e-05,-6.962731481297002e-05,6.962731481299778e-05,-7.035242713671064e-06,,,A2_group,1.03,0.97,0.99,Screened,fast metric pass; detailed slices computed for top candidates only
A2_group_1.030_0.970_0.995,0.6119904176048139,0.8701021026271032,0.12989789737289678,0.3538787325825245,,,0.00022306113208725442,7.34254982138749e-05,-7.342549821390265e-05,0.00037269676596068946,,,A2_group,1.03,0.97,0.995,Screened,fast metric pass; detailed slices computed for top candidates only
A2_group_1.030_0.970_1.000,0.6122102681400896,0.8702377743075275,0.12976222569247256,0.3541827619726517,,,0.0004429116673629885,0.00020909717863815125,-0.0002090971786381235,0.0006767261560878812,,,A2_group,1.03,0.97,1.0,Screened,fast metric pass; detailed slices computed for top candidates only
A2_group_1.030_0.970_1.005,0.6123970296394499,0.8703652313858997,0.12963476861410025,0.35442882789300006,,,0.0006296731667232436,0.00033655425701040187,-0.0003365542570104296,0.0009227920764362518,,,A2_group,1.03,0.97,1.005,Screened,fast metric pass; detailed slices computed for top candidates only
A2_group_1.030_0.970_1.010,0.6127757399067023,0.8704860133666972,0.12951398663330285,0.35506546644670745,,,0.0010083834339756903,0.00045733623780785937,-0.0004573362378078316,0.0015594306301436323,,,A2_group,1.03,0.97,1.01,Screened,fast metric pass; detailed slices computed for top candidates only
A2_group_1.030_0.970_1.015,0.6130315948318839,0.8706000964457354,0.12939990355426453,0.35546309321803227,,,0.0012642383591572326,0.0005714193168461223,-0.0005714193168461501,0.001957057401468454,,,A2_group,1.03,0.97,1.015,Screened,fast metric pass; detailed slices computed for top candidates only
A2_group_1.030_0.970_1.020,0.6131000863214593,0.8707075660291064,0.12929243397089366,0.35549260661381216,,,0.0013327298487326722,0.0006788889002170562,-0.0006788889002170284,0.0019865707972483437,,,A2_group,1.03,0.97,1.02,Screened,fast metric pass; detailed slices computed for top candidates only
A2_group_1.030_0.970_1.025,0.613506865131584,0.8708072783087931,0.12919272169120685,0.3562064519543749,,,0.0017395086588574138,0.000778601179903804,-0.0007786011799038317,0.002700416137811079,,,A2_group,1.03,0.97,1.025,Screened,fast metric pass; detailed slices computed for top candidates only
A2_group_1.030_0.970_1.030,0.6136940021457664,0.8709014344940886,0.12909856550591142,0.3564865697974442,,,0.0019266456730397952,0.000872757365199317,-0.0008727573651992615,0.0029805339808803843,,,A2_group,1.03,0.97,1.03,Screened,fast metric pass; detailed slices computed for top candidates only
A2_group_1.030_0.975_0.970,0.61183329676884,0.8694453008962854,0.13055469910371467,0.35422129264139457,,,6.594029611339813e-05,-0.0005833762326039604,0.0005833762326039882,0.0007152568248307567,,,A2_group,1.03,0.975,0.97,Screened,fast metric pass; detailed slices computed for top candidates only
A2_group_1.030_0.975_0.975,0.6120168214826291,0.8696150930026088,0.13038490699739125,0.3544185499626496,,,0.0002494650099025275,-0.00041358412628056396,0.00041358412628056396,0.0009125141460857855,,,A2_group,1.03,0.975,0.975,Screened,fast metric pass; detailed slices computed for top candidates only
A2_group_1.030_0.975_0.980,0.612430865630796,0.8697768737696424,0.1302231262303576,0.35508485749194946,,,0.000663509158069342,-0.0002518033592469049,0.0002518033592469049,0.0015788216753856443,,,A2_group,1.03,0.975,0.98,Screened,fast metric pass; detailed slices computed for top candidates only
A2_group_1.030_0.975_0.985,0.6128464894144701,0.8699319846472401,0.13006801535275989,0.35576099418169993,,,0.0010791329417434437,-9.669248164922983e-05,9.669248164920208e-05,0.002254958365136117,,,A2_group,1.03,0.975,0.985,Screened,fast metric pass; detailed slices computed for top candidates only
A2_group_1.030_0.975_0.990,0.613227991992218,0.8700812513766808,0.12991874862331923,0.35637473260775515,,,0.0014606355194913823,5.2574247791481454e-05,-5.25742477914537e-05,0.0028686967911913386,,,A2_group,1.03,0.975,0.99,Screened,fast metric pass; detailed slices computed for top candidates only
A2_group_1.030_0.975_0.995,0.6134893844030687,0.8702243041897078,0.12977569581029227,0.3567544646164295,,,0.0017220279303420405,0.0001956270608184374,-0.00019562706081840964,0.003248428799865699,,,A2_group,1.03,0.975,0.995,Screened,fast metric pass; detailed slices computed for top candidates only
A2_group_1.030_0.975_1.000,0.6137092349383443,0.8703599758701319,0.1296400241298681,0.3570584940065567,,,0.0019418784656176635,0.0003312987412426027,-0.00033129874124257497,0.003552458189992891,,,A2_group,1.03,0.975,1.0,Screened,fast metric pass; detailed slices computed for top candidates only
A2_group_1.030_0.975_1.005,0.6138959964377046,0.8704874329485042,0.1295125670514958,0.3573045599269051,,,0.0021286399649780297,0.00045875581961485334,-0.0004587558196148811,0.0037985241103412615,,,A2_group,1.03,0.975,1.005,Screened,fast metric pass; detailed slices computed for top candidates only
A2_group_1.030_0.975_1.010,0.614274706704957,0.8706082149293016,0.12939178507069837,0.35794119848061245,,,0.0025073502322303654,0.0005795378004123108,-0.0005795378004123108,0.004435162664048642,,,A2_group,1.03,0.975,1.01,Screened,fast metric pass; detailed slices computed for top candidates only
A2_group_1.030_0.975_1.015,0.6145305616301386,0.87072229800834,0.12927770199166005,0.3583388252519373,,,0.0027632051574120187,0.0006936208794506848,-0.0006936208794506293,0.0048327894353734635,,,A2_group,1.03,0.975,1.015,Screened,fast metric pass; detailed slices computed for top candidates only
A2_group_1.030_0.975_1.020,0.614599053119714,0.8708297675917108,0.12917023240828918,0.35836833864771717,,,0.0028316966469873472,0.0008010904628215076,-0.0008010904628215076,0.004862302831153353,,,A2_group,1.03,0.975,1.02,Screened,fast metric pass; detailed slices computed for top candidates only
A2_group_1.030_0.975_1.025,0.6150058319298387,0.8709294798713976,0.1290705201286024,0.3590821839882799,,,0.003238475457112089,0.0009008027425082554,-0.0009008027425082832,0.005576148171716089,,,A2_group,1.03,0.975,1.025,Screened,fast metric pass; detailed slices computed for top candidates only
A2_group_1.030_0.975_1.030,0.6151929689440212,0.8710236360566931,0.12897636394330694,0.3593623018313492,,,0.0034256124712945812,0.0009949589278037685,-0.0009949589278037407,0.005856266014785394,,,A2_group,1.03,0.975,1.03,Screened,fast metric pass; detailed slices computed for top candidates only
A2_group_1.030_0.980_0.970,0.6126468667208756,0.8695512525122324,0.1304487474877676,0.35574248092951893,,,0.0008795102481490291,-0.0004774246166568963,0.00047742461665692404,0.002236445112955121,,,A2_group,1.03,0.98,0.97,Screened,fast metric pass; detailed slices computed for top candidates only
A2_group_1.030_0.980_0.975,0.6128303914346649,0.8697210446185558,0.13027895538144418,0.3559397382507741,,,0.0010630349619382695,-0.0003076325103334998,0.0003076325103334998,0.002433702434210261,,,A2_group,1.03,0.98,0.975,Screened,fast metric pass; detailed slices computed for top candidates only
A2_group_1.030_0.980_0.980,0.6132444355828317,0.8698828253855895,0.13011717461441052,0.356606045780074,,,0.001477079110105084,-0.00014585174329984074,0.00014585174329984074,0.003100009963510175,,,A2_group,1.03,0.98,0.98,Screened,fast metric pass; detailed slices computed for top candidates only
A2_group_1.030_0.980_0.985,0.6136600593665058,0.8700379362631872,0.12996206373681282,0.3572821824698244,,,0.0018927028937791857,9.259134297834315e-06,-9.25913429786207e-06,0.0037761466532605925,,,A2_group,1.03,0.98,0.985,Screened,fast metric pass; detailed slices computed for top candidates only
A2_group_1.030_0.980_0.990,0.6140415619442537,0.8701872029926279,0.12981279700737217,0.3578959208958796,,,0.0022742054715271243,0.0001585258637385456,-0.00015852586373851785,0.004389885079315814,,,A2_group,1.03,0.98,0.99,Screened,fast metric pass; detailed slices computed for top candidates only
A2_group_1.030_0.980_0.995,0.6143029543551044,0.8703302558056548,0.1296697441943452,0.35827565290455393,,,0.0025355978823777825,0.00030157867676550154,-0.0003015786767654738,0.004769617087990119,,,A2_group,1.03,0.98,0.995,Screened,fast metric pass; detailed slices computed for top candidates only
A2_group_1.030_0.980_1.000,0.61452280489038,0.870465927486079,0.12953407251392104,0.3585796822946811,,,0.0027554484176534055,0.00043725035718966687,-0.0004372503571896391,0.005073646478117311,,,A2_group,1.03,0.98,1.0,Screened,fast metric pass; detailed slices computed for top candidates only
A2_group_1.030_0.980_1.005,0.6147095663897404,0.8705933845644512,0.12940661543554874,0.3588257482150295,,,0.0029422099170137717,0.0005647074355619175,-0.0005647074355619452,0.005319712398465681,,,A2_group,1.03,0.98,1.005,Screened,fast metric pass; detailed slices computed for top candidates only
A2_group_1.030_0.980_1.010,0.6150882766569928,0.8707141665452487,0.1292858334547513,0.35946238676873693,,,0.0033209201842662184,0.000685489416359375,-0.000685489416359375,0.005956350952173117,,,A2_group,1.03,0.98,1.01,Screened,fast metric pass; detailed slices computed for top candidates only
A2_group_1.030_0.980_1.015,0.6153441315821744,0.870828249624287,0.129171750375713,0.3598600135400618,,,0.0035767751094477607,0.000799572495397638,-0.0007995724953976935,0.006353977723497994,,,A2_group,1.03,0.98,1.015,Screened,fast metric pass; detailed slices computed for top candidates only
A2_group_1.030_0.980_1.020,0.6154126230717498,0.8709357192076579,0.1290642807923421,0.3598895269358417,,,0.0036452665990232003,0.0009070420787685718,-0.0009070420787685718,0.006383491119277884,,,A2_group,1.03,0.98,1.02,Screened,fast metric pass; detailed slices computed for top candidates only
A2_group_1.030_0.980_1.025,0.6158194018818746,0.8710354314873446,0.12896456851265534,0.3606033722764044,,,0.004052045409147942,0.0010067543584553196,-0.0010067543584553473,0.007097336459840564,,,A2_group,1.03,0.98,1.025,Screened,fast metric pass; detailed slices computed for top candidates only
A2_group_1.030_0.980_1.030,0.6160065388960569,0.8711295876726401,0.12887041232735988,0.3608834901194737,,,0.004239182423330323,0.0011009105437508326,-0.0011009105437508049,0.007377454302909869,,,A2_group,1.03,0.98,1.03,Screened,fast metric pass; detailed slices computed for top candidates only
A2_group_1.030_0.985_0.970,0.6134005507591909,0.8696391929471978,0.1303608070528022,0.35716190857118385,,,0.0016331942864642457,-0.0003894841816914907,0.00038948418169151844,0.0036558727546200376,,,A2_group,1.03,0.985,0.97,Screened,fast metric pass; detailed slices computed for top candidates only
A2_group_1.030_0.985_0.975,0.6135840754729801,0.8698089850535212,0.13019101494647875,0.35735916589243893,,,0.001816719000253486,-0.0002196920753680942,0.00021969207536806645,0.003853130075875122,,,A2_group,1.03,0.985,0.975,Screened,fast metric pass; detailed slices computed for top candidates only
A2_group_1.030_0.985_0.980,0.6139981196211469,0.8699707658205549,0.1300292341794451,0.3580254734217389,,,0.0022307631484203005,-5.791130833443514e-05,5.7911308334407385e-05,0.004519437605175092,,,A2_group,1.03,0.985,0.98,Screened,fast metric pass; detailed slices computed for top candidates only
A2_group_1.030_0.985_0.985,0.6144137434048209,0.8701258766981526,0.12987412330184742,0.35870161011148927,,,0.002646386932094291,9.719956926323992e-05,-9.719956926326767e-05,0.0051955742949254535,,,A2_group,1.03,0.985,0.985,Screened,fast metric pass; detailed slices computed for top candidates only
A2_group_1.030_0.985_0.990,0.6147952459825688,0.8702751434275933,0.12972485657240673,0.3593153485375445,,,0.00302788950984223,0.0002464662987039512,-0.0002464662987039512,0.005809312720980675,,,A2_group,1.03,0.985,0.99,Screened,fast metric pass; detailed slices computed for top candidates only
A2_group_1.030_0.985_0.995,0.6150566383934195,0.8704181962406202,0.1295818037593798,0.35969508054621885,,,0.003289281920692888,0.00038951911173090714,-0.0003895191117308794,0.0061890447296550355,,,A2_group,1.03,0.985,0.995,Screened,fast metric pass; detailed slices computed for top candidates only
A2_group_1.030_0.985_1.000,0.6152764889286952,0.8705538679210444,0.1294461320789556,0.359999109936346,,,0.003509132455968622,0.0005251907921550725,-0.0005251907921550725,0.006493074119782172,,,A2_group,1.03,0.985,1.0,Screened,fast metric pass; detailed slices computed for top candidates only
A2_group_1.030_0.985_1.005,0.6154632504280556,0.8706813249994168,0.12931867500058328,0.3602451758566944,,,0.0036958939553289882,0.0006526478705274341,-0.0006526478705274064,0.006739140040130598,,,A2_group,1.03,0.985,1.005,Screened,fast metric pass; detailed slices computed for top candidates only
A2_group_1.030_0.985_1.010,0.6158419606953079,0.8708021069802141,0.1291978930197859,0.3608818144104018,,,0.004074604222581324,0.0007734298513247806,-0.0007734298513247806,0.007375778593837978,,,A2_group,1.03,0.985,1.01,Screened,fast metric pass; detailed slices computed for top candidates only
A2_group_1.030_0.985_1.015,0.6160978156204896,0.8709161900592525,0.12908380994074756,0.36127944118172667,,,0.004330459147762977,0.0008875129303631546,-0.0008875129303631268,0.007773405365162855,,,A2_group,1.03,0.985,1.015,Screened,fast metric pass; detailed slices computed for top candidates only
A2_group_1.030_0.985_1.020,0.6161663071100649,0.8710236596426233,0.1289763403573767,0.36130895457750656,,,0.004398950637338306,0.0009949825137339774,-0.0009949825137339774,0.007802918760942745,,,A2_group,1.03,0.985,1.02,Screened,fast metric pass; detailed slices computed for top candidates only
A2_group_1.030_0.985_1.025,0.6165730859201897,0.8711233719223102,0.12887662807768988,0.36202279991806924,,,0.004805729447463047,0.0010946947934208362,-0.0010946947934208084,0.008516764101505425,,,A2_group,1.03,0.985,1.025,Screened,fast metric pass; detailed slices computed for top candidates only
A2_group_1.030_0.985_1.030,0.616760222934372,0.8712175281076056,0.12878247189239447,0.36230291776113854,,,0.004992866461645429,0.0011888509787162382,-0.0011888509787162105,0.00879688194457473,,,A2_group,1.03,0.985,1.03,Screened,fast metric pass; detailed slices computed for top candidates only
A2_group_1.030_0.990_0.970,0.6144197167768114,0.86971082260003,0.13028917739997,0.3591286109535928,,,0.0026523603040847776,-0.0003178545288593515,0.00031785452885932375,0.005622575137028962,,,A2_group,1.03,0.99,0.97,Screened,fast metric pass; detailed slices computed for top candidates only
A2_group_1.030_0.990_0.975,0.6146032414906006,0.8698806147063535,0.13011938529364656,0.35932586827484786,,,0.002835885017874018,-0.000148062422535844,0.00014806242253587176,0.005819832458284047,,,A2_group,1.03,0.99,0.975,Screened,fast metric pass; detailed slices computed for top candidates only
A2_group_1.030_0.990_0.980,0.6150172856387675,0.8700423954733871,0.1299576045266129,0.3599921758041478,,,0.0032499291660408325,1.371834449781506e-05,-1.3718344497787305e-05,0.006486139987583961,,,A2_group,1.03,0.99,0.98,Screened,fast metric pass; detailed slices computed for top candidates only
A2_group_1.030_0.990_0.985,0.6154329094224416,0.8701975063509848,0.1298024936490152,0.36066831249389825,,,0.003665552949714934,0.00016882922209549012,-0.00016882922209549012,0.007162276677334434,,,A2_group,1.03,0.99,0.985,Screened,fast metric pass; detailed slices computed for top candidates only
A2_group_1.030_0.990_0.990,0.6158144120001895,0.8703467730804255,0.12965322691957454,0.36128205091995347,,,0.004047055527462873,0.0003180959515362014,-0.0003180959515361459,0.007776015103389655,,,A2_group,1.03,0.99,0.99,Screened,fast metric pass; detailed slices computed for top candidates only
A2_group_1.030_0.990_0.995,0.61607580441104,0.8704898258934524,0.1295101741065476,0.3616617829286278,,,0.00430844793831342,0.0004611487645630463,-0.0004611487645630741,0.00815574711206396,,,A2_group,1.03,0.99,0.995,Screened,fast metric pass; detailed slices computed for top candidates only
A2_group_1.030_0.990_1.000,0.6162956549463158,0.8706254975738765,0.12937450242612344,0.36196581231875496,,,0.004528298473589154,0.0005968204449872117,-0.0005968204449872394,0.008459776502191152,,,A2_group,1.03,0.99,1.0,Screened,fast metric pass; detailed slices computed for top candidates only
A2_group_1.030_0.990_1.005,0.6164824164456761,0.8707529546522489,0.1292470453477511,0.3622118782391033,,,0.00471505997294952,0.0007242775233595733,-0.0007242775233595733,0.008705842422539467,,,A2_group,1.03,0.99,1.005,Screened,fast metric pass; detailed slices computed for top candidates only
A2_group_1.030_0.990_1.010,0.6168611267129285,0.8708737366330463,0.12912626336695368,0.36284851679281066,,,0.005093770240201856,0.0008450595041570308,-0.000845059504157003,0.009342480976246847,,,A2_group,1.03,0.99,1.01,Screened,fast metric pass; detailed slices computed for top candidates only
A2_group_1.030_0.990_1.015,0.6171169816381101,0.8709878197120846,0.12901218028791536,0.3632461435641356,,,0.005349625165383509,0.0009591425831952938,-0.0009591425831953215,0.00974010774757178,,,A2_group,1.03,0.99,1.015,Screened,fast metric pass; detailed slices computed for top candidates only
A2_group_1.030_0.990_1.020,0.6171854731276855,0.8710952892954555,0.12890471070454448,0.3632756569599154,,,0.005418116654958838,0.0010666121665662276,-0.0010666121665661998,0.009769621143351614,,,A2_group,1.03,0.99,1.02,Screened,fast metric pass; detailed slices computed for top candidates only
A2_group_1.030_0.990_1.025,0.6175922519378102,0.8711950015751423,0.1288049984248577,0.36398950230047816,,,0.005824895465083579,0.0011663244462529754,-0.0011663244462529754,0.01048346648391435,,,A2_group,1.03,0.99,1.025,Screened,fast metric pass; detailed slices computed for top candidates only
A2_group_1.030_0.990_1.030,0.6177793889519926,0.8712891577604377,0.12871084223956228,0.3642696201435475,,,0.006012032479265961,0.0012604806315483774,-0.0012604806315484052,0.01076358432698371,,,A2_group,1.03,0.99,1.03,Screened,fast metric pass; detailed slices computed for top candidates only
A2_group_1.030_0.995_0.970,0.615122197006839,0.8697634457864872,0.1302365542135128,0.3604809482271909,,,0.003354840534112391,-0.00026523134240208357,0.0002652313424021113,0.006974912410627088,,,A2_group,1.03,0.995,0.97,Screened,fast metric pass; detailed slices computed for top candidates only
A2_group_1.030_0.995_0.975,0.6153057217206284,0.8699332378928106,0.13006676210718937,0.36067820554844604,,,0.0035383652479017424,-9.54392360786871e-05,9.54392360786871e-05,0.0071721697318822275,,,A2_group,1.03,0.995,0.975,Screened,fast metric pass; detailed slices computed for top candidates only
A2_group_1.030_0.995_0.980,0.6157197658687952,0.8700950186598443,0.1299049813401557,0.36134451307774595,,,0.003952409396068557,6.634153095497197e-05,-6.634153095497197e-05,0.007838477261182142,,,A2_group,1.03,0.995,0.98,Screened,fast metric pass; detailed slices computed for top candidates only
A2_group_1.030_0.995_0.985,0.6161353896524692,0.870250129537442,0.129749870462558,0.3620206497674963,,,0.004368033179742548,0.00022145240855264703,-0.00022145240855267478,0.008514613950932504,,,A2_group,1.03,0.995,0.985,Screened,fast metric pass; detailed slices computed for top candidates only
A2_group_1.030_0.995_0.990,0.6165168922302171,0.8703993962668827,0.12960060373311735,0.3626343881935516,,,0.004749535757490486,0.0003707191379933583,-0.00037071913799333056,0.00912835237698778,,,A2_group,1.03,0.995,0.99,Screened,fast metric pass; detailed slices computed for top candidates only
A2_group_1.030_0.995_0.995,0.6167782846410678,0.8705424490799096,0.1294575509200904,0.3630141202022259,,,0.005010928168341144,0.0005137719510203143,-0.0005137719510202865,0.009508084385662086,,,A2_group,1.03,0.995,0.995,Screened,fast metric pass; detailed slices computed for top candidates only
A2_group_1.030_0.995_1.000,0.6169981351763434,0.8706781207603338,0.12932187923966623,0.36331814959235303,,,0.0052307787036167674,0.0006494436314444796,-0.0006494436314444518,0.009812113775789222,,,A2_group,1.03,0.995,1.0,Screened,fast metric pass; detailed slices computed for top candidates only
A2_group_1.030_0.995_1.005,0.6171848966757038,0.870805577838706,0.12919442216129393,0.36356421551270146,,,0.005417540202977134,0.0007769007098167302,-0.000776900709816758,0.010058179696137648,,,A2_group,1.03,0.995,1.005,Screened,fast metric pass; detailed slices computed for top candidates only
A2_group_1.030_0.995_1.010,0.6175636069429562,0.8709263598195035,0.1290736401804965,0.36420085406640884,,,0.00579625047022958,0.0008976826906141877,-0.0008976826906141877,0.010694818249845028,,,A2_group,1.03,0.995,1.01,Screened,fast metric pass; detailed slices computed for top candidates only
A2_group_1.030_0.995_1.015,0.6178194618681379,0.8710404428985419,0.12895955710145818,0.3645984808377338,,,0.006052105395411234,0.0010117657696525617,-0.0010117657696525062,0.011092445021169961,,,A2_group,1.03,0.995,1.015,Screened,fast metric pass; detailed slices computed for top candidates only
A2_group_1.030_0.995_1.020,0.6178879533577132,0.8711479124819127,0.1288520875180873,0.3646279942335136,,,0.006120596884986562,0.0011192353530233845,-0.0011192353530233845,0.011121958416949795,,,A2_group,1.03,0.995,1.02,Screened,fast metric pass; detailed slices computed for top candidates only
A2_group_1.030_0.995_1.025,0.6182947321678379,0.8712476247615994,0.12875237523840052,0.36534183957407634,,,0.006527375695111304,0.0012189476327101323,-0.00121894763271016,0.01183580375751253,,,A2_group,1.03,0.995,1.025,Screened,fast metric pass; detailed slices computed for top candidates only
A2_group_1.030_0.995_1.030,0.6184818691820203,0.871341780946895,0.12865821905310507,0.3656219574171456,,,0.006714512709293685,0.0013131038180056454,-0.0013131038180056176,0.01211592160058178,,,A2_group,1.03,0.995,1.03,Screened,fast metric pass; detailed slices computed for top candidates only
A2_group_1.030_1.000_0.970,0.6158430761798923,0.8697999984989945,0.13020000150100555,0.3618861538607902,,,0.0040757197071656925,-0.00022867862989484067,0.00022867862989486842,0.008380118044226392,,,A2_group,1.03,1.0,0.97,Screened,fast metric pass; detailed slices computed for top candidates only
A2_group_1.030_1.000_0.975,0.6160266008936816,0.8699697906053179,0.13003020939468213,0.3620834111820453,,,0.004259244420954933,-5.8886523571444194e-05,5.8886523571444194e-05,0.008577375365481477,,,A2_group,1.03,1.0,0.975,Screened,fast metric pass; detailed slices computed for top candidates only
A2_group_1.030_1.000_0.980,0.6164406450418484,0.8701315713723515,0.12986842862764844,0.36274971871134526,,,0.004673288569121747,0.00010289424346221487,-0.00010289424346224263,0.009243682894781446,,,A2_group,1.03,1.0,0.98,Screened,fast metric pass; detailed slices computed for top candidates only
A2_group_1.030_1.000_0.985,0.6168562688255224,0.8702866822499492,0.12971331775005077,0.3634258554010956,,,0.005088912352795738,0.00025800512105988993,-0.0002580051210599177,0.009919819584531808,,,A2_group,1.03,1.0,0.985,Screened,fast metric pass; detailed slices computed for top candidates only
A2_group_1.030_1.000_0.990,0.6172377714032704,0.8704359489793899,0.12956405102061008,0.36403959382715084,,,0.005470414930543788,0.0004072718505006012,-0.0004072718505006012,0.01053355801058703,,,A2_group,1.03,1.0,0.99,Screened,fast metric pass; detailed slices computed for top candidates only
A2_group_1.030_1.000_0.995,0.6174991638141211,0.8705790017924169,0.12942099820758315,0.3644193258358252,,,0.005731807341394446,0.0005503246635275572,-0.0005503246635275294,0.01091329001926139,,,A2_group,1.03,1.0,0.995,Screened,fast metric pass; detailed slices computed for top candidates only
A2_group_1.030_1.000_1.000,0.6177190143493967,0.870714673472841,0.129285326527159,0.36472335522595234,,,0.005951657876670069,0.0006859963439517225,-0.0006859963439516947,0.011217319409388526,,,A2_group,1.03,1.0,1.0,Screened,fast metric pass; detailed slices computed for top candidates only
A2_group_1.030_1.000_1.005,0.617905775848757,0.8708421305512133,0.12915786944878666,0.36496942114630077,,,0.006138419376030435,0.0008134534223239731,-0.0008134534223240286,0.011463385329736953,,,A2_group,1.03,1.0,1.005,Screened,fast metric pass; detailed slices computed for top candidates only
A2_group_1.030_1.000_1.010,0.6182844861160095,0.8709629125320107,0.12903708746798925,0.36560605970000815,,,0.006517129643282882,0.0009342354031214306,-0.0009342354031214306,0.012100023883444333,,,A2_group,1.03,1.0,1.01,Screened,fast metric pass; detailed slices computed for top candidates only
A2_group_1.030_1.000_1.015,0.618540341041191,0.8710769956110491,0.1289230043889509,0.366003686471333,,,0.006772984568464424,0.0010483184821598046,-0.0010483184821597769,0.01249765065476921,,,A2_group,1.03,1.0,1.015,Screened,fast metric pass; detailed slices computed for top candidates only
A2_group_1.030_1.000_1.020,0.6186088325307664,0.8711844651944199,0.12881553480558006,0.3660331998671129,,,0.006841476058039753,0.0011557880655306274,-0.0011557880655306274,0.0125271640505491,,,A2_group,1.03,1.0,1.02,Screened,fast metric pass; detailed slices computed for top candidates only
A2_group_1.030_1.000_1.025,0.6190156113408911,0.8712841774741067,0.12871582252589325,0.3667470452076756,,,0.007248254868164494,0.0012555003452173752,-0.0012555003452174307,0.01324100939111178,,,A2_group,1.03,1.0,1.025,Screened,fast metric pass; detailed slices computed for top candidates only
A2_group_1.030_1.000_1.030,0.6192027483550735,0.8713783336594022,0.12862166634059782,0.3670271630507449,,,0.007435391882346876,0.0013496565305128883,-0.0013496565305128605,0.013521127234181085,,,A2_group,1.03,1.0,1.03,Screened,fast metric pass; detailed slices computed for top candidates only
A2_group_1.030_1.005_0.970,0.6162899734100155,0.869816462462758,0.130183537537242,0.36276348435727285,,,0.004522616937288837,-0.00021221466613130513,0.00021221466613130513,0.009257448540709035,,,A2_group,1.03,1.005,0.97,Screened,fast metric pass; detailed slices computed for top candidates only
A2_group_1.030_1.005_0.975,0.6164734981238047,0.8699862545690814,0.13001374543091856,0.3629607416785279,,,0.004706141651078077,-4.2422559807908655e-05,4.24225598078809e-05,0.009454705861964063,,,A2_group,1.03,1.005,0.975,Screened,fast metric pass; detailed slices computed for top candidates only
A2_group_1.030_1.005_0.980,0.6168875422719714,0.8701480353361151,0.12985196466388488,0.36362704920782773,,,0.005120185799244781,0.00011935820722575041,-0.00011935820722580592,0.010121013391263922,,,A2_group,1.03,1.005,0.98,Screened,fast metric pass; detailed slices computed for top candidates only
A2_group_1.030_1.005_0.985,0.6173031660556455,0.8703031462137129,0.12969685378628718,0.3643031858975782,,,0.0055358095829188825,0.0002744690848235365,-0.00027446908482350874,0.010797150081014395,,,A2_group,1.03,1.005,0.985,Screened,fast metric pass; detailed slices computed for top candidates only
A2_group_1.030_1.005_0.990,0.6176846686333934,0.8704524129431535,0.12954758705684652,0.36491692432363343,,,0.005917312160666821,0.00042373581426413676,-0.0004237358142641645,0.011410888507069616,,,A2_group,1.03,1.005,0.99,Screened,fast metric pass; detailed slices computed for top candidates only
A2_group_1.030_1.005_0.995,0.6179460610442441,0.8705954657561804,0.1294045342438196,0.36529665633230773,,,0.006178704571517479,0.0005667886272910927,-0.0005667886272910927,0.011790620515743921,,,A2_group,1.03,1.005,0.995,Screened,fast metric pass; detailed slices computed for top candidates only
A2_group_1.030_1.005_1.000,0.6181659115795197,0.8707311374366046,0.1292688625633954,0.365600685722435,,,0.006398555106793102,0.000702460307715258,-0.0007024603077152858,0.012094649905871169,,,A2_group,1.03,1.005,1.0,Screened,fast metric pass; detailed slices computed for top candidates only
A2_group_1.030_1.005_1.005,0.6183526730788801,0.8708585945149769,0.1291414054850231,0.3658467516427833,,,0.0065853166061534685,0.0008299173860876197,-0.0008299173860875919,0.012340715826219484,,,A2_group,1.03,1.005,1.005,Screened,fast metric pass; detailed slices computed for top candidates only
A2_group_1.030_1.005_1.010,0.6187313833461325,0.8709793764957743,0.1290206235042257,0.36648339019649073,,,0.006964026873405915,0.0009506993668849661,-0.0009506993668849939,0.01297735437992692,,,A2_group,1.03,1.005,1.01,Screened,fast metric pass; detailed slices computed for top candidates only
A2_group_1.030_1.005_1.015,0.6189872382713141,0.8710934595748127,0.12890654042518734,0.36688101696781555,,,0.0072198817985874575,0.0010647824459233401,-0.0010647824459233401,0.013374981151251741,,,A2_group,1.03,1.005,1.015,Screened,fast metric pass; detailed slices computed for top candidates only
A2_group_1.030_1.005_1.020,0.6190557297608894,0.8712009291581835,0.1287990708418165,0.3669105303635954,,,0.007288373288162786,0.001172252029294163,-0.0011722520292941907,0.013404494547031576,,,A2_group,1.03,1.005,1.02,Screened,fast metric pass; detailed slices computed for top candidates only
A2_group_1.030_1.005_1.025,0.6194625085710143,0.8713006414378703,0.1286993585621297,0.3676243757041582,,,0.007695152098287639,0.0012719643089810218,-0.001271964308980994,0.014118339887594367,,,A2_group,1.03,1.005,1.025,Screened,fast metric pass; detailed slices computed for top candidates only
A2_group_1.030_1.005_1.030,0.6196496455851966,0.8713947976231657,0.12860520237683426,0.3679044935472275,,,0.00788228911247002,0.0013661204942764238,-0.0013661204942764238,0.014398457730663672,,,A2_group,1.03,1.005,1.03,Screened,fast metric pass; detailed slices computed for top candidates only
A2_group_1.030_1.010_0.970,0.6167875808830547,0.869815130983257,0.13018486901674295,0.3637600307828525,,,0.005020224410328122,-0.0002135461456322929,0.00021354614563226515,0.010253994966288704,,,A2_group,1.03,1.01,0.97,Screened,fast metric pass; detailed slices computed for top candidates only
A2_group_1.030_1.010_0.975,0.616971105596844,0.8699849230895804,0.13001507691041952,0.3639572881041076,,,0.005203749124117363,-4.375403930889643e-05,4.375403930884092e-05,0.010451252287543789,,,A2_group,1.03,1.01,0.975,Screened,fast metric pass; detailed slices computed for top candidates only
A2_group_1.030_1.010_0.980,0.6173851497450109,0.8701467038566142,0.12985329614338584,0.36462359563340757,,,0.005617793272284288,0.00011802672772487366,-0.0001180267277248459,0.011117559816843758,,,A2_group,1.03,1.01,0.98,Screened,fast metric pass; detailed slices computed for top candidates only
A2_group_1.030_1.010_0.985,0.6178007735286849,0.8703018147342119,0.12969818526578816,0.36529973232315793,,,0.006033417055958279,0.0002731376053225487,-0.00027313760532252096,0.01179369650659412,,,A2_group,1.03,1.01,0.985,Screened,fast metric pass; detailed slices computed for top candidates only
A2_group_1.030_1.010_0.990,0.6181822761064328,0.8704510814636525,0.1295489185363475,0.36591347074921315,,,0.0064149196337062175,0.000422404334763149,-0.00042240433476317674,0.012407434932649342,,,A2_group,1.03,1.01,0.99,Screened,fast metric pass; detailed slices computed for top candidates only
A2_group_1.030_1.010_0.995,0.6184436685172835,0.8705941342766794,0.12940586572332058,0.3662932027578875,,,0.006676312044556876,0.0005654571477901049,-0.0005654571477901049,0.012787166941323702,,,A2_group,1.03,1.01,0.995,Screened,fast metric pass; detailed slices computed for top candidates only
A2_group_1.030_1.010_1.000,0.6186635190525591,0.8707298059571036,0.12927019404289639,0.36659723214801465,,,0.006896162579832499,0.0007011288282142702,-0.000701128828214298,0.013091196331450838,,,A2_group,1.03,1.01,1.0,Screened,fast metric pass; detailed slices computed for top candidates only
A2_group_1.030_1.010_1.005,0.6188502805519195,0.870857263035476,0.12914273696452405,0.3668432980683631,,,0.007082924079192865,0.0008285859065866319,-0.0008285859065866319,0.013337262251799265,,,A2_group,1.03,1.01,1.005,Screened,fast metric pass; detailed slices computed for top candidates only
A2_group_1.030_1.010_1.010,0.6192289908191719,0.8709780450162733,0.12902195498372668,0.36747993662207046,,,0.007461634346445312,0.0009493678873839784,-0.0009493678873840061,0.013973900805506645,,,A2_group,1.03,1.01,1.01,Screened,fast metric pass; detailed slices computed for top candidates only
A2_group_1.030_1.010_1.015,0.6194848457443535,0.8710921280953117,0.12890787190468833,0.36787756339339533,,,0.007717489271626854,0.0010634509664223524,-0.0010634509664223524,0.014371527576831522,,,A2_group,1.03,1.01,1.015,Screened,fast metric pass; detailed slices computed for top candidates only
A2_group_1.030_1.010_1.020,0.6195533372339288,0.8711995976786825,0.12880040232131748,0.3679070767891752,,,0.0077859807612021825,0.0011709205497931752,-0.001170920549793203,0.014401040972611412,,,A2_group,1.03,1.01,1.02,Screened,fast metric pass; detailed slices computed for top candidates only
A2_group_1.030_1.010_1.025,0.6199601160440537,0.8712993099583694,0.12870069004163065,0.3686209221297379,,,0.008192759571327035,0.001270632829480034,-0.001270632829480034,0.015114886313174092,,,A2_group,1.03,1.01,1.025,Screened,fast metric pass; detailed slices computed for top candidates only
A2_group_1.030_1.010_1.030,0.6201472530582359,0.8713934661436648,0.12860653385633522,0.3689010399728072,,,0.008379896585509305,0.001364789014775436,-0.0013647890147754638,0.015395004156243397,,,A2_group,1.03,1.01,1.03,Screened,fast metric pass; detailed slices computed for top candidates only
A2_group_1.030_1.015_0.970,0.6174452295181091,0.8697920945410935,0.13020790545890643,0.3650983644951247,,,0.0056778730453824755,-0.00023658258779579722,0.0002365825877957417,0.011592328678560915,,,A2_group,1.03,1.015,0.97,Screened,fast metric pass; detailed slices computed for top candidates only
A2_group_1.030_1.015_0.975,0.6176287542318984,0.869961886647417,0.130038113352583,0.36529562181637987,,,0.005861397759171827,-6.679048147228972e-05,6.679048147231748e-05,0.011789585999816055,,,A2_group,1.03,1.015,0.975,Screened,fast metric pass; detailed slices computed for top candidates only
A2_group_1.030_1.015_0.980,0.6180427983800653,0.8701236674144507,0.12987633258554931,0.3659619293456798,,,0.006275441907338641,9.499028556136935e-05,-9.499028556136935e-05,0.012455893529115969,,,A2_group,1.03,1.015,0.98,Screened,fast metric pass; detailed slices computed for top candidates only
A2_group_1.030_1.015_0.985,0.6184584221637393,0.8702787782920484,0.12972122170795164,0.3666380660354302,,,0.006691065691012632,0.0002501011631590444,-0.0002501011631590444,0.013132030218866386,,,A2_group,1.03,1.015,0.985,Screened,fast metric pass; detailed slices computed for top candidates only
A2_group_1.030_1.015_0.990,0.6188399247414873,0.8704280450214891,0.12957195497851096,0.3672518044614854,,,0.007072568268760682,0.0003993678925997557,-0.00039936789259972794,0.013745768644921608,,,A2_group,1.03,1.015,0.99,Screened,fast metric pass; detailed slices computed for top candidates only
A2_group_1.030_1.015_0.995,0.6191013171523378,0.8705710978345159,0.12942890216548406,0.3676315364701597,,,0.007333960679611229,0.0005424207056266006,-0.0005424207056266284,0.014125500653595913,,,A2_group,1.03,1.015,0.995,Screened,fast metric pass; detailed slices computed for top candidates only
A2_group_1.030_1.015_1.000,0.6193211676876136,0.8707067695149402,0.12929323048505983,0.3679355658602869,,,0.007553811214886963,0.000678092386050877,-0.0006780923860508492,0.014429530043723104,,,A2_group,1.03,1.015,1.0,Screened,fast metric pass; detailed slices computed for top candidates only
A2_group_1.030_1.015_1.005,0.6195079291869738,0.8708342265933124,0.12916577340668753,0.3681816317806353,,,0.007740572714247218,0.0008055494644231276,-0.0008055494644231553,0.014675595964071475,,,A2_group,1.03,1.015,1.005,Screened,fast metric pass; detailed slices computed for top candidates only
A2_group_1.030_1.015_1.010,0.6198866394542263,0.8709550085741099,0.12904499142589013,0.3688182703343427,,,0.008119282981499665,0.0009263314452205851,-0.0009263314452205573,0.015312234517778911,,,A2_group,1.03,1.015,1.01,Screened,fast metric pass; detailed slices computed for top candidates only
A2_group_1.030_1.015_1.015,0.6201424943794078,0.8710690916531482,0.1289309083468518,0.3692158971056676,,,0.008375137906681207,0.001040414524258848,-0.0010404145242588758,0.015709861289103788,,,A2_group,1.03,1.015,1.015,Screened,fast metric pass; detailed slices computed for top candidates only
A2_group_1.030_1.015_1.020,0.6202109858689833,0.8711765612365191,0.12882343876348093,0.3692454105014475,,,0.008443629396256647,0.0011478841076297819,-0.0011478841076297541,0.015739374684883678,,,A2_group,1.03,1.015,1.02,Screened,fast metric pass; detailed slices computed for top candidates only
A2_group_1.030_1.015_1.025,0.620617764679108,0.8712762735162058,0.12872372648379413,0.36995925584201017,,,0.008850408206381388,0.0012475963873165297,-0.0012475963873165574,0.016453220025446358,,,A2_group,1.03,1.015,1.025,Screened,fast metric pass; detailed slices computed for top candidates only
A2_group_1.030_1.015_1.030,0.6208049016932904,0.8713704297015012,0.1286295702984987,0.3702393736850795,,,0.00903754522056377,0.0013417525726119317,-0.0013417525726119872,0.016733337868515663,,,A2_group,1.03,1.015,1.03,Screened,fast metric pass; detailed slices computed for top candidates only
A2_group_1.030_1.020_0.970,0.6177838503867368,0.8697514628253012,0.13024853717469875,0.3658162379481724,,,0.006016493914010157,-0.0002772143035880692,0.0002772143035880692,0.012310202131608605,,,A2_group,1.03,1.02,0.97,Screened,fast metric pass; detailed slices computed for top candidates only
A2_group_1.030_1.020_0.975,0.6179673751005261,0.8699212549316246,0.13007874506837533,0.36601349526942756,,,0.006200018627799508,-0.00010742219726467273,0.00010742219726464497,0.012507459452863745,,,A2_group,1.03,1.02,0.975,Screened,fast metric pass; detailed slices computed for top candidates only
A2_group_1.030_1.020_0.980,0.6183814192486929,0.8700830356986584,0.12991696430134164,0.36667980279872747,,,0.006614062775966323,5.4358569769097365e-05,-5.4358569769041853e-05,0.01317376698216366,,,A2_group,1.03,1.02,0.98,Screened,fast metric pass; detailed slices computed for top candidates only
A2_group_1.030_1.020_0.985,0.6187970430323669,0.8702381465762561,0.12976185342374394,0.36735593948847783,,,0.0070296865596403135,0.00020946944736677242,-0.00020946944736674467,0.013849903671914021,,,A2_group,1.03,1.02,0.985,Screened,fast metric pass; detailed slices computed for top candidates only
A2_group_1.030_1.020_0.990,0.6191785456101149,0.8703874133056967,0.12961258669430328,0.3679696779145331,,,0.007411189137388252,0.0003587361768073727,-0.00035873617680740044,0.014463642097969298,,,A2_group,1.03,1.02,0.99,Screened,fast metric pass; detailed slices computed for top candidates only
A2_group_1.030_1.020_0.995,0.6194399380209655,0.8705304661187236,0.12946953388127636,0.3683494099232074,,,0.00767258154823891,0.0005017889898343286,-0.0005017889898343286,0.014843374106643603,,,A2_group,1.03,1.02,0.995,Screened,fast metric pass; detailed slices computed for top candidates only
A2_group_1.030_1.020_1.000,0.6196597885562412,0.8706661377991478,0.12933386220085216,0.36865343931333455,,,0.007892432083514533,0.000637460670258494,-0.0006374606702585217,0.01514740349677074,,,A2_group,1.03,1.02,1.0,Screened,fast metric pass; detailed slices computed for top candidates only
A2_group_1.030_1.020_1.005,0.6198465500556016,0.8707935948775202,0.12920640512247986,0.368899505233683,,,0.00807919358287501,0.0007649177486308556,-0.0007649177486308278,0.015393469417119165,,,A2_group,1.03,1.02,1.005,Screened,fast metric pass; detailed slices computed for top candidates only
A2_group_1.030_1.020_1.010,0.620225260322854,0.8709143768583175,0.12908562314168245,0.36953614378739036,,,0.008457903850127346,0.0008856997294282021,-0.0008856997294282298,0.016030107970826546,,,A2_group,1.03,1.02,1.01,Screened,fast metric pass; detailed slices computed for top candidates only
A2_group_1.030_1.020_1.015,0.6204811152480356,0.8710284599373559,0.1289715400626441,0.3699337705587153,,,0.008713758775309,0.000999782808466576,-0.000999782808466576,0.01642773474215148,,,A2_group,1.03,1.02,1.015,Screened,fast metric pass; detailed slices computed for top candidates only
A2_group_1.030_1.020_1.020,0.620549606737611,0.8711359295207267,0.12886407047927326,0.3699632839544951,,,0.008782250264884328,0.0011072523918373989,-0.0011072523918374266,0.016457248137931313,,,A2_group,1.03,1.02,1.02,Screened,fast metric pass; detailed slices computed for top candidates only
A2_group_1.030_1.020_1.025,0.6209563855477357,0.8712356418004136,0.12876435819958645,0.37067712929505786,,,0.00918902907500907,0.0012069646715242577,-0.00120696467152423,0.01717109347849405,,,A2_group,1.03,1.02,1.025,Screened,fast metric pass; detailed slices computed for top candidates only
A2_group_1.030_1.020_1.030,0.6211435225619181,0.871329797985709,0.12867020201429102,0.3709572471381271,,,0.009376166089191451,0.0013011208568196597,-0.0013011208568196597,0.017451211321563298,,,A2_group,1.03,1.02,1.03,Screened,fast metric pass; detailed slices computed for top candidates only
A2_group_1.030_1.025_0.970,0.6177570120869122,0.8696946184835916,0.13030538151640833,0.3658194056902329,,,0.005989655614185629,-0.0003340586452976746,0.00033405864529764684,0.0123133698736691,,,A2_group,1.03,1.025,0.97,Screened,fast metric pass; detailed slices computed for top candidates only
A2_group_1.030_1.025_0.975,0.6179405368007016,0.8698644105899151,0.13013558941008488,0.36601666301148805,,,0.006173180327974981,-0.0001642665389741671,0.00016426653897419485,0.01251062719492424,,,A2_group,1.03,1.025,0.975,Screened,fast metric pass; detailed slices computed for top candidates only
A2_group_1.030_1.025_0.980,0.6183545809488684,0.8700261913569488,0.12997380864305122,0.36668297054078797,,,0.006587224476141795,-2.4857719405080303e-06,2.485771940535786e-06,0.013176934724224154,,,A2_group,1.03,1.025,0.98,Screened,fast metric pass; detailed slices computed for top candidates only
A2_group_1.030_1.025_0.985,0.6187702047325424,0.8701813022345465,0.12981869776545352,0.3673591072305384,,,0.007002848259815786,0.00015262510565716703,-0.00015262510565716703,0.013853071413974571,,,A2_group,1.03,1.025,0.985,Screened,fast metric pass; detailed slices computed for top candidates only
A2_group_1.030_1.025_0.990,0.6191517073102903,0.8703305689639872,0.12966943103601283,0.3679728456565936,,,0.007384350837563725,0.0003018918350978783,-0.00030189183509785056,0.014466809840029793,,,A2_group,1.03,1.025,0.99,Screened,fast metric pass; detailed slices computed for top candidates only
A2_group_1.030_1.025_0.995,0.619413099721141,0.870473621777014,0.12952637822298593,0.3683525776652679,,,0.007645743248414383,0.00044494464812472323,-0.000444944648124751,0.014846541848704098,,,A2_group,1.03,1.025,0.995,Screened,fast metric pass; detailed slices computed for top candidates only
A2_group_1.030_1.025_1.000,0.6196329502564167,0.8706092934574383,0.12939070654256174,0.3686566070553951,,,0.007865593783690117,0.0005806163285489996,-0.0005806163285489441,0.01515057123883129,,,A2_group,1.03,1.025,1.0,Screened,fast metric pass; detailed slices computed for top candidates only
A2_group_1.030_1.025_1.005,0.619819711755777,0.8707367505358106,0.1292632494641894,0.3689026729757435,,,0.008052355283050372,0.0007080734069212502,-0.000708073406921278,0.01539663715917966,,,A2_group,1.03,1.025,1.005,Screened,fast metric pass; detailed slices computed for top candidates only
A2_group_1.030_1.025_1.010,0.6201984220230294,0.870857532516608,0.129142467483392,0.3695393115294509,,,0.008431065550302819,0.0008288553877187077,-0.00082885538771868,0.016033275712887096,,,A2_group,1.03,1.025,1.01,Screened,fast metric pass; detailed slices computed for top candidates only
A2_group_1.030_1.025_1.015,0.6204542769482111,0.8709716155956463,0.12902838440435369,0.3699369383007758,,,0.008686920475484472,0.0009429384667569707,-0.0009429384667569984,0.016430902484211973,,,A2_group,1.03,1.025,1.015,Screened,fast metric pass; detailed slices computed for top candidates only
A2_group_1.030_1.025_1.020,0.6205227684377864,0.8710790851790172,0.1289209148209828,0.3699664516965557,,,0.0087554119650598,0.0010504080501279045,-0.0010504080501278767,0.016460415879991863,,,A2_group,1.03,1.025,1.02,Screened,fast metric pass; detailed slices computed for top candidates only
A2_group_1.030_1.025_1.025,0.6209295472479112,0.871178797458704,0.128821202541296,0.37068029703711836,,,0.009162190775184542,0.0011501203298146523,-0.00115012032981468,0.017174261220554543,,,A2_group,1.03,1.025,1.025,Screened,fast metric pass; detailed slices computed for top candidates only
A2_group_1.030_1.025_1.030,0.6211166842620935,0.8712729536439994,0.1287270463560006,0.37096041488018766,,,0.009349327789366924,0.0012442765151100543,-0.001244276515110082,0.01745437906362385,,,A2_group,1.03,1.025,1.03,Screened,fast metric pass; detailed slices computed for top candidates only
A2_group_1.030_1.030_0.970,0.6179955745258021,0.869623813236604,0.130376186763396,0.36636733581500014,,,0.006228218053075496,-0.00040486389228533426,0.0004048638922853065,0.012861299998436326,,,A2_group,1.03,1.03,0.97,Screened,fast metric pass; detailed slices computed for top candidates only
A2_group_1.030_1.030_0.975,0.6181790992395914,0.8697936053429275,0.13020639465707254,0.3665645931362553,,,0.006411742766864736,-0.00023507178596182676,0.00023507178596185452,0.013058557319691466,,,A2_group,1.03,1.03,0.975,Screened,fast metric pass; detailed slices computed for top candidates only
A2_group_1.030_1.030_0.980,0.6185931433877582,0.8699553861099611,0.13004461389003888,0.3672309006655552,,,0.006825786915031551,-7.32910189281677e-05,7.329101892819545e-05,0.01372486484899138,,,A2_group,1.03,1.03,0.98,Screened,fast metric pass; detailed slices computed for top candidates only
A2_group_1.030_1.030_0.985,0.6190087671714322,0.8701104969875588,0.12988950301244118,0.36790703735530556,,,0.0072414106987055415,8.181985866950736e-05,-8.181985866950736e-05,0.014401001538741742,,,A2_group,1.03,1.03,0.985,Screened,fast metric pass; detailed slices computed for top candidates only
A2_group_1.030_1.030_0.990,0.6193902697491802,0.8702597637169995,0.12974023628300052,0.36852077578136083,,,0.007622913276453591,0.00023108658811021865,-0.00023108658811016314,0.01501473996479702,,,A2_group,1.03,1.03,0.99,Screened,fast metric pass; detailed slices computed for top candidates only
A2_group_1.030_1.030_0.995,0.6196516621600308,0.8704028165300264,0.1295971834699736,0.36890050779003514,,,0.007884305687304138,0.00037413940113706357,-0.0003741394011370913,0.015394471973471324,,,A2_group,1.03,1.03,0.995,Screened,fast metric pass; detailed slices computed for top candidates only
A2_group_1.030_1.030_1.000,0.6198715126953064,0.8705384882104505,0.12946151178954943,0.3692045371801623,,,0.008104156222579761,0.0005098110815612289,-0.0005098110815612567,0.01569850136359846,,,A2_group,1.03,1.03,1.0,Screened,fast metric pass; detailed slices computed for top candidates only
A2_group_1.030_1.030_1.005,0.6200582741946667,0.8706659452888229,0.1293340547111771,0.3694506031005107,,,0.008290917721940128,0.0006372681599335905,-0.0006372681599335905,0.015944567283946887,,,A2_group,1.03,1.03,1.005,Screened,fast metric pass; detailed slices computed for top candidates only
A2_group_1.030_1.030_1.010,0.6204369844619192,0.8707867272696204,0.12921327273037966,0.3700872416542181,,,0.008669627989192574,0.000758050140731048,-0.0007580501407310203,0.016581205837654267,,,A2_group,1.03,1.03,1.01,Screened,fast metric pass; detailed slices computed for top candidates only
A2_group_1.030_1.030_1.015,0.6206928393871008,0.8709008103486586,0.12909918965134135,0.370484868425543,,,0.008925482914374228,0.000872133219769311,-0.0008721332197693388,0.0169788326089792,,,A2_group,1.03,1.03,1.015,Screened,fast metric pass; detailed slices computed for top candidates only
A2_group_1.030_1.030_1.020,0.6207613308766762,0.8710082799320296,0.12899172006797047,0.37051438182132285,,,0.008993974403949556,0.0009796028031402448,-0.000979602803140217,0.017008346004759034,,,A2_group,1.03,1.03,1.02,Screened,fast metric pass; detailed slices computed for top candidates only
A2_group_1.030_1.030_1.025,0.6211681096868009,0.8711079922117163,0.1288920077882837,0.3712282271618856,,,0.009400753214074298,0.0010793150828269926,-0.0010793150828269926,0.01772219134532177,,,A2_group,1.03,1.03,1.025,Screened,fast metric pass; detailed slices computed for top candidates only
A2_group_1.030_1.030_1.030,0.6213552467009833,0.8712021483970117,0.12879785160298826,0.37150834500495483,,,0.00958789022825668,0.0011734712681223947,-0.0011734712681224224,0.01800230918839102,,,A2_group,1.03,1.03,1.03,Screened,fast metric pass; detailed slices computed for top candidates only
