model_id,month,score,one_minus_nmae,ficr,avg_nmae,eligible_hours
autogluon_tabular__alpha,1,0.6055392737661606,0.8509315380955119,0.36014700943680916,0.1490684619044881,1492
autogluon_tabular__alpha,2,0.5825786358544627,0.8539321599653285,0.31122511174359685,0.14606784003467152,772
autogluon_tabular__alpha,3,0.5935438513705144,0.8569799427570053,0.33010775998402336,0.14302005724299474,1587
autogluon_tabular__alpha,4,0.6113500276895855,0.8813422247283956,0.34135783065077535,0.11865777527160437,1166
autogluon_tabular__alpha,5,0.6118070823151297,0.8738280681241021,0.3497860965061574,0.12617193187589795,1545
autogluon_tabular__alpha,6,0.5981911956975358,0.8762784145165795,0.32010397687849207,0.1237215854834205,970
autogluon_tabular__alpha,7,0.6003045774168992,0.8581209907510838,0.3424881640827147,0.1418790092489162,1577
autogluon_tabular__alpha,8,0.5952047285865767,0.8685501903531709,0.3218592668199824,0.13144980964682904,689
autogluon_tabular__alpha,9,0.6528933162849149,0.8986168896740054,0.40716974289582425,0.10138311032599455,837
autogluon_tabular__alpha,10,0.610510432285683,0.8795269904741965,0.3414938740971696,0.12047300952580349,895
autogluon_tabular__alpha,11,0.5876225639362791,0.8612165601211301,0.3140285677514281,0.1387834398788699,963
autogluon_tabular__alpha,12,0.6260787610273698,0.8748227741749911,0.3773347478797486,0.12517722582500893,2038
catboost_quantile_055__alpha,1,0.6268917204546662,0.8534098179109817,0.4003736229983508,0.14659018208901828,1492
catboost_quantile_055__alpha,2,0.610350954464604,0.8616771802585744,0.35902472867063345,0.13832281974142555,772
catboost_quantile_055__alpha,3,0.618659604447332,0.8595896063871676,0.37772960250749654,0.1404103936128324,1587
catboost_quantile_055__alpha,4,0.6226494898990975,0.8833288368754161,0.361970142922779,0.11667116312458396,1166
catboost_quantile_055__alpha,5,0.6183575401583192,0.871461977409689,0.3652531029069495,0.12853802259031097,1545
catboost_quantile_055__alpha,6,0.6014146204632043,0.8724405328018994,0.3303887081245091,0.1275594671981006,970
catboost_quantile_055__alpha,7,0.6092736611021602,0.8637363544161989,0.35481096778812143,0.13626364558380116,1577
catboost_quantile_055__alpha,8,0.5932831179721162,0.8638300084916631,0.32273622745256925,0.1361699915083369,689
catboost_quantile_055__alpha,9,0.6176685709364905,0.888690960579372,0.346646181293609,0.11130903942062798,837
catboost_quantile_055__alpha,10,0.6090809373160024,0.8770195911057638,0.3411422835262412,0.12298040889423618,895
catboost_quantile_055__alpha,11,0.6034752029780666,0.8652462928124075,0.34170411314372556,0.13475370718759247,963
catboost_quantile_055__alpha,12,0.6669325607256249,0.8836508910688007,0.450214230382449,0.11634910893119932,2038
catboost_rmse__alpha,1,0.615146204039999,0.8556156872653438,0.37467672081465425,0.14438431273465627,1492
catboost_rmse__alpha,2,0.5896082168958501,0.8578593112811875,0.32135712251051257,0.1421406887188125,772
catboost_rmse__alpha,3,0.5992333895275267,0.8580749698026904,0.34039180925236295,0.14192503019730965,1587
catboost_rmse__alpha,4,0.6215207895527467,0.8858338140240238,0.3572077650814696,0.11416618597597612,1166
catboost_rmse__alpha,5,0.6264345666891165,0.8771965721441848,0.3756725612340482,0.12280342785581526,1545
catboost_rmse__alpha,6,0.6040184664047143,0.8774563121290636,0.330580620680365,0.12254368787093639,970
catboost_rmse__alpha,7,0.6064573560796216,0.8621787088630042,0.35073600329623894,0.1378212911369958,1577
catboost_rmse__alpha,8,0.5962630835074704,0.867119076122223,0.32540709089271774,0.13288092387777692,689
catboost_rmse__alpha,9,0.6360799155912094,0.8956074221753509,0.37655240900706777,0.10439257782464911,837
catboost_rmse__alpha,10,0.6185270651123217,0.8811601926918959,0.35589393753274745,0.11883980730810405,895
catboost_rmse__alpha,11,0.5795106295766748,0.8645960661847875,0.294425192968562,0.13540393381521257,963
catboost_rmse__alpha,12,0.6408541718092049,0.8799193923728975,0.40178895124551217,0.12008060762710253,2038
elastic_net__alpha,1,0.6030455882530942,0.8532575861453723,0.352833590360816,0.1467424138546277,1492
elastic_net__alpha,2,0.5591048192605823,0.8292428277339081,0.28896681078725656,0.17075717226609188,772
elastic_net__alpha,3,0.5857060956874606,0.8563262224853425,0.3150859688895787,0.14367377751465746,1587
elastic_net__alpha,4,0.5845480492307218,0.8736719249317653,0.2954241735296783,0.1263280750682347,1166
elastic_net__alpha,5,0.5857894961808916,0.8625993138307736,0.3089796785310095,0.13740068616922638,1545
elastic_net__alpha,6,0.591081188317767,0.8729700435922086,0.30919233304332544,0.12702995640779138,970
elastic_net__alpha,7,0.5726591250511359,0.8508452341551281,0.29447301594714376,0.14915476584487186,1577
elastic_net__alpha,8,0.5905216381508542,0.8728244297854957,0.3082188465162128,0.12717557021450435,689
elastic_net__alpha,9,0.6220429343611096,0.8896865817365348,0.35439928698568446,0.1103134182634652,837
elastic_net__alpha,10,0.5685568691567884,0.8566105977559166,0.2805031405576601,0.14338940224408334,895
elastic_net__alpha,11,0.5523059643448531,0.83774758139825,0.2668643472914563,0.16225241860174996,963
elastic_net__alpha,12,0.5939485179408477,0.8662851636426429,0.32161187223905247,0.13371483635735718,2038
explainable_boosting__alpha,1,0.5812289140671052,0.8345697423194353,0.3278880858147752,0.1654302576805647,1492
explainable_boosting__alpha,2,0.5926006786010268,0.858646695440225,0.32655466176182874,0.14135330455977507,772
explainable_boosting__alpha,3,0.5913906785194292,0.8529966045508123,0.3297847524880461,0.14700339544918772,1587
explainable_boosting__alpha,4,0.6233233888216455,0.8832781051714813,0.36336867247180976,0.11672189482851869,1166
explainable_boosting__alpha,5,0.6131477706517955,0.8686464307725562,0.3576491105310348,0.13135356922744376,1545
explainable_boosting__alpha,6,0.5892510708675087,0.8684394336533598,0.31006270808165765,0.13156056634664018,970
explainable_boosting__alpha,7,0.5896526809357413,0.8598313849241991,0.31947397694728347,0.14016861507580092,1577
explainable_boosting__alpha,8,0.6076071360962816,0.873548196660593,0.34166607553197026,0.12645180333940698,689
explainable_boosting__alpha,9,0.6324618003817093,0.8959315352097202,0.3689920655536984,0.10406846479027972,837
explainable_boosting__alpha,10,0.5976996160698838,0.871547283574976,0.3238519485647914,0.12845271642502396,895
explainable_boosting__alpha,11,0.582611860105056,0.8642442553349647,0.30097946487514715,0.13575574466503526,963
explainable_boosting__alpha,12,0.6110414894170852,0.8664930142408503,0.35558996459332026,0.13350698575914965,2038
extra_trees_wide__alpha,1,0.5959515434127578,0.8502206406299253,0.34168244619559035,0.1497793593700747,1492
extra_trees_wide__alpha,2,0.5752631657320634,0.855653141082021,0.29487319038210574,0.14434685891797905,772
extra_trees_wide__alpha,3,0.6094765354551317,0.8646946435484612,0.3542584273618023,0.13530535645153882,1587
extra_trees_wide__alpha,4,0.6216065059619487,0.8873127644493699,0.3559002474745274,0.11268723555063011,1166
extra_trees_wide__alpha,5,0.6175339894259428,0.8767635120940475,0.3583044667578383,0.12323648790595258,1545
extra_trees_wide__alpha,6,0.6063511519528251,0.8793058676950556,0.3333964362105946,0.12069413230494441,970
extra_trees_wide__alpha,7,0.6028384593790934,0.8590877057724855,0.3465892129857013,0.1409122942275145,1577
extra_trees_wide__alpha,8,0.6137355514452729,0.8735970445651331,0.35387405832541274,0.12640295543486693,689
extra_trees_wide__alpha,9,0.6282439180727152,0.8947045982833788,0.3617832378620515,0.10529540171662126,837
extra_trees_wide__alpha,10,0.588024827879521,0.8736522476561499,0.3023974081028923,0.12634775234385007,895
extra_trees_wide__alpha,11,0.5664201178951153,0.8588336324763306,0.2740066033138999,0.14116636752366943,963
extra_trees_wide__alpha,12,0.6455614145384899,0.8843372948164517,0.40678553426052805,0.11566270518354826,2038
flaml_automl__alpha,1,0.5860512318617288,0.8393760790532344,0.33272638467022325,0.16062392094676559,1492
flaml_automl__alpha,2,0.571366427886249,0.8457307426148521,0.29700211315764585,0.15426925738514788,772
flaml_automl__alpha,3,0.5855152799317696,0.8470881891655543,0.3239423706979847,0.1529118108344457,1587
flaml_automl__alpha,4,0.6091253205059982,0.875374964235354,0.3428756767766424,0.12462503576464605,1166
flaml_automl__alpha,5,0.5924814865087475,0.8605094887809364,0.3244534842365587,0.1394905112190637,1545
flaml_automl__alpha,6,0.5895436966550798,0.8658610743957065,0.313226318914453,0.13413892560429347,970
flaml_automl__alpha,7,0.5773599785838177,0.843620148404139,0.3110998087634963,0.15637985159586099,1577
flaml_automl__alpha,8,0.5942192890158703,0.8567998956158904,0.33163868241585015,0.1432001043841096,689
flaml_automl__alpha,9,0.6182485304896208,0.8826279536447044,0.35386910733453725,0.11737204635529559,837
flaml_automl__alpha,10,0.6080007521370074,0.8704932808178744,0.34550822345614046,0.12950671918212567,895
flaml_automl__alpha,11,0.5696775965895868,0.8465511011927384,0.2928040919864352,0.15344889880726167,963
flaml_automl__alpha,12,0.6213958216138662,0.8669716389162546,0.3758200043114779,0.13302836108374538,2038
gradient_boosting_quantile__alpha,1,0.6021755854894434,0.8520411258219466,0.35231004515694014,0.1479588741780534,1492
gradient_boosting_quantile__alpha,2,0.5979965626786672,0.8612699873315234,0.3347231380258109,0.13873001266847665,772
gradient_boosting_quantile__alpha,3,0.6037879442050226,0.8597344298374912,0.34784145857255394,0.14026557016250887,1587
gradient_boosting_quantile__alpha,4,0.5994756710173652,0.8780482199039497,0.3209031221307808,0.12195178009605039,1166
gradient_boosting_quantile__alpha,5,0.6047759426675554,0.8670854196309531,0.34246646570415784,0.13291458036904688,1545
gradient_boosting_quantile__alpha,6,0.5978436117297933,0.8730917237475827,0.3225954997120038,0.12690827625241732,970
gradient_boosting_quantile__alpha,7,0.6070307099750466,0.8651866084667044,0.34887481148338884,0.13481339153329558,1577
gradient_boosting_quantile__alpha,8,0.6159456813483746,0.870791777102874,0.361099585593875,0.129208222897126,689
gradient_boosting_quantile__alpha,9,0.6160675772859003,0.8884912897946494,0.34364386477715136,0.11150871020535054,837
gradient_boosting_quantile__alpha,10,0.5856902693860848,0.8651102848366701,0.3062702539354995,0.1348897151633299,895
gradient_boosting_quantile__alpha,11,0.5881002686371871,0.8660600295331159,0.3101405077412584,0.13393997046688413,963
gradient_boosting_quantile__alpha,12,0.6677247948273454,0.8867113582150555,0.44873823143963526,0.11328864178494451,2038
h2o_automl__alpha,1,0.6002340787465816,0.8477209013000118,0.35274725619315145,0.1522790986999882,1492
h2o_automl__alpha,2,0.5856291632936483,0.8590830101441707,0.3121753164431261,0.14091698985582932,772
h2o_automl__alpha,3,0.6178342741333207,0.8616261711199901,0.37404237714665123,0.13837382888000993,1587
h2o_automl__alpha,4,0.6145634264002352,0.8800097089222662,0.3491171438782042,0.1199902910777338,1166
h2o_automl__alpha,5,0.6334321609288728,0.8767841842364679,0.39008013762127763,0.12321581576353217,1545
h2o_automl__alpha,6,0.5964020876097902,0.8742010802864044,0.3186030949331759,0.12579891971359564,970
h2o_automl__alpha,7,0.5983037002084384,0.8582892336711873,0.33831816674568943,0.14171076632881274,1577
h2o_automl__alpha,8,0.6059141911426085,0.8678131082930579,0.3440152739921591,0.13218689170694212,689
h2o_automl__alpha,9,0.6197838845036133,0.8872313631699545,0.35233640583727216,0.11276863683004541,837
h2o_automl__alpha,10,0.6003750759059974,0.8750969632582054,0.3256531885537893,0.12490303674179455,895
h2o_automl__alpha,11,0.6065809774524223,0.8639114437067663,0.34925051119807843,0.13608855629323371,963
h2o_automl__alpha,12,0.6279338316519067,0.8745676162418622,0.38130004706195125,0.12543238375813784,2038
hist_gbdt_absolute__alpha,1,0.6276727774929871,0.8551567529134312,0.4001888020725431,0.14484324708656884,1492
hist_gbdt_absolute__alpha,2,0.604860776133057,0.8608022219383403,0.3489193303277736,0.13919777806165964,772
hist_gbdt_absolute__alpha,3,0.6090994915771439,0.8602284284881284,0.35797055466615957,0.13977157151187156,1587
hist_gbdt_absolute__alpha,4,0.6108106383249383,0.8816046059162003,0.3400166707336763,0.11839539408379977,1166
hist_gbdt_absolute__alpha,5,0.6308883477544512,0.8760843087646846,0.38569238674421796,0.12391569123531539,1545
hist_gbdt_absolute__alpha,6,0.6001499196084012,0.8739047642016535,0.3263950750151491,0.12609523579834644,970
hist_gbdt_absolute__alpha,7,0.5987855488129422,0.8613428393353021,0.3362282582905823,0.13865716066469788,1577
hist_gbdt_absolute__alpha,8,0.6088236900682309,0.8682072479298164,0.34944013220664544,0.1317927520701836,689
hist_gbdt_absolute__alpha,9,0.6267643227365742,0.8905458012862902,0.3629828441868581,0.10945419871370976,837
hist_gbdt_absolute__alpha,10,0.6085001269311128,0.8770864839489269,0.3399137699132986,0.12291351605107319,895
hist_gbdt_absolute__alpha,11,0.5995233684929425,0.8660125214000229,0.33303421558586205,0.13398747859997706,963
hist_gbdt_absolute__alpha,12,0.6531988986003846,0.8822607324050902,0.42413706479567903,0.11773926759490977,2038
huber_regressor__alpha,1,0.6007528135523421,0.8514336744521569,0.35007195265252733,0.14856632554784308,1492
huber_regressor__alpha,2,0.5932735868669993,0.8477584587253478,0.33878871500865065,0.15224154127465214,772
huber_regressor__alpha,3,0.5975109769621303,0.8600244068262741,0.3349975470979865,0.13997559317372593,1587
huber_regressor__alpha,4,0.5836181966477544,0.8745804470802223,0.2926559462152864,0.12541955291977772,1166
huber_regressor__alpha,5,0.5792983022990493,0.8605399580779638,0.2980566465201349,0.13946004192203618,1545
huber_regressor__alpha,6,0.5911854782517824,0.8719938828466263,0.3103770736569385,0.1280061171533737,970
huber_regressor__alpha,7,0.5665267985809744,0.8469409211254588,0.28611267603649004,0.15305907887454123,1577
huber_regressor__alpha,8,0.6013104882966852,0.8776663794382057,0.32495459715516467,0.12233362056179427,689
huber_regressor__alpha,9,0.6049244695485869,0.8838883176751627,0.3259606214220112,0.11611168232483726,837
huber_regressor__alpha,10,0.5821574404699096,0.8606674833837544,0.30364739755606474,0.13933251661624557,895
huber_regressor__alpha,11,0.56556211661536,0.8413082303868724,0.2898160028438476,0.15869176961312756,963
huber_regressor__alpha,12,0.6138205886529066,0.8710522351618373,0.3565889421439758,0.1289477648381627,2038
knn_distance__alpha,1,0.5193252919564093,0.8137154122313659,0.2249351716814528,0.1862845877686341,1492
knn_distance__alpha,2,0.5189924092183822,0.822093817776647,0.21589100066011746,0.177906182223353,772
knn_distance__alpha,3,0.5413828847837323,0.8340753129555238,0.24869045661194075,0.16592468704447616,1587
knn_distance__alpha,4,0.551278953316759,0.8561515651738694,0.24640634145964868,0.14384843482613066,1166
knn_distance__alpha,5,0.5336789542870051,0.8272198999478335,0.24013800862617662,0.17278010005216649,1545
knn_distance__alpha,6,0.5757082070661168,0.8594034726848863,0.2920129414473473,0.14059652731511374,970
knn_distance__alpha,7,0.45621819217231885,0.7652097572484929,0.14722662709614476,0.2347902427515071,1577
knn_distance__alpha,8,0.5290440356276364,0.8323078024506451,0.22578026880462768,0.16769219754935494,689
knn_distance__alpha,9,0.581232716176368,0.8771408834858255,0.28532454886691033,0.12285911651417443,837
knn_distance__alpha,10,0.5132903480620398,0.8199438086987607,0.20663688742531874,0.18005619130123932,895
knn_distance__alpha,11,0.5055966917235841,0.8278527523464604,0.18334063110070795,0.17214724765353964,963
knn_distance__alpha,12,0.5831043056095735,0.8626545657181208,0.30355404550102616,0.13734543428187915,2038
lgbm_l1_baseline__alpha,1,0.6236824321215324,0.8539016526969928,0.39346321154607206,0.1460983473030072,1492
lgbm_l1_baseline__alpha,2,0.6160518555280711,0.8630183321126417,0.3690853789435005,0.13698166788735838,772
lgbm_l1_baseline__alpha,3,0.617276800660023,0.8631137080571949,0.3714398932628511,0.1368862919428051,1587
lgbm_l1_baseline__alpha,4,0.619956171633242,0.8833728007927806,0.3565395424737034,0.11662719920721942,1166
lgbm_l1_baseline__alpha,5,0.6255490613311911,0.874327499384174,0.37677062327820837,0.12567250061582605,1545
lgbm_l1_baseline__alpha,6,0.6038066015731703,0.874282014787002,0.33333118835933867,0.125717985212998,970
lgbm_l1_baseline__alpha,7,0.6067595298932661,0.8632018132994559,0.3503172464870763,0.13679818670054417,1577
lgbm_l1_baseline__alpha,8,0.6140349210918059,0.8670293910121016,0.3610404511715102,0.13297060898789842,689
lgbm_l1_baseline__alpha,9,0.6295822368003818,0.8917419869615909,0.3674224866391727,0.10825801303840905,837
lgbm_l1_baseline__alpha,10,0.6026838369238885,0.8741336227263576,0.3312340511214193,0.1258663772736424,895
lgbm_l1_baseline__alpha,11,0.6131558710915328,0.8681024174810615,0.3582093247020041,0.1318975825189385,963
lgbm_l1_baseline__alpha,12,0.6492868006780896,0.8817439869300051,0.4168296144261743,0.11825601306999485,2038
linear_svr__alpha,1,0.3293766318039516,0.6300169095042076,0.028736354103695544,0.3699830904957923,1492
linear_svr__alpha,2,0.3062745097503574,0.5944014084483533,0.018147611052361515,0.40559859155164674,772
linear_svr__alpha,3,0.3685769182275508,0.6968824847743953,0.04027135168070625,0.30311751522560465,1587
linear_svr__alpha,4,0.36994735329238493,0.7158317255014208,0.024062981083349033,0.2841682744985791,1166
linear_svr__alpha,5,0.34633610667483006,0.6632801300216655,0.029392083327994634,0.33671986997833453,1545
linear_svr__alpha,6,0.4154082426849281,0.7613492585026194,0.06946722686723687,0.23865074149738064,970
linear_svr__alpha,7,0.32404212786365333,0.6270665015087438,0.021017754218562903,0.3729334984912562,1577
linear_svr__alpha,8,0.3653789944147448,0.7033593897419557,0.027398599087533948,0.29664061025804433,689
linear_svr__alpha,9,0.39441759261262227,0.7613279094546782,0.027507275770566376,0.23867209054532182,837
linear_svr__alpha,10,0.3738462537300025,0.7110497089639936,0.03664279849601144,0.28895029103600645,895
linear_svr__alpha,11,0.331997062097469,0.6443800570890896,0.01961406710584829,0.3556199429109103,963
linear_svr__alpha,12,0.3160611336148778,0.6171902061861871,0.014932061043568451,0.38280979381381286,2038
mlp_regressor__alpha,1,0.5033197184158508,0.7870379258344911,0.21960151099721056,0.21296207416550894,1492
mlp_regressor__alpha,2,0.43279497143963336,0.7281615605815102,0.13742838229775656,0.27183843941848984,772
mlp_regressor__alpha,3,0.49093591203112164,0.7936287790528649,0.18824304500937836,0.20637122094713511,1587
mlp_regressor__alpha,4,0.4292642333063522,0.7734398282322565,0.08508863838044783,0.22656017176774346,1166
mlp_regressor__alpha,5,0.43880202393417655,0.7529535964176054,0.12465045145074777,0.24704640358239457,1545
mlp_regressor__alpha,6,0.5067030194052453,0.821556181015343,0.19184985779514754,0.178443818984657,970
mlp_regressor__alpha,7,0.49256325611797674,0.8007339927489933,0.1843925194869602,0.1992660072510067,1577
mlp_regressor__alpha,8,0.5128977667938778,0.8145169277834449,0.2112786058043106,0.18548307221655513,689
mlp_regressor__alpha,9,0.5177930684046769,0.8370374082662994,0.19854872854305441,0.16296259173370065,837
mlp_regressor__alpha,10,0.4347085765196982,0.7610750381648779,0.10834211487451845,0.23892496183512216,895
mlp_regressor__alpha,11,0.4405967173653006,0.7590756629293216,0.12211777180127964,0.24092433707067842,963
mlp_regressor__alpha,12,0.5503001570042578,0.8329641409192742,0.2676361730892414,0.16703585908072582,2038
ngboost_normal__alpha,1,0.5860461646167645,0.848802880951594,0.32328944828193507,0.15119711904840608,1492
ngboost_normal__alpha,2,0.588331265276759,0.8598204647239921,0.31684206582952595,0.14017953527600793,772
ngboost_normal__alpha,3,0.5955407375252633,0.8559232755874507,0.33515819946307585,0.14407672441254926,1587
ngboost_normal__alpha,4,0.5904259723747225,0.8743483570051537,0.30650358774429143,0.1256516429948463,1166
ngboost_normal__alpha,5,0.6082790615578794,0.8715594024645061,0.3449987206512526,0.12844059753549386,1545
ngboost_normal__alpha,6,0.6013882634769112,0.8761554843287878,0.32662104262503466,0.12384451567121225,970
ngboost_normal__alpha,7,0.6040073625873994,0.8614595774759926,0.34655514769880624,0.13854042252400747,1577
ngboost_normal__alpha,8,0.6124748537816278,0.8683958603592001,0.3565538472040555,0.1316041396407999,689
ngboost_normal__alpha,9,0.5878651102396987,0.880029846367881,0.29570037411151634,0.119970153632119,837
ngboost_normal__alpha,10,0.5886022413546929,0.8683862145177157,0.30881826819166996,0.13161378548228433,895
ngboost_normal__alpha,11,0.551371620935052,0.8496365709518745,0.2531066709182294,0.1503634290481255,963
ngboost_normal__alpha,12,0.6487502914205422,0.8817515585120395,0.4157490243290449,0.11824844148796054,2038
nystroem_ridge__alpha,1,0.4304464377330296,0.7444137820015928,0.11647909346446635,0.25558621799840725,1492
nystroem_ridge__alpha,2,0.41575647500053675,0.7281227349622301,0.10339021503884337,0.2718772650377699,772
nystroem_ridge__alpha,3,0.46170095592506855,0.7784597916574671,0.14494212019266994,0.22154020834253285,1587
nystroem_ridge__alpha,4,0.5455085650663432,0.8487831225640874,0.2422340075685988,0.15121687743591267,1166
nystroem_ridge__alpha,5,0.45897881991160605,0.7810147383196084,0.13694290150360364,0.21898526168039154,1545
nystroem_ridge__alpha,6,0.5477025310068259,0.8468145646911712,0.24859049732248042,0.1531854353088288,970
nystroem_ridge__alpha,7,0.3790492299108055,0.6914263703932049,0.06667208942840602,0.3085736296067952,1577
nystroem_ridge__alpha,8,0.5137091803012588,0.8285965239234994,0.19882183667901812,0.1714034760765006,689
nystroem_ridge__alpha,9,0.6475088686419805,0.8979150484390855,0.39710268884487565,0.10208495156091442,837
nystroem_ridge__alpha,10,0.5074538099546281,0.8197234249307058,0.1951841949785503,0.18027657506929418,895
nystroem_ridge__alpha,11,0.3959005422296533,0.7098416587261049,0.08195942573320168,0.2901583412738951,963
nystroem_ridge__alpha,12,0.4168682663999568,0.7467516984077902,0.08698483439212329,0.25324830159220973,2038
pycaret_compare__alpha,1,0.5955991815593876,0.8483693920512936,0.3428289710674816,0.1516306079487064,1492
pycaret_compare__alpha,2,0.5750696493281636,0.8529300280035845,0.2972092706527428,0.14706997199641544,772
pycaret_compare__alpha,3,0.6072708388087384,0.8624429378603805,0.3520987397570963,0.13755706213961946,1587
pycaret_compare__alpha,4,0.6111280416989908,0.8844266811686039,0.33782940222937774,0.11557331883139606,1166
pycaret_compare__alpha,5,0.6178751484350457,0.8758829253759579,0.35986737149413345,0.12411707462404205,1545
pycaret_compare__alpha,6,0.606913487179713,0.8764021130638867,0.33742486129553945,0.1235978869361133,970
pycaret_compare__alpha,7,0.5953107161677621,0.8554412332801269,0.33518019905539737,0.14455876671987314,1577
pycaret_compare__alpha,8,0.5988143337308355,0.8748991864605978,0.3227294810010731,0.12510081353940214,689
pycaret_compare__alpha,9,0.6348269771032115,0.8938691235775647,0.3757848306288583,0.10613087642243534,837
pycaret_compare__alpha,10,0.5849557702038917,0.8689927886492257,0.30091875175855776,0.13100721135077428,895
pycaret_compare__alpha,11,0.5816313422306869,0.8594092186637132,0.30385346579766054,0.1405907813362868,963
pycaret_compare__alpha,12,0.6279691721186964,0.8800927137610481,0.3758456304763446,0.1199072862389518,2038
radius_neighbors__alpha,1,0.2184066971908301,0.4368133943816602,0.0,0.5631866056183398,1492
radius_neighbors__alpha,2,0.20835002149709814,0.4167000429941963,0.0,0.5832999570058037,772
radius_neighbors__alpha,3,0.2548538097242897,0.5097076194485795,0.0,0.4902923805514205,1587
radius_neighbors__alpha,4,0.31726350899496825,0.6345270179899365,0.0,0.36547298201006345,1166
radius_neighbors__alpha,5,0.25575017186464877,0.5115003437292975,0.0,0.4884996562707025,1545
radius_neighbors__alpha,6,0.31810609281543245,0.6362121856308649,0.0,0.36378781436913515,970
radius_neighbors__alpha,7,0.19285455866769863,0.38570911733539726,0.0,0.6142908826646027,1577
radius_neighbors__alpha,8,0.30052411583665906,0.6010482316733181,0.0,0.39895176832668183,689
radius_neighbors__alpha,9,0.3610253026479047,0.7220506052958094,0.0,0.27794939470419056,837
radius_neighbors__alpha,10,0.31716923053522755,0.6247894752795866,0.00954898579086854,0.37521052472041344,895
radius_neighbors__alpha,11,0.21667748862418185,0.4333549772483637,0.0,0.5666450227516363,963
radius_neighbors__alpha,12,0.18684177767839621,0.3731208591417623,0.0005626962150301299,0.6268791408582377,2038
random_forest_wide__alpha,1,0.6005163189101289,0.8489754399411241,0.35205719787913364,0.15102456005887588,1492
random_forest_wide__alpha,2,0.5796139363679503,0.8546675918659373,0.3045602808699633,0.1453324081340627,772
random_forest_wide__alpha,3,0.6171168909487225,0.8630733478339288,0.37116043406351623,0.13692665216607128,1587
random_forest_wide__alpha,4,0.609777525889894,0.8822151986530322,0.33733985312675574,0.11778480134696778,1166
random_forest_wide__alpha,5,0.6159393625158107,0.8740069889761555,0.35787173605546596,0.1259930110238445,1545
random_forest_wide__alpha,6,0.6081887156557926,0.8757549576909216,0.3406224736206636,0.12424504230907835,970
random_forest_wide__alpha,7,0.5978752038401192,0.8571813584914683,0.33856904918877007,0.14281864150853174,1577
random_forest_wide__alpha,8,0.6093626605795022,0.8749499446848297,0.3437753764741746,0.12505005531517033,689
random_forest_wide__alpha,9,0.6332501469784474,0.8914599415761884,0.3750403523807064,0.1085400584238117,837
random_forest_wide__alpha,10,0.5865354615502059,0.8707834325968586,0.302287490503553,0.12921656740314139,895
random_forest_wide__alpha,11,0.5825384584714993,0.8588638691024779,0.3062130478405208,0.14113613089752206,963
random_forest_wide__alpha,12,0.619436491297173,0.8766030240941421,0.362269958500204,0.12339697590585785,2038
sgd_huber__alpha,1,0.2404852607167073,0.47733224473074765,0.0036382767026669903,0.5226677552692524,1492
sgd_huber__alpha,2,0.22620415709225508,0.45204286119335035,0.0003654529911598034,0.5479571388066496,772
sgd_huber__alpha,3,0.2762450069550547,0.5510987449585958,0.0013912689515136302,0.4489012550414042,1587
sgd_huber__alpha,4,0.3259620244966823,0.6514077125640623,0.0005163364293023754,0.3485922874359377,1166
sgd_huber__alpha,5,0.2718875580713849,0.5431042336683429,0.0006708824744269055,0.456895766331657,1545
sgd_huber__alpha,6,0.331935879363505,0.6632282480084031,0.0006435107186068683,0.33677175199159687,970
sgd_huber__alpha,7,0.2184142989855341,0.4362095323451073,0.0006190656259609193,0.5637904676548927,1577
sgd_huber__alpha,8,0.3108278948647578,0.6216557897295156,0.0,0.3783442102704844,689
sgd_huber__alpha,9,0.3648486824193439,0.7296973648386877,0.0,0.27030263516131225,837
sgd_huber__alpha,10,0.31902499866043127,0.6373394747633858,0.0007105225574767279,0.3626605252366142,895
sgd_huber__alpha,11,0.2402538820444475,0.4801775312569313,0.0003302328319637107,0.5198224687430687,963
sgd_huber__alpha,12,0.21242263827541163,0.42484527655082327,0.0,0.5751547234491767,2038
svr_rbf_sampled__alpha,1,0.36494725770425906,0.6644696716891074,0.06542484371941074,0.3355303283108926,1492
svr_rbf_sampled__alpha,2,0.35340455681828725,0.640102490110118,0.06670662352645652,0.359897509889882,772
svr_rbf_sampled__alpha,3,0.42013224750307115,0.7252744220250007,0.11499007298114165,0.2747255779749993,1587
svr_rbf_sampled__alpha,4,0.4969154170232569,0.8130449408322916,0.18078589321422225,0.1869550591677084,1166
svr_rbf_sampled__alpha,5,0.4019445580157535,0.7118729956355172,0.09201612039598979,0.28812700436448285,1545
svr_rbf_sampled__alpha,6,0.4991386154716611,0.8128854818324823,0.1853917491108399,0.1871145181675177,970
svr_rbf_sampled__alpha,7,0.3163800455596969,0.6011764640427371,0.03158362707665672,0.3988235359572629,1577
svr_rbf_sampled__alpha,8,0.4471510554888076,0.7714525227359607,0.12284958824165464,0.22854747726403932,689
svr_rbf_sampled__alpha,9,0.5878555369081075,0.8797157308716634,0.29599534294455165,0.1202842691283366,837
svr_rbf_sampled__alpha,10,0.47469200096152514,0.7862344505242048,0.1631495513988455,0.2137655494757952,895
svr_rbf_sampled__alpha,11,0.3519329945244993,0.6432916632929211,0.06057432575607747,0.3567083367070789,963
svr_rbf_sampled__alpha,12,0.33378371433586257,0.6310282780431704,0.03653915062855478,0.36897172195682965,2038
tabm_torch__alpha,1,0.5790670942467924,0.8411575106929449,0.3169766778006398,0.15884248930705516,1492
tabm_torch__alpha,2,0.517430522706595,0.7954056940749598,0.23945535133823026,0.20459430592504027,772
tabm_torch__alpha,3,0.5676589253718387,0.8435751314444551,0.29174271929922235,0.1564248685555449,1587
tabm_torch__alpha,4,0.5364221378651162,0.8549614041065856,0.2178828716236467,0.14503859589341433,1166
tabm_torch__alpha,5,0.5539071675366358,0.8481991923366692,0.25961514273660247,0.15180080766333084,1545
tabm_torch__alpha,6,0.5939198761405821,0.8732137382109657,0.3146260140701984,0.12678626178903427,970
tabm_torch__alpha,7,0.5191092281764388,0.8155303720828101,0.22268808427006745,0.18446962791718988,1577
tabm_torch__alpha,8,0.5067537381654876,0.8173163289254742,0.19619114740550106,0.18268367107452574,689
tabm_torch__alpha,9,0.5133279706752335,0.8483981421084874,0.17825779924197951,0.15160185789151262,837
tabm_torch__alpha,10,0.5097775802390232,0.817591699892549,0.20196346058549733,0.182408300107451,895
tabm_torch__alpha,11,0.5456741497268148,0.8462452534201458,0.24510304603348385,0.15375474657985422,963
tabm_torch__alpha,12,0.6299332317313728,0.8761265030471066,0.383739960415639,0.12387349695289339,2038
xgboost_pseudohuber__alpha,1,0.21782845591123,0.43565691182246,0.0,0.56434308817754,1492
xgboost_pseudohuber__alpha,2,0.20853723651945483,0.41707447303890965,0.0,0.5829255269610903,772
xgboost_pseudohuber__alpha,3,0.25504102474664647,0.5100820494932929,0.0,0.4899179505067071,1587
xgboost_pseudohuber__alpha,4,0.317450724017325,0.63490144803465,0.0,0.36509855196535007,1166
xgboost_pseudohuber__alpha,5,0.2559373868870055,0.511874773774011,0.0,0.48812522622598903,1545
xgboost_pseudohuber__alpha,6,0.3182933078377891,0.6365866156755782,0.0,0.3634133843244218,970
xgboost_pseudohuber__alpha,7,0.19304177369005537,0.38608354738011075,0.0,0.6139164526198893,1577
xgboost_pseudohuber__alpha,8,0.3006697537436772,0.6013395074873544,0.0,0.39866049251264557,689
xgboost_pseudohuber__alpha,9,0.3611838993002735,0.722367798600547,0.0,0.27763220139945294,837
xgboost_pseudohuber__alpha,10,0.3091807117746387,0.6183614235492774,0.0,0.38163857645072263,895
xgboost_pseudohuber__alpha,11,0.21688255243655968,0.43376510487311937,0.0,0.5662348951268806,963
xgboost_pseudohuber__alpha,12,0.18656509492088874,0.3731301898417775,0.0,0.6268698101582225,2038
xgboost_squarederror__alpha,1,0.6140370155467835,0.8527769831447664,0.37529704794880064,0.14722301685523365,1492
xgboost_squarederror__alpha,2,0.5847444540379431,0.858159334583358,0.31132957349252816,0.141840665416642,772
xgboost_squarederror__alpha,3,0.5992812378690842,0.8588922281244481,0.3396702476137203,0.1411077718755519,1587
xgboost_squarederror__alpha,4,0.6226455802320809,0.8829414586816653,0.3623497017824966,0.11705854131833467,1166
xgboost_squarederror__alpha,5,0.6238103616965279,0.8761969974728873,0.37142372592016865,0.1238030025271127,1545
xgboost_squarederror__alpha,6,0.5976732869624803,0.8753892718813688,0.3199573020435919,0.12461072811863112,970
xgboost_squarederror__alpha,7,0.6020885256962327,0.8569711445079066,0.34720590688455893,0.14302885549209343,1577
xgboost_squarederror__alpha,8,0.5939603450303489,0.8675576607762384,0.3203630292844593,0.13244233922376156,689
xgboost_squarederror__alpha,9,0.6405455280677175,0.8929230896766357,0.3881679664587993,0.10707691032336426,837
xgboost_squarederror__alpha,10,0.6192518929595079,0.8799048775811347,0.35859890833788105,0.12009512241886532,895
xgboost_squarederror__alpha,11,0.592926124932632,0.8643924983659883,0.3214597514992757,0.13560750163401164,963
xgboost_squarederror__alpha,12,0.637153939454314,0.8781059290681874,0.3962019498404406,0.1218940709318126,2038
w3_catboost_quantile_055_lgbm_l1_baseline_extra_trees_wide_0.60_0.20_0.20,1,0.6275680794715908,0.855210535479677,0.3999256234635047,0.14478946452032304,1492
w3_catboost_quantile_055_lgbm_l1_baseline_extra_trees_wide_0.60_0.20_0.20,2,0.6084291487242092,0.8633043402783056,0.3535539571701127,0.1366956597216944,772
w3_catboost_quantile_055_lgbm_l1_baseline_extra_trees_wide_0.60_0.20_0.20,3,0.6250481307874666,0.8635026351187505,0.3865936264561826,0.13649736488124953,1587
w3_catboost_quantile_055_lgbm_l1_baseline_extra_trees_wide_0.60_0.20_0.20,4,0.6246879087909865,0.8862862161473133,0.36308960143465957,0.11371378385268667,1166
w3_catboost_quantile_055_lgbm_l1_baseline_extra_trees_wide_0.60_0.20_0.20,5,0.6267858876428877,0.8756843492949804,0.37788742599079495,0.12431565070501954,1545
w3_catboost_quantile_055_lgbm_l1_baseline_extra_trees_wide_0.60_0.20_0.20,6,0.6089955150626539,0.8757856778362629,0.3422053522890449,0.12421432216373708,970
w3_catboost_quantile_055_lgbm_l1_baseline_extra_trees_wide_0.60_0.20_0.20,7,0.6122690175614838,0.865301428875154,0.3592366062478136,0.13469857112484598,1577
w3_catboost_quantile_055_lgbm_l1_baseline_extra_trees_wide_0.60_0.20_0.20,8,0.610663848034162,0.8683888052783933,0.35293889078993046,0.13161119472160662,689
w3_catboost_quantile_055_lgbm_l1_baseline_extra_trees_wide_0.60_0.20_0.20,9,0.6298264026998982,0.8923007887902374,0.367352016609559,0.10769921120976257,837
w3_catboost_quantile_055_lgbm_l1_baseline_extra_trees_wide_0.60_0.20_0.20,10,0.6127465173553864,0.8781896443931168,0.3473033903176561,0.12181035560688325,895
w3_catboost_quantile_055_lgbm_l1_baseline_extra_trees_wide_0.60_0.20_0.20,11,0.6012469332924494,0.8671708212870421,0.33532304529785667,0.13282917871295785,963
w3_catboost_quantile_055_lgbm_l1_baseline_extra_trees_wide_0.60_0.20_0.20,12,0.666611513933419,0.8864508917263499,0.44677213614048816,0.11354910827365006,2038
w3_catboost_quantile_055_lgbm_l1_baseline_h2o_automl_0.70_0.20_0.10,1,0.6276987046497742,0.8546932440712018,0.40070416522834656,0.1453067559287982,1492
w3_catboost_quantile_055_lgbm_l1_baseline_h2o_automl_0.70_0.20_0.10,2,0.6103308836239298,0.8642833838079281,0.3563783834399315,0.1357166161920719,772
w3_catboost_quantile_055_lgbm_l1_baseline_h2o_automl_0.70_0.20_0.10,3,0.6242538267113084,0.8621997004724204,0.3863079529501963,0.13780029952757958,1587
w3_catboost_quantile_055_lgbm_l1_baseline_h2o_automl_0.70_0.20_0.10,4,0.6236523914498994,0.8849126190989507,0.362392163800848,0.1150873809010493,1166
w3_catboost_quantile_055_lgbm_l1_baseline_h2o_automl_0.70_0.20_0.10,5,0.6247001884240655,0.8747584815680324,0.37464189528009867,0.12524151843196765,1545
w3_catboost_quantile_055_lgbm_l1_baseline_h2o_automl_0.70_0.20_0.10,6,0.6037657636532717,0.874468288671322,0.3330632386352214,0.12553171132867808,970
w3_catboost_quantile_055_lgbm_l1_baseline_h2o_automl_0.70_0.20_0.10,7,0.6115959609159244,0.8648117776594999,0.3583801441723488,0.1351882223405001,1577
w3_catboost_quantile_055_lgbm_l1_baseline_h2o_automl_0.70_0.20_0.10,8,0.6053538114356258,0.8662734592421308,0.3444341636291209,0.1337265407578691,689
w3_catboost_quantile_055_lgbm_l1_baseline_h2o_automl_0.70_0.20_0.10,9,0.6276589398968443,0.8908286074883055,0.36448927230538314,0.10917139251169454,837
w3_catboost_quantile_055_lgbm_l1_baseline_h2o_automl_0.70_0.20_0.10,10,0.6166878167279197,0.8780557250306504,0.35531990842518896,0.12194427496934956,895
w3_catboost_quantile_055_lgbm_l1_baseline_h2o_automl_0.70_0.20_0.10,11,0.6103188726884441,0.8676631465478744,0.3529745988290139,0.1323368534521257,963
w3_catboost_quantile_055_lgbm_l1_baseline_h2o_automl_0.70_0.20_0.10,12,0.6656367079053422,0.8843724501544542,0.44690096565623016,0.11562754984554584,2038
w2_lgbm_catboost_quantile_055_0.50,1,0.6308385441492627,0.8555063154903151,0.40617077280821023,0.1444936845096849,1492
w2_lgbm_catboost_quantile_055_0.50,2,0.6108967582527106,0.864345751672278,0.3574477648331433,0.13565424832772202,772
w2_lgbm_catboost_quantile_055_0.50,3,0.6263882357193964,0.8630345942515251,0.3897418771872678,0.13696540574847493,1587
w2_lgbm_catboost_quantile_055_0.50,4,0.6217296779389008,0.8849819197666079,0.35847743611119376,0.11501808023339212,1166
w2_lgbm_catboost_quantile_055_0.50,5,0.6237858760179422,0.8746734205576173,0.37289833147826723,0.12532657944238268,1545
w2_lgbm_catboost_quantile_055_0.50,6,0.6029855262445075,0.8746081816268128,0.33136287086220234,0.1253918183731872,970
w2_lgbm_catboost_quantile_055_0.50,7,0.6128531445112084,0.8647815619883547,0.3609247270340621,0.13521843801164538,1577
w2_lgbm_catboost_quantile_055_0.50,8,0.6104353983027057,0.8667061704890774,0.354164626116334,0.1332938295109226,689
w2_lgbm_catboost_quantile_055_0.50,9,0.6272115617738869,0.8917392441362179,0.3626838794115561,0.10826075586378214,837
w2_lgbm_catboost_quantile_055_0.50,10,0.6125538009713473,0.8768816177815435,0.348225984161151,0.12311838221845654,895
w2_lgbm_catboost_quantile_055_0.50,11,0.6104174938282426,0.8683483726563584,0.35248661500012685,0.13165162734364153,963
w2_lgbm_catboost_quantile_055_0.50,12,0.6620347962340074,0.8848709409177644,0.43919865155025034,0.1151290590822356,2038
w3_catboost_quantile_055_lgbm_l1_baseline_h2o_automl_0.60_0.20_0.20,1,0.6270829137307598,0.8546671038482587,0.3994987236132607,0.14533289615174128,1492
w3_catboost_quantile_055_lgbm_l1_baseline_h2o_automl_0.60_0.20_0.20,2,0.6082981418490961,0.8645680618296634,0.35202822186852883,0.13543193817033658,772
w3_catboost_quantile_055_lgbm_l1_baseline_h2o_automl_0.60_0.20_0.20,3,0.6273451023911152,0.8629312031761625,0.39175900160606786,0.13706879682383757,1587
w3_catboost_quantile_055_lgbm_l1_baseline_h2o_automl_0.60_0.20_0.20,4,0.6250249113162243,0.8853122116415646,0.36473761099088403,0.1146877883584354,1166
w3_catboost_quantile_055_lgbm_l1_baseline_h2o_automl_0.60_0.20_0.20,5,0.6268138881836691,0.8760732642503586,0.3775545121169796,0.12392673574964137,1545
w3_catboost_quantile_055_lgbm_l1_baseline_h2o_automl_0.60_0.20_0.20,6,0.6059757228754985,0.8752716283650629,0.336679817385934,0.1247283716349371,970
w3_catboost_quantile_055_lgbm_l1_baseline_h2o_automl_0.60_0.20_0.20,7,0.612174646539303,0.8650631624596258,0.3592861306189801,0.13493683754037422,1577
w3_catboost_quantile_055_lgbm_l1_baseline_h2o_automl_0.60_0.20_0.20,8,0.6087922008787215,0.8672060689918759,0.3503783327655671,0.13279393100812414,689
w3_catboost_quantile_055_lgbm_l1_baseline_h2o_automl_0.60_0.20_0.20,9,0.6285980791416628,0.8912929704709188,0.3659031878124066,0.10870702952908122,837
w3_catboost_quantile_055_lgbm_l1_baseline_h2o_automl_0.60_0.20_0.20,10,0.6130566530470658,0.8784921686897692,0.34762113740436235,0.12150783131023084,895
w3_catboost_quantile_055_lgbm_l1_baseline_h2o_automl_0.60_0.20_0.20,11,0.606668437316086,0.8680407504737577,0.3452961241584143,0.13195924952624233,963
w3_catboost_quantile_055_lgbm_l1_baseline_h2o_automl_0.60_0.20_0.20,12,0.662120217169517,0.8840974201991377,0.44014301413989615,0.11590257980086226,2038
w3_catboost_quantile_055_lgbm_l1_baseline_h2o_automl_0.70_0.10_0.20,1,0.6271068115906688,0.8542671306091326,0.39994649257220516,0.1457328693908674,1492
w3_catboost_quantile_055_lgbm_l1_baseline_h2o_automl_0.70_0.10_0.20,2,0.6065350322926026,0.8642143662667101,0.3488556983184951,0.13578563373328992,772
w3_catboost_quantile_055_lgbm_l1_baseline_h2o_automl_0.70_0.10_0.20,3,0.6258678975260256,0.8622131179004895,0.38952267715156164,0.1377868820995105,1587
w3_catboost_quantile_055_lgbm_l1_baseline_h2o_automl_0.70_0.10_0.20,4,0.6255529057797004,0.8849841047832033,0.36612170677619743,0.11501589521679671,1166
w3_catboost_quantile_055_lgbm_l1_baseline_h2o_automl_0.70_0.10_0.20,5,0.6259784588533946,0.8754569272385013,0.376499990468288,0.12454307276149863,1545
w3_catboost_quantile_055_lgbm_l1_baseline_h2o_automl_0.70_0.10_0.20,6,0.6060792690615234,0.8748396933786036,0.33731884474444335,0.1251603066213965,970
w3_catboost_quantile_055_lgbm_l1_baseline_h2o_automl_0.70_0.10_0.20,7,0.6112061341511577,0.8648661486575883,0.35754611964472716,0.13513385134241176,1577
w3_catboost_quantile_055_lgbm_l1_baseline_h2o_automl_0.70_0.10_0.20,8,0.6056433686342186,0.8666029214770815,0.3446838157913558,0.13339707852291846,689
w3_catboost_quantile_055_lgbm_l1_baseline_h2o_automl_0.70_0.10_0.20,9,0.6284192069500968,0.8907326160990059,0.36610579780118774,0.1092673839009941,837
w3_catboost_quantile_055_lgbm_l1_baseline_h2o_automl_0.70_0.10_0.20,10,0.6140792684461046,0.8785764336375397,0.3495821032546695,0.12142356636246032,895
w3_catboost_quantile_055_lgbm_l1_baseline_h2o_automl_0.70_0.10_0.20,11,0.6080815572862664,0.867432881566103,0.34873023300642997,0.13256711843389696,963
w3_catboost_quantile_055_lgbm_l1_baseline_h2o_automl_0.70_0.10_0.20,12,0.6637426665583124,0.8838209986725755,0.44366433444404935,0.11617900132742454,2038
w3_catboost_quantile_055_lgbm_l1_baseline_xgboost_squarederror_0.60_0.20_0.20,1,0.6295401508602592,0.8553333714296869,0.4037469302908315,0.1446666285703131,1492
w3_catboost_quantile_055_lgbm_l1_baseline_xgboost_squarederror_0.60_0.20_0.20,2,0.6047981497894077,0.8637435496953074,0.345852749883508,0.13625645030469255,772
w3_catboost_quantile_055_lgbm_l1_baseline_xgboost_squarederror_0.60_0.20_0.20,3,0.6238792381345557,0.8621989757384866,0.38555950053062477,0.1378010242615134,1587
w3_catboost_quantile_055_lgbm_l1_baseline_xgboost_squarederror_0.60_0.20_0.20,4,0.6225206562993263,0.8854167737112416,0.359624538887411,0.11458322628875837,1166
w3_catboost_quantile_055_lgbm_l1_baseline_xgboost_squarederror_0.60_0.20_0.20,5,0.6238229334935563,0.875337396281485,0.37230847070562767,0.12466260371851501,1545
w3_catboost_quantile_055_lgbm_l1_baseline_xgboost_squarederror_0.60_0.20_0.20,6,0.6069010892392692,0.8750332424524702,0.33876893602606833,0.12496675754752984,970
w3_catboost_quantile_055_lgbm_l1_baseline_xgboost_squarederror_0.60_0.20_0.20,7,0.6139230587986283,0.8645340546490693,0.36331206294818735,0.13546594535093073,1577
w3_catboost_quantile_055_lgbm_l1_baseline_xgboost_squarederror_0.60_0.20_0.20,8,0.6066620166533099,0.8667232756455059,0.3466007576611139,0.13327672435449414,689
w3_catboost_quantile_055_lgbm_l1_baseline_xgboost_squarederror_0.60_0.20_0.20,9,0.6307981809415406,0.8916928585008269,0.3699035033822544,0.10830714149917309,837
w3_catboost_quantile_055_lgbm_l1_baseline_xgboost_squarederror_0.60_0.20_0.20,10,0.6152684635476368,0.8786161098385683,0.3519208172567052,0.12138389016143165,895
w3_catboost_quantile_055_lgbm_l1_baseline_xgboost_squarederror_0.60_0.20_0.20,11,0.6080121560037852,0.867647935860356,0.34837637614721445,0.13235206413964393,963
w3_catboost_quantile_055_lgbm_l1_baseline_xgboost_squarederror_0.60_0.20_0.20,12,0.6630507805841845,0.8846384296434645,0.44146313152490463,0.11536157035653545,2038
w3_catboost_quantile_055_lgbm_l1_baseline_extra_trees_wide_0.70_0.20_0.10,1,0.6281907902573195,0.8549598455619067,0.40142173495273226,0.14504015443809326,1492
w3_catboost_quantile_055_lgbm_l1_baseline_extra_trees_wide_0.70_0.20_0.10,2,0.6097279274369226,0.8636384263995801,0.3558174284742652,0.13636157360041992,772
w3_catboost_quantile_055_lgbm_l1_baseline_extra_trees_wide_0.70_0.20_0.10,3,0.6229391769775819,0.8624384048358451,0.3834399491193188,0.1375615951641549,1587
w3_catboost_quantile_055_lgbm_l1_baseline_extra_trees_wide_0.70_0.20_0.10,4,0.6249619288466975,0.8853800243753824,0.36454383331801266,0.11461997562461752,1166
w3_catboost_quantile_055_lgbm_l1_baseline_extra_trees_wide_0.70_0.20_0.10,5,0.6240374698452841,0.8745066629923642,0.37356827669820386,0.1254933370076358,1545
w3_catboost_quantile_055_lgbm_l1_baseline_extra_trees_wide_0.70_0.20_0.10,6,0.6029226527641337,0.8746267103180263,0.33121859521024105,0.1253732896819737,970
w3_catboost_quantile_055_lgbm_l1_baseline_extra_trees_wide_0.70_0.20_0.10,7,0.6112776306242237,0.8649334005564684,0.357621860691979,0.13506659944353158,1577
w3_catboost_quantile_055_lgbm_l1_baseline_extra_trees_wide_0.70_0.20_0.10,8,0.6041591174896729,0.8668632295013002,0.3414550054780456,0.13313677049869974,689
w3_catboost_quantile_055_lgbm_l1_baseline_extra_trees_wide_0.70_0.20_0.10,9,0.6263801222215403,0.8913009390352571,0.3614593054078235,0.10869906096474292,837
w3_catboost_quantile_055_lgbm_l1_baseline_extra_trees_wide_0.70_0.20_0.10,10,0.6111439950064782,0.8778968129959005,0.34439117701705596,0.12210318700409949,895
w3_catboost_quantile_055_lgbm_l1_baseline_extra_trees_wide_0.70_0.20_0.10,11,0.6057119976865869,0.86724091054658,0.3441830848265938,0.13275908945341994,963
w3_catboost_quantile_055_lgbm_l1_baseline_extra_trees_wide_0.70_0.20_0.10,12,0.6681962878366066,0.8855904200765004,0.4508021555967128,0.11440957992349961,2038
w3_catboost_quantile_055_lgbm_l1_baseline_extra_trees_wide_0.70_0.10_0.20,1,0.6263534142039742,0.8548135308627532,0.3978932975451952,0.14518646913724678,1492
w3_catboost_quantile_055_lgbm_l1_baseline_extra_trees_wide_0.70_0.10_0.20,2,0.6038207722630795,0.863023191215361,0.34461835331079804,0.136976808784639,772
w3_catboost_quantile_055_lgbm_l1_baseline_extra_trees_wide_0.70_0.10_0.20,3,0.6249744479859338,0.862713011264441,0.3872358847074266,0.13728698873555903,1587
w3_catboost_quantile_055_lgbm_l1_baseline_extra_trees_wide_0.70_0.10_0.20,4,0.6254331083197558,0.8860119102268817,0.36485430641262995,0.11398808977311825,1166
w3_catboost_quantile_055_lgbm_l1_baseline_extra_trees_wide_0.70_0.10_0.20,5,0.6236507244435033,0.8750794765709484,0.37222197231605825,0.12492052342905158,1545
w3_catboost_quantile_055_lgbm_l1_baseline_extra_trees_wide_0.70_0.10_0.20,6,0.6051345530538406,0.8752689530317148,0.3350001530759663,0.12473104696828523,970
w3_catboost_quantile_055_lgbm_l1_baseline_extra_trees_wide_0.70_0.10_0.20,7,0.6130951459847237,0.86513615608012,0.3610541358893274,0.13486384391988002,1577
w3_catboost_quantile_055_lgbm_l1_baseline_extra_trees_wide_0.70_0.10_0.20,8,0.6082363388891767,0.8678396079843564,0.348633069793997,0.13216039201564359,689
w3_catboost_quantile_055_lgbm_l1_baseline_extra_trees_wide_0.70_0.10_0.20,9,0.6279891389893475,0.891657948712995,0.36432032926569996,0.10834205128700507,837
w3_catboost_quantile_055_lgbm_l1_baseline_extra_trees_wide_0.70_0.10_0.20,10,0.612226240131539,0.8782576770564267,0.3461948032066515,0.12174232294357333,895
w3_catboost_quantile_055_lgbm_l1_baseline_extra_trees_wide_0.70_0.10_0.20,11,0.6009910935611553,0.8666251407419657,0.3353570463803448,0.13337485925803425,963
w3_catboost_quantile_055_lgbm_l1_baseline_extra_trees_wide_0.70_0.10_0.20,12,0.6686899474820605,0.886235247226907,0.45114464773721386,0.11376475277309299,2038
w3_catboost_quantile_055_lgbm_l1_baseline_hist_gbdt_absolute_0.60_0.20_0.20,1,0.6304951132841699,0.8556486713290857,0.4053415552392541,0.1443513286709143,1492
w3_catboost_quantile_055_lgbm_l1_baseline_hist_gbdt_absolute_0.60_0.20_0.20,2,0.6104982311998131,0.8637022292967608,0.3572942331028653,0.13629777070323926,772
w3_catboost_quantile_055_lgbm_l1_baseline_hist_gbdt_absolute_0.60_0.20_0.20,3,0.6236177078110013,0.8622893751203231,0.3849460405016795,0.1377106248796769,1587
w3_catboost_quantile_055_lgbm_l1_baseline_hist_gbdt_absolute_0.60_0.20_0.20,4,0.6222228032638387,0.8844864551094733,0.3599591514182041,0.11551354489052668,1166
w3_catboost_quantile_055_lgbm_l1_baseline_hist_gbdt_absolute_0.60_0.20_0.20,5,0.6242588965534741,0.8746589117753999,0.37385888133154843,0.12534108822460013,1545
w3_catboost_quantile_055_lgbm_l1_baseline_hist_gbdt_absolute_0.60_0.20_0.20,6,0.6013355270595738,0.8743389529365218,0.32833210118262596,0.12566104706347822,970
w3_catboost_quantile_055_lgbm_l1_baseline_hist_gbdt_absolute_0.60_0.20_0.20,7,0.610108994142903,0.8647119081887055,0.3555060800971006,0.13528809181129453,1577
w3_catboost_quantile_055_lgbm_l1_baseline_hist_gbdt_absolute_0.60_0.20_0.20,8,0.6099317027896914,0.8668979820561259,0.35296542352325705,0.13310201794387413,689
w3_catboost_quantile_055_lgbm_l1_baseline_hist_gbdt_absolute_0.60_0.20_0.20,9,0.6276799348657651,0.8913012941838154,0.36405857554771487,0.10869870581618457,837
w3_catboost_quantile_055_lgbm_l1_baseline_hist_gbdt_absolute_0.60_0.20_0.20,10,0.6153613786068132,0.8777652415645733,0.35295751564905314,0.12223475843542679,895
w3_catboost_quantile_055_lgbm_l1_baseline_hist_gbdt_absolute_0.60_0.20_0.20,11,0.6062907240732778,0.8676774043057316,0.34490404384082396,0.13232259569426838,963
w3_catboost_quantile_055_lgbm_l1_baseline_hist_gbdt_absolute_0.60_0.20_0.20,12,0.664248089589941,0.885195260608571,0.443300918571311,0.11480473939142903,2038
w3_catboost_quantile_055_lgbm_l1_baseline_xgboost_squarederror_0.70_0.20_0.10,1,0.6292721723694686,0.8549984743384198,0.40354587040051754,0.14500152566158023,1492
w3_catboost_quantile_055_lgbm_l1_baseline_xgboost_squarederror_0.70_0.20_0.10,2,0.6083902547450681,0.8638282521818027,0.35295225730833363,0.13617174781819733,772
w3_catboost_quantile_055_lgbm_l1_baseline_xgboost_squarederror_0.70_0.20_0.10,3,0.6230199456344063,0.8618099340128786,0.384229957255934,0.1381900659871213,1587
w3_catboost_quantile_055_lgbm_l1_baseline_xgboost_squarederror_0.70_0.20_0.10,4,0.6231706888452566,0.8849204586657177,0.3614209190247955,0.11507954133428237,1166
w3_catboost_quantile_055_lgbm_l1_baseline_xgboost_squarederror_0.70_0.20_0.10,5,0.6229402642508811,0.8743221692023069,0.3715583592994553,0.12567783079769312,1545
w3_catboost_quantile_055_lgbm_l1_baseline_xgboost_squarederror_0.70_0.20_0.10,6,0.6043050232594747,0.8742944965001712,0.3343155500187782,0.12570550349982879,970
w3_catboost_quantile_055_lgbm_l1_baseline_xgboost_squarederror_0.70_0.20_0.10,7,0.6109652066895219,0.8645612841493081,0.3573691292297356,0.13543871585069192,1577
w3_catboost_quantile_055_lgbm_l1_baseline_xgboost_squarederror_0.70_0.20_0.10,8,0.6065730648053325,0.8660266264972065,0.34711950311345835,0.1339733735027935,689
w3_catboost_quantile_055_lgbm_l1_baseline_xgboost_squarederror_0.70_0.20_0.10,9,0.628997430857971,0.8909598989206804,0.36703496279526154,0.10904010107931962,837
w3_catboost_quantile_055_lgbm_l1_baseline_xgboost_squarederror_0.70_0.20_0.10,10,0.6143959427435414,0.8780725440009003,0.3507193414861825,0.12192745599909971,895
w3_catboost_quantile_055_lgbm_l1_baseline_xgboost_squarederror_0.70_0.20_0.10,11,0.6073634279081258,0.8674314609340295,0.34729539488222216,0.13256853906597055,963
w3_catboost_quantile_055_lgbm_l1_baseline_xgboost_squarederror_0.70_0.20_0.10,12,0.664732654479254,0.884638229773906,0.4448270791846019,0.11536177022609391,2038
w2_lgbm_catboost_quantile_055_0.55,1,0.6290404593471088,0.8555134714730289,0.4025674472211887,0.14448652852697105,1492
w2_lgbm_catboost_quantile_055_0.55,2,0.6120973632578884,0.8643166579235757,0.35987806859220123,0.13568334207642432,772
w2_lgbm_catboost_quantile_055_0.55,3,0.6267359965969789,0.863195545837987,0.39027644735597083,0.13680445416201306,1587
w2_lgbm_catboost_quantile_055_0.55,4,0.6203835871569311,0.8849971453309743,0.35577002898288784,0.11500285466902575,1166
w2_lgbm_catboost_quantile_055_0.55,5,0.622597909823777,0.8748185452856496,0.37037727436190454,0.12518145471435035,1545
w2_lgbm_catboost_quantile_055_0.55,6,0.6011309238878819,0.8746913537871612,0.3275704939886026,0.12530864621283883,970
w2_lgbm_catboost_quantile_055_0.55,7,0.611294039139398,0.8647662980819655,0.35782178019683036,0.13523370191803455,1577
w2_lgbm_catboost_quantile_055_0.55,8,0.6072812765505367,0.8669042177552821,0.34765833534579116,0.13309578224471788,689
w2_lgbm_catboost_quantile_055_0.55,9,0.6266688752279942,0.8918891214561242,0.3614486289998642,0.10811087854387581,837
w2_lgbm_catboost_quantile_055_0.55,10,0.6113829957510158,0.8767019090465171,0.3460640824555146,0.12329809095348293,895
w2_lgbm_catboost_quantile_055_0.55,11,0.6106997742866818,0.8684623286143964,0.3529372199589671,0.13153767138560354,963
w2_lgbm_catboost_quantile_055_0.55,12,0.661587593531618,0.8847769068978056,0.4383982801654304,0.11522309310219436,2038
w3_catboost_quantile_055_lgbm_l1_baseline_gradient_boosting_quantile_0.60_0.20_0.20,1,0.6293542386044781,0.8554255967315141,0.4032828804774422,0.14457440326848586,1492
w3_catboost_quantile_055_lgbm_l1_baseline_gradient_boosting_quantile_0.60_0.20_0.20,2,0.6068593351162135,0.8643392639364906,0.3493794062959364,0.13566073606350937,772
w3_catboost_quantile_055_lgbm_l1_baseline_gradient_boosting_quantile_0.60_0.20_0.20,3,0.620267007804214,0.8623583255945866,0.37817569001384127,0.13764167440541336,1587
w3_catboost_quantile_055_lgbm_l1_baseline_gradient_boosting_quantile_0.60_0.20_0.20,4,0.6217475687284034,0.8844819840458014,0.3590131534110054,0.11551801595419864,1166
w3_catboost_quantile_055_lgbm_l1_baseline_gradient_boosting_quantile_0.60_0.20_0.20,5,0.6200898471982769,0.8737426457399818,0.36643704865657195,0.12625735426001813,1545
w3_catboost_quantile_055_lgbm_l1_baseline_gradient_boosting_quantile_0.60_0.20_0.20,6,0.6043586587936405,0.8744718547261737,0.3342454628611072,0.12552814527382627,970
w3_catboost_quantile_055_lgbm_l1_baseline_gradient_boosting_quantile_0.60_0.20_0.20,7,0.6092885348984968,0.8656066553367266,0.35297041446026695,0.13439334466327338,1577
w3_catboost_quantile_055_lgbm_l1_baseline_gradient_boosting_quantile_0.60_0.20_0.20,8,0.606230841490726,0.867746408411627,0.34471527456982515,0.132253591588373,689
w3_catboost_quantile_055_lgbm_l1_baseline_gradient_boosting_quantile_0.60_0.20_0.20,9,0.6272312936827661,0.8917039873591603,0.36275860000637183,0.1082960126408397,837
w3_catboost_quantile_055_lgbm_l1_baseline_gradient_boosting_quantile_0.60_0.20_0.20,10,0.610559219542882,0.8763258447760354,0.3447925943097285,0.12367415522396469,895
w3_catboost_quantile_055_lgbm_l1_baseline_gradient_boosting_quantile_0.60_0.20_0.20,11,0.6074933006628338,0.8684526745559237,0.34653392676974404,0.1315473254440763,963
w3_catboost_quantile_055_lgbm_l1_baseline_gradient_boosting_quantile_0.60_0.20_0.20,12,0.6703999501983399,0.88646523695465,0.45433466344202983,0.11353476304535008,2038
w3_catboost_quantile_055_lgbm_l1_baseline_h2o_automl_0.33_0.33_0.33,1,0.6249482445822776,0.854521474177348,0.3953750149872073,0.14547852582265197,1492
w3_catboost_quantile_055_lgbm_l1_baseline_h2o_automl_0.33_0.33_0.33,2,0.6024706286483645,0.8647240879120495,0.34021716938467966,0.13527591208795053,772
w3_catboost_quantile_055_lgbm_l1_baseline_h2o_automl_0.33_0.33_0.33,3,0.6248869550734109,0.8640512324669364,0.3857226776798852,0.1359487675330636,1587
w3_catboost_quantile_055_lgbm_l1_baseline_h2o_automl_0.33_0.33_0.33,4,0.6277184031479858,0.8852895232935479,0.37014728300242367,0.11471047670645203,1166
w3_catboost_quantile_055_lgbm_l1_baseline_h2o_automl_0.33_0.33_0.33,5,0.6336704871086893,0.8777743875751277,0.38956658664225086,0.12222561242487229,1545
w3_catboost_quantile_055_lgbm_l1_baseline_h2o_automl_0.33_0.33_0.33,6,0.6036407586966854,0.8762354398309565,0.33104607756241444,0.12376456016904347,970
w3_catboost_quantile_055_lgbm_l1_baseline_h2o_automl_0.33_0.33_0.33,7,0.6123198223414732,0.8649938260504798,0.35964581863246653,0.1350061739495202,1577
w3_catboost_quantile_055_lgbm_l1_baseline_h2o_automl_0.33_0.33_0.33,8,0.6137806141948247,0.8685544317144595,0.3590067966751898,0.13144556828554055,689
w3_catboost_quantile_055_lgbm_l1_baseline_h2o_automl_0.33_0.33_0.33,9,0.630630165282632,0.892120651495014,0.3691396790702502,0.10787934850498605,837
w3_catboost_quantile_055_lgbm_l1_baseline_h2o_automl_0.33_0.33_0.33,10,0.6101503379352862,0.8781886512898673,0.342112024580705,0.12181134871013265,895
w3_catboost_quantile_055_lgbm_l1_baseline_h2o_automl_0.33_0.33_0.33,11,0.6140396197360157,0.8687359900234075,0.3593432494486239,0.13126400997659252,963
w3_catboost_quantile_055_lgbm_l1_baseline_h2o_automl_0.33_0.33_0.33,12,0.6546872606084501,0.8830747806715074,0.42629974054539277,0.1169252193284927,2038
w2_lgbm_catboost_quantile_055_0.60,1,0.6282121311122834,0.8554871970790612,0.40093706514550553,0.1445128029209388,1492
w2_lgbm_catboost_quantile_055_0.60,2,0.6128909825065751,0.8642582977495653,0.36152366726358504,0.13574170225043466,772
w2_lgbm_catboost_quantile_055_0.60,3,0.6264168403987773,0.8633298115288623,0.38950386926869235,0.1366701884711377,1587
w2_lgbm_catboost_quantile_055_0.60,4,0.6210817934541691,0.8849369429038143,0.35722664400452403,0.11506305709618574,1166
w2_lgbm_catboost_quantile_055_0.60,5,0.6233950313932721,0.874908841712363,0.3718812210741813,0.12509115828763698,1545
w2_lgbm_catboost_quantile_055_0.60,6,0.6030265135100026,0.8747571904731661,0.33129583654683914,0.12524280952683392,970
w2_lgbm_catboost_quantile_055_0.60,7,0.611966772373106,0.8647029561043245,0.3592305886418876,0.13529704389567557,1577
w2_lgbm_catboost_quantile_055_0.60,8,0.6075371664541476,0.8670658205272129,0.34800851238108227,0.13293417947278707,689
w2_lgbm_catboost_quantile_055_0.60,9,0.626106350428946,0.8919978923101437,0.3602148085477484,0.10800210768985634,837
w2_lgbm_catboost_quantile_055_0.60,10,0.6088923784810052,0.8765041883397842,0.3412805686222262,0.1234958116602158,895
w2_lgbm_catboost_quantile_055_0.60,11,0.6107060060272693,0.8685583709613628,0.35285364109317596,0.13144162903863724,963
w2_lgbm_catboost_quantile_055_0.60,12,0.6605310027461245,0.8846305241883559,0.43643148130389314,0.11536947581164408,2038
w3_catboost_quantile_055_lgbm_l1_baseline_hist_gbdt_absolute_0.70_0.20_0.10,1,0.6297494188706771,0.8551168709910811,0.40438196675027305,0.14488312900891884,1492
w3_catboost_quantile_055_lgbm_l1_baseline_hist_gbdt_absolute_0.70_0.20_0.10,2,0.6084165134725139,0.8639265372749405,0.35290648967008725,0.13607346272505955,772
w3_catboost_quantile_055_lgbm_l1_baseline_hist_gbdt_absolute_0.70_0.20_0.10,3,0.6227235093467313,0.8617579073548979,0.3836891113385646,0.13824209264510215,1587
w3_catboost_quantile_055_lgbm_l1_baseline_hist_gbdt_absolute_0.70_0.20_0.10,4,0.6225499726504541,0.8844735048900423,0.3606264404108659,0.11552649510995776,1166
w3_catboost_quantile_055_lgbm_l1_baseline_hist_gbdt_absolute_0.70_0.20_0.10,5,0.6215529850054666,0.8739065072410981,0.36919946276983523,0.1260934927589019,1545
w3_catboost_quantile_055_lgbm_l1_baseline_hist_gbdt_absolute_0.70_0.20_0.10,6,0.6010629992983243,0.8738212009472446,0.3283047976494039,0.12617879905275545,970
w3_catboost_quantile_055_lgbm_l1_baseline_hist_gbdt_absolute_0.70_0.20_0.10,7,0.6086257731328868,0.8645308585831023,0.3527206876826714,0.13546914141689767,1577
w3_catboost_quantile_055_lgbm_l1_baseline_hist_gbdt_absolute_0.70_0.20_0.10,8,0.6067892066589923,0.8660713876289745,0.34750702568901,0.13392861237102552,689
w3_catboost_quantile_055_lgbm_l1_baseline_hist_gbdt_absolute_0.70_0.20_0.10,9,0.6278717225632523,0.8908273814168364,0.3649160637096682,0.10917261858316357,837
w3_catboost_quantile_055_lgbm_l1_baseline_hist_gbdt_absolute_0.70_0.20_0.10,10,0.6155982010179472,0.8776936182791804,0.35350278375671396,0.1223063817208196,895
w3_catboost_quantile_055_lgbm_l1_baseline_hist_gbdt_absolute_0.70_0.20_0.10,11,0.6077410376267697,0.867511416170784,0.34797065908275543,0.132488583829216,963
w3_catboost_quantile_055_lgbm_l1_baseline_hist_gbdt_absolute_0.70_0.20_0.10,12,0.6656638587488892,0.8848208816492521,0.44650683584852624,0.11517911835074786,2038
w3_catboost_quantile_055_lgbm_l1_baseline_extra_trees_wide_0.33_0.33_0.33,1,0.6243946113673796,0.8552488464488387,0.3935403762859205,0.14475115355116133,1492
w3_catboost_quantile_055_lgbm_l1_baseline_extra_trees_wide_0.33_0.33_0.33,2,0.6029964493531954,0.8624950855332142,0.34349781317317674,0.13750491446678578,772
w3_catboost_quantile_055_lgbm_l1_baseline_extra_trees_wide_0.33_0.33_0.33,3,0.6254822410806886,0.8649214404570053,0.38604304170437187,0.13507855954299477,1587
w3_catboost_quantile_055_lgbm_l1_baseline_extra_trees_wide_0.33_0.33_0.33,4,0.6248968513920393,0.8871557088123749,0.36263799397170376,0.11284429118762501,1166
w3_catboost_quantile_055_lgbm_l1_baseline_extra_trees_wide_0.33_0.33_0.33,5,0.6268355882958766,0.8772391040544032,0.37643207253734995,0.12276089594559676,1545
w3_catboost_quantile_055_lgbm_l1_baseline_extra_trees_wide_0.33_0.33_0.33,6,0.6100781541161218,0.8773934710683312,0.3427628371639124,0.12260652893166875,970
w3_catboost_quantile_055_lgbm_l1_baseline_extra_trees_wide_0.33_0.33_0.33,7,0.6129485984294418,0.8653532063793338,0.36054399047954994,0.13464679362066626,1577
w3_catboost_quantile_055_lgbm_l1_baseline_extra_trees_wide_0.33_0.33_0.33,8,0.6118769014200622,0.870587178558553,0.35316662428157136,0.12941282144144692,689
w3_catboost_quantile_055_lgbm_l1_baseline_extra_trees_wide_0.33_0.33_0.33,9,0.6302355644214066,0.8941009374131744,0.36637019142963867,0.10589906258682559,837
w3_catboost_quantile_055_lgbm_l1_baseline_extra_trees_wide_0.33_0.33_0.33,10,0.6077692349115047,0.8777233199569662,0.33781514986604316,0.12227668004303387,895
w3_catboost_quantile_055_lgbm_l1_baseline_extra_trees_wide_0.33_0.33_0.33,11,0.6032267742862898,0.8670465811100472,0.3394069674625324,0.13295341888995285,963
w3_catboost_quantile_055_lgbm_l1_baseline_extra_trees_wide_0.33_0.33_0.33,12,0.6627813202518057,0.8868402128622741,0.43872242764133723,0.1131597871377259,2038
w3_catboost_quantile_055_lgbm_l1_baseline_gradient_boosting_quantile_0.70_0.20_0.10,1,0.6284849506519401,0.855032721474172,0.40193717982970817,0.14496727852582802,1492
w3_catboost_quantile_055_lgbm_l1_baseline_gradient_boosting_quantile_0.70_0.20_0.10,2,0.6091319612358657,0.8640773265916107,0.35418659588012047,0.1359226734083893,772
w3_catboost_quantile_055_lgbm_l1_baseline_gradient_boosting_quantile_0.70_0.20_0.10,3,0.6200756404145302,0.8618437963323449,0.37830748449671553,0.13815620366765513,1587
w3_catboost_quantile_055_lgbm_l1_baseline_gradient_boosting_quantile_0.70_0.20_0.10,4,0.6232494919833148,0.8844739713052273,0.36202501266140236,0.11552602869477273,1166
w3_catboost_quantile_055_lgbm_l1_baseline_gradient_boosting_quantile_0.70_0.20_0.10,5,0.6203797606141391,0.8734859366310653,0.3672735845972129,0.12651406336893464,1545
w3_catboost_quantile_055_lgbm_l1_baseline_gradient_boosting_quantile_0.70_0.20_0.10,6,0.6021616914636122,0.8740056119270554,0.330317771000169,0.12599438807294458,970
w3_catboost_quantile_055_lgbm_l1_baseline_gradient_boosting_quantile_0.70_0.20_0.10,7,0.6091854048015384,0.8650196076714235,0.35335120193165315,0.13498039232857653,1577
w3_catboost_quantile_055_lgbm_l1_baseline_gradient_boosting_quantile_0.70_0.20_0.10,8,0.6029155906695767,0.8665440978204424,0.3392870835187109,0.13345590217955755,689
w3_catboost_quantile_055_lgbm_l1_baseline_gradient_boosting_quantile_0.70_0.20_0.10,9,0.6273004272215137,0.8910226717504285,0.3635781826925988,0.10897732824957156,837
w3_catboost_quantile_055_lgbm_l1_baseline_gradient_boosting_quantile_0.70_0.20_0.10,10,0.6117157523612572,0.8770025931288785,0.3464289115936358,0.12299740687112143,895
w3_catboost_quantile_055_lgbm_l1_baseline_gradient_boosting_quantile_0.70_0.20_0.10,11,0.6071968926468411,0.8679338501558309,0.3464599351378513,0.1320661498441691,963
w3_catboost_quantile_055_lgbm_l1_baseline_gradient_boosting_quantile_0.70_0.20_0.10,12,0.6692062740935838,0.8855602063854613,0.45285234180170625,0.11443979361453872,2038
w3_catboost_quantile_055_lgbm_l1_baseline_h2o_automl_0.80_0.10_0.10,1,0.6291118759546697,0.8542975576802345,0.40392619422910475,0.14570244231976548,1492
w3_catboost_quantile_055_lgbm_l1_baseline_h2o_automl_0.80_0.10_0.10,2,0.608302567056979,0.8635093939361886,0.3530957401777694,0.13649060606381133,772
w3_catboost_quantile_055_lgbm_l1_baseline_h2o_automl_0.80_0.10_0.10,3,0.6213278161606841,0.8614751626854243,0.381180469635944,0.13852483731457568,1587
w3_catboost_quantile_055_lgbm_l1_baseline_h2o_automl_0.80_0.10_0.10,4,0.6233733674555343,0.8845165142720162,0.36223022063905236,0.11548348572798384,1166
w3_catboost_quantile_055_lgbm_l1_baseline_h2o_automl_0.80_0.10_0.10,5,0.6244026438369282,0.8740716908808966,0.37473359679295976,0.12592830911910335,1545
w3_catboost_quantile_055_lgbm_l1_baseline_h2o_automl_0.80_0.10_0.10,6,0.6021374457780433,0.8741264888902814,0.33014840266580514,0.12587351110971853,970
w3_catboost_quantile_055_lgbm_l1_baseline_h2o_automl_0.80_0.10_0.10,7,0.6118434785563405,0.8646695007372563,0.3590174563754247,0.13533049926274365,1577
w3_catboost_quantile_055_lgbm_l1_baseline_h2o_automl_0.80_0.10_0.10,8,0.6033919724830203,0.8656670943271801,0.34111685063886044,0.13433290567281983,689
w3_catboost_quantile_055_lgbm_l1_baseline_h2o_automl_0.80_0.10_0.10,9,0.6258272873607099,0.8901604342287721,0.3614941404926478,0.10983956577122793,837
w3_catboost_quantile_055_lgbm_l1_baseline_h2o_automl_0.80_0.10_0.10,10,0.6131224181676608,0.8779887262929621,0.3482561100423594,0.12201127370703795,895
w3_catboost_quantile_055_lgbm_l1_baseline_h2o_automl_0.80_0.10_0.10,11,0.6072613199550719,0.8668580011473406,0.34766463876280324,0.13314199885265945,963
w3_catboost_quantile_055_lgbm_l1_baseline_h2o_automl_0.80_0.10_0.10,12,0.6634953424003724,0.8841930698500297,0.4427976149507152,0.11580693014997034,2038
w3_catboost_quantile_055_lgbm_l1_baseline_catboost_rmse_0.70_0.20_0.10,1,0.6288314275682491,0.8551477489337118,0.40251510620278624,0.14485225106628816,1492
w3_catboost_quantile_055_lgbm_l1_baseline_catboost_rmse_0.70_0.20_0.10,2,0.6097542130415088,0.8635501532014309,0.35595827288158666,0.13644984679856914,772
w3_catboost_quantile_055_lgbm_l1_baseline_catboost_rmse_0.70_0.20_0.10,3,0.6217046910144401,0.8615623793728572,0.381847002656023,0.13843762062714285,1587
w3_catboost_quantile_055_lgbm_l1_baseline_catboost_rmse_0.70_0.20_0.10,4,0.6222999184921172,0.8849139651216928,0.35968587186254153,0.11508603487830715,1166
w3_catboost_quantile_055_lgbm_l1_baseline_catboost_rmse_0.70_0.20_0.10,5,0.6240745792971395,0.8740421837589044,0.37410697483537464,0.12595781624109562,1545
w3_catboost_quantile_055_lgbm_l1_baseline_catboost_rmse_0.70_0.20_0.10,6,0.6023852288562582,0.874289644468719,0.33048081324379736,0.12571035553128093,970
w3_catboost_quantile_055_lgbm_l1_baseline_catboost_rmse_0.70_0.20_0.10,7,0.6104159503421884,0.8646646811227028,0.356167219561674,0.1353353188772972,1577
w3_catboost_quantile_055_lgbm_l1_baseline_catboost_rmse_0.70_0.20_0.10,8,0.6038159484167385,0.8658525154801346,0.34177938135334224,0.13414748451986536,689
w3_catboost_quantile_055_lgbm_l1_baseline_catboost_rmse_0.70_0.20_0.10,9,0.62652029869697,0.8910935333700513,0.36194706402388865,0.10890646662994875,837
w3_catboost_quantile_055_lgbm_l1_baseline_catboost_rmse_0.70_0.20_0.10,10,0.6130501693425532,0.8781707065315469,0.34792963215355943,0.12182929346845302,895
w3_catboost_quantile_055_lgbm_l1_baseline_catboost_rmse_0.70_0.20_0.10,11,0.6047049773601265,0.8673966106905023,0.3420133440297506,0.1326033893094977,963
w3_catboost_quantile_055_lgbm_l1_baseline_catboost_rmse_0.70_0.20_0.10,12,0.6646401591222111,0.8845121748542849,0.4447681433901372,0.11548782514571508,2038
w3_catboost_quantile_055_lgbm_l1_baseline_xgboost_squarederror_0.70_0.10_0.20,1,0.627787434731239,0.8549301756969832,0.40064469376549483,0.14506982430301682,1492
w3_catboost_quantile_055_lgbm_l1_baseline_xgboost_squarederror_0.70_0.10_0.20,2,0.6042358157707116,0.8634776572518718,0.34499397428955153,0.13652234274812822,772
w3_catboost_quantile_055_lgbm_l1_baseline_xgboost_squarederror_0.70_0.10_0.20,3,0.6213808612824439,0.8614765988578199,0.3812851237070678,0.13852340114218006,1587
w3_catboost_quantile_055_lgbm_l1_baseline_xgboost_squarederror_0.70_0.10_0.20,4,0.6229885918473719,0.8851263420118091,0.3608508416829346,0.1148736579881909,1166
w3_catboost_quantile_055_lgbm_l1_baseline_xgboost_squarederror_0.70_0.10_0.20,5,0.6231926117403935,0.8747246228918657,0.3716606005889213,0.12527537710813424,1545
w3_catboost_quantile_055_lgbm_l1_baseline_xgboost_squarederror_0.70_0.10_0.20,6,0.6057227159738099,0.8745468626242521,0.3368985693233677,0.1254531373757479,970
w3_catboost_quantile_055_lgbm_l1_baseline_xgboost_squarederror_0.70_0.10_0.20,7,0.6123781405023713,0.8643747602348073,0.3603815207699353,0.13562523976519275,1577
w3_catboost_quantile_055_lgbm_l1_baseline_xgboost_squarederror_0.70_0.10_0.20,8,0.6045873974280412,0.8661777977522596,0.3429969971038229,0.1338222022477404,689
w3_catboost_quantile_055_lgbm_l1_baseline_xgboost_squarederror_0.70_0.10_0.20,9,0.6312752142285887,0.8910643669281256,0.37148606152905184,0.10893563307187436,837
w3_catboost_quantile_055_lgbm_l1_baseline_xgboost_squarederror_0.70_0.10_0.20,10,0.6174399774768461,0.8786551757165579,0.3562247792371343,0.12134482428344205,895
w3_catboost_quantile_055_lgbm_l1_baseline_xgboost_squarederror_0.70_0.10_0.20,11,0.6057991740921578,0.8670443143465958,0.34455403383771976,0.13295568565340415,963
w3_catboost_quantile_055_lgbm_l1_baseline_xgboost_squarederror_0.70_0.10_0.20,12,0.6628706552711355,0.8843961658806678,0.4413451446616032,0.11560383411933213,2038
w3_catboost_quantile_055_lgbm_l1_baseline_xgboost_squarederror_0.80_0.10_0.10,1,0.6285010915585774,0.8545207927942681,0.4024813903228867,0.1454792072057319,1492
w3_catboost_quantile_055_lgbm_l1_baseline_xgboost_squarederror_0.80_0.10_0.10,2,0.6066279851769834,0.8633132113965858,0.3499427589573809,0.13668678860341418,772
w3_catboost_quantile_055_lgbm_l1_baseline_xgboost_squarederror_0.80_0.10_0.10,3,0.6213371217809053,0.8609747830176714,0.3816994605441391,0.13902521698232864,1587
w3_catboost_quantile_055_lgbm_l1_baseline_xgboost_squarederror_0.80_0.10_0.10,4,0.6249127388374034,0.884559417221551,0.3652660604532559,0.115440582778449,1166
w3_catboost_quantile_055_lgbm_l1_baseline_xgboost_squarederror_0.80_0.10_0.10,5,0.6231068101726837,0.8735826822526199,0.37263093809274733,0.1264173177473801,1545
w3_catboost_quantile_055_lgbm_l1_baseline_xgboost_squarederror_0.80_0.10_0.10,6,0.6007952962068839,0.8737042869250958,0.3278863054886719,0.1262957130749042,970
w3_catboost_quantile_055_lgbm_l1_baseline_xgboost_squarederror_0.80_0.10_0.10,7,0.6094087521969931,0.8642877596972052,0.35452974469678106,0.13571224030279486,1577
w3_catboost_quantile_055_lgbm_l1_baseline_xgboost_squarederror_0.80_0.10_0.10,8,0.6027048208422532,0.865393102686875,0.34001653899763135,0.13460689731312506,689
w3_catboost_quantile_055_lgbm_l1_baseline_xgboost_squarederror_0.80_0.10_0.10,9,0.6278849377964707,0.8903354022040988,0.36543447338884266,0.10966459779590126,837
w3_catboost_quantile_055_lgbm_l1_baseline_xgboost_squarederror_0.80_0.10_0.10,10,0.6167633620937659,0.8780527584130413,0.3554739657744905,0.12194724158695865,895
w3_catboost_quantile_055_lgbm_l1_baseline_xgboost_squarederror_0.80_0.10_0.10,11,0.6069076595778766,0.8667668120675105,0.34704850708824275,0.13323318793248945,963
w3_catboost_quantile_055_lgbm_l1_baseline_xgboost_squarederror_0.80_0.10_0.10,12,0.6647716144026357,0.8842182447703042,0.44532498403496706,0.11578175522969575,2038
w3_catboost_quantile_055_lgbm_l1_baseline_extra_trees_wide_0.80_0.10_0.10,1,0.6287030449583436,0.8544911582447664,0.4029149316719208,0.14550884175523357,1492
w3_catboost_quantile_055_lgbm_l1_baseline_extra_trees_wide_0.80_0.10_0.10,2,0.6075223039350095,0.8631021706405063,0.35194243722951274,0.1368978293594937,772
w3_catboost_quantile_055_lgbm_l1_baseline_extra_trees_wide_0.80_0.10_0.10,3,0.6209481858149345,0.8615705448165364,0.38032582681333266,0.13842945518346358,1587
w3_catboost_quantile_055_lgbm_l1_baseline_extra_trees_wide_0.80_0.10_0.10,4,0.6260100357573314,0.8850299878545516,0.3669900836601112,0.11497001214544844,1166
w3_catboost_quantile_055_lgbm_l1_baseline_extra_trees_wide_0.80_0.10_0.10,5,0.6217907793918072,0.873787203602492,0.36979435518112247,0.12621279639750807,1545
w3_catboost_quantile_055_lgbm_l1_baseline_extra_trees_wide_0.80_0.10_0.10,6,0.6016844912976855,0.8740645800708216,0.32930440252454946,0.12593541992917842,970
w3_catboost_quantile_055_lgbm_l1_baseline_extra_trees_wide_0.80_0.10_0.10,7,0.6103808733898105,0.8646574600645317,0.35610428671508937,0.13534253993546833,1577
w3_catboost_quantile_055_lgbm_l1_baseline_extra_trees_wide_0.80_0.10_0.10,8,0.6043233390844438,0.8662061508502203,0.34244052731866725,0.13379384914977963,689
w3_catboost_quantile_055_lgbm_l1_baseline_extra_trees_wide_0.80_0.10_0.10,9,0.6270490538976932,0.8906521914888015,0.36344591630658485,0.10934780851119853,837
w3_catboost_quantile_055_lgbm_l1_baseline_extra_trees_wide_0.80_0.10_0.10,10,0.6100113902209512,0.8779295988357144,0.34209318160618785,0.12207040116428557,895
w3_catboost_quantile_055_lgbm_l1_baseline_extra_trees_wide_0.80_0.10_0.10,11,0.6054014026399911,0.8666162270957811,0.344186578184201,0.1333837729042189,963
w3_catboost_quantile_055_lgbm_l1_baseline_extra_trees_wide_0.80_0.10_0.10,12,0.6660568417354013,0.8852005634791213,0.4469131199916812,0.1147994365208787,2038
w3_catboost_quantile_055_lgbm_l1_baseline_catboost_rmse_0.60_0.20_0.20,1,0.6288160823305249,0.8557359509345188,0.401896213726531,0.14426404906548115,1492
w3_catboost_quantile_055_lgbm_l1_baseline_catboost_rmse_0.60_0.20_0.20,2,0.6076146349160519,0.8630430279896733,0.3521862418424307,0.13695697201032672,772
w3_catboost_quantile_055_lgbm_l1_baseline_catboost_rmse_0.60_0.20_0.20,3,0.622207868140329,0.8619306899726932,0.3824850463079648,0.13806931002730685,1587
w3_catboost_quantile_055_lgbm_l1_baseline_catboost_rmse_0.60_0.20_0.20,4,0.6203975305242784,0.8853814234021532,0.3554136376464035,0.1146185765978468,1166
w3_catboost_quantile_055_lgbm_l1_baseline_catboost_rmse_0.60_0.20_0.20,5,0.6275458532734419,0.8749070689068235,0.38018463764006044,0.1250929310931766,1545
w3_catboost_quantile_055_lgbm_l1_baseline_catboost_rmse_0.60_0.20_0.20,6,0.6063708173409783,0.8752968857502061,0.33744474893175047,0.12470311424979386,970
w3_catboost_quantile_055_lgbm_l1_baseline_catboost_rmse_0.60_0.20_0.20,7,0.6121227711785966,0.8649396270544013,0.3593059153027918,0.13506037294559867,1577
w3_catboost_quantile_055_lgbm_l1_baseline_catboost_rmse_0.60_0.20_0.20,8,0.6045004369603844,0.8664382828584962,0.3425625910622725,0.13356171714150378,689
w3_catboost_quantile_055_lgbm_l1_baseline_catboost_rmse_0.60_0.20_0.20,9,0.6295283597323417,0.8918979165490677,0.3671588029156157,0.10810208345093227,837
w3_catboost_quantile_055_lgbm_l1_baseline_catboost_rmse_0.60_0.20_0.20,10,0.6118747514733538,0.8787022095919432,0.3450472933547644,0.12129779040805673,895
w3_catboost_quantile_055_lgbm_l1_baseline_catboost_rmse_0.60_0.20_0.20,11,0.6003010628980165,0.8674252644590286,0.3331768613370045,0.13257473554097146,963
w3_catboost_quantile_055_lgbm_l1_baseline_catboost_rmse_0.60_0.20_0.20,12,0.6622371620609396,0.8846538213424457,0.43982050277943346,0.1153461786575542,2038
w3_catboost_quantile_055_lgbm_l1_baseline_gradient_boosting_quantile_0.70_0.10_0.20,1,0.62879149829649,0.8549799338464492,0.40260306274653074,0.14502006615355081,1492
w3_catboost_quantile_055_lgbm_l1_baseline_gradient_boosting_quantile_0.70_0.10_0.20,2,0.6057464072258115,0.8636456238859404,0.34784719056568264,0.13635437611405968,772
w3_catboost_quantile_055_lgbm_l1_baseline_gradient_boosting_quantile_0.70_0.10_0.20,3,0.6169766771832524,0.8616499167246823,0.37230343764182267,0.13835008327531773,1587
w3_catboost_quantile_055_lgbm_l1_baseline_gradient_boosting_quantile_0.70_0.10_0.20,4,0.61910893839154,0.8841360717766589,0.3540818050064212,0.11586392822334114,1166
w3_catboost_quantile_055_lgbm_l1_baseline_gradient_boosting_quantile_0.70_0.10_0.20,5,0.6194230611747131,0.8731020933984736,0.36574402895095276,0.12689790660152642,1545
w3_catboost_quantile_055_lgbm_l1_baseline_gradient_boosting_quantile_0.70_0.10_0.20,6,0.6023934931978964,0.8741397793614158,0.33064720703437694,0.1258602206385841,970
w3_catboost_quantile_055_lgbm_l1_baseline_gradient_boosting_quantile_0.70_0.10_0.20,7,0.611642228044141,0.8654617025473232,0.3578227535409589,0.13453829745267679,1577
w3_catboost_quantile_055_lgbm_l1_baseline_gradient_boosting_quantile_0.70_0.10_0.20,8,0.6043436497042568,0.8671071377026438,0.34158016170586986,0.13289286229735622,689
w3_catboost_quantile_055_lgbm_l1_baseline_gradient_boosting_quantile_0.70_0.10_0.20,9,0.6251690192637789,0.8909811552921786,0.35935688323537923,0.10901884470782142,837
w3_catboost_quantile_055_lgbm_l1_baseline_gradient_boosting_quantile_0.70_0.10_0.20,10,0.6105452682719054,0.8762493637756292,0.34484117276818144,0.12375063622437076,895
w3_catboost_quantile_055_lgbm_l1_baseline_gradient_boosting_quantile_0.70_0.10_0.20,11,0.6035292119119684,0.8677251947721556,0.33933322905178115,0.13227480522784435,963
w3_catboost_quantile_055_lgbm_l1_baseline_gradient_boosting_quantile_0.70_0.10_0.20,12,0.6720456570642019,0.8863672035191846,0.4577241106092192,0.11363279648081538,2038
w3_catboost_quantile_055_lgbm_l1_baseline_hist_gbdt_absolute_0.70_0.10_0.20,1,0.6301099395843206,0.8552510548224505,0.40496882434619086,0.14474894517754952,1492
w3_catboost_quantile_055_lgbm_l1_baseline_hist_gbdt_absolute_0.70_0.10_0.20,2,0.6085465892631375,0.8637547595617396,0.3533384189645354,0.1362452404382604,772
w3_catboost_quantile_055_lgbm_l1_baseline_hist_gbdt_absolute_0.70_0.10_0.20,3,0.6201679765789863,0.861494643280597,0.3788413098773755,0.138505356719403,1587
w3_catboost_quantile_055_lgbm_l1_baseline_hist_gbdt_absolute_0.70_0.10_0.20,4,0.6230379393889339,0.8842945088315742,0.36178136994629356,0.11570549116842578,1166
w3_catboost_quantile_055_lgbm_l1_baseline_hist_gbdt_absolute_0.70_0.10_0.20,5,0.6233038769065504,0.8740415416047452,0.37256621220835573,0.12595845839525477,1545
w3_catboost_quantile_055_lgbm_l1_baseline_hist_gbdt_absolute_0.70_0.10_0.20,6,0.601158563734419,0.8736566494283097,0.3286604780405283,0.1263433505716903,970
w3_catboost_quantile_055_lgbm_l1_baseline_hist_gbdt_absolute_0.70_0.10_0.20,7,0.605605233316845,0.8644569652150935,0.34675350141859645,0.13554303478490645,1577
w3_catboost_quantile_055_lgbm_l1_baseline_hist_gbdt_absolute_0.70_0.10_0.20,8,0.605364531063774,0.8663334276274429,0.3443956345001051,0.13366657237255705,689
w3_catboost_quantile_055_lgbm_l1_baseline_hist_gbdt_absolute_0.70_0.10_0.20,9,0.6269084780895229,0.8908211199377202,0.36299583624132564,0.10917888006227978,837
w3_catboost_quantile_055_lgbm_l1_baseline_hist_gbdt_absolute_0.70_0.10_0.20,10,0.6151041512737913,0.8780127175686105,0.35219558497897197,0.12198728243138951,895
w3_catboost_quantile_055_lgbm_l1_baseline_hist_gbdt_absolute_0.70_0.10_0.20,11,0.6055925396581965,0.8673601788730336,0.3438249004433593,0.13263982112696637,963
w3_catboost_quantile_055_lgbm_l1_baseline_hist_gbdt_absolute_0.70_0.10_0.20,12,0.6666378256683902,0.8848313605566761,0.4484442907801043,0.11516863944332391,2038
w2_lgbm_catboost_quantile_055_0.65,1,0.6271141843274868,0.8554271846893751,0.3988011839655985,0.1445728153106249,1492
w2_lgbm_catboost_quantile_055_0.65,2,0.6128862480332129,0.8641731105036851,0.3615993855627406,0.13582688949631497,772
w2_lgbm_catboost_quantile_055_0.65,3,0.6233905931455787,0.8634220403700266,0.3833591459211308,0.1365779596299734,1587
w2_lgbm_catboost_quantile_055_0.65,4,0.6211127683831249,0.8848360305724973,0.3573895061937525,0.11516396942750273,1166
w2_lgbm_catboost_quantile_055_0.65,5,0.6215340456796745,0.874971635757037,0.368096455602312,0.125028364242963,1545
w2_lgbm_catboost_quantile_055_0.65,6,0.6032956764131011,0.8748038568983005,0.33178749592790163,0.1251961431016995,970
w2_lgbm_catboost_quantile_055_0.65,7,0.6114483914667187,0.8646159772500047,0.3582808056834326,0.13538402274999525,1577
w2_lgbm_catboost_quantile_055_0.65,8,0.6078060219865397,0.8672216164293307,0.34839042754374866,0.13277838357066932,689
w2_lgbm_catboost_quantile_055_0.65,9,0.6271040923478879,0.8920881564811808,0.3621200282145949,0.10791184351881923,837
w2_lgbm_catboost_quantile_055_0.65,10,0.6071976582993774,0.876276098720054,0.33811921787870086,0.12372390127994605,895
w2_lgbm_catboost_quantile_055_0.65,11,0.6124085510737924,0.8685944332336231,0.35622266891396187,0.1314055667663769,963
w2_lgbm_catboost_quantile_055_0.65,12,0.6597619113805032,0.8844396286086075,0.435084194152399,0.11556037139139257,2038
w3_catboost_quantile_055_lgbm_l1_baseline_gradient_boosting_quantile_0.80_0.10_0.10,1,0.6285586485654809,0.8545683656072403,0.4025489315237217,0.14543163439275977,1492
w3_catboost_quantile_055_lgbm_l1_baseline_gradient_boosting_quantile_0.80_0.10_0.10,2,0.6080563837489874,0.8632694359617744,0.3528433315362005,0.13673056403822556,772
w3_catboost_quantile_055_lgbm_l1_baseline_gradient_boosting_quantile_0.80_0.10_0.10,3,0.6179556020961703,0.8611228304187464,0.3747883737735942,0.13887716958125365,1587
w3_catboost_quantile_055_lgbm_l1_baseline_gradient_boosting_quantile_0.80_0.10_0.10,4,0.6239397766660162,0.884094090069903,0.3637854632621294,0.11590590993009693,1166
w3_catboost_quantile_055_lgbm_l1_baseline_gradient_boosting_quantile_0.80_0.10_0.10,5,0.6196056177133213,0.8728239772893588,0.36638725813728384,0.1271760227106412,1545
w3_catboost_quantile_055_lgbm_l1_baseline_gradient_boosting_quantile_0.80_0.10_0.10,6,0.6009362121567252,0.8736324504512143,0.3282399738622362,0.1263675495487857,970
w3_catboost_quantile_055_lgbm_l1_baseline_gradient_boosting_quantile_0.80_0.10_0.10,7,0.6094515156047975,0.8648347058493736,0.3540683253602215,0.1351652941506264,1577
w3_catboost_quantile_055_lgbm_l1_baseline_gradient_boosting_quantile_0.80_0.10_0.10,8,0.6020023679003021,0.8658725587304384,0.33813217707016596,0.13412744126956158,689
w3_catboost_quantile_055_lgbm_l1_baseline_gradient_boosting_quantile_0.80_0.10_0.10,9,0.6249636599512643,0.890302568921021,0.35962475098150765,0.10969743107897896,837
w3_catboost_quantile_055_lgbm_l1_baseline_gradient_boosting_quantile_0.80_0.10_0.10,10,0.6097854157207795,0.8768976414750291,0.3426731899665298,0.12310235852497085,895
w3_catboost_quantile_055_lgbm_l1_baseline_gradient_boosting_quantile_0.80_0.10_0.10,11,0.6047938211562048,0.8671532475189663,0.34243439479344334,0.1328467524810337,963
w3_catboost_quantile_055_lgbm_l1_baseline_gradient_boosting_quantile_0.80_0.10_0.10,12,0.6700835472515586,0.8853635696604467,0.4548035248426705,0.11463643033955327,2038
w3_catboost_quantile_055_lgbm_l1_baseline_xgboost_squarederror_0.33_0.33_0.33,1,0.6278228454877391,0.8556937507351114,0.3999519402403668,0.14430624926488853,1492
w3_catboost_quantile_055_lgbm_l1_baseline_xgboost_squarederror_0.33_0.33_0.33,2,0.6018772531429598,0.8632912049386572,0.34046330134726244,0.13670879506134284,772
w3_catboost_quantile_055_lgbm_l1_baseline_xgboost_squarederror_0.33_0.33_0.33,3,0.6202344652631728,0.8628477732223413,0.3776211573040043,0.1371522267776587,1587
w3_catboost_quantile_055_lgbm_l1_baseline_xgboost_squarederror_0.33_0.33_0.33,4,0.6276747474491635,0.8857736377867833,0.3695758571115438,0.11422636221321669,1166
w3_catboost_quantile_055_lgbm_l1_baseline_xgboost_squarederror_0.33_0.33_0.33,5,0.6262528220896098,0.8766588758643343,0.37584676831488517,0.12334112413566571,1545
w3_catboost_quantile_055_lgbm_l1_baseline_xgboost_squarederror_0.33_0.33_0.33,6,0.6027012789158934,0.8759509108812493,0.3294516469505375,0.12404908911875068,970
w3_catboost_quantile_055_lgbm_l1_baseline_xgboost_squarederror_0.33_0.33_0.33,7,0.6127455138970979,0.8640660818370214,0.3614249459571743,0.1359339181629786,1577
w3_catboost_quantile_055_lgbm_l1_baseline_xgboost_squarederror_0.33_0.33_0.33,8,0.6066388027403329,0.8679128930063837,0.3453647124742821,0.13208710699361623,689
w3_catboost_quantile_055_lgbm_l1_baseline_xgboost_squarederror_0.33_0.33_0.33,9,0.6334140511798415,0.8930073730652555,0.3738207292944275,0.10699262693474453,837
w3_catboost_quantile_055_lgbm_l1_baseline_xgboost_squarederror_0.33_0.33_0.33,10,0.6143818920753812,0.8788106728519102,0.34995311129885226,0.12118932714808987,895
w3_catboost_quantile_055_lgbm_l1_baseline_xgboost_squarederror_0.33_0.33_0.33,11,0.6085502990112388,0.8680443844908023,0.3490562135316753,0.13195561550919768,963
w3_catboost_quantile_055_lgbm_l1_baseline_xgboost_squarederror_0.33_0.33_0.33,12,0.6580429116755909,0.8839610314221154,0.43212479192906655,0.11603896857788465,2038
w3_catboost_quantile_055_lgbm_l1_baseline_hist_gbdt_absolute_0.80_0.10_0.10,1,0.6285934985438593,0.8546314894403428,0.40255550764737563,0.1453685105596572,1492
w3_catboost_quantile_055_lgbm_l1_baseline_hist_gbdt_absolute_0.80_0.10_0.10,2,0.6125776788229471,0.8634873899179891,0.36166796772790516,0.1365126100820109,772
w3_catboost_quantile_055_lgbm_l1_baseline_hist_gbdt_absolute_0.80_0.10_0.10,3,0.6206203328741652,0.8609388389127357,0.3803018268355947,0.13906116108726427,1587
w3_catboost_quantile_055_lgbm_l1_baseline_hist_gbdt_absolute_0.80_0.10_0.10,4,0.622560829971207,0.8841583098083194,0.3609633501340946,0.11584169019168061,1166
w3_catboost_quantile_055_lgbm_l1_baseline_hist_gbdt_absolute_0.80_0.10_0.10,5,0.6232246114459951,0.8732154393358429,0.37323378355614717,0.1267845606641571,1545
w3_catboost_quantile_055_lgbm_l1_baseline_hist_gbdt_absolute_0.80_0.10_0.10,6,0.5987220473554077,0.8732703349939982,0.3241737597168172,0.12672966500600183,970
w3_catboost_quantile_055_lgbm_l1_baseline_hist_gbdt_absolute_0.80_0.10_0.10,7,0.6073821152154887,0.8642261793081354,0.350538051122842,0.1357738206918646,1577
w3_catboost_quantile_055_lgbm_l1_baseline_hist_gbdt_absolute_0.80_0.10_0.10,8,0.6037396936107807,0.8654381550040582,0.3420412322175032,0.13456184499594184,689
w3_catboost_quantile_055_lgbm_l1_baseline_hist_gbdt_absolute_0.80_0.10_0.10,9,0.625418649952524,0.8902244975553825,0.36061280234966553,0.10977550244461755,837
w3_catboost_quantile_055_lgbm_l1_baseline_hist_gbdt_absolute_0.80_0.10_0.10,10,0.6144645052464663,0.8777636426521042,0.35116536784082863,0.12223635734789583,895
w3_catboost_quantile_055_lgbm_l1_baseline_hist_gbdt_absolute_0.80_0.10_0.10,11,0.6043237764812122,0.866960379728324,0.3416871732341004,0.133039620271676,963
w3_catboost_quantile_055_lgbm_l1_baseline_hist_gbdt_absolute_0.80_0.10_0.10,12,0.6654228963548888,0.8844372840101932,0.44640850869958454,0.11556271598980679,2038
w3_catboost_quantile_055_lgbm_l1_baseline_catboost_rmse_0.70_0.10_0.20,1,0.6283986557819305,0.8552277014434624,0.4015696101203987,0.14477229855653764,1492
w3_catboost_quantile_055_lgbm_l1_baseline_catboost_rmse_0.70_0.10_0.20,2,0.605409984597147,0.8628608802415113,0.34795908895278266,0.13713911975848866,772
w3_catboost_quantile_055_lgbm_l1_baseline_catboost_rmse_0.70_0.10_0.20,3,0.622181127321408,0.8610042739288257,0.3833579807139902,0.13899572607117425,1587
w3_catboost_quantile_055_lgbm_l1_baseline_catboost_rmse_0.70_0.10_0.20,4,0.6233545032708288,0.8850957076644985,0.36161329887715904,0.11490429233550152,1166
w3_catboost_quantile_055_lgbm_l1_baseline_catboost_rmse_0.70_0.10_0.20,5,0.6234820577245035,0.8741673926574893,0.3727967227915176,0.12583260734251064,1545
w3_catboost_quantile_055_lgbm_l1_baseline_catboost_rmse_0.70_0.10_0.20,6,0.6030085591050108,0.8745593957497217,0.33145772246029986,0.12544060425027828,970
w3_catboost_quantile_055_lgbm_l1_baseline_catboost_rmse_0.70_0.10_0.20,7,0.6089094906891465,0.8646163135043856,0.3532026678739073,0.13538368649561444,1577
w3_catboost_quantile_055_lgbm_l1_baseline_catboost_rmse_0.70_0.10_0.20,8,0.6063765528547086,0.8658661299505217,0.34688697575889554,0.13413387004947824,689
w3_catboost_quantile_055_lgbm_l1_baseline_catboost_rmse_0.70_0.10_0.20,9,0.6262193406861857,0.8913005698881544,0.3611381114842169,0.10869943011184562,837
w3_catboost_quantile_055_lgbm_l1_baseline_catboost_rmse_0.70_0.10_0.20,10,0.6151015873275697,0.8788421486562803,0.3513610259988591,0.12115785134371965,895
w3_catboost_quantile_055_lgbm_l1_baseline_catboost_rmse_0.70_0.10_0.20,11,0.6018919265965817,0.8670155232527115,0.3367683299404521,0.1329844767472885,963
w3_catboost_quantile_055_lgbm_l1_baseline_catboost_rmse_0.70_0.10_0.20,12,0.6634795927395853,0.8841319826633096,0.4428272028158611,0.11586801733669033,2038
w3_catboost_quantile_055_lgbm_l1_baseline_catboost_rmse_0.33_0.33_0.33,1,0.6295899724378329,0.8565470456075855,0.4026328992680803,0.14345295439241443,1492
w3_catboost_quantile_055_lgbm_l1_baseline_catboost_rmse_0.33_0.33_0.33,2,0.6064190691463162,0.8629618931236006,0.34987624516903165,0.13703810687639942,772
w3_catboost_quantile_055_lgbm_l1_baseline_catboost_rmse_0.33_0.33_0.33,3,0.6205755176716248,0.8624790467180049,0.3786719886252447,0.13752095328199512,1587
w3_catboost_quantile_055_lgbm_l1_baseline_catboost_rmse_0.33_0.33_0.33,4,0.6240021099096584,0.886158933621333,0.36184528619798373,0.11384106637866698,1166
w3_catboost_quantile_055_lgbm_l1_baseline_catboost_rmse_0.33_0.33_0.33,5,0.6282371467097903,0.8764714476972774,0.38000284572230303,0.12352855230272268,1545
w3_catboost_quantile_055_lgbm_l1_baseline_catboost_rmse_0.33_0.33_0.33,6,0.6048239591564154,0.8763852811078168,0.333262637205014,0.12361471889218327,970
w3_catboost_quantile_055_lgbm_l1_baseline_catboost_rmse_0.33_0.33_0.33,7,0.6101572500049399,0.8649470835811007,0.355367416428779,0.1350529164188993,1577
w3_catboost_quantile_055_lgbm_l1_baseline_catboost_rmse_0.33_0.33_0.33,8,0.6074501525799878,0.8675255079837643,0.3473747971762113,0.1324744920162357,689
w3_catboost_quantile_055_lgbm_l1_baseline_catboost_rmse_0.33_0.33_0.33,9,0.6308877267968334,0.8937604784916943,0.3680149751019725,0.10623952150830572,837
w3_catboost_quantile_055_lgbm_l1_baseline_catboost_rmse_0.33_0.33_0.33,10,0.6152395590093354,0.8793120330431151,0.3511670849755555,0.12068796695688484,895
w3_catboost_quantile_055_lgbm_l1_baseline_catboost_rmse_0.33_0.33_0.33,11,0.6017359584899531,0.8681853658904987,0.3352865510894074,0.1318146341095013,963
w3_catboost_quantile_055_lgbm_l1_baseline_catboost_rmse_0.33_0.33_0.33,12,0.6580362685265678,0.884132042770164,0.4319404942829716,0.115867957229836,2038
w2_lgbm_catboost_quantile_055_0.70,1,0.6265954185665479,0.8553252596850173,0.3978655774480784,0.14467474031498276,1492
w2_lgbm_catboost_quantile_055_0.70,2,0.6135939100455071,0.8640684957997975,0.3631193242912168,0.13593150420020253,772
w2_lgbm_catboost_quantile_055_0.70,3,0.623417693110221,0.8634793613531522,0.3833560248672898,0.1365206386468478,1587
w2_lgbm_catboost_quantile_055_0.70,4,0.6218284092253497,0.8847149890896341,0.3589418293610653,0.11528501091036596,1166
w2_lgbm_catboost_quantile_055_0.70,5,0.6218779740386251,0.8750117328824717,0.36874421519477846,0.12498826711752827,1545
w2_lgbm_catboost_quantile_055_0.70,6,0.6035920099129858,0.8748160107328798,0.3323680090930918,0.12518398926712015,970
w2_lgbm_catboost_quantile_055_0.70,7,0.6099594054808413,0.8645167186975627,0.3554020922641199,0.13548328130243723,1577
w2_lgbm_catboost_quantile_055_0.70,8,0.6111786795252032,0.8673337495876231,0.3550236094627834,0.1326662504123769,689
w2_lgbm_catboost_quantile_055_0.70,9,0.6283669908298632,0.8921520619427669,0.3645819197169595,0.10784793805723314,837
w2_lgbm_catboost_quantile_055_0.70,10,0.6053080301097223,0.8760319311802826,0.3345841290391622,0.12396806881971749,895
w2_lgbm_catboost_quantile_055_0.70,11,0.6120538372163391,0.8685975760445634,0.3555100983881148,0.13140242395543658,963
w2_lgbm_catboost_quantile_055_0.70,12,0.6582861908581971,0.8842159351704295,0.43235644654596467,0.11578406482957049,2038
w2_lgbm_catboost_quantile_055_0.75,1,0.6266563742270667,0.8551855719911134,0.39812717646301987,0.14481442800888658,1492
w2_lgbm_catboost_quantile_055_0.75,2,0.6145861151928962,0.8639488183048468,0.3652234120809456,0.13605118169515318,772
w2_lgbm_catboost_quantile_055_0.75,3,0.623024865877821,0.8635134069838233,0.3825363247718188,0.13648659301617674,1587
w2_lgbm_catboost_quantile_055_0.75,4,0.6219005550277281,0.8845676689670099,0.3592334410884464,0.11543233103299007,1166
w2_lgbm_catboost_quantile_055_0.75,5,0.6217753248185612,0.8750164717199203,0.3685341779172022,0.12498352828007979,1545
w2_lgbm_catboost_quantile_055_0.75,6,0.6050211696859222,0.8747973979387128,0.33524494143313155,0.12520260206128722,970
w2_lgbm_catboost_quantile_055_0.75,7,0.6094588851082428,0.864386867531851,0.35453090268463444,0.13561313246814896,1577
w2_lgbm_catboost_quantile_055_0.75,8,0.611559742711034,0.8674197500630566,0.3556997353590113,0.13258024993694337,689
w2_lgbm_catboost_quantile_055_0.75,9,0.6293647422957925,0.8921879960766441,0.3665414885149409,0.10781200392335584,837
w2_lgbm_catboost_quantile_055_0.75,10,0.6027192963565702,0.8757693631753367,0.32966922953780353,0.12423063682466333,895
w2_lgbm_catboost_quantile_055_0.75,11,0.6142387132158937,0.8685830173506394,0.359894409081148,0.13141698264936064,963
w2_lgbm_catboost_quantile_055_0.75,12,0.6574141772479246,0.8839398072888277,0.4308885472070216,0.11606019271117234,2038
w3_catboost_quantile_055_lgbm_l1_baseline_hist_gbdt_absolute_0.33_0.33_0.33,1,0.6286672096852095,0.8560549686583013,0.40127945071211757,0.14394503134169867,1492
w3_catboost_quantile_055_lgbm_l1_baseline_hist_gbdt_absolute_0.33_0.33_0.33,2,0.6076059802223901,0.8636411452194642,0.35157081522531586,0.1363588547805358,772
w3_catboost_quantile_055_lgbm_l1_baseline_hist_gbdt_absolute_0.33_0.33_0.33,3,0.6193843953072009,0.8627881829042167,0.3759806077101851,0.1372118170957833,1587
w3_catboost_quantile_055_lgbm_l1_baseline_hist_gbdt_absolute_0.33_0.33_0.33,4,0.6211046541174385,0.884444447919864,0.35776486031501314,0.11555555208013597,1166
w3_catboost_quantile_055_lgbm_l1_baseline_hist_gbdt_absolute_0.33_0.33_0.33,5,0.6248152171736788,0.8757148055654471,0.37391562878191054,0.1242851944345529,1545
w3_catboost_quantile_055_lgbm_l1_baseline_hist_gbdt_absolute_0.33_0.33_0.33,6,0.6023774711161578,0.8747840303145669,0.32997091191774863,0.1252159696854331,970
w3_catboost_quantile_055_lgbm_l1_baseline_hist_gbdt_absolute_0.33_0.33_0.33,7,0.6073596813387515,0.8643919577419046,0.3503274049355985,0.1356080422580954,1577
w3_catboost_quantile_055_lgbm_l1_baseline_hist_gbdt_absolute_0.33_0.33_0.33,8,0.6110687335284056,0.8680414641341707,0.3540960029226406,0.13195853586582929,689
w3_catboost_quantile_055_lgbm_l1_baseline_hist_gbdt_absolute_0.33_0.33_0.33,9,0.6297666413369584,0.8921530090867964,0.3673802735871204,0.1078469909132036,837
w3_catboost_quantile_055_lgbm_l1_baseline_hist_gbdt_absolute_0.33_0.33_0.33,10,0.6115979102086215,0.877394639372346,0.34580118104489704,0.122605360627654,895
w3_catboost_quantile_055_lgbm_l1_baseline_hist_gbdt_absolute_0.33_0.33_0.33,11,0.6096057686235564,0.868156349124195,0.35105518812291775,0.13184365087580494,963
w3_catboost_quantile_055_lgbm_l1_baseline_hist_gbdt_absolute_0.33_0.33_0.33,12,0.660261191036467,0.8847783978955494,0.43574398417738464,0.11522160210445061,2038
w3_catboost_quantile_055_lgbm_l1_baseline_gradient_boosting_quantile_0.33_0.33_0.33,1,0.6258144941930504,0.8560705290188524,0.39555845936724837,0.14392947098114758,1492
w3_catboost_quantile_055_lgbm_l1_baseline_gradient_boosting_quantile_0.33_0.33_0.33,2,0.606352601635681,0.864200169069431,0.34850503420193113,0.135799830930569,772
w3_catboost_quantile_055_lgbm_l1_baseline_gradient_boosting_quantile_0.33_0.33_0.33,3,0.6195707360357896,0.8636519157852711,0.37548955628630803,0.1363480842147289,1587
w3_catboost_quantile_055_lgbm_l1_baseline_gradient_boosting_quantile_0.33_0.33_0.33,4,0.617521795604846,0.884365931111229,0.35067766009846313,0.11563406888877108,1166
w3_catboost_quantile_055_lgbm_l1_baseline_gradient_boosting_quantile_0.33_0.33_0.33,5,0.6209124001302305,0.8743168891847052,0.3675079110757559,0.1256831108152948,1545
w3_catboost_quantile_055_lgbm_l1_baseline_gradient_boosting_quantile_0.33_0.33_0.33,6,0.6049406028871608,0.8753150448401401,0.3345661609341814,0.12468495515985988,970
w3_catboost_quantile_055_lgbm_l1_baseline_gradient_boosting_quantile_0.33_0.33_0.33,7,0.6089402121575315,0.866343644849187,0.35153677946587597,0.13365635515081295,1577
w3_catboost_quantile_055_lgbm_l1_baseline_gradient_boosting_quantile_0.33_0.33_0.33,8,0.610052932342557,0.8698995867325556,0.35020627795255826,0.13010041326744434,689
w3_catboost_quantile_055_lgbm_l1_baseline_gradient_boosting_quantile_0.33_0.33_0.33,9,0.6236183682723747,0.8928366528762202,0.3544000836685293,0.10716334712377984,837
w3_catboost_quantile_055_lgbm_l1_baseline_gradient_boosting_quantile_0.33_0.33_0.33,10,0.6052359714945861,0.8748557522080255,0.3356161907811468,0.1251442477919745,895
w3_catboost_quantile_055_lgbm_l1_baseline_gradient_boosting_quantile_0.33_0.33_0.33,11,0.6063288439148461,0.869204596696379,0.3434530911333132,0.13079540330362108,963
w3_catboost_quantile_055_lgbm_l1_baseline_gradient_boosting_quantile_0.33_0.33_0.33,12,0.668264854024381,0.8872202244859151,0.4493094835628468,0.11277977551408491,2038
w3_catboost_quantile_055_lgbm_l1_baseline_catboost_rmse_0.80_0.10_0.10,1,0.628006890933555,0.8547292030816023,0.40128457878550766,0.1452707969183977,1492
w3_catboost_quantile_055_lgbm_l1_baseline_catboost_rmse_0.80_0.10_0.10,2,0.6098709620776226,0.8627315328334366,0.35701039132180856,0.1372684671665634,772
w3_catboost_quantile_055_lgbm_l1_baseline_catboost_rmse_0.80_0.10_0.10,3,0.622257356712195,0.8608434309770815,0.3836712824473083,0.13915656902291848,1587
w3_catboost_quantile_055_lgbm_l1_baseline_catboost_rmse_0.80_0.10_0.10,4,0.6215163889543196,0.8845062528898353,0.35852652501880394,0.11549374711016469,1166
w3_catboost_quantile_055_lgbm_l1_baseline_catboost_rmse_0.80_0.10_0.10,5,0.6213752294416878,0.8733321376391309,0.36941832124424473,0.12666786236086916,1545
w3_catboost_quantile_055_lgbm_l1_baseline_catboost_rmse_0.80_0.10_0.10,6,0.6023870543548242,0.873915902905243,0.33085820580440534,0.12608409709475701,970
w3_catboost_quantile_055_lgbm_l1_baseline_catboost_rmse_0.80_0.10_0.10,7,0.6091418520659421,0.8644829602618962,0.3538007438699879,0.13551703973810378,1577
w3_catboost_quantile_055_lgbm_l1_baseline_catboost_rmse_0.80_0.10_0.10,8,0.6011193596328757,0.8652892566833966,0.3369494625823546,0.13471074331660335,689
w3_catboost_quantile_055_lgbm_l1_baseline_catboost_rmse_0.80_0.10_0.10,9,0.6253746396482386,0.8903889212125154,0.3603603580839618,0.10961107878748459,837
w3_catboost_quantile_055_lgbm_l1_baseline_catboost_rmse_0.80_0.10_0.10,10,0.6105988706415879,0.8780570317792097,0.3431407095039662,0.12194296822079033,895
w3_catboost_quantile_055_lgbm_l1_baseline_catboost_rmse_0.80_0.10_0.10,11,0.6023528953976947,0.8665989551980748,0.33810683559731447,0.1334010448019252,963
w3_catboost_quantile_055_lgbm_l1_baseline_catboost_rmse_0.80_0.10_0.10,12,0.662993817688596,0.8842746999983148,0.4417129353788772,0.11572530000168524,2038
w2_lgbm_catboost_quantile_055_0.80,1,0.6229415424079391,0.8550228342732484,0.39086025054262974,0.14497716572675157,1492
w2_lgbm_catboost_quantile_055_0.80,2,0.6151286282284628,0.8638132881485506,0.36644396830837506,0.13618671185144934,772
w2_lgbm_catboost_quantile_055_0.80,3,0.6227061772313737,0.8635149156084545,0.38189743885429284,0.1364850843915455,1587
w2_lgbm_catboost_quantile_055_0.80,4,0.6210301740644042,0.8843912820513607,0.3576690660774476,0.11560871794863925,1166
w2_lgbm_catboost_quantile_055_0.80,5,0.6213720182208556,0.8749696124664026,0.36777442397530874,0.12503038753359744,1545
w2_lgbm_catboost_quantile_055_0.80,6,0.6056909440717229,0.8747365853921921,0.33664530275125365,0.1252634146078079,970
w2_lgbm_catboost_quantile_055_0.80,7,0.6096138317431792,0.8642242058481793,0.35500345763817914,0.13577579415182073,1577
w2_lgbm_catboost_quantile_055_0.80,8,0.6101958743567917,0.8674631280566589,0.3529286206569244,0.13253687194334113,689
w2_lgbm_catboost_quantile_055_0.80,9,0.6296613576758562,0.8921642099590906,0.3671585053926217,0.10783579004090937,837
w2_lgbm_catboost_quantile_055_0.80,10,0.6052796256914639,0.8754858401668216,0.335073411216106,0.12451415983317837,895
w2_lgbm_catboost_quantile_055_0.80,11,0.614578930892925,0.8685375489436832,0.360620312842167,0.1314624510563168,963
w2_lgbm_catboost_quantile_055_0.80,12,0.6559789661432858,0.8836066303168899,0.4283513019696817,0.1163933696831101,2038
w2_lgbm_catboost_quantile_055_0.85,1,0.6220813686760542,0.8547981627551363,0.3893645745969721,0.1452018372448637,1492
w2_lgbm_catboost_quantile_055_0.85,2,0.6151113338726754,0.8636587865552747,0.36656388119007605,0.13634121344472525,772
w2_lgbm_catboost_quantile_055_0.85,3,0.6223187932357239,0.8634612111326838,0.381176375338764,0.13653878886731616,1587
w2_lgbm_catboost_quantile_055_0.85,4,0.6208335317479987,0.884186351506497,0.35748071198950043,0.11581364849350297,1166
w2_lgbm_catboost_quantile_055_0.85,5,0.622442485174245,0.8748698109351212,0.3700151594133689,0.12513018906487877,1545
w2_lgbm_catboost_quantile_055_0.85,6,0.6045548212336264,0.8746578141329407,0.33445182833431203,0.12534218586705928,970
w2_lgbm_catboost_quantile_055_0.85,7,0.6100557414833327,0.8640250607293858,0.3560864222372797,0.1359749392706142,1577
w2_lgbm_catboost_quantile_055_0.85,8,0.6100478887782966,0.8674400911578858,0.3526556863987074,0.1325599088421142,689
w2_lgbm_catboost_quantile_055_0.85,9,0.63030770197747,0.8921062702616451,0.3685091336932948,0.10789372973835486,837
w2_lgbm_catboost_quantile_055_0.85,10,0.6042981857502385,0.8751848612860916,0.3334115102143853,0.12481513871390833,895
w2_lgbm_catboost_quantile_055_0.85,11,0.6141644973408752,0.8684551406010721,0.35987385408067835,0.13154485939892793,963
w2_lgbm_catboost_quantile_055_0.85,12,0.6549457344240618,0.8832137538476507,0.42667771500047286,0.11678624615234932,2038
w3_lgbm_l1_baseline_catboost_rmse_h2o_automl_0.70_0.20_0.10,1,0.6239589750984371,0.8553972420597132,0.3925207081371611,0.14460275794028674,1492
w3_lgbm_l1_baseline_catboost_rmse_h2o_automl_0.70_0.20_0.10,2,0.6121979534693309,0.8634664493015753,0.36092945763708645,0.13653355069842465,772
w3_lgbm_l1_baseline_catboost_rmse_h2o_automl_0.70_0.20_0.10,3,0.6183023708533807,0.8633522504881546,0.3732524912186068,0.1366477495118454,1587
w3_lgbm_l1_baseline_catboost_rmse_h2o_automl_0.70_0.20_0.10,4,0.6233798420017531,0.8851567414273686,0.36160294257613773,0.11484325857263145,1166
w3_lgbm_l1_baseline_catboost_rmse_h2o_automl_0.70_0.20_0.10,5,0.6314286758625393,0.8771753588424838,0.38568199288259475,0.12282464115751618,1545
w3_lgbm_l1_baseline_catboost_rmse_h2o_automl_0.70_0.20_0.10,6,0.6040846770193651,0.8763650763944839,0.33180427764424636,0.12363492360551613,970
w3_lgbm_l1_baseline_catboost_rmse_h2o_automl_0.70_0.20_0.10,7,0.6123150582087338,0.8641449679532665,0.36048514846420104,0.13585503204673355,1577
w3_lgbm_l1_baseline_catboost_rmse_h2o_automl_0.70_0.20_0.10,8,0.6117317860502869,0.8683261441039613,0.3551374279966126,0.13167385589603872,689
w3_lgbm_l1_baseline_catboost_rmse_h2o_automl_0.70_0.20_0.10,9,0.6340569138584856,0.8940048054466179,0.37410902227035336,0.10599519455338209,837
w3_lgbm_l1_baseline_catboost_rmse_h2o_automl_0.70_0.20_0.10,10,0.6059791354770534,0.8770945483280203,0.3348637226260865,0.12290545167197975,895
w3_lgbm_l1_baseline_catboost_rmse_h2o_automl_0.70_0.20_0.10,11,0.608916425386721,0.8687295804435445,0.3491032703298975,0.13127041955645546,963
w3_lgbm_l1_baseline_catboost_rmse_h2o_automl_0.70_0.20_0.10,12,0.647544920210667,0.8821515919867322,0.41293824843460175,0.11784840801326775,2038
w3_lgbm_l1_baseline_gradient_boosting_quantile_h2o_automl_0.70_0.10_0.20,1,0.6203434224000753,0.8547847506944534,0.38590209410569726,0.1452152493055466,1492
w3_lgbm_l1_baseline_gradient_boosting_quantile_h2o_automl_0.70_0.10_0.20,2,0.6096078342155645,0.8642079277719246,0.3550077406592045,0.13579207222807543,772
w3_lgbm_l1_baseline_gradient_boosting_quantile_h2o_automl_0.70_0.10_0.20,3,0.6209400187914762,0.8643792544425254,0.37750078314042707,0.1356207455574746,1587
w3_lgbm_l1_baseline_gradient_boosting_quantile_h2o_automl_0.70_0.10_0.20,4,0.6210133280055898,0.8842831133901591,0.3577435426210207,0.11571688660984088,1166
w3_lgbm_l1_baseline_gradient_boosting_quantile_h2o_automl_0.70_0.10_0.20,5,0.6310952141900548,0.876994109408454,0.3851963189716554,0.12300589059154594,1545
w3_lgbm_l1_baseline_gradient_boosting_quantile_h2o_automl_0.70_0.10_0.20,6,0.602034869748686,0.8759974325009598,0.3280723069964122,0.12400256749904015,970
w3_lgbm_l1_baseline_gradient_boosting_quantile_h2o_automl_0.70_0.10_0.20,7,0.6103730327655418,0.8648949580013106,0.35585110752977295,0.13510504199868942,1577
w3_lgbm_l1_baseline_gradient_boosting_quantile_h2o_automl_0.70_0.10_0.20,8,0.6170608839894884,0.8694622565753072,0.3646595114036697,0.1305377434246928,689
w3_lgbm_l1_baseline_gradient_boosting_quantile_h2o_automl_0.70_0.10_0.20,9,0.6348017340986127,0.8930374322334279,0.3765660359637975,0.10696256776657213,837
w3_lgbm_l1_baseline_gradient_boosting_quantile_h2o_automl_0.70_0.10_0.20,10,0.6024430789327946,0.8754781583488408,0.3294079995167484,0.12452184165115919,895
w3_lgbm_l1_baseline_gradient_boosting_quantile_h2o_automl_0.70_0.10_0.20,11,0.6131316699780649,0.8691827058326237,0.35708063412350605,0.13081729416737634,963
w3_lgbm_l1_baseline_gradient_boosting_quantile_h2o_automl_0.70_0.10_0.20,12,0.6500735609214662,0.8828730590949814,0.4172740627479509,0.11712694090501867,2038
w2_lgbm_catboost_rmse_0.80,1,0.6261598620985948,0.8554303574918128,0.3968893667053766,0.14456964250818716,1492
w2_lgbm_catboost_rmse_0.80,2,0.6135875119601581,0.8630444511179084,0.36413057280240796,0.1369555488820916,772
w2_lgbm_catboost_rmse_0.80,3,0.617492230557726,0.863056133570641,0.3719283275448108,0.13694386642935893,1587
w2_lgbm_catboost_rmse_0.80,4,0.6215950827819805,0.8848519497626859,0.3583382158012752,0.11514805023731416,1166
w2_lgbm_catboost_rmse_0.80,5,0.6271242048593484,0.8760841169280846,0.3781642927906122,0.12391588307191537,1545
w2_lgbm_catboost_rmse_0.80,6,0.605780208216885,0.8757982280718414,0.3357621883619288,0.12420177192815858,970
w2_lgbm_catboost_rmse_0.80,7,0.6111082952892991,0.8638418965224212,0.358374694056177,0.1361581034775788,1577
w2_lgbm_catboost_rmse_0.80,8,0.6069943933405181,0.8677227495999698,0.34626603708106635,0.13227725040003024,689
w2_lgbm_catboost_rmse_0.80,9,0.6328211211692808,0.8937293073792518,0.37191293495930977,0.10627069262074812,837
w2_lgbm_catboost_rmse_0.80,10,0.6082777705737861,0.876429235437451,0.34012630571012115,0.12357076456254906,895
w2_lgbm_catboost_rmse_0.80,11,0.6105131464508626,0.868585043698549,0.35244124920317615,0.13141495630145092,963
w2_lgbm_catboost_rmse_0.80,12,0.6492210816533105,0.8822980542815284,0.41614410902509263,0.11770194571847158,2038
w3_lgbm_l1_baseline_gradient_boosting_quantile_h2o_automl_0.70_0.20_0.10,1,0.6195527456484764,0.8553758994808337,0.38372959181611915,0.14462410051916633,1492
w3_lgbm_l1_baseline_gradient_boosting_quantile_h2o_automl_0.70_0.20_0.10,2,0.6079031351407574,0.8640096660460994,0.35179660423541553,0.13599033395390062,772
w3_lgbm_l1_baseline_gradient_boosting_quantile_h2o_automl_0.70_0.20_0.10,3,0.6195372361201088,0.8645343664556564,0.3745401057845612,0.13546563354434363,1587
w3_lgbm_l1_baseline_gradient_boosting_quantile_h2o_automl_0.70_0.20_0.10,4,0.6177882432648099,0.8840969936322681,0.35147949289735153,0.11590300636773189,1166
w3_lgbm_l1_baseline_gradient_boosting_quantile_h2o_automl_0.70_0.20_0.10,5,0.627614714242793,0.8760835182904169,0.37914591019516924,0.12391648170958318,1545
w3_lgbm_l1_baseline_gradient_boosting_quantile_h2o_automl_0.70_0.20_0.10,6,0.6043380846829433,0.8759121643555194,0.33276400501036707,0.1240878356444806,970
w3_lgbm_l1_baseline_gradient_boosting_quantile_h2o_automl_0.70_0.20_0.10,7,0.6095015609499967,0.8654504519907916,0.3535526699092018,0.13454954800920838,1577
w3_lgbm_l1_baseline_gradient_boosting_quantile_h2o_automl_0.70_0.20_0.10,8,0.6164243104883609,0.8699966059589699,0.36285201501775194,0.13000339404103015,689
w3_lgbm_l1_baseline_gradient_boosting_quantile_h2o_automl_0.70_0.20_0.10,9,0.632161055991278,0.8933787527199425,0.3709433592626136,0.10662124728005751,837
w3_lgbm_l1_baseline_gradient_boosting_quantile_h2o_automl_0.70_0.20_0.10,10,0.6028591644047288,0.8746677484189997,0.3310505803904578,0.12533225158100028,895
w3_lgbm_l1_baseline_gradient_boosting_quantile_h2o_automl_0.70_0.20_0.10,11,0.6129721175467039,0.8693877187593325,0.3565565163340753,0.1306122812406675,963
w3_lgbm_l1_baseline_gradient_boosting_quantile_h2o_automl_0.70_0.20_0.10,12,0.65524997091017,0.8842482931837202,0.4262516486366199,0.11575170681627976,2038
w3_lgbm_l1_baseline_gradient_boosting_quantile_h2o_automl_0.80_0.10_0.10,1,0.6209363113298075,0.8548169639199564,0.3870556587396586,0.14518303608004357,1492
w3_lgbm_l1_baseline_gradient_boosting_quantile_h2o_automl_0.80_0.10_0.10,2,0.6113626522014657,0.8638418590686695,0.358883445334262,0.13615814093133052,772
w3_lgbm_l1_baseline_gradient_boosting_quantile_h2o_automl_0.80_0.10_0.10,3,0.618717499161557,0.8641220198833871,0.37331297843972694,0.13587798011661292,1587
w3_lgbm_l1_baseline_gradient_boosting_quantile_h2o_automl_0.80_0.10_0.10,4,0.6190134857851871,0.8840269998463923,0.35399997172398195,0.11597300015360769,1166
w3_lgbm_l1_baseline_gradient_boosting_quantile_h2o_automl_0.80_0.10_0.10,5,0.6297649789623001,0.8760254107483099,0.38350454717629034,0.12397458925169018,1545
w3_lgbm_l1_baseline_gradient_boosting_quantile_h2o_automl_0.80_0.10_0.10,6,0.6040813566799368,0.8754536935395976,0.33270901982027606,0.12454630646040248,970
w3_lgbm_l1_baseline_gradient_boosting_quantile_h2o_automl_0.80_0.10_0.10,7,0.6090921050154386,0.8646640077644699,0.3535202022664073,0.13533599223553006,1577
w3_lgbm_l1_baseline_gradient_boosting_quantile_h2o_automl_0.80_0.10_0.10,8,0.6154868911482457,0.8689862703922269,0.36198751190426465,0.1310137296077732,689
w3_lgbm_l1_baseline_gradient_boosting_quantile_h2o_automl_0.80_0.10_0.10,9,0.6339830045646165,0.8929055964436446,0.3750604126855885,0.10709440355635537,837
w3_lgbm_l1_baseline_gradient_boosting_quantile_h2o_automl_0.80_0.10_0.10,10,0.6026287883245289,0.8748777313757304,0.3303798452733275,0.12512226862426953,895
w3_lgbm_l1_baseline_gradient_boosting_quantile_h2o_automl_0.80_0.10_0.10,11,0.6128875854119973,0.8690258311599142,0.35674933966408046,0.1309741688400858,963
w3_lgbm_l1_baseline_gradient_boosting_quantile_h2o_automl_0.80_0.10_0.10,12,0.6517369374974937,0.8830402463979687,0.42043362859701866,0.11695975360203127,2038
w2_lgbm_catboost_quantile_055_0.90,1,0.6221431862404838,0.8545332492148043,0.38975312326616324,0.14546675078519566,1492
w2_lgbm_catboost_quantile_055_0.90,2,0.6147003442172968,0.8634723574001527,0.36592833103444083,0.13652764259984726,772
w2_lgbm_catboost_quantile_055_0.90,3,0.6208490937014712,0.8633832329423057,0.3783149544606368,0.13661676705769438,1587
w2_lgbm_catboost_quantile_055_0.90,4,0.6202873010730195,0.8839462128270709,0.3566283893189682,0.1160537871729291,1166
w2_lgbm_catboost_quantile_055_0.90,5,0.6246502648069581,0.8747301799317634,0.37457034968215264,0.12526982006823661,1545
w2_lgbm_catboost_quantile_055_0.90,6,0.6031190069707179,0.874560511395806,0.3316775025456297,0.12543948860419393,970
w2_lgbm_catboost_quantile_055_0.90,7,0.6088749832367452,0.8637925795939573,0.3539573868795331,0.1362074204060427,1577
w2_lgbm_catboost_quantile_055_0.90,8,0.6097776551059878,0.8673597580479273,0.35219555216404824,0.13264024195207272,689
w2_lgbm_catboost_quantile_055_0.90,9,0.6308001323727901,0.8920037905803362,0.369596474165244,0.10799620941966383,837
w2_lgbm_catboost_quantile_055_0.90,10,0.6036051635390155,0.8748649242055475,0.33234540287248343,0.12513507579445252,895
w2_lgbm_catboost_quantile_055_0.90,11,0.611680537530227,0.8683609392612895,0.3550001357991645,0.13163906073871048,963
w2_lgbm_catboost_quantile_055_0.90,12,0.6528052925767993,0.8827742582186602,0.42283632693493844,0.1172257417813398,2038
w3_lgbm_l1_baseline_gradient_boosting_quantile_xgboost_squarederror_0.80_0.10_0.10,1,0.6212137552080913,0.8551094675947128,0.38731804282146975,0.14489053240528715,1492
w3_lgbm_l1_baseline_gradient_boosting_quantile_xgboost_squarederror_0.80_0.10_0.10,2,0.6138441831046265,0.8633433465254414,0.3643450196838116,0.13665665347455858,772
w3_lgbm_l1_baseline_gradient_boosting_quantile_xgboost_squarederror_0.80_0.10_0.10,3,0.6181512455266424,0.8637401238896384,0.37256236716364627,0.13625987611036164,1587
w3_lgbm_l1_baseline_gradient_boosting_quantile_xgboost_squarederror_0.80_0.10_0.10,4,0.6190990575510442,0.8840941422423888,0.35410397285969974,0.11590585775761116,1166
w3_lgbm_l1_baseline_gradient_boosting_quantile_xgboost_squarederror_0.80_0.10_0.10,5,0.6274551277796012,0.8755379284908764,0.37937232706832597,0.12446207150912363,1545
w3_lgbm_l1_baseline_gradient_boosting_quantile_xgboost_squarederror_0.80_0.10_0.10,6,0.6061535881187909,0.8753652425052225,0.3369419337323593,0.12463475749477744,970
w3_lgbm_l1_baseline_gradient_boosting_quantile_xgboost_squarederror_0.80_0.10_0.10,7,0.6091017677807017,0.8642761199288409,0.35392741563256247,0.1357238800711591,1577
w3_lgbm_l1_baseline_gradient_boosting_quantile_xgboost_squarederror_0.80_0.10_0.10,8,0.612923387533183,0.868726953764573,0.35711982130179293,0.13127304623542704,689
w3_lgbm_l1_baseline_gradient_boosting_quantile_xgboost_squarederror_0.80_0.10_0.10,9,0.6334189682026601,0.8931729647397117,0.3736649716656084,0.10682703526028829,837
w3_lgbm_l1_baseline_gradient_boosting_quantile_xgboost_squarederror_0.80_0.10_0.10,10,0.6032589562544488,0.8751683189330475,0.33134959357585003,0.12483168106695253,895
w3_lgbm_l1_baseline_gradient_boosting_quantile_xgboost_squarederror_0.80_0.10_0.10,11,0.6122018672554905,0.86882514143065,0.355578593080331,0.13117485856934996,963
w3_lgbm_l1_baseline_gradient_boosting_quantile_xgboost_squarederror_0.80_0.10_0.10,12,0.6520128609997607,0.8832562923884872,0.42076942961103425,0.1167437076115128,2038
w3_lgbm_l1_baseline_catboost_rmse_xgboost_squarederror_0.70_0.20_0.10,1,0.6250954978746698,0.8557201285064125,0.39447086724292707,0.14427987149358745,1492
w3_lgbm_l1_baseline_catboost_rmse_xgboost_squarederror_0.70_0.20_0.10,2,0.6118219807940615,0.8629530333142543,0.36069092827386856,0.13704696668574562,772
w3_lgbm_l1_baseline_catboost_rmse_xgboost_squarederror_0.70_0.20_0.10,3,0.6165727629628588,0.8629681380030974,0.3701773879226202,0.13703186199690268,1587
w3_lgbm_l1_baseline_catboost_rmse_xgboost_squarederror_0.70_0.20_0.10,4,0.6249994980117375,0.8851965082146498,0.36480248780882524,0.11480349178535025,1166
w3_lgbm_l1_baseline_catboost_rmse_xgboost_squarederror_0.70_0.20_0.10,5,0.6278730498717452,0.8767241149996969,0.37902198474379345,0.12327588500030301,1545
w3_lgbm_l1_baseline_catboost_rmse_xgboost_squarederror_0.70_0.20_0.10,6,0.6082970766995192,0.8762716738232539,0.34032247957578443,0.12372832617674608,970
w3_lgbm_l1_baseline_catboost_rmse_xgboost_squarederror_0.70_0.20_0.10,7,0.611338704314252,0.863736360734465,0.35894104789403886,0.13626363926553495,1577
w3_lgbm_l1_baseline_catboost_rmse_xgboost_squarederror_0.70_0.20_0.10,8,0.6091949795804941,0.8680005103617546,0.35038944879923356,0.13199948963824534,689
w3_lgbm_l1_baseline_catboost_rmse_xgboost_squarederror_0.70_0.20_0.10,9,0.6346487385207021,0.8942123091235056,0.37508516791789875,0.10578769087649438,837
w3_lgbm_l1_baseline_catboost_rmse_xgboost_squarederror_0.70_0.20_0.10,10,0.6083792452319632,0.8773500979271142,0.33940839253681215,0.1226499020728858,895
w3_lgbm_l1_baseline_catboost_rmse_xgboost_squarederror_0.70_0.20_0.10,11,0.6059013958223101,0.8684982045042814,0.3433045871403388,0.1315017954957186,963
w3_lgbm_l1_baseline_catboost_rmse_xgboost_squarederror_0.70_0.20_0.10,12,0.6480969121072436,0.8823406650212565,0.4138531591932307,0.11765933497874347,2038
w3_lgbm_l1_baseline_hist_gbdt_absolute_h2o_automl_0.70_0.20_0.10,1,0.6231744521883189,0.8546010011121442,0.3917479032644937,0.1453989988878558,1492
w3_lgbm_l1_baseline_hist_gbdt_absolute_h2o_automl_0.70_0.20_0.10,2,0.6131412591122773,0.8634681925972032,0.36281432562735144,0.13653180740279683,772
w3_lgbm_l1_baseline_hist_gbdt_absolute_h2o_automl_0.70_0.20_0.10,3,0.6159346744755256,0.8631859283672461,0.36868342058380527,0.13681407163275397,1587
w3_lgbm_l1_baseline_hist_gbdt_absolute_h2o_automl_0.70_0.20_0.10,4,0.6171064692167519,0.8837213274208264,0.3504916110126775,0.11627867257917353,1166
w3_lgbm_l1_baseline_hist_gbdt_absolute_h2o_automl_0.70_0.20_0.10,5,0.6291673393500546,0.8762335447601913,0.3821011339399179,0.12376645523980871,1545
w3_lgbm_l1_baseline_hist_gbdt_absolute_h2o_automl_0.70_0.20_0.10,6,0.601722098861261,0.8751964355036619,0.32824776221886026,0.12480356449633816,970
w3_lgbm_l1_baseline_hist_gbdt_absolute_h2o_automl_0.70_0.20_0.10,7,0.6091118718410151,0.8636480436414105,0.3545757000406197,0.13635195635858952,1577
w3_lgbm_l1_baseline_hist_gbdt_absolute_h2o_automl_0.70_0.20_0.10,8,0.6162787692313205,0.8682990519325406,0.36425848653010034,0.1317009480674593,689
w3_lgbm_l1_baseline_hist_gbdt_absolute_h2o_automl_0.70_0.20_0.10,9,0.6320984168326447,0.8922639396292827,0.37193289403600654,0.1077360603707173,837
w3_lgbm_l1_baseline_hist_gbdt_absolute_h2o_automl_0.70_0.20_0.10,10,0.6080363816904797,0.8757096895472889,0.34036307383367054,0.12429031045271112,895
w3_lgbm_l1_baseline_hist_gbdt_absolute_h2o_automl_0.70_0.20_0.10,11,0.61262383147084,0.8682698525416412,0.3569778104000387,0.1317301474583588,963
w3_lgbm_l1_baseline_hist_gbdt_absolute_h2o_automl_0.70_0.20_0.10,12,0.6504217243668583,0.8821732933176683,0.4186701554160484,0.11782670668233175,2038
w3_lgbm_l1_baseline_gradient_boosting_quantile_xgboost_squarederror_0.70_0.20_0.10,1,0.6201745256297614,0.8556626005339298,0.3846864507255929,0.1443373994660701,1492
w3_lgbm_l1_baseline_gradient_boosting_quantile_xgboost_squarederror_0.70_0.20_0.10,2,0.6075630209749131,0.8635126265953882,0.35161341535443796,0.13648737340461184,772
w3_lgbm_l1_baseline_gradient_boosting_quantile_xgboost_squarederror_0.70_0.20_0.10,3,0.6175673059587454,0.8641493102090113,0.37098530170847943,0.13585068979098872,1587
w3_lgbm_l1_baseline_gradient_boosting_quantile_xgboost_squarederror_0.70_0.20_0.10,4,0.6174823776544728,0.8841567512829911,0.35080800402595447,0.11584324871700889,1166
w3_lgbm_l1_baseline_gradient_boosting_quantile_xgboost_squarederror_0.70_0.20_0.10,5,0.6262740234112035,0.875613312608382,0.376934734214025,0.12438668739161791,1545
w3_lgbm_l1_baseline_gradient_boosting_quantile_xgboost_squarederror_0.70_0.20_0.10,6,0.6064940339141514,0.875752630406544,0.3372354374217587,0.12424736959345593,970
w3_lgbm_l1_baseline_gradient_boosting_quantile_xgboost_squarederror_0.70_0.20_0.10,7,0.6086988646492063,0.8651069326980805,0.3522907966003321,0.13489306730191955,1577
w3_lgbm_l1_baseline_gradient_boosting_quantile_xgboost_squarederror_0.70_0.20_0.10,8,0.6159533831138105,0.8697778369769527,0.36212892925066836,0.13022216302304732,689
w3_lgbm_l1_baseline_gradient_boosting_quantile_xgboost_squarederror_0.70_0.20_0.10,9,0.631361680187734,0.8935890302866963,0.36913433008877156,0.1064109697133037,837
w3_lgbm_l1_baseline_gradient_boosting_quantile_xgboost_squarederror_0.70_0.20_0.10,10,0.6049863217417297,0.8749285238052149,0.3350441196782446,0.12507147619478512,895
w3_lgbm_l1_baseline_gradient_boosting_quantile_xgboost_squarederror_0.70_0.20_0.10,11,0.6108272013916104,0.8692414759724619,0.3524129268107589,0.1307585240275381,963
w3_lgbm_l1_baseline_gradient_boosting_quantile_xgboost_squarederror_0.70_0.20_0.10,12,0.6559675565312444,0.8844244103833149,0.42751070267917396,0.11557558961668514,2038
w3_lgbm_l1_baseline_catboost_rmse_gradient_boosting_quantile_0.70_0.20_0.10,1,0.623904994110922,0.856070422340464,0.3917395658813801,0.1439295776595359,1492
w3_lgbm_l1_baseline_catboost_rmse_gradient_boosting_quantile_0.70_0.20_0.10,2,0.609594441916593,0.8631822285828721,0.3560066552503139,0.13681777141712795,772
w3_lgbm_l1_baseline_catboost_rmse_gradient_boosting_quantile_0.70_0.20_0.10,3,0.6180328482454006,0.8635939758868724,0.3724717206039288,0.1364060241131276,1587
w3_lgbm_l1_baseline_catboost_rmse_gradient_boosting_quantile_0.70_0.20_0.10,4,0.6201100466718019,0.884972256421695,0.3552478369219088,0.11502774357830507,1166
w3_lgbm_l1_baseline_catboost_rmse_gradient_boosting_quantile_0.70_0.20_0.10,5,0.6263421407468754,0.8763137086526748,0.37637057284107617,0.12368629134732523,1545
w3_lgbm_l1_baseline_catboost_rmse_gradient_boosting_quantile_0.70_0.20_0.10,6,0.604479926249693,0.8762537930692886,0.3327060594300975,0.12374620693071142,970
w3_lgbm_l1_baseline_catboost_rmse_gradient_boosting_quantile_0.70_0.20_0.10,7,0.6112043579680086,0.8647888528984732,0.35761986303754406,0.13521114710152682,1577
w3_lgbm_l1_baseline_catboost_rmse_gradient_boosting_quantile_0.70_0.20_0.10,8,0.612520017579596,0.8689856122204479,0.35605442293874406,0.1310143877795521,689
w3_lgbm_l1_baseline_catboost_rmse_gradient_boosting_quantile_0.70_0.20_0.10,9,0.6298487776211237,0.8943690040309038,0.3653285512113436,0.10563099596909625,837
w3_lgbm_l1_baseline_catboost_rmse_gradient_boosting_quantile_0.70_0.20_0.10,10,0.6060393354290544,0.8763521830533276,0.3357264878047812,0.12364781694667237,895
w3_lgbm_l1_baseline_catboost_rmse_gradient_boosting_quantile_0.70_0.20_0.10,11,0.6081576647574418,0.8691284017761608,0.3471869277387229,0.1308715982238392,963
w3_lgbm_l1_baseline_catboost_rmse_gradient_boosting_quantile_0.70_0.20_0.10,12,0.6514525788535193,0.8835526109459729,0.4193525467610655,0.11644738905402711,2038
w3_lgbm_l1_baseline_catboost_rmse_xgboost_squarederror_0.70_0.10_0.20,1,0.6248219351142728,0.8553924276556593,0.3942514425728863,0.14460757234434077,1492
w3_lgbm_l1_baseline_catboost_rmse_xgboost_squarederror_0.70_0.10_0.20,2,0.6104253002617478,0.8629464079633615,0.357904192560134,0.1370535920366385,772
w3_lgbm_l1_baseline_catboost_rmse_xgboost_squarederror_0.70_0.10_0.20,3,0.6153990807868864,0.862987764643586,0.3678103969301869,0.13701223535641402,1587
w3_lgbm_l1_baseline_catboost_rmse_xgboost_squarederror_0.70_0.10_0.20,4,0.6237606122579588,0.8849080925546404,0.36261313196127704,0.11509190744535963,1166
w3_lgbm_l1_baseline_catboost_rmse_xgboost_squarederror_0.70_0.10_0.20,5,0.628296028742107,0.8765737672337606,0.38001829025045347,0.12342623276623939,1545
w3_lgbm_l1_baseline_catboost_rmse_xgboost_squarederror_0.70_0.10_0.20,6,0.607394357188362,0.8760444539335627,0.33874426044316125,0.12395554606643733,970
w3_lgbm_l1_baseline_catboost_rmse_xgboost_squarederror_0.70_0.10_0.20,7,0.6109216519018092,0.8633908265207784,0.3584524772828401,0.13660917347922158,1577
w3_lgbm_l1_baseline_catboost_rmse_xgboost_squarederror_0.70_0.10_0.20,8,0.6114276754390935,0.8680311844257299,0.354824166452457,0.1319688155742701,689
w3_lgbm_l1_baseline_catboost_rmse_xgboost_squarederror_0.70_0.10_0.20,9,0.6324579092876625,0.8938550563496591,0.37106076222566603,0.10614494365034088,837
w3_lgbm_l1_baseline_catboost_rmse_xgboost_squarederror_0.70_0.10_0.20,10,0.6083105096521223,0.8771929208889457,0.3394280984152988,0.1228070791110543,895
w3_lgbm_l1_baseline_catboost_rmse_xgboost_squarederror_0.70_0.10_0.20,11,0.6054567404211356,0.8682901689517821,0.34262331189048917,0.13170983104821782,963
w3_lgbm_l1_baseline_catboost_rmse_xgboost_squarederror_0.70_0.10_0.20,12,0.6493826117837571,0.8821882402695527,0.4165769832979615,0.11781175973044734,2038
w3_lgbm_l1_baseline_catboost_rmse_gradient_boosting_quantile_0.80_0.10_0.10,1,0.6231859190504185,0.8554491660142582,0.39092267208657877,0.14455083398574173,1492
w3_lgbm_l1_baseline_catboost_rmse_gradient_boosting_quantile_0.80_0.10_0.10,2,0.6112916951134236,0.8632920888386117,0.3592913013882355,0.1367079111613883,772
w3_lgbm_l1_baseline_catboost_rmse_gradient_boosting_quantile_0.80_0.10_0.10,3,0.6174988702732308,0.863729298412702,0.3712684421337597,0.13627070158729807,1587
w3_lgbm_l1_baseline_catboost_rmse_gradient_boosting_quantile_0.80_0.10_0.10,4,0.6170989970160545,0.88436254082759,0.3498354532045189,0.11563745917240999,1166
w3_lgbm_l1_baseline_catboost_rmse_gradient_boosting_quantile_0.80_0.10_0.10,5,0.6265616282944606,0.8756183817186436,0.37750487487027756,0.12438161828135641,1545
w3_lgbm_l1_baseline_catboost_rmse_gradient_boosting_quantile_0.80_0.10_0.10,6,0.6048085704434254,0.8755537945942937,0.3340633462925571,0.12444620540570628,970
w3_lgbm_l1_baseline_catboost_rmse_gradient_boosting_quantile_0.80_0.10_0.10,7,0.6080017921198648,0.8645328218469416,0.3514707623927881,0.13546717815305845,1577
w3_lgbm_l1_baseline_catboost_rmse_gradient_boosting_quantile_0.80_0.10_0.10,8,0.6107931035375566,0.8687360654755677,0.35285014159954536,0.1312639345244323,689
w3_lgbm_l1_baseline_catboost_rmse_gradient_boosting_quantile_0.80_0.10_0.10,9,0.632443195946365,0.8935396905043905,0.37134670138833953,0.10646030949560947,837
w3_lgbm_l1_baseline_catboost_rmse_gradient_boosting_quantile_0.80_0.10_0.10,10,0.6032678740663892,0.8753121698257825,0.3312235783069957,0.12468783017421751,895
w3_lgbm_l1_baseline_catboost_rmse_gradient_boosting_quantile_0.80_0.10_0.10,11,0.6123919500538241,0.8689960862141906,0.3557878138934576,0.1310039137858094,963
w3_lgbm_l1_baseline_catboost_rmse_gradient_boosting_quantile_0.80_0.10_0.10,12,0.6535077087264014,0.8833733971446047,0.42364202030819803,0.11662660285539528,2038
w3_lgbm_l1_baseline_catboost_rmse_extra_trees_wide_0.70_0.20_0.10,1,0.6230632179710819,0.8555184730549911,0.39060796288717264,0.14448152694500893,1492
w3_lgbm_l1_baseline_catboost_rmse_extra_trees_wide_0.70_0.20_0.10,2,0.6088035890151403,0.8626911361544558,0.3549160418758249,0.13730886384554422,772
w3_lgbm_l1_baseline_catboost_rmse_extra_trees_wide_0.70_0.20_0.10,3,0.6177950624569792,0.8636811036597127,0.3719090212542457,0.13631889634028727,1587
w3_lgbm_l1_baseline_catboost_rmse_extra_trees_wide_0.70_0.20_0.10,4,0.6243096810023795,0.8856011528333309,0.3630182091714281,0.11439884716666911,1166
w3_lgbm_l1_baseline_catboost_rmse_extra_trees_wide_0.70_0.20_0.10,5,0.627925889729428,0.8769527565694121,0.37889902288944394,0.12304724343058789,1545
w3_lgbm_l1_baseline_catboost_rmse_extra_trees_wide_0.70_0.20_0.10,6,0.6041937905934232,0.8767348392442401,0.33165274194260624,0.12326516075575988,970
w3_lgbm_l1_baseline_catboost_rmse_extra_trees_wide_0.70_0.20_0.10,7,0.6132204470259779,0.8641226139888378,0.36231828006311795,0.13587738601116223,1577
w3_lgbm_l1_baseline_catboost_rmse_extra_trees_wide_0.70_0.20_0.10,8,0.6095902300822948,0.868864019189079,0.3503164409755108,0.13113598081092107,689
w3_lgbm_l1_baseline_catboost_rmse_extra_trees_wide_0.70_0.20_0.10,9,0.636189046424867,0.894560475479262,0.3778176173704719,0.10543952452073801,837
w3_lgbm_l1_baseline_catboost_rmse_extra_trees_wide_0.70_0.20_0.10,10,0.60891171833993,0.8769909516189062,0.3408324850609538,0.12300904838109379,895
w3_lgbm_l1_baseline_catboost_rmse_extra_trees_wide_0.70_0.20_0.10,11,0.6052067755123656,0.8682383163694013,0.34217523465532973,0.13176168363059867,963
w3_lgbm_l1_baseline_catboost_rmse_extra_trees_wide_0.70_0.20_0.10,12,0.648462902046737,0.8833315928673764,0.4135942112260976,0.11666840713262361,2038
w3_lgbm_l1_baseline_catboost_rmse_xgboost_squarederror_0.60_0.20_0.20,1,0.6262911972099086,0.8559103186722505,0.3966720757475665,0.14408968132774946,1492
w3_lgbm_l1_baseline_catboost_rmse_xgboost_squarederror_0.60_0.20_0.20,2,0.6088834117599684,0.8627047271413545,0.35506209637858244,0.1372952728586455,772
w3_lgbm_l1_baseline_catboost_rmse_xgboost_squarederror_0.60_0.20_0.20,3,0.6157887828582114,0.862765999820277,0.3688115658961457,0.13723400017972295,1587
w3_lgbm_l1_baseline_catboost_rmse_xgboost_squarederror_0.60_0.20_0.20,4,0.6245086962592241,0.8854530397634494,0.36356435275499877,0.1145469602365506,1166
w3_lgbm_l1_baseline_catboost_rmse_xgboost_squarederror_0.60_0.20_0.20,5,0.6303717910856707,0.8771701987701026,0.38357338340123864,0.12282980122989735,1545
w3_lgbm_l1_baseline_catboost_rmse_xgboost_squarederror_0.60_0.20_0.20,6,0.6038617973279995,0.8766514520526651,0.3310721426033339,0.12334854794733481,970
w3_lgbm_l1_baseline_catboost_rmse_xgboost_squarederror_0.60_0.20_0.20,7,0.6114584640756776,0.8634815112362699,0.35943541691508535,0.13651848876373007,1577
w3_lgbm_l1_baseline_catboost_rmse_xgboost_squarederror_0.60_0.20_0.20,8,0.6088919212199849,0.8682299749889639,0.349553867451006,0.1317700250110361,689
w3_lgbm_l1_baseline_catboost_rmse_xgboost_squarederror_0.60_0.20_0.20,9,0.6355075170533814,0.8945388173992903,0.3764762167074725,0.1054611826007097,837
w3_lgbm_l1_baseline_catboost_rmse_xgboost_squarederror_0.60_0.20_0.20,10,0.610132616292774,0.8781623764085964,0.3421028561769517,0.12183762359140356,895
w3_lgbm_l1_baseline_catboost_rmse_xgboost_squarederror_0.60_0.20_0.20,11,0.6029335170081871,0.8683125660883037,0.3375544679280706,0.13168743391169632,963
w3_lgbm_l1_baseline_catboost_rmse_xgboost_squarederror_0.60_0.20_0.20,12,0.6483577705489135,0.8822768954283278,0.4144386456694993,0.11772310457167227,2038
w3_lgbm_l1_baseline_gradient_boosting_quantile_extra_trees_wide_0.80_0.10_0.10,1,0.6222600556664801,0.8548770444220724,0.38964306691088796,0.14512295557792762,1492
w3_lgbm_l1_baseline_gradient_boosting_quantile_extra_trees_wide_0.80_0.10_0.10,2,0.6077997075841823,0.8630723868792214,0.3525270282891433,0.13692761312077856,772
w3_lgbm_l1_baseline_gradient_boosting_quantile_extra_trees_wide_0.80_0.10_0.10,3,0.6198233203796627,0.8644547635699651,0.37519187718936026,0.13554523643003488,1587
w3_lgbm_l1_baseline_gradient_boosting_quantile_extra_trees_wide_0.80_0.10_0.10,4,0.6173333951937466,0.8844658770045004,0.35020091338299286,0.11553412299549955,1166
w3_lgbm_l1_baseline_gradient_boosting_quantile_extra_trees_wide_0.80_0.10_0.10,5,0.625689936387099,0.8757983519619116,0.3755815208122865,0.12420164803808842,1545
w3_lgbm_l1_baseline_gradient_boosting_quantile_extra_trees_wide_0.80_0.10_0.10,6,0.6058575175013778,0.8758064774095514,0.3359085575932042,0.12419352259044854,970
w3_lgbm_l1_baseline_gradient_boosting_quantile_extra_trees_wide_0.80_0.10_0.10,7,0.607860239786888,0.8646567258067451,0.35106375376703086,0.1353432741932549,1577
w3_lgbm_l1_baseline_gradient_boosting_quantile_extra_trees_wide_0.80_0.10_0.10,8,0.6145244328231589,0.8695699483437646,0.3594789173025532,0.13043005165623542,689
w3_lgbm_l1_baseline_gradient_boosting_quantile_extra_trees_wide_0.80_0.10_0.10,9,0.6351678726386264,0.8935087807933186,0.3768269644839342,0.10649121920668136,837
w3_lgbm_l1_baseline_gradient_boosting_quantile_extra_trees_wide_0.80_0.10_0.10,10,0.6017181948604826,0.8747574409412713,0.32867894877969406,0.12524255905872878,895
w3_lgbm_l1_baseline_gradient_boosting_quantile_extra_trees_wide_0.80_0.10_0.10,11,0.6105304429708164,0.8685309046165741,0.3525299813250587,0.1314690953834259,963
w3_lgbm_l1_baseline_gradient_boosting_quantile_extra_trees_wide_0.80_0.10_0.10,12,0.6539667017355855,0.8841150065247775,0.42381839694639334,0.11588499347522256,2038
w2_lgbm_catboost_rmse_0.75,1,0.6259855960195345,0.8557073180212484,0.39626387401782054,0.14429268197875153,1492
w2_lgbm_catboost_rmse_0.75,2,0.6110448695306981,0.8629768834051019,0.3591128556562943,0.1370231165948981,772
w2_lgbm_catboost_rmse_0.75,3,0.6173695317989437,0.8629752715280042,0.37176379206988325,0.13702472847199576,1587
w2_lgbm_catboost_rmse_0.75,4,0.6238760698458758,0.8851460461638254,0.3626060935279263,0.1148539538361746,1166
w2_lgbm_catboost_rmse_0.75,5,0.6252031072307679,0.8764316703644861,0.37397454409704967,0.1235683296355139,1545
w2_lgbm_catboost_rmse_0.75,6,0.605463577724254,0.8761285358532447,0.33479861959526325,0.12387146414675532,970
w2_lgbm_catboost_rmse_0.75,7,0.6115361169801121,0.8639401700443101,0.3591320639159142,0.13605982995568994,1577
w2_lgbm_catboost_rmse_0.75,8,0.6055503079086173,0.8678250118319417,0.3432756039852929,0.1321749881680583,689
w2_lgbm_catboost_rmse_0.75,9,0.6332351695679554,0.8941170042378818,0.3723533348980291,0.10588299576211825,837
w2_lgbm_catboost_rmse_0.75,10,0.6076113788211467,0.8769501178182275,0.33827263982406586,0.12304988218177244,895
w2_lgbm_catboost_rmse_0.75,11,0.6065699508679804,0.8685976402908293,0.34454226144513145,0.13140235970917066,963
w2_lgbm_catboost_rmse_0.75,12,0.6493692834870197,0.8823712445003474,0.41636732247369196,0.11762875549965257,2038
w3_lgbm_l1_baseline_gradient_boosting_quantile_h2o_automl_0.60_0.20_0.20,1,0.619842531487252,0.85532116495008,0.38436389802442394,0.14467883504991996,1492
w3_lgbm_l1_baseline_gradient_boosting_quantile_h2o_automl_0.60_0.20_0.20,2,0.604637600265239,0.8643256679463986,0.3449495325840795,0.13567433205360133,772
w3_lgbm_l1_baseline_gradient_boosting_quantile_h2o_automl_0.60_0.20_0.20,3,0.6192609572074114,0.864751985315803,0.37376992909901974,0.13524801468419695,1587
w3_lgbm_l1_baseline_gradient_boosting_quantile_h2o_automl_0.60_0.20_0.20,4,0.6198155197417335,0.884329318423527,0.35530172105994,0.11567068157647298,1166
w3_lgbm_l1_baseline_gradient_boosting_quantile_h2o_automl_0.60_0.20_0.20,5,0.6282255055119157,0.8770174895388158,0.3794335214850156,0.1229825104611842,1545
w3_lgbm_l1_baseline_gradient_boosting_quantile_h2o_automl_0.60_0.20_0.20,6,0.6023599648276763,0.8763926655921244,0.32832726406322826,0.12360733440787568,970
w3_lgbm_l1_baseline_gradient_boosting_quantile_h2o_automl_0.60_0.20_0.20,7,0.6109267700512219,0.8656528488435391,0.3562006912589046,0.13434715115646095,1577
w3_lgbm_l1_baseline_gradient_boosting_quantile_h2o_automl_0.60_0.20_0.20,8,0.6163139121345818,0.8704103442711775,0.36221747999798604,0.12958965572882253,689
w3_lgbm_l1_baseline_gradient_boosting_quantile_h2o_automl_0.60_0.20_0.20,9,0.633029735230711,0.8935125282026538,0.3725469422587684,0.10648747179734619,837
w3_lgbm_l1_baseline_gradient_boosting_quantile_h2o_automl_0.60_0.20_0.20,10,0.6011565871343281,0.875169827192027,0.32714334707662907,0.12483017280797298,895
w3_lgbm_l1_baseline_gradient_boosting_quantile_h2o_automl_0.60_0.20_0.20,11,0.6134459093965361,0.8695131552330296,0.35737866356004244,0.13048684476697034,963
w3_lgbm_l1_baseline_gradient_boosting_quantile_h2o_automl_0.60_0.20_0.20,12,0.652143653443781,0.8840012542694714,0.42028605261809066,0.11599874573052864,2038
w3_lgbm_l1_baseline_hist_gbdt_absolute_xgboost_squarederror_0.80_0.10_0.10,1,0.6242938468703387,0.8546530089672486,0.3939346847734289,0.1453469910327514,1492
w3_lgbm_l1_baseline_hist_gbdt_absolute_xgboost_squarederror_0.80_0.10_0.10,2,0.6133807525608175,0.8630276874293389,0.36373381769229596,0.1369723125706611,772
w3_lgbm_l1_baseline_hist_gbdt_absolute_xgboost_squarederror_0.80_0.10_0.10,3,0.6163437076324241,0.8630147295697818,0.36967268569506645,0.13698527043021824,1587
w3_lgbm_l1_baseline_hist_gbdt_absolute_xgboost_squarederror_0.80_0.10_0.10,4,0.6185022231559574,0.8838466295589071,0.35315781675300756,0.11615337044109282,1166
w3_lgbm_l1_baseline_hist_gbdt_absolute_xgboost_squarederror_0.80_0.10_0.10,5,0.6271010807226727,0.8754705095050243,0.378731651940321,0.12452949049497579,1545
w3_lgbm_l1_baseline_hist_gbdt_absolute_xgboost_squarederror_0.80_0.10_0.10,6,0.6054576225671151,0.8750073681753784,0.33590787695885194,0.12499263182462157,970
w3_lgbm_l1_baseline_hist_gbdt_absolute_xgboost_squarederror_0.80_0.10_0.10,7,0.6077282583910686,0.8632850290689305,0.3521714877132068,0.13671497093106955,1577
w3_lgbm_l1_baseline_hist_gbdt_absolute_xgboost_squarederror_0.80_0.10_0.10,8,0.6133403554660227,0.8677484319922264,0.3589322789398191,0.1322515680077736,689
w3_lgbm_l1_baseline_hist_gbdt_absolute_xgboost_squarederror_0.80_0.10_0.10,9,0.6294059229403296,0.8925210581641564,0.36629078771650286,0.10747894183584365,837
w3_lgbm_l1_baseline_hist_gbdt_absolute_xgboost_squarederror_0.80_0.10_0.10,10,0.608346183446567,0.875626458893576,0.341065907999558,0.12437354110642396,895
w3_lgbm_l1_baseline_hist_gbdt_absolute_xgboost_squarederror_0.80_0.10_0.10,11,0.6113441858865758,0.8681118831374776,0.3545764886356739,0.13188811686252247,963
w3_lgbm_l1_baseline_hist_gbdt_absolute_xgboost_squarederror_0.80_0.10_0.10,12,0.6507824981604733,0.8821648996908472,0.4194000966300993,0.11783510030915278,2038
w3_lgbm_l1_baseline_catboost_rmse_h2o_automl_0.60_0.20_0.20,1,0.6253495561771465,0.855213589373715,0.39548552298057804,0.14478641062628492,1492
w3_lgbm_l1_baseline_catboost_rmse_h2o_automl_0.60_0.20_0.20,2,0.6075579244253444,0.8636794485748951,0.35143640027579376,0.13632055142510494,772
w3_lgbm_l1_baseline_catboost_rmse_h2o_automl_0.60_0.20_0.20,3,0.6198762177735149,0.863543224352403,0.37620921119462664,0.13645677564759692,1587
w3_lgbm_l1_baseline_catboost_rmse_h2o_automl_0.60_0.20_0.20,4,0.6232844404383787,0.8852440776917343,0.3613248031850232,0.1147559223082657,1166
w3_lgbm_l1_baseline_catboost_rmse_h2o_automl_0.60_0.20_0.20,5,0.6307522784296721,0.8779648778293181,0.383539679030026,0.12203512217068195,1545
w3_lgbm_l1_baseline_catboost_rmse_h2o_automl_0.60_0.20_0.20,6,0.5984831033743198,0.8767803259589706,0.32018588078966886,0.12321967404102946,970
w3_lgbm_l1_baseline_catboost_rmse_h2o_automl_0.60_0.20_0.20,7,0.6121182985079885,0.8642324278967816,0.3600041691191955,0.13576757210321846,1577
w3_lgbm_l1_baseline_catboost_rmse_h2o_automl_0.60_0.20_0.20,8,0.6100642929371975,0.8687868579951893,0.3513417278792057,0.1312131420048107,689
w3_lgbm_l1_baseline_catboost_rmse_h2o_automl_0.60_0.20_0.20,9,0.6350018623895105,0.8940099736647171,0.37599375111430383,0.10599002633528291,837
w3_lgbm_l1_baseline_catboost_rmse_h2o_automl_0.60_0.20_0.20,10,0.6072489792633474,0.8776320862478677,0.33686587227882714,0.12236791375213234,895
w3_lgbm_l1_baseline_catboost_rmse_h2o_automl_0.60_0.20_0.20,11,0.6092379396074068,0.8687503732377084,0.3497255059771052,0.13124962676229152,963
w3_lgbm_l1_baseline_catboost_rmse_h2o_automl_0.60_0.20_0.20,12,0.6455134958796398,0.8818402311073561,0.4091867606519235,0.1181597688926439,2038
w3_lgbm_l1_baseline_catboost_rmse_h2o_automl_0.80_0.10_0.10,1,0.6225245198491871,0.8547202440589301,0.39032879563944406,0.14527975594106993,1492
w3_lgbm_l1_baseline_catboost_rmse_h2o_automl_0.80_0.10_0.10,2,0.613685270208845,0.8632626719544094,0.3641078684632806,0.13673732804559055,772
w3_lgbm_l1_baseline_catboost_rmse_h2o_automl_0.80_0.10_0.10,3,0.6177555851914447,0.8635507893134272,0.3719603810694621,0.13644921068657279,1587
w3_lgbm_l1_baseline_catboost_rmse_h2o_automl_0.80_0.10_0.10,4,0.6192523485292241,0.8844258826820185,0.3540788143764296,0.11557411731798146,1166
w3_lgbm_l1_baseline_catboost_rmse_h2o_automl_0.80_0.10_0.10,5,0.6300412644523956,0.8764401044157333,0.383642424489058,0.12355989558426672,1545
w3_lgbm_l1_baseline_catboost_rmse_h2o_automl_0.80_0.10_0.10,6,0.6048116849175866,0.875812964626272,0.3338104052089012,0.12418703537372795,970
w3_lgbm_l1_baseline_catboost_rmse_h2o_automl_0.80_0.10_0.10,7,0.6114167726528112,0.8639488171442075,0.358884728161415,0.13605118285579257,1577
w3_lgbm_l1_baseline_catboost_rmse_h2o_automl_0.80_0.10_0.10,8,0.6133674692209271,0.8680639991192359,0.35867093932261823,0.1319360008807641,689
w3_lgbm_l1_baseline_catboost_rmse_h2o_automl_0.80_0.10_0.10,9,0.6329623788674963,0.8931356947320022,0.3727890630029905,0.10686430526799778,837
w3_lgbm_l1_baseline_catboost_rmse_h2o_automl_0.80_0.10_0.10,10,0.6055925604379663,0.8758609391955404,0.3353241816803922,0.12413906080445956,895
w3_lgbm_l1_baseline_catboost_rmse_h2o_automl_0.80_0.10_0.10,11,0.6097608524724647,0.8684720799335746,0.3510496250113548,0.13152792006642547,963
w3_lgbm_l1_baseline_catboost_rmse_h2o_automl_0.80_0.10_0.10,12,0.6470116966461631,0.8820159633018311,0.41200742999049506,0.11798403669816894,2038
w2_lgbm_catboost_rmse_0.95,1,0.6243001330136225,0.8543258034783248,0.39427446254892023,0.1456741965216752,1492
w2_lgbm_catboost_rmse_0.95,2,0.6154564250427176,0.8630711195046039,0.3678417305808312,0.13692888049539606,772
w2_lgbm_catboost_rmse_0.95,3,0.617670961517946,0.8631519324620271,0.37218999057386476,0.13684806753797285,1587
w2_lgbm_catboost_rmse_0.95,4,0.6214205356888809,0.883789197330066,0.35905187404769584,0.11621080266993405,1166
w2_lgbm_catboost_rmse_0.95,5,0.6272763780365078,0.8748126908255849,0.3797400652474307,0.12518730917441515,1545
w2_lgbm_catboost_rmse_0.95,6,0.6050182860912894,0.8746829130461711,0.3353536591364077,0.12531708695382895,970
w2_lgbm_catboost_rmse_0.95,7,0.6073434519372126,0.8633964287060316,0.3512904751683936,0.1366035712939684,1577
w2_lgbm_catboost_rmse_0.95,8,0.6127936783581499,0.8672664550714028,0.3583209016448971,0.1327335449285972,689
w2_lgbm_catboost_rmse_0.95,9,0.6315383758417373,0.892303400094126,0.3707733515893486,0.10769659990587395,837
w2_lgbm_catboost_rmse_0.95,10,0.6053280364727766,0.8747379251658477,0.33591814777970536,0.1252620748341523,895
w2_lgbm_catboost_rmse_0.95,11,0.611506621099908,0.8682630830811954,0.3547501591186206,0.13173691691880463,963
w2_lgbm_catboost_rmse_0.95,12,0.64837670210868,0.8819311535952977,0.4148222506220624,0.11806884640470224,2038
